target,scenario,feature_set,split,fold,model,route,dataset_version,run_id,n,n_total,missing_y,missing_pred,mae,rmse,smape,wape,bias_mean,bias_abs,bias_to_mae_ratio
pasajeros_por_despacho,productividad_por_despacho,calendario_ruta_lags_productividad_lags_demanda_lags_despachos,test_final,test_final,historical_average_route_day_type_slot,1,freeze_20260610_192142,multitarget_20260720_1435,1544,1919,375,0,6.85269574296502,8.845987077070992,16.961877328831378,16.09132262042134,1.9139414074916852,1.9139414074916852,0.2792975902157247
pasajeros_por_despacho,productividad_por_despacho,calendario_ruta_lags_productividad_lags_demanda_lags_despachos,test_final,test_final,historical_average_route_day_type_slot,3,freeze_20260610_192142,multitarget_20260720_1435,1583,1976,393,0,7.268321740754656,9.532672671391492,16.61467259675809,15.723754038286646,1.3151671413580894,1.3151671413580894,0.18094509135220782
pasajeros_por_despacho,productividad_por_despacho,calendario_ruta_lags_productividad_lags_demanda_lags_despachos,test_final,test_final,naive,1,freeze_20260610_192142,multitarget_20260720_1435,1394,1919,375,367,8.559648493543758,11.133361800394308,20.196518379159254,19.59134316080752,0.06139406982305115,0.06139406982305115,0.007172498948918117
pasajeros_por_despacho,productividad_por_despacho,calendario_ruta_lags_productividad_lags_demanda_lags_despachos,test_final,test_final,naive,3,freeze_20260610_192142,multitarget_20260720_1435,1443,1976,393,394,10.625080025080026,13.587387919171183,23.218373732030216,22.462499775442538,0.15874335874335868,0.15874335874335868,0.014940438883156841
pasajeros_por_despacho,productividad_por_despacho,calendario_ruta_lags_productividad_lags_demanda_lags_despachos,test_final,test_final,seasonal_naive_daily,1,freeze_20260610_192142,multitarget_20260720_1435,1292,1919,375,389,11.079024767801858,14.512589074939962,27.31054768269916,25.985524163609263,0.8398090815273478,0.8398090815273478,0.07580171532498259
pasajeros_por_despacho,productividad_por_despacho,calendario_ruta_lags_productividad_lags_demanda_lags_despachos,test_final,test_final,seasonal_naive_daily,3,freeze_20260610_192142,multitarget_20260720_1435,1336,1976,393,404,12.24679747647562,15.891363882253648,28.230147721391862,26.63360140865115,1.0815012831479898,1.0815012831479898,0.08830890567312817
pasajeros_por_despacho,productividad_por_despacho,calendario_ruta_lags_productividad_lags_demanda_lags_despachos,test_final,test_final,seasonal_naive_weekly,1,freeze_20260610_192142,multitarget_20260720_1435,1381,1919,375,360,10.176116340815835,13.73866300230837,24.752403340019562,23.54635251907851,-0.08811247888003866,0.08811247888003866,0.008658753096859205
pasajeros_por_despacho,productividad_por_despacho,calendario_ruta_lags_productividad_lags_demanda_lags_despachos,test_final,test_final,seasonal_naive_weekly,3,freeze_20260610_192142,multitarget_20260720_1435,1423,1976,393,378,11.429464913161327,15.446215700367642,25.692010173524388,24.32809937585054,-0.2561222099521467,0.2561222099521467,0.02240894144197558
pasajeros_por_despacho,productividad_por_despacho,calendario_ruta_lags_productividad_lags_demanda_lags_despachos,validation,1,historical_average_route_day_type_slot,1,freeze_20260610_192142,multitarget_20260720_1435,361,386,25,0,6.14231731796873,8.349936120214512,13.905614734514074,13.422024150617787,-1.621593733795049,1.621593733795049,0.2640035754993055
pasajeros_por_despacho,productividad_por_despacho,calendario_ruta_lags_productividad_lags_demanda_lags_despachos,validation,1,historical_average_route_day_type_slot,3,freeze_20260610_192142,multitarget_20260720_1435,373,398,25,0,6.788073185320222,9.361968793029103,15.864717559845657,14.250491336925409,-0.8477807125268539,0.8477807125268539,0.12489268889443486
pasajeros_por_despacho,productividad_por_despacho,calendario_ruta_lags_productividad_lags_demanda_lags_despachos,validation,1,naive,1,freeze_20260610_192142,multitarget_20260720_1435,342,386,25,26,8.994346978557505,11.43529470159299,20.08783765916705,19.648682025294892,0.7093567251461989,0.7093567251461989,0.07886695130144557
pasajeros_por_despacho,productividad_por_despacho,calendario_ruta_lags_productividad_lags_demanda_lags_despachos,validation,1,naive,3,freeze_20260610_192142,multitarget_20260720_1435,351,398,25,28,10.129154795821462,13.550925251879283,22.35369128609567,20.977274291726896,0.25631528964862293,0.25631528964862293,0.025304706544159006
pasajeros_por_despacho,productividad_por_despacho,calendario_ruta_lags_productividad_lags_demanda_lags_despachos,validation,1,seasonal_naive_daily,1,freeze_20260610_192142,multitarget_20260720_1435,338,386,25,34,11.164497041420116,14.151547913559488,25.470352994350737,24.415350821857093,-0.6155818540433925,0.6155818540433925,0.05513744611688221
pasajeros_por_despacho,productividad_por_despacho,calendario_ruta_lags_productividad_lags_demanda_lags_despachos,validation,1,seasonal_naive_daily,3,freeze_20260610_192142,multitarget_20260720_1435,344,398,25,37,12.190552325581393,16.50740934083828,27.792882986576682,25.479436240903926,-0.7796996124031008,0.7796996124031008,0.063959334374615
pasajeros_por_despacho,productividad_por_despacho,calendario_ruta_lags_productividad_lags_demanda_lags_despachos,validation,1,seasonal_naive_weekly,1,freeze_20260610_192142,multitarget_20260720_1435,343,386,25,32,9.086394557823128,11.605440551953375,21.03594879891058,19.678697108989574,-2.5706511175898936,2.5706511175898936,0.2829121167071306
pasajeros_por_despacho,productividad_por_despacho,calendario_ruta_lags_productividad_lags_demanda_lags_despachos,validation,1,seasonal_naive_weekly,3,freeze_20260610_192142,multitarget_20260720_1435,348,398,25,38,10.687178434592226,14.534392617409395,24.131687724844156,22.097521544559378,-2.213615216201423,2.213615216201423,0.20712812364359895
pasajeros_por_despacho,productividad_por_despacho,calendario_ruta_lags_productividad_lags_demanda_lags_despachos,validation,10,historical_average_route_day_type_slot,1,freeze_20260610_192142,multitarget_20260720_1435,360,386,26,0,7.796344327484157,11.315526556198417,16.594672552189436,16.36397745921253,-3.07069476796259,3.07069476796259,0.39386341071899383
pasajeros_por_despacho,productividad_por_despacho,calendario_ruta_lags_productividad_lags_demanda_lags_despachos,validation,10,historical_average_route_day_type_slot,3,freeze_20260610_192142,multitarget_20260720_1435,374,398,24,0,8.207581857141985,12.410991904465215,16.799682096075543,16.294558257115312,-3.297936789600163,3.297936789600163,0.4018158876759054
pasajeros_por_despacho,productividad_por_despacho,calendario_ruta_lags_productividad_lags_demanda_lags_despachos,validation,10,naive,1,freeze_20260610_192142,multitarget_20260720_1435,337,386,26,33,9.834272997032642,14.18062188664475,20.338519694213826,20.453907245667217,0.9260633036597427,0.9260633036597427,0.09416693068609847
pasajeros_por_despacho,productividad_por_despacho,calendario_ruta_lags_productividad_lags_demanda_lags_despachos,validation,10,naive,3,freeze_20260610_192142,multitarget_20260720_1435,355,398,24,31,12.650798122065726,18.125048091110504,24.6549400708965,24.884642460229085,0.7408450704225352,0.7408450704225352,0.05856113292412289
pasajeros_por_despacho,productividad_por_despacho,calendario_ruta_lags_productividad_lags_demanda_lags_despachos,validation,10,seasonal_naive_daily,1,freeze_20260610_192142,multitarget_20260720_1435,335,386,26,29,12.176119402985075,17.17211448117443,25.501636678181207,25.509666969286044,-0.26417910447761217,0.26417910447761217,0.021696494238784034
pasajeros_por_despacho,productividad_por_despacho,calendario_ruta_lags_productividad_lags_demanda_lags_despachos,validation,10,seasonal_naive_daily,3,freeze_20260610_192142,multitarget_20260720_1435,347,398,24,31,14.250041169205437,20.787979186601785,28.66355824188952,28.216438784976383,0.724543707973103,0.724543707973103,0.05084502559465255
pasajeros_por_despacho,productividad_por_despacho,calendario_ruta_lags_productividad_lags_demanda_lags_despachos,validation,10,seasonal_naive_weekly,1,freeze_20260610_192142,multitarget_20260720_1435,349,386,26,23,9.57287488061127,13.074517041221474,20.136792902928065,19.81326960066263,-2.179847182425979,2.179847182425979,0.22771081933192322
pasajeros_por_despacho,productividad_por_despacho,calendario_ruta_lags_productividad_lags_demanda_lags_despachos,validation,10,seasonal_naive_weekly,3,freeze_20260610_192142,multitarget_20260720_1435,362,398,24,24,9.839831623257037,14.17501376287551,19.747518748060834,19.266748590649073,-1.3763877926861352,1.3763877926861352,0.13987920173684268
pasajeros_por_despacho,productividad_por_despacho,calendario_ruta_lags_productividad_lags_demanda_lags_despachos,validation,11,historical_average_route_day_type_slot,1,freeze_20260610_192142,multitarget_20260720_1435,364,386,22,0,6.5390278566274915,9.158237594793428,14.905123628879835,14.18308985706356,-1.6398729254098958,1.6398729254098958,0.2507823733688239
pasajeros_por_despacho,productividad_por_despacho,calendario_ruta_lags_productividad_lags_demanda_lags_despachos,validation,11,historical_average_route_day_type_slot,3,freeze_20260610_192142,multitarget_20260720_1435,369,398,29,0,7.926084945865461,10.911733180209474,17.016914609326193,15.896437438962227,-2.4080566334288593,2.4080566334288593,0.30381413394831086
pasajeros_por_despacho,productividad_por_despacho,calendario_ruta_lags_productividad_lags_demanda_lags_despachos,validation,11,naive,1,freeze_20260610_192142,multitarget_20260720_1435,342,386,22,30,8.539522417153995,11.068576811184048,19.319939339986536,18.42587578403899,0.5947855750487329,0.5947855750487329,0.06965091793118798
pasajeros_por_despacho,productividad_por_despacho,calendario_ruta_lags_productividad_lags_demanda_lags_despachos,validation,11,naive,3,freeze_20260610_192142,multitarget_20260720_1435,348,398,29,31,11.083908045977012,14.867827664779957,23.90964913663743,22.07736475395482,0.667624521072797,0.667624521072797,0.06023367555048568
pasajeros_por_despacho,productividad_por_despacho,calendario_ruta_lags_productividad_lags_demanda_lags_despachos,validation,11,seasonal_naive_daily,1,freeze_20260610_192142,multitarget_20260720_1435,339,386,22,27,11.307571288102263,14.429792054001698,26.069744107767413,24.338973724033572,1.0189773844641103,1.0189773844641103,0.09011461068888155
pasajeros_por_despacho,productividad_por_despacho,calendario_ruta_lags_productividad_lags_demanda_lags_despachos,validation,11,seasonal_naive_daily,3,freeze_20260610_192142,multitarget_20260720_1435,346,398,29,30,12.511058353977429,16.790128957507626,26.952422631671862,25.063350852751693,1.1577552986512523,1.1577552986512523,0.0925385579616601
pasajeros_por_despacho,productividad_por_despacho,calendario_ruta_lags_productividad_lags_demanda_lags_despachos,validation,11,seasonal_naive_weekly,1,freeze_20260610_192142,multitarget_20260720_1435,347,386,22,24,10.056628242074929,13.909893489441536,21.10118943182404,21.37054671831223,2.199663784822286,2.199663784822286,0.21872776161888247
pasajeros_por_despacho,productividad_por_despacho,calendario_ruta_lags_productividad_lags_demanda_lags_despachos,validation,11,seasonal_naive_weekly,3,freeze_20260610_192142,multitarget_20260720_1435,358,398,29,22,10.664950784783187,15.169944161031706,21.602300375746825,21.15074480184539,1.9948656557595106,1.9948656557595106,0.18704874462297533
pasajeros_por_despacho,productividad_por_despacho,calendario_ruta_lags_productividad_lags_demanda_lags_despachos,validation,12,historical_average_route_day_type_slot,1,freeze_20260610_192142,multitarget_20260720_1435,351,383,32,0,6.7754078489557505,9.044514127506567,16.63075212174043,15.220617133717992,-0.6805330379834679,0.6805330379834679,0.10044163438638665
pasajeros_por_despacho,productividad_por_despacho,calendario_ruta_lags_productividad_lags_demanda_lags_despachos,validation,12,historical_average_route_day_type_slot,3,freeze_20260610_192142,multitarget_20260720_1435,354,396,42,0,6.904088181880962,8.82288980332351,16.1492028541143,14.735810924542895,-0.3856704437981967,0.3856704437981967,0.05586117002536952
pasajeros_por_despacho,productividad_por_despacho,calendario_ruta_lags_productividad_lags_demanda_lags_despachos,validation,12,naive,1,freeze_20260610_192142,multitarget_20260720_1435,332,383,32,37,9.247991967871485,11.860108079381844,21.942610292971708,20.66708624598791,0.5542168674698795,0.5542168674698795,0.05992834654217784
pasajeros_por_despacho,productividad_por_despacho,calendario_ruta_lags_productividad_lags_demanda_lags_despachos,validation,12,naive,3,freeze_20260610_192142,multitarget_20260720_1435,332,396,42,44,9.95602409638554,12.59000381722756,22.19493590356243,21.058779057173556,0.68785140562249,0.68785140562249,0.06908896553115107
pasajeros_por_despacho,productividad_por_despacho,calendario_ruta_lags_productividad_lags_demanda_lags_despachos,validation,12,seasonal_naive_daily,1,freeze_20260610_192142,multitarget_20260720_1435,322,383,32,33,11.655745341614907,15.456624983032826,27.87227922895473,26.12619615559536,0.29032091097308477,0.29032091097308477,0.024907966197283162
pasajeros_por_despacho,productividad_por_despacho,calendario_ruta_lags_productividad_lags_demanda_lags_despachos,validation,12,seasonal_naive_daily,3,freeze_20260610_192142,multitarget_20260720_1435,327,396,42,41,11.557390417940878,15.098270125690268,26.97629565913802,24.711749294902813,1.062079510703364,1.062079510703364,0.09189613505265572
pasajeros_por_despacho,productividad_por_despacho,calendario_ruta_lags_productividad_lags_demanda_lags_despachos,validation,12,seasonal_naive_weekly,1,freeze_20260610_192142,multitarget_20260720_1435,334,383,32,28,10.859830339321356,14.78344823836331,27.059515992133655,24.155188297057613,-1.238373253493014,1.238373253493014,0.11403246780100264
pasajeros_por_despacho,productividad_por_despacho,calendario_ruta_lags_productividad_lags_demanda_lags_despachos,validation,12,seasonal_naive_weekly,3,freeze_20260610_192142,multitarget_20260720_1435,333,396,42,34,11.073294723294723,15.042393400934579,24.99717984083723,23.28474498446366,-0.03741598741598765,0.03741598741598765,0.003378939001530972
pasajeros_por_despacho,productividad_por_despacho,calendario_ruta_lags_productividad_lags_demanda_lags_despachos,validation,13,historical_average_route_day_type_slot,1,freeze_20260610_192142,multitarget_20260720_1435,366,386,20,0,6.958155598818503,10.04582184782408,17.141514589443183,16.059087870331606,1.2586854850632936,1.2586854850632936,0.18089355249213152
pasajeros_por_despacho,productividad_por_despacho,calendario_ruta_lags_productividad_lags_demanda_lags_despachos,validation,13,historical_average_route_day_type_slot,3,freeze_20260610_192142,multitarget_20260720_1435,373,398,25,0,6.620080400496938,8.600909576325721,14.859199550345387,13.890682029054663,-0.23940665402454822,0.23940665402454822,0.036163707922123894
pasajeros_por_despacho,productividad_por_despacho,calendario_ruta_lags_productividad_lags_demanda_lags_despachos,validation,13,naive,1,freeze_20260610_192142,multitarget_20260720_1435,349,386,20,25,9.997421203438396,13.967590060951558,24.02549239962333,23.113434091503787,1.0038204393505255,1.0038204393505255,0.1004079370993475
pasajeros_por_despacho,productividad_por_despacho,calendario_ruta_lags_productividad_lags_demanda_lags_despachos,validation,13,naive,3,freeze_20260610_192142,multitarget_20260720_1435,351,398,25,29,9.935897435897436,12.778789739161738,21.275396798391043,20.66043137034199,0.7364672364672364,0.7364672364672364,0.07412186379928315
pasajeros_por_despacho,productividad_por_despacho,calendario_ruta_lags_productividad_lags_demanda_lags_despachos,validation,13,seasonal_naive_daily,1,freeze_20260610_192142,multitarget_20260720_1435,344,386,20,25,12.189631782945737,16.448710954183113,28.77866731475659,27.806371966618297,0.49874031007751946,0.49874031007751946,0.0409151251619673
pasajeros_por_despacho,productividad_por_despacho,calendario_ruta_lags_productividad_lags_demanda_lags_despachos,validation,13,seasonal_naive_daily,3,freeze_20260610_192142,multitarget_20260720_1435,346,398,25,33,11.398616845582165,15.153863064231103,25.377326848244742,23.846537117210527,0.6094894026974953,0.6094894026974953,0.05347047022935235
pasajeros_por_despacho,productividad_por_despacho,calendario_ruta_lags_productividad_lags_demanda_lags_despachos,validation,13,seasonal_naive_weekly,1,freeze_20260610_192142,multitarget_20260720_1435,350,386,20,31,9.206904761904763,12.445472402979862,21.438492976569698,20.905484439148708,1.8844285714285716,1.8844285714285716,0.20467557992190125
pasajeros_por_despacho,productividad_por_despacho,calendario_ruta_lags_productividad_lags_demanda_lags_despachos,validation,13,seasonal_naive_weekly,3,freeze_20260610_192142,multitarget_20260720_1435,347,398,25,41,9.218395773294908,12.20229967539631,19.617812467133046,18.915109952808276,0.9575339645944834,0.9575339645944834,0.10387208231701191
pasajeros_por_despacho,productividad_por_despacho,calendario_ruta_lags_productividad_lags_demanda_lags_despachos,validation,14,historical_average_route_day_type_slot,1,freeze_20260610_192142,multitarget_20260720_1435,338,382,44,0,8.625913458225865,11.297120286893897,24.239027380759644,22.25566398388085,4.825669678442402,4.825669678442402,0.5594386845883013
pasajeros_por_despacho,productividad_por_despacho,calendario_ruta_lags_productividad_lags_demanda_lags_despachos,validation,14,historical_average_route_day_type_slot,3,freeze_20260610_192142,multitarget_20260720_1435,347,392,45,0,8.368105071946719,10.624410402276707,21.812109890671426,19.910359101011263,3.508486795315599,3.508486795315599,0.41926897011337366
pasajeros_por_despacho,productividad_por_despacho,calendario_ruta_lags_productividad_lags_demanda_lags_despachos,validation,14,naive,1,freeze_20260610_192142,multitarget_20260720_1435,316,382,44,46,8.67120253164557,11.464774675871091,24.518116487579448,22.27186396776929,0.6756329113924051,0.6756329113924051,0.0779168643480165
pasajeros_por_despacho,productividad_por_despacho,calendario_ruta_lags_productividad_lags_demanda_lags_despachos,validation,14,naive,3,freeze_20260610_192142,multitarget_20260720_1435,323,392,45,48,10.178070175438595,13.081543532250262,25.70951227583238,24.06008447429744,0.9264705882352942,0.9264705882352942,0.09102615449351335
pasajeros_por_despacho,productividad_por_despacho,calendario_ruta_lags_productividad_lags_demanda_lags_despachos,validation,14,seasonal_naive_daily,1,freeze_20260610_192142,multitarget_20260720_1435,303,382,44,49,12.32073707370737,16.44916508782564,34.05935889691196,32.010466699916975,0.8053355335533555,0.8053355335533555,0.06536423338437707
pasajeros_por_despacho,productividad_por_despacho,calendario_ruta_lags_productividad_lags_demanda_lags_despachos,validation,14,seasonal_naive_daily,3,freeze_20260610_192142,multitarget_20260720_1435,313,392,45,46,12.113684771033014,15.790151052223699,31.905777894829594,28.914212505703535,0.4470181043663473,0.4470181043663473,0.036901909932086426
pasajeros_por_despacho,productividad_por_despacho,calendario_ruta_lags_productividad_lags_demanda_lags_despachos,validation,14,seasonal_naive_weekly,1,freeze_20260610_192142,multitarget_20260720_1435,317,382,44,35,14.106677181913778,18.926448737008275,38.507521494274876,36.323846759934916,-0.3792323869610944,0.3792323869610944,0.0268831831954948
pasajeros_por_despacho,productividad_por_despacho,calendario_ruta_lags_productividad_lags_demanda_lags_despachos,validation,14,seasonal_naive_weekly,3,freeze_20260610_192142,multitarget_20260720_1435,321,392,45,40,14.356297285269248,18.46450870481958,37.17704174445575,34.27068321773824,0.10707610146862499,0.10707610146862499,0.007458476189295269
pasajeros_por_despacho,productividad_por_despacho,calendario_ruta_lags_productividad_lags_demanda_lags_despachos,validation,15,historical_average_route_day_type_slot,1,freeze_20260610_192142,multitarget_20260720_1435,349,384,35,0,6.372620573005277,8.410989525434331,15.780869166595307,14.84121142949793,0.7411480682403857,0.7411480682403857,0.11630192944170002
pasajeros_por_despacho,productividad_por_despacho,calendario_ruta_lags_productividad_lags_demanda_lags_despachos,validation,15,historical_average_route_day_type_slot,3,freeze_20260610_192142,multitarget_20260720_1435,349,395,46,0,6.630572522803046,8.326623654822798,15.861868944549599,14.565150291944173,0.9834017756685408,0.9834017756685408,0.14831325233025458
pasajeros_por_despacho,productividad_por_despacho,calendario_ruta_lags_productividad_lags_demanda_lags_despachos,validation,15,naive,1,freeze_20260610_192142,multitarget_20260720_1435,323,384,35,42,9.236429308565532,12.141778338355147,21.824709644195103,21.31798455594777,0.7905056759545923,0.7905056759545923,0.08558563591468252
pasajeros_por_despacho,productividad_por_despacho,calendario_ruta_lags_productividad_lags_demanda_lags_despachos,validation,15,naive,3,freeze_20260610_192142,multitarget_20260720_1435,327,395,46,51,9.091364496869083,11.459672387852216,20.760260385267554,19.744599564027613,0.5251638269986895,0.5251638269986895,0.05776512724570083
pasajeros_por_despacho,productividad_por_despacho,calendario_ruta_lags_productividad_lags_demanda_lags_despachos,validation,15,seasonal_naive_daily,1,freeze_20260610_192142,multitarget_20260720_1435,312,384,35,40,10.283279914529913,13.467953581830322,25.459793071713317,24.186802127400266,0.5453525641025642,0.5453525641025642,0.05303293974639357
pasajeros_por_despacho,productividad_por_despacho,calendario_ruta_lags_productividad_lags_demanda_lags_despachos,validation,15,seasonal_naive_daily,3,freeze_20260610_192142,multitarget_20260720_1435,305,395,46,47,11.935995316159252,15.396114927970737,28.30880419729799,26.274135802310028,0.1555581576893052,0.1555581576893052,0.013032692588167041
pasajeros_por_despacho,productividad_por_despacho,calendario_ruta_lags_productividad_lags_demanda_lags_despachos,validation,15,seasonal_naive_weekly,1,freeze_20260610_192142,multitarget_20260720_1435,317,384,35,43,10.370189274447949,13.842742008328706,24.70174320501429,23.68561362047971,0.07502628811777094,0.07502628811777094,0.007234804122875079
pasajeros_por_despacho,productividad_por_despacho,calendario_ruta_lags_productividad_lags_demanda_lags_despachos,validation,15,seasonal_naive_weekly,3,freeze_20260610_192142,multitarget_20260720_1435,316,395,46,52,9.920961422543703,13.365275181270569,23.201897722298984,21.482273791759763,0.5642103676913803,0.5642103676913803,0.05687053337485094
pasajeros_por_despacho,productividad_por_despacho,calendario_ruta_lags_productividad_lags_demanda_lags_despachos,validation,16,historical_average_route_day_type_slot,1,freeze_20260610_192142,multitarget_20260720_1435,362,386,24,0,6.466764626315678,8.125908625992452,16.339790933295735,15.550390833447905,2.9682473198067894,2.9682473198067894,0.45900036437508235
pasajeros_por_despacho,productividad_por_despacho,calendario_ruta_lags_productividad_lags_demanda_lags_despachos,validation,16,historical_average_route_day_type_slot,3,freeze_20260610_192142,multitarget_20260720_1435,362,398,36,0,6.936685700891018,8.842182861023726,16.38328519216472,15.590299826195638,3.067130567377261,3.067130567377261,0.4421608098783094
pasajeros_por_despacho,productividad_por_despacho,calendario_ruta_lags_productividad_lags_demanda_lags_despachos,validation,16,naive,1,freeze_20260610_192142,multitarget_20260720_1435,343,386,24,28,8.164771622934888,10.667738155306314,20.15529754418869,19.548376213549876,0.5498056365403303,0.5498056365403303,0.06733876487076788
pasajeros_por_despacho,productividad_por_despacho,calendario_ruta_lags_productividad_lags_demanda_lags_despachos,validation,16,naive,3,freeze_20260610_192142,multitarget_20260720_1435,342,398,36,39,8.905346700083543,11.42595468192095,20.77008567938467,19.884733078963666,0.8384990253411305,0.8384990253411305,0.09415680866565974
pasajeros_por_despacho,productividad_por_despacho,calendario_ruta_lags_productividad_lags_demanda_lags_despachos,validation,16,seasonal_naive_daily,1,freeze_20260610_192142,multitarget_20260720_1435,341,386,24,28,10.199169110459433,13.411623734257999,24.888955812591963,24.28458378428703,0.1926197458455524,0.1926197458455524,0.01888582724332096
pasajeros_por_despacho,productividad_por_despacho,calendario_ruta_lags_productividad_lags_demanda_lags_despachos,validation,16,seasonal_naive_daily,3,freeze_20260610_192142,multitarget_20260720_1435,339,398,36,37,9.966786065458633,13.105390422218766,23.518417694283787,22.370325600429542,0.7543966849276583,0.7543966849276583,0.07569106831159257
pasajeros_por_despacho,productividad_por_despacho,calendario_ruta_lags_productividad_lags_demanda_lags_despachos,validation,16,seasonal_naive_weekly,1,freeze_20260610_192142,multitarget_20260720_1435,353,386,24,22,7.8783758262511805,10.51795720043246,19.01911110841035,18.75919753121118,0.8460812086874411,0.8460812086874411,0.10739284686930675
pasajeros_por_despacho,productividad_por_despacho,calendario_ruta_lags_productividad_lags_demanda_lags_despachos,validation,16,seasonal_naive_weekly,3,freeze_20260610_192142,multitarget_20260720_1435,350,398,36,32,8.447523809523808,10.817704838165186,19.83104324429034,18.761931252716757,0.36088435374149663,0.36088435374149663,0.042720726437566546
pasajeros_por_despacho,productividad_por_despacho,calendario_ruta_lags_productividad_lags_demanda_lags_despachos,validation,17,historical_average_route_day_type_slot,1,freeze_20260610_192142,multitarget_20260720_1435,349,383,34,0,6.948761613672362,8.6314368682858,18.399226954036063,17.555867560419927,3.9894569055189857,3.9894569055189857,0.5741248768225611
pasajeros_por_despacho,productividad_por_despacho,calendario_ruta_lags_productividad_lags_demanda_lags_despachos,validation,17,historical_average_route_day_type_slot,3,freeze_20260610_192142,multitarget_20260720_1435,353,396,43,0,7.212295012835154,9.072898803319388,17.880961123631547,16.6883111435776,2.795730738925225,2.795730738925225,0.3876339963839364
pasajeros_por_despacho,productividad_por_despacho,calendario_ruta_lags_productividad_lags_demanda_lags_despachos,validation,17,naive,1,freeze_20260610_192142,multitarget_20260720_1435,329,383,34,33,7.712006079027356,10.15634863498723,20.68903976350727,19.368616314752895,0.3123100303951367,0.3123100303951367,0.04049660065031037
pasajeros_por_despacho,productividad_por_despacho,calendario_ruta_lags_productividad_lags_demanda_lags_despachos,validation,17,naive,3,freeze_20260610_192142,multitarget_20260720_1435,331,396,43,47,8.814451158106746,11.012618440481534,21.215858188322244,20.111261574497675,0.46107754279959723,0.46107754279959723,0.05230927422809976
pasajeros_por_despacho,productividad_por_despacho,calendario_ruta_lags_productividad_lags_demanda_lags_despachos,validation,17,seasonal_naive_daily,1,freeze_20260610_192142,multitarget_20260720_1435,324,383,34,36,10.381378600823044,13.249739754671769,27.39704288984451,26.2493935614106,0.23539094650205758,0.23539094650205758,0.02267434370261726
pasajeros_por_despacho,productividad_por_despacho,calendario_ruta_lags_productividad_lags_demanda_lags_despachos,validation,17,seasonal_naive_daily,3,freeze_20260610_192142,multitarget_20260720_1435,329,396,43,42,12.895129541178173,16.71731821540268,31.822443236752367,29.889137464277187,0.1891228831958314,0.1891228831958314,0.014666225925990352
pasajeros_por_despacho,productividad_por_despacho,calendario_ruta_lags_productividad_lags_demanda_lags_despachos,validation,17,seasonal_naive_weekly,1,freeze_20260610_192142,multitarget_20260720_1435,328,383,34,34,9.706961382113821,12.539905779470377,25.537164585074336,24.27532870868665,-0.4491361788617881,0.4491361788617881,0.04626949270544874
pasajeros_por_despacho,productividad_por_despacho,calendario_ruta_lags_productividad_lags_demanda_lags_despachos,validation,17,seasonal_naive_weekly,3,freeze_20260610_192142,multitarget_20260720_1435,334,396,43,43,11.676760764185914,15.870186133803594,28.820035929593875,26.711378707879845,-0.7660250926717995,0.7660250926717995,0.06560253379698369
pasajeros_por_despacho,productividad_por_despacho,calendario_ruta_lags_productividad_lags_demanda_lags_despachos,validation,18,historical_average_route_day_type_slot,1,freeze_20260610_192142,multitarget_20260720_1435,335,383,48,0,7.419051580783881,9.530323828037822,18.788900837456403,17.859291004631924,2.5020473800722396,2.5020473800722396,0.33724625753415755
pasajeros_por_despacho,productividad_por_despacho,calendario_ruta_lags_productividad_lags_demanda_lags_despachos,validation,18,historical_average_route_day_type_slot,3,freeze_20260610_192142,multitarget_20260720_1435,324,396,72,0,7.495555688754082,9.714813603589478,17.654563891533666,16.481644018179914,1.9112961610645074,1.9112961610645074,0.25499058914766126
pasajeros_por_despacho,productividad_por_despacho,calendario_ruta_lags_productividad_lags_demanda_lags_despachos,validation,18,naive,1,freeze_20260610_192142,multitarget_20260720_1435,314,383,48,48,9.500159235668791,12.491454793261182,23.430123674152377,22.6594318399054,0.13455414012738867,0.13455414012738867,0.014163356296408051
pasajeros_por_despacho,productividad_por_despacho,calendario_ruta_lags_productividad_lags_demanda_lags_despachos,validation,18,naive,3,freeze_20260610_192142,multitarget_20260720_1435,300,396,72,74,10.179706349206349,12.815160199290702,23.2343998826365,21.966860370224925,0.29859523809523825,0.29859523809523825,0.029332401923216376
pasajeros_por_despacho,productividad_por_despacho,calendario_ruta_lags_productividad_lags_demanda_lags_despachos,validation,18,seasonal_naive_daily,1,freeze_20260610_192142,multitarget_20260720_1435,319,383,48,33,10.535423197492163,13.755293905056691,25.895802971339137,25.203857672097875,1.0080459770114945,1.0080459770114945,0.09568158374990084
pasajeros_por_despacho,productividad_por_despacho,calendario_ruta_lags_productividad_lags_demanda_lags_despachos,validation,18,seasonal_naive_daily,3,freeze_20260610_192142,multitarget_20260720_1435,308,396,72,50,10.817795299938158,14.216786071884915,24.84388624173212,23.744654063505614,1.7326530612244897,1.7326530612244897,0.16016692987658906
pasajeros_por_despacho,productividad_por_despacho,calendario_ruta_lags_productividad_lags_demanda_lags_despachos,validation,18,seasonal_naive_weekly,1,freeze_20260610_192142,multitarget_20260720_1435,326,383,48,28,9.127402862985685,11.570409291189494,23.043352929456017,21.812415087331765,0.32290388548057275,0.32290388548057275,0.03537741133242222
pasajeros_por_despacho,productividad_por_despacho,calendario_ruta_lags_productividad_lags_demanda_lags_despachos,validation,18,seasonal_naive_weekly,3,freeze_20260610_192142,multitarget_20260720_1435,311,396,72,44,10.040950849793294,13.21226252649563,23.16008432942585,21.829774400248734,0.7382866329811667,0.7382866329811667,0.07352756168469496
pasajeros_por_despacho,productividad_por_despacho,calendario_ruta_lags_productividad_lags_demanda_lags_despachos,validation,19,historical_average_route_day_type_slot,1,freeze_20260610_192142,multitarget_20260720_1435,347,383,36,0,6.497232803586347,8.491760324047045,15.961107758603232,15.369259860622208,1.0330298407376262,1.0330298407376262,0.15899535571011303
pasajeros_por_despacho,productividad_por_despacho,calendario_ruta_lags_productividad_lags_demanda_lags_despachos,validation,19,historical_average_route_day_type_slot,3,freeze_20260610_192142,multitarget_20260720_1435,352,396,44,0,6.908226039358639,8.963940638246523,16.288775243829583,14.810551223643714,-0.7214443103416212,0.7214443103416212,0.10443264395682689
pasajeros_por_despacho,productividad_por_despacho,calendario_ruta_lags_productividad_lags_demanda_lags_despachos,validation,19,naive,1,freeze_20260610_192142,multitarget_20260720_1435,323,383,36,38,9.240660474716202,12.008999248542585,22.325289827323612,21.81479762561683,0.7554179566563468,0.7554179566563468,0.08174934667530322
pasajeros_por_despacho,productividad_por_despacho,calendario_ruta_lags_productividad_lags_demanda_lags_despachos,validation,19,naive,3,freeze_20260610_192142,multitarget_20260720_1435,328,396,44,46,9.428651277584205,12.179802519554219,22.24399348359952,19.93573524104196,0.09350319396051099,0.09350319396051099,0.009916921435285943
pasajeros_por_despacho,productividad_por_despacho,calendario_ruta_lags_productividad_lags_demanda_lags_despachos,validation,19,seasonal_naive_daily,1,freeze_20260610_192142,multitarget_20260720_1435,301,383,36,58,11.538815060908084,15.325248091019946,28.234842585104886,27.406453683197174,0.00027685492801784463,0.00027685492801784463,2.3993358638339826e-05
pasajeros_por_despacho,productividad_por_despacho,calendario_ruta_lags_productividad_lags_demanda_lags_despachos,validation,19,seasonal_naive_daily,3,freeze_20260610_192142,multitarget_20260720_1435,306,396,44,67,12.97402738873327,17.122231847257073,30.372347651159785,27.887016092689908,0.06129007158418919,0.06129007158418919,0.00472405905643562
pasajeros_por_despacho,productividad_por_despacho,calendario_ruta_lags_productividad_lags_demanda_lags_despachos,validation,19,seasonal_naive_weekly,1,freeze_20260610_192142,multitarget_20260720_1435,310,383,36,56,9.672741935483872,12.581643588035075,23.531669280709355,22.262217349663555,-1.5210215053763445,1.5210215053763445,0.157248225531229
pasajeros_por_despacho,productividad_por_despacho,calendario_ruta_lags_productividad_lags_demanda_lags_despachos,validation,19,seasonal_naive_weekly,3,freeze_20260610_192142,multitarget_20260720_1435,310,396,44,70,10.62744623655914,13.839453013705594,24.7759900776584,21.72441514976171,-3.5341129032258065,3.5341129032258065,0.3325458275261104
pasajeros_por_despacho,productividad_por_despacho,calendario_ruta_lags_productividad_lags_demanda_lags_despachos,validation,2,historical_average_route_day_type_slot,1,freeze_20260610_192142,multitarget_20260720_1435,349,380,31,0,7.02108429396349,9.18353060473824,17.167886489532133,16.1763803092171,-1.1428854926554373,1.1428854926554373,0.16277905873285906
pasajeros_por_despacho,productividad_por_despacho,calendario_ruta_lags_productividad_lags_demanda_lags_despachos,validation,2,historical_average_route_day_type_slot,3,freeze_20260610_192142,multitarget_20260720_1435,356,394,38,0,7.042331198445924,9.674509927969455,16.400001731610622,15.406082211348254,-1.1632497056962987,1.1632497056962987,0.1651796362478664
pasajeros_por_despacho,productividad_por_despacho,calendario_ruta_lags_productividad_lags_demanda_lags_despachos,validation,2,naive,1,freeze_20260610_192142,multitarget_20260720_1435,330,380,31,33,8.912626262626262,11.858205793035184,21.80515232256582,20.440541667983545,0.25616161616161615,0.25616161616161615,0.02874142913809713
pasajeros_por_despacho,productividad_por_despacho,calendario_ruta_lags_productividad_lags_demanda_lags_despachos,validation,2,naive,3,freeze_20260610_192142,multitarget_20260720_1435,336,394,38,40,9.424553571428572,12.629677114261513,21.269770064727847,20.45705925303039,0.21304563492063502,0.21304563492063502,0.022605382133590188
pasajeros_por_despacho,productividad_por_despacho,calendario_ruta_lags_productividad_lags_demanda_lags_despachos,validation,2,seasonal_naive_daily,1,freeze_20260610_192142,multitarget_20260720_1435,335,380,31,27,11.701769722814499,15.685612023790119,28.08479241914205,26.849421268758395,1.6163681592039802,1.6163681592039802,0.13813023136599656
pasajeros_por_despacho,productividad_por_despacho,calendario_ruta_lags_productividad_lags_demanda_lags_despachos,validation,2,seasonal_naive_daily,3,freeze_20260610_192142,multitarget_20260720_1435,339,394,38,36,12.607929484478156,16.323126174439636,28.68735537917023,27.70447074714319,2.3397738446411016,2.3397738446411016,0.1855795471827185
pasajeros_por_despacho,productividad_por_despacho,calendario_ruta_lags_productividad_lags_demanda_lags_despachos,validation,2,seasonal_naive_weekly,1,freeze_20260610_192142,multitarget_20260720_1435,330,380,31,32,10.60968253968254,13.724770182667207,25.411823702478987,23.99351776146087,0.8322077922077921,0.8322077922077921,0.07843851963479137
pasajeros_por_despacho,productividad_por_despacho,calendario_ruta_lags_productividad_lags_demanda_lags_despachos,validation,2,seasonal_naive_weekly,3,freeze_20260610_192142,multitarget_20260720_1435,336,394,38,34,10.585374149659865,14.309578534442842,23.9989640051404,22.71493922744682,0.7057114512471655,0.7057114512471655,0.06666854107087389
pasajeros_por_despacho,productividad_por_despacho,calendario_ruta_lags_productividad_lags_demanda_lags_despachos,validation,20,historical_average_route_day_type_slot,1,freeze_20260610_192142,multitarget_20260720_1435,338,387,49,0,6.793715019194186,8.780146640626837,15.874777330845143,15.517700352559347,1.0393638115248258,1.0393638115248258,0.15298902126278863
pasajeros_por_despacho,productividad_por_despacho,calendario_ruta_lags_productividad_lags_demanda_lags_despachos,validation,20,historical_average_route_day_type_slot,3,freeze_20260610_192142,multitarget_20260720_1435,354,398,44,0,7.256388049270371,9.210906143174785,16.431416550277213,15.667703336017308,1.3739388991417816,1.3739388991417816,0.18934198251428008
pasajeros_por_despacho,productividad_por_despacho,calendario_ruta_lags_productividad_lags_demanda_lags_despachos,validation,20,naive,1,freeze_20260610_192142,multitarget_20260720_1435,310,387,49,52,8.586827956989247,11.603773602925774,19.512159338949804,19.357469924201474,0.15833333333333346,0.15833333333333346,0.01843909463732275
pasajeros_por_despacho,productividad_por_despacho,calendario_ruta_lags_productividad_lags_demanda_lags_despachos,validation,20,naive,3,freeze_20260610_192142,multitarget_20260720_1435,326,398,44,46,9.891002044989774,13.037613614688514,21.81319099900937,20.990210542842842,0.5322085889570553,0.5322085889570553,0.05380734798519653
pasajeros_por_despacho,productividad_por_despacho,calendario_ruta_lags_productividad_lags_demanda_lags_despachos,validation,20,seasonal_naive_daily,1,freeze_20260610_192142,multitarget_20260720_1435,299,387,49,51,9.108472686733556,12.721823961415268,21.020189027267907,20.754264057195332,-0.09799331103678934,0.09799331103678934,0.010758478880824453
pasajeros_por_despacho,productividad_por_despacho,calendario_ruta_lags_productividad_lags_demanda_lags_despachos,validation,20,seasonal_naive_daily,3,freeze_20260610_192142,multitarget_20260720_1435,316,398,44,46,10.975143158529235,14.333604711799765,25.120285051465828,23.590020234070003,-0.0459538878842679,0.0459538878842679,0.004187087787420362
pasajeros_por_despacho,productividad_por_despacho,calendario_ruta_lags_productividad_lags_demanda_lags_despachos,validation,20,seasonal_naive_weekly,1,freeze_20260610_192142,multitarget_20260720_1435,321,387,49,42,8.85067497403946,11.565496437999975,20.079150774188435,19.96984560810771,-0.38203530633437166,0.38203530633437166,0.04316453914022901
pasajeros_por_despacho,productividad_por_despacho,calendario_ruta_lags_productividad_lags_demanda_lags_despachos,validation,20,seasonal_naive_weekly,3,freeze_20260610_192142,multitarget_20260720_1435,333,398,44,42,9.48373015873016,12.078684989720976,20.80313354237309,20.05861998723345,1.396936221936222,1.396936221936222,0.14729818315742413
pasajeros_por_despacho,productividad_por_despacho,calendario_ruta_lags_productividad_lags_demanda_lags_despachos,validation,21,historical_average_route_day_type_slot,1,freeze_20260610_192142,multitarget_20260720_1435,345,386,41,0,6.932275508792544,8.727097350963858,17.07216763421671,16.40238884028499,2.48250312079999,2.48250312079999,0.3581079715673894
pasajeros_por_despacho,productividad_por_despacho,calendario_ruta_lags_productividad_lags_demanda_lags_despachos,validation,21,historical_average_route_day_type_slot,3,freeze_20260610_192142,multitarget_20260720_1435,347,398,51,0,6.960847467423484,9.171992368366954,15.827690253322976,15.432135002211417,2.89732633028676,2.89732633028676,0.4162318372649513
pasajeros_por_despacho,productividad_por_despacho,calendario_ruta_lags_productividad_lags_demanda_lags_despachos,validation,21,naive,1,freeze_20260610_192142,multitarget_20260720_1435,321,386,41,42,8.379283489096574,10.56724028075748,20.157835766717156,19.58066308665552,0.44314641744548294,0.44314641744548294,0.05288595594386096
pasajeros_por_despacho,productividad_por_despacho,calendario_ruta_lags_productividad_lags_demanda_lags_despachos,validation,21,naive,3,freeze_20260610_192142,multitarget_20260720_1435,316,398,51,51,9.126424050632913,11.706328834698239,20.388922382948152,20.067128498498725,0.5406118143459915,0.5406118143459915,0.05923588596658516
pasajeros_por_despacho,productividad_por_despacho,calendario_ruta_lags_productividad_lags_demanda_lags_despachos,validation,21,seasonal_naive_daily,1,freeze_20260610_192142,multitarget_20260720_1435,311,386,41,44,9.954233654876742,13.195709012190482,24.014201730420215,23.633159659268028,0.41082529474812435,0.41082529474812435,0.04127141365089962
pasajeros_por_despacho,productividad_por_despacho,calendario_ruta_lags_productividad_lags_demanda_lags_despachos,validation,21,seasonal_naive_daily,3,freeze_20260610_192142,multitarget_20260720_1435,309,398,51,53,10.113430420711975,12.920489787256585,23.063585822081162,22.551494547393595,0.5718985976267529,0.5718985976267529,0.05654842855847639
pasajeros_por_despacho,productividad_por_despacho,calendario_ruta_lags_productividad_lags_demanda_lags_despachos,validation,21,seasonal_naive_weekly,1,freeze_20260610_192142,multitarget_20260720_1435,328,386,41,45,8.951676829268292,11.644113763270191,21.245196914557315,20.868876092639997,0.03318089430894272,0.03318089430894272,0.0037066680289948445
pasajeros_por_despacho,productividad_por_despacho,calendario_ruta_lags_productividad_lags_demanda_lags_despachos,validation,21,seasonal_naive_weekly,3,freeze_20260610_192142,multitarget_20260720_1435,327,398,51,48,9.060208242318334,11.747700795922308,20.06616281246918,19.721216677043717,0.20957477792340162,0.20957477792340162,0.023131342273626974
pasajeros_por_despacho,productividad_por_despacho,calendario_ruta_lags_productividad_lags_demanda_lags_despachos,validation,22,historical_average_route_day_type_slot,1,freeze_20260610_192142,multitarget_20260720_1435,336,381,45,0,7.356994782310179,9.640148567363894,19.755325485678398,18.1362760715895,2.1441559413787648,2.1441559413787648,0.29144453745357635
pasajeros_por_despacho,productividad_por_despacho,calendario_ruta_lags_productividad_lags_demanda_lags_despachos,validation,22,historical_average_route_day_type_slot,3,freeze_20260610_192142,multitarget_20260720_1435,347,393,46,0,7.066015669156478,9.706065657781359,16.94769171140955,16.136854473606054,1.1103916155419795,1.1103916155419795,0.15714536558260067
pasajeros_por_despacho,productividad_por_despacho,calendario_ruta_lags_productividad_lags_demanda_lags_despachos,validation,22,naive,1,freeze_20260610_192142,multitarget_20260720_1435,312,381,45,45,9.137820512820513,11.651748474858506,24.228800187588,22.241523230988864,0.5972222222222223,0.5972222222222223,0.06535718461358589
pasajeros_por_despacho,productividad_por_despacho,calendario_ruta_lags_productividad_lags_demanda_lags_despachos,validation,22,naive,3,freeze_20260610_192142,multitarget_20260720_1435,323,393,46,48,9.992392746572314,13.788665440757967,23.019685652278003,22.595051973513364,0.478844169246646,0.478844169246646,0.047920871546097275
pasajeros_por_despacho,productividad_por_despacho,calendario_ruta_lags_productividad_lags_demanda_lags_despachos,validation,22,seasonal_naive_daily,1,freeze_20260610_192142,multitarget_20260720_1435,315,381,45,37,12.654656084656084,16.605561397079274,33.05413785865307,31.171744159525588,1.4490476190476191,1.4490476190476191,0.11450707228658755
pasajeros_por_despacho,productividad_por_despacho,calendario_ruta_lags_productividad_lags_demanda_lags_despachos,validation,22,seasonal_naive_daily,3,freeze_20260610_192142,multitarget_20260720_1435,327,393,46,36,12.802184359982524,16.858389355572086,30.588459562295455,29.30520614541099,1.6556574923547402,1.6556574923547402,0.12932617167505
pasajeros_por_despacho,productividad_por_despacho,calendario_ruta_lags_productividad_lags_demanda_lags_despachos,validation,22,seasonal_naive_weekly,1,freeze_20260610_192142,multitarget_20260720_1435,317,381,45,43,12.139484752891692,15.820185669681745,30.94597805480321,29.455446807642062,1.3700841219768667,1.3700841219768667,0.11286180178697496
pasajeros_por_despacho,productividad_por_despacho,calendario_ruta_lags_productividad_lags_demanda_lags_despachos,validation,22,seasonal_naive_weekly,3,freeze_20260610_192142,multitarget_20260720_1435,322,393,46,45,12.082061520260279,16.214733119600126,28.547686105895252,27.348482096963895,0.8890417036379769,0.8890417036379769,0.07358361006084536
pasajeros_por_despacho,productividad_por_despacho,calendario_ruta_lags_productividad_lags_demanda_lags_despachos,validation,23,historical_average_route_day_type_slot,1,freeze_20260610_192142,multitarget_20260720_1435,355,386,31,0,6.1025951695072145,8.257936481950125,14.5909270516728,14.1386085500959,1.076631913317948,1.076631913317948,0.1764219784228103
pasajeros_por_despacho,productividad_por_despacho,calendario_ruta_lags_productividad_lags_demanda_lags_despachos,validation,23,historical_average_route_day_type_slot,3,freeze_20260610_192142,multitarget_20260720_1435,362,398,36,0,6.892144149907963,8.866208726333692,15.76151157522539,15.016450051900836,1.4763578555238692,1.4763578555238692,0.21420878951633424
pasajeros_por_despacho,productividad_por_despacho,calendario_ruta_lags_productividad_lags_demanda_lags_despachos,validation,23,naive,1,freeze_20260610_192142,multitarget_20260720_1435,334,386,31,33,8.411227544910181,11.133103364244944,19.691000064957198,19.38053036295738,0.4199101796407186,0.4199101796407186,0.04992257995621762
pasajeros_por_despacho,productividad_por_despacho,calendario_ruta_lags_productividad_lags_demanda_lags_despachos,validation,23,naive,3,freeze_20260610_192142,multitarget_20260720_1435,336,398,36,37,10.027919501133786,12.685039669722364,22.337916196913284,21.564976274396393,0.2202380952380952,0.2202380952380952,0.021962491343612646
pasajeros_por_despacho,productividad_por_despacho,calendario_ruta_lags_productividad_lags_demanda_lags_despachos,validation,23,seasonal_naive_daily,1,freeze_20260610_192142,multitarget_20260720_1435,317,386,31,46,10.568401682439536,14.36701770938909,24.702940848326943,24.335796239417228,-0.6143533123028392,0.6143533123028392,0.058131147051653904
pasajeros_por_despacho,productividad_por_despacho,calendario_ruta_lags_productividad_lags_demanda_lags_despachos,validation,23,seasonal_naive_daily,3,freeze_20260610_192142,multitarget_20260720_1435,319,398,36,52,11.510292580982236,15.139195507352037,27.144459783609314,25.43096329596316,0.4135318704284223,0.4135318704284223,0.03592713803919078
pasajeros_por_despacho,productividad_por_despacho,calendario_ruta_lags_productividad_lags_demanda_lags_despachos,validation,23,seasonal_naive_weekly,1,freeze_20260610_192142,multitarget_20260720_1435,328,386,31,42,9.197510162601626,12.48504040478901,21.670175463142964,20.95912665191479,-1.5875508130081302,1.5875508130081302,0.17260658427574627
pasajeros_por_despacho,productividad_por_despacho,calendario_ruta_lags_productividad_lags_demanda_lags_despachos,validation,23,seasonal_naive_weekly,3,freeze_20260610_192142,multitarget_20260720_1435,334,398,36,47,9.550577416595381,12.119512595467103,21.67865159783337,20.551508545660422,-0.8539635015682921,0.8539635015682921,0.08941485570122897
pasajeros_por_despacho,productividad_por_despacho,calendario_ruta_lags_productividad_lags_demanda_lags_despachos,validation,24,historical_average_route_day_type_slot,1,freeze_20260610_192142,multitarget_20260720_1435,351,386,35,0,6.6834621150296245,8.630878672999602,17.196758573598846,15.980266978943375,2.4812019280073523,2.4812019280073523,0.37124500525374104
pasajeros_por_despacho,productividad_por_despacho,calendario_ruta_lags_productividad_lags_demanda_lags_despachos,validation,24,historical_average_route_day_type_slot,3,freeze_20260610_192142,multitarget_20260720_1435,365,398,33,0,6.844309389658801,9.025589101618054,16.2957054793563,15.421199042285345,2.813516887616984,2.813516887616984,0.41107389035743774
pasajeros_por_despacho,productividad_por_despacho,calendario_ruta_lags_productividad_lags_demanda_lags_despachos,validation,24,naive,1,freeze_20260610_192142,multitarget_20260720_1435,328,386,35,36,8.936178861788617,11.598078218413324,22.45763652377874,21.24122970709124,0.6803861788617888,0.6803861788617888,0.0761383796570077
pasajeros_por_despacho,productividad_por_despacho,calendario_ruta_lags_productividad_lags_demanda_lags_despachos,validation,24,naive,3,freeze_20260610_192142,multitarget_20260720_1435,342,398,33,35,9.738499025341131,13.214371899187338,22.166873818781788,21.768263922292455,0.33625730994152037,0.33625730994152037,0.03452865878679302
pasajeros_por_despacho,productividad_por_despacho,calendario_ruta_lags_productividad_lags_demanda_lags_despachos,validation,24,seasonal_naive_daily,1,freeze_20260610_192142,multitarget_20260720_1435,328,386,35,38,10.43831300813008,13.605477361255733,26.976323688080246,24.787062163730763,0.3668699186991871,0.3668699186991871,0.035146476103317024
pasajeros_por_despacho,productividad_por_despacho,calendario_ruta_lags_productividad_lags_demanda_lags_despachos,validation,24,seasonal_naive_daily,3,freeze_20260610_192142,multitarget_20260720_1435,343,398,33,35,11.07410106899903,14.853432871301138,26.684129707455423,25.024481980431045,0.420887130362349,0.420887130362349,0.03800643751939247
pasajeros_por_despacho,productividad_por_despacho,calendario_ruta_lags_productividad_lags_demanda_lags_despachos,validation,24,seasonal_naive_weekly,1,freeze_20260610_192142,multitarget_20260720_1435,335,386,35,33,7.793084577114428,10.402489935063041,18.907481068130693,18.28600179543483,0.8060199004975124,0.8060199004975124,0.10342758281675933
pasajeros_por_despacho,productividad_por_despacho,calendario_ruta_lags_productividad_lags_demanda_lags_despachos,validation,24,seasonal_naive_weekly,3,freeze_20260610_192142,multitarget_20260720_1435,343,398,33,39,8.855997501041232,11.731751574764912,20.069884576325837,19.46796905316296,0.3889143412467028,0.3889143412467028,0.04391536257784363
pasajeros_por_despacho,productividad_por_despacho,calendario_ruta_lags_productividad_lags_demanda_lags_despachos,validation,25,historical_average_route_day_type_slot,1,freeze_20260610_192142,multitarget_20260720_1435,355,386,31,0,6.559528213688365,8.66750039715277,15.36391298682581,14.868689302576962,0.11836042258938592,0.11836042258938592,0.01804404504921443
pasajeros_por_despacho,productividad_por_despacho,calendario_ruta_lags_productividad_lags_demanda_lags_despachos,validation,25,historical_average_route_day_type_slot,3,freeze_20260610_192142,multitarget_20260720_1435,359,398,39,0,6.526772170894105,8.486418724054161,14.152663073963536,13.590457549338792,-0.5846522358796097,0.5846522358796097,0.08957754623132769
pasajeros_por_despacho,productividad_por_despacho,calendario_ruta_lags_productividad_lags_demanda_lags_despachos,validation,25,naive,1,freeze_20260610_192142,multitarget_20260720_1435,333,386,31,30,9.193143143143143,12.035130391075821,20.76550676596692,20.553704230048766,0.3275775775775776,0.3275775775775776,0.035632815945208764
pasajeros_por_despacho,productividad_por_despacho,calendario_ruta_lags_productividad_lags_demanda_lags_despachos,validation,25,naive,3,freeze_20260610_192142,multitarget_20260720_1435,336,398,39,39,9.341170634920635,11.905092057851093,19.82493928160122,19.24378328353751,0.20684523809523808,0.20684523809523808,0.022143395745494322
pasajeros_por_despacho,productividad_por_despacho,calendario_ruta_lags_productividad_lags_demanda_lags_despachos,validation,25,seasonal_naive_daily,1,freeze_20260610_192142,multitarget_20260720_1435,335,386,31,34,11.07726368159204,14.571098321740342,25.99810988125517,25.1552907309115,-0.07905472636815927,0.07905472636815927,0.007136665573785224
pasajeros_por_despacho,productividad_por_despacho,calendario_ruta_lags_productividad_lags_demanda_lags_despachos,validation,25,seasonal_naive_daily,3,freeze_20260610_192142,multitarget_20260720_1435,336,398,39,41,11.853507653061225,15.673450474188233,26.142540193559842,24.750915693193566,0.09072420634920648,0.09072420634920648,0.007653785613896029
pasajeros_por_despacho,productividad_por_despacho,calendario_ruta_lags_productividad_lags_demanda_lags_despachos,validation,25,seasonal_naive_weekly,1,freeze_20260610_192142,multitarget_20260720_1435,340,386,31,31,9.228039215686273,12.230599817483393,21.18536781380923,20.57221289090887,-1.2394117647058822,1.2394117647058822,0.13430933004695833
pasajeros_por_despacho,productividad_por_despacho,calendario_ruta_lags_productividad_lags_demanda_lags_despachos,validation,25,seasonal_naive_weekly,3,freeze_20260610_192142,multitarget_20260720_1435,348,398,39,33,9.33421592775041,11.770678727489583,20.477500742405233,19.163651500786717,-2.000964696223317,2.000964696223317,0.21436880309084075
pasajeros_por_despacho,productividad_por_despacho,calendario_ruta_lags_productividad_lags_demanda_lags_despachos,validation,26,historical_average_route_day_type_slot,1,freeze_20260610_192142,multitarget_20260720_1435,338,383,45,0,6.764121757542356,8.939015407215786,16.380250178779242,15.522238896119903,-0.08142942138258237,0.08142942138258237,0.012038432231321712
pasajeros_por_despacho,productividad_por_despacho,calendario_ruta_lags_productividad_lags_demanda_lags_despachos,validation,26,historical_average_route_day_type_slot,3,freeze_20260610_192142,multitarget_20260720_1435,344,396,52,0,7.141350885696043,9.752627875944986,16.264764362212958,15.308929866534418,-0.31081118687518416,0.31081118687518416,0.04352274406481435
pasajeros_por_despacho,productividad_por_despacho,calendario_ruta_lags_productividad_lags_demanda_lags_despachos,validation,26,naive,1,freeze_20260610_192142,multitarget_20260720_1435,312,383,45,45,8.988782051282051,11.658493626825193,20.948440454440586,20.28006667221063,-0.1399572649572649,0.1399572649572649,0.015570214536162115
pasajeros_por_despacho,productividad_por_despacho,calendario_ruta_lags_productividad_lags_demanda_lags_despachos,validation,26,naive,3,freeze_20260610_192142,multitarget_20260720_1435,319,396,52,51,10.484848484848484,13.529705390079151,23.357976548248168,22.242165303514135,-0.12539184952978055,0.12539184952978055,0.011959338249950168
pasajeros_por_despacho,productividad_por_despacho,calendario_ruta_lags_productividad_lags_demanda_lags_despachos,validation,26,seasonal_naive_daily,1,freeze_20260610_192142,multitarget_20260720_1435,325,383,45,36,10.471897435897436,13.747473738401329,24.994882284862133,23.962561504674532,0.9754871794871794,0.9754871794871794,0.09315285844408967
pasajeros_por_despacho,productividad_por_despacho,calendario_ruta_lags_productividad_lags_demanda_lags_despachos,validation,26,seasonal_naive_daily,3,freeze_20260610_192142,multitarget_20260720_1435,328,396,52,42,11.960641695702671,15.733450957713314,26.68250277012887,25.57318966678607,1.391869918699187,1.391869918699187,0.11637083980195399
pasajeros_por_despacho,productividad_por_despacho,calendario_ruta_lags_productividad_lags_demanda_lags_despachos,validation,26,seasonal_naive_weekly,1,freeze_20260610_192142,multitarget_20260720_1435,323,383,45,33,9.741795665634674,12.714454285623813,22.59146608856966,21.9918670302546,1.3176470588235294,1.3176470588235294,0.13525710290472256
pasajeros_por_despacho,productividad_por_despacho,calendario_ruta_lags_productividad_lags_demanda_lags_despachos,validation,26,seasonal_naive_weekly,3,freeze_20260610_192142,multitarget_20260720_1435,326,396,52,39,10.353242769500438,13.779179579883918,22.15201064977744,21.763265992914487,1.7877300613496931,1.7877300613496931,0.1726734416598592
pasajeros_por_despacho,productividad_por_despacho,calendario_ruta_lags_productividad_lags_demanda_lags_despachos,validation,27,historical_average_route_day_type_slot,1,freeze_20260610_192142,multitarget_20260720_1435,356,386,30,0,6.5972747570044445,8.846980224045993,15.947949343178877,14.884748999141772,-0.2167931359393764,0.2167931359393764,0.03286101366465043
pasajeros_por_despacho,productividad_por_despacho,calendario_ruta_lags_productividad_lags_demanda_lags_despachos,validation,27,historical_average_route_day_type_slot,3,freeze_20260610_192142,multitarget_20260720_1435,349,398,49,0,6.70083268662326,8.888410959893328,15.395361645797012,14.11473792752507,-0.11489992352743437,0.11489992352743437,0.017147111247353904
pasajeros_por_despacho,productividad_por_despacho,calendario_ruta_lags_productividad_lags_demanda_lags_despachos,validation,27,naive,1,freeze_20260610_192142,multitarget_20260720_1435,340,386,30,31,8.872254901960783,11.920581696119372,20.785340489710574,19.941693403377638,0.44558823529411773,0.44558823529411773,0.05022265931467343
pasajeros_por_despacho,productividad_por_despacho,calendario_ruta_lags_productividad_lags_demanda_lags_despachos,validation,27,naive,3,freeze_20260610_192142,multitarget_20260720_1435,320,398,49,51,10.178854166666667,12.704636042125273,21.876310009045472,21.258634720757406,0.5057291666666666,0.5057291666666666,0.049684292395386666
pasajeros_por_despacho,productividad_por_despacho,calendario_ruta_lags_productividad_lags_demanda_lags_despachos,validation,27,seasonal_naive_daily,1,freeze_20260610_192142,multitarget_20260720_1435,323,386,30,45,12.228947368421052,16.4504502747337,28.523171790685442,27.34551320216551,-0.8851909184726523,0.8851909184726523,0.0723848825090613
pasajeros_por_despacho,productividad_por_despacho,calendario_ruta_lags_productividad_lags_demanda_lags_despachos,validation,27,seasonal_naive_daily,3,freeze_20260610_192142,multitarget_20260720_1435,308,398,49,62,12.492478354978354,15.857014436806924,28.878054080516364,26.387767645218474,-0.9349025974025974,0.9349025974025974,0.07483723972433629
pasajeros_por_despacho,productividad_por_despacho,calendario_ruta_lags_productividad_lags_demanda_lags_despachos,validation,27,seasonal_naive_weekly,1,freeze_20260610_192142,multitarget_20260720_1435,332,386,30,40,9.05125502008032,12.0907529844474,21.29342120012113,20.0564424985094,-2.1176204819277107,2.1176204819277107,0.23395876894748227
pasajeros_por_despacho,productividad_por_despacho,calendario_ruta_lags_productividad_lags_demanda_lags_despachos,validation,27,seasonal_naive_weekly,3,freeze_20260610_192142,multitarget_20260720_1435,320,398,49,51,9.309486607142857,12.064064052284566,20.827002422464282,19.29880819511617,-1.9050372023809523,1.9050372023809523,0.20463396992475194
pasajeros_por_despacho,productividad_por_despacho,calendario_ruta_lags_productividad_lags_demanda_lags_despachos,validation,28,historical_average_route_day_type_slot,1,freeze_20260610_192142,multitarget_20260720_1435,341,383,42,0,6.60513363443821,8.683000002676906,16.17906997912991,14.99817259426289,-0.7753221629852307,0.7753221629852307,0.11738175272379249
pasajeros_por_despacho,productividad_por_despacho,calendario_ruta_lags_productividad_lags_demanda_lags_despachos,validation,28,historical_average_route_day_type_slot,3,freeze_20260610_192142,multitarget_20260720_1435,352,396,44,0,7.207693158916203,9.637309405800494,15.91718761952251,14.966088571278894,-2.2542388760888654,2.2542388760888654,0.3127545563312837
pasajeros_por_despacho,productividad_por_despacho,calendario_ruta_lags_productividad_lags_demanda_lags_despachos,validation,28,naive,1,freeze_20260610_192142,multitarget_20260720_1435,312,383,42,41,8.865117521367521,11.500693842874064,20.825117090504918,19.694767010627377,0.27216880341880345,0.27216880341880345,0.03070109366997078
pasajeros_por_despacho,productividad_por_despacho,calendario_ruta_lags_productividad_lags_demanda_lags_despachos,validation,28,naive,3,freeze_20260610_192142,multitarget_20260720_1435,323,396,44,44,10.44592363261094,13.413036352878732,23.04242654630242,21.43598244029976,0.36377708978328177,0.36377708978328177,0.03482478932237382
pasajeros_por_despacho,productividad_por_despacho,calendario_ruta_lags_productividad_lags_demanda_lags_despachos,validation,28,seasonal_naive_daily,1,freeze_20260610_192142,multitarget_20260720_1435,314,383,42,43,12.124469214437369,15.922572991806492,29.09077550132626,27.35448563268288,0.3627919320594479,0.3627919320594479,0.029922293969574246
pasajeros_por_despacho,productividad_por_despacho,calendario_ruta_lags_productividad_lags_demanda_lags_despachos,validation,28,seasonal_naive_daily,3,freeze_20260610_192142,multitarget_20260720_1435,328,396,44,44,12.923410278745644,18.15915832555908,28.858426062159193,27.004251473545356,0.23023373983739834,0.23023373983739834,0.017815246507808385
pasajeros_por_despacho,productividad_por_despacho,calendario_ruta_lags_productividad_lags_demanda_lags_despachos,validation,28,seasonal_naive_weekly,1,freeze_20260610_192142,multitarget_20260720_1435,319,383,42,43,10.40851619644723,13.564638172196057,25.30300816924203,23.211422845691384,-0.03495297805642644,0.03495297805642644,0.003358113432955703
pasajeros_por_despacho,productividad_por_despacho,calendario_ruta_lags_productividad_lags_demanda_lags_despachos,validation,28,seasonal_naive_weekly,3,freeze_20260610_192142,multitarget_20260720_1435,320,396,44,53,11.568020833333332,15.876172949552199,26.09186078087779,23.744679278329087,-1.2612946428571428,1.2612946428571428,0.10903288133979787
pasajeros_por_despacho,productividad_por_despacho,calendario_ruta_lags_productividad_lags_demanda_lags_despachos,validation,29,historical_average_route_day_type_slot,1,freeze_20260610_192142,multitarget_20260720_1435,331,383,52,0,6.908640643242262,9.92236500992486,16.192248472623287,15.248557244746166,-1.7067153778634314,1.7067153778634314,0.24704069382055174
pasajeros_por_despacho,productividad_por_despacho,calendario_ruta_lags_productividad_lags_demanda_lags_despachos,validation,29,historical_average_route_day_type_slot,3,freeze_20260610_192142,multitarget_20260720_1435,343,396,53,0,7.098528336376053,9.244494569945207,15.515893644089967,14.764757818740232,-1.7100806002873616,1.7100806002873616,0.24090635681823502
pasajeros_por_despacho,productividad_por_despacho,calendario_ruta_lags_productividad_lags_demanda_lags_despachos,validation,29,naive,1,freeze_20260610_192142,multitarget_20260720_1435,300,383,52,53,9.546500000000002,12.991439382232526,21.803973835464653,20.70153204131223,0.09916666666666672,0.09916666666666672,0.010387751182806966
pasajeros_por_despacho,productividad_por_despacho,calendario_ruta_lags_productividad_lags_demanda_lags_despachos,validation,29,naive,3,freeze_20260610_192142,multitarget_20260720_1435,311,396,53,52,10.57759914255091,13.330429135898221,22.301673054385,21.593804459888023,0.08606645230439447,0.08606645230439447,0.008136671766863586
pasajeros_por_despacho,productividad_por_despacho,calendario_ruta_lags_productividad_lags_demanda_lags_despachos,validation,29,seasonal_naive_daily,1,freeze_20260610_192142,multitarget_20260720_1435,296,383,52,54,11.640878378378378,16.398172689893457,26.057832897818457,25.51113710653641,0.49999999999999983,0.49999999999999983,0.0429520852076501
pasajeros_por_despacho,productividad_por_despacho,calendario_ruta_lags_productividad_lags_demanda_lags_despachos,validation,29,seasonal_naive_daily,3,freeze_20260610_192142,multitarget_20260720_1435,313,396,53,54,12.943214666058116,16.647911617958012,28.474169134955314,26.96427633329961,0.5937699680511181,0.5937699680511181,0.04587499963268028
pasajeros_por_despacho,productividad_por_despacho,calendario_ruta_lags_productividad_lags_demanda_lags_despachos,validation,29,seasonal_naive_weekly,1,freeze_20260610_192142,multitarget_20260720_1435,307,383,52,49,10.823669923995658,14.748523300942741,25.01814714985975,23.702199597220012,-0.5722041259500543,0.5722041259500543,0.052865999237606084
pasajeros_por_despacho,productividad_por_despacho,calendario_ruta_lags_productividad_lags_demanda_lags_despachos,validation,29,seasonal_naive_weekly,3,freeze_20260610_192142,multitarget_20260720_1435,323,396,53,47,12.318306796402771,16.014040320788364,26.537471845188126,25.344232561902864,-0.038917145805691056,0.038917145805691056,0.0031592934360959216
pasajeros_por_despacho,productividad_por_despacho,calendario_ruta_lags_productividad_lags_demanda_lags_despachos,validation,3,historical_average_route_day_type_slot,1,freeze_20260610_192142,multitarget_20260720_1435,352,386,34,0,5.8567745634657165,7.786177539353891,13.20453497185587,12.829443424819367,-1.0540995701945368,1.0540995701945368,0.17997953630825408
pasajeros_por_despacho,productividad_por_despacho,calendario_ruta_lags_productividad_lags_demanda_lags_despachos,validation,3,historical_average_route_day_type_slot,3,freeze_20260610_192142,multitarget_20260720_1435,365,398,33,0,6.214694094557744,8.07388609008812,13.527980348701027,12.951345139818873,-0.6286531177131849,0.6286531177131849,0.10115592306686524
pasajeros_por_despacho,productividad_por_despacho,calendario_ruta_lags_productividad_lags_demanda_lags_despachos,validation,3,naive,1,freeze_20260610_192142,multitarget_20260720_1435,332,386,34,35,8.5660140562249,11.056025444428242,18.776789012365416,18.760417262200566,0.644929718875502,0.644929718875502,0.07528936033053008
pasajeros_por_despacho,productividad_por_despacho,calendario_ruta_lags_productividad_lags_demanda_lags_despachos,validation,3,naive,3,freeze_20260610_192142,multitarget_20260720_1435,345,398,33,34,9.914437543133195,12.423585495016061,21.077395105260546,20.458237683206782,0.40628019323671505,0.40628019323671505,0.040978642658161424
pasajeros_por_despacho,productividad_por_despacho,calendario_ruta_lags_productividad_lags_demanda_lags_despachos,validation,3,seasonal_naive_daily,1,freeze_20260610_192142,multitarget_20260720_1435,323,386,34,43,10.630082559339524,13.723821093043908,24.362330815462364,23.292370347003867,-0.7202786377708976,0.7202786377708976,0.06775851774905223
pasajeros_por_despacho,productividad_por_despacho,calendario_ruta_lags_productividad_lags_demanda_lags_despachos,validation,3,seasonal_naive_daily,3,freeze_20260610_192142,multitarget_20260720_1435,338,398,33,41,12.503268526345451,16.497407658132467,27.499667042403015,25.90869095836951,-1.2569033530571994,1.2569033530571994,0.10052598249879997
pasajeros_por_despacho,productividad_por_despacho,calendario_ruta_lags_productividad_lags_demanda_lags_despachos,validation,3,seasonal_naive_weekly,1,freeze_20260610_192142,multitarget_20260720_1435,339,386,34,32,9.231205225453014,12.04770806823672,20.80940547174555,20.14489548277573,0.11972889450765548,0.11972889450765548,0.012970017628633089
pasajeros_por_despacho,productividad_por_despacho,calendario_ruta_lags_productividad_lags_demanda_lags_despachos,validation,3,seasonal_naive_weekly,3,freeze_20260610_192142,multitarget_20260720_1435,343,398,33,35,9.346661113424961,12.727878632167483,20.1984178443733,19.131449145323735,-0.7495210329029571,0.7495210329029571,0.08019131364743629
pasajeros_por_despacho,productividad_por_despacho,calendario_ruta_lags_productividad_lags_demanda_lags_despachos,validation,30,historical_average_route_day_type_slot,1,freeze_20260610_192142,multitarget_20260720_1435,331,383,52,0,7.8794136708928955,10.784924997488545,16.925457913031156,16.302727710695798,-4.687538991374822,4.687538991374822,0.5949096198224646
pasajeros_por_despacho,productividad_por_despacho,calendario_ruta_lags_productividad_lags_demanda_lags_despachos,validation,30,historical_average_route_day_type_slot,3,freeze_20260610_192142,multitarget_20260720_1435,334,396,62,0,8.0797225430906,10.775882638110202,16.55715057298077,15.791692721046365,-4.2046020156393284,4.2046020156393284,0.520389406098469
pasajeros_por_despacho,productividad_por_despacho,calendario_ruta_lags_productividad_lags_demanda_lags_despachos,validation,30,naive,1,freeze_20260610_192142,multitarget_20260720_1435,299,383,52,55,10.077647714604234,13.107346544774654,21.191597818554452,20.57772375157355,0.3770903010033445,0.3770903010033445,0.037418484122726
pasajeros_por_despacho,productividad_por_despacho,calendario_ruta_lags_productividad_lags_demanda_lags_despachos,validation,30,naive,3,freeze_20260610_192142,multitarget_20260720_1435,306,396,62,62,11.746981014628073,14.712329333730263,23.144736813875447,22.649793713899932,0.3763616557734203,0.3763616557734203,0.0320390111556962
pasajeros_por_despacho,productividad_por_despacho,calendario_ruta_lags_productividad_lags_demanda_lags_despachos,validation,30,seasonal_naive_daily,1,freeze_20260610_192142,multitarget_20260720_1435,311,383,52,42,11.265273311897106,15.13549090813932,23.734920477238695,23.058798235241206,1.0016077170418007,1.0016077170418007,0.08891108891108893
pasajeros_por_despacho,productividad_por_despacho,calendario_ruta_lags_productividad_lags_demanda_lags_despachos,validation,30,seasonal_naive_daily,3,freeze_20260610_192142,multitarget_20260720_1435,315,396,62,49,11.51697656840514,15.608051234106536,23.29281635537383,22.61951842284968,2.1498110355253215,2.1498110355253215,0.18666453150759735
pasajeros_por_despacho,productividad_por_despacho,calendario_ruta_lags_productividad_lags_demanda_lags_despachos,validation,30,seasonal_naive_weekly,1,freeze_20260610_192142,multitarget_20260720_1435,309,383,52,49,9.776483279395901,13.325267449735332,20.437717896293893,19.86647975439816,-0.3422869471413163,0.3422869471413163,0.03501125479984113
pasajeros_por_despacho,productividad_por_despacho,calendario_ruta_lags_productividad_lags_demanda_lags_despachos,validation,30,seasonal_naive_weekly,3,freeze_20260610_192142,multitarget_20260720_1435,311,396,62,55,9.99369545245751,13.477142244107094,20.277344693755513,19.251097585974495,0.5996746286939215,0.5996746286939215,0.060005293491954256
pasajeros_por_despacho,productividad_por_despacho,calendario_ruta_lags_productividad_lags_demanda_lags_despachos,validation,31,historical_average_route_day_type_slot,1,freeze_20260610_192142,multitarget_20260720_1435,343,386,43,0,10.127867964142284,14.51890892854402,20.198193480134393,19.55100668723854,-7.027277013586205,7.027277013586205,0.6938555121834407
pasajeros_por_despacho,productividad_por_despacho,calendario_ruta_lags_productividad_lags_demanda_lags_despachos,validation,31,historical_average_route_day_type_slot,3,freeze_20260610_192142,multitarget_20260720_1435,349,398,49,0,9.546357724328235,12.917625878759768,18.370290281046362,17.726604704203268,-5.921179278335785,5.921179278335785,0.620255331857727
pasajeros_por_despacho,productividad_por_despacho,calendario_ruta_lags_productividad_lags_demanda_lags_despachos,validation,31,naive,1,freeze_20260610_192142,multitarget_20260720_1435,321,386,43,44,11.502180685358255,15.803520930386421,21.986502510330745,21.966245286367723,-0.21391484942886801,0.21391484942886801,0.01859776465702471
pasajeros_por_despacho,productividad_por_despacho,calendario_ruta_lags_productividad_lags_demanda_lags_despachos,validation,31,naive,3,freeze_20260610_192142,multitarget_20260720_1435,321,398,49,49,12.418172377985462,15.803263076787662,23.474768484689122,22.80687307468612,0.2681723779854621,0.2681723779854621,0.02159515666418591
pasajeros_por_despacho,productividad_por_despacho,calendario_ruta_lags_productividad_lags_demanda_lags_despachos,validation,31,seasonal_naive_daily,1,freeze_20260610_192142,multitarget_20260720_1435,297,386,43,60,12.966217732884399,17.951163954396403,24.988694110079575,25.126306838077134,-0.5875420875420876,0.5875420875420876,0.045313297959819615
pasajeros_por_despacho,productividad_por_despacho,calendario_ruta_lags_productividad_lags_demanda_lags_despachos,validation,31,seasonal_naive_daily,3,freeze_20260610_192142,multitarget_20260720_1435,297,398,49,68,14.35847362514029,19.047205900050788,28.018650111670645,26.741843244055545,-0.7068462401795735,0.7068462401795735,0.04922850844966937
pasajeros_por_despacho,productividad_por_despacho,calendario_ruta_lags_productividad_lags_demanda_lags_despachos,validation,31,seasonal_naive_weekly,1,freeze_20260610_192142,multitarget_20260720_1435,316,386,43,55,11.159282700421942,15.890957266795906,22.05935506579156,21.471156822252556,-2.3358649789029537,2.3358649789029537,0.2093203516400416
pasajeros_por_despacho,productividad_por_despacho,calendario_ruta_lags_productividad_lags_demanda_lags_despachos,validation,31,seasonal_naive_weekly,3,freeze_20260610_192142,multitarget_20260720_1435,322,398,49,62,11.150920585625554,15.198122482327353,21.925802085660816,20.607963768367956,-2.5772885241052945,2.5772885241052945,0.23112787005474952
pasajeros_por_despacho,productividad_por_despacho,calendario_ruta_lags_productividad_lags_demanda_lags_despachos,validation,32,historical_average_route_day_type_slot,1,freeze_20260610_192142,multitarget_20260720_1435,301,382,81,0,9.380999075770713,12.008561162712086,22.723860652997992,22.23633280944194,1.6658043289280462,1.6658043289280462,0.1775721664050147
pasajeros_por_despacho,productividad_por_despacho,calendario_ruta_lags_productividad_lags_demanda_lags_despachos,validation,32,historical_average_route_day_type_slot,3,freeze_20260610_192142,multitarget_20260720_1435,304,392,88,0,9.613886269942428,12.577493355308844,22.123621289808856,21.17096830404641,1.1990145716641574,1.1990145716641574,0.1247169498367009
pasajeros_por_despacho,productividad_por_despacho,calendario_ruta_lags_productividad_lags_demanda_lags_despachos,validation,32,naive,1,freeze_20260610_192142,multitarget_20260720_1435,271,382,81,81,10.222017220172203,13.09152660619413,23.813313809613454,23.480300055094865,-0.3591635916359163,0.3591635916359163,0.035136273389086085
pasajeros_por_despacho,productividad_por_despacho,calendario_ruta_lags_productividad_lags_demanda_lags_despachos,validation,32,naive,3,freeze_20260610_192142,multitarget_20260720_1435,270,392,88,89,10.83320987654321,13.627554817902615,24.386513832405072,23.319784229268077,-0.5666666666666665,0.5666666666666665,0.052308288413543166
pasajeros_por_despacho,productividad_por_despacho,calendario_ruta_lags_productividad_lags_demanda_lags_despachos,validation,32,seasonal_naive_daily,1,freeze_20260610_192142,multitarget_20260720_1435,235,382,81,86,14.200709219858158,17.96878203049874,33.84741589939079,34.12468470925081,3.7333333333333334,3.7333333333333334,0.2628976676821655
pasajeros_por_despacho,productividad_por_despacho,calendario_ruta_lags_productividad_lags_demanda_lags_despachos,validation,32,seasonal_naive_daily,3,freeze_20260610_192142,multitarget_20260720_1435,238,392,88,89,15.373929571828732,19.2550631889884,35.719256951109756,34.2708290590819,2.6095038015206082,2.6095038015206082,0.16973564171272623
pasajeros_por_despacho,productividad_por_despacho,calendario_ruta_lags_productividad_lags_demanda_lags_despachos,validation,32,seasonal_naive_weekly,1,freeze_20260610_192142,multitarget_20260720_1435,288,382,81,49,12.482349537037036,16.43819897706461,27.725702111708305,29.463310020762755,7.979456018518517,7.979456018518517,0.6392591390621015
pasajeros_por_despacho,productividad_por_despacho,calendario_ruta_lags_productividad_lags_demanda_lags_despachos,validation,32,seasonal_naive_weekly,3,freeze_20260610_192142,multitarget_20260720_1435,291,392,88,56,12.303415971199477,16.329037379601846,26.086124545255107,27.103889167968493,6.896256750122729,6.896256750122729,0.560515613408981
pasajeros_por_despacho,productividad_por_despacho,calendario_ruta_lags_productividad_lags_demanda_lags_despachos,validation,33,historical_average_route_day_type_slot,1,freeze_20260610_192142,multitarget_20260720_1435,331,383,52,0,6.822785941808994,8.660303912160272,16.861797691589445,16.42480424307726,2.4939455728846966,2.4939455728846966,0.36553185079458195
pasajeros_por_despacho,productividad_por_despacho,calendario_ruta_lags_productividad_lags_demanda_lags_despachos,validation,33,historical_average_route_day_type_slot,3,freeze_20260610_192142,multitarget_20260720_1435,336,396,60,0,7.287468350299445,9.333345711620062,16.32243763173589,15.95411029561983,1.473578778692484,1.473578778692484,0.2022072286093612
pasajeros_por_despacho,productividad_por_despacho,calendario_ruta_lags_productividad_lags_demanda_lags_despachos,validation,33,naive,1,freeze_20260610_192142,multitarget_20260720_1435,306,383,52,54,9.154684095860565,11.522985065601576,22.452766676979596,21.610085049210255,-0.2592592592592593,0.2592592592592593,0.02831984769157545
pasajeros_por_despacho,productividad_por_despacho,calendario_ruta_lags_productividad_lags_demanda_lags_despachos,validation,33,naive,3,freeze_20260610_192142,multitarget_20260720_1435,314,396,60,60,10.571428571428571,13.6089842871163,23.545457098422613,22.87099793216755,-0.1942675159235669,0.1942675159235669,0.01837665691168876
pasajeros_por_despacho,productividad_por_despacho,calendario_ruta_lags_productividad_lags_demanda_lags_despachos,validation,33,seasonal_naive_daily,1,freeze_20260610_192142,multitarget_20260720_1435,298,383,52,55,10.835011185682328,14.046851534465647,26.576657006987492,26.188223207526768,1.161633109619687,1.161633109619687,0.10721106694884634
pasajeros_por_despacho,productividad_por_despacho,calendario_ruta_lags_productividad_lags_demanda_lags_despachos,validation,33,seasonal_naive_daily,3,freeze_20260610_192142,multitarget_20260720_1435,306,396,60,62,11.865725178960473,15.187136035316101,27.12673216643513,26.209058845406762,0.46933551198257045,0.46933551198257045,0.03955388355148874
pasajeros_por_despacho,productividad_por_despacho,calendario_ruta_lags_productividad_lags_demanda_lags_despachos,validation,33,seasonal_naive_weekly,1,freeze_20260610_192142,multitarget_20260720_1435,275,383,52,87,10.10030303030303,12.460423205679913,26.328783083247416,24.15412375990086,-3.3499999999999996,3.3499999999999996,0.33167321712519876
pasajeros_por_despacho,productividad_por_despacho,calendario_ruta_lags_productividad_lags_demanda_lags_despachos,validation,33,seasonal_naive_weekly,3,freeze_20260610_192142,multitarget_20260720_1435,282,396,60,94,11.568785883147585,14.794389366755775,27.26953799137435,24.948617254260473,-4.101055386693684,4.101055386693684,0.35449315322429376
pasajeros_por_despacho,productividad_por_despacho,calendario_ruta_lags_productividad_lags_demanda_lags_despachos,validation,34,historical_average_route_day_type_slot,1,freeze_20260610_192142,multitarget_20260720_1435,341,386,45,0,7.370077262922124,9.505154982883365,16.79373141975933,16.33855380741415,-0.23948878591047804,0.23948878591047804,0.032494745627066106
pasajeros_por_despacho,productividad_por_despacho,calendario_ruta_lags_productividad_lags_demanda_lags_despachos,validation,34,historical_average_route_day_type_slot,3,freeze_20260610_192142,multitarget_20260720_1435,338,398,60,0,6.833314753809293,9.017895423908268,14.225049097754642,13.940642278559052,-0.3254141425947808,0.3254141425947808,0.047621711324416276
pasajeros_por_despacho,productividad_por_despacho,calendario_ruta_lags_productividad_lags_demanda_lags_despachos,validation,34,naive,1,freeze_20260610_192142,multitarget_20260720_1435,316,386,45,47,9.926687763713081,13.01607993404726,21.762789483672147,21.557263449666124,-0.06962025316455699,0.06962025316455699,0.007013442431326711
pasajeros_por_despacho,productividad_por_despacho,calendario_ruta_lags_productividad_lags_demanda_lags_despachos,validation,34,naive,3,freeze_20260610_192142,multitarget_20260720_1435,315,398,60,61,10.261632653061223,13.314579635955246,20.83751095174245,20.675120392957247,0.2730158730158731,0.2730158730158731,0.026605500532551972
pasajeros_por_despacho,productividad_por_despacho,calendario_ruta_lags_productividad_lags_demanda_lags_despachos,validation,34,seasonal_naive_daily,1,freeze_20260610_192142,multitarget_20260720_1435,307,386,45,47,12.104777415852336,15.748484005192909,27.354985468335297,26.871463607165886,0.7937024972855592,0.7937024972855592,0.06556935910660626
pasajeros_por_despacho,productividad_por_despacho,calendario_ruta_lags_productividad_lags_demanda_lags_despachos,validation,34,seasonal_naive_daily,3,freeze_20260610_192142,multitarget_20260720_1435,296,398,60,64,10.512250643500643,13.887464071443407,22.154466639740892,21.537414678987982,1.053885135135135,1.053885135135135,0.10025304484028026
pasajeros_por_despacho,productividad_por_despacho,calendario_ruta_lags_productividad_lags_demanda_lags_despachos,validation,34,seasonal_naive_weekly,1,freeze_20260610_192142,multitarget_20260720_1435,326,386,45,43,9.40465235173824,12.168358743026008,20.94466993547643,20.61744169104379,-0.2262269938650308,0.2262269938650308,0.02405479600989374
pasajeros_por_despacho,productividad_por_despacho,calendario_ruta_lags_productividad_lags_demanda_lags_despachos,validation,34,seasonal_naive_weekly,3,freeze_20260610_192142,multitarget_20260720_1435,325,398,60,54,9.9470989010989,12.790832257159973,20.20280619684612,19.985430928352198,0.4110109890109889,0.4110109890109889,0.04131968457311535
pasajeros_por_despacho,productividad_por_despacho,calendario_ruta_lags_productividad_lags_demanda_lags_despachos,validation,35,historical_average_route_day_type_slot,1,freeze_20260610_192142,multitarget_20260720_1435,337,386,49,0,6.497074411470962,8.771728028165619,14.127933365215872,13.814840536726066,-2.0193397855640347,2.0193397855640347,0.3108075508568554
pasajeros_por_despacho,productividad_por_despacho,calendario_ruta_lags_productividad_lags_demanda_lags_despachos,validation,35,historical_average_route_day_type_slot,3,freeze_20260610_192142,multitarget_20260720_1435,350,398,48,0,7.489378103920231,9.75071111666937,15.545825089130075,14.696635134160873,-2.9431253032321423,2.9431253032321423,0.39297325657675053
pasajeros_por_despacho,productividad_por_despacho,calendario_ruta_lags_productividad_lags_demanda_lags_despachos,validation,35,naive,1,freeze_20260610_192142,multitarget_20260720_1435,312,386,49,49,8.927884615384615,11.464038983482864,18.722579260769283,18.691285675941664,0.19818376068376073,0.19818376068376073,0.02219828875725484
pasajeros_por_despacho,productividad_por_despacho,calendario_ruta_lags_productividad_lags_demanda_lags_despachos,validation,35,naive,3,freeze_20260610_192142,multitarget_20260720_1435,322,398,48,48,10.839958592132506,14.095236287717004,21.526987559290525,20.947489743953867,0.5041407867494824,0.5041407867494824,0.046507630307313245
pasajeros_por_despacho,productividad_por_despacho,calendario_ruta_lags_productividad_lags_demanda_lags_despachos,validation,35,seasonal_naive_daily,1,freeze_20260610_192142,multitarget_20260720_1435,305,386,49,49,11.611748633879781,14.913296013838021,25.016725058031835,24.55837229056994,0.7592896174863387,0.7592896174863387,0.06538977387703239
pasajeros_por_despacho,productividad_por_despacho,calendario_ruta_lags_productividad_lags_demanda_lags_despachos,validation,35,seasonal_naive_daily,3,freeze_20260610_192142,multitarget_20260720_1435,318,398,48,49,12.134583707696915,15.832312861541453,24.830434184768563,23.75019529944372,0.6407157831686133,0.6407157831686133,0.052800804593091236
pasajeros_por_despacho,productividad_por_despacho,calendario_ruta_lags_productividad_lags_demanda_lags_despachos,validation,35,seasonal_naive_weekly,1,freeze_20260610_192142,multitarget_20260720_1435,323,386,49,46,9.063725490196079,11.920923774297483,19.467979531278694,19.044289044289044,-0.75515995872033,0.75515995872033,0.08331672881500667
pasajeros_por_despacho,productividad_por_despacho,calendario_ruta_lags_productividad_lags_demanda_lags_despachos,validation,35,seasonal_naive_weekly,3,freeze_20260610_192142,multitarget_20260720_1435,332,398,48,53,9.352660642570282,12.4157481636225,18.8076445741041,18.06478116254457,-1.3551204819277114,1.3551204819277114,0.14489144145353056
pasajeros_por_despacho,productividad_por_despacho,calendario_ruta_lags_productividad_lags_demanda_lags_despachos,validation,36,historical_average_route_day_type_slot,1,freeze_20260610_192142,multitarget_20260720_1435,340,386,46,0,7.011358945712784,9.569580337117452,15.651328738169212,15.159052344632004,-1.3441370962458132,1.3441370962458132,0.19170849854545088
pasajeros_por_despacho,productividad_por_despacho,calendario_ruta_lags_productividad_lags_demanda_lags_despachos,validation,36,historical_average_route_day_type_slot,3,freeze_20260610_192142,multitarget_20260720_1435,344,398,54,0,7.802438906482462,10.522760549759404,16.37646709659704,15.595333658742149,-1.6141984210458005,1.6141984210458005,0.20688382701781668
pasajeros_por_despacho,productividad_por_despacho,calendario_ruta_lags_productividad_lags_demanda_lags_despachos,validation,36,naive,1,freeze_20260610_192142,multitarget_20260720_1435,315,386,46,49,9.661375661375661,12.624519129263891,21.364886053558145,20.644198482775774,0.22380952380952382,0.22380952380952382,0.02316538882803943
pasajeros_por_despacho,productividad_por_despacho,calendario_ruta_lags_productividad_lags_demanda_lags_despachos,validation,36,naive,3,freeze_20260610_192142,multitarget_20260720_1435,319,398,54,54,11.43866248693835,15.19176558451291,23.264543899354383,22.443888886529454,0.22675026123301983,0.22675026123301983,0.01982314466328059
pasajeros_por_despacho,productividad_por_despacho,calendario_ruta_lags_productividad_lags_demanda_lags_despachos,validation,36,seasonal_naive_daily,1,freeze_20260610_192142,multitarget_20260720_1435,304,386,46,48,10.666118421052632,14.011612769330332,23.763030420130807,22.9258606772291,0.1732456140350878,0.1732456140350878,0.01624261115394501
pasajeros_por_despacho,productividad_por_despacho,calendario_ruta_lags_productividad_lags_demanda_lags_despachos,validation,36,seasonal_naive_daily,3,freeze_20260610_192142,multitarget_20260720_1435,312,398,54,55,12.482478632478632,16.42271329988031,26.716417040040678,24.95718290440966,-0.04091880341880355,0.04091880341880355,0.003278099215995081
pasajeros_por_despacho,productividad_por_despacho,calendario_ruta_lags_productividad_lags_demanda_lags_despachos,validation,36,seasonal_naive_weekly,1,freeze_20260610_192142,multitarget_20260720_1435,325,386,46,47,9.40871794871795,12.065145462974536,20.62670861521342,20.054434558293075,0.484102564102564,0.484102564102564,0.051452553550989245
pasajeros_por_despacho,productividad_por_despacho,calendario_ruta_lags_productividad_lags_demanda_lags_despachos,validation,36,seasonal_naive_weekly,3,freeze_20260610_192142,multitarget_20260720_1435,331,398,54,52,10.52478060710689,13.866853843858012,21.824516754472747,20.860772870352125,0.007890950942310005,0.007890950942310005,0.0007497496847565275
pasajeros_por_despacho,productividad_por_despacho,calendario_ruta_lags_productividad_lags_demanda_lags_despachos,validation,37,historical_average_route_day_type_slot,1,freeze_20260610_192142,multitarget_20260720_1435,336,386,50,0,6.720640995340388,9.15669875560066,15.43676676087432,14.779549687754615,-0.4428560239772703,0.4428560239772703,0.06589490857855895
pasajeros_por_despacho,productividad_por_despacho,calendario_ruta_lags_productividad_lags_demanda_lags_despachos,validation,37,historical_average_route_day_type_slot,3,freeze_20260610_192142,multitarget_20260720_1435,338,398,60,0,7.4808759365222315,10.3718627124581,15.937369369403983,15.015896258623954,-1.1663466498131982,1.1663466498131982,0.15591043879220093
pasajeros_por_despacho,productividad_por_despacho,calendario_ruta_lags_productividad_lags_demanda_lags_despachos,validation,37,naive,1,freeze_20260610_192142,multitarget_20260720_1435,309,386,50,52,9.128586839266452,11.760773557813845,20.52695886714301,19.697697993615044,0.043149946062567474,0.043149946062567474,0.00472690316938858
pasajeros_por_despacho,productividad_por_despacho,calendario_ruta_lags_productividad_lags_demanda_lags_despachos,validation,37,naive,3,freeze_20260610_192142,multitarget_20260720_1435,313,398,60,60,10.81874334398296,14.374213446810591,22.358358565296516,21.441822311868528,0.5447284345047922,0.5447284345047922,0.05035043509075874
pasajeros_por_despacho,productividad_por_despacho,calendario_ruta_lags_productividad_lags_demanda_lags_despachos,validation,37,seasonal_naive_daily,1,freeze_20260610_192142,multitarget_20260720_1435,299,386,50,53,11.18366778149387,14.763066915168125,24.747908172569346,24.187520645016626,0.13071348940914154,0.13071348940914154,0.011687890946245665
pasajeros_por_despacho,productividad_por_despacho,calendario_ruta_lags_productividad_lags_demanda_lags_despachos,validation,37,seasonal_naive_daily,3,freeze_20260610_192142,multitarget_20260720_1435,296,398,60,63,12.252702702702702,16.91848950253099,25.047873843955482,24.416162289700456,1.4370495495495494,1.4370495495495494,0.11728429101871254
pasajeros_por_despacho,productividad_por_despacho,calendario_ruta_lags_productividad_lags_demanda_lags_despachos,validation,37,seasonal_naive_weekly,1,freeze_20260610_192142,multitarget_20260720_1435,314,386,50,52,8.929299363057325,12.197327579054823,19.65854356743093,19.268403588686912,0.52208067940552,0.52208067940552,0.05846826925363196
pasajeros_por_despacho,productividad_por_despacho,calendario_ruta_lags_productividad_lags_demanda_lags_despachos,validation,37,seasonal_naive_weekly,3,freeze_20260610_192142,multitarget_20260720_1435,322,398,60,59,10.425088731144632,14.122045172224176,21.595645414700307,20.565040529447078,0.8513383614315292,0.8513383614315292,0.08166245711541831
pasajeros_por_despacho,productividad_por_despacho,calendario_ruta_lags_productividad_lags_demanda_lags_despachos,validation,38,historical_average_route_day_type_slot,1,freeze_20260610_192142,multitarget_20260720_1435,331,383,52,0,6.988390575384225,9.258731313237808,17.23963592780194,16.234239637851896,0.900960989475392,0.900960989475392,0.12892252940883414
pasajeros_por_despacho,productividad_por_despacho,calendario_ruta_lags_productividad_lags_demanda_lags_despachos,validation,38,historical_average_route_day_type_slot,3,freeze_20260610_192142,multitarget_20260720_1435,334,396,62,0,7.545592144808034,9.438104410122206,17.416978551261195,16.196863871475962,0.47991121917854684,0.47991121917854684,0.0636015318570808
pasajeros_por_despacho,productividad_por_despacho,calendario_ruta_lags_productividad_lags_demanda_lags_despachos,validation,38,naive,1,freeze_20260610_192142,multitarget_20260720_1435,304,383,52,49,9.566885964912279,13.007802005400293,21.710462528752423,21.719972915380477,0.1195175438596492,0.1195175438596492,0.012492836676217776
pasajeros_por_despacho,productividad_por_despacho,calendario_ruta_lags_productividad_lags_demanda_lags_despachos,validation,38,naive,3,freeze_20260610_192142,multitarget_20260720_1435,308,396,62,62,10.27608225108225,13.250482514616564,22.542538563865694,21.684290302495356,0.07792207792207785,0.07792207792207785,0.007582858527029724
pasajeros_por_despacho,productividad_por_despacho,calendario_ruta_lags_productividad_lags_demanda_lags_despachos,validation,38,seasonal_naive_daily,1,freeze_20260610_192142,multitarget_20260720_1435,302,383,52,56,12.204801324503313,16.8390008873152,29.164022076177297,28.319108749239685,0.9061258278145699,0.9061258278145699,0.07424339026276165
pasajeros_por_despacho,productividad_por_despacho,calendario_ruta_lags_productividad_lags_demanda_lags_despachos,validation,38,seasonal_naive_daily,3,freeze_20260610_192142,multitarget_20260720_1435,305,396,62,62,13.14518345042935,16.996728744097965,30.42359298382891,28.288279056249877,1.0771584699453554,1.0771584699453554,0.08194320558608659
pasajeros_por_despacho,productividad_por_despacho,calendario_ruta_lags_productividad_lags_demanda_lags_despachos,validation,38,seasonal_naive_weekly,1,freeze_20260610_192142,multitarget_20260720_1435,312,383,52,50,10.639529914529914,14.600482285774259,26.096785463216282,24.611377195193683,0.12318376068376051,0.12318376068376051,0.01157793264113428
pasajeros_por_despacho,productividad_por_despacho,calendario_ruta_lags_productividad_lags_demanda_lags_despachos,validation,38,seasonal_naive_weekly,3,freeze_20260610_192142,multitarget_20260720_1435,312,396,62,61,12.218032661782662,16.01214954070744,28.00795411321027,25.957625081044068,0.7923458485958488,0.7923458485958488,0.06485052631052979
pasajeros_por_despacho,productividad_por_despacho,calendario_ruta_lags_productividad_lags_demanda_lags_despachos,validation,4,historical_average_route_day_type_slot,1,freeze_20260610_192142,multitarget_20260720_1435,352,387,35,0,6.776882196254624,9.243097309372736,14.622237573198586,14.236127885951799,-2.9351243842508707,2.9351243842508707,0.4331083674249236
pasajeros_por_despacho,productividad_por_despacho,calendario_ruta_lags_productividad_lags_demanda_lags_despachos,validation,4,historical_average_route_day_type_slot,3,freeze_20260610_192142,multitarget_20260720_1435,354,398,44,0,7.1271963627647175,9.308323038533953,14.863820436665529,14.34812259878269,-1.8047888749354715,1.8047888749354715,0.25322564204410025
pasajeros_por_despacho,productividad_por_despacho,calendario_ruta_lags_productividad_lags_demanda_lags_despachos,validation,4,naive,1,freeze_20260610_192142,multitarget_20260720_1435,328,387,35,36,8.723424796747967,11.251549087867579,18.614772793967816,18.30254958715132,0.5726117886178862,0.5726117886178862,0.06564070900586567
pasajeros_por_despacho,productividad_por_despacho,calendario_ruta_lags_productividad_lags_demanda_lags_despachos,validation,4,naive,3,freeze_20260610_192142,multitarget_20260720_1435,330,398,44,44,9.637272727272729,12.592103365533553,19.50978107298087,19.22556050190733,0.18888888888888888,0.18888888888888888,0.019599828108459366
pasajeros_por_despacho,productividad_por_despacho,calendario_ruta_lags_productividad_lags_demanda_lags_despachos,validation,4,seasonal_naive_daily,1,freeze_20260610_192142,multitarget_20260720_1435,326,387,35,37,9.596370143149285,12.273765082675466,20.526615162136576,20.104342722250426,-0.4436094069529652,0.4436094069529652,0.04622679204070216
pasajeros_por_despacho,productividad_por_despacho,calendario_ruta_lags_productividad_lags_demanda_lags_despachos,validation,4,seasonal_naive_daily,3,freeze_20260610_192142,multitarget_20260720_1435,328,398,44,44,10.865098722415796,14.267483817567195,22.404977316810918,21.763829006379776,0.017682926829268177,0.017682926829268177,0.001627498035778222
pasajeros_por_despacho,productividad_por_despacho,calendario_ruta_lags_productividad_lags_demanda_lags_despachos,validation,4,seasonal_naive_weekly,1,freeze_20260610_192142,multitarget_20260720_1435,337,387,35,35,8.788278931750742,11.345147919072629,18.974649145524975,18.306764165930066,-1.391246290801187,1.391246290801187,0.15830702480036465
pasajeros_por_despacho,productividad_por_despacho,calendario_ruta_lags_productividad_lags_demanda_lags_despachos,validation,4,seasonal_naive_weekly,3,freeze_20260610_192142,multitarget_20260720_1435,339,398,44,38,9.323802500351173,12.392516803386854,18.916823217299925,18.56723046198245,-1.3964110127826945,1.3964110127826945,0.14976840325930327
pasajeros_por_despacho,productividad_por_despacho,calendario_ruta_lags_productividad_lags_demanda_lags_despachos,validation,5,historical_average_route_day_type_slot,1,freeze_20260610_192142,multitarget_20260720_1435,361,386,25,0,8.122212653884702,12.53411794096186,17.11301496402568,16.812768287459036,-3.7627845341952235,3.7627845341952235,0.4632708714411158
pasajeros_por_despacho,productividad_por_despacho,calendario_ruta_lags_productividad_lags_demanda_lags_despachos,validation,5,historical_average_route_day_type_slot,3,freeze_20260610_192142,multitarget_20260720_1435,363,398,35,0,7.056054303328403,9.176273531842819,15.511132141989828,14.483857139872297,-1.3308618531513703,1.3308618531513703,0.18861275663986757
pasajeros_por_despacho,productividad_por_despacho,calendario_ruta_lags_productividad_lags_demanda_lags_despachos,validation,5,naive,1,freeze_20260610_192142,multitarget_20260720_1435,341,386,25,30,9.036168132942326,13.145638949676153,18.65467905421824,18.611243655486632,-0.1670576735092865,0.1670576735092865,0.018487667676330602
pasajeros_por_despacho,productividad_por_despacho,calendario_ruta_lags_productividad_lags_demanda_lags_despachos,validation,5,naive,3,freeze_20260610_192142,multitarget_20260720_1435,344,398,35,36,9.771760797342193,12.172070828671142,20.57754657118969,19.83510365906343,0.07315891472868224,0.07315891472868224,0.007486768889040001
pasajeros_por_despacho,productividad_por_despacho,calendario_ruta_lags_productividad_lags_demanda_lags_despachos,validation,5,seasonal_naive_daily,1,freeze_20260610_192142,multitarget_20260720_1435,336,386,25,29,10.92579365079365,15.598849068501968,22.4206195344467,22.607132006995705,-0.36299603174603173,0.36299603174603173,0.03322376784222569
pasajeros_por_despacho,productividad_por_despacho,calendario_ruta_lags_productividad_lags_demanda_lags_despachos,validation,5,seasonal_naive_daily,3,freeze_20260610_192142,multitarget_20260720_1435,341,398,35,38,10.51328026811898,13.963894729946212,22.57568720421979,21.559234085569017,-0.17556207233626564,0.17556207233626564,0.01669907658303843
pasajeros_por_despacho,productividad_por_despacho,calendario_ruta_lags_productividad_lags_demanda_lags_despachos,validation,5,seasonal_naive_weekly,1,freeze_20260610_192142,multitarget_20260720_1435,345,386,25,30,9.581062801932365,13.39199090090249,19.493353527692346,19.657845177916542,-0.7498550724637683,0.7498550724637683,0.07826428945988467
pasajeros_por_despacho,productividad_por_despacho,calendario_ruta_lags_productividad_lags_demanda_lags_despachos,validation,5,seasonal_naive_weekly,3,freeze_20260610_192142,multitarget_20260720_1435,344,398,35,38,8.50985603543743,11.10556496871145,17.775647101385665,17.243115923990292,0.9338316722037656,0.9338316722037656,0.10973530789651767
pasajeros_por_despacho,productividad_por_despacho,calendario_ruta_lags_productividad_lags_demanda_lags_despachos,validation,6,historical_average_route_day_type_slot,1,freeze_20260610_192142,multitarget_20260720_1435,308,379,71,0,8.938186671943377,11.967741962926782,22.476840010952,22.850135666452744,3.9440806326370246,3.9440806326370246,0.4412618327850929
pasajeros_por_despacho,productividad_por_despacho,calendario_ruta_lags_productividad_lags_demanda_lags_despachos,validation,6,historical_average_route_day_type_slot,3,freeze_20260610_192142,multitarget_20260720_1435,311,390,79,0,8.158299504391119,10.221032566519114,20.199201325388927,19.919667636948425,4.005861516385594,4.005861516385594,0.4910167264917746
pasajeros_por_despacho,productividad_por_despacho,calendario_ruta_lags_productividad_lags_demanda_lags_despachos,validation,6,naive,1,freeze_20260610_192142,multitarget_20260720_1435,278,379,71,73,7.717505995203837,10.2723990505722,20.248952041909895,19.50855795372916,-0.27218225419664266,0.27218225419664266,0.035268162326766515
pasajeros_por_despacho,productividad_por_despacho,calendario_ruta_lags_productividad_lags_demanda_lags_despachos,validation,6,naive,3,freeze_20260610_192142,multitarget_20260720_1435,282,390,79,80,8.412352245862886,10.775233318740066,20.946115564700936,19.989860205660875,-0.5553782505910165,0.5553782505910165,0.0660193765500186
pasajeros_por_despacho,productividad_por_despacho,calendario_ruta_lags_productividad_lags_demanda_lags_despachos,validation,6,seasonal_naive_daily,1,freeze_20260610_192142,multitarget_20260720_1435,257,379,71,67,11.860959792477301,16.458672187813505,29.427421318876444,30.753812782700805,2.746692607003891,2.746692607003891,0.231574227976555
pasajeros_por_despacho,productividad_por_despacho,calendario_ruta_lags_productividad_lags_demanda_lags_despachos,validation,6,seasonal_naive_daily,3,freeze_20260610_192142,multitarget_20260720_1435,259,390,79,75,13.217824967824967,16.749821611707514,32.447470618567436,32.85045092303682,3.5649292149292147,3.5649292149292147,0.2697061902095859
pasajeros_por_despacho,productividad_por_despacho,calendario_ruta_lags_productividad_lags_demanda_lags_despachos,validation,6,seasonal_naive_weekly,1,freeze_20260610_192142,multitarget_20260720_1435,299,379,71,38,12.133389074693422,16.71105913455926,27.926613744567764,30.812928030077824,7.214214046822743,7.214214046822743,0.5945753492624258
pasajeros_por_despacho,productividad_por_despacho,calendario_ruta_lags_productividad_lags_demanda_lags_despachos,validation,6,seasonal_naive_weekly,3,freeze_20260610_192142,multitarget_20260720_1435,295,390,79,48,10.936981436642455,14.44715734382609,25.63945168111033,26.480563608834963,5.84088781275222,5.84088781275222,0.5340493486789089
pasajeros_por_despacho,productividad_por_despacho,calendario_ruta_lags_productividad_lags_demanda_lags_despachos,validation,7,historical_average_route_day_type_slot,1,freeze_20260610_192142,multitarget_20260720_1435,349,386,37,0,6.408374659142601,8.191553077931088,15.233889101193258,14.98795585108989,2.1318098027322394,2.1318098027322394,0.3326599826199084
pasajeros_por_despacho,productividad_por_despacho,calendario_ruta_lags_productividad_lags_demanda_lags_despachos,validation,7,historical_average_route_day_type_slot,3,freeze_20260610_192142,multitarget_20260720_1435,350,398,48,0,5.954355026286619,7.733757294490699,13.135858781432002,12.616189938041645,0.8314258054188775,0.8314258054188775,0.139633226730417
pasajeros_por_despacho,productividad_por_despacho,calendario_ruta_lags_productividad_lags_demanda_lags_despachos,validation,7,naive,1,freeze_20260610_192142,multitarget_20260720_1435,326,386,37,38,7.761860940695297,10.192848382364764,18.027794031209822,18.18210124932935,0.3353783231083844,0.3353783231083844,0.04320849415763195
pasajeros_por_despacho,productividad_por_despacho,calendario_ruta_lags_productividad_lags_demanda_lags_despachos,validation,7,naive,3,freeze_20260610_192142,multitarget_20260720_1435,328,398,48,49,8.470782520325205,10.952299762519097,17.728469285669913,17.65374286246802,-0.15675813008130082,0.15675813008130082,0.01850574367895384
pasajeros_por_despacho,productividad_por_despacho,calendario_ruta_lags_productividad_lags_demanda_lags_despachos,validation,7,seasonal_naive_daily,1,freeze_20260610_192142,multitarget_20260720_1435,320,386,37,46,9.624479166666665,12.881586166026985,23.383656863640486,22.581685848288803,-0.7666666666666667,0.7666666666666667,0.07965799015098221
pasajeros_por_despacho,productividad_por_despacho,calendario_ruta_lags_productividad_lags_demanda_lags_despachos,validation,7,seasonal_naive_daily,3,freeze_20260610_192142,multitarget_20260720_1435,320,398,48,55,10.642500000000002,14.360232692617174,24.002223589251653,22.700922763803135,-0.9197916666666666,0.9197916666666666,0.08642627828674337
pasajeros_por_despacho,productividad_por_despacho,calendario_ruta_lags_productividad_lags_demanda_lags_despachos,validation,7,seasonal_naive_weekly,1,freeze_20260610_192142,multitarget_20260720_1435,305,386,37,69,9.106612021857922,11.625389939990427,22.901347270063138,21.10441334768568,-4.508142076502732,4.508142076502732,0.49504053381017815
pasajeros_por_despacho,productividad_por_despacho,calendario_ruta_lags_productividad_lags_demanda_lags_despachos,validation,7,seasonal_naive_weekly,3,freeze_20260610_192142,multitarget_20260720_1435,304,398,48,81,9.167927631578948,12.293603735264433,20.78229588912479,19.097886045157093,-5.378125,5.378125,0.5866238495900683
pasajeros_por_despacho,productividad_por_despacho,calendario_ruta_lags_productividad_lags_demanda_lags_despachos,validation,8,historical_average_route_day_type_slot,1,freeze_20260610_192142,multitarget_20260720_1435,338,386,48,0,6.366837287984382,8.488550206839925,14.459456986963287,14.100798437059229,-0.03830840463163436,0.03830840463163436,0.006016865658547725
pasajeros_por_despacho,productividad_por_despacho,calendario_ruta_lags_productividad_lags_demanda_lags_despachos,validation,8,historical_average_route_day_type_slot,3,freeze_20260610_192142,multitarget_20260720_1435,351,398,47,0,6.914045425740001,9.221289359935374,14.895114740197297,14.234191107170032,-0.7627867891539707,0.7627867891539707,0.11032423743040864
pasajeros_por_despacho,productividad_por_despacho,calendario_ruta_lags_productividad_lags_demanda_lags_despachos,validation,8,naive,1,freeze_20260610_192142,multitarget_20260720_1435,308,386,48,50,8.224891774891775,10.296653409169963,18.227142321386182,18.234582075174043,0.7916666666666667,0.7916666666666667,0.09625253296139373
pasajeros_por_despacho,productividad_por_despacho,calendario_ruta_lags_productividad_lags_demanda_lags_despachos,validation,8,naive,3,freeze_20260610_192142,multitarget_20260720_1435,326,398,47,48,9.394069529652352,12.036449414982286,19.918539138058108,19.088400774556003,0.08241308793456031,0.08241308793456031,0.008772884602825607
pasajeros_por_despacho,productividad_por_despacho,calendario_ruta_lags_productividad_lags_demanda_lags_despachos,validation,8,seasonal_naive_daily,1,freeze_20260610_192142,multitarget_20260720_1435,300,386,48,50,8.87716666666667,11.600849386207956,20.04077377875356,19.679490416364416,-0.10883333333333335,0.10883333333333335,0.012259917766554643
pasajeros_por_despacho,productividad_por_despacho,calendario_ruta_lags_productividad_lags_demanda_lags_despachos,validation,8,seasonal_naive_daily,3,freeze_20260610_192142,multitarget_20260720_1435,314,398,47,50,11.48423566878981,14.67832125369281,24.633371563280594,23.734396956563234,0.5835987261146499,0.5835987261146499,0.05081737635362795
pasajeros_por_despacho,productividad_por_despacho,calendario_ruta_lags_productividad_lags_demanda_lags_despachos,validation,8,seasonal_naive_weekly,1,freeze_20260610_192142,multitarget_20260720_1435,323,386,48,43,8.240196078431374,10.92030757236536,18.115967140230783,18.074061834014486,-0.6497936016511867,0.6497936016511867,0.07885657033720526
pasajeros_por_despacho,productividad_por_despacho,calendario_ruta_lags_productividad_lags_demanda_lags_despachos,validation,8,seasonal_naive_weekly,3,freeze_20260610_192142,multitarget_20260720_1435,328,398,47,47,9.011483739837399,12.029368772960648,18.54071871340213,18.211224158681002,0.3850609756097559,0.3850609756097559,0.04273003056172677
pasajeros_por_despacho,productividad_por_despacho,calendario_ruta_lags_productividad_lags_demanda_lags_despachos,validation,9,historical_average_route_day_type_slot,1,freeze_20260610_192142,multitarget_20260720_1435,360,386,26,0,6.604917771295336,8.919496632593455,15.282596506399477,14.622639797138866,-0.6252146887471616,0.6252146887471616,0.09465896630300462
pasajeros_por_despacho,productividad_por_despacho,calendario_ruta_lags_productividad_lags_demanda_lags_despachos,validation,9,historical_average_route_day_type_slot,3,freeze_20260610_192142,multitarget_20260720_1435,368,398,30,0,6.96994077944324,9.487109563956968,14.738585866365037,14.075967458562863,-2.2449190756322337,2.2449190756322337,0.32208581775232215
pasajeros_por_despacho,productividad_por_despacho,calendario_ruta_lags_productividad_lags_demanda_lags_despachos,validation,9,naive,1,freeze_20260610_192142,multitarget_20260720_1435,341,386,26,28,9.96642228739003,12.619231774944488,22.589955974120812,22.082893833428273,0.984115347018573,0.984115347018573,0.09874309141643742
pasajeros_por_despacho,productividad_por_despacho,calendario_ruta_lags_productividad_lags_demanda_lags_despachos,validation,9,naive,3,freeze_20260610_192142,multitarget_20260720_1435,347,398,30,31,10.49519692603266,13.990581838553936,21.50504305824359,20.951618837430825,0.4394812680115272,0.4394812680115272,0.041874513752231
pasajeros_por_despacho,productividad_por_despacho,calendario_ruta_lags_productividad_lags_demanda_lags_despachos,validation,9,seasonal_naive_daily,1,freeze_20260610_192142,multitarget_20260720_1435,337,386,26,29,10.875865479723045,14.44287512715784,25.053823989599415,24.049255534959503,0.38209693372898124,0.38209693372898124,0.035132554226729125
pasajeros_por_despacho,productividad_por_despacho,calendario_ruta_lags_productividad_lags_demanda_lags_despachos,validation,9,seasonal_naive_daily,3,freeze_20260610_192142,multitarget_20260720_1435,348,398,30,29,11.9996921182266,15.674678662528764,25.467375830580686,24.313075475299744,0.6237753147235906,0.6237753147235906,0.051982609935143614
pasajeros_por_despacho,productividad_por_despacho,calendario_ruta_lags_productividad_lags_demanda_lags_despachos,validation,9,seasonal_naive_weekly,1,freeze_20260610_192142,multitarget_20260720_1435,339,386,26,36,8.287413962635203,11.300981428710008,18.859223550970842,17.963454154646875,-0.7342182890855457,0.7342182890855457,0.08859437846303524
pasajeros_por_despacho,productividad_por_despacho,calendario_ruta_lags_productividad_lags_demanda_lags_despachos,validation,9,seasonal_naive_weekly,3,freeze_20260610_192142,multitarget_20260720_1435,349,398,30,37,8.993389275480967,11.923696161873606,18.72162637797557,17.84320514479481,-1.257163323782235,1.257163323782235,0.13978749115305053
pasajeros_total,oferta_historica_rezagada,calendario_ruta_lags_demanda_lags_despachos,test_final,test_final,historical_average_route_day_type_slot,1,freeze_20260610_192142,multitarget_20260720_1435,1544,1919,375,0,36.08155289201961,45.14642854514956,35.928661613421546,35.6844935659426,27.860430263644606,27.860430263644606,0.7721516406741651
pasajeros_total,oferta_historica_rezagada,calendario_ruta_lags_demanda_lags_despachos,test_final,test_final,historical_average_route_day_type_slot,3,freeze_20260610_192142,multitarget_20260720_1435,1583,1976,393,0,38.41392300748946,49.95711813433539,34.15008638549418,32.5810330694684,27.098396409169226,27.098396409169226,0.7054316322726508
pasajeros_total,oferta_historica_rezagada,calendario_ruta_lags_demanda_lags_despachos,test_final,test_final,naive,1,freeze_20260610_192142,multitarget_20260720_1435,1394,1919,375,367,43.559540889526545,55.86714359211537,42.671533603332776,41.19818169482326,1.2467718794835008,1.2467718794835008,0.028622245644082868
pasajeros_total,oferta_historica_rezagada,calendario_ruta_lags_demanda_lags_despachos,test_final,test_final,naive,3,freeze_20260610_192142,multitarget_20260720_1435,1443,1976,393,394,55.27927927927928,73.23090244401658,46.05788429960849,44.31407841960823,0.2993762993762994,0.2993762993762994,0.0054157055460836425
pasajeros_total,oferta_historica_rezagada,calendario_ruta_lags_demanda_lags_despachos,test_final,test_final,seasonal_naive_daily,1,freeze_20260610_192142,multitarget_20260720_1435,1292,1919,375,389,47.5046439628483,60.91696119301021,50.795983920553475,46.85047784800464,4.766253869969041,4.766253869969041,0.10033237747653806
pasajeros_total,oferta_historica_rezagada,calendario_ruta_lags_demanda_lags_despachos,test_final,test_final,seasonal_naive_daily,3,freeze_20260610_192142,multitarget_20260720_1435,1336,1976,393,404,53.0688622754491,68.10230284428428,51.101172669171326,45.500635340324216,6.3517964071856285,6.3517964071856285,0.11968970380818054
pasajeros_total,oferta_historica_rezagada,calendario_ruta_lags_demanda_lags_despachos,test_final,test_final,seasonal_naive_weekly,1,freeze_20260610_192142,multitarget_20260720_1435,1381,1919,375,360,42.84576393917451,55.66610659643876,44.93894041643276,41.290421627053355,1.5177407675597394,1.5177407675597394,0.03542335643062363
pasajeros_total,oferta_historica_rezagada,calendario_ruta_lags_demanda_lags_despachos,test_final,test_final,seasonal_naive_weekly,3,freeze_20260610_192142,multitarget_20260720_1435,1423,1976,393,378,47.45115952213633,62.551505130548044,44.09546258815199,39.22950448225978,1.545326774420239,1.545326774420239,0.03256668098277624
pasajeros_total,oferta_historica_rezagada,calendario_ruta_lags_demanda_lags_despachos,validation,1,historical_average_route_day_type_slot,1,freeze_20260610_192142,multitarget_20260720_1435,361,386,25,0,28.02238423884812,36.48322326097036,21.185448728632807,19.18795301724962,1.321487772911022,1.321487772911022,0.04715829180155952
pasajeros_total,oferta_historica_rezagada,calendario_ruta_lags_demanda_lags_despachos,validation,1,historical_average_route_day_type_slot,3,freeze_20260610_192142,multitarget_20260720_1435,373,398,25,0,31.688272057207616,41.256361103386226,25.086187624222138,20.291722565775277,-0.17117189993373766,0.17117189993373766,0.00540174294214329
pasajeros_total,oferta_historica_rezagada,calendario_ruta_lags_demanda_lags_despachos,validation,1,naive,1,freeze_20260610_192142,multitarget_20260720_1435,342,386,25,26,47.00877192982456,61.6619960298559,33.8530752055865,32.1347191684989,5.330409356725146,5.330409356725146,0.1133918019531007
pasajeros_total,oferta_historica_rezagada,calendario_ruta_lags_demanda_lags_despachos,validation,1,naive,3,freeze_20260610_192142,multitarget_20260720_1435,351,398,25,28,57.623931623931625,75.08392265722031,40.51056943776583,35.38550359523435,0.19373219373219372,0.19373219373219372,0.003362009294966874
pasajeros_total,oferta_historica_rezagada,calendario_ruta_lags_demanda_lags_despachos,validation,1,seasonal_naive_daily,1,freeze_20260610_192142,multitarget_20260720_1435,338,386,25,34,66.31656804733728,86.27345749102456,55.40242177285886,45.391033169980965,-5.665680473372781,5.665680473372781,0.0854338612536248
pasajeros_total,oferta_historica_rezagada,calendario_ruta_lags_demanda_lags_despachos,validation,1,seasonal_naive_daily,3,freeze_20260610_192142,multitarget_20260720_1435,344,398,25,37,75.63953488372093,100.82375827431815,58.952041060669124,47.596400087802735,-5.8604651162790695,5.8604651162790695,0.07747886241352805
pasajeros_total,oferta_historica_rezagada,calendario_ruta_lags_demanda_lags_despachos,validation,1,seasonal_naive_weekly,1,freeze_20260610_192142,multitarget_20260720_1435,343,386,25,32,44.160349854227405,59.05640432779734,34.97231694042768,29.74958263772955,-5.769679300291545,5.769679300291545,0.1306529345745032
pasajeros_total,oferta_historica_rezagada,calendario_ruta_lags_demanda_lags_despachos,validation,1,seasonal_naive_weekly,3,freeze_20260610_192142,multitarget_20260720_1435,348,398,25,38,49.514367816091955,69.10368272036767,37.27783233497092,30.69400406142007,-10.232758620689655,10.232758620689655,0.2066624107712843
pasajeros_total,oferta_historica_rezagada,calendario_ruta_lags_demanda_lags_despachos,validation,10,historical_average_route_day_type_slot,1,freeze_20260610_192142,multitarget_20260720_1435,360,386,26,0,30.913164214589447,40.613176313871215,25.8260018048465,24.108531265033687,14.676747857841328,14.676747857841328,0.4747733928484308
pasajeros_total,oferta_historica_rezagada,calendario_ruta_lags_demanda_lags_despachos,validation,10,historical_average_route_day_type_slot,3,freeze_20260610_192142,multitarget_20260720_1435,374,398,24,0,35.64715640642427,48.26249743299082,26.816421567909643,24.824572192538273,9.104235934832275,9.104235934832275,0.2553986587606613
pasajeros_total,oferta_historica_rezagada,calendario_ruta_lags_demanda_lags_despachos,validation,10,naive,1,freeze_20260610_192142,multitarget_20260720_1435,337,386,26,33,47.34421364985163,61.72262545113908,37.601839600384665,36.22184889211769,3.9376854599406528,3.9376854599406528,0.08317141961767471
pasajeros_total,oferta_historica_rezagada,calendario_ruta_lags_demanda_lags_despachos,validation,10,naive,3,freeze_20260610_192142,multitarget_20260720_1435,355,398,24,31,55.28169014084507,74.60738550459321,40.05820682988268,37.12496689493398,0.504225352112676,0.504225352112676,0.009121019108280254
pasajeros_total,oferta_historica_rezagada,calendario_ruta_lags_demanda_lags_despachos,validation,10,seasonal_naive_daily,1,freeze_20260610_192142,multitarget_20260720_1435,335,386,26,29,57.829850746268654,74.43448486631335,49.46138843193337,44.85529057652234,3.011940298507463,3.011940298507463,0.05208279564342126
pasajeros_total,oferta_historica_rezagada,calendario_ruta_lags_demanda_lags_despachos,validation,10,seasonal_naive_daily,3,freeze_20260610_192142,multitarget_20260720_1435,347,398,24,31,60.85878962536023,79.14266838851327,49.58244124138314,42.31300967761326,5.498559077809798,5.498559077809798,0.09034946491144995
pasajeros_total,oferta_historica_rezagada,calendario_ruta_lags_demanda_lags_despachos,validation,10,seasonal_naive_weekly,1,freeze_20260610_192142,multitarget_20260720_1435,349,386,26,23,41.06303724928367,52.6850130655692,33.40410919633815,31.265817261541144,0.4040114613180516,0.4040114613180516,0.009838810969227549
pasajeros_total,oferta_historica_rezagada,calendario_ruta_lags_demanda_lags_despachos,validation,10,seasonal_naive_weekly,3,freeze_20260610_192142,multitarget_20260720_1435,362,398,24,24,44.469613259668506,58.94256967029022,32.917722531618,30.18733474600109,0.6022099447513812,0.6022099447513812,0.01354205491365387
pasajeros_total,oferta_historica_rezagada,calendario_ruta_lags_demanda_lags_despachos,validation,11,historical_average_route_day_type_slot,1,freeze_20260610_192142,multitarget_20260720_1435,364,386,22,0,30.654927083358846,39.71826008231573,26.409905201520306,24.402198828575283,14.904283540353156,14.904283540353156,0.4861953675448149
pasajeros_total,oferta_historica_rezagada,calendario_ruta_lags_demanda_lags_despachos,validation,11,historical_average_route_day_type_slot,3,freeze_20260610_192142,multitarget_20260720_1435,369,398,29,0,36.45394251718313,50.94686634830384,26.87511505196364,25.534367480714838,11.012911839883099,11.012911839883099,0.3021048226729384
pasajeros_total,oferta_historica_rezagada,calendario_ruta_lags_demanda_lags_despachos,validation,11,naive,1,freeze_20260610_192142,multitarget_20260720_1435,342,386,22,30,44.833333333333336,58.60261156186937,37.07143522212881,35.47581036995905,4.815789473684211,4.815789473684211,0.10741537859518685
pasajeros_total,oferta_historica_rezagada,calendario_ruta_lags_demanda_lags_despachos,validation,11,naive,3,freeze_20260610_192142,multitarget_20260720_1435,348,398,29,31,55.34770114942529,75.07266594715945,40.66799737781603,37.31161132850335,0.6580459770114943,0.6580459770114943,0.011889310004672653
pasajeros_total,oferta_historica_rezagada,calendario_ruta_lags_demanda_lags_despachos,validation,11,seasonal_naive_daily,1,freeze_20260610_192142,multitarget_20260720_1435,339,386,22,27,54.985250737463126,70.05408782675667,50.41734847473241,43.36295538082166,1.392330383480826,1.392330383480826,0.02532188841201717
pasajeros_total,oferta_historica_rezagada,calendario_ruta_lags_demanda_lags_despachos,validation,11,seasonal_naive_daily,3,freeze_20260610_192142,multitarget_20260720_1435,346,398,29,30,60.138728323699425,80.67357332811044,50.481748428534615,42.020234657404224,1.716763005780347,1.716763005780347,0.028546712802768166
pasajeros_total,oferta_historica_rezagada,calendario_ruta_lags_demanda_lags_despachos,validation,11,seasonal_naive_weekly,1,freeze_20260610_192142,multitarget_20260720_1435,347,386,22,24,39.389048991354464,51.754352167713506,32.04976680528403,30.344337632928536,0.3919308357348703,0.3919308357348703,0.009950248756218905
pasajeros_total,oferta_historica_rezagada,calendario_ruta_lags_demanda_lags_despachos,validation,11,seasonal_naive_weekly,3,freeze_20260610_192142,multitarget_20260720_1435,358,398,29,22,41.60335195530726,57.05324377893271,31.50090288130339,28.5008993838264,-0.5810055865921788,0.5810055865921788,0.013965355176581176
pasajeros_total,oferta_historica_rezagada,calendario_ruta_lags_demanda_lags_despachos,validation,12,historical_average_route_day_type_slot,1,freeze_20260610_192142,multitarget_20260720_1435,351,383,32,0,28.022491766890045,37.214821606595514,26.50599279426152,23.23073833296742,13.860809410222013,13.860809410222013,0.4946315811429461
pasajeros_total,oferta_historica_rezagada,calendario_ruta_lags_demanda_lags_despachos,validation,12,historical_average_route_day_type_slot,3,freeze_20260610_192142,multitarget_20260720_1435,354,396,42,0,35.64754639279332,49.25559520050253,29.22654243196699,26.512661350607893,11.613215181186213,11.613215181186213,0.3257788082585677
pasajeros_total,oferta_historica_rezagada,calendario_ruta_lags_demanda_lags_despachos,validation,12,naive,1,freeze_20260610_192142,multitarget_20260720_1435,332,383,32,37,41.98795180722892,55.121825646930475,38.3114021982248,34.66971746916037,4.156626506024097,4.156626506024097,0.09899569583931134
pasajeros_total,oferta_historica_rezagada,calendario_ruta_lags_demanda_lags_despachos,validation,12,naive,3,freeze_20260610_192142,multitarget_20260720_1435,332,396,42,44,52.34939759036145,69.1245601742037,41.17220929212177,37.72192559795112,2.1987951807228914,2.1987951807228914,0.04200230149597237
pasajeros_total,oferta_historica_rezagada,calendario_ruta_lags_demanda_lags_despachos,validation,12,seasonal_naive_daily,1,freeze_20260610_192142,multitarget_20260720_1435,322,383,32,33,54.82919254658385,70.5526762371464,51.80942005159351,45.57422752265159,5.1397515527950315,5.1397515527950315,0.09374114981591619
pasajeros_total,oferta_historica_rezagada,calendario_ruta_lags_demanda_lags_despachos,validation,12,seasonal_naive_daily,3,freeze_20260610_192142,multitarget_20260720_1435,327,396,42,41,54.9388379204893,71.38419547711085,49.239153826247524,41.42168730257546,8.247706422018348,8.247706422018348,0.15012524352908432
pasajeros_total,oferta_historica_rezagada,calendario_ruta_lags_demanda_lags_despachos,validation,12,seasonal_naive_weekly,1,freeze_20260610_192142,multitarget_20260720_1435,334,383,32,28,47.18562874251497,65.3842168140235,43.97027089256324,38.437149407345984,-1.6047904191616766,1.6047904191616766,0.03401015228426396
pasajeros_total,oferta_historica_rezagada,calendario_ruta_lags_demanda_lags_despachos,validation,12,seasonal_naive_weekly,3,freeze_20260610_192142,multitarget_20260720_1435,333,396,42,34,50.81681681681682,70.5072994751556,42.557131869146524,37.00496402720375,3.069069069069069,3.069069069069069,0.06039475239333412
pasajeros_total,oferta_historica_rezagada,calendario_ruta_lags_demanda_lags_despachos,validation,13,historical_average_route_day_type_slot,1,freeze_20260610_192142,multitarget_20260720_1435,366,386,20,0,31.55704351067642,42.52178681513657,27.51079314456216,25.438578783136727,15.196033724014182,15.196033724014182,0.4815417426183489
pasajeros_total,oferta_historica_rezagada,calendario_ruta_lags_demanda_lags_despachos,validation,13,historical_average_route_day_type_slot,3,freeze_20260610_192142,multitarget_20260720_1435,373,398,25,0,32.25849538155499,42.94289882859679,23.93105752271179,22.23326147438055,6.603378391876462,6.603378391876462,0.2047019959787769
pasajeros_total,oferta_historica_rezagada,calendario_ruta_lags_demanda_lags_despachos,validation,13,naive,1,freeze_20260610_192142,multitarget_20260720_1435,349,386,20,25,47.19484240687679,62.20100976709177,41.227751465738244,38.0445327297085,4.2206303724928365,4.2206303724928365,0.08942990710946512
pasajeros_total,oferta_historica_rezagada,calendario_ruta_lags_demanda_lags_despachos,validation,13,naive,3,freeze_20260610_192142,multitarget_20260720_1435,351,398,25,29,54.83475783475784,70.14703726891705,39.895627149329705,36.276764173703256,0.6410256410256411,0.6410256410256411,0.011690133527302957
pasajeros_total,oferta_historica_rezagada,calendario_ruta_lags_demanda_lags_despachos,validation,13,seasonal_naive_daily,1,freeze_20260610_192142,multitarget_20260720_1435,344,386,20,25,57.56395348837209,74.28081538919535,51.91759600548876,45.83584093329012,2.354651162790698,2.354651162790698,0.04090495909504091
pasajeros_total,oferta_historica_rezagada,calendario_ruta_lags_demanda_lags_despachos,validation,13,seasonal_naive_daily,3,freeze_20260610_192142,multitarget_20260720_1435,346,398,25,33,59.6849710982659,77.31197590604647,48.1659801456869,40.90197864881459,3.054913294797688,3.054913294797688,0.05118396203573677
pasajeros_total,oferta_historica_rezagada,calendario_ruta_lags_demanda_lags_despachos,validation,13,seasonal_naive_weekly,1,freeze_20260610_192142,multitarget_20260720_1435,350,386,20,31,39.70285714285714,52.811632917649604,33.8771639650998,31.00816709064132,2.8457142857142856,2.8457142857142856,0.07167530224525043
pasajeros_total,oferta_historica_rezagada,calendario_ruta_lags_demanda_lags_despachos,validation,13,seasonal_naive_weekly,3,freeze_20260610_192142,multitarget_20260720_1435,347,398,25,41,42.93948126801153,55.08855851752617,31.852640732252187,28.278610742076292,-2.2420749279538903,2.2420749279538903,0.052214765100671134
pasajeros_total,oferta_historica_rezagada,calendario_ruta_lags_demanda_lags_despachos,validation,14,historical_average_route_day_type_slot,1,freeze_20260610_192142,multitarget_20260720_1435,338,382,44,0,34.94398901138886,43.85040860278465,38.00013456158567,34.1795007693293,26.436608100301868,26.436608100301868,0.7565423653174145
pasajeros_total,oferta_historica_rezagada,calendario_ruta_lags_demanda_lags_despachos,validation,14,historical_average_route_day_type_slot,3,freeze_20260610_192142,multitarget_20260720_1435,347,392,45,0,36.49129439816496,49.08336170743699,34.79822616217862,30.267668593673335,18.35586250806281,18.35586250806281,0.5030203178812389
pasajeros_total,oferta_historica_rezagada,calendario_ruta_lags_demanda_lags_despachos,validation,14,naive,1,freeze_20260610_192142,multitarget_20260720_1435,316,382,44,46,38.54430379746835,52.82320644603569,41.31559920898498,37.37572112434025,3.7468354430379747,3.7468354430379747,0.09720853858784893
pasajeros_total,oferta_historica_rezagada,calendario_ruta_lags_demanda_lags_despachos,validation,14,naive,3,freeze_20260610_192142,multitarget_20260720_1435,323,392,45,48,49.22600619195047,69.80135458690742,44.10824564495787,39.033731035498604,0.848297213622291,0.848297213622291,0.017232704402515724
pasajeros_total,oferta_historica_rezagada,calendario_ruta_lags_demanda_lags_despachos,validation,14,seasonal_naive_daily,1,freeze_20260610_192142,multitarget_20260720_1435,303,382,44,49,42.93399339933993,59.28003131081512,50.18995563882588,42.6496623172251,4.438943894389439,4.438943894389439,0.10338996079637175
pasajeros_total,oferta_historica_rezagada,calendario_ruta_lags_demanda_lags_despachos,validation,14,seasonal_naive_daily,3,freeze_20260610_192142,multitarget_20260720_1435,313,392,45,46,53.61341853035144,73.76443379631363,54.72580641624427,44.46829371704163,1.1916932907348243,1.1916932907348243,0.022227519218163398
pasajeros_total,oferta_historica_rezagada,calendario_ruta_lags_demanda_lags_despachos,validation,14,seasonal_naive_weekly,1,freeze_20260610_192142,multitarget_20260720_1435,317,382,44,35,58.063091482649845,75.2846124427991,64.47681486796662,56.996872387204654,1.6529968454258674,1.6529968454258674,0.028468977507334563
pasajeros_total,oferta_historica_rezagada,calendario_ruta_lags_demanda_lags_despachos,validation,14,seasonal_naive_weekly,3,freeze_20260610_192142,multitarget_20260720_1435,321,392,45,40,58.54205607476636,75.66160933872513,58.942280465262556,49.238831390017026,0.3987538940809969,0.3987538940809969,0.006811409110259684
pasajeros_total,oferta_historica_rezagada,calendario_ruta_lags_demanda_lags_despachos,validation,15,historical_average_route_day_type_slot,1,freeze_20260610_192142,multitarget_20260720_1435,349,384,35,0,25.796798437609635,33.721877826795335,22.720298958947104,20.659696761498374,8.526341054773303,8.526341054773303,0.33051935011991995
pasajeros_total,oferta_historica_rezagada,calendario_ruta_lags_demanda_lags_despachos,validation,15,historical_average_route_day_type_slot,3,freeze_20260610_192142,multitarget_20260720_1435,349,395,46,0,29.366377747464185,38.69920917045307,23.208674535429,20.500191690732887,4.515349104523879,4.515349104523879,0.15375914398955057
pasajeros_total,oferta_historica_rezagada,calendario_ruta_lags_demanda_lags_despachos,validation,15,naive,1,freeze_20260610_192142,multitarget_20260720_1435,323,384,35,42,42.95046439628483,55.998534921127124,34.62918960326593,33.54612501511304,4.325077399380805,4.325077399380805,0.10069919988466806
pasajeros_total,oferta_historica_rezagada,calendario_ruta_lags_demanda_lags_despachos,validation,15,naive,3,freeze_20260610_192142,multitarget_20260720_1435,327,395,46,51,47.22018348623853,63.390276992022855,35.07596036307114,31.94116916966613,2.529051987767584,2.529051987767584,0.05355870733760767
pasajeros_total,oferta_historica_rezagada,calendario_ruta_lags_demanda_lags_despachos,validation,15,seasonal_naive_daily,1,freeze_20260610_192142,multitarget_20260720_1435,312,384,35,40,58.48397435897436,73.08563207214272,54.49070096336257,47.86475001311579,5.086538461538462,5.086538461538462,0.08697320107414917
pasajeros_total,oferta_historica_rezagada,calendario_ruta_lags_demanda_lags_despachos,validation,15,seasonal_naive_daily,3,freeze_20260610_192142,multitarget_20260720_1435,305,395,46,47,70.91803278688525,92.5672108502258,57.59166525055216,48.965454792411826,3.055737704918033,3.055737704918033,0.04308830328247804
pasajeros_total,oferta_historica_rezagada,calendario_ruta_lags_demanda_lags_despachos,validation,15,seasonal_naive_weekly,1,freeze_20260610_192142,multitarget_20260720_1435,317,384,35,43,39.397476340694006,50.8440741268541,35.18834723164274,30.366173896129155,-5.056782334384858,5.056782334384858,0.12835295059652493
pasajeros_total,oferta_historica_rezagada,calendario_ruta_lags_demanda_lags_despachos,validation,15,seasonal_naive_weekly,3,freeze_20260610_192142,multitarget_20260720_1435,316,395,46,52,40.40506329113924,53.45363541650377,33.6253581263538,27.496500484548292,-1.2215189873417722,1.2215189873417722,0.03023182957393484
pasajeros_total,oferta_historica_rezagada,calendario_ruta_lags_demanda_lags_despachos,validation,16,historical_average_route_day_type_slot,1,freeze_20260610_192142,multitarget_20260720_1435,362,386,24,0,27.623556860562037,35.360586700445005,23.907132709616878,22.24880984208134,14.468935806326657,14.468935806326657,0.5237897450847055
pasajeros_total,oferta_historica_rezagada,calendario_ruta_lags_demanda_lags_despachos,validation,16,historical_average_route_day_type_slot,3,freeze_20260610_192142,multitarget_20260720_1435,362,398,36,0,32.79925852427756,43.89854807924546,24.913917052137624,22.07882846902668,5.424560079579229,5.424560079579229,0.16538666798104731
pasajeros_total,oferta_historica_rezagada,calendario_ruta_lags_demanda_lags_despachos,validation,16,naive,1,freeze_20260610_192142,multitarget_20260720_1435,343,386,24,28,43.30320699708455,54.597199812858975,36.44917384990245,34.71706051469041,3.892128279883382,3.892128279883382,0.08988083215512017
pasajeros_total,oferta_historica_rezagada,calendario_ruta_lags_demanda_lags_despachos,validation,16,naive,3,freeze_20260610_192142,multitarget_20260720_1435,342,398,36,39,51.08479532163743,65.4412597642509,38.187656831694966,33.9697847601641,5.06140350877193,5.06140350877193,0.09907847289794516
pasajeros_total,oferta_historica_rezagada,calendario_ruta_lags_demanda_lags_despachos,validation,16,seasonal_naive_daily,1,freeze_20260610_192142,multitarget_20260720_1435,341,386,24,28,52.598240469208214,67.55872866019475,48.35003461031898,42.229180891389824,2.686217008797654,2.686217008797654,0.05107047279214986
pasajeros_total,oferta_historica_rezagada,calendario_ruta_lags_demanda_lags_despachos,validation,16,seasonal_naive_daily,3,freeze_20260610_192142,multitarget_20260720_1435,339,398,36,37,59.72271386430678,76.03562276461962,48.65017526887889,40.58209224478342,4.23598820058997,4.23598820058997,0.0709275906351872
pasajeros_total,oferta_historica_rezagada,calendario_ruta_lags_demanda_lags_despachos,validation,16,seasonal_naive_weekly,1,freeze_20260610_192142,multitarget_20260720_1435,353,386,24,22,34.373937677053824,45.27442292403975,29.297434613560608,27.135700867698365,1.954674220963173,1.954674220963173,0.05686500741717488
pasajeros_total,oferta_historica_rezagada,calendario_ruta_lags_demanda_lags_despachos,validation,16,seasonal_naive_weekly,3,freeze_20260610_192142,multitarget_20260720_1435,350,398,36,32,41.51714285714286,53.01522692316129,30.976168432243444,27.242730459888637,-0.82,0.82,0.019750877434450483
pasajeros_total,oferta_historica_rezagada,calendario_ruta_lags_demanda_lags_despachos,validation,17,historical_average_route_day_type_slot,1,freeze_20260610_192142,multitarget_20260720_1435,349,383,34,0,28.768841684774433,36.65770723224511,27.116567538315007,24.80685316001946,16.479404545258124,16.479404545258124,0.5728212739958749
pasajeros_total,oferta_historica_rezagada,calendario_ruta_lags_demanda_lags_despachos,validation,17,historical_average_route_day_type_slot,3,freeze_20260610_192142,multitarget_20260720_1435,353,396,43,0,33.621914317046766,45.86929708589834,27.480641477534828,24.330741602946922,7.838649284581701,7.838649284581701,0.23314107610486054
pasajeros_total,oferta_historica_rezagada,calendario_ruta_lags_demanda_lags_despachos,validation,17,naive,1,freeze_20260610_192142,multitarget_20260720_1435,329,383,34,33,39.58358662613982,49.86318668134074,38.09943718100525,33.514334242627,1.9544072948328268,1.9544072948328268,0.04937418413575981
pasajeros_total,oferta_historica_rezagada,calendario_ruta_lags_demanda_lags_despachos,validation,17,naive,3,freeze_20260610_192142,multitarget_20260720_1435,331,396,43,47,45.036253776435046,60.61818996541203,35.48870159596092,32.245295262816356,5.308157099697885,5.308157099697885,0.11786409069564634
pasajeros_total,oferta_historica_rezagada,calendario_ruta_lags_demanda_lags_despachos,validation,17,seasonal_naive_daily,1,freeze_20260610_192142,multitarget_20260720_1435,324,383,34,36,50.98765432098765,66.0692678039355,49.77049627481677,43.90814373803955,3.4135802469135803,3.4135802469135803,0.06694915254237288
pasajeros_total,oferta_historica_rezagada,calendario_ruta_lags_demanda_lags_despachos,validation,17,seasonal_naive_daily,3,freeze_20260610_192142,multitarget_20260720_1435,329,396,43,42,64.19756838905775,85.54330210457395,54.570458319218986,46.13284406875915,3.492401215805471,3.492401215805471,0.054400833293878126
pasajeros_total,oferta_historica_rezagada,calendario_ruta_lags_demanda_lags_despachos,validation,17,seasonal_naive_weekly,1,freeze_20260610_192142,multitarget_20260720_1435,328,383,34,34,41.073170731707314,54.91673297798777,39.333039361661676,34.674285125987694,-1.2926829268292683,1.2926829268292683,0.03147268408551069
pasajeros_total,oferta_historica_rezagada,calendario_ruta_lags_demanda_lags_despachos,validation,17,seasonal_naive_weekly,3,freeze_20260610_192142,multitarget_20260720_1435,334,396,43,43,56.7814371257485,79.05021901138859,46.13353728260897,39.67490219869877,-1.4461077844311376,1.4461077844311376,0.025467967308199314
pasajeros_total,oferta_historica_rezagada,calendario_ruta_lags_demanda_lags_despachos,validation,18,historical_average_route_day_type_slot,1,freeze_20260610_192142,multitarget_20260720_1435,335,383,48,0,32.81030232386749,41.69937429681676,30.806544669932162,29.92418196753589,26.099044217194127,26.099044217194127,0.7954527196845933
pasajeros_total,oferta_historica_rezagada,calendario_ruta_lags_demanda_lags_despachos,validation,18,historical_average_route_day_type_slot,3,freeze_20260610_192142,multitarget_20260720_1435,324,396,72,0,38.16713590718434,49.06549063689464,30.660272072977197,27.69202802294815,17.471900097658217,17.471900097658217,0.4577734137595957
pasajeros_total,oferta_historica_rezagada,calendario_ruta_lags_demanda_lags_despachos,validation,18,naive,1,freeze_20260610_192142,multitarget_20260720_1435,314,383,48,48,40.64331210191083,52.19238053573779,39.12161742661362,36.23200749510263,2.3694267515923566,2.3694267515923566,0.05829807240244475
pasajeros_total,oferta_historica_rezagada,calendario_ruta_lags_demanda_lags_despachos,validation,18,naive,3,freeze_20260610_192142,multitarget_20260720_1435,300,396,72,74,50.11,65.1635634384738,39.69913305314146,35.84235372657479,6.1033333333333335,6.1033333333333335,0.12179870950575401
pasajeros_total,oferta_historica_rezagada,calendario_ruta_lags_demanda_lags_despachos,validation,18,seasonal_naive_daily,1,freeze_20260610_192142,multitarget_20260720_1435,319,383,48,33,44.1692789968652,55.605134965061985,43.49463285248489,39.87096409066471,7.74294670846395,7.74294670846395,0.17530163236337828
pasajeros_total,oferta_historica_rezagada,calendario_ruta_lags_demanda_lags_despachos,validation,18,seasonal_naive_daily,3,freeze_20260610_192142,multitarget_20260720_1435,308,396,72,50,54.314935064935064,68.79677865457622,44.79740964601659,39.433797704075616,10.613636363636363,10.613636363636363,0.19540916970530217
pasajeros_total,oferta_historica_rezagada,calendario_ruta_lags_demanda_lags_despachos,validation,18,seasonal_naive_weekly,1,freeze_20260610_192142,multitarget_20260720_1435,326,383,48,28,37.23006134969325,48.8605440077799,35.25810155908,33.29218784287909,9.340490797546012,9.340490797546012,0.2508857213479443
pasajeros_total,oferta_historica_rezagada,calendario_ruta_lags_demanda_lags_despachos,validation,18,seasonal_naive_weekly,3,freeze_20260610_192142,multitarget_20260720_1435,311,396,72,44,48.72668810289389,62.8561876154083,37.915128563901376,34.26491204268982,9.434083601286174,9.434083601286174,0.19361224759139503
pasajeros_total,oferta_historica_rezagada,calendario_ruta_lags_demanda_lags_despachos,validation,19,historical_average_route_day_type_slot,1,freeze_20260610_192142,multitarget_20260720_1435,347,383,36,0,30.802743412805505,39.973752550964704,28.947840594216643,27.21256674027066,17.84058023005175,17.84058023005175,0.5791880285129068
pasajeros_total,oferta_historica_rezagada,calendario_ruta_lags_demanda_lags_despachos,validation,19,historical_average_route_day_type_slot,3,freeze_20260610_192142,multitarget_20260720_1435,352,396,44,0,32.73950258070749,46.192814423747706,27.034252499431638,24.153385677716837,9.671445570661005,9.671445570661005,0.2954060021779356
pasajeros_total,oferta_historica_rezagada,calendario_ruta_lags_demanda_lags_despachos,validation,19,naive,1,freeze_20260610_192142,multitarget_20260720_1435,323,383,36,38,44.70897832817337,57.678864354188306,41.929899163450926,38.84808866650526,3.328173374613003,3.328173374613003,0.07444082819749324
pasajeros_total,oferta_historica_rezagada,calendario_ruta_lags_demanda_lags_despachos,validation,19,naive,3,freeze_20260610_192142,multitarget_20260720_1435,328,396,44,46,48.72256097560975,68.03265446218258,39.434721331992456,35.544928825622776,5.3567073170731705,5.3567073170731705,0.10994305738063952
pasajeros_total,oferta_historica_rezagada,calendario_ruta_lags_demanda_lags_despachos,validation,19,seasonal_naive_daily,1,freeze_20260610_192142,multitarget_20260720_1435,301,383,36,58,52.61794019933555,70.43712589479313,52.48650215492926,46.773574318537555,-0.11960132890365449,0.11960132890365449,0.0022730142694784693
pasajeros_total,oferta_historica_rezagada,calendario_ruta_lags_demanda_lags_despachos,validation,19,seasonal_naive_daily,3,freeze_20260610_192142,multitarget_20260720_1435,306,396,44,67,65.49019607843137,85.3503736049808,57.75606600201617,48.139518124384445,-0.1111111111111111,0.1111111111111111,0.0016966067864271457
pasajeros_total,oferta_historica_rezagada,calendario_ruta_lags_demanda_lags_despachos,validation,19,seasonal_naive_weekly,1,freeze_20260610_192142,multitarget_20260720_1435,310,383,36,56,42.20967741935484,55.0563054898669,41.29095930139247,35.25433775191292,-8.1,8.1,0.19189912113106608
pasajeros_total,oferta_historica_rezagada,calendario_ruta_lags_demanda_lags_despachos,validation,19,seasonal_naive_weekly,3,freeze_20260610_192142,multitarget_20260720_1435,310,396,44,70,51.72258064516129,70.98868605902702,43.17189222434431,34.879269088536006,-13.296774193548387,13.296774193548387,0.2570787077460397
pasajeros_total,oferta_historica_rezagada,calendario_ruta_lags_demanda_lags_despachos,validation,2,historical_average_route_day_type_slot,1,freeze_20260610_192142,multitarget_20260720_1435,349,380,31,0,29.38134195752968,39.79458169106505,24.34596403530683,22.00825966513105,-2.5126839601755067,2.5126839601755067,0.08551971396703242
pasajeros_total,oferta_historica_rezagada,calendario_ruta_lags_demanda_lags_despachos,validation,2,historical_average_route_day_type_slot,3,freeze_20260610_192142,multitarget_20260720_1435,356,394,38,0,29.267461501080984,39.535885684902006,25.391551824440416,20.17390418491845,-5.540056679719706,5.540056679719706,0.18929064550115104
pasajeros_total,oferta_historica_rezagada,calendario_ruta_lags_demanda_lags_despachos,validation,2,naive,1,freeze_20260610_192142,multitarget_20260720_1435,330,380,31,33,48.67272727272727,65.9898522960963,38.39155138049592,36.171602297038625,3.5757575757575757,3.5757575757575757,0.07346532187772382
pasajeros_total,oferta_historica_rezagada,calendario_ruta_lags_demanda_lags_despachos,validation,2,naive,3,freeze_20260610_192142,multitarget_20260720_1435,336,394,38,40,52.11309523809524,72.19904695321387,40.220981690566795,34.65199580455562,0.02976190476190476,0.02976190476190476,0.0005711022272986864
pasajeros_total,oferta_historica_rezagada,calendario_ruta_lags_demanda_lags_despachos,validation,2,seasonal_naive_daily,1,freeze_20260610_192142,multitarget_20260720_1435,335,380,31,27,57.37313432835821,75.74001091715886,47.13929031557919,42.93820651445422,11.850746268656716,11.850746268656716,0.20655567117585846
pasajeros_total,oferta_historica_rezagada,calendario_ruta_lags_demanda_lags_despachos,validation,2,seasonal_naive_daily,3,freeze_20260610_192142,multitarget_20260720_1435,339,394,38,36,62.176991150442475,81.30328522753899,49.16269349744674,42.81796575050277,13.616519174041297,13.616519174041297,0.21899610968782618
pasajeros_total,oferta_historica_rezagada,calendario_ruta_lags_demanda_lags_despachos,validation,2,seasonal_naive_weekly,1,freeze_20260610_192142,multitarget_20260720_1435,330,380,31,32,46.93333333333333,62.00298135549368,37.97249429296776,33.82988947621336,3.1454545454545455,3.1454545454545455,0.06701962809917356
pasajeros_total,oferta_historica_rezagada,calendario_ruta_lags_demanda_lags_despachos,validation,2,seasonal_naive_weekly,3,freeze_20260610_192142,multitarget_20260720_1435,336,394,38,34,46.892857142857146,65.26365939859056,37.339002474913855,31.08489356245191,5.517857142857143,5.517857142857143,0.11766945925361767
pasajeros_total,oferta_historica_rezagada,calendario_ruta_lags_demanda_lags_despachos,validation,20,historical_average_route_day_type_slot,1,freeze_20260610_192142,multitarget_20260720_1435,338,387,49,0,38.59869354678171,48.539515227768895,33.20733868891029,34.13311291615357,29.622169967910445,29.622169967910445,0.7674397044554967
pasajeros_total,oferta_historica_rezagada,calendario_ruta_lags_demanda_lags_despachos,validation,20,historical_average_route_day_type_slot,3,freeze_20260610_192142,multitarget_20260720_1435,354,398,44,0,33.48051349838033,44.10247078089784,27.934393700110782,25.054119516396728,21.5027104009014,21.5027104009014,0.6422455378989819
pasajeros_total,oferta_historica_rezagada,calendario_ruta_lags_demanda_lags_despachos,validation,20,naive,1,freeze_20260610_192142,multitarget_20260720_1435,310,387,49,52,48.512903225806454,63.534521985067045,42.00037419466462,41.54419889502762,2.706451612903226,2.706451612903226,0.055788283795465125
pasajeros_total,oferta_historica_rezagada,calendario_ruta_lags_demanda_lags_despachos,validation,20,naive,3,freeze_20260610_192142,multitarget_20260720_1435,326,398,44,46,50.42944785276074,64.95047665089082,40.05200636676972,35.65387117761874,0.7055214723926381,0.7055214723926381,0.013990267639902677
pasajeros_total,oferta_historica_rezagada,calendario_ruta_lags_demanda_lags_despachos,validation,20,seasonal_naive_daily,1,freeze_20260610_192142,multitarget_20260720_1435,299,387,49,51,45.45484949832776,59.101720600388795,43.026360133503495,40.14710660798157,4.752508361204013,4.752508361204013,0.10455448458538738
pasajeros_total,oferta_historica_rezagada,calendario_ruta_lags_demanda_lags_despachos,validation,20,seasonal_naive_daily,3,freeze_20260610_192142,multitarget_20260720_1435,316,398,44,46,51.05696202531646,69.24475029226386,44.587579613274364,37.81997187060478,4.531645569620253,4.531645569620253,0.08875666294781208
pasajeros_total,oferta_historica_rezagada,calendario_ruta_lags_demanda_lags_despachos,validation,20,seasonal_naive_weekly,1,freeze_20260610_192142,multitarget_20260720_1435,321,387,49,42,40.953271028037385,53.16939367414314,35.07439866898479,34.91540729329898,6.161993769470405,6.161993769470405,0.15046401947360413
pasajeros_total,oferta_historica_rezagada,calendario_ruta_lags_demanda_lags_despachos,validation,20,seasonal_naive_weekly,3,freeze_20260610_192142,multitarget_20260720_1435,333,398,44,42,40.8948948948949,52.38154088823491,32.27212694381645,29.18872575286679,7.375375375375375,7.375375375375375,0.18034953737700102
pasajeros_total,oferta_historica_rezagada,calendario_ruta_lags_demanda_lags_despachos,validation,21,historical_average_route_day_type_slot,1,freeze_20260610_192142,multitarget_20260720_1435,345,386,41,0,35.29648452482985,43.370028846497405,32.03552341111933,31.594850192170355,28.268473893944744,28.268473893944744,0.8008863849899515
pasajeros_total,oferta_historica_rezagada,calendario_ruta_lags_demanda_lags_despachos,validation,21,historical_average_route_day_type_slot,3,freeze_20260610_192142,multitarget_20260720_1435,347,398,51,0,37.81479595697063,50.32741249033713,30.001059367388333,28.440188558387465,23.32117791938193,23.32117791938193,0.6167209773105492
pasajeros_total,oferta_historica_rezagada,calendario_ruta_lags_demanda_lags_despachos,validation,21,naive,1,freeze_20260610_192142,multitarget_20260720_1435,321,386,41,42,43.66355140186916,56.49718102856509,40.431874385687415,38.22302217131637,3.202492211838006,3.202492211838006,0.0733447488584475
pasajeros_total,oferta_historica_rezagada,calendario_ruta_lags_demanda_lags_despachos,validation,21,naive,3,freeze_20260610_192142,multitarget_20260720_1435,316,398,51,51,54.41772151898734,69.72050894169239,43.01294797562889,38.64443345768349,0.7151898734177216,0.7151898734177216,0.013142591300302396
pasajeros_total,oferta_historica_rezagada,calendario_ruta_lags_demanda_lags_despachos,validation,21,seasonal_naive_daily,1,freeze_20260610_192142,multitarget_20260720_1435,311,386,41,44,44.31511254019293,56.55876493237137,44.52728166472893,39.94435266498566,4.057877813504823,4.057877813504823,0.09156871281381511
pasajeros_total,oferta_historica_rezagada,calendario_ruta_lags_demanda_lags_despachos,validation,21,seasonal_naive_daily,3,freeze_20260610_192142,multitarget_20260720_1435,309,398,51,53,55.20388349514563,71.56909893473647,47.06842876673245,41.08381502890173,2.9967637540453076,2.9967637540453076,0.05428537929417283
pasajeros_total,oferta_historica_rezagada,calendario_ruta_lags_demanda_lags_despachos,validation,21,seasonal_naive_weekly,1,freeze_20260610_192142,multitarget_20260720_1435,328,386,41,45,37.15853658536585,47.204536780726144,34.985868285467824,32.18378663850013,-2.4146341463414633,2.4146341463414633,0.06498194945848376
pasajeros_total,oferta_historica_rezagada,calendario_ruta_lags_demanda_lags_despachos,validation,21,seasonal_naive_weekly,3,freeze_20260610_192142,multitarget_20260720_1435,327,398,51,48,39.56880733944954,52.760291110292535,32.45166433069375,28.495606404298897,-0.28440366972477066,0.28440366972477066,0.007187572455367494
pasajeros_total,oferta_historica_rezagada,calendario_ruta_lags_demanda_lags_despachos,validation,22,historical_average_route_day_type_slot,1,freeze_20260610_192142,multitarget_20260720_1435,336,381,45,0,30.357792710294007,40.02326131980196,30.87359614825793,28.95568271683307,19.018694901462727,19.018694901462727,0.6264847738753314
pasajeros_total,oferta_historica_rezagada,calendario_ruta_lags_demanda_lags_despachos,validation,22,historical_average_route_day_type_slot,3,freeze_20260610_192142,multitarget_20260720_1435,347,393,46,0,31.45662057114658,41.05654607613471,28.17454486795915,25.188525067930918,10.395168076107137,10.395168076107137,0.330460420965946
pasajeros_total,oferta_historica_rezagada,calendario_ruta_lags_demanda_lags_despachos,validation,22,naive,1,freeze_20260610_192142,multitarget_20260720_1435,312,381,45,45,44.11217948717949,55.89536355250466,44.133469574203744,40.839762611275965,2.1121794871794872,2.1121794871794872,0.04788200247039163
pasajeros_total,oferta_historica_rezagada,calendario_ruta_lags_demanda_lags_despachos,validation,22,naive,3,freeze_20260610_192142,multitarget_20260720_1435,323,393,46,48,51.959752321981426,69.55188276592395,43.25147464613861,40.034827413468186,0.8018575851393189,0.8018575851393189,0.015432282666984449
pasajeros_total,oferta_historica_rezagada,calendario_ruta_lags_demanda_lags_despachos,validation,22,seasonal_naive_daily,1,freeze_20260610_192142,multitarget_20260720_1435,315,381,45,37,54.4,70.15805285890124,55.86709801240449,52.04081632653062,8.076190476190476,8.076190476190476,0.1484593837535014
pasajeros_total,oferta_historica_rezagada,calendario_ruta_lags_demanda_lags_despachos,validation,22,seasonal_naive_daily,3,freeze_20260610_192142,multitarget_20260720_1435,327,393,46,36,67.19266055045871,87.16310416586107,59.51115555356075,53.87803143620804,9.859327217125383,9.859327217125383,0.14673220462406703
pasajeros_total,oferta_historica_rezagada,calendario_ruta_lags_demanda_lags_despachos,validation,22,seasonal_naive_weekly,1,freeze_20260610_192142,multitarget_20260720_1435,317,381,45,43,49.74763406940063,63.465234279447124,51.0988864163016,46.34554912275546,2.315457413249211,2.315457413249211,0.0465440710209258
pasajeros_total,oferta_historica_rezagada,calendario_ruta_lags_demanda_lags_despachos,validation,22,seasonal_naive_weekly,3,freeze_20260610_192142,multitarget_20260720_1435,322,393,46,45,56.42546583850932,78.62978352471065,50.320939656780936,43.43221858341501,-2.1335403726708075,2.1335403726708075,0.03781165721833893
pasajeros_total,oferta_historica_rezagada,calendario_ruta_lags_demanda_lags_despachos,validation,23,historical_average_route_day_type_slot,1,freeze_20260610_192142,multitarget_20260720_1435,355,386,31,0,29.098467374478705,37.3289459116357,24.501012909189924,24.17947642418412,15.262609534150272,15.262609534150272,0.5245159251080213
pasajeros_total,oferta_historica_rezagada,calendario_ruta_lags_demanda_lags_despachos,validation,23,historical_average_route_day_type_slot,3,freeze_20260610_192142,multitarget_20260720_1435,362,398,36,0,31.588868538065956,42.608124635016125,24.722034711997576,22.5279164908981,10.845241053733783,10.845241053733783,0.34332477089721647
pasajeros_total,oferta_historica_rezagada,calendario_ruta_lags_demanda_lags_despachos,validation,23,naive,1,freeze_20260610_192142,multitarget_20260720_1435,334,386,31,33,41.61377245508982,54.647399968830115,34.96827780048285,33.98122341205809,2.434131736526946,2.434131736526946,0.058493416792575
pasajeros_total,oferta_historica_rezagada,calendario_ruta_lags_demanda_lags_despachos,validation,23,naive,3,freeze_20260610_192142,multitarget_20260720_1435,336,398,36,37,54.666666666666664,72.24347062274242,40.91957105759324,37.01285616410752,-0.14285714285714285,0.14285714285714285,0.0026132404181184667
pasajeros_total,oferta_historica_rezagada,calendario_ruta_lags_demanda_lags_despachos,validation,23,seasonal_naive_daily,1,freeze_20260610_192142,multitarget_20260720_1435,317,386,31,46,55.02839116719243,71.75888474211521,51.05929424077091,45.73076418927776,-2.0630914826498423,2.0630914826498423,0.03749140105480395
pasajeros_total,oferta_historica_rezagada,calendario_ruta_lags_demanda_lags_despachos,validation,23,seasonal_naive_daily,3,freeze_20260610_192142,multitarget_20260720_1435,319,398,36,52,60.67084639498432,80.38426521430601,51.30043127883893,43.75070642222574,-0.6144200626959248,0.6144200626959248,0.010127105507905344
pasajeros_total,oferta_historica_rezagada,calendario_ruta_lags_demanda_lags_despachos,validation,23,seasonal_naive_weekly,1,freeze_20260610_192142,multitarget_20260720_1435,328,386,31,42,37.60060975609756,52.53712392436326,33.37684235117269,30.342469123653004,-7.064024390243903,7.064024390243903,0.1878699424308765
pasajeros_total,oferta_historica_rezagada,calendario_ruta_lags_demanda_lags_despachos,validation,23,seasonal_naive_weekly,3,freeze_20260610_192142,multitarget_20260720_1435,334,398,36,47,41.532934131736525,55.655538108580785,33.9099752762597,29.012423139666204,-3.9820359281437128,3.9820359281437128,0.09587658592848905
pasajeros_total,oferta_historica_rezagada,calendario_ruta_lags_demanda_lags_despachos,validation,24,historical_average_route_day_type_slot,1,freeze_20260610_192142,multitarget_20260720_1435,351,386,35,0,29.482616298746752,37.8944938768042,26.761457932815784,24.567680359100017,16.074299860968118,16.074299860968118,0.5452128026253696
pasajeros_total,oferta_historica_rezagada,calendario_ruta_lags_demanda_lags_despachos,validation,24,historical_average_route_day_type_slot,3,freeze_20260610_192142,multitarget_20260720_1435,365,398,33,0,29.679515772217687,39.50655449955724,24.534839717949186,21.818338516564534,13.651785260087044,13.651785260087044,0.4599733150924978
pasajeros_total,oferta_historica_rezagada,calendario_ruta_lags_demanda_lags_despachos,validation,24,naive,1,freeze_20260610_192142,multitarget_20260720_1435,328,386,35,36,42.801829268292686,56.84824149413603,37.511787859100096,34.856121359584876,2.1798780487804876,2.1798780487804876,0.05092955338699337
pasajeros_total,oferta_historica_rezagada,calendario_ruta_lags_demanda_lags_despachos,validation,24,naive,3,freeze_20260610_192142,multitarget_20260720_1435,342,398,33,35,50.67251461988304,68.24834252426898,39.21382307262559,35.6357056198721,-0.1871345029239766,0.1871345029239766,0.003693017888055395
pasajeros_total,oferta_historica_rezagada,calendario_ruta_lags_demanda_lags_despachos,validation,24,seasonal_naive_daily,1,freeze_20260610_192142,multitarget_20260720_1435,328,386,35,38,52.03963414634146,67.5623695594508,49.67435402975931,42.819155607957256,1.0640243902439024,1.0640243902439024,0.020446423340558906
pasajeros_total,oferta_historica_rezagada,calendario_ruta_lags_demanda_lags_despachos,validation,24,seasonal_naive_daily,3,freeze_20260610_192142,multitarget_20260720_1435,343,398,33,35,58.265306122448976,77.67340236144115,50.32999947201364,42.77428192286289,3.927113702623907,3.927113702623907,0.06740055041280961
pasajeros_total,oferta_historica_rezagada,calendario_ruta_lags_demanda_lags_despachos,validation,24,seasonal_naive_weekly,1,freeze_20260610_192142,multitarget_20260720_1435,335,386,35,33,35.66567164179104,47.42824902914031,30.602871915998016,28.72391576113088,0.3582089552238806,0.3582089552238806,0.01004352192835621
pasajeros_total,oferta_historica_rezagada,calendario_ruta_lags_demanda_lags_despachos,validation,24,seasonal_naive_weekly,3,freeze_20260610_192142,multitarget_20260720_1435,343,398,33,39,38.68513119533527,51.88799891580789,29.80177376181607,27.144406030726426,1.9387755102040816,1.9387755102040816,0.050116813625744216
pasajeros_total,oferta_historica_rezagada,calendario_ruta_lags_demanda_lags_despachos,validation,25,historical_average_route_day_type_slot,1,freeze_20260610_192142,multitarget_20260720_1435,355,386,31,0,32.853084158168755,41.501887405152104,29.534402707773427,27.286614749309596,14.606071775339844,14.606071775339844,0.4445875372010733
pasajeros_total,oferta_historica_rezagada,calendario_ruta_lags_demanda_lags_despachos,validation,25,historical_average_route_day_type_slot,3,freeze_20260610_192142,multitarget_20260720_1435,359,398,39,0,33.148156541910836,44.02112580567814,25.23569955577353,22.86562946457995,6.468673875345589,6.468673875345589,0.19514430213236528
pasajeros_total,oferta_historica_rezagada,calendario_ruta_lags_demanda_lags_despachos,validation,25,naive,1,freeze_20260610_192142,multitarget_20260720_1435,333,386,31,30,47.990990990990994,61.835464133655734,40.29534146894038,39.12213273274743,3.324324324324324,3.324324324324324,0.06926975783743194
pasajeros_total,oferta_historica_rezagada,calendario_ruta_lags_demanda_lags_despachos,validation,25,naive,3,freeze_20260610_192142,multitarget_20260720_1435,336,398,39,39,55.3125,72.61704427369389,40.39171825805122,36.420466793391995,-0.17559523809523808,0.17559523809523808,0.003174603174603174
pasajeros_total,oferta_historica_rezagada,calendario_ruta_lags_demanda_lags_despachos,validation,25,seasonal_naive_daily,1,freeze_20260610_192142,multitarget_20260720_1435,335,386,31,34,55.474626865671645,72.77271917907436,51.605308728979004,46.439102403918234,3.0925373134328358,3.0925373134328358,0.055746879035729655
pasajeros_total,oferta_historica_rezagada,calendario_ruta_lags_demanda_lags_despachos,validation,25,seasonal_naive_daily,3,freeze_20260610_192142,multitarget_20260720_1435,336,398,39,41,66.22321428571429,89.23192427334406,51.68480146637351,45.809400284108456,3.568452380952381,3.568452380952381,0.05388521864185879
pasajeros_total,oferta_historica_rezagada,calendario_ruta_lags_demanda_lags_despachos,validation,25,seasonal_naive_weekly,1,freeze_20260610_192142,multitarget_20260720_1435,340,386,31,31,39.34705882352941,51.48409234614011,34.380570619643514,31.67440098494176,0.06470588235294118,0.06470588235294118,0.0016444909552997462
pasajeros_total,oferta_historica_rezagada,calendario_ruta_lags_demanda_lags_despachos,validation,25,seasonal_naive_weekly,3,freeze_20260610_192142,multitarget_20260720_1435,348,398,39,33,45.3448275862069,59.431647206308966,33.52551382005347,30.536419227494388,-3.8620689655172415,3.8620689655172415,0.08517110266159696
pasajeros_total,oferta_historica_rezagada,calendario_ruta_lags_demanda_lags_despachos,validation,26,historical_average_route_day_type_slot,1,freeze_20260610_192142,multitarget_20260720_1435,338,383,45,0,28.71000433796867,35.91589532274308,27.32396689988294,24.81455906058766,13.988658737986672,13.988658737986672,0.4872398684902608
pasajeros_total,oferta_historica_rezagada,calendario_ruta_lags_demanda_lags_despachos,validation,26,historical_average_route_day_type_slot,3,freeze_20260610_192142,multitarget_20260720_1435,344,396,52,0,32.02955128361082,40.860955127144074,27.83152118221441,24.092374525095934,12.217513296757895,12.217513296757895,0.3814450345737271
pasajeros_total,oferta_historica_rezagada,calendario_ruta_lags_demanda_lags_despachos,validation,26,naive,1,freeze_20260610_192142,multitarget_20260720_1435,312,383,45,45,43.1025641025641,55.811495920850184,38.09510524179295,36.00439077936334,1.3782051282051282,1.3782051282051282,0.031975014872099944
pasajeros_total,oferta_historica_rezagada,calendario_ruta_lags_demanda_lags_despachos,validation,26,naive,3,freeze_20260610_192142,multitarget_20260720_1435,319,396,52,51,50.83699059561128,67.30655550385195,39.41072005759656,36.60143995305482,0.54858934169279,0.54858934169279,0.010791145094653759
pasajeros_total,oferta_historica_rezagada,calendario_ruta_lags_demanda_lags_despachos,validation,26,seasonal_naive_daily,1,freeze_20260610_192142,multitarget_20260720_1435,325,383,45,36,47.98153846153846,61.20799344479822,46.56990555320347,41.36010397050632,8.393846153846154,8.393846153846154,0.17493907913299986
pasajeros_total,oferta_historica_rezagada,calendario_ruta_lags_demanda_lags_despachos,validation,26,seasonal_naive_daily,3,freeze_20260610_192142,multitarget_20260720_1435,328,396,52,42,56.926829268292686,75.95208695088715,47.37229429755156,42.31327048585932,9.865853658536585,9.865853658536585,0.17330762639245928
pasajeros_total,oferta_historica_rezagada,calendario_ruta_lags_demanda_lags_despachos,validation,26,seasonal_naive_weekly,1,freeze_20260610_192142,multitarget_20260720_1435,323,383,45,33,40.027863777089784,53.90833292852903,36.33073575124384,33.44370004397423,4.046439628482972,4.046439628482972,0.10109057158326241
pasajeros_total,oferta_historica_rezagada,calendario_ruta_lags_demanda_lags_despachos,validation,26,seasonal_naive_weekly,3,freeze_20260610_192142,multitarget_20260720_1435,326,396,52,39,46.25153374233129,60.702078475850755,36.19600157354273,33.44275384820122,8.552147239263803,8.552147239263803,0.18490515983552194
pasajeros_total,oferta_historica_rezagada,calendario_ruta_lags_demanda_lags_despachos,validation,27,historical_average_route_day_type_slot,1,freeze_20260610_192142,multitarget_20260720_1435,356,386,30,0,30.921485192810053,39.36371951269166,29.490779159027568,27.43438935486699,20.997169832524634,20.997169832524634,0.6790479080030396
pasajeros_total,oferta_historica_rezagada,calendario_ruta_lags_demanda_lags_despachos,validation,27,historical_average_route_day_type_slot,3,freeze_20260610_192142,multitarget_20260720_1435,349,398,49,0,34.5826185776096,46.07424422102066,28.382379743690112,25.181168127656477,14.964876054581671,14.964876054581671,0.4327282510720755
pasajeros_total,oferta_historica_rezagada,calendario_ruta_lags_demanda_lags_despachos,validation,27,naive,1,freeze_20260610_192142,multitarget_20260720_1435,340,386,30,31,42.44705882352941,54.80360657947292,40.29672266232724,37.47111514994158,2.3588235294117648,2.3588235294117648,0.0555709534368071
pasajeros_total,oferta_historica_rezagada,calendario_ruta_lags_demanda_lags_despachos,validation,27,naive,3,freeze_20260610_192142,multitarget_20260720_1435,320,398,49,51,57.740625,77.42304647196467,42.4252710136254,40.00736185692014,0.084375,0.084375,0.0014612761811982466
pasajeros_total,oferta_historica_rezagada,calendario_ruta_lags_demanda_lags_despachos,validation,27,seasonal_naive_daily,1,freeze_20260610_192142,multitarget_20260720_1435,323,386,30,45,53.195046439628484,67.15035575957711,54.99291151243128,46.890265535027154,-2.4272445820433437,2.4272445820433437,0.04562914678151554
pasajeros_total,oferta_historica_rezagada,calendario_ruta_lags_demanda_lags_despachos,validation,27,seasonal_naive_daily,3,freeze_20260610_192142,multitarget_20260720_1435,308,398,49,62,63.52272727272727,83.97079346918282,56.25910019689033,45.65608008774181,-4.587662337662338,4.587662337662338,0.0722208024533606
pasajeros_total,oferta_historica_rezagada,calendario_ruta_lags_demanda_lags_despachos,validation,27,seasonal_naive_weekly,1,freeze_20260610_192142,multitarget_20260720_1435,332,386,30,40,39.37951807228916,51.03713507463468,38.18454416041925,34.161636748451826,-0.7289156626506024,0.7289156626506024,0.018510019886798224
pasajeros_total,oferta_historica_rezagada,calendario_ruta_lags_demanda_lags_despachos,validation,27,seasonal_naive_weekly,3,freeze_20260610_192142,multitarget_20260720_1435,320,398,49,51,47.4125,63.37315086059711,39.04839610346625,33.74029844107901,-3.33125,3.33125,0.07026100711837595
pasajeros_total,oferta_historica_rezagada,calendario_ruta_lags_demanda_lags_despachos,validation,28,historical_average_route_day_type_slot,1,freeze_20260610_192142,multitarget_20260720_1435,341,383,42,0,30.10184124294018,38.7446291729582,28.95206828576271,27.113761592906656,16.610655316735567,16.610655316735567,0.5518152588300984
pasajeros_total,oferta_historica_rezagada,calendario_ruta_lags_demanda_lags_despachos,validation,28,historical_average_route_day_type_slot,3,freeze_20260610_192142,multitarget_20260720_1435,352,396,44,0,30.427350959990132,40.90528741533742,26.84327530251156,23.62976556042123,12.142487139791028,12.142487139791028,0.39906487935008084
pasajeros_total,oferta_historica_rezagada,calendario_ruta_lags_demanda_lags_despachos,validation,28,naive,1,freeze_20260610_192142,multitarget_20260720_1435,312,383,42,41,44.1474358974359,58.24649213604066,40.57616282437336,38.58803754027175,1.955128205128205,1.955128205128205,0.04428633657615798
pasajeros_total,oferta_historica_rezagada,calendario_ruta_lags_demanda_lags_despachos,validation,28,naive,3,freeze_20260610_192142,multitarget_20260720_1435,323,396,44,44,50.98142414860681,65.90914564668671,42.57839116607885,37.689684374356275,-0.5789473684210527,0.5789473684210527,0.011356045424181697
pasajeros_total,oferta_historica_rezagada,calendario_ruta_lags_demanda_lags_despachos,validation,28,seasonal_naive_daily,1,freeze_20260610_192142,multitarget_20260720_1435,314,383,42,43,52.26433121019108,68.32148154690684,51.546015739897896,46.6831655003698,2.1369426751592355,2.1369426751592355,0.04088720979830601
pasajeros_total,oferta_historica_rezagada,calendario_ruta_lags_demanda_lags_despachos,validation,28,seasonal_naive_daily,3,freeze_20260610_192142,multitarget_20260720_1435,328,396,44,44,58.82012195121951,79.44385576941866,52.99738456799978,45.84511560487608,2.472560975609756,2.472560975609756,0.04203597159591562
pasajeros_total,oferta_historica_rezagada,calendario_ruta_lags_demanda_lags_despachos,validation,28,seasonal_naive_weekly,1,freeze_20260610_192142,multitarget_20260720_1435,319,383,42,43,43.275862068965516,58.19847674917931,43.96050825627009,37.896672888986494,-3.7460815047021945,3.7460815047021945,0.08656283955088737
pasajeros_total,oferta_historica_rezagada,calendario_ruta_lags_demanda_lags_despachos,validation,28,seasonal_naive_weekly,3,freeze_20260610_192142,multitarget_20260720_1435,320,396,44,53,52.171875,73.9051545901908,45.99681678453519,38.42878188012154,-5.284375,5.284375,0.10128781072177298
pasajeros_total,oferta_historica_rezagada,calendario_ruta_lags_demanda_lags_despachos,validation,29,historical_average_route_day_type_slot,1,freeze_20260610_192142,multitarget_20260720_1435,331,383,52,0,27.83871665311978,35.98152034040479,26.61739918367909,24.847283840319932,18.15276405176933,18.15276405176933,0.6520689972156105
pasajeros_total,oferta_historica_rezagada,calendario_ruta_lags_demanda_lags_despachos,validation,29,historical_average_route_day_type_slot,3,freeze_20260610_192142,multitarget_20260720_1435,343,396,53,0,33.382219982178626,43.487678356773195,27.994561277658164,26.13939698175342,16.60799124917744,16.60799124917744,0.4975100894441339
pasajeros_total,oferta_historica_rezagada,calendario_ruta_lags_demanda_lags_despachos,validation,29,naive,1,freeze_20260610_192142,multitarget_20260720_1435,300,383,52,53,40.63,51.674268258002456,37.62962356967841,35.172413793103445,2.73,2.73,0.06719173024858478
pasajeros_total,oferta_historica_rezagada,calendario_ruta_lags_demanda_lags_despachos,validation,29,naive,3,freeze_20260610_192142,multitarget_20260720_1435,311,396,53,52,52.636655948553056,70.00886484979077,40.7072242592044,38.77401170089296,-0.5209003215434084,0.5209003215434084,0.009896151496640195
pasajeros_total,oferta_historica_rezagada,calendario_ruta_lags_demanda_lags_despachos,validation,29,seasonal_naive_daily,1,freeze_20260610_192142,multitarget_20260720_1435,296,383,52,54,48.395270270270274,63.73570321934846,47.30448585791179,42.63519747611536,3.1655405405405403,3.1655405405405403,0.06541012216404886
pasajeros_total,oferta_historica_rezagada,calendario_ruta_lags_demanda_lags_despachos,validation,29,seasonal_naive_daily,3,freeze_20260610_192142,multitarget_20260720_1435,313,396,53,54,58.46964856230032,77.26356286740119,52.32062571570925,45.64409527372491,3.313099041533546,3.313099041533546,0.056663570296705094
pasajeros_total,oferta_historica_rezagada,calendario_ruta_lags_demanda_lags_despachos,validation,29,seasonal_naive_weekly,1,freeze_20260610_192142,multitarget_20260720_1435,307,383,52,49,43.43648208469055,56.09522499376375,42.74148297120021,38.04564907275321,2.042345276872964,2.042345276872964,0.047019122609673794
pasajeros_total,oferta_historica_rezagada,calendario_ruta_lags_demanda_lags_despachos,validation,29,seasonal_naive_weekly,3,freeze_20260610_192142,multitarget_20260720_1435,323,396,53,47,52.12383900928793,71.26973139421177,45.474294244865895,39.7844888699844,2.3529411764705883,2.3529411764705883,0.04514136374435733
pasajeros_total,oferta_historica_rezagada,calendario_ruta_lags_demanda_lags_despachos,validation,3,historical_average_route_day_type_slot,1,freeze_20260610_192142,multitarget_20260720_1435,352,386,34,0,29.531159048901362,38.859786633998546,21.746205346684125,19.927474858548578,1.9340615129203962,1.9340615129203962,0.06549223177179524
pasajeros_total,oferta_historica_rezagada,calendario_ruta_lags_demanda_lags_despachos,validation,3,historical_average_route_day_type_slot,3,freeze_20260610_192142,multitarget_20260720_1435,365,398,33,0,31.309517095559887,40.184118733086535,23.19606142116744,19.893073162879453,1.5214086637072355,1.5214086637072355,0.04859253047767357
pasajeros_total,oferta_historica_rezagada,calendario_ruta_lags_demanda_lags_despachos,validation,3,naive,1,freeze_20260610_192142,multitarget_20260720_1435,332,386,34,35,51.71987951807229,66.56234055922982,35.99911292990367,34.77177919079827,5.1656626506024095,5.1656626506024095,0.09987770077456176
pasajeros_total,oferta_historica_rezagada,calendario_ruta_lags_demanda_lags_despachos,validation,3,naive,3,freeze_20260610_192142,multitarget_20260720_1435,345,398,33,34,61.028985507246375,77.83149766634011,41.440920407989736,37.351428064573355,0.28695652173913044,0.28695652173913044,0.004701971028259321
pasajeros_total,oferta_historica_rezagada,calendario_ruta_lags_demanda_lags_despachos,validation,3,seasonal_naive_daily,1,freeze_20260610_192142,multitarget_20260720_1435,323,386,34,43,63.795665634674926,83.86577068303886,50.94281543835927,43.181961063727236,-4.204334365325077,4.204334365325077,0.06590313500922061
pasajeros_total,oferta_historica_rezagada,calendario_ruta_lags_demanda_lags_despachos,validation,3,seasonal_naive_daily,3,freeze_20260610_192142,multitarget_20260720_1435,338,398,33,41,74.02366863905326,96.769047327697,56.09596109516664,46.33333333333333,-7.7514792899408285,7.7514792899408285,0.10471622701838529
pasajeros_total,oferta_historica_rezagada,calendario_ruta_lags_demanda_lags_despachos,validation,3,seasonal_naive_weekly,1,freeze_20260610_192142,multitarget_20260720_1435,339,386,34,32,47.91740412979351,64.13104209719327,34.97994221627636,31.941167217240835,-2.094395280235988,2.094395280235988,0.04370844619551834
pasajeros_total,oferta_historica_rezagada,calendario_ruta_lags_demanda_lags_despachos,validation,3,seasonal_naive_weekly,3,freeze_20260610_192142,multitarget_20260720_1435,343,398,33,35,49.07871720116618,69.79039839730684,34.91630026877399,29.947874971091064,-3.63265306122449,3.63265306122449,0.07401687061898539
pasajeros_total,oferta_historica_rezagada,calendario_ruta_lags_demanda_lags_despachos,validation,30,historical_average_route_day_type_slot,1,freeze_20260610_192142,multitarget_20260720_1435,331,383,52,0,31.99638003675516,42.59425723425404,28.394394234741483,27.575904265390715,13.496668824726328,13.496668824726328,0.42181861851941743
pasajeros_total,oferta_historica_rezagada,calendario_ruta_lags_demanda_lags_despachos,validation,30,historical_average_route_day_type_slot,3,freeze_20260610_192142,multitarget_20260720_1435,334,396,62,0,35.01217051508804,46.26595535072279,28.978824597849524,26.678678055436322,15.206805664841362,15.206805664841362,0.4343291330164232
pasajeros_total,oferta_historica_rezagada,calendario_ruta_lags_demanda_lags_despachos,validation,30,naive,1,freeze_20260610_192142,multitarget_20260720_1435,299,383,52,55,50.220735785953174,65.52530211598649,42.59552621870676,41.75170304462672,2.2073578595317724,2.2073578595317724,0.043953116675546085
pasajeros_total,oferta_historica_rezagada,calendario_ruta_lags_demanda_lags_despachos,validation,30,naive,3,freeze_20260610_192142,multitarget_20260720_1435,306,396,62,62,59.19281045751634,76.93616316540863,44.5729451717593,42.80110588624495,-1.1405228758169934,1.1405228758169934,0.01926792911168774
pasajeros_total,oferta_historica_rezagada,calendario_ruta_lags_demanda_lags_despachos,validation,30,seasonal_naive_daily,1,freeze_20260610_192142,multitarget_20260720_1435,311,383,52,42,50.340836012861736,62.696430869148394,45.59543507922712,42.78998578768996,5.440514469453376,5.440514469453376,0.10807358201328564
pasajeros_total,oferta_historica_rezagada,calendario_ruta_lags_demanda_lags_despachos,validation,30,seasonal_naive_daily,3,freeze_20260610_192142,multitarget_20260720_1435,315,396,62,49,49.60634920634921,64.58674491757283,42.01360774872588,38.274628912947634,10.596825396825396,10.596825396825396,0.21361832842698067
pasajeros_total,oferta_historica_rezagada,calendario_ruta_lags_demanda_lags_despachos,validation,30,seasonal_naive_weekly,1,freeze_20260610_192142,multitarget_20260720_1435,309,383,52,49,46.24271844660194,61.003819711699,40.09757840581084,38.348407181771826,1.1812297734627832,1.1812297734627832,0.025544124851284208
pasajeros_total,oferta_historica_rezagada,calendario_ruta_lags_demanda_lags_despachos,validation,30,seasonal_naive_weekly,3,freeze_20260610_192142,multitarget_20260720_1435,311,396,62,55,43.79742765273312,58.50635494655117,35.52698738625497,32.109096909549514,7.180064308681672,7.180064308681672,0.16393803685485647
pasajeros_total,oferta_historica_rezagada,calendario_ruta_lags_demanda_lags_despachos,validation,31,historical_average_route_day_type_slot,1,freeze_20260610_192142,multitarget_20260720_1435,343,386,43,0,33.95512558296393,42.92800292381791,29.108881602798466,28.087126983448197,14.480842126249202,14.480842126249202,0.4264699917209134
pasajeros_total,oferta_historica_rezagada,calendario_ruta_lags_demanda_lags_despachos,validation,31,historical_average_route_day_type_slot,3,freeze_20260610_192142,multitarget_20260720_1435,349,398,49,0,36.54830967096344,47.02233357889077,28.709663108182724,27.24689211596155,17.234491422058234,17.234491422058234,0.471553721012453
pasajeros_total,oferta_historica_rezagada,calendario_ruta_lags_demanda_lags_despachos,validation,31,naive,1,freeze_20260610_192142,multitarget_20260720_1435,321,386,43,44,48.00311526479751,60.44505241432682,40.84276588067291,38.84001714012049,1.249221183800623,1.249221183800623,0.026023752352521256
pasajeros_total,oferta_historica_rezagada,calendario_ruta_lags_demanda_lags_despachos,validation,31,naive,3,freeze_20260610_192142,multitarget_20260720_1435,321,398,49,49,58.66355140186916,75.68279021813673,43.91526078894749,41.85131681297922,0.4205607476635514,0.4205607476635514,0.007169029791301578
pasajeros_total,oferta_historica_rezagada,calendario_ruta_lags_demanda_lags_despachos,validation,31,seasonal_naive_daily,1,freeze_20260610_192142,multitarget_20260720_1435,297,386,43,60,53.9057239057239,68.84985860771995,48.418776221316314,45.0351617440225,0.3569023569023569,0.3569023569023569,0.006620861961274204
pasajeros_total,oferta_historica_rezagada,calendario_ruta_lags_demanda_lags_despachos,validation,31,seasonal_naive_daily,3,freeze_20260610_192142,multitarget_20260720_1435,297,398,49,68,59.24242424242424,77.45760217486813,49.88980227741712,44.932199494369115,0.47474747474747475,0.47474747474747475,0.008013640238704177
pasajeros_total,oferta_historica_rezagada,calendario_ruta_lags_demanda_lags_despachos,validation,31,seasonal_naive_weekly,1,freeze_20260610_192142,multitarget_20260720_1435,316,386,43,55,42.37341772151899,55.04670054150684,38.17036207971418,34.38800143818378,-2.5569620253164556,2.5569620253164556,0.060343539955190435
pasajeros_total,oferta_historica_rezagada,calendario_ruta_lags_demanda_lags_despachos,validation,31,seasonal_naive_weekly,3,freeze_20260610_192142,multitarget_20260720_1435,322,398,49,62,45.34472049689441,60.91779921229562,37.82462711194246,33.376002925914925,-3.6739130434782608,3.6739130434782608,0.08102184781864255
pasajeros_total,oferta_historica_rezagada,calendario_ruta_lags_demanda_lags_despachos,validation,32,historical_average_route_day_type_slot,1,freeze_20260610_192142,multitarget_20260720_1435,301,382,81,0,44.42028239481795,56.680779919345554,43.989802124541754,47.89205888974928,34.129884465300385,34.129884465300385,0.7683401055838843
pasajeros_total,oferta_historica_rezagada,calendario_ruta_lags_demanda_lags_despachos,validation,32,historical_average_route_day_type_slot,3,freeze_20260610_192142,multitarget_20260720_1435,304,392,88,0,48.043960113272135,62.58055446456205,42.705844239854315,45.00327809957086,36.47011574115901,36.47011574115901,0.7590988681027597
pasajeros_total,oferta_historica_rezagada,calendario_ruta_lags_demanda_lags_despachos,validation,32,naive,1,freeze_20260610_192142,multitarget_20260720_1435,271,382,81,81,39.5239852398524,52.06506715363169,41.69247797005702,40.74637653593031,1.3247232472324724,1.3247232472324724,0.03351694519652693
pasajeros_total,oferta_historica_rezagada,calendario_ruta_lags_demanda_lags_despachos,validation,32,naive,3,freeze_20260610_192142,multitarget_20260720_1435,270,392,88,89,49.907407407407405,65.96517038334476,45.407600237521805,43.54359206359465,-1.1814814814814816,1.1814814814814816,0.023673469387755105
pasajeros_total,oferta_historica_rezagada,calendario_ruta_lags_demanda_lags_despachos,validation,32,seasonal_naive_daily,1,freeze_20260610_192142,multitarget_20260720_1435,235,382,81,86,55.45106382978724,68.75819486942721,62.77784953488232,61.06659168658325,11.331914893617022,11.331914893617022,0.2043588366203668
pasajeros_total,oferta_historica_rezagada,calendario_ruta_lags_demanda_lags_despachos,validation,32,seasonal_naive_daily,3,freeze_20260610_192142,multitarget_20260720_1435,238,392,88,89,60.10084033613445,76.17483207737847,62.19516503885403,57.41350244842257,7.2521008403361344,7.2521008403361344,0.12066554809843401
pasajeros_total,oferta_historica_rezagada,calendario_ruta_lags_demanda_lags_despachos,validation,32,seasonal_naive_weekly,1,freeze_20260610_192142,multitarget_20260720_1435,288,382,81,49,45.614583333333336,58.87955573315184,46.34693569186071,48.18795392854523,21.947916666666668,21.947916666666668,0.48116008221055034
pasajeros_total,oferta_historica_rezagada,calendario_ruta_lags_demanda_lags_despachos,validation,32,seasonal_naive_weekly,3,freeze_20260610_192142,multitarget_20260720_1435,291,392,88,56,51.7147766323024,67.36745928448494,46.31805135623511,47.44175782604584,21.419243986254294,21.419243986254294,0.41418034420891753
pasajeros_total,oferta_historica_rezagada,calendario_ruta_lags_demanda_lags_despachos,validation,33,historical_average_route_day_type_slot,1,freeze_20260610_192142,multitarget_20260720_1435,331,383,52,0,36.684350702210715,46.53656268863273,34.91016462930329,37.48038424061409,30.875210887023563,30.875210887023563,0.8416452873231016
pasajeros_total,oferta_historica_rezagada,calendario_ruta_lags_demanda_lags_despachos,validation,33,historical_average_route_day_type_slot,3,freeze_20260610_192142,multitarget_20260720_1435,336,396,60,0,38.55266146711323,50.81311573262727,33.07135339045103,33.60580670614343,30.20685131613467,30.20685131613467,0.7835218157870156
pasajeros_total,oferta_historica_rezagada,calendario_ruta_lags_demanda_lags_despachos,validation,33,naive,1,freeze_20260610_192142,multitarget_20260720_1435,306,383,52,54,39.74183006535948,50.31420880668936,41.52851233440182,39.49274185691553,1.238562091503268,1.238562091503268,0.031165200230244224
pasajeros_total,oferta_historica_rezagada,calendario_ruta_lags_demanda_lags_despachos,validation,33,naive,3,freeze_20260610_192142,multitarget_20260720_1435,314,396,60,60,49.146496815286625,66.21423442708019,42.6053575674883,41.06221063274972,-0.27388535031847133,0.27388535031847133,0.005572835666148263
pasajeros_total,oferta_historica_rezagada,calendario_ruta_lags_demanda_lags_despachos,validation,33,seasonal_naive_daily,1,freeze_20260610_192142,multitarget_20260720_1435,298,383,52,55,42.23154362416108,54.28779263821841,46.28419122800223,43.4100238004898,4.077181208053691,4.077181208053691,0.09654350417163289
pasajeros_total,oferta_historica_rezagada,calendario_ruta_lags_demanda_lags_despachos,validation,33,seasonal_naive_daily,3,freeze_20260610_192142,multitarget_20260720_1435,306,396,60,62,47.75816993464052,63.924434556226885,46.45152034481427,42.03411280812264,2.045751633986928,2.045751633986928,0.042835637060353086
pasajeros_total,oferta_historica_rezagada,calendario_ruta_lags_demanda_lags_despachos,validation,33,seasonal_naive_weekly,1,freeze_20260610_192142,multitarget_20260720_1435,275,383,52,87,38.21090909090909,50.282836399348405,44.35575734456032,38.88107748094428,-10.8,10.8,0.2826417967263038
pasajeros_total,oferta_historica_rezagada,calendario_ruta_lags_demanda_lags_despachos,validation,33,seasonal_naive_weekly,3,freeze_20260610_192142,multitarget_20260720_1435,282,396,60,94,46.773049645390074,60.40278515019576,47.816957805375324,40.19135840087757,-14.787234042553191,14.787234042553191,0.31614859742228957
pasajeros_total,oferta_historica_rezagada,calendario_ruta_lags_demanda_lags_despachos,validation,34,historical_average_route_day_type_slot,1,freeze_20260610_192142,multitarget_20260720_1435,341,386,45,0,35.37111693036577,44.93630227442917,33.08169141713574,33.521068515520895,28.725287471261105,28.725287471261105,0.8121114051278577
pasajeros_total,oferta_historica_rezagada,calendario_ruta_lags_demanda_lags_despachos,validation,34,historical_average_route_day_type_slot,3,freeze_20260610_192142,multitarget_20260720_1435,338,398,60,0,37.24288219727088,49.551104761239685,29.310370488029434,28.959451050606326,25.636648647256834,25.636648647256834,0.6883637123320027
pasajeros_total,oferta_historica_rezagada,calendario_ruta_lags_demanda_lags_despachos,validation,34,naive,1,freeze_20260610_192142,multitarget_20260720_1435,316,386,45,47,43.90506329113924,54.14058119050413,41.44457139828158,40.17373678876502,0.810126582278481,0.810126582278481,0.0184517803084907
pasajeros_total,oferta_historica_rezagada,calendario_ruta_lags_demanda_lags_despachos,validation,34,naive,3,freeze_20260610_192142,multitarget_20260720_1435,315,398,60,61,56.33015873015873,75.91996621338335,42.64959312360589,41.75353554368544,0.13333333333333333,0.13333333333333333,0.0023669972948602343
pasajeros_total,oferta_historica_rezagada,calendario_ruta_lags_demanda_lags_despachos,validation,34,seasonal_naive_daily,1,freeze_20260610_192142,multitarget_20260720_1435,307,386,45,47,48.10749185667753,61.01510999915077,48.780763530216014,45.635447888020266,4.198697068403908,4.198697068403908,0.08727740537612566
pasajeros_total,oferta_historica_rezagada,calendario_ruta_lags_demanda_lags_despachos,validation,34,seasonal_naive_daily,3,freeze_20260610_192142,multitarget_20260720_1435,296,398,60,64,47.263513513513516,61.44306307468728,41.32733790831586,37.255998508694844,5.425675675675675,5.425675675675675,0.11479628305932808
pasajeros_total,oferta_historica_rezagada,calendario_ruta_lags_demanda_lags_despachos,validation,34,seasonal_naive_weekly,1,freeze_20260610_192142,multitarget_20260720_1435,326,386,45,43,34.58282208588957,43.35351897322711,34.09747000175906,31.856456626165585,-0.5337423312883436,0.5337423312883436,0.015433741351782866
pasajeros_total,oferta_historica_rezagada,calendario_ruta_lags_demanda_lags_despachos,validation,34,seasonal_naive_weekly,3,freeze_20260610_192142,multitarget_20260720_1435,325,398,60,54,37.46769230769231,48.964319819483,31.513141289463537,28.26864147088866,-3.0553846153846154,3.0553846153846154,0.0815471791081547
pasajeros_total,oferta_historica_rezagada,calendario_ruta_lags_demanda_lags_despachos,validation,35,historical_average_route_day_type_slot,1,freeze_20260610_192142,multitarget_20260720_1435,337,386,49,0,34.59050830933182,43.21710727880105,30.882034586879875,31.17262013703656,23.49981483246718,23.49981483246718,0.6793717693396083
pasajeros_total,oferta_historica_rezagada,calendario_ruta_lags_demanda_lags_despachos,validation,35,historical_average_route_day_type_slot,3,freeze_20260610_192142,multitarget_20260720_1435,350,398,48,0,37.42531454827993,49.8951585721573,29.991982126266787,29.512572305105383,22.475827794106394,22.475827794106394,0.6005514733914076
pasajeros_total,oferta_historica_rezagada,calendario_ruta_lags_demanda_lags_despachos,validation,35,naive,1,freeze_20260610_192142,multitarget_20260720_1435,312,386,49,49,43.782051282051285,57.41554555862786,39.14983385643477,38.25151913976086,1.0897435897435896,1.0897435897435896,0.02489019033674963
pasajeros_total,oferta_historica_rezagada,calendario_ruta_lags_demanda_lags_despachos,validation,35,naive,3,freeze_20260610_192142,multitarget_20260720_1435,322,398,48,48,57.62732919254658,76.59188449298226,43.896870830069716,42.99849380141351,-0.7204968944099379,0.7204968944099379,0.012502694546238414
pasajeros_total,oferta_historica_rezagada,calendario_ruta_lags_demanda_lags_despachos,validation,35,seasonal_naive_daily,1,freeze_20260610_192142,multitarget_20260720_1435,305,386,49,49,50.02950819672131,63.74485514437262,48.681492541007785,45.025081144880495,3.281967213114754,3.281967213114754,0.06560062913690282
pasajeros_total,oferta_historica_rezagada,calendario_ruta_lags_demanda_lags_despachos,validation,35,seasonal_naive_daily,3,freeze_20260610_192142,multitarget_20260720_1435,318,398,48,49,55.905660377358494,71.78343566046506,49.021610225259444,44.427229108356656,4.911949685534591,4.911949685534591,0.08786140173247833
pasajeros_total,oferta_historica_rezagada,calendario_ruta_lags_demanda_lags_despachos,validation,35,seasonal_naive_weekly,1,freeze_20260610_192142,multitarget_20260720_1435,323,386,49,46,36.10835913312693,48.40902226375273,32.579525741452755,31.689490272796434,-0.56656346749226,0.56656346749226,0.01569064563148418
pasajeros_total,oferta_historica_rezagada,calendario_ruta_lags_demanda_lags_despachos,validation,35,seasonal_naive_weekly,3,freeze_20260610_192142,multitarget_20260720_1435,332,398,48,53,44.984939759036145,59.319103365580176,36.09525077391027,34.24516188205081,2.2259036144578315,2.2259036144578315,0.049481084700368265
pasajeros_total,oferta_historica_rezagada,calendario_ruta_lags_demanda_lags_despachos,validation,36,historical_average_route_day_type_slot,1,freeze_20260610_192142,multitarget_20260720_1435,340,386,46,0,32.386788396674454,41.45921553411227,30.371115974132913,29.84795634519493,24.680861480953347,24.680861480953347,0.7620657281191744
pasajeros_total,oferta_historica_rezagada,calendario_ruta_lags_demanda_lags_despachos,validation,36,historical_average_route_day_type_slot,3,freeze_20260610_192142,multitarget_20260720_1435,344,398,54,0,36.0735597386249,46.64631536798075,30.820388735948345,28.349868751912098,23.476041325325422,23.476041325325422,0.6507824981904686
pasajeros_total,oferta_historica_rezagada,calendario_ruta_lags_demanda_lags_despachos,validation,36,naive,1,freeze_20260610_192142,multitarget_20260720_1435,315,386,46,49,41.387301587301586,53.5062969146979,39.41920964043922,37.29439025087965,2.4158730158730157,2.4158730158730157,0.058372324921377616
pasajeros_total,oferta_historica_rezagada,calendario_ruta_lags_demanda_lags_despachos,validation,36,naive,3,freeze_20260610_192142,multitarget_20260720_1435,319,398,54,54,53.21943573667711,66.75654077824223,43.003563220037364,39.92239858906525,0.6175548589341693,0.6175548589341693,0.011603934735230017
pasajeros_total,oferta_historica_rezagada,calendario_ruta_lags_demanda_lags_despachos,validation,36,seasonal_naive_daily,1,freeze_20260610_192142,multitarget_20260720_1435,304,386,46,48,42.55263157894737,54.50344025839103,44.10772920468922,39.06622776553015,4.2105263157894735,4.2105263157894735,0.0989486703772418
pasajeros_total,oferta_historica_rezagada,calendario_ruta_lags_demanda_lags_despachos,validation,36,seasonal_naive_daily,3,freeze_20260610_192142,multitarget_20260720_1435,312,398,54,55,51.56730769230769,64.65596825328062,49.620360848350686,40.953520338033904,4.0673076923076925,4.0673076923076925,0.07887376468394555
pasajeros_total,oferta_historica_rezagada,calendario_ruta_lags_demanda_lags_despachos,validation,36,seasonal_naive_weekly,1,freeze_20260610_192142,multitarget_20260720_1435,325,386,46,47,37.652307692307694,49.543609383746265,35.62551718238443,33.60520678859779,0.5815384615384616,0.5815384615384616,0.015444962000490316
pasajeros_total,oferta_historica_rezagada,calendario_ruta_lags_demanda_lags_despachos,validation,36,seasonal_naive_weekly,3,freeze_20260610_192142,multitarget_20260720_1435,331,398,54,52,38.93051359516616,51.04639202698669,33.60039508785268,29.913180741910022,-0.7371601208459214,0.7371601208459214,0.018935278596926897
pasajeros_total,oferta_historica_rezagada,calendario_ruta_lags_demanda_lags_despachos,validation,37,historical_average_route_day_type_slot,1,freeze_20260610_192142,multitarget_20260720_1435,336,386,50,0,31.539305652942826,40.90767712618849,29.831809041436458,28.92566519103829,24.181828299643016,24.181828299643016,0.7667203763373495
pasajeros_total,oferta_historica_rezagada,calendario_ruta_lags_demanda_lags_despachos,validation,37,historical_average_route_day_type_slot,3,freeze_20260610_192142,multitarget_20260720_1435,338,398,60,0,36.469668889100845,47.008640740477674,30.208069230523783,27.98417236376782,21.026449814358536,21.026449814358536,0.5765462219659033
pasajeros_total,oferta_historica_rezagada,calendario_ruta_lags_demanda_lags_despachos,validation,37,naive,1,freeze_20260610_192142,multitarget_20260720_1435,309,386,50,52,41.62135922330097,52.95662877057354,39.256074983653534,37.09547158927026,1.8414239482200647,1.8414239482200647,0.04424228287069435
pasajeros_total,oferta_historica_rezagada,calendario_ruta_lags_demanda_lags_despachos,validation,37,naive,3,freeze_20260610_192142,multitarget_20260720_1435,313,398,60,60,56.53035143769968,75.40446847378938,43.72957345351383,41.88821287374825,1.5143769968051117,1.5143769968051117,0.026788741946422515
pasajeros_total,oferta_historica_rezagada,calendario_ruta_lags_demanda_lags_despachos,validation,37,seasonal_naive_daily,1,freeze_20260610_192142,multitarget_20260720_1435,299,386,50,53,46.25418060200669,58.244669039937946,46.913794741644864,42.085083074675914,3.612040133779264,3.612040133779264,0.07809110629067244
pasajeros_total,oferta_historica_rezagada,calendario_ruta_lags_demanda_lags_despachos,validation,37,seasonal_naive_daily,3,freeze_20260610_192142,multitarget_20260720_1435,296,398,60,63,56.138513513513516,70.97461003957874,49.46085751847792,43.02915738774665,6.091216216216216,6.091216216216216,0.10850333995306011
pasajeros_total,oferta_historica_rezagada,calendario_ruta_lags_demanda_lags_despachos,validation,37,seasonal_naive_weekly,1,freeze_20260610_192142,multitarget_20260720_1435,314,386,50,52,35.50955414012739,45.445634911221966,34.418546870617604,31.16701607267645,-0.16560509554140126,0.16560509554140126,0.004663677130044843
pasajeros_total,oferta_historica_rezagada,calendario_ruta_lags_demanda_lags_despachos,validation,37,seasonal_naive_weekly,3,freeze_20260610_192142,multitarget_20260720_1435,322,398,60,59,44.33229813664596,56.00119231206306,38.38697485019751,32.97604472267782,-0.6739130434782609,0.6739130434782609,0.015201401050788092
pasajeros_total,oferta_historica_rezagada,calendario_ruta_lags_demanda_lags_despachos,validation,38,historical_average_route_day_type_slot,1,freeze_20260610_192142,multitarget_20260720_1435,331,383,52,0,33.0732653736731,43.024650925643385,33.8960753283103,32.80173440008928,24.925815214838508,24.925815214838508,0.753654498073235
pasajeros_total,oferta_historica_rezagada,calendario_ruta_lags_demanda_lags_despachos,validation,38,historical_average_route_day_type_slot,3,freeze_20260610_192142,multitarget_20260720_1435,334,396,62,0,35.3216426359003,46.24855331146732,32.11452360039267,29.786221224507536,23.418882552886366,23.418882552886366,0.6630179347628591
pasajeros_total,oferta_historica_rezagada,calendario_ruta_lags_demanda_lags_despachos,validation,38,naive,1,freeze_20260610_192142,multitarget_20260720_1435,304,383,52,49,41.61513157894737,54.16091399951775,42.1661811231221,39.71059074643731,0.8717105263157895,0.8717105263157895,0.020946960714568016
pasajeros_total,oferta_historica_rezagada,calendario_ruta_lags_demanda_lags_despachos,validation,38,naive,3,freeze_20260610_192142,multitarget_20260720_1435,308,396,62,62,48.77597402597402,66.05303359235855,42.65534685632099,39.080669077287276,-0.08766233766233766,0.08766233766233766,0.0017972442255208682
pasajeros_total,oferta_historica_rezagada,calendario_ruta_lags_demanda_lags_despachos,validation,38,seasonal_naive_daily,1,freeze_20260610_192142,multitarget_20260720_1435,302,383,52,56,46.04635761589404,59.2304400887971,50.69796587597871,45.642826664916136,4.4635761589403975,4.4635761589403975,0.09693657414065872
pasajeros_total,oferta_historica_rezagada,calendario_ruta_lags_demanda_lags_despachos,validation,38,seasonal_naive_daily,3,freeze_20260610_192142,multitarget_20260720_1435,305,396,62,62,53.278688524590166,69.33056951195813,52.827362252212616,45.468535773244916,4.150819672131147,4.150819672131147,0.0779076923076923
pasajeros_total,oferta_historica_rezagada,calendario_ruta_lags_demanda_lags_despachos,validation,38,seasonal_naive_weekly,1,freeze_20260610_192142,multitarget_20260720_1435,312,383,52,50,41.11217948717949,54.79440009755817,44.74737191171509,40.178543461237275,-0.44551282051282054,0.44551282051282054,0.010836516722538396
pasajeros_total,oferta_historica_rezagada,calendario_ruta_lags_demanda_lags_despachos,validation,38,seasonal_naive_weekly,3,freeze_20260610_192142,multitarget_20260720_1435,312,396,62,61,48.75,63.572893756009094,46.47735928115645,40.5038346825735,2.326923076923077,2.326923076923077,0.04773175542406312
pasajeros_total,oferta_historica_rezagada,calendario_ruta_lags_demanda_lags_despachos,validation,4,historical_average_route_day_type_slot,1,freeze_20260610_192142,multitarget_20260720_1435,352,387,35,0,28.606411918797434,38.3441479905571,21.015746408843942,19.28423662367224,2.0540713195588562,2.0540713195588562,0.0718045774279407
pasajeros_total,oferta_historica_rezagada,calendario_ruta_lags_demanda_lags_despachos,validation,4,historical_average_route_day_type_slot,3,freeze_20260610_192142,multitarget_20260720_1435,354,398,44,0,32.56271577865426,44.74923624751203,23.164237613518768,20.43431491312618,3.740165079206138,3.740165079206138,0.11486035454259984
pasajeros_total,oferta_historica_rezagada,calendario_ruta_lags_demanda_lags_despachos,validation,4,naive,1,freeze_20260610_192142,multitarget_20260720_1435,328,387,35,36,46.332317073170735,61.723839131029195,31.483641829860986,30.813057583130576,4.9176829268292686,4.9176829268292686,0.1061393696124235
pasajeros_total,oferta_historica_rezagada,calendario_ruta_lags_demanda_lags_despachos,validation,4,naive,3,freeze_20260610_192142,multitarget_20260720_1435,330,398,44,44,59.196969696969695,76.00444564350008,38.64990754684058,35.54015209402176,-0.1606060606060606,0.1606060606060606,0.0027130790888149478
pasajeros_total,oferta_historica_rezagada,calendario_ruta_lags_demanda_lags_despachos,validation,4,seasonal_naive_daily,1,freeze_20260610_192142,multitarget_20260720_1435,326,387,35,37,58.263803680981596,73.97694882228663,44.520078047637966,39.159656935510476,3.576687116564417,3.576687116564417,0.06138780667579235
pasajeros_total,oferta_historica_rezagada,calendario_ruta_lags_demanda_lags_despachos,validation,4,seasonal_naive_daily,3,freeze_20260610_192142,multitarget_20260720_1435,328,398,44,44,65.85365853658537,88.07525191562043,48.16976700494417,40.76394655393674,0.7378048780487805,0.7378048780487805,0.011203703703703702
pasajeros_total,oferta_historica_rezagada,calendario_ruta_lags_demanda_lags_despachos,validation,4,seasonal_naive_weekly,1,freeze_20260610_192142,multitarget_20260720_1435,337,387,35,35,40.70326409495549,52.71115513220062,28.768209553849143,26.606536708369706,-1.3620178041543027,1.3620178041543027,0.03346212728730772
pasajeros_total,oferta_historica_rezagada,calendario_ruta_lags_demanda_lags_despachos,validation,4,seasonal_naive_weekly,3,freeze_20260610_192142,multitarget_20260720_1435,339,398,44,38,44.58997050147492,58.80772128382352,30.73316053617693,27.09543270954327,-2.5309734513274336,2.5309734513274336,0.05676104789626886
pasajeros_total,oferta_historica_rezagada,calendario_ruta_lags_demanda_lags_despachos,validation,5,historical_average_route_day_type_slot,1,freeze_20260610_192142,multitarget_20260720_1435,361,386,25,0,30.10645555347921,38.63895269728691,22.777985663779234,20.925374872073,3.1317484070651402,3.1317484070651402,0.10402248785155395
pasajeros_total,oferta_historica_rezagada,calendario_ruta_lags_demanda_lags_despachos,validation,5,historical_average_route_day_type_slot,3,freeze_20260610_192142,multitarget_20260720_1435,363,398,35,0,31.28339444878312,40.50319561094578,22.98893030112798,19.696931963485458,0.04661138370403486,0.04661138370403486,0.0014899720610673044
pasajeros_total,oferta_historica_rezagada,calendario_ruta_lags_demanda_lags_despachos,validation,5,naive,1,freeze_20260610_192142,multitarget_20260720_1435,341,386,25,30,44.6891495601173,57.915577146794746,32.52659676843665,30.68852326962966,2.906158357771261,2.906158357771261,0.06503051381324235
pasajeros_total,oferta_historica_rezagada,calendario_ruta_lags_demanda_lags_despachos,validation,5,naive,3,freeze_20260610_192142,multitarget_20260720_1435,344,398,35,36,55.83139534883721,71.90683571994956,37.14532527554148,34.15553698138038,0.5813953488372093,0.5813953488372093,0.010413412475268145
pasajeros_total,oferta_historica_rezagada,calendario_ruta_lags_demanda_lags_despachos,validation,5,seasonal_naive_daily,1,freeze_20260610_192142,multitarget_20260720_1435,336,386,25,29,51.5625,68.2136219115047,40.30561606203415,35.66135605779919,1.1041666666666667,1.1041666666666667,0.021414141414141417
pasajeros_total,oferta_historica_rezagada,calendario_ruta_lags_demanda_lags_despachos,validation,5,seasonal_naive_daily,3,freeze_20260610_192142,multitarget_20260720_1435,341,398,35,38,65.34017595307918,85.14419372065353,48.46430043659253,40.762897914379806,1.3401759530791788,1.3401759530791788,0.020510749068713252
pasajeros_total,oferta_historica_rezagada,calendario_ruta_lags_demanda_lags_despachos,validation,5,seasonal_naive_weekly,1,freeze_20260610_192142,multitarget_20260720_1435,345,386,25,30,38.176811594202896,49.03329244621395,27.92094543375885,25.823464826288134,-1.0115942028985507,1.0115942028985507,0.02649760838205148
pasajeros_total,oferta_historica_rezagada,calendario_ruta_lags_demanda_lags_despachos,validation,5,seasonal_naive_weekly,3,freeze_20260610_192142,multitarget_20260720_1435,344,398,35,38,40.4593023255814,53.410923453784676,28.693608318281772,24.56580062129342,-1.5174418604651163,1.5174418604651163,0.03750538870527374
pasajeros_total,oferta_historica_rezagada,calendario_ruta_lags_demanda_lags_despachos,validation,6,historical_average_route_day_type_slot,1,freeze_20260610_192142,multitarget_20260720_1435,308,379,71,0,39.556660631248405,53.06789550061591,35.6668433070387,37.63460746432061,26.69524367700199,26.69524367700199,0.6748609020831668
pasajeros_total,oferta_historica_rezagada,calendario_ruta_lags_demanda_lags_despachos,validation,6,historical_average_route_day_type_slot,3,freeze_20260610_192142,multitarget_20260720_1435,311,390,79,0,38.805123716781225,53.64490259999599,33.045013796281445,33.26000682353303,24.8612257317833,24.8612257317833,0.6406686372972983
pasajeros_total,oferta_historica_rezagada,calendario_ruta_lags_demanda_lags_despachos,validation,6,naive,1,freeze_20260610_192142,multitarget_20260720_1435,278,379,71,73,36.70863309352518,46.765333345093325,36.21186617447265,33.27572714229816,1.3345323741007193,1.3345323741007193,0.0363547280744733
pasajeros_total,oferta_historica_rezagada,calendario_ruta_lags_demanda_lags_despachos,validation,6,naive,3,freeze_20260610_192142,multitarget_20260720_1435,282,390,79,80,40.09219858156028,53.226399891314,36.58619300857324,32.34814454522045,0.9716312056737588,0.9716312056737588,0.024234919511763667
pasajeros_total,oferta_historica_rezagada,calendario_ruta_lags_demanda_lags_despachos,validation,6,seasonal_naive_daily,1,freeze_20260610_192142,multitarget_20260720_1435,257,379,71,67,59.61867704280156,73.46282047551604,59.22950299240546,57.590678443901524,16.17898832684825,16.17898832684825,0.27137449419135884
pasajeros_total,oferta_historica_rezagada,calendario_ruta_lags_demanda_lags_despachos,validation,6,seasonal_naive_daily,3,freeze_20260610_192142,multitarget_20260720_1435,259,390,79,75,71.59073359073359,87.73283417883064,65.17712472536113,62.15681673426972,18.33976833976834,18.33976833976834,0.25617516988458633
pasajeros_total,oferta_historica_rezagada,calendario_ruta_lags_demanda_lags_despachos,validation,6,seasonal_naive_weekly,1,freeze_20260610_192142,multitarget_20260720_1435,299,379,71,38,48.30434782608695,64.67740891594427,42.569383365191335,45.085063212111756,32.103678929765884,32.103678929765884,0.6646126151076646
pasajeros_total,oferta_historica_rezagada,calendario_ruta_lags_demanda_lags_despachos,validation,6,seasonal_naive_weekly,3,freeze_20260610_192142,multitarget_20260720_1435,295,390,79,48,55.67796610169491,74.27546073769324,46.050768284106056,46.27803448664488,36.166101694915255,36.166101694915255,0.649558599695586
pasajeros_total,oferta_historica_rezagada,calendario_ruta_lags_demanda_lags_despachos,validation,7,historical_average_route_day_type_slot,1,freeze_20260610_192142,multitarget_20260720_1435,349,386,37,0,34.34273528297775,44.056939732999105,27.949084236806705,27.467891861485583,23.785038697589187,23.785038697589187,0.6925784595083907
pasajeros_total,oferta_historica_rezagada,calendario_ruta_lags_demanda_lags_despachos,validation,7,historical_average_route_day_type_slot,3,freeze_20260610_192142,multitarget_20260720_1435,350,398,48,0,31.902139760030167,41.815151201950776,24.11493044293032,21.678540201162114,15.116408913488934,15.116408913488934,0.47383683436896334
pasajeros_total,oferta_historica_rezagada,calendario_ruta_lags_demanda_lags_despachos,validation,7,naive,1,freeze_20260610_192142,multitarget_20260720_1435,326,386,37,38,44.74233128834356,57.68531088608729,36.19185547585298,35.2233759961362,3.2883435582822087,3.2883435582822087,0.07349513231866174
pasajeros_total,oferta_historica_rezagada,calendario_ruta_lags_demanda_lags_despachos,validation,7,naive,3,freeze_20260610_192142,multitarget_20260720_1435,328,398,48,49,50.3109756097561,66.02955731355762,36.2543306951251,32.61909468274363,-0.8963414634146342,0.8963414634146342,0.017816022300327233
pasajeros_total,oferta_historica_rezagada,calendario_ruta_lags_demanda_lags_despachos,validation,7,seasonal_naive_daily,1,freeze_20260610_192142,multitarget_20260720_1435,320,386,37,46,59.325,76.10198749047228,54.765300615995336,47.06115669699298,-5.11875,5.11875,0.08628318584070796
pasajeros_total,oferta_historica_rezagada,calendario_ruta_lags_demanda_lags_despachos,validation,7,seasonal_naive_daily,3,freeze_20260610_192142,multitarget_20260720_1435,320,398,48,55,64.796875,86.01469714531349,53.86482284304793,44.07388513369893,-6.084375,6.084375,0.09389920424403182
pasajeros_total,oferta_historica_rezagada,calendario_ruta_lags_demanda_lags_despachos,validation,7,seasonal_naive_weekly,1,freeze_20260610_192142,multitarget_20260720_1435,305,386,37,69,45.10819672131147,59.59992298377684,41.27457630532024,35.16871165644172,-19.40327868852459,19.40327868852459,0.43014973106556187
pasajeros_total,oferta_historica_rezagada,calendario_ruta_lags_demanda_lags_despachos,validation,7,seasonal_naive_weekly,3,freeze_20260610_192142,multitarget_20260720_1435,304,398,48,81,53.963815789473685,73.11519839843221,43.21014365038307,34.71443384048924,-28.55592105263158,28.55592105263158,0.5291679366046936
pasajeros_total,oferta_historica_rezagada,calendario_ruta_lags_demanda_lags_despachos,validation,8,historical_average_route_day_type_slot,1,freeze_20260610_192142,multitarget_20260720_1435,338,386,48,0,35.111793689703376,44.864313072523004,27.991177635799012,27.636780464626103,23.89517231541468,23.89517231541468,0.6805454750214598
pasajeros_total,oferta_historica_rezagada,calendario_ruta_lags_demanda_lags_despachos,validation,8,historical_average_route_day_type_slot,3,freeze_20260610_192142,multitarget_20260720_1435,351,398,47,0,34.51266738995473,45.077573997776774,24.763241067494945,23.16729379768997,11.691288296462998,11.691288296462998,0.3387535412538374
pasajeros_total,oferta_historica_rezagada,calendario_ruta_lags_demanda_lags_despachos,validation,8,naive,1,freeze_20260610_192142,multitarget_20260720_1435,308,386,48,50,45.0,57.51803782575232,35.53384307751175,34.39461994689431,3.792207792207792,3.792207792207792,0.08427128427128427
pasajeros_total,oferta_historica_rezagada,calendario_ruta_lags_demanda_lags_despachos,validation,8,naive,3,freeze_20260610_192142,multitarget_20260720_1435,326,398,47,48,53.85889570552147,72.08617882724892,36.29522804998378,34.53376079302952,0.7484662576687117,0.7484662576687117,0.013896799179861034
pasajeros_total,oferta_historica_rezagada,calendario_ruta_lags_demanda_lags_despachos,validation,8,seasonal_naive_daily,1,freeze_20260610_192142,multitarget_20260720_1435,300,386,48,50,50.903333333333336,65.98648851595807,44.03924748025472,40.0225390502149,4.25,4.25,0.08349158535786785
pasajeros_total,oferta_historica_rezagada,calendario_ruta_lags_demanda_lags_despachos,validation,8,seasonal_naive_daily,3,freeze_20260610_192142,multitarget_20260720_1435,314,398,47,50,62.9140127388535,83.68973256965049,47.72710237565814,41.74679317850426,3.7038216560509554,3.7038216560509554,0.05887117185522653
pasajeros_total,oferta_historica_rezagada,calendario_ruta_lags_demanda_lags_despachos,validation,8,seasonal_naive_weekly,1,freeze_20260610_192142,multitarget_20260720_1435,323,386,48,43,40.30030959752322,53.914649898559205,32.615130651398935,30.767958021131253,-1.3529411764705883,1.3529411764705883,0.03357148344472613
pasajeros_total,oferta_historica_rezagada,calendario_ruta_lags_demanda_lags_despachos,validation,8,seasonal_naive_weekly,3,freeze_20260610_192142,multitarget_20260720_1435,328,398,47,47,45.640243902439025,60.433091403513075,30.648283764791795,29.179011383128024,-1.0182926829268293,1.0182926829268293,0.02231128924515698
pasajeros_total,oferta_historica_rezagada,calendario_ruta_lags_demanda_lags_despachos,validation,9,historical_average_route_day_type_slot,1,freeze_20260610_192142,multitarget_20260720_1435,360,386,26,0,31.326982431088826,41.0785264945574,26.560162418598445,24.639968702626124,16.425152327166046,16.425152327166046,0.52431326136493
pasajeros_total,oferta_historica_rezagada,calendario_ruta_lags_demanda_lags_despachos,validation,9,historical_average_route_day_type_slot,3,freeze_20260610_192142,multitarget_20260720_1435,368,398,30,0,35.15402508571641,48.289823140202785,25.82736775317094,24.332163243259238,10.783087337952333,10.783087337952333,0.3067383411048898
pasajeros_total,oferta_historica_rezagada,calendario_ruta_lags_demanda_lags_despachos,validation,9,naive,1,freeze_20260610_192142,multitarget_20260720_1435,341,386,26,28,42.79765395894428,56.47203652331753,35.66861216812474,33.39435266120543,3.3489736070381233,3.3489736070381233,0.07825133616554748
pasajeros_total,oferta_historica_rezagada,calendario_ruta_lags_demanda_lags_despachos,validation,9,naive,3,freeze_20260610_192142,multitarget_20260720_1435,347,398,30,31,52.60806916426513,67.82557303369211,38.83088323277017,34.90773496510183,-0.2737752161383285,0.2737752161383285,0.005204053683922212
pasajeros_total,oferta_historica_rezagada,calendario_ruta_lags_demanda_lags_despachos,validation,9,seasonal_naive_daily,1,freeze_20260610_192142,multitarget_20260720_1435,337,386,26,29,56.71513353115727,71.13874519732028,51.05711837990169,44.205194624973984,3.1899109792284865,3.1899109792284865,0.0562444409564171
pasajeros_total,oferta_historica_rezagada,calendario_ruta_lags_demanda_lags_despachos,validation,9,seasonal_naive_daily,3,freeze_20260610_192142,multitarget_20260720_1435,348,398,30,29,61.42528735632184,79.40149684451437,50.11754106112022,42.62412761714855,3.1724137931034484,3.1724137931034484,0.05164670658682635
pasajeros_total,oferta_historica_rezagada,calendario_ruta_lags_demanda_lags_despachos,validation,9,seasonal_naive_weekly,1,freeze_20260610_192142,multitarget_20260720_1435,339,386,26,36,40.10914454277286,51.63512216222563,33.05793283600257,30.22294338616106,0.39233038348082594,0.39233038348082594,0.00978156946385232
pasajeros_total,oferta_historica_rezagada,calendario_ruta_lags_demanda_lags_despachos,validation,9,seasonal_naive_weekly,3,freeze_20260610_192142,multitarget_20260720_1435,349,398,30,37,42.03438395415473,55.84120958287959,30.31765228346116,28.08515526285561,1.9484240687679084,1.9484240687679084,0.046353101567825496
pasajeros_total,sin_oferta,calendario_ruta_lags_demanda,test_final,test_final,historical_average_route_day_type_slot,1,freeze_20260610_192142,multitarget_20260720_1435,1544,1919,375,0,36.08155289201961,45.14642854514956,35.928661613421546,35.6844935659426,27.860430263644606,27.860430263644606,0.7721516406741651
pasajeros_total,sin_oferta,calendario_ruta_lags_demanda,test_final,test_final,historical_average_route_day_type_slot,3,freeze_20260610_192142,multitarget_20260720_1435,1583,1976,393,0,38.41392300748946,49.95711813433539,34.15008638549418,32.5810330694684,27.098396409169226,27.098396409169226,0.7054316322726508
pasajeros_total,sin_oferta,calendario_ruta_lags_demanda,test_final,test_final,naive,1,freeze_20260610_192142,multitarget_20260720_1435,1394,1919,375,367,43.559540889526545,55.86714359211537,42.671533603332776,41.19818169482326,1.2467718794835008,1.2467718794835008,0.028622245644082868
pasajeros_total,sin_oferta,calendario_ruta_lags_demanda,test_final,test_final,naive,3,freeze_20260610_192142,multitarget_20260720_1435,1443,1976,393,394,55.27927927927928,73.23090244401658,46.05788429960849,44.31407841960823,0.2993762993762994,0.2993762993762994,0.0054157055460836425
pasajeros_total,sin_oferta,calendario_ruta_lags_demanda,test_final,test_final,seasonal_naive_daily,1,freeze_20260610_192142,multitarget_20260720_1435,1292,1919,375,389,47.5046439628483,60.91696119301021,50.795983920553475,46.85047784800464,4.766253869969041,4.766253869969041,0.10033237747653806
pasajeros_total,sin_oferta,calendario_ruta_lags_demanda,test_final,test_final,seasonal_naive_daily,3,freeze_20260610_192142,multitarget_20260720_1435,1336,1976,393,404,53.0688622754491,68.10230284428428,51.101172669171326,45.500635340324216,6.3517964071856285,6.3517964071856285,0.11968970380818054
pasajeros_total,sin_oferta,calendario_ruta_lags_demanda,test_final,test_final,seasonal_naive_weekly,1,freeze_20260610_192142,multitarget_20260720_1435,1381,1919,375,360,42.84576393917451,55.66610659643876,44.93894041643276,41.290421627053355,1.5177407675597394,1.5177407675597394,0.03542335643062363
pasajeros_total,sin_oferta,calendario_ruta_lags_demanda,test_final,test_final,seasonal_naive_weekly,3,freeze_20260610_192142,multitarget_20260720_1435,1423,1976,393,378,47.45115952213633,62.551505130548044,44.09546258815199,39.22950448225978,1.545326774420239,1.545326774420239,0.03256668098277624
pasajeros_total,sin_oferta,calendario_ruta_lags_demanda,validation,1,historical_average_route_day_type_slot,1,freeze_20260610_192142,multitarget_20260720_1435,361,386,25,0,28.02238423884812,36.48322326097036,21.185448728632807,19.18795301724962,1.321487772911022,1.321487772911022,0.04715829180155952
pasajeros_total,sin_oferta,calendario_ruta_lags_demanda,validation,1,historical_average_route_day_type_slot,3,freeze_20260610_192142,multitarget_20260720_1435,373,398,25,0,31.688272057207616,41.256361103386226,25.086187624222138,20.291722565775277,-0.17117189993373766,0.17117189993373766,0.00540174294214329
pasajeros_total,sin_oferta,calendario_ruta_lags_demanda,validation,1,naive,1,freeze_20260610_192142,multitarget_20260720_1435,342,386,25,26,47.00877192982456,61.6619960298559,33.8530752055865,32.1347191684989,5.330409356725146,5.330409356725146,0.1133918019531007
pasajeros_total,sin_oferta,calendario_ruta_lags_demanda,validation,1,naive,3,freeze_20260610_192142,multitarget_20260720_1435,351,398,25,28,57.623931623931625,75.08392265722031,40.51056943776583,35.38550359523435,0.19373219373219372,0.19373219373219372,0.003362009294966874
pasajeros_total,sin_oferta,calendario_ruta_lags_demanda,validation,1,seasonal_naive_daily,1,freeze_20260610_192142,multitarget_20260720_1435,338,386,25,34,66.31656804733728,86.27345749102456,55.40242177285886,45.391033169980965,-5.665680473372781,5.665680473372781,0.0854338612536248
pasajeros_total,sin_oferta,calendario_ruta_lags_demanda,validation,1,seasonal_naive_daily,3,freeze_20260610_192142,multitarget_20260720_1435,344,398,25,37,75.63953488372093,100.82375827431815,58.952041060669124,47.596400087802735,-5.8604651162790695,5.8604651162790695,0.07747886241352805
pasajeros_total,sin_oferta,calendario_ruta_lags_demanda,validation,1,seasonal_naive_weekly,1,freeze_20260610_192142,multitarget_20260720_1435,343,386,25,32,44.160349854227405,59.05640432779734,34.97231694042768,29.74958263772955,-5.769679300291545,5.769679300291545,0.1306529345745032
pasajeros_total,sin_oferta,calendario_ruta_lags_demanda,validation,1,seasonal_naive_weekly,3,freeze_20260610_192142,multitarget_20260720_1435,348,398,25,38,49.514367816091955,69.10368272036767,37.27783233497092,30.69400406142007,-10.232758620689655,10.232758620689655,0.2066624107712843
pasajeros_total,sin_oferta,calendario_ruta_lags_demanda,validation,10,historical_average_route_day_type_slot,1,freeze_20260610_192142,multitarget_20260720_1435,360,386,26,0,30.913164214589447,40.613176313871215,25.8260018048465,24.108531265033687,14.676747857841328,14.676747857841328,0.4747733928484308
pasajeros_total,sin_oferta,calendario_ruta_lags_demanda,validation,10,historical_average_route_day_type_slot,3,freeze_20260610_192142,multitarget_20260720_1435,374,398,24,0,35.64715640642427,48.26249743299082,26.816421567909643,24.824572192538273,9.104235934832275,9.104235934832275,0.2553986587606613
pasajeros_total,sin_oferta,calendario_ruta_lags_demanda,validation,10,naive,1,freeze_20260610_192142,multitarget_20260720_1435,337,386,26,33,47.34421364985163,61.72262545113908,37.601839600384665,36.22184889211769,3.9376854599406528,3.9376854599406528,0.08317141961767471
pasajeros_total,sin_oferta,calendario_ruta_lags_demanda,validation,10,naive,3,freeze_20260610_192142,multitarget_20260720_1435,355,398,24,31,55.28169014084507,74.60738550459321,40.05820682988268,37.12496689493398,0.504225352112676,0.504225352112676,0.009121019108280254
pasajeros_total,sin_oferta,calendario_ruta_lags_demanda,validation,10,seasonal_naive_daily,1,freeze_20260610_192142,multitarget_20260720_1435,335,386,26,29,57.829850746268654,74.43448486631335,49.46138843193337,44.85529057652234,3.011940298507463,3.011940298507463,0.05208279564342126
pasajeros_total,sin_oferta,calendario_ruta_lags_demanda,validation,10,seasonal_naive_daily,3,freeze_20260610_192142,multitarget_20260720_1435,347,398,24,31,60.85878962536023,79.14266838851327,49.58244124138314,42.31300967761326,5.498559077809798,5.498559077809798,0.09034946491144995
pasajeros_total,sin_oferta,calendario_ruta_lags_demanda,validation,10,seasonal_naive_weekly,1,freeze_20260610_192142,multitarget_20260720_1435,349,386,26,23,41.06303724928367,52.6850130655692,33.40410919633815,31.265817261541144,0.4040114613180516,0.4040114613180516,0.009838810969227549
pasajeros_total,sin_oferta,calendario_ruta_lags_demanda,validation,10,seasonal_naive_weekly,3,freeze_20260610_192142,multitarget_20260720_1435,362,398,24,24,44.469613259668506,58.94256967029022,32.917722531618,30.18733474600109,0.6022099447513812,0.6022099447513812,0.01354205491365387
pasajeros_total,sin_oferta,calendario_ruta_lags_demanda,validation,11,historical_average_route_day_type_slot,1,freeze_20260610_192142,multitarget_20260720_1435,364,386,22,0,30.654927083358846,39.71826008231573,26.409905201520306,24.402198828575283,14.904283540353156,14.904283540353156,0.4861953675448149
pasajeros_total,sin_oferta,calendario_ruta_lags_demanda,validation,11,historical_average_route_day_type_slot,3,freeze_20260610_192142,multitarget_20260720_1435,369,398,29,0,36.45394251718313,50.94686634830384,26.87511505196364,25.534367480714838,11.012911839883099,11.012911839883099,0.3021048226729384
pasajeros_total,sin_oferta,calendario_ruta_lags_demanda,validation,11,naive,1,freeze_20260610_192142,multitarget_20260720_1435,342,386,22,30,44.833333333333336,58.60261156186937,37.07143522212881,35.47581036995905,4.815789473684211,4.815789473684211,0.10741537859518685
pasajeros_total,sin_oferta,calendario_ruta_lags_demanda,validation,11,naive,3,freeze_20260610_192142,multitarget_20260720_1435,348,398,29,31,55.34770114942529,75.07266594715945,40.66799737781603,37.31161132850335,0.6580459770114943,0.6580459770114943,0.011889310004672653
pasajeros_total,sin_oferta,calendario_ruta_lags_demanda,validation,11,seasonal_naive_daily,1,freeze_20260610_192142,multitarget_20260720_1435,339,386,22,27,54.985250737463126,70.05408782675667,50.41734847473241,43.36295538082166,1.392330383480826,1.392330383480826,0.02532188841201717
pasajeros_total,sin_oferta,calendario_ruta_lags_demanda,validation,11,seasonal_naive_daily,3,freeze_20260610_192142,multitarget_20260720_1435,346,398,29,30,60.138728323699425,80.67357332811044,50.481748428534615,42.020234657404224,1.716763005780347,1.716763005780347,0.028546712802768166
pasajeros_total,sin_oferta,calendario_ruta_lags_demanda,validation,11,seasonal_naive_weekly,1,freeze_20260610_192142,multitarget_20260720_1435,347,386,22,24,39.389048991354464,51.754352167713506,32.04976680528403,30.344337632928536,0.3919308357348703,0.3919308357348703,0.009950248756218905
pasajeros_total,sin_oferta,calendario_ruta_lags_demanda,validation,11,seasonal_naive_weekly,3,freeze_20260610_192142,multitarget_20260720_1435,358,398,29,22,41.60335195530726,57.05324377893271,31.50090288130339,28.5008993838264,-0.5810055865921788,0.5810055865921788,0.013965355176581176
pasajeros_total,sin_oferta,calendario_ruta_lags_demanda,validation,12,historical_average_route_day_type_slot,1,freeze_20260610_192142,multitarget_20260720_1435,351,383,32,0,28.022491766890045,37.214821606595514,26.50599279426152,23.23073833296742,13.860809410222013,13.860809410222013,0.4946315811429461
pasajeros_total,sin_oferta,calendario_ruta_lags_demanda,validation,12,historical_average_route_day_type_slot,3,freeze_20260610_192142,multitarget_20260720_1435,354,396,42,0,35.64754639279332,49.25559520050253,29.22654243196699,26.512661350607893,11.613215181186213,11.613215181186213,0.3257788082585677
pasajeros_total,sin_oferta,calendario_ruta_lags_demanda,validation,12,naive,1,freeze_20260610_192142,multitarget_20260720_1435,332,383,32,37,41.98795180722892,55.121825646930475,38.3114021982248,34.66971746916037,4.156626506024097,4.156626506024097,0.09899569583931134
pasajeros_total,sin_oferta,calendario_ruta_lags_demanda,validation,12,naive,3,freeze_20260610_192142,multitarget_20260720_1435,332,396,42,44,52.34939759036145,69.1245601742037,41.17220929212177,37.72192559795112,2.1987951807228914,2.1987951807228914,0.04200230149597237
pasajeros_total,sin_oferta,calendario_ruta_lags_demanda,validation,12,seasonal_naive_daily,1,freeze_20260610_192142,multitarget_20260720_1435,322,383,32,33,54.82919254658385,70.5526762371464,51.80942005159351,45.57422752265159,5.1397515527950315,5.1397515527950315,0.09374114981591619
pasajeros_total,sin_oferta,calendario_ruta_lags_demanda,validation,12,seasonal_naive_daily,3,freeze_20260610_192142,multitarget_20260720_1435,327,396,42,41,54.9388379204893,71.38419547711085,49.239153826247524,41.42168730257546,8.247706422018348,8.247706422018348,0.15012524352908432
pasajeros_total,sin_oferta,calendario_ruta_lags_demanda,validation,12,seasonal_naive_weekly,1,freeze_20260610_192142,multitarget_20260720_1435,334,383,32,28,47.18562874251497,65.3842168140235,43.97027089256324,38.437149407345984,-1.6047904191616766,1.6047904191616766,0.03401015228426396
pasajeros_total,sin_oferta,calendario_ruta_lags_demanda,validation,12,seasonal_naive_weekly,3,freeze_20260610_192142,multitarget_20260720_1435,333,396,42,34,50.81681681681682,70.5072994751556,42.557131869146524,37.00496402720375,3.069069069069069,3.069069069069069,0.06039475239333412
pasajeros_total,sin_oferta,calendario_ruta_lags_demanda,validation,13,historical_average_route_day_type_slot,1,freeze_20260610_192142,multitarget_20260720_1435,366,386,20,0,31.55704351067642,42.52178681513657,27.51079314456216,25.438578783136727,15.196033724014182,15.196033724014182,0.4815417426183489
pasajeros_total,sin_oferta,calendario_ruta_lags_demanda,validation,13,historical_average_route_day_type_slot,3,freeze_20260610_192142,multitarget_20260720_1435,373,398,25,0,32.25849538155499,42.94289882859679,23.93105752271179,22.23326147438055,6.603378391876462,6.603378391876462,0.2047019959787769
pasajeros_total,sin_oferta,calendario_ruta_lags_demanda,validation,13,naive,1,freeze_20260610_192142,multitarget_20260720_1435,349,386,20,25,47.19484240687679,62.20100976709177,41.227751465738244,38.0445327297085,4.2206303724928365,4.2206303724928365,0.08942990710946512
pasajeros_total,sin_oferta,calendario_ruta_lags_demanda,validation,13,naive,3,freeze_20260610_192142,multitarget_20260720_1435,351,398,25,29,54.83475783475784,70.14703726891705,39.895627149329705,36.276764173703256,0.6410256410256411,0.6410256410256411,0.011690133527302957
pasajeros_total,sin_oferta,calendario_ruta_lags_demanda,validation,13,seasonal_naive_daily,1,freeze_20260610_192142,multitarget_20260720_1435,344,386,20,25,57.56395348837209,74.28081538919535,51.91759600548876,45.83584093329012,2.354651162790698,2.354651162790698,0.04090495909504091
pasajeros_total,sin_oferta,calendario_ruta_lags_demanda,validation,13,seasonal_naive_daily,3,freeze_20260610_192142,multitarget_20260720_1435,346,398,25,33,59.6849710982659,77.31197590604647,48.1659801456869,40.90197864881459,3.054913294797688,3.054913294797688,0.05118396203573677
pasajeros_total,sin_oferta,calendario_ruta_lags_demanda,validation,13,seasonal_naive_weekly,1,freeze_20260610_192142,multitarget_20260720_1435,350,386,20,31,39.70285714285714,52.811632917649604,33.8771639650998,31.00816709064132,2.8457142857142856,2.8457142857142856,0.07167530224525043
pasajeros_total,sin_oferta,calendario_ruta_lags_demanda,validation,13,seasonal_naive_weekly,3,freeze_20260610_192142,multitarget_20260720_1435,347,398,25,41,42.93948126801153,55.08855851752617,31.852640732252187,28.278610742076292,-2.2420749279538903,2.2420749279538903,0.052214765100671134
pasajeros_total,sin_oferta,calendario_ruta_lags_demanda,validation,14,historical_average_route_day_type_slot,1,freeze_20260610_192142,multitarget_20260720_1435,338,382,44,0,34.94398901138886,43.85040860278465,38.00013456158567,34.1795007693293,26.436608100301868,26.436608100301868,0.7565423653174145
pasajeros_total,sin_oferta,calendario_ruta_lags_demanda,validation,14,historical_average_route_day_type_slot,3,freeze_20260610_192142,multitarget_20260720_1435,347,392,45,0,36.49129439816496,49.08336170743699,34.79822616217862,30.267668593673335,18.35586250806281,18.35586250806281,0.5030203178812389
pasajeros_total,sin_oferta,calendario_ruta_lags_demanda,validation,14,naive,1,freeze_20260610_192142,multitarget_20260720_1435,316,382,44,46,38.54430379746835,52.82320644603569,41.31559920898498,37.37572112434025,3.7468354430379747,3.7468354430379747,0.09720853858784893
pasajeros_total,sin_oferta,calendario_ruta_lags_demanda,validation,14,naive,3,freeze_20260610_192142,multitarget_20260720_1435,323,392,45,48,49.22600619195047,69.80135458690742,44.10824564495787,39.033731035498604,0.848297213622291,0.848297213622291,0.017232704402515724
pasajeros_total,sin_oferta,calendario_ruta_lags_demanda,validation,14,seasonal_naive_daily,1,freeze_20260610_192142,multitarget_20260720_1435,303,382,44,49,42.93399339933993,59.28003131081512,50.18995563882588,42.6496623172251,4.438943894389439,4.438943894389439,0.10338996079637175
pasajeros_total,sin_oferta,calendario_ruta_lags_demanda,validation,14,seasonal_naive_daily,3,freeze_20260610_192142,multitarget_20260720_1435,313,392,45,46,53.61341853035144,73.76443379631363,54.72580641624427,44.46829371704163,1.1916932907348243,1.1916932907348243,0.022227519218163398
pasajeros_total,sin_oferta,calendario_ruta_lags_demanda,validation,14,seasonal_naive_weekly,1,freeze_20260610_192142,multitarget_20260720_1435,317,382,44,35,58.063091482649845,75.2846124427991,64.47681486796662,56.996872387204654,1.6529968454258674,1.6529968454258674,0.028468977507334563
pasajeros_total,sin_oferta,calendario_ruta_lags_demanda,validation,14,seasonal_naive_weekly,3,freeze_20260610_192142,multitarget_20260720_1435,321,392,45,40,58.54205607476636,75.66160933872513,58.942280465262556,49.238831390017026,0.3987538940809969,0.3987538940809969,0.006811409110259684
pasajeros_total,sin_oferta,calendario_ruta_lags_demanda,validation,15,historical_average_route_day_type_slot,1,freeze_20260610_192142,multitarget_20260720_1435,349,384,35,0,25.796798437609635,33.721877826795335,22.720298958947104,20.659696761498374,8.526341054773303,8.526341054773303,0.33051935011991995
pasajeros_total,sin_oferta,calendario_ruta_lags_demanda,validation,15,historical_average_route_day_type_slot,3,freeze_20260610_192142,multitarget_20260720_1435,349,395,46,0,29.366377747464185,38.69920917045307,23.208674535429,20.500191690732887,4.515349104523879,4.515349104523879,0.15375914398955057
pasajeros_total,sin_oferta,calendario_ruta_lags_demanda,validation,15,naive,1,freeze_20260610_192142,multitarget_20260720_1435,323,384,35,42,42.95046439628483,55.998534921127124,34.62918960326593,33.54612501511304,4.325077399380805,4.325077399380805,0.10069919988466806
pasajeros_total,sin_oferta,calendario_ruta_lags_demanda,validation,15,naive,3,freeze_20260610_192142,multitarget_20260720_1435,327,395,46,51,47.22018348623853,63.390276992022855,35.07596036307114,31.94116916966613,2.529051987767584,2.529051987767584,0.05355870733760767
pasajeros_total,sin_oferta,calendario_ruta_lags_demanda,validation,15,seasonal_naive_daily,1,freeze_20260610_192142,multitarget_20260720_1435,312,384,35,40,58.48397435897436,73.08563207214272,54.49070096336257,47.86475001311579,5.086538461538462,5.086538461538462,0.08697320107414917
pasajeros_total,sin_oferta,calendario_ruta_lags_demanda,validation,15,seasonal_naive_daily,3,freeze_20260610_192142,multitarget_20260720_1435,305,395,46,47,70.91803278688525,92.5672108502258,57.59166525055216,48.965454792411826,3.055737704918033,3.055737704918033,0.04308830328247804
pasajeros_total,sin_oferta,calendario_ruta_lags_demanda,validation,15,seasonal_naive_weekly,1,freeze_20260610_192142,multitarget_20260720_1435,317,384,35,43,39.397476340694006,50.8440741268541,35.18834723164274,30.366173896129155,-5.056782334384858,5.056782334384858,0.12835295059652493
pasajeros_total,sin_oferta,calendario_ruta_lags_demanda,validation,15,seasonal_naive_weekly,3,freeze_20260610_192142,multitarget_20260720_1435,316,395,46,52,40.40506329113924,53.45363541650377,33.6253581263538,27.496500484548292,-1.2215189873417722,1.2215189873417722,0.03023182957393484
pasajeros_total,sin_oferta,calendario_ruta_lags_demanda,validation,16,historical_average_route_day_type_slot,1,freeze_20260610_192142,multitarget_20260720_1435,362,386,24,0,27.623556860562037,35.360586700445005,23.907132709616878,22.24880984208134,14.468935806326657,14.468935806326657,0.5237897450847055
pasajeros_total,sin_oferta,calendario_ruta_lags_demanda,validation,16,historical_average_route_day_type_slot,3,freeze_20260610_192142,multitarget_20260720_1435,362,398,36,0,32.79925852427756,43.89854807924546,24.913917052137624,22.07882846902668,5.424560079579229,5.424560079579229,0.16538666798104731
pasajeros_total,sin_oferta,calendario_ruta_lags_demanda,validation,16,naive,1,freeze_20260610_192142,multitarget_20260720_1435,343,386,24,28,43.30320699708455,54.597199812858975,36.44917384990245,34.71706051469041,3.892128279883382,3.892128279883382,0.08988083215512017
pasajeros_total,sin_oferta,calendario_ruta_lags_demanda,validation,16,naive,3,freeze_20260610_192142,multitarget_20260720_1435,342,398,36,39,51.08479532163743,65.4412597642509,38.187656831694966,33.9697847601641,5.06140350877193,5.06140350877193,0.09907847289794516
pasajeros_total,sin_oferta,calendario_ruta_lags_demanda,validation,16,seasonal_naive_daily,1,freeze_20260610_192142,multitarget_20260720_1435,341,386,24,28,52.598240469208214,67.55872866019475,48.35003461031898,42.229180891389824,2.686217008797654,2.686217008797654,0.05107047279214986
pasajeros_total,sin_oferta,calendario_ruta_lags_demanda,validation,16,seasonal_naive_daily,3,freeze_20260610_192142,multitarget_20260720_1435,339,398,36,37,59.72271386430678,76.03562276461962,48.65017526887889,40.58209224478342,4.23598820058997,4.23598820058997,0.0709275906351872
pasajeros_total,sin_oferta,calendario_ruta_lags_demanda,validation,16,seasonal_naive_weekly,1,freeze_20260610_192142,multitarget_20260720_1435,353,386,24,22,34.373937677053824,45.27442292403975,29.297434613560608,27.135700867698365,1.954674220963173,1.954674220963173,0.05686500741717488
pasajeros_total,sin_oferta,calendario_ruta_lags_demanda,validation,16,seasonal_naive_weekly,3,freeze_20260610_192142,multitarget_20260720_1435,350,398,36,32,41.51714285714286,53.01522692316129,30.976168432243444,27.242730459888637,-0.82,0.82,0.019750877434450483
pasajeros_total,sin_oferta,calendario_ruta_lags_demanda,validation,17,historical_average_route_day_type_slot,1,freeze_20260610_192142,multitarget_20260720_1435,349,383,34,0,28.768841684774433,36.65770723224511,27.116567538315007,24.80685316001946,16.479404545258124,16.479404545258124,0.5728212739958749
pasajeros_total,sin_oferta,calendario_ruta_lags_demanda,validation,17,historical_average_route_day_type_slot,3,freeze_20260610_192142,multitarget_20260720_1435,353,396,43,0,33.621914317046766,45.86929708589834,27.480641477534828,24.330741602946922,7.838649284581701,7.838649284581701,0.23314107610486054
pasajeros_total,sin_oferta,calendario_ruta_lags_demanda,validation,17,naive,1,freeze_20260610_192142,multitarget_20260720_1435,329,383,34,33,39.58358662613982,49.86318668134074,38.09943718100525,33.514334242627,1.9544072948328268,1.9544072948328268,0.04937418413575981
pasajeros_total,sin_oferta,calendario_ruta_lags_demanda,validation,17,naive,3,freeze_20260610_192142,multitarget_20260720_1435,331,396,43,47,45.036253776435046,60.61818996541203,35.48870159596092,32.245295262816356,5.308157099697885,5.308157099697885,0.11786409069564634
pasajeros_total,sin_oferta,calendario_ruta_lags_demanda,validation,17,seasonal_naive_daily,1,freeze_20260610_192142,multitarget_20260720_1435,324,383,34,36,50.98765432098765,66.0692678039355,49.77049627481677,43.90814373803955,3.4135802469135803,3.4135802469135803,0.06694915254237288
pasajeros_total,sin_oferta,calendario_ruta_lags_demanda,validation,17,seasonal_naive_daily,3,freeze_20260610_192142,multitarget_20260720_1435,329,396,43,42,64.19756838905775,85.54330210457395,54.570458319218986,46.13284406875915,3.492401215805471,3.492401215805471,0.054400833293878126
pasajeros_total,sin_oferta,calendario_ruta_lags_demanda,validation,17,seasonal_naive_weekly,1,freeze_20260610_192142,multitarget_20260720_1435,328,383,34,34,41.073170731707314,54.91673297798777,39.333039361661676,34.674285125987694,-1.2926829268292683,1.2926829268292683,0.03147268408551069
pasajeros_total,sin_oferta,calendario_ruta_lags_demanda,validation,17,seasonal_naive_weekly,3,freeze_20260610_192142,multitarget_20260720_1435,334,396,43,43,56.7814371257485,79.05021901138859,46.13353728260897,39.67490219869877,-1.4461077844311376,1.4461077844311376,0.025467967308199314
pasajeros_total,sin_oferta,calendario_ruta_lags_demanda,validation,18,historical_average_route_day_type_slot,1,freeze_20260610_192142,multitarget_20260720_1435,335,383,48,0,32.81030232386749,41.69937429681676,30.806544669932162,29.92418196753589,26.099044217194127,26.099044217194127,0.7954527196845933
pasajeros_total,sin_oferta,calendario_ruta_lags_demanda,validation,18,historical_average_route_day_type_slot,3,freeze_20260610_192142,multitarget_20260720_1435,324,396,72,0,38.16713590718434,49.06549063689464,30.660272072977197,27.69202802294815,17.471900097658217,17.471900097658217,0.4577734137595957
pasajeros_total,sin_oferta,calendario_ruta_lags_demanda,validation,18,naive,1,freeze_20260610_192142,multitarget_20260720_1435,314,383,48,48,40.64331210191083,52.19238053573779,39.12161742661362,36.23200749510263,2.3694267515923566,2.3694267515923566,0.05829807240244475
pasajeros_total,sin_oferta,calendario_ruta_lags_demanda,validation,18,naive,3,freeze_20260610_192142,multitarget_20260720_1435,300,396,72,74,50.11,65.1635634384738,39.69913305314146,35.84235372657479,6.1033333333333335,6.1033333333333335,0.12179870950575401
pasajeros_total,sin_oferta,calendario_ruta_lags_demanda,validation,18,seasonal_naive_daily,1,freeze_20260610_192142,multitarget_20260720_1435,319,383,48,33,44.1692789968652,55.605134965061985,43.49463285248489,39.87096409066471,7.74294670846395,7.74294670846395,0.17530163236337828
pasajeros_total,sin_oferta,calendario_ruta_lags_demanda,validation,18,seasonal_naive_daily,3,freeze_20260610_192142,multitarget_20260720_1435,308,396,72,50,54.314935064935064,68.79677865457622,44.79740964601659,39.433797704075616,10.613636363636363,10.613636363636363,0.19540916970530217
pasajeros_total,sin_oferta,calendario_ruta_lags_demanda,validation,18,seasonal_naive_weekly,1,freeze_20260610_192142,multitarget_20260720_1435,326,383,48,28,37.23006134969325,48.8605440077799,35.25810155908,33.29218784287909,9.340490797546012,9.340490797546012,0.2508857213479443
pasajeros_total,sin_oferta,calendario_ruta_lags_demanda,validation,18,seasonal_naive_weekly,3,freeze_20260610_192142,multitarget_20260720_1435,311,396,72,44,48.72668810289389,62.8561876154083,37.915128563901376,34.26491204268982,9.434083601286174,9.434083601286174,0.19361224759139503
pasajeros_total,sin_oferta,calendario_ruta_lags_demanda,validation,19,historical_average_route_day_type_slot,1,freeze_20260610_192142,multitarget_20260720_1435,347,383,36,0,30.802743412805505,39.973752550964704,28.947840594216643,27.21256674027066,17.84058023005175,17.84058023005175,0.5791880285129068
pasajeros_total,sin_oferta,calendario_ruta_lags_demanda,validation,19,historical_average_route_day_type_slot,3,freeze_20260610_192142,multitarget_20260720_1435,352,396,44,0,32.73950258070749,46.192814423747706,27.034252499431638,24.153385677716837,9.671445570661005,9.671445570661005,0.2954060021779356
pasajeros_total,sin_oferta,calendario_ruta_lags_demanda,validation,19,naive,1,freeze_20260610_192142,multitarget_20260720_1435,323,383,36,38,44.70897832817337,57.678864354188306,41.929899163450926,38.84808866650526,3.328173374613003,3.328173374613003,0.07444082819749324
pasajeros_total,sin_oferta,calendario_ruta_lags_demanda,validation,19,naive,3,freeze_20260610_192142,multitarget_20260720_1435,328,396,44,46,48.72256097560975,68.03265446218258,39.434721331992456,35.544928825622776,5.3567073170731705,5.3567073170731705,0.10994305738063952
pasajeros_total,sin_oferta,calendario_ruta_lags_demanda,validation,19,seasonal_naive_daily,1,freeze_20260610_192142,multitarget_20260720_1435,301,383,36,58,52.61794019933555,70.43712589479313,52.48650215492926,46.773574318537555,-0.11960132890365449,0.11960132890365449,0.0022730142694784693
pasajeros_total,sin_oferta,calendario_ruta_lags_demanda,validation,19,seasonal_naive_daily,3,freeze_20260610_192142,multitarget_20260720_1435,306,396,44,67,65.49019607843137,85.3503736049808,57.75606600201617,48.139518124384445,-0.1111111111111111,0.1111111111111111,0.0016966067864271457
pasajeros_total,sin_oferta,calendario_ruta_lags_demanda,validation,19,seasonal_naive_weekly,1,freeze_20260610_192142,multitarget_20260720_1435,310,383,36,56,42.20967741935484,55.0563054898669,41.29095930139247,35.25433775191292,-8.1,8.1,0.19189912113106608
pasajeros_total,sin_oferta,calendario_ruta_lags_demanda,validation,19,seasonal_naive_weekly,3,freeze_20260610_192142,multitarget_20260720_1435,310,396,44,70,51.72258064516129,70.98868605902702,43.17189222434431,34.879269088536006,-13.296774193548387,13.296774193548387,0.2570787077460397
pasajeros_total,sin_oferta,calendario_ruta_lags_demanda,validation,2,historical_average_route_day_type_slot,1,freeze_20260610_192142,multitarget_20260720_1435,349,380,31,0,29.38134195752968,39.79458169106505,24.34596403530683,22.00825966513105,-2.5126839601755067,2.5126839601755067,0.08551971396703242
pasajeros_total,sin_oferta,calendario_ruta_lags_demanda,validation,2,historical_average_route_day_type_slot,3,freeze_20260610_192142,multitarget_20260720_1435,356,394,38,0,29.267461501080984,39.535885684902006,25.391551824440416,20.17390418491845,-5.540056679719706,5.540056679719706,0.18929064550115104
pasajeros_total,sin_oferta,calendario_ruta_lags_demanda,validation,2,naive,1,freeze_20260610_192142,multitarget_20260720_1435,330,380,31,33,48.67272727272727,65.9898522960963,38.39155138049592,36.171602297038625,3.5757575757575757,3.5757575757575757,0.07346532187772382
pasajeros_total,sin_oferta,calendario_ruta_lags_demanda,validation,2,naive,3,freeze_20260610_192142,multitarget_20260720_1435,336,394,38,40,52.11309523809524,72.19904695321387,40.220981690566795,34.65199580455562,0.02976190476190476,0.02976190476190476,0.0005711022272986864
pasajeros_total,sin_oferta,calendario_ruta_lags_demanda,validation,2,seasonal_naive_daily,1,freeze_20260610_192142,multitarget_20260720_1435,335,380,31,27,57.37313432835821,75.74001091715886,47.13929031557919,42.93820651445422,11.850746268656716,11.850746268656716,0.20655567117585846
pasajeros_total,sin_oferta,calendario_ruta_lags_demanda,validation,2,seasonal_naive_daily,3,freeze_20260610_192142,multitarget_20260720_1435,339,394,38,36,62.176991150442475,81.30328522753899,49.16269349744674,42.81796575050277,13.616519174041297,13.616519174041297,0.21899610968782618
pasajeros_total,sin_oferta,calendario_ruta_lags_demanda,validation,2,seasonal_naive_weekly,1,freeze_20260610_192142,multitarget_20260720_1435,330,380,31,32,46.93333333333333,62.00298135549368,37.97249429296776,33.82988947621336,3.1454545454545455,3.1454545454545455,0.06701962809917356
pasajeros_total,sin_oferta,calendario_ruta_lags_demanda,validation,2,seasonal_naive_weekly,3,freeze_20260610_192142,multitarget_20260720_1435,336,394,38,34,46.892857142857146,65.26365939859056,37.339002474913855,31.08489356245191,5.517857142857143,5.517857142857143,0.11766945925361767
pasajeros_total,sin_oferta,calendario_ruta_lags_demanda,validation,20,historical_average_route_day_type_slot,1,freeze_20260610_192142,multitarget_20260720_1435,338,387,49,0,38.59869354678171,48.539515227768895,33.20733868891029,34.13311291615357,29.622169967910445,29.622169967910445,0.7674397044554967
pasajeros_total,sin_oferta,calendario_ruta_lags_demanda,validation,20,historical_average_route_day_type_slot,3,freeze_20260610_192142,multitarget_20260720_1435,354,398,44,0,33.48051349838033,44.10247078089784,27.934393700110782,25.054119516396728,21.5027104009014,21.5027104009014,0.6422455378989819
pasajeros_total,sin_oferta,calendario_ruta_lags_demanda,validation,20,naive,1,freeze_20260610_192142,multitarget_20260720_1435,310,387,49,52,48.512903225806454,63.534521985067045,42.00037419466462,41.54419889502762,2.706451612903226,2.706451612903226,0.055788283795465125
pasajeros_total,sin_oferta,calendario_ruta_lags_demanda,validation,20,naive,3,freeze_20260610_192142,multitarget_20260720_1435,326,398,44,46,50.42944785276074,64.95047665089082,40.05200636676972,35.65387117761874,0.7055214723926381,0.7055214723926381,0.013990267639902677
pasajeros_total,sin_oferta,calendario_ruta_lags_demanda,validation,20,seasonal_naive_daily,1,freeze_20260610_192142,multitarget_20260720_1435,299,387,49,51,45.45484949832776,59.101720600388795,43.026360133503495,40.14710660798157,4.752508361204013,4.752508361204013,0.10455448458538738
pasajeros_total,sin_oferta,calendario_ruta_lags_demanda,validation,20,seasonal_naive_daily,3,freeze_20260610_192142,multitarget_20260720_1435,316,398,44,46,51.05696202531646,69.24475029226386,44.587579613274364,37.81997187060478,4.531645569620253,4.531645569620253,0.08875666294781208
pasajeros_total,sin_oferta,calendario_ruta_lags_demanda,validation,20,seasonal_naive_weekly,1,freeze_20260610_192142,multitarget_20260720_1435,321,387,49,42,40.953271028037385,53.16939367414314,35.07439866898479,34.91540729329898,6.161993769470405,6.161993769470405,0.15046401947360413
pasajeros_total,sin_oferta,calendario_ruta_lags_demanda,validation,20,seasonal_naive_weekly,3,freeze_20260610_192142,multitarget_20260720_1435,333,398,44,42,40.8948948948949,52.38154088823491,32.27212694381645,29.18872575286679,7.375375375375375,7.375375375375375,0.18034953737700102
pasajeros_total,sin_oferta,calendario_ruta_lags_demanda,validation,21,historical_average_route_day_type_slot,1,freeze_20260610_192142,multitarget_20260720_1435,345,386,41,0,35.29648452482985,43.370028846497405,32.03552341111933,31.594850192170355,28.268473893944744,28.268473893944744,0.8008863849899515
pasajeros_total,sin_oferta,calendario_ruta_lags_demanda,validation,21,historical_average_route_day_type_slot,3,freeze_20260610_192142,multitarget_20260720_1435,347,398,51,0,37.81479595697063,50.32741249033713,30.001059367388333,28.440188558387465,23.32117791938193,23.32117791938193,0.6167209773105492
pasajeros_total,sin_oferta,calendario_ruta_lags_demanda,validation,21,naive,1,freeze_20260610_192142,multitarget_20260720_1435,321,386,41,42,43.66355140186916,56.49718102856509,40.431874385687415,38.22302217131637,3.202492211838006,3.202492211838006,0.0733447488584475
pasajeros_total,sin_oferta,calendario_ruta_lags_demanda,validation,21,naive,3,freeze_20260610_192142,multitarget_20260720_1435,316,398,51,51,54.41772151898734,69.72050894169239,43.01294797562889,38.64443345768349,0.7151898734177216,0.7151898734177216,0.013142591300302396
pasajeros_total,sin_oferta,calendario_ruta_lags_demanda,validation,21,seasonal_naive_daily,1,freeze_20260610_192142,multitarget_20260720_1435,311,386,41,44,44.31511254019293,56.55876493237137,44.52728166472893,39.94435266498566,4.057877813504823,4.057877813504823,0.09156871281381511
pasajeros_total,sin_oferta,calendario_ruta_lags_demanda,validation,21,seasonal_naive_daily,3,freeze_20260610_192142,multitarget_20260720_1435,309,398,51,53,55.20388349514563,71.56909893473647,47.06842876673245,41.08381502890173,2.9967637540453076,2.9967637540453076,0.05428537929417283
pasajeros_total,sin_oferta,calendario_ruta_lags_demanda,validation,21,seasonal_naive_weekly,1,freeze_20260610_192142,multitarget_20260720_1435,328,386,41,45,37.15853658536585,47.204536780726144,34.985868285467824,32.18378663850013,-2.4146341463414633,2.4146341463414633,0.06498194945848376
pasajeros_total,sin_oferta,calendario_ruta_lags_demanda,validation,21,seasonal_naive_weekly,3,freeze_20260610_192142,multitarget_20260720_1435,327,398,51,48,39.56880733944954,52.760291110292535,32.45166433069375,28.495606404298897,-0.28440366972477066,0.28440366972477066,0.007187572455367494
pasajeros_total,sin_oferta,calendario_ruta_lags_demanda,validation,22,historical_average_route_day_type_slot,1,freeze_20260610_192142,multitarget_20260720_1435,336,381,45,0,30.357792710294007,40.02326131980196,30.87359614825793,28.95568271683307,19.018694901462727,19.018694901462727,0.6264847738753314
pasajeros_total,sin_oferta,calendario_ruta_lags_demanda,validation,22,historical_average_route_day_type_slot,3,freeze_20260610_192142,multitarget_20260720_1435,347,393,46,0,31.45662057114658,41.05654607613471,28.17454486795915,25.188525067930918,10.395168076107137,10.395168076107137,0.330460420965946
pasajeros_total,sin_oferta,calendario_ruta_lags_demanda,validation,22,naive,1,freeze_20260610_192142,multitarget_20260720_1435,312,381,45,45,44.11217948717949,55.89536355250466,44.133469574203744,40.839762611275965,2.1121794871794872,2.1121794871794872,0.04788200247039163
pasajeros_total,sin_oferta,calendario_ruta_lags_demanda,validation,22,naive,3,freeze_20260610_192142,multitarget_20260720_1435,323,393,46,48,51.959752321981426,69.55188276592395,43.25147464613861,40.034827413468186,0.8018575851393189,0.8018575851393189,0.015432282666984449
pasajeros_total,sin_oferta,calendario_ruta_lags_demanda,validation,22,seasonal_naive_daily,1,freeze_20260610_192142,multitarget_20260720_1435,315,381,45,37,54.4,70.15805285890124,55.86709801240449,52.04081632653062,8.076190476190476,8.076190476190476,0.1484593837535014
pasajeros_total,sin_oferta,calendario_ruta_lags_demanda,validation,22,seasonal_naive_daily,3,freeze_20260610_192142,multitarget_20260720_1435,327,393,46,36,67.19266055045871,87.16310416586107,59.51115555356075,53.87803143620804,9.859327217125383,9.859327217125383,0.14673220462406703
pasajeros_total,sin_oferta,calendario_ruta_lags_demanda,validation,22,seasonal_naive_weekly,1,freeze_20260610_192142,multitarget_20260720_1435,317,381,45,43,49.74763406940063,63.465234279447124,51.0988864163016,46.34554912275546,2.315457413249211,2.315457413249211,0.0465440710209258
pasajeros_total,sin_oferta,calendario_ruta_lags_demanda,validation,22,seasonal_naive_weekly,3,freeze_20260610_192142,multitarget_20260720_1435,322,393,46,45,56.42546583850932,78.62978352471065,50.320939656780936,43.43221858341501,-2.1335403726708075,2.1335403726708075,0.03781165721833893
pasajeros_total,sin_oferta,calendario_ruta_lags_demanda,validation,23,historical_average_route_day_type_slot,1,freeze_20260610_192142,multitarget_20260720_1435,355,386,31,0,29.098467374478705,37.3289459116357,24.501012909189924,24.17947642418412,15.262609534150272,15.262609534150272,0.5245159251080213
pasajeros_total,sin_oferta,calendario_ruta_lags_demanda,validation,23,historical_average_route_day_type_slot,3,freeze_20260610_192142,multitarget_20260720_1435,362,398,36,0,31.588868538065956,42.608124635016125,24.722034711997576,22.5279164908981,10.845241053733783,10.845241053733783,0.34332477089721647
pasajeros_total,sin_oferta,calendario_ruta_lags_demanda,validation,23,naive,1,freeze_20260610_192142,multitarget_20260720_1435,334,386,31,33,41.61377245508982,54.647399968830115,34.96827780048285,33.98122341205809,2.434131736526946,2.434131736526946,0.058493416792575
pasajeros_total,sin_oferta,calendario_ruta_lags_demanda,validation,23,naive,3,freeze_20260610_192142,multitarget_20260720_1435,336,398,36,37,54.666666666666664,72.24347062274242,40.91957105759324,37.01285616410752,-0.14285714285714285,0.14285714285714285,0.0026132404181184667
pasajeros_total,sin_oferta,calendario_ruta_lags_demanda,validation,23,seasonal_naive_daily,1,freeze_20260610_192142,multitarget_20260720_1435,317,386,31,46,55.02839116719243,71.75888474211521,51.05929424077091,45.73076418927776,-2.0630914826498423,2.0630914826498423,0.03749140105480395
pasajeros_total,sin_oferta,calendario_ruta_lags_demanda,validation,23,seasonal_naive_daily,3,freeze_20260610_192142,multitarget_20260720_1435,319,398,36,52,60.67084639498432,80.38426521430601,51.30043127883893,43.75070642222574,-0.6144200626959248,0.6144200626959248,0.010127105507905344
pasajeros_total,sin_oferta,calendario_ruta_lags_demanda,validation,23,seasonal_naive_weekly,1,freeze_20260610_192142,multitarget_20260720_1435,328,386,31,42,37.60060975609756,52.53712392436326,33.37684235117269,30.342469123653004,-7.064024390243903,7.064024390243903,0.1878699424308765
pasajeros_total,sin_oferta,calendario_ruta_lags_demanda,validation,23,seasonal_naive_weekly,3,freeze_20260610_192142,multitarget_20260720_1435,334,398,36,47,41.532934131736525,55.655538108580785,33.9099752762597,29.012423139666204,-3.9820359281437128,3.9820359281437128,0.09587658592848905
pasajeros_total,sin_oferta,calendario_ruta_lags_demanda,validation,24,historical_average_route_day_type_slot,1,freeze_20260610_192142,multitarget_20260720_1435,351,386,35,0,29.482616298746752,37.8944938768042,26.761457932815784,24.567680359100017,16.074299860968118,16.074299860968118,0.5452128026253696
pasajeros_total,sin_oferta,calendario_ruta_lags_demanda,validation,24,historical_average_route_day_type_slot,3,freeze_20260610_192142,multitarget_20260720_1435,365,398,33,0,29.679515772217687,39.50655449955724,24.534839717949186,21.818338516564534,13.651785260087044,13.651785260087044,0.4599733150924978
pasajeros_total,sin_oferta,calendario_ruta_lags_demanda,validation,24,naive,1,freeze_20260610_192142,multitarget_20260720_1435,328,386,35,36,42.801829268292686,56.84824149413603,37.511787859100096,34.856121359584876,2.1798780487804876,2.1798780487804876,0.05092955338699337
pasajeros_total,sin_oferta,calendario_ruta_lags_demanda,validation,24,naive,3,freeze_20260610_192142,multitarget_20260720_1435,342,398,33,35,50.67251461988304,68.24834252426898,39.21382307262559,35.6357056198721,-0.1871345029239766,0.1871345029239766,0.003693017888055395
pasajeros_total,sin_oferta,calendario_ruta_lags_demanda,validation,24,seasonal_naive_daily,1,freeze_20260610_192142,multitarget_20260720_1435,328,386,35,38,52.03963414634146,67.5623695594508,49.67435402975931,42.819155607957256,1.0640243902439024,1.0640243902439024,0.020446423340558906
pasajeros_total,sin_oferta,calendario_ruta_lags_demanda,validation,24,seasonal_naive_daily,3,freeze_20260610_192142,multitarget_20260720_1435,343,398,33,35,58.265306122448976,77.67340236144115,50.32999947201364,42.77428192286289,3.927113702623907,3.927113702623907,0.06740055041280961
pasajeros_total,sin_oferta,calendario_ruta_lags_demanda,validation,24,seasonal_naive_weekly,1,freeze_20260610_192142,multitarget_20260720_1435,335,386,35,33,35.66567164179104,47.42824902914031,30.602871915998016,28.72391576113088,0.3582089552238806,0.3582089552238806,0.01004352192835621
pasajeros_total,sin_oferta,calendario_ruta_lags_demanda,validation,24,seasonal_naive_weekly,3,freeze_20260610_192142,multitarget_20260720_1435,343,398,33,39,38.68513119533527,51.88799891580789,29.80177376181607,27.144406030726426,1.9387755102040816,1.9387755102040816,0.050116813625744216
pasajeros_total,sin_oferta,calendario_ruta_lags_demanda,validation,25,historical_average_route_day_type_slot,1,freeze_20260610_192142,multitarget_20260720_1435,355,386,31,0,32.853084158168755,41.501887405152104,29.534402707773427,27.286614749309596,14.606071775339844,14.606071775339844,0.4445875372010733
pasajeros_total,sin_oferta,calendario_ruta_lags_demanda,validation,25,historical_average_route_day_type_slot,3,freeze_20260610_192142,multitarget_20260720_1435,359,398,39,0,33.148156541910836,44.02112580567814,25.23569955577353,22.86562946457995,6.468673875345589,6.468673875345589,0.19514430213236528
pasajeros_total,sin_oferta,calendario_ruta_lags_demanda,validation,25,naive,1,freeze_20260610_192142,multitarget_20260720_1435,333,386,31,30,47.990990990990994,61.835464133655734,40.29534146894038,39.12213273274743,3.324324324324324,3.324324324324324,0.06926975783743194
pasajeros_total,sin_oferta,calendario_ruta_lags_demanda,validation,25,naive,3,freeze_20260610_192142,multitarget_20260720_1435,336,398,39,39,55.3125,72.61704427369389,40.39171825805122,36.420466793391995,-0.17559523809523808,0.17559523809523808,0.003174603174603174
pasajeros_total,sin_oferta,calendario_ruta_lags_demanda,validation,25,seasonal_naive_daily,1,freeze_20260610_192142,multitarget_20260720_1435,335,386,31,34,55.474626865671645,72.77271917907436,51.605308728979004,46.439102403918234,3.0925373134328358,3.0925373134328358,0.055746879035729655
pasajeros_total,sin_oferta,calendario_ruta_lags_demanda,validation,25,seasonal_naive_daily,3,freeze_20260610_192142,multitarget_20260720_1435,336,398,39,41,66.22321428571429,89.23192427334406,51.68480146637351,45.809400284108456,3.568452380952381,3.568452380952381,0.05388521864185879
pasajeros_total,sin_oferta,calendario_ruta_lags_demanda,validation,25,seasonal_naive_weekly,1,freeze_20260610_192142,multitarget_20260720_1435,340,386,31,31,39.34705882352941,51.48409234614011,34.380570619643514,31.67440098494176,0.06470588235294118,0.06470588235294118,0.0016444909552997462
pasajeros_total,sin_oferta,calendario_ruta_lags_demanda,validation,25,seasonal_naive_weekly,3,freeze_20260610_192142,multitarget_20260720_1435,348,398,39,33,45.3448275862069,59.431647206308966,33.52551382005347,30.536419227494388,-3.8620689655172415,3.8620689655172415,0.08517110266159696
pasajeros_total,sin_oferta,calendario_ruta_lags_demanda,validation,26,historical_average_route_day_type_slot,1,freeze_20260610_192142,multitarget_20260720_1435,338,383,45,0,28.71000433796867,35.91589532274308,27.32396689988294,24.81455906058766,13.988658737986672,13.988658737986672,0.4872398684902608
pasajeros_total,sin_oferta,calendario_ruta_lags_demanda,validation,26,historical_average_route_day_type_slot,3,freeze_20260610_192142,multitarget_20260720_1435,344,396,52,0,32.02955128361082,40.860955127144074,27.83152118221441,24.092374525095934,12.217513296757895,12.217513296757895,0.3814450345737271
pasajeros_total,sin_oferta,calendario_ruta_lags_demanda,validation,26,naive,1,freeze_20260610_192142,multitarget_20260720_1435,312,383,45,45,43.1025641025641,55.811495920850184,38.09510524179295,36.00439077936334,1.3782051282051282,1.3782051282051282,0.031975014872099944
pasajeros_total,sin_oferta,calendario_ruta_lags_demanda,validation,26,naive,3,freeze_20260610_192142,multitarget_20260720_1435,319,396,52,51,50.83699059561128,67.30655550385195,39.41072005759656,36.60143995305482,0.54858934169279,0.54858934169279,0.010791145094653759
pasajeros_total,sin_oferta,calendario_ruta_lags_demanda,validation,26,seasonal_naive_daily,1,freeze_20260610_192142,multitarget_20260720_1435,325,383,45,36,47.98153846153846,61.20799344479822,46.56990555320347,41.36010397050632,8.393846153846154,8.393846153846154,0.17493907913299986
pasajeros_total,sin_oferta,calendario_ruta_lags_demanda,validation,26,seasonal_naive_daily,3,freeze_20260610_192142,multitarget_20260720_1435,328,396,52,42,56.926829268292686,75.95208695088715,47.37229429755156,42.31327048585932,9.865853658536585,9.865853658536585,0.17330762639245928
pasajeros_total,sin_oferta,calendario_ruta_lags_demanda,validation,26,seasonal_naive_weekly,1,freeze_20260610_192142,multitarget_20260720_1435,323,383,45,33,40.027863777089784,53.90833292852903,36.33073575124384,33.44370004397423,4.046439628482972,4.046439628482972,0.10109057158326241
pasajeros_total,sin_oferta,calendario_ruta_lags_demanda,validation,26,seasonal_naive_weekly,3,freeze_20260610_192142,multitarget_20260720_1435,326,396,52,39,46.25153374233129,60.702078475850755,36.19600157354273,33.44275384820122,8.552147239263803,8.552147239263803,0.18490515983552194
pasajeros_total,sin_oferta,calendario_ruta_lags_demanda,validation,27,historical_average_route_day_type_slot,1,freeze_20260610_192142,multitarget_20260720_1435,356,386,30,0,30.921485192810053,39.36371951269166,29.490779159027568,27.43438935486699,20.997169832524634,20.997169832524634,0.6790479080030396
pasajeros_total,sin_oferta,calendario_ruta_lags_demanda,validation,27,historical_average_route_day_type_slot,3,freeze_20260610_192142,multitarget_20260720_1435,349,398,49,0,34.5826185776096,46.07424422102066,28.382379743690112,25.181168127656477,14.964876054581671,14.964876054581671,0.4327282510720755
pasajeros_total,sin_oferta,calendario_ruta_lags_demanda,validation,27,naive,1,freeze_20260610_192142,multitarget_20260720_1435,340,386,30,31,42.44705882352941,54.80360657947292,40.29672266232724,37.47111514994158,2.3588235294117648,2.3588235294117648,0.0555709534368071
pasajeros_total,sin_oferta,calendario_ruta_lags_demanda,validation,27,naive,3,freeze_20260610_192142,multitarget_20260720_1435,320,398,49,51,57.740625,77.42304647196467,42.4252710136254,40.00736185692014,0.084375,0.084375,0.0014612761811982466
pasajeros_total,sin_oferta,calendario_ruta_lags_demanda,validation,27,seasonal_naive_daily,1,freeze_20260610_192142,multitarget_20260720_1435,323,386,30,45,53.195046439628484,67.15035575957711,54.99291151243128,46.890265535027154,-2.4272445820433437,2.4272445820433437,0.04562914678151554
pasajeros_total,sin_oferta,calendario_ruta_lags_demanda,validation,27,seasonal_naive_daily,3,freeze_20260610_192142,multitarget_20260720_1435,308,398,49,62,63.52272727272727,83.97079346918282,56.25910019689033,45.65608008774181,-4.587662337662338,4.587662337662338,0.0722208024533606
pasajeros_total,sin_oferta,calendario_ruta_lags_demanda,validation,27,seasonal_naive_weekly,1,freeze_20260610_192142,multitarget_20260720_1435,332,386,30,40,39.37951807228916,51.03713507463468,38.18454416041925,34.161636748451826,-0.7289156626506024,0.7289156626506024,0.018510019886798224
pasajeros_total,sin_oferta,calendario_ruta_lags_demanda,validation,27,seasonal_naive_weekly,3,freeze_20260610_192142,multitarget_20260720_1435,320,398,49,51,47.4125,63.37315086059711,39.04839610346625,33.74029844107901,-3.33125,3.33125,0.07026100711837595
pasajeros_total,sin_oferta,calendario_ruta_lags_demanda,validation,28,historical_average_route_day_type_slot,1,freeze_20260610_192142,multitarget_20260720_1435,341,383,42,0,30.10184124294018,38.7446291729582,28.95206828576271,27.113761592906656,16.610655316735567,16.610655316735567,0.5518152588300984
pasajeros_total,sin_oferta,calendario_ruta_lags_demanda,validation,28,historical_average_route_day_type_slot,3,freeze_20260610_192142,multitarget_20260720_1435,352,396,44,0,30.427350959990132,40.90528741533742,26.84327530251156,23.62976556042123,12.142487139791028,12.142487139791028,0.39906487935008084
pasajeros_total,sin_oferta,calendario_ruta_lags_demanda,validation,28,naive,1,freeze_20260610_192142,multitarget_20260720_1435,312,383,42,41,44.1474358974359,58.24649213604066,40.57616282437336,38.58803754027175,1.955128205128205,1.955128205128205,0.04428633657615798
pasajeros_total,sin_oferta,calendario_ruta_lags_demanda,validation,28,naive,3,freeze_20260610_192142,multitarget_20260720_1435,323,396,44,44,50.98142414860681,65.90914564668671,42.57839116607885,37.689684374356275,-0.5789473684210527,0.5789473684210527,0.011356045424181697
pasajeros_total,sin_oferta,calendario_ruta_lags_demanda,validation,28,seasonal_naive_daily,1,freeze_20260610_192142,multitarget_20260720_1435,314,383,42,43,52.26433121019108,68.32148154690684,51.546015739897896,46.6831655003698,2.1369426751592355,2.1369426751592355,0.04088720979830601
pasajeros_total,sin_oferta,calendario_ruta_lags_demanda,validation,28,seasonal_naive_daily,3,freeze_20260610_192142,multitarget_20260720_1435,328,396,44,44,58.82012195121951,79.44385576941866,52.99738456799978,45.84511560487608,2.472560975609756,2.472560975609756,0.04203597159591562
pasajeros_total,sin_oferta,calendario_ruta_lags_demanda,validation,28,seasonal_naive_weekly,1,freeze_20260610_192142,multitarget_20260720_1435,319,383,42,43,43.275862068965516,58.19847674917931,43.96050825627009,37.896672888986494,-3.7460815047021945,3.7460815047021945,0.08656283955088737
pasajeros_total,sin_oferta,calendario_ruta_lags_demanda,validation,28,seasonal_naive_weekly,3,freeze_20260610_192142,multitarget_20260720_1435,320,396,44,53,52.171875,73.9051545901908,45.99681678453519,38.42878188012154,-5.284375,5.284375,0.10128781072177298
pasajeros_total,sin_oferta,calendario_ruta_lags_demanda,validation,29,historical_average_route_day_type_slot,1,freeze_20260610_192142,multitarget_20260720_1435,331,383,52,0,27.83871665311978,35.98152034040479,26.61739918367909,24.847283840319932,18.15276405176933,18.15276405176933,0.6520689972156105
pasajeros_total,sin_oferta,calendario_ruta_lags_demanda,validation,29,historical_average_route_day_type_slot,3,freeze_20260610_192142,multitarget_20260720_1435,343,396,53,0,33.382219982178626,43.487678356773195,27.994561277658164,26.13939698175342,16.60799124917744,16.60799124917744,0.4975100894441339
pasajeros_total,sin_oferta,calendario_ruta_lags_demanda,validation,29,naive,1,freeze_20260610_192142,multitarget_20260720_1435,300,383,52,53,40.63,51.674268258002456,37.62962356967841,35.172413793103445,2.73,2.73,0.06719173024858478
pasajeros_total,sin_oferta,calendario_ruta_lags_demanda,validation,29,naive,3,freeze_20260610_192142,multitarget_20260720_1435,311,396,53,52,52.636655948553056,70.00886484979077,40.7072242592044,38.77401170089296,-0.5209003215434084,0.5209003215434084,0.009896151496640195
pasajeros_total,sin_oferta,calendario_ruta_lags_demanda,validation,29,seasonal_naive_daily,1,freeze_20260610_192142,multitarget_20260720_1435,296,383,52,54,48.395270270270274,63.73570321934846,47.30448585791179,42.63519747611536,3.1655405405405403,3.1655405405405403,0.06541012216404886
pasajeros_total,sin_oferta,calendario_ruta_lags_demanda,validation,29,seasonal_naive_daily,3,freeze_20260610_192142,multitarget_20260720_1435,313,396,53,54,58.46964856230032,77.26356286740119,52.32062571570925,45.64409527372491,3.313099041533546,3.313099041533546,0.056663570296705094
pasajeros_total,sin_oferta,calendario_ruta_lags_demanda,validation,29,seasonal_naive_weekly,1,freeze_20260610_192142,multitarget_20260720_1435,307,383,52,49,43.43648208469055,56.09522499376375,42.74148297120021,38.04564907275321,2.042345276872964,2.042345276872964,0.047019122609673794
pasajeros_total,sin_oferta,calendario_ruta_lags_demanda,validation,29,seasonal_naive_weekly,3,freeze_20260610_192142,multitarget_20260720_1435,323,396,53,47,52.12383900928793,71.26973139421177,45.474294244865895,39.7844888699844,2.3529411764705883,2.3529411764705883,0.04514136374435733
pasajeros_total,sin_oferta,calendario_ruta_lags_demanda,validation,3,historical_average_route_day_type_slot,1,freeze_20260610_192142,multitarget_20260720_1435,352,386,34,0,29.531159048901362,38.859786633998546,21.746205346684125,19.927474858548578,1.9340615129203962,1.9340615129203962,0.06549223177179524
pasajeros_total,sin_oferta,calendario_ruta_lags_demanda,validation,3,historical_average_route_day_type_slot,3,freeze_20260610_192142,multitarget_20260720_1435,365,398,33,0,31.309517095559887,40.184118733086535,23.19606142116744,19.893073162879453,1.5214086637072355,1.5214086637072355,0.04859253047767357
pasajeros_total,sin_oferta,calendario_ruta_lags_demanda,validation,3,naive,1,freeze_20260610_192142,multitarget_20260720_1435,332,386,34,35,51.71987951807229,66.56234055922982,35.99911292990367,34.77177919079827,5.1656626506024095,5.1656626506024095,0.09987770077456176
pasajeros_total,sin_oferta,calendario_ruta_lags_demanda,validation,3,naive,3,freeze_20260610_192142,multitarget_20260720_1435,345,398,33,34,61.028985507246375,77.83149766634011,41.440920407989736,37.351428064573355,0.28695652173913044,0.28695652173913044,0.004701971028259321
pasajeros_total,sin_oferta,calendario_ruta_lags_demanda,validation,3,seasonal_naive_daily,1,freeze_20260610_192142,multitarget_20260720_1435,323,386,34,43,63.795665634674926,83.86577068303886,50.94281543835927,43.181961063727236,-4.204334365325077,4.204334365325077,0.06590313500922061
pasajeros_total,sin_oferta,calendario_ruta_lags_demanda,validation,3,seasonal_naive_daily,3,freeze_20260610_192142,multitarget_20260720_1435,338,398,33,41,74.02366863905326,96.769047327697,56.09596109516664,46.33333333333333,-7.7514792899408285,7.7514792899408285,0.10471622701838529
pasajeros_total,sin_oferta,calendario_ruta_lags_demanda,validation,3,seasonal_naive_weekly,1,freeze_20260610_192142,multitarget_20260720_1435,339,386,34,32,47.91740412979351,64.13104209719327,34.97994221627636,31.941167217240835,-2.094395280235988,2.094395280235988,0.04370844619551834
pasajeros_total,sin_oferta,calendario_ruta_lags_demanda,validation,3,seasonal_naive_weekly,3,freeze_20260610_192142,multitarget_20260720_1435,343,398,33,35,49.07871720116618,69.79039839730684,34.91630026877399,29.947874971091064,-3.63265306122449,3.63265306122449,0.07401687061898539
pasajeros_total,sin_oferta,calendario_ruta_lags_demanda,validation,30,historical_average_route_day_type_slot,1,freeze_20260610_192142,multitarget_20260720_1435,331,383,52,0,31.99638003675516,42.59425723425404,28.394394234741483,27.575904265390715,13.496668824726328,13.496668824726328,0.42181861851941743
pasajeros_total,sin_oferta,calendario_ruta_lags_demanda,validation,30,historical_average_route_day_type_slot,3,freeze_20260610_192142,multitarget_20260720_1435,334,396,62,0,35.01217051508804,46.26595535072279,28.978824597849524,26.678678055436322,15.206805664841362,15.206805664841362,0.4343291330164232
pasajeros_total,sin_oferta,calendario_ruta_lags_demanda,validation,30,naive,1,freeze_20260610_192142,multitarget_20260720_1435,299,383,52,55,50.220735785953174,65.52530211598649,42.59552621870676,41.75170304462672,2.2073578595317724,2.2073578595317724,0.043953116675546085
pasajeros_total,sin_oferta,calendario_ruta_lags_demanda,validation,30,naive,3,freeze_20260610_192142,multitarget_20260720_1435,306,396,62,62,59.19281045751634,76.93616316540863,44.5729451717593,42.80110588624495,-1.1405228758169934,1.1405228758169934,0.01926792911168774
pasajeros_total,sin_oferta,calendario_ruta_lags_demanda,validation,30,seasonal_naive_daily,1,freeze_20260610_192142,multitarget_20260720_1435,311,383,52,42,50.340836012861736,62.696430869148394,45.59543507922712,42.78998578768996,5.440514469453376,5.440514469453376,0.10807358201328564
pasajeros_total,sin_oferta,calendario_ruta_lags_demanda,validation,30,seasonal_naive_daily,3,freeze_20260610_192142,multitarget_20260720_1435,315,396,62,49,49.60634920634921,64.58674491757283,42.01360774872588,38.274628912947634,10.596825396825396,10.596825396825396,0.21361832842698067
pasajeros_total,sin_oferta,calendario_ruta_lags_demanda,validation,30,seasonal_naive_weekly,1,freeze_20260610_192142,multitarget_20260720_1435,309,383,52,49,46.24271844660194,61.003819711699,40.09757840581084,38.348407181771826,1.1812297734627832,1.1812297734627832,0.025544124851284208
pasajeros_total,sin_oferta,calendario_ruta_lags_demanda,validation,30,seasonal_naive_weekly,3,freeze_20260610_192142,multitarget_20260720_1435,311,396,62,55,43.79742765273312,58.50635494655117,35.52698738625497,32.109096909549514,7.180064308681672,7.180064308681672,0.16393803685485647
pasajeros_total,sin_oferta,calendario_ruta_lags_demanda,validation,31,historical_average_route_day_type_slot,1,freeze_20260610_192142,multitarget_20260720_1435,343,386,43,0,33.95512558296393,42.92800292381791,29.108881602798466,28.087126983448197,14.480842126249202,14.480842126249202,0.4264699917209134
pasajeros_total,sin_oferta,calendario_ruta_lags_demanda,validation,31,historical_average_route_day_type_slot,3,freeze_20260610_192142,multitarget_20260720_1435,349,398,49,0,36.54830967096344,47.02233357889077,28.709663108182724,27.24689211596155,17.234491422058234,17.234491422058234,0.471553721012453
pasajeros_total,sin_oferta,calendario_ruta_lags_demanda,validation,31,naive,1,freeze_20260610_192142,multitarget_20260720_1435,321,386,43,44,48.00311526479751,60.44505241432682,40.84276588067291,38.84001714012049,1.249221183800623,1.249221183800623,0.026023752352521256
pasajeros_total,sin_oferta,calendario_ruta_lags_demanda,validation,31,naive,3,freeze_20260610_192142,multitarget_20260720_1435,321,398,49,49,58.66355140186916,75.68279021813673,43.91526078894749,41.85131681297922,0.4205607476635514,0.4205607476635514,0.007169029791301578
pasajeros_total,sin_oferta,calendario_ruta_lags_demanda,validation,31,seasonal_naive_daily,1,freeze_20260610_192142,multitarget_20260720_1435,297,386,43,60,53.9057239057239,68.84985860771995,48.418776221316314,45.0351617440225,0.3569023569023569,0.3569023569023569,0.006620861961274204
pasajeros_total,sin_oferta,calendario_ruta_lags_demanda,validation,31,seasonal_naive_daily,3,freeze_20260610_192142,multitarget_20260720_1435,297,398,49,68,59.24242424242424,77.45760217486813,49.88980227741712,44.932199494369115,0.47474747474747475,0.47474747474747475,0.008013640238704177
pasajeros_total,sin_oferta,calendario_ruta_lags_demanda,validation,31,seasonal_naive_weekly,1,freeze_20260610_192142,multitarget_20260720_1435,316,386,43,55,42.37341772151899,55.04670054150684,38.17036207971418,34.38800143818378,-2.5569620253164556,2.5569620253164556,0.060343539955190435
pasajeros_total,sin_oferta,calendario_ruta_lags_demanda,validation,31,seasonal_naive_weekly,3,freeze_20260610_192142,multitarget_20260720_1435,322,398,49,62,45.34472049689441,60.91779921229562,37.82462711194246,33.376002925914925,-3.6739130434782608,3.6739130434782608,0.08102184781864255
pasajeros_total,sin_oferta,calendario_ruta_lags_demanda,validation,32,historical_average_route_day_type_slot,1,freeze_20260610_192142,multitarget_20260720_1435,301,382,81,0,44.42028239481795,56.680779919345554,43.989802124541754,47.89205888974928,34.129884465300385,34.129884465300385,0.7683401055838843
pasajeros_total,sin_oferta,calendario_ruta_lags_demanda,validation,32,historical_average_route_day_type_slot,3,freeze_20260610_192142,multitarget_20260720_1435,304,392,88,0,48.043960113272135,62.58055446456205,42.705844239854315,45.00327809957086,36.47011574115901,36.47011574115901,0.7590988681027597
pasajeros_total,sin_oferta,calendario_ruta_lags_demanda,validation,32,naive,1,freeze_20260610_192142,multitarget_20260720_1435,271,382,81,81,39.5239852398524,52.06506715363169,41.69247797005702,40.74637653593031,1.3247232472324724,1.3247232472324724,0.03351694519652693
pasajeros_total,sin_oferta,calendario_ruta_lags_demanda,validation,32,naive,3,freeze_20260610_192142,multitarget_20260720_1435,270,392,88,89,49.907407407407405,65.96517038334476,45.407600237521805,43.54359206359465,-1.1814814814814816,1.1814814814814816,0.023673469387755105
pasajeros_total,sin_oferta,calendario_ruta_lags_demanda,validation,32,seasonal_naive_daily,1,freeze_20260610_192142,multitarget_20260720_1435,235,382,81,86,55.45106382978724,68.75819486942721,62.77784953488232,61.06659168658325,11.331914893617022,11.331914893617022,0.2043588366203668
pasajeros_total,sin_oferta,calendario_ruta_lags_demanda,validation,32,seasonal_naive_daily,3,freeze_20260610_192142,multitarget_20260720_1435,238,392,88,89,60.10084033613445,76.17483207737847,62.19516503885403,57.41350244842257,7.2521008403361344,7.2521008403361344,0.12066554809843401
pasajeros_total,sin_oferta,calendario_ruta_lags_demanda,validation,32,seasonal_naive_weekly,1,freeze_20260610_192142,multitarget_20260720_1435,288,382,81,49,45.614583333333336,58.87955573315184,46.34693569186071,48.18795392854523,21.947916666666668,21.947916666666668,0.48116008221055034
pasajeros_total,sin_oferta,calendario_ruta_lags_demanda,validation,32,seasonal_naive_weekly,3,freeze_20260610_192142,multitarget_20260720_1435,291,392,88,56,51.7147766323024,67.36745928448494,46.31805135623511,47.44175782604584,21.419243986254294,21.419243986254294,0.41418034420891753
pasajeros_total,sin_oferta,calendario_ruta_lags_demanda,validation,33,historical_average_route_day_type_slot,1,freeze_20260610_192142,multitarget_20260720_1435,331,383,52,0,36.684350702210715,46.53656268863273,34.91016462930329,37.48038424061409,30.875210887023563,30.875210887023563,0.8416452873231016
pasajeros_total,sin_oferta,calendario_ruta_lags_demanda,validation,33,historical_average_route_day_type_slot,3,freeze_20260610_192142,multitarget_20260720_1435,336,396,60,0,38.55266146711323,50.81311573262727,33.07135339045103,33.60580670614343,30.20685131613467,30.20685131613467,0.7835218157870156
pasajeros_total,sin_oferta,calendario_ruta_lags_demanda,validation,33,naive,1,freeze_20260610_192142,multitarget_20260720_1435,306,383,52,54,39.74183006535948,50.31420880668936,41.52851233440182,39.49274185691553,1.238562091503268,1.238562091503268,0.031165200230244224
pasajeros_total,sin_oferta,calendario_ruta_lags_demanda,validation,33,naive,3,freeze_20260610_192142,multitarget_20260720_1435,314,396,60,60,49.146496815286625,66.21423442708019,42.6053575674883,41.06221063274972,-0.27388535031847133,0.27388535031847133,0.005572835666148263
pasajeros_total,sin_oferta,calendario_ruta_lags_demanda,validation,33,seasonal_naive_daily,1,freeze_20260610_192142,multitarget_20260720_1435,298,383,52,55,42.23154362416108,54.28779263821841,46.28419122800223,43.4100238004898,4.077181208053691,4.077181208053691,0.09654350417163289
pasajeros_total,sin_oferta,calendario_ruta_lags_demanda,validation,33,seasonal_naive_daily,3,freeze_20260610_192142,multitarget_20260720_1435,306,396,60,62,47.75816993464052,63.924434556226885,46.45152034481427,42.03411280812264,2.045751633986928,2.045751633986928,0.042835637060353086
pasajeros_total,sin_oferta,calendario_ruta_lags_demanda,validation,33,seasonal_naive_weekly,1,freeze_20260610_192142,multitarget_20260720_1435,275,383,52,87,38.21090909090909,50.282836399348405,44.35575734456032,38.88107748094428,-10.8,10.8,0.2826417967263038
pasajeros_total,sin_oferta,calendario_ruta_lags_demanda,validation,33,seasonal_naive_weekly,3,freeze_20260610_192142,multitarget_20260720_1435,282,396,60,94,46.773049645390074,60.40278515019576,47.816957805375324,40.19135840087757,-14.787234042553191,14.787234042553191,0.31614859742228957
pasajeros_total,sin_oferta,calendario_ruta_lags_demanda,validation,34,historical_average_route_day_type_slot,1,freeze_20260610_192142,multitarget_20260720_1435,341,386,45,0,35.37111693036577,44.93630227442917,33.08169141713574,33.521068515520895,28.725287471261105,28.725287471261105,0.8121114051278577
pasajeros_total,sin_oferta,calendario_ruta_lags_demanda,validation,34,historical_average_route_day_type_slot,3,freeze_20260610_192142,multitarget_20260720_1435,338,398,60,0,37.24288219727088,49.551104761239685,29.310370488029434,28.959451050606326,25.636648647256834,25.636648647256834,0.6883637123320027
pasajeros_total,sin_oferta,calendario_ruta_lags_demanda,validation,34,naive,1,freeze_20260610_192142,multitarget_20260720_1435,316,386,45,47,43.90506329113924,54.14058119050413,41.44457139828158,40.17373678876502,0.810126582278481,0.810126582278481,0.0184517803084907
pasajeros_total,sin_oferta,calendario_ruta_lags_demanda,validation,34,naive,3,freeze_20260610_192142,multitarget_20260720_1435,315,398,60,61,56.33015873015873,75.91996621338335,42.64959312360589,41.75353554368544,0.13333333333333333,0.13333333333333333,0.0023669972948602343
pasajeros_total,sin_oferta,calendario_ruta_lags_demanda,validation,34,seasonal_naive_daily,1,freeze_20260610_192142,multitarget_20260720_1435,307,386,45,47,48.10749185667753,61.01510999915077,48.780763530216014,45.635447888020266,4.198697068403908,4.198697068403908,0.08727740537612566
pasajeros_total,sin_oferta,calendario_ruta_lags_demanda,validation,34,seasonal_naive_daily,3,freeze_20260610_192142,multitarget_20260720_1435,296,398,60,64,47.263513513513516,61.44306307468728,41.32733790831586,37.255998508694844,5.425675675675675,5.425675675675675,0.11479628305932808
pasajeros_total,sin_oferta,calendario_ruta_lags_demanda,validation,34,seasonal_naive_weekly,1,freeze_20260610_192142,multitarget_20260720_1435,326,386,45,43,34.58282208588957,43.35351897322711,34.09747000175906,31.856456626165585,-0.5337423312883436,0.5337423312883436,0.015433741351782866
pasajeros_total,sin_oferta,calendario_ruta_lags_demanda,validation,34,seasonal_naive_weekly,3,freeze_20260610_192142,multitarget_20260720_1435,325,398,60,54,37.46769230769231,48.964319819483,31.513141289463537,28.26864147088866,-3.0553846153846154,3.0553846153846154,0.0815471791081547
pasajeros_total,sin_oferta,calendario_ruta_lags_demanda,validation,35,historical_average_route_day_type_slot,1,freeze_20260610_192142,multitarget_20260720_1435,337,386,49,0,34.59050830933182,43.21710727880105,30.882034586879875,31.17262013703656,23.49981483246718,23.49981483246718,0.6793717693396083
pasajeros_total,sin_oferta,calendario_ruta_lags_demanda,validation,35,historical_average_route_day_type_slot,3,freeze_20260610_192142,multitarget_20260720_1435,350,398,48,0,37.42531454827993,49.8951585721573,29.991982126266787,29.512572305105383,22.475827794106394,22.475827794106394,0.6005514733914076
pasajeros_total,sin_oferta,calendario_ruta_lags_demanda,validation,35,naive,1,freeze_20260610_192142,multitarget_20260720_1435,312,386,49,49,43.782051282051285,57.41554555862786,39.14983385643477,38.25151913976086,1.0897435897435896,1.0897435897435896,0.02489019033674963
pasajeros_total,sin_oferta,calendario_ruta_lags_demanda,validation,35,naive,3,freeze_20260610_192142,multitarget_20260720_1435,322,398,48,48,57.62732919254658,76.59188449298226,43.896870830069716,42.99849380141351,-0.7204968944099379,0.7204968944099379,0.012502694546238414
pasajeros_total,sin_oferta,calendario_ruta_lags_demanda,validation,35,seasonal_naive_daily,1,freeze_20260610_192142,multitarget_20260720_1435,305,386,49,49,50.02950819672131,63.74485514437262,48.681492541007785,45.025081144880495,3.281967213114754,3.281967213114754,0.06560062913690282
pasajeros_total,sin_oferta,calendario_ruta_lags_demanda,validation,35,seasonal_naive_daily,3,freeze_20260610_192142,multitarget_20260720_1435,318,398,48,49,55.905660377358494,71.78343566046506,49.021610225259444,44.427229108356656,4.911949685534591,4.911949685534591,0.08786140173247833
pasajeros_total,sin_oferta,calendario_ruta_lags_demanda,validation,35,seasonal_naive_weekly,1,freeze_20260610_192142,multitarget_20260720_1435,323,386,49,46,36.10835913312693,48.40902226375273,32.579525741452755,31.689490272796434,-0.56656346749226,0.56656346749226,0.01569064563148418
pasajeros_total,sin_oferta,calendario_ruta_lags_demanda,validation,35,seasonal_naive_weekly,3,freeze_20260610_192142,multitarget_20260720_1435,332,398,48,53,44.984939759036145,59.319103365580176,36.09525077391027,34.24516188205081,2.2259036144578315,2.2259036144578315,0.049481084700368265
pasajeros_total,sin_oferta,calendario_ruta_lags_demanda,validation,36,historical_average_route_day_type_slot,1,freeze_20260610_192142,multitarget_20260720_1435,340,386,46,0,32.386788396674454,41.45921553411227,30.371115974132913,29.84795634519493,24.680861480953347,24.680861480953347,0.7620657281191744
pasajeros_total,sin_oferta,calendario_ruta_lags_demanda,validation,36,historical_average_route_day_type_slot,3,freeze_20260610_192142,multitarget_20260720_1435,344,398,54,0,36.0735597386249,46.64631536798075,30.820388735948345,28.349868751912098,23.476041325325422,23.476041325325422,0.6507824981904686
pasajeros_total,sin_oferta,calendario_ruta_lags_demanda,validation,36,naive,1,freeze_20260610_192142,multitarget_20260720_1435,315,386,46,49,41.387301587301586,53.5062969146979,39.41920964043922,37.29439025087965,2.4158730158730157,2.4158730158730157,0.058372324921377616
pasajeros_total,sin_oferta,calendario_ruta_lags_demanda,validation,36,naive,3,freeze_20260610_192142,multitarget_20260720_1435,319,398,54,54,53.21943573667711,66.75654077824223,43.003563220037364,39.92239858906525,0.6175548589341693,0.6175548589341693,0.011603934735230017
pasajeros_total,sin_oferta,calendario_ruta_lags_demanda,validation,36,seasonal_naive_daily,1,freeze_20260610_192142,multitarget_20260720_1435,304,386,46,48,42.55263157894737,54.50344025839103,44.10772920468922,39.06622776553015,4.2105263157894735,4.2105263157894735,0.0989486703772418
pasajeros_total,sin_oferta,calendario_ruta_lags_demanda,validation,36,seasonal_naive_daily,3,freeze_20260610_192142,multitarget_20260720_1435,312,398,54,55,51.56730769230769,64.65596825328062,49.620360848350686,40.953520338033904,4.0673076923076925,4.0673076923076925,0.07887376468394555
pasajeros_total,sin_oferta,calendario_ruta_lags_demanda,validation,36,seasonal_naive_weekly,1,freeze_20260610_192142,multitarget_20260720_1435,325,386,46,47,37.652307692307694,49.543609383746265,35.62551718238443,33.60520678859779,0.5815384615384616,0.5815384615384616,0.015444962000490316
pasajeros_total,sin_oferta,calendario_ruta_lags_demanda,validation,36,seasonal_naive_weekly,3,freeze_20260610_192142,multitarget_20260720_1435,331,398,54,52,38.93051359516616,51.04639202698669,33.60039508785268,29.913180741910022,-0.7371601208459214,0.7371601208459214,0.018935278596926897
pasajeros_total,sin_oferta,calendario_ruta_lags_demanda,validation,37,historical_average_route_day_type_slot,1,freeze_20260610_192142,multitarget_20260720_1435,336,386,50,0,31.539305652942826,40.90767712618849,29.831809041436458,28.92566519103829,24.181828299643016,24.181828299643016,0.7667203763373495
pasajeros_total,sin_oferta,calendario_ruta_lags_demanda,validation,37,historical_average_route_day_type_slot,3,freeze_20260610_192142,multitarget_20260720_1435,338,398,60,0,36.469668889100845,47.008640740477674,30.208069230523783,27.98417236376782,21.026449814358536,21.026449814358536,0.5765462219659033
pasajeros_total,sin_oferta,calendario_ruta_lags_demanda,validation,37,naive,1,freeze_20260610_192142,multitarget_20260720_1435,309,386,50,52,41.62135922330097,52.95662877057354,39.256074983653534,37.09547158927026,1.8414239482200647,1.8414239482200647,0.04424228287069435
pasajeros_total,sin_oferta,calendario_ruta_lags_demanda,validation,37,naive,3,freeze_20260610_192142,multitarget_20260720_1435,313,398,60,60,56.53035143769968,75.40446847378938,43.72957345351383,41.88821287374825,1.5143769968051117,1.5143769968051117,0.026788741946422515
pasajeros_total,sin_oferta,calendario_ruta_lags_demanda,validation,37,seasonal_naive_daily,1,freeze_20260610_192142,multitarget_20260720_1435,299,386,50,53,46.25418060200669,58.244669039937946,46.913794741644864,42.085083074675914,3.612040133779264,3.612040133779264,0.07809110629067244
pasajeros_total,sin_oferta,calendario_ruta_lags_demanda,validation,37,seasonal_naive_daily,3,freeze_20260610_192142,multitarget_20260720_1435,296,398,60,63,56.138513513513516,70.97461003957874,49.46085751847792,43.02915738774665,6.091216216216216,6.091216216216216,0.10850333995306011
pasajeros_total,sin_oferta,calendario_ruta_lags_demanda,validation,37,seasonal_naive_weekly,1,freeze_20260610_192142,multitarget_20260720_1435,314,386,50,52,35.50955414012739,45.445634911221966,34.418546870617604,31.16701607267645,-0.16560509554140126,0.16560509554140126,0.004663677130044843
pasajeros_total,sin_oferta,calendario_ruta_lags_demanda,validation,37,seasonal_naive_weekly,3,freeze_20260610_192142,multitarget_20260720_1435,322,398,60,59,44.33229813664596,56.00119231206306,38.38697485019751,32.97604472267782,-0.6739130434782609,0.6739130434782609,0.015201401050788092
pasajeros_total,sin_oferta,calendario_ruta_lags_demanda,validation,38,historical_average_route_day_type_slot,1,freeze_20260610_192142,multitarget_20260720_1435,331,383,52,0,33.0732653736731,43.024650925643385,33.8960753283103,32.80173440008928,24.925815214838508,24.925815214838508,0.753654498073235
pasajeros_total,sin_oferta,calendario_ruta_lags_demanda,validation,38,historical_average_route_day_type_slot,3,freeze_20260610_192142,multitarget_20260720_1435,334,396,62,0,35.3216426359003,46.24855331146732,32.11452360039267,29.786221224507536,23.418882552886366,23.418882552886366,0.6630179347628591
pasajeros_total,sin_oferta,calendario_ruta_lags_demanda,validation,38,naive,1,freeze_20260610_192142,multitarget_20260720_1435,304,383,52,49,41.61513157894737,54.16091399951775,42.1661811231221,39.71059074643731,0.8717105263157895,0.8717105263157895,0.020946960714568016
pasajeros_total,sin_oferta,calendario_ruta_lags_demanda,validation,38,naive,3,freeze_20260610_192142,multitarget_20260720_1435,308,396,62,62,48.77597402597402,66.05303359235855,42.65534685632099,39.080669077287276,-0.08766233766233766,0.08766233766233766,0.0017972442255208682
pasajeros_total,sin_oferta,calendario_ruta_lags_demanda,validation,38,seasonal_naive_daily,1,freeze_20260610_192142,multitarget_20260720_1435,302,383,52,56,46.04635761589404,59.2304400887971,50.69796587597871,45.642826664916136,4.4635761589403975,4.4635761589403975,0.09693657414065872
pasajeros_total,sin_oferta,calendario_ruta_lags_demanda,validation,38,seasonal_naive_daily,3,freeze_20260610_192142,multitarget_20260720_1435,305,396,62,62,53.278688524590166,69.33056951195813,52.827362252212616,45.468535773244916,4.150819672131147,4.150819672131147,0.0779076923076923
pasajeros_total,sin_oferta,calendario_ruta_lags_demanda,validation,38,seasonal_naive_weekly,1,freeze_20260610_192142,multitarget_20260720_1435,312,383,52,50,41.11217948717949,54.79440009755817,44.74737191171509,40.178543461237275,-0.44551282051282054,0.44551282051282054,0.010836516722538396
pasajeros_total,sin_oferta,calendario_ruta_lags_demanda,validation,38,seasonal_naive_weekly,3,freeze_20260610_192142,multitarget_20260720_1435,312,396,62,61,48.75,63.572893756009094,46.47735928115645,40.5038346825735,2.326923076923077,2.326923076923077,0.04773175542406312
pasajeros_total,sin_oferta,calendario_ruta_lags_demanda,validation,4,historical_average_route_day_type_slot,1,freeze_20260610_192142,multitarget_20260720_1435,352,387,35,0,28.606411918797434,38.3441479905571,21.015746408843942,19.28423662367224,2.0540713195588562,2.0540713195588562,0.0718045774279407
pasajeros_total,sin_oferta,calendario_ruta_lags_demanda,validation,4,historical_average_route_day_type_slot,3,freeze_20260610_192142,multitarget_20260720_1435,354,398,44,0,32.56271577865426,44.74923624751203,23.164237613518768,20.43431491312618,3.740165079206138,3.740165079206138,0.11486035454259984
pasajeros_total,sin_oferta,calendario_ruta_lags_demanda,validation,4,naive,1,freeze_20260610_192142,multitarget_20260720_1435,328,387,35,36,46.332317073170735,61.723839131029195,31.483641829860986,30.813057583130576,4.9176829268292686,4.9176829268292686,0.1061393696124235
pasajeros_total,sin_oferta,calendario_ruta_lags_demanda,validation,4,naive,3,freeze_20260610_192142,multitarget_20260720_1435,330,398,44,44,59.196969696969695,76.00444564350008,38.64990754684058,35.54015209402176,-0.1606060606060606,0.1606060606060606,0.0027130790888149478
pasajeros_total,sin_oferta,calendario_ruta_lags_demanda,validation,4,seasonal_naive_daily,1,freeze_20260610_192142,multitarget_20260720_1435,326,387,35,37,58.263803680981596,73.97694882228663,44.520078047637966,39.159656935510476,3.576687116564417,3.576687116564417,0.06138780667579235
pasajeros_total,sin_oferta,calendario_ruta_lags_demanda,validation,4,seasonal_naive_daily,3,freeze_20260610_192142,multitarget_20260720_1435,328,398,44,44,65.85365853658537,88.07525191562043,48.16976700494417,40.76394655393674,0.7378048780487805,0.7378048780487805,0.011203703703703702
pasajeros_total,sin_oferta,calendario_ruta_lags_demanda,validation,4,seasonal_naive_weekly,1,freeze_20260610_192142,multitarget_20260720_1435,337,387,35,35,40.70326409495549,52.71115513220062,28.768209553849143,26.606536708369706,-1.3620178041543027,1.3620178041543027,0.03346212728730772
pasajeros_total,sin_oferta,calendario_ruta_lags_demanda,validation,4,seasonal_naive_weekly,3,freeze_20260610_192142,multitarget_20260720_1435,339,398,44,38,44.58997050147492,58.80772128382352,30.73316053617693,27.09543270954327,-2.5309734513274336,2.5309734513274336,0.05676104789626886
pasajeros_total,sin_oferta,calendario_ruta_lags_demanda,validation,5,historical_average_route_day_type_slot,1,freeze_20260610_192142,multitarget_20260720_1435,361,386,25,0,30.10645555347921,38.63895269728691,22.777985663779234,20.925374872073,3.1317484070651402,3.1317484070651402,0.10402248785155395
pasajeros_total,sin_oferta,calendario_ruta_lags_demanda,validation,5,historical_average_route_day_type_slot,3,freeze_20260610_192142,multitarget_20260720_1435,363,398,35,0,31.28339444878312,40.50319561094578,22.98893030112798,19.696931963485458,0.04661138370403486,0.04661138370403486,0.0014899720610673044
pasajeros_total,sin_oferta,calendario_ruta_lags_demanda,validation,5,naive,1,freeze_20260610_192142,multitarget_20260720_1435,341,386,25,30,44.6891495601173,57.915577146794746,32.52659676843665,30.68852326962966,2.906158357771261,2.906158357771261,0.06503051381324235
pasajeros_total,sin_oferta,calendario_ruta_lags_demanda,validation,5,naive,3,freeze_20260610_192142,multitarget_20260720_1435,344,398,35,36,55.83139534883721,71.90683571994956,37.14532527554148,34.15553698138038,0.5813953488372093,0.5813953488372093,0.010413412475268145
pasajeros_total,sin_oferta,calendario_ruta_lags_demanda,validation,5,seasonal_naive_daily,1,freeze_20260610_192142,multitarget_20260720_1435,336,386,25,29,51.5625,68.2136219115047,40.30561606203415,35.66135605779919,1.1041666666666667,1.1041666666666667,0.021414141414141417
pasajeros_total,sin_oferta,calendario_ruta_lags_demanda,validation,5,seasonal_naive_daily,3,freeze_20260610_192142,multitarget_20260720_1435,341,398,35,38,65.34017595307918,85.14419372065353,48.46430043659253,40.762897914379806,1.3401759530791788,1.3401759530791788,0.020510749068713252
pasajeros_total,sin_oferta,calendario_ruta_lags_demanda,validation,5,seasonal_naive_weekly,1,freeze_20260610_192142,multitarget_20260720_1435,345,386,25,30,38.176811594202896,49.03329244621395,27.92094543375885,25.823464826288134,-1.0115942028985507,1.0115942028985507,0.02649760838205148
pasajeros_total,sin_oferta,calendario_ruta_lags_demanda,validation,5,seasonal_naive_weekly,3,freeze_20260610_192142,multitarget_20260720_1435,344,398,35,38,40.4593023255814,53.410923453784676,28.693608318281772,24.56580062129342,-1.5174418604651163,1.5174418604651163,0.03750538870527374
pasajeros_total,sin_oferta,calendario_ruta_lags_demanda,validation,6,historical_average_route_day_type_slot,1,freeze_20260610_192142,multitarget_20260720_1435,308,379,71,0,39.556660631248405,53.06789550061591,35.6668433070387,37.63460746432061,26.69524367700199,26.69524367700199,0.6748609020831668
pasajeros_total,sin_oferta,calendario_ruta_lags_demanda,validation,6,historical_average_route_day_type_slot,3,freeze_20260610_192142,multitarget_20260720_1435,311,390,79,0,38.805123716781225,53.64490259999599,33.045013796281445,33.26000682353303,24.8612257317833,24.8612257317833,0.6406686372972983
pasajeros_total,sin_oferta,calendario_ruta_lags_demanda,validation,6,naive,1,freeze_20260610_192142,multitarget_20260720_1435,278,379,71,73,36.70863309352518,46.765333345093325,36.21186617447265,33.27572714229816,1.3345323741007193,1.3345323741007193,0.0363547280744733
pasajeros_total,sin_oferta,calendario_ruta_lags_demanda,validation,6,naive,3,freeze_20260610_192142,multitarget_20260720_1435,282,390,79,80,40.09219858156028,53.226399891314,36.58619300857324,32.34814454522045,0.9716312056737588,0.9716312056737588,0.024234919511763667
pasajeros_total,sin_oferta,calendario_ruta_lags_demanda,validation,6,seasonal_naive_daily,1,freeze_20260610_192142,multitarget_20260720_1435,257,379,71,67,59.61867704280156,73.46282047551604,59.22950299240546,57.590678443901524,16.17898832684825,16.17898832684825,0.27137449419135884
pasajeros_total,sin_oferta,calendario_ruta_lags_demanda,validation,6,seasonal_naive_daily,3,freeze_20260610_192142,multitarget_20260720_1435,259,390,79,75,71.59073359073359,87.73283417883064,65.17712472536113,62.15681673426972,18.33976833976834,18.33976833976834,0.25617516988458633
pasajeros_total,sin_oferta,calendario_ruta_lags_demanda,validation,6,seasonal_naive_weekly,1,freeze_20260610_192142,multitarget_20260720_1435,299,379,71,38,48.30434782608695,64.67740891594427,42.569383365191335,45.085063212111756,32.103678929765884,32.103678929765884,0.6646126151076646
pasajeros_total,sin_oferta,calendario_ruta_lags_demanda,validation,6,seasonal_naive_weekly,3,freeze_20260610_192142,multitarget_20260720_1435,295,390,79,48,55.67796610169491,74.27546073769324,46.050768284106056,46.27803448664488,36.166101694915255,36.166101694915255,0.649558599695586
pasajeros_total,sin_oferta,calendario_ruta_lags_demanda,validation,7,historical_average_route_day_type_slot,1,freeze_20260610_192142,multitarget_20260720_1435,349,386,37,0,34.34273528297775,44.056939732999105,27.949084236806705,27.467891861485583,23.785038697589187,23.785038697589187,0.6925784595083907
pasajeros_total,sin_oferta,calendario_ruta_lags_demanda,validation,7,historical_average_route_day_type_slot,3,freeze_20260610_192142,multitarget_20260720_1435,350,398,48,0,31.902139760030167,41.815151201950776,24.11493044293032,21.678540201162114,15.116408913488934,15.116408913488934,0.47383683436896334
pasajeros_total,sin_oferta,calendario_ruta_lags_demanda,validation,7,naive,1,freeze_20260610_192142,multitarget_20260720_1435,326,386,37,38,44.74233128834356,57.68531088608729,36.19185547585298,35.2233759961362,3.2883435582822087,3.2883435582822087,0.07349513231866174
pasajeros_total,sin_oferta,calendario_ruta_lags_demanda,validation,7,naive,3,freeze_20260610_192142,multitarget_20260720_1435,328,398,48,49,50.3109756097561,66.02955731355762,36.2543306951251,32.61909468274363,-0.8963414634146342,0.8963414634146342,0.017816022300327233
pasajeros_total,sin_oferta,calendario_ruta_lags_demanda,validation,7,seasonal_naive_daily,1,freeze_20260610_192142,multitarget_20260720_1435,320,386,37,46,59.325,76.10198749047228,54.765300615995336,47.06115669699298,-5.11875,5.11875,0.08628318584070796
pasajeros_total,sin_oferta,calendario_ruta_lags_demanda,validation,7,seasonal_naive_daily,3,freeze_20260610_192142,multitarget_20260720_1435,320,398,48,55,64.796875,86.01469714531349,53.86482284304793,44.07388513369893,-6.084375,6.084375,0.09389920424403182
pasajeros_total,sin_oferta,calendario_ruta_lags_demanda,validation,7,seasonal_naive_weekly,1,freeze_20260610_192142,multitarget_20260720_1435,305,386,37,69,45.10819672131147,59.59992298377684,41.27457630532024,35.16871165644172,-19.40327868852459,19.40327868852459,0.43014973106556187
pasajeros_total,sin_oferta,calendario_ruta_lags_demanda,validation,7,seasonal_naive_weekly,3,freeze_20260610_192142,multitarget_20260720_1435,304,398,48,81,53.963815789473685,73.11519839843221,43.21014365038307,34.71443384048924,-28.55592105263158,28.55592105263158,0.5291679366046936
pasajeros_total,sin_oferta,calendario_ruta_lags_demanda,validation,8,historical_average_route_day_type_slot,1,freeze_20260610_192142,multitarget_20260720_1435,338,386,48,0,35.111793689703376,44.864313072523004,27.991177635799012,27.636780464626103,23.89517231541468,23.89517231541468,0.6805454750214598
pasajeros_total,sin_oferta,calendario_ruta_lags_demanda,validation,8,historical_average_route_day_type_slot,3,freeze_20260610_192142,multitarget_20260720_1435,351,398,47,0,34.51266738995473,45.077573997776774,24.763241067494945,23.16729379768997,11.691288296462998,11.691288296462998,0.3387535412538374
pasajeros_total,sin_oferta,calendario_ruta_lags_demanda,validation,8,naive,1,freeze_20260610_192142,multitarget_20260720_1435,308,386,48,50,45.0,57.51803782575232,35.53384307751175,34.39461994689431,3.792207792207792,3.792207792207792,0.08427128427128427
pasajeros_total,sin_oferta,calendario_ruta_lags_demanda,validation,8,naive,3,freeze_20260610_192142,multitarget_20260720_1435,326,398,47,48,53.85889570552147,72.08617882724892,36.29522804998378,34.53376079302952,0.7484662576687117,0.7484662576687117,0.013896799179861034
pasajeros_total,sin_oferta,calendario_ruta_lags_demanda,validation,8,seasonal_naive_daily,1,freeze_20260610_192142,multitarget_20260720_1435,300,386,48,50,50.903333333333336,65.98648851595807,44.03924748025472,40.0225390502149,4.25,4.25,0.08349158535786785
pasajeros_total,sin_oferta,calendario_ruta_lags_demanda,validation,8,seasonal_naive_daily,3,freeze_20260610_192142,multitarget_20260720_1435,314,398,47,50,62.9140127388535,83.68973256965049,47.72710237565814,41.74679317850426,3.7038216560509554,3.7038216560509554,0.05887117185522653
pasajeros_total,sin_oferta,calendario_ruta_lags_demanda,validation,8,seasonal_naive_weekly,1,freeze_20260610_192142,multitarget_20260720_1435,323,386,48,43,40.30030959752322,53.914649898559205,32.615130651398935,30.767958021131253,-1.3529411764705883,1.3529411764705883,0.03357148344472613
pasajeros_total,sin_oferta,calendario_ruta_lags_demanda,validation,8,seasonal_naive_weekly,3,freeze_20260610_192142,multitarget_20260720_1435,328,398,47,47,45.640243902439025,60.433091403513075,30.648283764791795,29.179011383128024,-1.0182926829268293,1.0182926829268293,0.02231128924515698
pasajeros_total,sin_oferta,calendario_ruta_lags_demanda,validation,9,historical_average_route_day_type_slot,1,freeze_20260610_192142,multitarget_20260720_1435,360,386,26,0,31.326982431088826,41.0785264945574,26.560162418598445,24.639968702626124,16.425152327166046,16.425152327166046,0.52431326136493
pasajeros_total,sin_oferta,calendario_ruta_lags_demanda,validation,9,historical_average_route_day_type_slot,3,freeze_20260610_192142,multitarget_20260720_1435,368,398,30,0,35.15402508571641,48.289823140202785,25.82736775317094,24.332163243259238,10.783087337952333,10.783087337952333,0.3067383411048898
pasajeros_total,sin_oferta,calendario_ruta_lags_demanda,validation,9,naive,1,freeze_20260610_192142,multitarget_20260720_1435,341,386,26,28,42.79765395894428,56.47203652331753,35.66861216812474,33.39435266120543,3.3489736070381233,3.3489736070381233,0.07825133616554748
pasajeros_total,sin_oferta,calendario_ruta_lags_demanda,validation,9,naive,3,freeze_20260610_192142,multitarget_20260720_1435,347,398,30,31,52.60806916426513,67.82557303369211,38.83088323277017,34.90773496510183,-0.2737752161383285,0.2737752161383285,0.005204053683922212
pasajeros_total,sin_oferta,calendario_ruta_lags_demanda,validation,9,seasonal_naive_daily,1,freeze_20260610_192142,multitarget_20260720_1435,337,386,26,29,56.71513353115727,71.13874519732028,51.05711837990169,44.205194624973984,3.1899109792284865,3.1899109792284865,0.0562444409564171
pasajeros_total,sin_oferta,calendario_ruta_lags_demanda,validation,9,seasonal_naive_daily,3,freeze_20260610_192142,multitarget_20260720_1435,348,398,30,29,61.42528735632184,79.40149684451437,50.11754106112022,42.62412761714855,3.1724137931034484,3.1724137931034484,0.05164670658682635
pasajeros_total,sin_oferta,calendario_ruta_lags_demanda,validation,9,seasonal_naive_weekly,1,freeze_20260610_192142,multitarget_20260720_1435,339,386,26,36,40.10914454277286,51.63512216222563,33.05793283600257,30.22294338616106,0.39233038348082594,0.39233038348082594,0.00978156946385232
pasajeros_total,sin_oferta,calendario_ruta_lags_demanda,validation,9,seasonal_naive_weekly,3,freeze_20260610_192142,multitarget_20260720_1435,349,398,30,37,42.03438395415473,55.84120958287959,30.31765228346116,28.08515526285561,1.9484240687679084,1.9484240687679084,0.046353101567825496
