route,dia_op,tipo_dia,hora,real,pred_cnn_lstm,pred_media
1,2026-04-02,FESTIVO,07:00,65.0,88.66786846174023,26.8
1,2026-04-02,FESTIVO,07:30,23.0,94.89078772987833,27.0
1,2026-04-02,FESTIVO,08:00,11.0,106.50741207426722,30.833333333333332
1,2026-04-02,FESTIVO,09:00,20.0,97.3778077536679,41.0
1,2026-04-02,FESTIVO,09:30,25.0,105.47395106410131,33.333333333333336
1,2026-04-02,FESTIVO,10:00,21.0,107.27942981494088,25.25
1,2026-04-02,FESTIVO,10:30,19.0,95.73746470260807,36.166666666666664
1,2026-04-02,FESTIVO,11:00,23.0,98.39408552886438,42.4
1,2026-04-02,FESTIVO,11:30,33.0,100.08341096124023,26.75
1,2026-04-02,FESTIVO,12:00,18.0,107.96534100038836,32.0
1,2026-04-02,FESTIVO,12:30,45.0,74.89372433209229,43.8
1,2026-04-02,FESTIVO,13:00,21.0,75.61626044501294,19.333333333333332
1,2026-04-02,FESTIVO,13:30,49.0,62.282092600929865,32.6
1,2026-04-02,FESTIVO,15:00,27.0,65.50190517932535,21.333333333333332
1,2026-04-02,FESTIVO,15:30,30.0,91.92782961120636,40.333333333333336
1,2026-04-03,FESTIVO,08:00,14.0,54.99860604188905,28.0
1,2026-04-03,FESTIVO,08:30,30.0,25.03731782662655,36.166666666666664
1,2026-04-03,FESTIVO,09:00,16.0,48.0982870973595,37.5
1,2026-04-03,FESTIVO,11:00,12.0,41.29290026501006,39.166666666666664
1,2026-04-03,FESTIVO,11:30,28.0,66.60413215996883,28.0
1,2026-04-03,FESTIVO,12:00,19.0,46.42603031454169,29.2
1,2026-04-03,FESTIVO,12:30,18.0,59.27462932681386,44.0
1,2026-04-03,FESTIVO,14:30,31.0,65.38738330580637,31.75
1,2026-04-04,SABADO,04:30,37.0,58.59819256158982,86.25490196078431
1,2026-04-04,SABADO,05:00,48.0,31.749213915419716,62.01960784313726
1,2026-04-04,SABADO,05:30,51.0,66.80827550408732,98.17307692307692
1,2026-04-04,SABADO,06:00,42.0,64.33628249438084,99.34615384615384
1,2026-04-04,SABADO,06:30,66.0,101.45850662805907,114.75
1,2026-04-04,SABADO,07:00,38.0,78.47104400703117,105.5
1,2026-04-04,SABADO,07:30,63.0,86.87962324696356,110.15384615384616
1,2026-04-04,SABADO,08:00,80.0,93.59363271934957,104.36538461538461
1,2026-04-04,SABADO,08:30,23.0,69.94845156911532,102.57692307692308
1,2026-04-04,SABADO,09:00,89.0,64.55928078381736,98.42307692307692
1,2026-04-04,SABADO,09:30,54.0,73.0655021945996,95.26923076923077
1,2026-04-04,SABADO,10:00,73.0,75.85820625702618,90.90384615384616
1,2026-04-04,SABADO,10:30,30.0,62.31864164070457,96.48
1,2026-04-04,SABADO,11:00,17.0,72.2752231076314,102.17307692307692
1,2026-04-04,SABADO,11:30,104.0,75.75419472340482,83.3529411764706
1,2026-04-04,SABADO,12:00,71.0,93.15751747682661,94.86274509803921
1,2026-04-04,SABADO,13:00,99.0,76.81408556730659,76.68085106382979
1,2026-04-04,SABADO,13:30,21.0,54.181243234982986,82.63265306122449
1,2026-04-04,SABADO,14:30,36.0,62.98109066515824,73.3921568627451
1,2026-04-04,SABADO,15:00,124.0,85.56111381330966,75.52
1,2026-04-04,SABADO,16:00,48.0,71.25109695765973,58.895833333333336
1,2026-04-04,SABADO,17:00,26.0,82.22253771325643,40.333333333333336
1,2026-04-05,DOMINGO,07:00,29.0,58.927940129876774,33.76190476190476
1,2026-04-05,DOMINGO,07:30,23.0,36.48002314875201,34.32608695652174
1,2026-04-05,DOMINGO,08:30,28.0,47.94691761178649,45.266666666666666
1,2026-04-05,DOMINGO,09:00,28.0,61.521454095212576,41.58974358974359
1,2026-04-05,DOMINGO,10:00,18.0,68.73895716690176,34.78260869565217
1,2026-04-05,DOMINGO,10:30,28.0,72.96570217461411,35.26829268292683
1,2026-04-05,DOMINGO,11:00,30.0,87.2585244017368,37.1578947368421
1,2026-04-05,DOMINGO,12:30,23.0,54.052104525742415,39.23684210526316
1,2026-04-05,DOMINGO,13:30,21.0,84.64414551701537,31.52777777777778
1,2026-04-05,DOMINGO,14:00,21.0,70.30318530634696,32.54545454545455
1,2026-04-05,DOMINGO,15:00,23.0,59.010589177105345,35.0
1,2026-04-06,LABORAL,04:30,135.0,118.56164205026846,127.56198347107438
1,2026-04-06,LABORAL,05:00,73.0,105.2548632670604,124.78423236514523
1,2026-04-06,LABORAL,05:30,183.0,129.08771986335657,143.33471074380165
1,2026-04-06,LABORAL,06:00,106.0,136.10519813465876,145.44214876033058
1,2026-04-06,LABORAL,06:30,160.0,126.87281769911152,133.298755186722
1,2026-04-06,LABORAL,07:00,157.0,131.77211470496144,133.65289256198346
1,2026-04-06,LABORAL,07:30,54.0,134.59382819222787,137.95454545454547
1,2026-04-06,LABORAL,08:00,165.0,129.3406479018485,135.87966804979254
1,2026-04-06,LABORAL,08:30,123.0,131.250669041835,138.09128630705393
1,2026-04-06,LABORAL,09:00,176.0,131.0667356723558,135.99585062240664
1,2026-04-06,LABORAL,09:30,155.0,108.85288431233657,123.4090909090909
1,2026-04-06,LABORAL,10:00,98.0,104.8586212670751,104.46280991735537
1,2026-04-06,LABORAL,10:30,80.0,93.16193417049205,98.14049586776859
1,2026-04-06,LABORAL,11:00,90.0,89.67691556250024,95.37603305785125
1,2026-04-06,LABORAL,11:30,84.0,100.97333169133307,101.76859504132231
1,2026-04-06,LABORAL,12:00,110.0,118.58840235468227,112.94628099173553
1,2026-04-06,LABORAL,12:30,165.0,131.74429220355023,136.1825726141079
1,2026-04-06,LABORAL,13:00,105.0,118.21308419147047,136.8512396694215
1,2026-04-06,LABORAL,13:30,192.0,146.9741690233135,147.03305785123968
1,2026-04-06,LABORAL,14:00,174.0,136.65559909538993,152.26666666666668
1,2026-04-06,LABORAL,14:30,113.0,142.1160810891904,159.24380165289256
1,2026-04-06,LABORAL,15:00,217.0,166.75377574252843,179.05371900826447
1,2026-04-06,LABORAL,15:30,135.0,155.22269350137503,182.33609958506224
1,2026-04-06,LABORAL,16:00,151.0,151.79182929044947,153.0954356846473
1,2026-04-06,LABORAL,16:30,118.0,92.34658405358886,126.92116182572614
1,2026-04-06,LABORAL,17:00,50.0,71.35081632632227,76.45689655172414
1,2026-04-06,LABORAL,17:30,20.0,26.524241786240097,39.70625
1,2026-04-06,LABORAL,18:00,21.0,12.526789462089255,21.4
1,2026-04-07,LABORAL,04:30,120.0,114.43610062045677,127.50826446280992
1,2026-04-07,LABORAL,05:00,126.0,128.59766038427566,124.6804979253112
1,2026-04-07,LABORAL,05:30,137.0,141.26050324163094,143.1900826446281
1,2026-04-07,LABORAL,06:00,143.0,141.75470706437534,145.1900826446281
1,2026-04-07,LABORAL,06:30,134.0,127.17520738201497,133.37759336099586
1,2026-04-07,LABORAL,07:00,107.0,132.14226128527355,133.79752066115702
1,2026-04-07,LABORAL,07:30,187.0,134.93536023817379,137.5495867768595
1,2026-04-07,LABORAL,08:00,164.0,125.56059953609763,135.90871369294607
1,2026-04-07,LABORAL,08:30,129.0,126.91390790554854,137.88796680497924
1,2026-04-07,LABORAL,09:00,152.0,132.76094569487634,136.04979253112035
1,2026-04-07,LABORAL,09:30,91.0,128.04390070867817,123.71487603305785
1,2026-04-07,LABORAL,10:00,176.0,92.72665646309463,104.24380165289256
1,2026-04-07,LABORAL,10:30,88.0,110.47580172259276,97.76859504132231
1,2026-04-07,LABORAL,11:00,84.0,89.19471847244674,95.24380165289256
1,2026-04-07,LABORAL,11:30,134.0,102.26024348590113,101.71900826446281
1,2026-04-07,LABORAL,12:00,113.0,91.17031407447058,112.62809917355372
1,2026-04-07,LABORAL,12:30,82.0,137.18923293694934,136.39834024896265
1,2026-04-07,LABORAL,13:00,149.0,125.47985098505976,136.77685950413223
1,2026-04-07,LABORAL,13:30,211.0,131.30025648844452,147.12809917355372
1,2026-04-07,LABORAL,14:00,180.0,146.90426596653782,152.3125
1,2026-04-07,LABORAL,14:30,114.0,139.24093937944377,159.0785123966942
1,2026-04-07,LABORAL,15:00,190.0,163.52278668348612,179.48347107438016
1,2026-04-07,LABORAL,15:30,194.0,169.40486923790442,182.11618257261412
1,2026-04-07,LABORAL,16:00,198.0,142.32921430793337,152.95850622406638
1,2026-04-07,LABORAL,16:30,148.0,116.54189078693759,126.86307053941908
1,2026-04-07,LABORAL,17:00,82.0,62.23890641876678,76.30603448275862
1,2026-04-08,LABORAL,04:30,126.0,127.83473621074222,127.34710743801652
1,2026-04-08,LABORAL,05:00,117.0,124.94407863745083,124.74688796680498
1,2026-04-08,LABORAL,05:30,125.0,148.39858167992958,143.35537190082644
1,2026-04-08,LABORAL,06:00,132.0,146.5858650740601,145.10743801652893
1,2026-04-08,LABORAL,06:30,189.0,129.39319054742754,133.30705394190872
1,2026-04-08,LABORAL,07:00,53.0,128.6539854150065,133.48347107438016
1,2026-04-08,LABORAL,07:30,118.0,134.84310630878127,137.72314049586777
1,2026-04-08,LABORAL,08:00,125.0,125.21249344503026,135.88796680497924
1,2026-04-08,LABORAL,08:30,184.0,131.98307455876042,138.07883817427387
1,2026-04-08,LABORAL,09:00,105.0,134.97804366362647,136.04149377593362
1,2026-04-08,LABORAL,09:30,120.0,125.85750357326565,123.3305785123967
1,2026-04-08,LABORAL,10:00,151.0,96.07247470702875,104.41322314049587
1,2026-04-08,LABORAL,10:30,70.0,102.9140562085686,97.76446280991736
1,2026-04-08,LABORAL,11:00,118.0,94.3215204725312,94.87603305785125
1,2026-04-08,LABORAL,11:30,88.0,100.58590903674347,102.10743801652893
1,2026-04-08,LABORAL,12:00,112.0,107.32760569008951,112.48347107438016
1,2026-04-08,LABORAL,12:30,146.0,143.28871871697712,136.19917012448133
1,2026-04-08,LABORAL,13:00,159.0,133.98052097837987,136.6198347107438
1,2026-04-08,LABORAL,13:30,60.0,142.4582094756396,147.73553719008265
1,2026-04-08,LABORAL,14:00,226.0,155.0660590138864,152.0875
1,2026-04-08,LABORAL,14:30,125.0,164.40862949723353,158.72314049586777
1,2026-04-08,LABORAL,15:00,173.0,190.1329012936833,179.48760330578511
1,2026-04-08,LABORAL,15:30,175.0,194.60142877749803,182.31120331950208
1,2026-04-08,LABORAL,16:00,92.0,162.79862567974095,153.0954356846473
1,2026-04-08,LABORAL,16:30,142.0,133.4842377754234,126.85892116182572
1,2026-04-08,LABORAL,17:00,48.0,74.22699418370401,75.95689655172414
1,2026-04-09,LABORAL,04:30,82.0,100.48376537753131,127.30165289256199
1,2026-04-09,LABORAL,05:00,150.0,119.14414756234514,124.40663900414938
1,2026-04-09,LABORAL,05:30,110.0,130.06076648647382,143.42561983471074
1,2026-04-09,LABORAL,06:00,147.0,128.3179047255001,145.02479338842974
1,2026-04-09,LABORAL,06:30,99.0,130.7105903266195,133.8423236514523
1,2026-04-09,LABORAL,07:00,153.0,127.84381308734561,132.77272727272728
1,2026-04-09,LABORAL,07:30,147.0,135.1732908124578,137.69834710743802
1,2026-04-09,LABORAL,08:00,103.0,117.02905173269737,135.94605809128632
1,2026-04-09,LABORAL,08:30,178.0,121.12040275102456,138.07883817427387
1,2026-04-09,LABORAL,09:00,140.0,135.08562699775356,135.9792531120332
1,2026-04-09,LABORAL,09:30,86.0,104.9359598197936,123.29338842975207
1,2026-04-09,LABORAL,10:00,78.0,98.53282808420546,104.36776859504133
1,2026-04-09,LABORAL,10:30,37.0,86.86702903649766,97.89256198347107
1,2026-04-09,LABORAL,11:00,148.0,89.46989651611399,94.80578512396694
1,2026-04-09,LABORAL,11:30,69.0,96.81481221723882,101.82644628099173
1,2026-04-09,LABORAL,12:00,84.0,102.3309169598219,112.4297520661157
1,2026-04-09,LABORAL,12:30,140.0,126.31356866759882,136.26970954356847
1,2026-04-09,LABORAL,13:00,160.0,135.2110830291111,136.8801652892562
1,2026-04-09,LABORAL,13:30,85.0,128.1947701701528,147.22314049586777
1,2026-04-09,LABORAL,14:00,111.0,129.98465867752452,152.02916666666667
1,2026-04-09,LABORAL,14:30,168.0,157.60216225103431,158.5909090909091
1,2026-04-09,LABORAL,15:00,189.0,153.92194527629664,179.4090909090909
1,2026-04-09,LABORAL,15:30,129.0,166.870258676508,182.46473029045643
1,2026-04-09,LABORAL,16:00,109.0,132.8934986218246,152.76348547717842
1,2026-04-09,LABORAL,16:30,110.0,104.45957881456401,126.78008298755186
1,2026-04-09,LABORAL,17:00,91.0,65.86889963857959,75.79741379310344
1,2026-04-09,LABORAL,17:30,16.0,30.511272352182147,39.335443037974684
1,2026-04-10,LABORAL,04:30,113.0,100.57996150088807,127.03305785123968
1,2026-04-10,LABORAL,05:00,124.0,100.31634866343025,124.46473029045643
1,2026-04-10,LABORAL,05:30,139.0,121.13632887915948,142.98760330578511
1,2026-04-10,LABORAL,06:00,131.0,118.28903276177232,145.06198347107437
1,2026-04-10,LABORAL,06:30,93.0,134.6600191149127,133.85477178423236
1,2026-04-10,LABORAL,07:00,152.0,132.07813391355134,132.6818181818182
1,2026-04-10,LABORAL,07:30,98.0,125.96582833400633,137.71074380165288
1,2026-04-10,LABORAL,08:00,187.0,126.52789253321676,135.65145228215766
1,2026-04-10,LABORAL,08:30,81.0,117.59324815076442,138.21576763485479
1,2026-04-10,LABORAL,09:00,162.0,127.09750039999494,136.0124481327801
1,2026-04-10,LABORAL,09:30,144.0,97.22744381037359,123.12809917355372
1,2026-04-10,LABORAL,10:00,90.0,107.43101185145349,104.23140495867769
1,2026-04-10,LABORAL,10:30,87.0,84.27071185250274,97.45867768595042
1,2026-04-10,LABORAL,11:00,99.0,84.5031312555667,95.09917355371901
1,2026-04-10,LABORAL,11:30,100.0,100.62692171389152,101.67355371900827
1,2026-04-10,LABORAL,12:00,134.0,98.12005605644096,112.4504132231405
1,2026-04-10,LABORAL,12:30,88.0,122.06430026205368,136.09128630705393
1,2026-04-10,LABORAL,13:00,132.0,120.47688125810103,136.88429752066116
1,2026-04-10,LABORAL,13:30,162.0,128.17520042841505,146.9214876033058
1,2026-04-10,LABORAL,14:00,172.0,121.29853778627826,152.18333333333334
1,2026-04-10,LABORAL,14:30,205.0,144.0215806139178,158.34297520661158
1,2026-04-10,LABORAL,15:00,101.0,130.61050873561948,179.28925619834712
1,2026-04-10,LABORAL,15:30,211.0,142.9637312445398,182.08298755186723
1,2026-04-10,LABORAL,16:00,104.0,110.49833454754747,153.02489626556016
1,2026-04-10,LABORAL,16:30,165.0,91.4188711224904,126.90041493775934
1,2026-04-10,LABORAL,17:00,56.0,59.35786041031866,75.87931034482759
1,2026-04-11,SABADO,04:30,65.0,99.17208669208962,84.58823529411765
1,2026-04-11,SABADO,05:00,50.0,80.3652243693522,61.13725490196079
1,2026-04-11,SABADO,05:30,87.0,110.06622209388632,98.1923076923077
1,2026-04-11,SABADO,06:00,66.0,100.8672737070322,97.11538461538461
1,2026-04-11,SABADO,06:30,125.0,105.78551758048992,114.4423076923077
1,2026-04-11,SABADO,07:00,104.0,102.03294538365168,103.46153846153847
1,2026-04-11,SABADO,07:30,88.0,102.01138948616065,108.82692307692308
1,2026-04-11,SABADO,08:00,55.0,99.3334247998005,103.32692307692308
1,2026-04-11,SABADO,08:30,59.0,100.23993022394751,101.09615384615384
1,2026-04-11,SABADO,09:00,101.0,94.96178520229411,98.59615384615384
1,2026-04-11,SABADO,09:30,52.0,85.32427540239296,93.98076923076923
1,2026-04-11,SABADO,10:00,123.0,84.26496090562804,91.07692307692308
1,2026-04-11,SABADO,10:30,103.0,87.59216812231197,94.96
1,2026-04-11,SABADO,11:00,63.0,83.00127828484848,99.17307692307692
1,2026-04-11,SABADO,11:30,58.0,82.51489719055638,83.66666666666667
1,2026-04-11,SABADO,12:00,176.0,89.46640554457755,94.52941176470588
1,2026-04-11,SABADO,13:00,57.0,107.0585594502973,77.23404255319149
1,2026-04-11,SABADO,13:30,92.0,98.88128491915293,81.26530612244898
1,2026-04-11,SABADO,14:00,62.0,117.9880573155578,82.34693877551021
1,2026-04-11,SABADO,15:00,69.0,115.43103006546161,76.4
1,2026-04-11,SABADO,15:30,82.0,135.68101186064405,67.6938775510204
1,2026-04-11,SABADO,16:00,44.0,127.51246199201913,58.979166666666664
1,2026-04-11,SABADO,16:30,43.0,141.700365148603,66.76190476190476
1,2026-04-11,SABADO,17:30,30.0,112.20861981973107,29.157894736842106
1,2026-04-12,DOMINGO,07:30,30.0,30.25442113402896,33.45652173913044
1,2026-04-12,DOMINGO,08:00,28.0,32.02172102662817,35.90243902439025
1,2026-04-12,DOMINGO,09:30,31.0,32.184203245095546,34.857142857142854
1,2026-04-12,DOMINGO,10:30,36.0,34.867580369968934,34.853658536585364
1,2026-04-12,DOMINGO,12:00,36.0,35.62616370442625,36.35897435897436
1,2026-04-12,DOMINGO,13:30,23.0,36.42100361336776,30.86111111111111
1,2026-04-12,DOMINGO,14:30,22.0,32.69937702298385,38.44117647058823
1,2026-04-12,DOMINGO,15:30,37.0,34.82944116869237,36.375
1,2026-04-13,LABORAL,04:30,117.0,112.7153270426504,126.84297520661157
1,2026-04-13,LABORAL,05:00,119.0,108.54084985672148,124.36929460580913
1,2026-04-13,LABORAL,05:30,79.0,109.40865899955759,142.9504132231405
1,2026-04-13,LABORAL,06:00,138.0,139.15820187224864,144.8388429752066
1,2026-04-13,LABORAL,06:30,215.0,113.53166556709007,133.86721991701245
1,2026-04-13,LABORAL,07:00,78.0,127.66808831088733,132.74380165289256
1,2026-04-13,LABORAL,07:30,206.0,127.91345885148345,137.54132231404958
1,2026-04-13,LABORAL,08:00,48.0,132.77059104330633,135.59751037344398
1,2026-04-13,LABORAL,08:30,132.0,122.21414777904884,137.56016597510373
1,2026-04-13,LABORAL,09:00,151.0,127.01697858140646,136.36514522821577
1,2026-04-13,LABORAL,09:30,100.0,103.13133889749474,123.19421487603306
1,2026-04-13,LABORAL,10:00,85.0,87.49689093457475,104.02066115702479
1,2026-04-13,LABORAL,10:30,74.0,75.87170635505692,97.18595041322314
1,2026-04-13,LABORAL,11:00,95.0,93.3517642814841,95.07851239669421
1,2026-04-13,LABORAL,11:30,118.0,89.80727188859015,101.84297520661157
1,2026-04-13,LABORAL,12:00,86.0,119.15079091608672,112.2892561983471
1,2026-04-13,LABORAL,12:30,99.0,109.0220645466945,135.95850622406638
1,2026-04-13,LABORAL,13:00,139.0,96.90495628294488,136.65702479338842
1,2026-04-13,LABORAL,13:30,115.0,157.38081776644447,147.03305785123968
1,2026-04-13,LABORAL,14:00,189.0,132.04018853963996,152.2375
1,2026-04-13,LABORAL,14:30,80.0,102.69512549154206,158.37190082644628
1,2026-04-13,LABORAL,15:00,211.0,195.59389957040992,178.95867768595042
1,2026-04-13,LABORAL,15:30,176.0,134.55455132665622,182.11618257261412
1,2026-04-13,LABORAL,16:00,104.0,150.53072998899563,152.8298755186722
1,2026-04-13,LABORAL,16:30,131.0,82.53175566110309,126.90041493775934
1,2026-04-13,LABORAL,17:00,76.0,71.20720332689376,75.65086206896552
1,2026-04-13,LABORAL,17:30,26.0,24.30321896143691,39.00636942675159
1,2026-04-14,LABORAL,04:30,71.0,102.0030182178461,126.89669421487604
1,2026-04-14,LABORAL,05:00,157.0,108.95088064839702,124.24896265560166
1,2026-04-14,LABORAL,05:30,129.0,130.64375991713283,142.93801652892563
1,2026-04-14,LABORAL,06:00,151.0,117.07332145812254,144.62809917355372
1,2026-04-14,LABORAL,06:30,89.0,127.75136418140093,134.2448132780083
1,2026-04-14,LABORAL,07:00,130.0,139.44385284715972,132.6198347107438
1,2026-04-14,LABORAL,07:30,179.0,127.05969887380316,137.50413223140495
1,2026-04-14,LABORAL,08:00,144.0,129.75458994218397,135.28215767634856
1,2026-04-14,LABORAL,08:30,88.0,119.91239528318259,137.49377593360995
1,2026-04-14,LABORAL,09:00,144.0,130.03288201550896,136.54771784232366
1,2026-04-14,LABORAL,09:30,130.0,117.36955927012141,123.01652892561984
1,2026-04-14,LABORAL,10:00,67.0,97.23908302345026,103.82644628099173
1,2026-04-14,LABORAL,10:30,141.0,104.82567463033945,97.15702479338843
1,2026-04-14,LABORAL,11:00,103.0,84.09655628564417,95.14049586776859
1,2026-04-14,LABORAL,11:30,88.0,92.42485658545513,102.0909090909091
1,2026-04-14,LABORAL,12:00,146.0,90.81831919930369,112.33471074380165
1,2026-04-14,LABORAL,12:30,143.0,128.414006084505,135.71784232365144
1,2026-04-14,LABORAL,13:00,180.0,107.69532057434238,135.5909090909091
1,2026-04-14,LABORAL,13:30,62.0,127.37675278321234,146.78512396694214
1,2026-04-14,LABORAL,14:00,114.0,130.52994659529065,152.38333333333333
1,2026-04-14,LABORAL,14:30,186.0,136.67519595788113,157.78512396694214
1,2026-04-14,LABORAL,15:00,131.0,132.17349162057147,179.59504132231405
1,2026-04-14,LABORAL,15:30,107.0,150.7224693639239,181.8174273858921
1,2026-04-14,LABORAL,16:00,136.0,119.65933678136781,152.56846473029046
1,2026-04-14,LABORAL,16:30,110.0,104.50751815137664,126.87136929460581
1,2026-04-14,LABORAL,17:00,46.0,46.869810440927054,75.61206896551724
1,2026-04-15,LABORAL,04:30,76.0,86.34516424649891,126.63223140495867
1,2026-04-15,LABORAL,05:00,81.0,122.98825440244825,124.31535269709543
1,2026-04-15,LABORAL,05:30,157.0,125.86782958530206,142.9793388429752
1,2026-04-15,LABORAL,06:00,128.0,111.03535882041334,144.6198347107438
1,2026-04-15,LABORAL,06:30,99.0,123.60274105564183,134.02904564315352
1,2026-04-15,LABORAL,07:00,131.0,124.42158943351262,132.82644628099175
1,2026-04-15,LABORAL,07:30,126.0,121.33430912275571,137.4090909090909
1,2026-04-15,LABORAL,08:00,93.0,115.61797382552226,135.46473029045643
1,2026-04-15,LABORAL,08:30,224.0,115.53586097754865,137.13278008298755
1,2026-04-15,LABORAL,09:00,124.0,128.86375392125706,136.63070539419087
1,2026-04-15,LABORAL,09:30,114.0,95.4208363005315,123.04132231404958
1,2026-04-15,LABORAL,10:00,59.0,93.36952171127741,103.61570247933884
1,2026-04-15,LABORAL,10:30,76.0,81.51493953268461,97.38429752066116
1,2026-04-15,LABORAL,11:00,95.0,81.10458195702844,95.39256198347107
1,2026-04-15,LABORAL,11:30,78.0,93.5365751492643,101.82644628099173
1,2026-04-15,LABORAL,12:00,79.0,87.21258311126164,112.71900826446281
1,2026-04-15,LABORAL,12:30,102.0,111.05908892860943,135.7219917012448
1,2026-04-15,LABORAL,13:00,116.0,141.6733038408584,135.84710743801654
1,2026-04-15,LABORAL,13:30,162.0,114.01634337251323,146.58264462809916
1,2026-04-15,LABORAL,14:00,119.0,124.97870897960996,152.22083333333333
1,2026-04-15,LABORAL,14:30,58.0,157.20907050706256,157.61570247933884
1,2026-04-15,LABORAL,15:00,138.0,134.0625668551705,179.45867768595042
1,2026-04-15,LABORAL,15:30,176.0,160.63350848927624,181.78008298755188
1,2026-04-15,LABORAL,16:00,89.0,132.08385096513592,152.49377593360995
1,2026-04-15,LABORAL,16:30,75.0,94.27865077046883,126.85892116182572
1,2026-04-15,LABORAL,17:00,46.0,66.37697868923217,75.1896551724138
1,2026-04-16,LABORAL,04:30,123.0,99.68887461135716,126.45454545454545
1,2026-04-16,LABORAL,05:00,49.0,118.59981955238601,124.14107883817428
1,2026-04-16,LABORAL,05:30,181.0,119.19889260425427,142.9917355371901
1,2026-04-16,LABORAL,06:00,34.0,113.39568608765846,144.55785123966942
1,2026-04-16,LABORAL,06:30,162.0,123.83674585276118,133.87551867219918
1,2026-04-16,LABORAL,07:00,96.0,128.52789963099963,132.91322314049586
1,2026-04-16,LABORAL,07:30,136.0,114.40927531598194,137.12396694214877
1,2026-04-16,LABORAL,08:00,142.0,121.69905938706994,135.43983402489627
1,2026-04-16,LABORAL,08:30,107.0,121.28213878045874,137.57261410788382
1,2026-04-16,LABORAL,09:00,115.0,123.37368093908353,136.69294605809128
1,2026-04-16,LABORAL,09:30,70.0,99.12559863583598,122.98760330578513
1,2026-04-16,LABORAL,10:00,140.0,94.19532198390118,103.5
1,2026-04-16,LABORAL,10:30,85.0,83.50197144843378,97.26446280991736
1,2026-04-16,LABORAL,11:00,40.0,74.83526381023253,95.4504132231405
1,2026-04-16,LABORAL,11:30,116.0,91.72603407042145,101.75206611570248
1,2026-04-16,LABORAL,12:00,115.0,95.26210039987924,112.90082644628099
1,2026-04-16,LABORAL,12:30,115.0,115.94881857582375,135.9875518672199
1,2026-04-16,LABORAL,13:00,108.0,119.96572264833623,135.94628099173553
1,2026-04-16,LABORAL,13:30,160.0,122.03013245883743,146.63223140495867
1,2026-04-16,LABORAL,14:00,117.0,129.7130486424009,152.12916666666666
1,2026-04-16,LABORAL,14:30,192.0,143.24913879334352,157.01652892561984
1,2026-04-16,LABORAL,15:00,145.0,148.04683456786438,179.26859504132233
1,2026-04-16,LABORAL,15:30,60.0,148.63779201945846,181.8091286307054
1,2026-04-16,LABORAL,16:00,207.0,118.57752399986249,152.18672199170123
1,2026-04-16,LABORAL,16:30,82.0,95.58175192956142,126.74273858921161
1,2026-04-17,LABORAL,04:30,136.0,110.7671655384892,126.440329218107
1,2026-04-17,LABORAL,05:00,100.0,110.64874433965305,123.8305785123967
1,2026-04-17,LABORAL,05:30,124.0,123.74285516279404,143.14814814814815
1,2026-04-17,LABORAL,06:00,166.0,114.5018883022461,144.10288065843622
1,2026-04-17,LABORAL,06:30,144.0,143.39212464377843,133.9917355371901
1,2026-04-17,LABORAL,07:30,137.0,134.24895358862688,137.119341563786
1,2026-04-17,LABORAL,08:00,172.0,126.03236837148519,135.46694214876032
1,2026-04-17,LABORAL,08:30,105.0,132.0129865451468,137.44628099173553
1,2026-04-17,LABORAL,09:00,180.0,115.0129223436105,136.60330578512398
1,2026-04-17,LABORAL,09:30,69.0,130.9793817724328,122.76954732510288
1,2026-04-17,LABORAL,10:00,102.0,103.82190345367307,103.65020576131687
1,2026-04-17,LABORAL,10:30,49.0,95.07731422759767,97.21399176954732
1,2026-04-17,LABORAL,11:00,148.0,90.40282550998508,95.22222222222223
1,2026-04-17,LABORAL,11:30,88.0,81.145822482824,101.81069958847736
1,2026-04-17,LABORAL,12:00,122.0,91.58262019301162,112.90946502057614
1,2026-04-17,LABORAL,12:30,110.0,106.769576808336,135.900826446281
1,2026-04-17,LABORAL,13:00,153.0,122.51906852237491,135.8312757201646
1,2026-04-17,LABORAL,13:30,107.0,127.57448101663763,146.6872427983539
1,2026-04-17,LABORAL,14:00,104.0,131.40344468014302,151.98340248962654
1,2026-04-17,LABORAL,14:30,185.0,130.08118412171515,157.1604938271605
1,2026-04-17,LABORAL,15:00,65.0,156.48832365487576,179.1275720164609
1,2026-04-17,LABORAL,15:30,163.0,157.21527633092322,181.30578512396696
1,2026-04-17,LABORAL,16:00,177.0,157.01927147032671,152.41322314049586
1,2026-04-17,LABORAL,16:30,140.0,111.44383137765243,126.55785123966942
1,2026-04-17,LABORAL,17:00,72.0,99.90526780718417,75.17241379310344
1,2026-04-18,SABADO,04:30,63.0,74.12139921062985,83.17647058823529
1,2026-04-18,SABADO,05:00,54.0,63.94140182156253,61.333333333333336
1,2026-04-18,SABADO,05:30,103.0,85.5558850632544,97.96153846153847
1,2026-04-18,SABADO,06:00,77.0,80.69695501007138,96.4423076923077
1,2026-04-18,SABADO,06:30,86.0,106.95369546294201,113.07692307692308
1,2026-04-18,SABADO,07:00,90.0,104.59234341772361,102.78846153846153
1,2026-04-18,SABADO,07:30,83.0,94.54274902524695,108.17307692307692
1,2026-04-18,SABADO,08:00,103.0,96.20503506842589,102.46153846153847
1,2026-04-18,SABADO,08:30,91.0,95.24387054391659,100.21153846153847
1,2026-04-18,SABADO,09:00,95.0,87.52219921517404,98.13461538461539
1,2026-04-18,SABADO,09:30,96.0,73.14840199749356,92.8076923076923
1,2026-04-18,SABADO,10:00,90.0,83.15447977406663,91.5576923076923
1,2026-04-18,SABADO,10:30,84.0,84.87651985727678,95.68
1,2026-04-18,SABADO,11:00,95.0,79.84217614107273,96.07692307692308
1,2026-04-18,SABADO,11:30,50.0,81.88982985147805,84.2156862745098
1,2026-04-18,SABADO,12:00,97.0,88.60023967303786,95.66666666666667
1,2026-04-18,SABADO,12:30,58.0,85.58382348886323,97.65306122448979
1,2026-04-18,SABADO,13:00,72.0,80.03321029389596,77.59574468085107
1,2026-04-18,SABADO,13:30,76.0,77.05727872885615,80.61224489795919
1,2026-04-18,SABADO,14:00,39.0,77.77606388334749,81.81632653061224
1,2026-04-18,SABADO,14:30,40.0,85.08872930314274,71.46
1,2026-04-18,SABADO,15:00,61.0,70.8829680759035,77.0
1,2026-04-18,SABADO,15:30,44.0,71.67775187748893,66.85714285714286
1,2026-04-18,SABADO,16:00,39.0,52.049969554092506,58.416666666666664
1,2026-04-18,SABADO,17:00,47.0,28.774162782541836,40.10344827586207
1,2026-04-18,SABADO,17:30,23.0,17.378056150927335,29.68421052631579
1,2026-04-19,DOMINGO,06:30,14.0,27.477386284571324,37.2
1,2026-04-19,DOMINGO,07:30,25.0,27.520774144844864,33.08695652173913
1,2026-04-19,DOMINGO,08:00,57.0,30.465166310219416,36.073170731707314
1,2026-04-19,DOMINGO,08:30,30.0,32.642837648552344,43.81818181818182
1,2026-04-19,DOMINGO,09:00,19.0,28.449107257544497,41.55263157894737
1,2026-04-19,DOMINGO,10:00,26.0,29.316347864943495,35.02173913043478
1,2026-04-19,DOMINGO,11:00,34.0,26.740500590612115,37.83783783783784
1,2026-04-19,DOMINGO,12:00,40.0,31.15927003053247,36.43589743589744
1,2026-04-19,DOMINGO,12:30,15.0,35.63581554368787,39.37837837837838
1,2026-04-19,DOMINGO,13:00,16.0,30.287686172678335,32.09090909090909
1,2026-04-19,DOMINGO,14:00,27.0,28.686213016972587,32.72727272727273
1,2026-04-19,DOMINGO,14:30,60.0,32.91048647175377,38.0
1,2026-04-19,DOMINGO,16:00,35.0,27.21074514649753,33.73913043478261
1,2026-04-20,LABORAL,04:30,86.0,123.6236601796954,126.47950819672131
1,2026-04-20,LABORAL,05:00,119.0,111.94150379880115,123.73251028806584
1,2026-04-20,LABORAL,05:30,195.0,135.59443596425325,143.06967213114754
1,2026-04-20,LABORAL,06:00,185.0,138.72742199756317,144.19262295081967
1,2026-04-20,LABORAL,06:30,126.0,130.1072011642373,134.03292181069958
1,2026-04-20,LABORAL,07:00,74.0,132.14875756124297,132.76131687242798
1,2026-04-20,LABORAL,07:30,137.0,132.2777761450566,137.11885245901638
1,2026-04-20,LABORAL,08:00,149.0,143.67025963572533,135.6172839506173
1,2026-04-20,LABORAL,08:30,134.0,129.29207072549278,137.3127572016461
1,2026-04-20,LABORAL,09:00,128.0,131.71370751594577,136.78189300411523
1,2026-04-20,LABORAL,09:30,121.0,120.60223837329748,122.54918032786885
1,2026-04-20,LABORAL,10:00,106.0,106.31434283857583,103.64344262295081
1,2026-04-20,LABORAL,10:30,72.0,93.34646915837882,97.01639344262296
1,2026-04-20,LABORAL,11:00,21.0,90.4085345658248,95.43852459016394
1,2026-04-20,LABORAL,11:30,108.0,100.50008346304155,101.75409836065573
1,2026-04-20,LABORAL,12:00,120.0,119.05205205166831,112.94672131147541
1,2026-04-20,LABORAL,12:30,89.0,125.22346651648897,135.79423868312756
1,2026-04-20,LABORAL,13:00,143.0,124.5351654845585,135.9016393442623
1,2026-04-20,LABORAL,13:30,97.0,155.7158664862096,146.52459016393442
1,2026-04-20,LABORAL,14:00,172.0,141.97503056119834,151.78512396694214
1,2026-04-20,LABORAL,14:30,206.0,139.41456020379607,157.27459016393442
1,2026-04-20,LABORAL,15:00,59.0,185.1290484846901,178.65983606557376
1,2026-04-20,LABORAL,15:30,226.0,151.4218265281919,181.23045267489712
1,2026-04-20,LABORAL,16:00,126.0,156.69223144707098,152.51440329218107
1,2026-04-20,LABORAL,16:30,80.0,94.56476251961998,126.61316872427983
1,2026-04-20,LABORAL,17:00,71.0,69.23685615498641,75.1587982832618
1,2026-04-21,LABORAL,04:30,79.0,94.93298902020389,126.26229508196721
1,2026-04-21,LABORAL,05:00,165.0,119.77554377933026,123.55555555555556
1,2026-04-21,LABORAL,05:30,168.0,126.45898964536285,143.20901639344262
1,2026-04-21,LABORAL,06:00,53.0,117.94342225566281,144.40573770491804
1,2026-04-21,LABORAL,06:30,183.0,133.05796487463581,134.0082304526749
1,2026-04-21,LABORAL,07:00,77.0,133.62205208136092,132.41152263374485
1,2026-04-21,LABORAL,07:30,164.0,123.39304037472529,137.05737704918033
1,2026-04-21,LABORAL,08:00,191.0,129.28166009858305,135.67078189300412
1,2026-04-21,LABORAL,08:30,88.0,115.32584598500236,137.64609053497944
1,2026-04-21,LABORAL,09:00,118.0,133.80399927293467,136.74074074074073
1,2026-04-21,LABORAL,09:30,144.0,111.4094355193021,122.47540983606558
1,2026-04-21,LABORAL,10:00,27.0,89.34716826372147,103.68442622950819
1,2026-04-21,LABORAL,10:30,96.0,105.72910200599637,96.84016393442623
1,2026-04-21,LABORAL,11:00,177.0,80.35779658802636,95.03688524590164
1,2026-04-21,LABORAL,11:30,48.0,89.67382923635307,101.77049180327869
1,2026-04-21,LABORAL,12:00,74.0,84.09771384098117,113.11065573770492
1,2026-04-21,LABORAL,12:30,130.0,121.9919060715715,135.3991769547325
1,2026-04-21,LABORAL,13:00,107.0,117.03498984222537,135.90573770491804
1,2026-04-21,LABORAL,13:30,67.0,115.48568199867361,146.39754098360655
1,2026-04-21,LABORAL,14:00,222.0,130.87580037428984,151.60743801652893
1,2026-04-21,LABORAL,14:30,146.0,131.09549808491425,157.50819672131146
1,2026-04-21,LABORAL,15:00,129.0,140.71612202433397,177.94262295081967
1,2026-04-21,LABORAL,15:30,169.0,150.35383448561032,181.8641975308642
1,2026-04-21,LABORAL,16:00,214.0,118.92447091190354,152.19341563786008
1,2026-04-21,LABORAL,16:30,38.0,96.73853730983915,126.19753086419753
1,2026-04-21,LABORAL,17:00,44.0,47.92835628021339,74.95708154506438
1,2026-04-21,LABORAL,17:30,47.0,34.09387713567162,38.90909090909091
1,2026-04-22,LABORAL,04:30,123.0,109.56291478065845,125.95901639344262
1,2026-04-22,LABORAL,05:00,112.0,124.63328331194981,123.60493827160494
1,2026-04-22,LABORAL,05:30,144.0,133.6947097908343,143.20901639344262
1,2026-04-22,LABORAL,06:00,115.0,124.25788855016009,143.75819672131146
1,2026-04-22,LABORAL,06:30,123.0,133.18937547723442,134.1769547325103
1,2026-04-22,LABORAL,07:00,147.0,133.7653830386273,132.119341563786
1,2026-04-22,LABORAL,07:30,93.0,123.06643678457378,137.00819672131146
1,2026-04-22,LABORAL,08:00,169.0,129.89168645513112,136.0164609053498
1,2026-04-22,LABORAL,08:30,96.0,124.93817881935145,137.7037037037037
1,2026-04-22,LABORAL,09:00,92.0,129.41886815674428,136.69135802469137
1,2026-04-22,LABORAL,09:30,161.0,111.65526369204231,122.37295081967213
1,2026-04-22,LABORAL,10:00,63.0,96.42974412419478,103.4139344262295
1,2026-04-22,LABORAL,10:30,89.0,91.86751892322474,96.56967213114754
1,2026-04-22,LABORAL,11:00,69.0,80.47194697328948,95.38934426229508
1,2026-04-22,LABORAL,11:30,129.0,95.00786682664754,101.49590163934427
1,2026-04-22,LABORAL,12:00,76.0,98.43483135233676,113.1188524590164
1,2026-04-22,LABORAL,12:30,122.0,132.93357324660633,135.40740740740742
1,2026-04-22,LABORAL,13:00,211.0,127.44118089920279,135.54918032786884
1,2026-04-22,LABORAL,13:30,107.0,130.39361752158158,145.99590163934425
1,2026-04-22,LABORAL,15:00,51.0,141.9535765249617,177.5983606557377
1,2026-04-22,LABORAL,15:30,202.0,157.3046985796546,181.66255144032922
1,2026-04-22,LABORAL,16:00,111.0,163.8244677099396,152.46913580246914
1,2026-04-22,LABORAL,16:30,127.0,167.997270130382,125.90534979423869
1,2026-04-22,LABORAL,17:00,87.0,139.60490180646525,74.61802575107296
1,2026-04-23,LABORAL,04:30,122.0,105.64168554889015,125.71311475409836
1,2026-04-23,LABORAL,05:00,118.0,116.67657026596203,123.64609053497942
1,2026-04-23,LABORAL,05:30,133.0,129.01453015759526,143.25
1,2026-04-23,LABORAL,06:00,124.0,119.42328358491913,143.50409836065575
1,2026-04-23,LABORAL,06:30,82.0,136.28004437395214,134.18930041152262
1,2026-04-23,LABORAL,07:00,124.0,122.15922525686985,132.20576131687244
1,2026-04-23,LABORAL,07:30,159.0,124.36585173865112,136.84426229508196
1,2026-04-23,LABORAL,08:00,124.0,115.13670442394105,136.0411522633745
1,2026-04-23,LABORAL,08:30,117.0,113.4509444609165,137.43621399176953
1,2026-04-23,LABORAL,09:00,100.0,137.6887660521792,136.54320987654322
1,2026-04-23,LABORAL,09:30,55.0,96.44212474638398,122.43442622950819
1,2026-04-23,LABORAL,10:00,96.0,94.30679737325534,103.18442622950819
1,2026-04-23,LABORAL,10:30,102.0,79.71930558874695,96.63524590163935
1,2026-04-23,LABORAL,11:00,81.0,74.06140381855676,95.06557377049181
1,2026-04-23,LABORAL,11:30,92.0,94.50649745136568,101.77868852459017
1,2026-04-23,LABORAL,12:00,128.0,93.61945678995177,112.82377049180327
1,2026-04-23,LABORAL,12:30,51.0,122.17504830828523,135.34567901234567
1,2026-04-23,LABORAL,13:00,108.0,146.29613887946067,135.99180327868854
1,2026-04-23,LABORAL,13:30,94.0,123.99918714126026,145.85245901639345
1,2026-04-23,LABORAL,14:00,106.0,137.0351179930849,152.13278008298755
1,2026-04-23,LABORAL,14:30,40.0,170.07696321014635,157.2716049382716
1,2026-04-23,LABORAL,15:00,85.0,166.29361215557927,177.00819672131146
1,2026-04-23,LABORAL,16:30,38.0,183.23086179419786,125.80658436213992
1,2026-04-24,LABORAL,04:30,133.0,74.74550967710763,125.39754098360656
1,2026-04-24,LABORAL,05:00,111.0,81.670443959659,123.58847736625515
1,2026-04-24,LABORAL,05:30,131.0,70.43092649627948,143.3237704918033
1,2026-04-24,LABORAL,06:00,86.0,72.64169286470056,143.2704918032787
1,2026-04-24,LABORAL,06:30,152.0,74.86872986387543,134.08641975308643
1,2026-04-24,LABORAL,07:00,119.0,74.71617594480907,132.2716049382716
1,2026-04-24,LABORAL,07:30,136.0,61.38144614538816,137.00819672131146
1,2026-04-24,LABORAL,08:00,143.0,75.61901084050587,136.02880658436214
1,2026-04-24,LABORAL,08:30,121.0,70.02837679319111,137.2551440329218
1,2026-04-24,LABORAL,09:00,82.0,73.7835126232541,136.56378600823047
1,2026-04-24,LABORAL,09:30,82.0,60.820071085526244,122.03688524590164
1,2026-04-24,LABORAL,10:00,109.0,56.73122455487162,103.1639344262295
1,2026-04-24,LABORAL,10:30,97.0,43.69529604859139,96.65163934426229
1,2026-04-24,LABORAL,11:00,122.0,42.64042426838728,94.95081967213115
1,2026-04-24,LABORAL,11:30,78.0,62.40143405071213,101.92622950819673
1,2026-04-24,LABORAL,12:00,117.0,59.066889876591794,112.82786885245902
1,2026-04-24,LABORAL,12:30,94.0,59.867476400876456,134.9506172839506
1,2026-04-24,LABORAL,13:00,82.0,85.66718333687325,136.11065573770492
1,2026-04-24,LABORAL,13:30,172.0,89.74401360138664,145.3237704918033
1,2026-04-24,LABORAL,14:00,128.0,86.66305253748826,152.0622406639004
1,2026-04-24,LABORAL,14:30,160.0,81.5014087661296,156.71604938271605
1,2026-04-24,LABORAL,15:00,204.0,73.80350462620461,177.01639344262296
1,2026-04-24,LABORAL,15:30,124.0,87.08304258223102,181.71074380165288
1,2026-04-24,LABORAL,16:00,141.0,70.38184012888182,152.43801652892563
1,2026-04-24,LABORAL,16:30,93.0,56.01683598966863,125.26748971193416
1,2026-04-25,SABADO,04:30,47.0,89.99968255774837,82.92156862745098
1,2026-04-25,SABADO,05:00,105.0,77.28628924486648,61.72549019607843
1,2026-04-25,SABADO,05:30,87.0,101.0332787397443,99.13461538461539
1,2026-04-25,SABADO,06:00,107.0,91.53423124901379,97.09615384615384
1,2026-04-25,SABADO,06:30,122.0,100.43010664985773,113.17307692307692
1,2026-04-25,SABADO,07:00,115.0,101.4032431851168,103.46153846153847
1,2026-04-25,SABADO,07:30,34.0,96.2783943531438,108.1923076923077
1,2026-04-25,SABADO,08:00,124.0,96.25934263020369,103.23076923076923
1,2026-04-25,SABADO,08:30,111.0,100.06344437544638,100.84615384615384
1,2026-04-25,SABADO,09:00,86.0,91.94674725552447,98.90384615384616
1,2026-04-25,SABADO,09:30,43.0,77.0560470105244,93.98076923076923
1,2026-04-25,SABADO,10:00,99.0,76.92300575050575,91.9423076923077
1,2026-04-25,SABADO,10:30,113.0,82.35306120491133,96.44
1,2026-04-25,SABADO,11:00,50.0,78.98019920645511,96.67307692307692
1,2026-04-25,SABADO,11:30,44.0,79.0285076214632,84.09803921568627
1,2026-04-25,SABADO,12:00,77.0,85.85117108455427,95.6923076923077
1,2026-04-25,SABADO,12:30,74.0,90.1282469741005,97.6938775510204
1,2026-04-25,SABADO,13:00,60.0,83.77487164089308,77.91489361702128
1,2026-04-25,SABADO,13:30,81.0,100.49815866364531,81.44897959183673
1,2026-04-25,SABADO,14:00,36.0,96.11285966702665,81.81632653061224
1,2026-04-25,SABADO,14:30,96.0,119.52331101789717,71.6
1,2026-04-25,SABADO,15:00,28.0,105.18338224557917,76.9
1,2026-04-25,SABADO,15:30,37.0,123.52848528865101,67.08163265306122
1,2026-04-25,SABADO,16:00,18.0,89.15872383422858,58.729166666666664
1,2026-04-25,SABADO,16:30,84.0,57.33752813170454,65.39024390243902
1,2026-04-25,SABADO,17:30,26.0,43.502239392019916,29.473684210526315
1,2026-04-26,DOMINGO,07:30,25.0,26.396526740808284,33.21739130434783
1,2026-04-26,DOMINGO,08:00,27.0,24.815200582902634,37.048780487804876
1,2026-04-26,DOMINGO,08:30,12.0,26.453252383038787,43.88636363636363
1,2026-04-26,DOMINGO,10:00,55.0,31.676304805764303,34.608695652173914
1,2026-04-26,DOMINGO,11:00,20.0,30.85692165918644,38.2972972972973
1,2026-04-26,DOMINGO,12:30,30.0,27.85187884820496,38.73684210526316
1,2026-04-26,DOMINGO,13:00,32.0,29.490638761958706,31.151515151515152
1,2026-04-26,DOMINGO,13:30,24.0,27.88246808060434,30.257142857142856
1,2026-04-26,DOMINGO,15:00,27.0,33.658652929694895,34.96666666666667
1,2026-04-27,LABORAL,04:30,69.0,109.75598230022754,125.04918032786885
1,2026-04-27,LABORAL,05:00,137.0,106.064037213202,123.58024691358025
1,2026-04-27,LABORAL,05:30,124.0,124.6927235915764,143.2827868852459
1,2026-04-27,LABORAL,06:00,129.0,130.70472058107978,143.077868852459
1,2026-04-27,LABORAL,06:30,144.0,124.78926438842521,134.13991769547326
1,2026-04-27,LABORAL,07:00,126.0,131.7345018358789,132.20576131687244
1,2026-04-27,LABORAL,07:30,88.0,129.12565144120012,136.89344262295083
1,2026-04-27,LABORAL,08:00,78.0,128.59891931788894,135.9506172839506
1,2026-04-27,LABORAL,08:30,118.0,132.25481018282974,137.18106995884773
1,2026-04-27,LABORAL,09:00,104.0,121.76023301225258,136.45267489711935
1,2026-04-27,LABORAL,09:30,177.0,103.53531780841145,121.85245901639344
1,2026-04-27,LABORAL,10:00,46.0,97.48466256784828,102.95491803278688
1,2026-04-27,LABORAL,10:30,162.0,88.28465889092962,96.62295081967213
1,2026-04-27,LABORAL,11:00,27.0,92.62687820330392,95.10245901639344
1,2026-04-27,LABORAL,11:30,110.0,91.18765733741041,101.87295081967213
1,2026-04-27,LABORAL,12:00,86.0,112.40128910055691,112.91803278688525
1,2026-04-27,LABORAL,12:30,72.0,125.84901051116059,134.67489711934155
1,2026-04-27,LABORAL,13:00,126.0,119.78779805164243,135.99590163934425
1,2026-04-27,LABORAL,13:30,148.0,139.8931825064293,145.0327868852459
1,2026-04-27,LABORAL,14:00,97.0,134.19211207717353,152.16182572614107
1,2026-04-27,LABORAL,14:30,211.0,138.8792398702361,156.69135802469137
1,2026-04-27,LABORAL,15:00,168.0,163.1417810020526,177.14344262295083
1,2026-04-27,LABORAL,15:30,160.0,165.91925672197763,181.51239669421489
1,2026-04-27,LABORAL,16:00,125.0,140.6037966231405,152.71487603305786
1,2026-04-27,LABORAL,16:30,84.0,103.54071958411477,125.12345679012346
1,2026-04-27,LABORAL,17:00,56.0,71.40444782763713,74.42857142857143
1,2026-04-27,LABORAL,18:00,25.0,32.37510370560108,21.5
1,2026-04-28,LABORAL,04:30,133.0,121.14251064623289,124.61475409836065
1,2026-04-28,LABORAL,05:00,129.0,126.26607419007702,123.4320987654321
1,2026-04-28,LABORAL,05:30,182.0,142.7947538232928,143.05327868852459
1,2026-04-28,LABORAL,06:00,156.0,137.3351713869554,143.0983606557377
1,2026-04-28,LABORAL,06:30,48.0,135.83444760811858,134.46502057613168
1,2026-04-28,LABORAL,07:00,148.0,134.4163347872553,131.9917695473251
1,2026-04-28,LABORAL,07:30,118.0,138.07730133850987,136.74590163934425
1,2026-04-28,LABORAL,08:00,113.0,136.4619996280492,135.67489711934155
1,2026-04-28,LABORAL,08:30,127.0,129.97072346822176,136.85185185185185
1,2026-04-28,LABORAL,09:00,202.0,139.39748492972174,136.50205761316872
1,2026-04-28,LABORAL,09:30,142.0,121.93018592708978,122.0327868852459
1,2026-04-28,LABORAL,10:00,43.0,99.4906562416183,102.67622950819673
1,2026-04-28,LABORAL,10:30,116.0,100.87792936958976,96.49590163934427
1,2026-04-28,LABORAL,11:00,82.0,89.15610634028072,94.70491803278688
1,2026-04-28,LABORAL,11:30,117.0,100.94704880837949,101.92213114754098
1,2026-04-28,LABORAL,12:00,88.0,106.89938279254767,112.85655737704919
1,2026-04-28,LABORAL,12:30,199.0,137.85051316318743,134.52674897119343
1,2026-04-28,LABORAL,13:00,90.0,131.8716773262193,135.8360655737705
1,2026-04-28,LABORAL,13:30,76.0,137.760555361995,145.11065573770492
1,2026-04-28,LABORAL,14:00,148.0,145.5643878437892,151.45228215767634
1,2026-04-28,LABORAL,14:30,160.0,150.56392819758355,157.40329218106996
1,2026-04-28,LABORAL,15:00,159.0,170.33442510610692,176.69672131147541
1,2026-04-28,LABORAL,15:30,217.0,175.84698894142855,181.50413223140495
1,2026-04-28,LABORAL,16:00,103.0,141.06067575746468,152.52479338842974
1,2026-04-28,LABORAL,16:30,127.0,117.12970304029139,124.69135802469135
1,2026-04-28,LABORAL,17:30,49.0,60.68533142421697,38.7
1,2026-04-29,LABORAL,04:30,73.0,120.28133519672251,124.3811475409836
1,2026-04-29,LABORAL,05:00,128.0,125.69053358428906,123.44444444444444
1,2026-04-29,LABORAL,05:30,132.0,140.2365412296102,143.27868852459017
1,2026-04-29,LABORAL,06:00,127.0,135.99366259470523,143.04918032786884
1,2026-04-29,LABORAL,06:30,129.0,136.7679892862789,134.0781893004115
1,2026-04-29,LABORAL,07:00,108.0,134.71819764159693,131.8312757201646
1,2026-04-29,LABORAL,07:30,147.0,135.21327449107824,136.9795081967213
1,2026-04-29,LABORAL,08:00,134.0,136.1071823873637,135.440329218107
1,2026-04-29,LABORAL,08:30,112.0,128.04023543144362,136.58024691358025
1,2026-04-29,LABORAL,09:00,79.0,137.2487042970148,136.81069958847738
1,2026-04-29,LABORAL,09:30,138.0,119.134054229518,122.11475409836065
1,2026-04-29,LABORAL,10:00,115.0,97.783101849442,102.30737704918033
1,2026-04-29,LABORAL,10:30,86.0,93.51270895504582,96.5
1,2026-04-29,LABORAL,11:00,109.0,87.34980604413849,94.59016393442623
1,2026-04-29,LABORAL,11:30,78.0,98.68534677322744,101.72131147540983
1,2026-04-29,LABORAL,12:00,65.0,105.06164989882713,112.82377049180327
1,2026-04-29,LABORAL,12:30,127.0,132.06063525996177,134.74074074074073
1,2026-04-29,LABORAL,13:00,125.0,132.6293211081143,135.827868852459
1,2026-04-29,LABORAL,13:30,110.0,134.6680879529261,144.59016393442624
1,2026-04-29,LABORAL,14:00,179.0,142.723862114405,151.1908713692946
1,2026-04-29,LABORAL,14:30,156.0,152.14824551103612,157.7530864197531
1,2026-04-29,LABORAL,15:00,220.0,169.36962262669726,176.4344262295082
1,2026-04-29,LABORAL,15:30,140.0,175.52271492975245,181.60743801652893
1,2026-04-29,LABORAL,16:00,138.0,139.02223781781396,152.12396694214877
1,2026-04-29,LABORAL,16:30,57.0,112.13008404844943,124.51851851851852
1,2026-04-29,LABORAL,17:00,76.0,53.90743464191242,74.46521739130435
1,2026-04-30,LABORAL,04:30,80.0,122.9205382473672,124.09016393442623
1,2026-04-30,LABORAL,05:00,114.0,119.21108290748049,123.34156378600824
1,2026-04-30,LABORAL,05:30,161.0,138.70148554857172,143.11065573770492
1,2026-04-30,LABORAL,06:00,143.0,135.05058187507962,142.9877049180328
1,2026-04-30,LABORAL,06:30,141.0,132.8564076111051,134.119341563786
1,2026-04-30,LABORAL,07:00,80.0,134.4207652072674,131.69135802469137
1,2026-04-30,LABORAL,07:30,164.0,131.44592696055744,136.97540983606558
1,2026-04-30,LABORAL,08:00,122.0,131.3988723134655,135.38683127572017
1,2026-04-30,LABORAL,08:30,217.0,128.84640209787648,136.48559670781893
1,2026-04-30,LABORAL,09:00,67.0,133.36653638185518,136.58024691358025
1,2026-04-30,LABORAL,09:30,178.0,118.03231575580635,122.16803278688525
1,2026-04-30,LABORAL,10:00,66.0,98.46754490047441,102.24180327868852
1,2026-04-30,LABORAL,10:30,86.0,94.88237117889751,96.54508196721312
1,2026-04-30,LABORAL,11:00,100.0,90.49972903824235,94.29918032786885
1,2026-04-30,LABORAL,11:30,125.0,95.97561007588799,101.37295081967213
1,2026-04-30,LABORAL,12:30,235.0,107.17822906937691,134.5514403292181
1,2026-04-30,LABORAL,13:00,90.0,128.31244796803236,135.84016393442624
1,2026-04-30,LABORAL,13:30,228.0,128.7478246547558,144.0327868852459
1,2026-04-30,LABORAL,14:00,104.0,130.76930679027515,151.2780082987552
1,2026-04-30,LABORAL,14:30,177.0,137.52677883320462,157.4320987654321
1,2026-04-30,LABORAL,15:00,194.0,147.60722643345713,176.88934426229508
1,2026-04-30,LABORAL,15:30,161.0,164.0861857044428,181.34297520661158
1,2026-04-30,LABORAL,16:00,52.0,167.59624652028953,151.68595041322314
1,2026-04-30,LABORAL,16:30,47.0,130.84731262772533,124.33333333333333
1,2026-04-30,LABORAL,17:00,105.0,110.86777960845936,74.05652173913043
1,2026-05-01,FESTIVO,07:00,15.0,97.56026929277259,47.333333333333336
1,2026-05-01,FESTIVO,07:30,56.0,88.87557725959464,16.5
1,2026-05-01,FESTIVO,08:00,21.0,105.37555664294933,24.8
1,2026-05-01,FESTIVO,08:30,24.0,104.22364566919894,36.25
1,2026-05-01,FESTIVO,09:00,52.0,109.93523854856433,21.75
1,2026-05-01,FESTIVO,09:30,32.0,111.85604987699813,26.5
1,2026-05-01,FESTIVO,10:00,21.0,102.26134366545637,25.5
1,2026-05-01,FESTIVO,10:30,73.0,107.71211521930697,30.75
1,2026-05-01,FESTIVO,11:00,32.0,107.43024639477112,30.75
1,2026-05-01,FESTIVO,11:30,47.0,105.23920436640161,28.0
1,2026-05-01,FESTIVO,12:00,23.0,84.92347408694184,22.666666666666668
1,2026-05-01,FESTIVO,12:30,27.0,85.4483112137403,30.0
1,2026-05-01,FESTIVO,13:30,37.0,79.69025911403169,35.5
1,2026-05-01,FESTIVO,14:00,33.0,83.18636198465559,26.0
1,2026-05-01,FESTIVO,14:30,37.0,88.82147122318682,33.666666666666664
1,2026-05-01,FESTIVO,15:00,64.0,91.40808366181584,23.0
1,2026-05-01,FESTIVO,16:00,30.0,95.19356761448083,36.0
1,2026-05-02,SABADO,04:30,56.0,84.0024335944128,81.37254901960785
1,2026-05-02,SABADO,05:00,97.0,56.85574881125064,63.01960784313726
1,2026-05-02,SABADO,05:30,65.0,79.63812499072131,99.0
1,2026-05-02,SABADO,06:00,83.0,85.07642588295559,97.13461538461539
1,2026-05-02,SABADO,06:30,72.0,87.96989766015798,112.59615384615384
1,2026-05-02,SABADO,07:00,105.0,92.84720150706829,103.75
1,2026-05-02,SABADO,07:30,39.0,94.46580544245926,105.88461538461539
1,2026-05-02,SABADO,08:00,109.0,79.52705869730264,103.8076923076923
1,2026-05-02,SABADO,08:30,111.0,103.33002178621577,101.73076923076923
1,2026-05-02,SABADO,09:00,164.0,81.46526444277342,99.0576923076923
1,2026-05-02,SABADO,09:30,32.0,76.99093437483245,92.9423076923077
1,2026-05-02,SABADO,10:00,29.0,76.3095215617003,91.51923076923077
1,2026-05-02,SABADO,10:30,115.0,60.97362064077363,96.52
1,2026-05-02,SABADO,11:00,86.0,76.9260120565767,95.01923076923077
1,2026-05-02,SABADO,11:30,76.0,72.94143057678279,83.94117647058823
1,2026-05-02,SABADO,12:00,74.0,89.41133000859935,95.34615384615384
1,2026-05-02,SABADO,12:30,86.0,82.06944881901552,96.61224489795919
1,2026-05-02,SABADO,13:00,39.0,79.42778087159249,77.27659574468085
1,2026-05-02,SABADO,13:30,72.0,101.96576229864478,81.14285714285714
1,2026-05-02,SABADO,14:00,60.0,107.24291655222076,80.53061224489795
1,2026-05-02,SABADO,14:30,79.0,101.50378584145436,71.58
1,2026-05-02,SABADO,15:00,51.0,111.94461943019365,75.54
1,2026-05-02,SABADO,15:30,80.0,124.11569607771642,66.46938775510205
1,2026-05-02,SABADO,16:00,29.0,95.74672313097993,57.6875
1,2026-05-02,SABADO,16:30,62.0,64.2453682138179,64.73170731707317
1,2026-05-02,SABADO,17:00,29.0,46.79100152166525,41.51724137931034
1,2026-05-05,LABORAL,04:30,132.0,121.80871298394597,123.38524590163935
1,2026-05-05,LABORAL,05:00,163.0,124.74236193472072,123.36625514403292
1,2026-05-05,LABORAL,05:30,95.0,146.1979069268684,143.05327868852459
1,2026-05-05,LABORAL,06:00,96.0,138.88479877751652,142.6762295081967
1,2026-05-05,LABORAL,06:30,173.0,137.13593436393694,133.59670781893004
1,2026-05-05,LABORAL,07:00,61.0,134.88226556574327,131.0576131687243
1,2026-05-05,LABORAL,07:30,154.0,139.84944064297295,136.47131147540983
1,2026-05-05,LABORAL,08:00,123.0,136.45704414036246,135.21399176954733
1,2026-05-05,LABORAL,08:30,229.0,130.02536435300925,136.47736625514403
1,2026-05-05,LABORAL,09:00,115.0,139.6221646831394,136.49382716049382
1,2026-05-05,LABORAL,09:30,154.0,121.32511663611113,121.95491803278688
1,2026-05-05,LABORAL,10:00,101.0,101.15891723230844,102.14344262295081
1,2026-05-05,LABORAL,11:00,132.0,100.80118271545271,94.15983606557377
1,2026-05-05,LABORAL,11:30,94.0,92.78483176147861,101.24180327868852
1,2026-05-05,LABORAL,12:00,172.0,101.5970338152317,112.559670781893
1,2026-05-05,LABORAL,12:30,112.0,109.28826528794342,134.98765432098764
1,2026-05-05,LABORAL,13:00,90.0,137.49862785960377,135.20081967213116
1,2026-05-05,LABORAL,13:30,173.0,130.79965784605125,144.12704918032787
1,2026-05-05,LABORAL,14:00,115.0,137.37951407635788,150.448132780083
1,2026-05-05,LABORAL,14:30,140.0,144.66920658726985,157.02880658436214
1,2026-05-05,LABORAL,15:00,181.0,149.14617836519562,176.90573770491804
1,2026-05-05,LABORAL,15:30,199.0,166.51605749502772,181.04132231404958
1,2026-05-05,LABORAL,16:00,156.0,174.1553897191479,151.09504132231405
1,2026-05-05,LABORAL,16:30,153.0,139.95389626826253,123.4074074074074
1,2026-05-05,LABORAL,17:00,36.0,114.04738262809059,74.22173913043478
1,2026-05-06,LABORAL,04:30,124.0,131.43535034011606,123.32377049180327
1,2026-05-06,LABORAL,05:00,91.0,120.65135697523017,123.20164609053498
1,2026-05-06,LABORAL,05:30,155.0,151.63755325685045,142.91803278688525
1,2026-05-06,LABORAL,06:00,107.0,152.27488394975288,142.25409836065575
1,2026-05-06,LABORAL,06:30,123.0,145.14546790627355,133.67489711934155
1,2026-05-06,LABORAL,07:00,96.0,141.30816461184892,130.7283950617284
1,2026-05-06,LABORAL,07:30,173.0,147.00435464222508,136.45491803278688
1,2026-05-06,LABORAL,08:00,123.0,139.77959310783854,135.03703703703704
1,2026-05-06,LABORAL,08:30,150.0,141.0665527398852,136.559670781893
1,2026-05-06,LABORAL,09:00,92.0,149.29231352483419,136.30864197530863
1,2026-05-06,LABORAL,09:30,30.0,129.89145754841212,121.9139344262295
1,2026-05-06,LABORAL,10:00,32.0,102.51912660573109,102.13524590163935
1,2026-05-06,LABORAL,10:30,57.0,99.30149845928523,95.81893004115226
1,2026-05-06,LABORAL,11:00,79.0,97.4757375679575,94.25
1,2026-05-06,LABORAL,11:30,117.0,104.3537227993827,101.06147540983606
1,2026-05-06,LABORAL,12:00,166.0,114.90734716893651,112.79012345679013
1,2026-05-06,LABORAL,12:30,64.0,142.84004608468538,134.8230452674897
1,2026-05-06,LABORAL,13:00,109.0,139.36065060715734,134.8360655737705
1,2026-05-06,LABORAL,13:30,157.0,143.87617729364052,144.172131147541
1,2026-05-06,LABORAL,14:00,198.0,153.6520275504377,150.05394190871368
1,2026-05-06,LABORAL,14:30,74.0,153.44132140272376,156.91358024691357
1,2026-05-06,LABORAL,15:00,137.0,183.2244399227228,177.03688524590163
1,2026-05-06,LABORAL,16:00,97.0,188.3674656801451,150.95867768595042
1,2026-05-06,LABORAL,16:30,81.0,149.35959086055232,123.44444444444444
1,2026-05-06,LABORAL,17:00,58.0,128.15631894295453,73.86521739130434
1,2026-05-07,LABORAL,04:30,111.0,108.36697010936074,123.15983606557377
1,2026-05-07,LABORAL,05:00,67.0,100.94746728346907,122.97942386831275
1,2026-05-07,LABORAL,05:30,166.0,116.84897401078231,142.9139344262295
1,2026-05-07,LABORAL,06:00,100.0,111.72435742117729,142.06967213114754
1,2026-05-07,LABORAL,06:30,131.0,120.26804226117952,133.65020576131687
1,2026-05-07,LABORAL,07:00,84.0,119.76349581674594,130.3827160493827
1,2026-05-07,LABORAL,07:30,113.0,113.06072485601621,136.422131147541
1,2026-05-07,LABORAL,08:00,134.0,115.7471244295867,135.06584362139918
1,2026-05-07,LABORAL,08:30,151.0,110.73892951824178,136.49382716049382
1,2026-05-07,LABORAL,09:00,117.0,112.67306590953405,136.2633744855967
1,2026-05-07,LABORAL,09:30,75.0,94.48499596046953,121.22131147540983
1,2026-05-07,LABORAL,10:00,113.0,83.25417739606641,102.01639344262296
1,2026-05-07,LABORAL,10:30,108.0,80.6998169271269,95.47736625514403
1,2026-05-07,LABORAL,11:00,78.0,77.0292179164848,94.06557377049181
1,2026-05-07,LABORAL,11:30,88.0,89.59170455887505,101.05737704918033
1,2026-05-07,LABORAL,12:00,162.0,92.86265481203411,112.90946502057614
1,2026-05-07,LABORAL,12:30,105.0,105.91136855997003,134.320987654321
1,2026-05-07,LABORAL,13:00,137.0,108.13873824905386,134.88114754098362
1,2026-05-07,LABORAL,13:30,104.0,121.21203200002105,144.15983606557376
1,2026-05-07,LABORAL,14:00,156.0,115.94718191605821,149.90871369294607
1,2026-05-07,LABORAL,14:30,135.0,133.73002237402278,156.32510288065845
1,2026-05-07,LABORAL,15:00,226.0,132.61356061880625,176.89754098360655
1,2026-05-07,LABORAL,15:30,128.0,146.62210989046085,181.1701244813278
1,2026-05-07,LABORAL,16:00,121.0,115.87516112594399,150.59504132231405
1,2026-05-07,LABORAL,16:30,110.0,83.39427632908603,123.16460905349794
1,2026-05-07,LABORAL,17:00,30.0,50.4474329261308,73.51739130434783
1,2026-05-07,LABORAL,17:30,32.0,33.7639039850625,38.56164383561644
1,2026-05-08,LABORAL,04:30,128.0,104.11819797738153,123.00409836065573
1,2026-05-08,LABORAL,05:00,170.0,102.51105712562212,122.66666666666667
1,2026-05-08,LABORAL,05:30,43.0,117.69763083265295,142.74590163934425
1,2026-05-08,LABORAL,06:00,165.0,114.95481566981093,141.9344262295082
1,2026-05-08,LABORAL,06:30,106.0,123.73921508865844,133.31687242798353
1,2026-05-08,LABORAL,07:00,141.0,125.93873437180973,130.28395061728395
1,2026-05-08,LABORAL,07:30,97.0,118.17990264072844,136.19262295081967
1,2026-05-08,LABORAL,08:00,111.0,119.9401083652519,134.97119341563786
1,2026-05-08,LABORAL,08:30,156.0,114.94290892910428,136.43621399176953
1,2026-05-08,LABORAL,09:00,133.0,115.51034948311542,136.25102880658437
1,2026-05-08,LABORAL,09:30,71.0,101.37983020568939,121.01639344262296
1,2026-05-08,LABORAL,10:00,102.0,94.1423767349086,101.9139344262295
1,2026-05-08,LABORAL,10:30,85.0,90.60621820926207,95.4320987654321
1,2026-05-08,LABORAL,11:00,65.0,85.38144695758278,94.09426229508196
1,2026-05-08,LABORAL,11:30,101.0,93.22447440722827,100.86475409836065
1,2026-05-08,LABORAL,12:00,94.0,104.24083104364601,113.21399176954732
1,2026-05-08,LABORAL,12:30,151.0,112.65676224820126,134.02469135802468
1,2026-05-08,LABORAL,13:00,107.0,107.17002046994804,134.79098360655738
1,2026-05-08,LABORAL,13:30,191.0,107.42488408285409,143.4877049180328
1,2026-05-08,LABORAL,14:00,155.0,113.628954424654,150.0746887966805
1,2026-05-08,LABORAL,14:30,99.0,127.05518803295085,156.440329218107
1,2026-05-08,LABORAL,15:00,247.0,123.47980409438117,176.6844262295082
1,2026-05-08,LABORAL,15:30,88.0,123.70827186972237,181.0746887966805
1,2026-05-08,LABORAL,16:00,94.0,99.79317114535898,150.25619834710744
1,2026-05-08,LABORAL,16:30,50.0,78.958968330972,123.03292181069959
1,2026-05-08,LABORAL,17:00,79.0,45.5909936409531,73.10434782608695
1,2026-05-09,SABADO,04:30,49.0,81.92807695098594,80.09803921568627
1,2026-05-09,SABADO,05:00,69.0,73.93612323057386,64.09803921568627
1,2026-05-09,SABADO,05:30,87.0,93.64803007371964,98.0576923076923
1,2026-05-09,SABADO,06:00,124.0,79.21281991262498,96.9423076923077
1,2026-05-09,SABADO,06:30,77.0,93.93427358434006,111.42307692307692
1,2026-05-09,SABADO,07:00,149.0,92.88051756929897,103.82692307692308
1,2026-05-09,SABADO,07:30,54.0,87.1407404873706,103.86538461538461
1,2026-05-09,SABADO,08:00,114.0,92.30629167674616,103.40384615384616
1,2026-05-09,SABADO,08:30,115.0,89.74899528915475,101.86538461538461
1,2026-05-09,SABADO,09:00,101.0,82.48766787026055,100.38461538461539
1,2026-05-09,SABADO,09:30,109.0,68.45313001765729,91.3076923076923
1,2026-05-09,SABADO,10:00,116.0,76.34986630661126,89.57692307692308
1,2026-05-09,SABADO,10:30,49.0,83.44675973107914,96.58
1,2026-05-09,SABADO,11:00,89.0,77.16457810160662,94.51923076923077
1,2026-05-09,SABADO,11:30,106.0,77.7228000549211,83.68627450980392
1,2026-05-09,SABADO,12:00,45.0,81.07159430549336,94.65384615384616
1,2026-05-09,SABADO,12:30,25.0,78.84698668126454,95.0204081632653
1,2026-05-09,SABADO,13:00,116.0,69.19315887059653,75.2127659574468
1,2026-05-09,SABADO,13:30,52.0,84.63111446640022,80.16326530612245
1,2026-05-09,SABADO,14:00,59.0,81.62882668295214,80.71428571428571
1,2026-05-09,SABADO,14:30,44.0,106.88183468068549,71.1
1,2026-05-09,SABADO,15:00,46.0,82.50348211444668,75.1
1,2026-05-09,SABADO,15:30,35.0,95.76159179517529,67.24489795918367
1,2026-05-09,SABADO,16:00,19.0,73.73098383952691,57.208333333333336
1,2026-05-09,SABADO,17:00,46.0,40.51017622949851,41.44827586206897
1,2026-05-10,DOMINGO,07:00,45.0,27.91382774548501,34.25
1,2026-05-10,DOMINGO,08:00,27.0,27.541548339413893,36.54761904761905
1,2026-05-10,DOMINGO,09:00,28.0,32.06442005279183,41.166666666666664
1,2026-05-10,DOMINGO,09:30,62.0,33.00998359540699,35.25
1,2026-05-10,DOMINGO,10:00,25.0,29.815401720616123,34.8
1,2026-05-10,DOMINGO,10:30,30.0,29.241024892443974,34.725
1,2026-05-10,DOMINGO,11:30,39.0,26.530865428674787,36.84375
1,2026-05-10,DOMINGO,12:00,31.0,29.531415587775328,36.0
1,2026-05-10,DOMINGO,13:00,62.0,33.69909304452689,31.060606060606062
1,2026-05-10,DOMINGO,14:30,23.0,28.785107205800884,37.96969696969697
1,2026-05-11,LABORAL,04:30,97.0,120.96999813080438,122.81967213114754
1,2026-05-11,LABORAL,05:00,109.0,111.77266388687542,122.90123456790124
1,2026-05-11,LABORAL,05:30,86.0,124.61614442807372,142.14344262295083
1,2026-05-11,LABORAL,06:00,106.0,139.39405551770926,142.06147540983608
1,2026-05-11,LABORAL,06:30,103.0,129.25115663290748,133.19753086419752
1,2026-05-11,LABORAL,07:00,102.0,124.16475362698688,130.07407407407408
1,2026-05-11,LABORAL,07:30,191.0,138.88016610474133,135.9795081967213
1,2026-05-11,LABORAL,08:00,96.0,112.45405104510073,134.84773662551441
1,2026-05-11,LABORAL,08:30,127.0,137.80325673718062,136.37860082304528
1,2026-05-11,LABORAL,09:00,144.0,127.9862205620039,136.36625514403292
1,2026-05-11,LABORAL,09:30,70.0,105.48290822813776,120.63524590163935
1,2026-05-11,LABORAL,10:00,107.0,102.10870325487451,101.95901639344262
1,2026-05-11,LABORAL,10:30,105.0,88.54182620507507,95.10699588477367
1,2026-05-11,LABORAL,11:00,39.0,96.99978735058716,93.96311475409836
1,2026-05-11,LABORAL,11:30,87.0,101.1707619373661,100.84016393442623
1,2026-05-11,LABORAL,12:00,43.0,121.52398543468746,113.15637860082305
1,2026-05-11,LABORAL,12:30,124.0,107.43071237670313,133.9917695473251
1,2026-05-11,LABORAL,13:00,98.0,119.06147029219053,134.66803278688525
1,2026-05-11,LABORAL,13:30,116.0,160.72893001976738,143.51639344262296
1,2026-05-11,LABORAL,14:00,211.0,139.25529049295278,150.16597510373444
1,2026-05-11,LABORAL,14:30,40.0,111.98330460624209,155.76954732510288
1,2026-05-11,LABORAL,15:00,163.0,186.6065152653226,176.94262295081967
1,2026-05-11,LABORAL,15:30,170.0,144.37319006908473,180.45228215767634
1,2026-05-11,LABORAL,16:00,82.0,159.99818115152348,150.1198347107438
1,2026-05-11,LABORAL,16:30,100.0,86.95930011286477,122.39094650205762
1,2026-05-11,LABORAL,17:00,29.0,80.05796155975789,73.02608695652174
1,2026-05-12,LABORAL,04:30,128.0,110.33970346232974,122.6311475409836
1,2026-05-12,LABORAL,05:00,135.0,121.63924793369186,122.88477366255144
1,2026-05-12,LABORAL,05:30,137.0,133.73277404776235,141.7295081967213
1,2026-05-12,LABORAL,06:00,139.0,134.0533423423533,141.64344262295083
1,2026-05-12,LABORAL,06:30,138.0,131.5638051043104,133.11111111111111
1,2026-05-12,LABORAL,07:00,113.0,131.23063318085994,129.87654320987653
1,2026-05-12,LABORAL,07:30,153.0,131.19903726336076,136.1762295081967
1,2026-05-12,LABORAL,08:00,147.0,135.13873395323986,134.53086419753086
1,2026-05-12,LABORAL,08:30,59.0,125.89974029507943,136.34156378600824
1,2026-05-12,LABORAL,09:00,103.0,132.80786790748365,136.45679012345678
1,2026-05-12,LABORAL,09:30,148.0,108.17502862670582,120.47540983606558
1,2026-05-12,LABORAL,10:00,96.0,93.80834796551267,101.93032786885246
1,2026-05-12,LABORAL,10:30,77.0,94.86258893869689,95.06584362139918
1,2026-05-12,LABORAL,11:00,99.0,84.85484181738151,93.7172131147541
1,2026-05-12,LABORAL,11:30,112.0,97.77944319709445,100.90573770491804
1,2026-05-12,LABORAL,12:00,91.0,100.76888122038966,112.75720164609054
1,2026-05-12,LABORAL,12:30,93.0,126.52436679363808,133.6378600823045
1,2026-05-12,LABORAL,13:00,155.0,126.81974519958013,134.59426229508196
1,2026-05-12,LABORAL,13:30,91.0,132.73312721988216,143.40983606557376
1,2026-05-12,LABORAL,14:00,118.0,134.81549397986788,150.0331950207469
1,2026-05-12,LABORAL,14:30,193.0,143.87024443755072,155.5514403292181
1,2026-05-12,LABORAL,15:00,169.0,159.41311154976535,176.7377049180328
1,2026-05-12,LABORAL,15:30,137.0,166.36466183739333,180.43983402489627
1,2026-05-12,LABORAL,16:00,91.0,136.1231402116197,149.62809917355372
1,2026-05-12,LABORAL,16:30,45.0,105.93963285895134,122.30864197530865
1,2026-05-12,LABORAL,17:00,61.0,56.463601437057655,72.60434782608695
1,2026-05-13,LABORAL,04:30,63.0,112.7006764065997,122.55327868852459
1,2026-05-13,LABORAL,05:00,145.0,123.21345888839117,122.80658436213992
1,2026-05-13,LABORAL,05:30,93.0,135.41843838619684,141.63524590163934
1,2026-05-13,LABORAL,06:00,96.0,131.9159188594671,141.61475409836066
1,2026-05-13,LABORAL,06:30,183.0,134.49273493849216,133.06584362139918
1,2026-05-13,LABORAL,07:00,76.0,135.10703168769703,129.84362139917695
1,2026-05-13,LABORAL,07:30,173.0,128.72618182169234,135.98360655737704
1,2026-05-13,LABORAL,08:00,93.0,132.3533918248712,134.60493827160494
1,2026-05-13,LABORAL,08:30,150.0,123.49458084172214,135.88477366255145
1,2026-05-13,LABORAL,09:00,56.0,131.15429735643923,136.2962962962963
1,2026-05-13,LABORAL,09:30,119.0,108.66136706880559,120.36065573770492
1,2026-05-13,LABORAL,10:00,118.0,94.7857752399281,102.01229508196721
1,2026-05-13,LABORAL,10:30,62.0,89.69889100733319,94.83539094650206
1,2026-05-13,LABORAL,11:00,175.0,83.8377791183424,93.55737704918033
1,2026-05-13,LABORAL,11:30,63.0,97.02565203222372,100.9139344262295
1,2026-05-13,LABORAL,12:00,124.0,100.55873714208224,112.95473251028807
1,2026-05-13,LABORAL,12:30,73.0,126.02591694865879,133.41152263374485
1,2026-05-13,LABORAL,13:00,127.0,127.0925205874187,134.55737704918033
1,2026-05-13,LABORAL,13:30,141.0,131.92653705873704,143.15573770491804
1,2026-05-13,LABORAL,14:00,126.0,134.65869439537272,149.83817427385893
1,2026-05-13,LABORAL,14:30,180.0,150.9154114940036,155.56378600823047
1,2026-05-13,LABORAL,15:00,130.0,161.5568067172345,176.52868852459017
1,2026-05-13,LABORAL,15:30,214.0,163.6239255651824,180.1908713692946
1,2026-05-13,LABORAL,16:00,130.0,137.20181780791796,149.06198347107437
1,2026-05-13,LABORAL,16:30,69.0,106.19068683354546,122.07818930041152
1,2026-05-13,LABORAL,17:00,40.0,53.14071333664059,72.35217391304347
1,2026-05-14,LABORAL,04:30,88.0,120.84169325080767,122.01639344262296
1,2026-05-14,LABORAL,05:00,85.0,123.9890671965341,123.0082304526749
1,2026-05-14,LABORAL,05:30,201.0,140.8341647011762,141.40573770491804
1,2026-05-14,LABORAL,06:00,138.0,131.6384638760232,141.0860655737705
1,2026-05-14,LABORAL,06:30,72.0,133.71402275093513,133.30041152263374
1,2026-05-14,LABORAL,07:00,146.0,136.77276565012352,129.60493827160494
1,2026-05-14,LABORAL,07:30,105.0,131.76614163773002,136.04508196721312
1,2026-05-14,LABORAL,08:00,137.0,134.23140000253605,134.37037037037038
1,2026-05-14,LABORAL,08:30,124.0,126.08765434894391,136.0164609053498
1,2026-05-14,LABORAL,09:00,83.0,133.01240666889035,135.6954732510288
1,2026-05-14,LABORAL,09:30,113.0,116.26134024649292,120.33196721311475
1,2026-05-14,LABORAL,10:00,105.0,96.89912425160074,102.11065573770492
1,2026-05-14,LABORAL,10:30,105.0,91.34767789625744,94.53909465020575
1,2026-05-14,LABORAL,11:00,66.0,85.36436582314208,93.8811475409836
1,2026-05-14,LABORAL,11:30,101.0,95.29567265077846,100.60655737704919
1,2026-05-14,LABORAL,12:00,96.0,107.88254939863296,113.03703703703704
1,2026-05-14,LABORAL,12:30,116.0,130.01680276998798,133.09465020576133
1,2026-05-14,LABORAL,13:00,126.0,128.8158408187982,134.55737704918033
1,2026-05-14,LABORAL,13:30,127.0,132.9975673092925,142.68852459016392
1,2026-05-14,LABORAL,14:00,135.0,143.1552555506369,149.99585062240664
1,2026-05-14,LABORAL,14:30,151.0,157.63618171954155,155.6172839506173
1,2026-05-14,LABORAL,15:00,180.0,173.28782522601753,176.0655737704918
1,2026-05-14,LABORAL,15:30,121.0,171.36355720042405,180.23651452282158
1,2026-05-14,LABORAL,16:00,124.0,137.06627254599806,148.8512396694215
1,2026-05-14,LABORAL,16:30,82.0,115.1749234444489,121.78189300411523
1,2026-05-14,LABORAL,17:00,43.0,53.844902411782336,72.2695652173913
1,2026-05-14,LABORAL,17:30,5.0,27.338231104393145,38.429577464788736
1,2026-05-15,LABORAL,04:30,147.0,107.05657230146404,121.56967213114754
1,2026-05-15,LABORAL,05:00,89.0,104.10009303212769,122.77777777777777
1,2026-05-15,LABORAL,05:30,116.0,121.92473098620495,141.70081967213116
1,2026-05-15,LABORAL,06:00,137.0,118.35584898868122,140.95081967213116
1,2026-05-15,LABORAL,06:30,86.0,124.7920414731573,133.07407407407408
1,2026-05-15,LABORAL,07:00,183.0,126.9599127276653,129.65020576131687
1,2026-05-15,LABORAL,07:30,120.0,121.58450497193186,135.94672131147541
1,2026-05-15,LABORAL,08:00,112.0,119.89581870551172,134.1851851851852
1,2026-05-15,LABORAL,08:30,84.0,115.94437598990378,136.09876543209876
1,2026-05-15,LABORAL,09:00,136.0,118.7491739289953,135.21810699588477
1,2026-05-15,LABORAL,09:30,98.0,102.79426731077893,120.37704918032787
1,2026-05-15,LABORAL,10:00,90.0,95.4784179050657,102.00409836065573
1,2026-05-15,LABORAL,10:30,116.0,90.11547207785361,94.59670781893004
1,2026-05-15,LABORAL,11:00,55.0,85.51618755696168,93.72131147540983
1,2026-05-15,LABORAL,11:30,151.0,92.60671048095564,100.43852459016394
1,2026-05-15,LABORAL,12:00,117.0,103.41174700421847,112.95884773662551
1,2026-05-15,LABORAL,12:30,87.0,113.49554813383892,132.880658436214
1,2026-05-15,LABORAL,13:00,122.0,108.9668011621068,134.52868852459017
1,2026-05-15,LABORAL,13:30,93.0,110.80126086695459,142.827868852459
1,2026-05-15,LABORAL,14:00,218.0,116.79098929801552,149.91286307053943
1,2026-05-15,LABORAL,14:30,100.0,132.40739952150383,155.45679012345678
1,2026-05-15,LABORAL,15:00,161.0,134.96771711687597,176.36475409836066
1,2026-05-15,LABORAL,15:30,160.0,129.2871422228588,179.79253112033194
1,2026-05-15,LABORAL,16:00,163.0,105.03127843213787,148.41735537190084
1,2026-05-15,LABORAL,16:30,126.0,85.22778787849491,121.35802469135803
1,2026-05-15,LABORAL,17:00,80.0,46.642109683412826,72.15217391304348
1,2026-05-16,SABADO,04:30,26.0,81.73491642316716,78.7843137254902
1,2026-05-16,SABADO,05:00,103.0,74.25108340095946,63.94117647058823
1,2026-05-16,SABADO,05:30,81.0,95.95251471250502,97.51923076923077
1,2026-05-16,SABADO,06:00,33.0,88.32961724071895,97.75
1,2026-05-16,SABADO,06:30,120.0,106.2846209595878,109.5576923076923
1,2026-05-16,SABADO,07:00,145.0,105.41128030312896,104.34615384615384
1,2026-05-16,SABADO,07:30,128.0,101.36156357942599,102.98076923076923
1,2026-05-16,SABADO,08:00,77.0,104.69140206360274,102.78846153846153
1,2026-05-16,SABADO,08:30,108.0,97.1341718103204,101.84615384615384
1,2026-05-16,SABADO,09:00,113.0,94.84151307116355,99.63461538461539
1,2026-05-16,SABADO,09:30,85.0,83.37690906997057,91.17307692307692
1,2026-05-16,SABADO,10:00,83.0,86.61414487674739,88.51923076923077
1,2026-05-16,SABADO,10:30,90.0,89.84899529620785,95.5
1,2026-05-16,SABADO,11:00,100.0,82.36399562858202,94.1923076923077
1,2026-05-16,SABADO,11:30,103.0,83.39686044317007,83.74509803921569
1,2026-05-16,SABADO,12:00,118.0,92.39765455992598,93.46153846153847
1,2026-05-16,SABADO,12:30,110.0,90.7355700372949,93.61224489795919
1,2026-05-16,SABADO,13:00,35.0,75.9953335448055,75.42553191489361
1,2026-05-16,SABADO,13:30,48.0,78.20931081218964,79.18367346938776
1,2026-05-16,SABADO,14:00,25.0,86.77491619303674,80.0
1,2026-05-16,SABADO,14:30,147.0,91.62766226922959,70.2
1,2026-05-16,SABADO,15:00,42.0,76.99299376829141,74.42
1,2026-05-16,SABADO,15:30,39.0,80.67951119818643,65.59183673469387
1,2026-05-16,SABADO,16:00,45.0,62.52313642887265,57.083333333333336
1,2026-05-16,SABADO,17:00,1.0,42.540069625285156,40.37931034482759
1,2026-05-17,DOMINGO,07:00,20.0,28.385764353802386,34.45
1,2026-05-17,DOMINGO,07:30,40.0,26.23552327007333,32.13333333333333
1,2026-05-17,DOMINGO,08:00,16.0,30.28696910103318,36.166666666666664
1,2026-05-17,DOMINGO,08:30,59.0,34.57374550687044,43.86046511627907
1,2026-05-17,DOMINGO,10:30,24.0,32.03602350283717,34.8
1,2026-05-17,DOMINGO,11:30,38.0,35.06893706990344,36.71875
1,2026-05-17,DOMINGO,12:00,26.0,28.6203888360848,35.92307692307692
1,2026-05-17,DOMINGO,16:00,27.0,33.41640300407708,33.72727272727273
1,2026-05-18,FESTIVO_PUENTE,06:30,34.0,89.62785729615992,35.5
1,2026-05-18,FESTIVO_PUENTE,07:00,54.0,89.04237797450322,27.25
1,2026-05-18,FESTIVO_PUENTE,08:00,26.0,101.83666972442585,22.0
1,2026-05-18,FESTIVO_PUENTE,08:30,20.0,116.03383744883479,28.555555555555557
1,2026-05-18,FESTIVO_PUENTE,09:00,21.0,115.1884669357747,22.2
1,2026-05-18,FESTIVO_PUENTE,09:30,41.0,114.24239178628818,35.666666666666664
1,2026-05-18,FESTIVO_PUENTE,10:30,16.0,113.08754385240294,34.0
1,2026-05-18,FESTIVO_PUENTE,11:00,12.0,111.33684416819423,25.11111111111111
1,2026-05-18,FESTIVO_PUENTE,11:30,46.0,117.73185493990803,28.25
1,2026-05-18,FESTIVO_PUENTE,12:00,17.0,115.27377417218243,24.5
1,2026-05-18,FESTIVO_PUENTE,13:00,23.0,82.43450805351186,34.5
1,2026-05-18,FESTIVO_PUENTE,14:00,26.0,84.56948132193982,45.166666666666664
1,2026-05-18,FESTIVO_PUENTE,16:30,36.0,77.69372846580262,28.333333333333332
1,2026-05-19,LABORAL,04:30,82.0,123.36658741461815,121.19341563786008
1,2026-05-19,LABORAL,05:00,135.0,92.50023723284082,122.92561983471074
1,2026-05-19,LABORAL,05:30,156.0,163.99132318025593,141.3827160493827
1,2026-05-19,LABORAL,06:00,133.0,95.66430820442373,140.6172839506173
1,2026-05-19,LABORAL,06:30,155.0,141.1110387409364,132.58677685950414
1,2026-05-19,LABORAL,07:00,125.0,161.57904369833312,129.8099173553719
1,2026-05-19,LABORAL,07:30,122.0,132.7790020148671,135.75720164609052
1,2026-05-19,LABORAL,08:00,124.0,190.8046895018356,134.1404958677686
1,2026-05-19,LABORAL,08:30,130.0,108.32735809932424,135.4793388429752
1,2026-05-19,LABORAL,09:00,156.0,142.10873948274116,135.22727272727272
1,2026-05-19,LABORAL,09:30,125.0,153.17750475776015,120.07407407407408
1,2026-05-19,LABORAL,10:00,71.0,88.67521484711705,102.0
1,2026-05-19,LABORAL,10:30,146.0,84.30608172487027,94.40082644628099
1,2026-05-19,LABORAL,11:00,42.0,86.7746208590711,93.36625514403292
1,2026-05-19,LABORAL,11:30,184.0,103.42288126351517,100.68312757201646
1,2026-05-19,LABORAL,12:00,77.0,109.91937938629982,113.11157024793388
1,2026-05-19,LABORAL,12:30,131.0,174.63875222206647,132.23140495867767
1,2026-05-19,LABORAL,13:00,91.0,111.63199541592427,134.7283950617284
1,2026-05-19,LABORAL,13:30,153.0,152.50621162301206,142.20164609053498
1,2026-05-19,LABORAL,14:00,118.0,160.12829882545574,150.18333333333334
1,2026-05-19,LABORAL,14:30,158.0,153.67849457801236,155.08677685950414
1,2026-05-19,LABORAL,15:00,155.0,165.20310729200207,176.44444444444446
1,2026-05-19,LABORAL,15:30,122.0,127.94342488686983,179.325
1,2026-05-19,LABORAL,16:00,222.0,138.1738359222846,148.37759336099586
1,2026-05-19,LABORAL,16:30,143.0,89.43629406395468,121.13636363636364
1,2026-05-19,LABORAL,17:00,48.0,54.5201802078761,71.8471615720524
1,2026-05-20,LABORAL,04:30,82.0,113.6478041899751,120.93004115226337
1,2026-05-20,LABORAL,05:00,128.0,120.18057668431526,122.93388429752066
1,2026-05-20,LABORAL,05:30,88.0,130.07274954796767,141.08641975308643
1,2026-05-20,LABORAL,06:00,137.0,114.619053695671,140.320987654321
1,2026-05-20,LABORAL,06:30,145.0,123.56033212988535,132.65289256198346
1,2026-05-20,LABORAL,07:00,130.0,133.76076362171952,129.84710743801654
1,2026-05-20,LABORAL,07:30,101.0,130.14552740392222,135.7037037037037
1,2026-05-20,LABORAL,08:00,58.0,135.29861913881024,134.06611570247935
1,2026-05-20,LABORAL,08:30,185.0,113.97977093490452,135.0
1,2026-05-20,LABORAL,09:00,91.0,130.7237280192496,135.20247933884298
1,2026-05-20,LABORAL,09:30,104.0,118.37906273782899,119.8641975308642
1,2026-05-20,LABORAL,10:00,191.0,84.24976066702997,101.7448559670782
1,2026-05-20,LABORAL,10:30,67.0,99.80531451688972,94.49586776859505
1,2026-05-20,LABORAL,11:00,66.0,84.73858306309059,93.15637860082305
1,2026-05-20,LABORAL,11:30,92.0,93.5745226007328,100.95061728395062
1,2026-05-20,LABORAL,12:00,82.0,95.43206533056826,112.6694214876033
1,2026-05-20,LABORAL,12:30,104.0,136.11415191772295,131.99586776859505
1,2026-05-20,LABORAL,13:00,47.0,117.35871713440075,134.4238683127572
1,2026-05-20,LABORAL,13:30,178.0,116.5479233823261,142.20987654320987
1,2026-05-20,LABORAL,14:00,117.0,139.59453162449847,149.95
1,2026-05-20,LABORAL,14:30,130.0,153.6494513425575,155.099173553719
1,2026-05-20,LABORAL,15:00,270.0,153.13064317316153,176.40740740740742
1,2026-05-20,LABORAL,15:30,180.0,161.24935542967427,178.4
1,2026-05-20,LABORAL,16:00,104.0,135.32933350899967,148.47302904564316
1,2026-05-20,LABORAL,16:30,71.0,105.50954059552681,121.14049586776859
1,2026-05-20,LABORAL,17:00,95.0,57.963874544224474,71.73362445414847
1,2026-05-23,SABADO,04:30,94.0,83.38730860912108,76.96078431372548
1,2026-05-23,SABADO,05:00,32.0,68.52154686778172,65.29411764705883
1,2026-05-23,SABADO,05:30,145.0,95.11548437026195,97.1923076923077
1,2026-05-23,SABADO,06:00,78.0,103.86006499180628,95.82692307692308
1,2026-05-23,SABADO,06:30,148.0,120.69767524094232,110.38461538461539
1,2026-05-23,SABADO,07:00,66.0,116.7336560257333,104.90384615384616
1,2026-05-23,SABADO,07:30,119.0,93.58165792239282,104.26923076923077
1,2026-05-23,SABADO,08:00,70.0,115.00584137158282,102.23076923076923
1,2026-05-23,SABADO,08:30,76.0,108.81158594915415,101.21153846153847
1,2026-05-23,SABADO,09:00,82.0,98.96023399612929,99.92307692307692
1,2026-05-23,SABADO,09:30,98.0,80.23555550303477,90.82692307692308
1,2026-05-23,SABADO,10:00,52.0,91.03007049682805,88.5576923076923
1,2026-05-23,SABADO,10:30,44.0,102.10431940084024,94.74
1,2026-05-23,SABADO,11:00,129.0,81.74037472133915,95.0
1,2026-05-23,SABADO,11:30,50.0,81.59660276543697,83.74509803921569
1,2026-05-23,SABADO,12:00,84.0,89.93472524326597,93.42307692307692
1,2026-05-23,SABADO,12:30,110.0,97.51616281612823,92.38775510204081
1,2026-05-23,SABADO,13:00,79.0,71.63260054140628,74.42553191489361
1,2026-05-23,SABADO,14:00,85.0,81.30587950529244,78.28571428571429
1,2026-05-23,SABADO,15:00,89.0,80.18955401191668,72.96
1,2026-05-23,SABADO,15:30,47.0,79.84151442847994,65.51020408163265
1,2026-05-23,SABADO,16:00,24.0,80.53479476249213,56.791666666666664
1,2026-05-23,SABADO,16:30,38.0,60.11145664834502,63.205128205128204
1,2026-05-24,DOMINGO,08:00,28.0,36.57511798437068,35.833333333333336
1,2026-05-24,DOMINGO,08:30,26.0,27.573210705258873,44.627906976744185
1,2026-05-24,DOMINGO,09:00,44.0,36.864849240166606,39.8
1,2026-05-24,DOMINGO,10:00,35.0,30.19707313769635,34.8
1,2026-05-24,DOMINGO,11:00,27.0,37.647857286686005,37.44444444444444
1,2026-05-24,DOMINGO,12:00,10.0,40.243761651665906,35.92307692307692
1,2026-05-24,DOMINGO,12:30,35.0,31.9453285951805,37.22222222222222
1,2026-05-24,DOMINGO,13:30,32.0,34.703076942661355,29.91176470588235
1,2026-05-24,DOMINGO,14:00,16.0,36.14317809068679,32.96969696969697
1,2026-05-24,DOMINGO,15:00,25.0,26.42954924170712,35.03225806451613
1,2026-05-24,DOMINGO,15:30,21.0,24.705941606443474,36.857142857142854
1,2026-05-24,DOMINGO,16:30,32.0,35.99372711359898,32.2
1,2026-05-25,LABORAL,04:30,54.0,121.9090669071142,120.01652892561984
1,2026-05-25,LABORAL,05:00,152.0,107.6347406944135,122.6804979253112
1,2026-05-25,LABORAL,05:30,114.0,141.67308331441086,140.53719008264463
1,2026-05-25,LABORAL,06:00,128.0,130.53409425122257,140.02479338842974
1,2026-05-25,LABORAL,06:30,124.0,149.28390941366825,132.5767634854772
1,2026-05-25,LABORAL,07:00,145.0,143.3954269234826,129.5311203319502
1,2026-05-25,LABORAL,07:30,66.0,128.63778391991661,135.4090909090909
1,2026-05-25,LABORAL,08:00,144.0,158.32062631533194,133.54771784232366
1,2026-05-25,LABORAL,08:30,210.0,113.73645791576357,135.09958506224066
1,2026-05-25,LABORAL,09:00,176.0,129.6135640112294,134.58091286307055
1,2026-05-25,LABORAL,09:30,50.0,122.58044254957383,119.72727272727273
1,2026-05-25,LABORAL,10:00,71.0,95.99593451507741,101.75206611570248
1,2026-05-25,LABORAL,10:30,110.0,94.61828933145324,94.08713692946058
1,2026-05-25,LABORAL,11:00,74.0,77.1606859411329,93.03305785123968
1,2026-05-25,LABORAL,11:30,72.0,96.74852814599903,100.6198347107438
1,2026-05-25,LABORAL,12:00,122.0,110.03377125327849,112.44813278008299
1,2026-05-25,LABORAL,12:30,120.0,122.82169421088845,131.6597510373444
1,2026-05-25,LABORAL,13:00,82.0,111.98279204809816,134.1694214876033
1,2026-05-25,LABORAL,13:30,114.0,150.8413503241732,141.98760330578511
1,2026-05-25,LABORAL,14:00,158.0,143.59533507313438,149.89121338912133
1,2026-05-25,LABORAL,14:30,134.0,162.40823546322648,154.71784232365144
1,2026-05-25,LABORAL,15:00,177.0,175.71761591312958,176.24380165289256
1,2026-05-25,LABORAL,15:30,164.0,156.01382365060562,178.6234309623431
1,2026-05-25,LABORAL,16:00,68.0,131.5162406839984,147.72083333333333
1,2026-05-25,LABORAL,16:30,138.0,108.00034929926532,121.04979253112033
1,2026-05-25,LABORAL,17:00,92.0,45.19886770074736,71.05701754385964
1,2026-05-25,LABORAL,17:30,29.0,22.843318248923552,37.97080291970803
1,2026-05-26,LABORAL,04:30,154.0,64.97035600293782,119.65289256198348
1,2026-05-26,LABORAL,05:00,112.0,121.10636179461126,122.65145228215768
1,2026-05-26,LABORAL,05:30,153.0,129.87248700184483,140.43801652892563
1,2026-05-26,LABORAL,06:00,69.0,110.77207126322635,139.64462809917356
1,2026-05-26,LABORAL,06:30,152.0,113.20584214845728,132.71784232365144
1,2026-05-26,LABORAL,07:00,149.0,127.24111006292434,129.52697095435684
1,2026-05-26,LABORAL,07:30,137.0,119.56808672882782,135.03305785123968
1,2026-05-26,LABORAL,08:00,110.0,146.80179105389436,133.50207468879668
1,2026-05-26,LABORAL,08:30,108.0,130.35624112836092,135.48547717842322
1,2026-05-26,LABORAL,09:00,151.0,129.40572895057318,134.5311203319502
1,2026-05-26,LABORAL,09:30,83.0,125.56594047788224,119.50826446280992
1,2026-05-26,LABORAL,10:00,91.0,83.42851744325075,101.56611570247934
1,2026-05-26,LABORAL,10:30,80.0,85.51424032990579,94.17427385892117
1,2026-05-26,LABORAL,11:00,119.0,89.23427160020505,92.80578512396694
1,2026-05-26,LABORAL,11:30,101.0,79.83793882805418,100.60330578512396
1,2026-05-26,LABORAL,12:00,106.0,67.56568964914007,112.4896265560166
1,2026-05-26,LABORAL,12:30,89.0,138.56439444449308,131.5311203319502
1,2026-05-26,LABORAL,13:00,157.0,134.61351315827696,133.9090909090909
1,2026-05-26,LABORAL,13:30,171.0,103.24969428203097,141.80165289256198
1,2026-05-26,LABORAL,14:00,50.0,140.59400517321973,149.88702928870293
1,2026-05-26,LABORAL,14:30,214.0,142.01606663198564,154.66390041493776
1,2026-05-26,LABORAL,15:00,129.0,104.87408828844927,176.28099173553719
1,2026-05-26,LABORAL,15:30,138.0,137.15446093304843,178.163179916318
1,2026-05-26,LABORAL,16:00,148.0,126.46871298725489,147.24583333333334
1,2026-05-26,LABORAL,16:30,78.0,85.38869222099038,121.05809128630706
1,2026-05-26,LABORAL,17:00,117.0,43.37088043907397,70.98245614035088
1,2026-05-27,LABORAL,04:30,122.0,102.25040569375295,119.63636363636364
1,2026-05-27,LABORAL,05:00,130.0,119.58805272649755,122.51452282157676
1,2026-05-27,LABORAL,05:30,87.0,129.13425523573332,140.3099173553719
1,2026-05-27,LABORAL,06:00,175.0,121.8387242966433,139.02892561983472
1,2026-05-27,LABORAL,06:30,92.0,126.62108013872572,132.84647302904565
1,2026-05-27,LABORAL,07:00,58.0,131.73678161497782,129.44398340248964
1,2026-05-27,LABORAL,07:30,194.0,125.89351034446126,134.7479338842975
1,2026-05-27,LABORAL,08:00,130.0,133.2964850547509,133.38589211618256
1,2026-05-27,LABORAL,08:30,80.0,116.75339498985073,135.23651452282158
1,2026-05-27,LABORAL,09:00,156.0,127.60253017909164,134.746887966805
1,2026-05-27,LABORAL,09:30,108.0,117.0384572357643,119.12396694214875
1,2026-05-27,LABORAL,10:00,39.0,92.42683942762898,101.74793388429752
1,2026-05-27,LABORAL,10:30,74.0,91.91223147451832,93.9460580912863
1,2026-05-27,LABORAL,11:00,108.0,82.6429336613604,92.88842975206612
1,2026-05-27,LABORAL,11:30,59.0,91.74284980629281,100.5909090909091
1,2026-05-27,LABORAL,12:00,155.0,92.05959862655018,112.4149377593361
1,2026-05-27,LABORAL,12:30,101.0,128.42604917575255,131.23651452282158
1,2026-05-27,LABORAL,13:00,112.0,119.50958000838673,133.900826446281
1,2026-05-27,LABORAL,14:00,222.0,122.49624768900455,149.33891213389123
1,2026-05-27,LABORAL,14:30,143.0,132.1392798557294,154.6390041493776
1,2026-05-27,LABORAL,15:00,168.0,154.53601871197748,176.15702479338842
1,2026-05-27,LABORAL,15:30,143.0,151.48333808683276,177.86610878661088
1,2026-05-27,LABORAL,16:00,130.0,155.7847394491588,146.95416666666668
1,2026-05-27,LABORAL,16:30,34.0,133.20102865609616,120.88796680497926
1,2026-05-27,LABORAL,17:00,84.0,105.84674850534653,71.14912280701755
1,2026-05-28,LABORAL,04:30,101.0,100.21490702162684,119.58264462809917
1,2026-05-28,LABORAL,05:00,62.0,109.77004800571571,122.61410788381743
1,2026-05-28,LABORAL,05:30,193.0,122.15047335862423,140.10743801652893
1,2026-05-28,LABORAL,06:00,136.0,119.36482090009008,138.9793388429752
1,2026-05-28,LABORAL,06:30,145.0,129.64333433904076,132.72614107883817
1,2026-05-28,LABORAL,07:00,111.0,121.38421115136968,129.2780082987552
1,2026-05-28,LABORAL,07:30,134.0,124.89307001256523,134.91322314049586
1,2026-05-28,LABORAL,08:00,108.0,121.29037556323395,133.551867219917
1,2026-05-28,LABORAL,08:30,125.0,115.31398728461849,135.07883817427387
1,2026-05-28,LABORAL,09:00,88.0,124.86923229668162,134.95020746887965
1,2026-05-28,LABORAL,09:30,116.0,96.76100869086409,119.28512396694215
1,2026-05-28,LABORAL,10:00,38.0,101.39418305509294,101.4504132231405
1,2026-05-28,LABORAL,10:30,120.0,83.57198410052628,93.84232365145228
1,2026-05-28,LABORAL,11:00,103.0,81.6503228315286,93.10743801652893
1,2026-05-28,LABORAL,11:30,74.0,89.96224433800136,100.59504132231405
1,2026-05-28,LABORAL,12:00,132.0,106.82248758571356,112.80912863070539
1,2026-05-28,LABORAL,12:30,143.0,108.85856539615895,131.3278008298755
1,2026-05-28,LABORAL,13:00,73.0,124.56729993394666,133.89669421487602
1,2026-05-28,LABORAL,13:30,200.0,129.07717720261167,141.97095435684648
1,2026-05-28,LABORAL,14:00,100.0,125.73465239877022,149.5439330543933
1,2026-05-28,LABORAL,14:30,94.0,164.66853419185617,154.77178423236515
1,2026-05-28,LABORAL,15:00,178.0,155.95520131504853,176.36776859504133
1,2026-05-28,LABORAL,15:30,103.0,146.83750816925448,177.81171548117155
1,2026-05-28,LABORAL,16:00,149.0,125.3553640492564,147.17083333333332
1,2026-05-28,LABORAL,16:30,47.0,94.81092305371376,120.58091286307054
1,2026-05-28,LABORAL,17:00,47.0,57.906610551049496,71.23245614035088
1,2026-05-29,LABORAL,04:30,129.0,101.29387217530072,119.4297520661157
1,2026-05-29,LABORAL,05:00,79.0,99.21140109047212,122.27800829875518
1,2026-05-29,LABORAL,05:30,120.0,119.1492878465625,140.29338842975207
1,2026-05-29,LABORAL,06:00,134.0,117.4478608873542,139.03305785123968
1,2026-05-29,LABORAL,06:30,109.0,125.91614799814313,132.76763485477179
1,2026-05-29,LABORAL,07:00,155.0,122.2662037569222,129.13692946058092
1,2026-05-29,LABORAL,07:30,107.0,116.6424716681461,135.02479338842974
1,2026-05-29,LABORAL,08:00,122.0,128.22603024945116,133.56016597510373
1,2026-05-29,LABORAL,08:30,142.0,111.1596362676023,135.149377593361
1,2026-05-29,LABORAL,09:00,81.0,119.36608643441882,135.09958506224066
1,2026-05-29,LABORAL,09:30,153.0,93.87904781918526,119.28512396694215
1,2026-05-29,LABORAL,10:00,90.0,101.66185490703836,101.2107438016529
1,2026-05-29,LABORAL,10:30,65.0,86.98363114147054,94.10788381742739
1,2026-05-29,LABORAL,11:00,95.0,82.44141925331311,93.26446280991736
1,2026-05-29,LABORAL,11:30,99.0,93.34830123194669,100.47107438016529
1,2026-05-29,LABORAL,12:00,59.0,100.58893889571802,113.03319502074689
1,2026-05-29,LABORAL,12:30,136.0,97.3273224759854,131.4813278008299
1,2026-05-29,LABORAL,13:00,184.0,113.12129200823148,133.8099173553719
1,2026-05-29,LABORAL,13:30,76.0,112.75061161862025,142.31950207468878
1,2026-05-29,LABORAL,14:00,109.0,109.39202305585903,149.33891213389123
1,2026-05-29,LABORAL,14:30,175.0,145.15819158356902,154.6721991701245
1,2026-05-29,LABORAL,15:00,141.0,138.6928706365578,176.7396694214876
1,2026-05-29,LABORAL,15:30,164.0,128.9728294849843,177.5857740585774
1,2026-05-29,LABORAL,16:00,131.0,103.4899307950998,146.89583333333334
1,2026-05-29,LABORAL,16:30,74.0,85.03555546195346,120.30705394190872
1,2026-05-29,LABORAL,17:00,58.0,50.01045514200794,71.0219298245614
1,2026-05-30,SABADO,04:30,46.0,63.78152216938287,76.72549019607843
1,2026-05-30,SABADO,05:00,45.0,59.99330486549165,64.68627450980392
1,2026-05-30,SABADO,05:30,107.0,85.23899976288017,97.3076923076923
1,2026-05-30,SABADO,06:00,105.0,88.38453605677621,95.53846153846153
1,2026-05-30,SABADO,06:30,93.0,103.4856715420329,109.98076923076923
1,2026-05-30,SABADO,07:00,82.0,102.27436107066363,103.65384615384616
1,2026-05-30,SABADO,07:30,87.0,88.6490855377569,104.23076923076923
1,2026-05-30,SABADO,08:00,80.0,110.16092952882278,101.71153846153847
1,2026-05-30,SABADO,08:30,120.0,92.46541442990927,99.88461538461539
1,2026-05-30,SABADO,09:00,84.0,90.24462719278904,99.90384615384616
1,2026-05-30,SABADO,09:30,75.0,79.87461193299187,91.6923076923077
1,2026-05-30,SABADO,10:00,43.0,85.30912108526454,87.0576923076923
1,2026-05-30,SABADO,10:30,55.0,92.2671415359283,92.44
1,2026-05-30,SABADO,11:00,58.0,84.49585053096935,94.57692307692308
1,2026-05-30,SABADO,11:30,54.0,73.91319520812229,83.11764705882354
1,2026-05-30,SABADO,12:00,105.0,79.30568207715585,93.21153846153847
1,2026-05-30,SABADO,12:30,57.0,70.55877260547072,92.51020408163265
1,2026-05-30,SABADO,13:00,84.0,63.226223790695975,74.19148936170212
1,2026-05-30,SABADO,13:30,42.0,66.0757860487519,77.8125
1,2026-05-30,SABADO,14:00,38.0,66.26445573178847,79.04081632653062
1,2026-05-30,SABADO,14:30,153.0,67.53266624761903,72.18367346938776
1,2026-05-30,SABADO,15:00,41.0,58.657539321478794,72.8
1,2026-05-30,SABADO,15:30,33.0,41.300151228921834,64.77551020408163
1,2026-05-31,DOMINGO,07:00,21.0,27.383403189424868,33.35897435897436
1,2026-05-31,DOMINGO,07:30,37.0,24.948790413473517,32.56818181818182
1,2026-05-31,DOMINGO,08:30,44.0,27.530319315607812,44.30232558139535
1,2026-05-31,DOMINGO,09:30,48.0,32.98456562121889,34.89473684210526
1,2026-05-31,DOMINGO,11:00,54.0,28.152684618724592,37.55555555555556
1,2026-05-31,DOMINGO,12:00,78.0,28.86148554475494,35.58974358974359
1,2026-05-31,DOMINGO,12:30,65.0,26.225634450384405,37.16216216216216
1,2026-05-31,DOMINGO,14:30,25.0,32.494607137720735,38.32258064516129
1,2026-05-31,DOMINGO,15:30,16.0,33.33456192079939,36.95238095238095
1,2026-06-01,LABORAL,04:30,87.0,111.85022506913968,119.32644628099173
1,2026-06-01,LABORAL,05:00,150.0,108.74830168531868,122.04149377593362
1,2026-06-01,LABORAL,05:30,155.0,125.22337530818271,140.14462809917356
1,2026-06-01,LABORAL,06:00,72.0,137.30838494880084,138.84297520661158
1,2026-06-01,LABORAL,06:30,104.0,129.08301531133927,132.5186721991701
1,2026-06-01,LABORAL,07:00,163.0,131.02919961598747,129.24066390041494
1,2026-06-01,LABORAL,07:30,151.0,137.94304878707152,134.86776859504133
1,2026-06-01,LABORAL,08:00,68.0,125.02255334480549,133.3941908713693
1,2026-06-01,LABORAL,08:30,117.0,136.72745375518087,135.00414937759336
1,2026-06-01,LABORAL,09:00,178.0,135.219128046459,134.92946058091286
1,2026-06-01,LABORAL,09:30,117.0,104.28190748054587,119.4504132231405
1,2026-06-01,LABORAL,10:00,43.0,100.88732894865039,100.94214876033058
1,2026-06-01,LABORAL,10:30,91.0,88.68128232295729,93.89626556016597
1,2026-06-01,LABORAL,11:00,36.0,92.74205110060657,93.25619834710744
1,2026-06-01,LABORAL,11:30,148.0,104.49143051323763,100.4504132231405
1,2026-06-01,LABORAL,12:00,123.0,114.73475673264153,112.64315352697095
1,2026-06-01,LABORAL,12:30,86.0,124.95681749794123,131.3734439834025
1,2026-06-01,LABORAL,13:00,103.0,129.64992555005225,134.01652892561984
1,2026-06-01,LABORAL,13:30,137.0,149.45194698623658,141.91701244813277
1,2026-06-01,LABORAL,14:00,111.0,138.70602541687109,148.96234309623432
1,2026-06-01,LABORAL,14:30,179.0,140.48637205212623,154.68049792531122
1,2026-06-01,LABORAL,15:00,132.0,173.25368022271766,176.3512396694215
1,2026-06-01,LABORAL,15:30,133.0,173.24129507197256,177.47280334728035
1,2026-06-01,LABORAL,16:00,131.0,154.85479054742638,146.95
1,2026-06-01,LABORAL,16:30,45.0,106.10978831496854,119.77178423236515
1,2026-06-02,LABORAL,04:30,77.0,102.80214644829685,119.19341563786008
1,2026-06-02,LABORAL,05:00,100.0,128.6264259141285,122.15702479338843
1,2026-06-02,LABORAL,05:30,147.0,133.31493481669185,140.20576131687244
1,2026-06-02,LABORAL,06:00,150.0,124.11077443886333,138.5679012345679
1,2026-06-02,LABORAL,06:30,195.0,127.22928373481946,132.400826446281
1,2026-06-02,LABORAL,07:00,92.0,125.9559113886864,129.3801652892562
1,2026-06-02,LABORAL,07:30,155.0,136.58370909377442,134.93415637860082
1,2026-06-02,LABORAL,08:00,49.0,140.57262111628793,133.12396694214877
1,2026-06-02,LABORAL,08:30,158.0,118.18543168743801,134.9297520661157
1,2026-06-02,LABORAL,09:00,152.0,128.30296522978728,135.10743801652893
1,2026-06-02,LABORAL,09:30,85.0,122.76383804351192,119.440329218107
1,2026-06-02,LABORAL,10:00,113.0,86.9122350786128,100.70370370370371
1,2026-06-02,LABORAL,10:30,157.0,98.17172390567453,93.88429752066116
1,2026-06-02,LABORAL,11:00,38.0,87.97736571013284,93.02057613168725
1,2026-06-02,LABORAL,11:30,71.0,88.88891437723298,100.64609053497942
1,2026-06-02,LABORAL,12:00,128.0,90.40690406166061,112.68595041322314
1,2026-06-02,LABORAL,12:30,108.0,121.27163563335738,131.18595041322314
1,2026-06-02,LABORAL,13:00,173.0,130.9032812381629,133.88888888888889
1,2026-06-02,LABORAL,13:30,120.0,121.11426685798202,141.89669421487602
1,2026-06-02,LABORAL,14:00,120.0,129.86502631499948,148.80416666666667
1,2026-06-02,LABORAL,14:30,137.0,156.37508033106593,154.78099173553719
1,2026-06-02,LABORAL,15:00,184.0,160.5503040790241,176.1687242798354
1,2026-06-02,LABORAL,15:30,146.0,170.56606825151502,177.2875
1,2026-06-02,LABORAL,16:00,143.0,119.54917068607351,146.88381742738588
1,2026-06-02,LABORAL,16:30,33.0,105.19159988675182,119.46280991735537
1,2026-06-02,LABORAL,17:00,44.0,47.84949472810882,71.04385964912281
1,2026-06-03,LABORAL,04:30,105.0,115.47071790245126,118.88065843621399
1,2026-06-03,LABORAL,05:00,98.0,123.68861917431764,121.85950413223141
1,2026-06-03,LABORAL,05:30,126.0,136.3160753868342,140.1440329218107
1,2026-06-03,LABORAL,06:00,111.0,130.61640562983018,138.3991769547325
1,2026-06-03,LABORAL,06:30,123.0,133.2948334872334,132.6818181818182
1,2026-06-03,LABORAL,07:00,111.0,132.39971210324575,129.0
1,2026-06-03,LABORAL,07:30,98.0,131.99233343601622,134.65020576131687
1,2026-06-03,LABORAL,08:00,110.0,130.64421649563894,132.51652892561984
1,2026-06-03,LABORAL,08:30,137.0,123.25845943232879,134.77272727272728
1,2026-06-03,LABORAL,09:00,92.0,131.02931612882023,135.1611570247934
1,2026-06-03,LABORAL,09:30,103.0,111.93014968599903,119.31687242798354
1,2026-06-03,LABORAL,10:00,137.0,93.97322986622812,100.8559670781893
1,2026-06-03,LABORAL,10:30,80.0,92.10829563956256,94.26859504132231
1,2026-06-03,LABORAL,11:00,114.0,83.8284963451951,92.60082304526749
1,2026-06-03,LABORAL,11:30,69.0,96.83213588530435,100.76131687242798
1,2026-06-03,LABORAL,12:00,82.0,104.50175904398486,112.52479338842976
1,2026-06-03,LABORAL,12:30,125.0,122.69574843069391,131.02479338842974
1,2026-06-03,LABORAL,13:00,117.0,129.7414534577124,133.83539094650206
1,2026-06-03,LABORAL,13:30,87.0,133.77752764506508,141.77272727272728
1,2026-06-03,LABORAL,14:00,197.0,135.01236637153704,148.59583333333333
1,2026-06-03,LABORAL,14:30,52.0,152.82354776105214,154.61157024793388
1,2026-06-03,LABORAL,15:00,136.0,165.7805741505279,176.2469135802469
1,2026-06-03,LABORAL,15:30,202.0,163.80536769826458,176.95416666666668
1,2026-06-03,LABORAL,16:00,156.0,133.34035966498774,146.60995850622407
1,2026-06-03,LABORAL,16:30,78.0,107.04614007653963,119.02892561983471
1,2026-06-04,LABORAL,04:30,121.0,117.24715936684608,118.7448559670782
1,2026-06-04,LABORAL,05:00,61.0,107.5359971464342,121.68181818181819
1,2026-06-04,LABORAL,05:30,137.0,130.9856781805013,139.74897119341563
1,2026-06-04,LABORAL,06:00,144.0,127.26006512986355,138.26748971193416
1,2026-06-04,LABORAL,06:30,121.0,130.58418517805558,132.62809917355372
1,2026-06-04,LABORAL,07:00,134.0,126.89973919155238,129.01239669421489
1,2026-06-04,LABORAL,07:30,131.0,125.13511952237464,134.50205761316872
1,2026-06-04,LABORAL,08:00,111.0,122.90764162904833,132.18595041322314
1,2026-06-04,LABORAL,08:30,88.0,124.07006166088497,134.69834710743802
1,2026-06-04,LABORAL,09:00,156.0,128.61013752857477,134.76446280991735
1,2026-06-04,LABORAL,09:30,84.0,113.13968669835806,119.32921810699588
1,2026-06-04,LABORAL,10:00,52.0,93.92052145326294,100.78600823045268
1,2026-06-04,LABORAL,10:30,130.0,91.86121301805969,94.5
1,2026-06-04,LABORAL,11:00,59.0,89.3040319977824,92.39094650205762
1,2026-06-04,LABORAL,11:30,69.0,96.53281337198348,100.5843621399177
1,2026-06-04,LABORAL,12:00,92.0,104.47149014046555,112.46694214876032
1,2026-06-04,LABORAL,12:30,126.0,119.61252237987257,130.8305785123967
1,2026-06-04,LABORAL,13:00,77.0,122.04147843878506,133.9506172839506
1,2026-06-04,LABORAL,13:30,120.0,128.50802501171506,141.4793388429752
1,2026-06-04,LABORAL,14:00,116.0,128.69849069060203,148.60833333333332
1,2026-06-04,LABORAL,14:30,84.0,141.76306767467585,153.8388429752066
1,2026-06-04,LABORAL,15:00,124.0,155.128399360095,175.90534979423867
1,2026-06-04,LABORAL,15:30,179.0,156.9243633429912,176.86666666666667
1,2026-06-04,LABORAL,16:00,68.0,124.76487859390923,146.58091286307055
1,2026-06-04,LABORAL,16:30,72.0,100.54565393186479,118.77272727272727
1,2026-06-04,LABORAL,17:00,37.0,55.559075911559034,70.56387665198238
1,2026-06-05,LABORAL,04:30,107.0,94.48059404612955,118.66666666666667
1,2026-06-05,LABORAL,05:00,80.0,95.12616155799526,121.2603305785124
1,2026-06-05,LABORAL,05:30,137.0,105.41727350710903,139.559670781893
1,2026-06-05,LABORAL,06:00,104.0,102.48386061022894,138.02057613168725
1,2026-06-05,LABORAL,06:30,103.0,108.85237920083806,132.4793388429752
1,2026-06-05,LABORAL,07:00,147.0,107.82373248710549,128.94214876033058
1,2026-06-05,LABORAL,07:30,134.0,104.09698526808972,134.3744855967078
1,2026-06-05,LABORAL,08:00,70.0,103.05454708435461,132.02479338842974
1,2026-06-05,LABORAL,08:30,168.0,99.73866864293834,134.4793388429752
1,2026-06-05,LABORAL,09:00,164.0,100.99427716493548,134.77272727272728
1,2026-06-05,LABORAL,09:30,78.0,87.50010324116059,119.24691358024691
1,2026-06-05,LABORAL,10:00,87.0,82.65733676985903,100.24279835390946
1,2026-06-05,LABORAL,10:30,88.0,76.69476558911602,94.58264462809917
1,2026-06-05,LABORAL,11:00,85.0,72.54347647906806,92.32510288065843
1,2026-06-05,LABORAL,11:30,40.0,80.71624527578489,100.19753086419753
1,2026-06-05,LABORAL,12:00,120.0,89.30368236942354,112.44214876033058
1,2026-06-05,LABORAL,12:30,90.0,91.93027011650989,130.6694214876033
1,2026-06-05,LABORAL,13:00,100.0,93.82040188088364,133.66666666666666
1,2026-06-05,LABORAL,13:30,272.0,102.33483992342718,141.36776859504133
1,2026-06-05,LABORAL,14:00,119.0,100.13734747507743,148.4625
1,2026-06-05,LABORAL,14:30,150.0,116.18213907150997,153.44628099173553
1,2026-06-05,LABORAL,15:00,149.0,113.82397621246926,175.78189300411523
1,2026-06-05,LABORAL,15:30,132.0,114.91277696923726,176.49166666666667
1,2026-06-05,LABORAL,16:00,138.0,93.13420720692474,146.29460580912863
1,2026-06-05,LABORAL,16:30,94.0,65.05044782178945,118.32644628099173
1,2026-06-05,LABORAL,17:00,23.0,41.32998502190024,70.29074889867842
1,2026-06-06,SABADO,04:30,77.0,84.40160619038382,74.54901960784314
1,2026-06-06,SABADO,05:00,60.0,75.68931937765387,64.3921568627451
1,2026-06-06,SABADO,05:30,86.0,95.12562672380453,97.78846153846153
1,2026-06-06,SABADO,06:00,58.0,86.33452805072895,95.0576923076923
1,2026-06-06,SABADO,06:30,74.0,95.96323104417566,109.1923076923077
1,2026-06-06,SABADO,07:00,153.0,96.80931076698872,103.23076923076923
1,2026-06-06,SABADO,07:30,65.0,88.5696449199506,103.32692307692308
1,2026-06-06,SABADO,08:00,103.0,93.28625485443517,101.4423076923077
1,2026-06-06,SABADO,08:30,84.0,89.73049827474775,99.61538461538461
1,2026-06-06,SABADO,09:00,169.0,86.15464623439956,98.98076923076923
1,2026-06-06,SABADO,09:30,50.0,73.24750589485666,91.51923076923077
1,2026-06-06,SABADO,10:00,64.0,73.12831233844818,86.11538461538461
1,2026-06-06,SABADO,10:30,149.0,83.26716106371202,90.36
1,2026-06-06,SABADO,11:30,84.0,75.98230246848883,82.47058823529412
1,2026-06-06,SABADO,12:00,61.0,78.85881027291393,93.9423076923077
1,2026-06-06,SABADO,13:00,58.0,83.01030633044505,73.65957446808511
1,2026-06-06,SABADO,13:30,68.0,86.99091825903626,75.3125
1,2026-06-06,SABADO,14:00,113.0,82.88015417250281,78.10204081632654
1,2026-06-06,SABADO,14:30,52.0,92.43175289591137,74.3061224489796
1,2026-06-06,SABADO,15:00,71.0,88.04565863702398,71.58
1,2026-06-06,SABADO,16:00,82.0,116.64344599787223,55.170212765957444
1,2026-06-07,DOMINGO,06:30,16.0,43.644328231700015,33.72727272727273
1,2026-06-07,DOMINGO,07:00,25.0,33.92969661894226,32.46153846153846
1,2026-06-07,DOMINGO,07:30,32.0,43.97057103523207,32.666666666666664
1,2026-06-07,DOMINGO,08:00,19.0,46.13222946414988,36.170731707317074
1,2026-06-07,DOMINGO,08:30,67.0,52.41166004033699,44.51162790697674
1,2026-06-07,DOMINGO,09:30,53.0,55.38255979531841,35.55263157894737
1,2026-06-07,DOMINGO,10:00,23.0,47.05220493419727,34.68181818181818
1,2026-06-07,DOMINGO,10:30,15.0,48.52431436463409,35.21052631578947
1,2026-06-07,DOMINGO,11:00,37.0,60.3634629275183,38.0
1,2026-06-07,DOMINGO,11:30,19.0,47.45487965985736,36.06666666666667
1,2026-06-07,DOMINGO,12:00,22.0,40.90101881484436,37.0
1,2026-06-07,DOMINGO,12:30,40.0,46.164638848048554,37.567567567567565
1,2026-06-07,DOMINGO,13:00,28.0,45.992296889105496,32.333333333333336
1,2026-06-07,DOMINGO,13:30,21.0,47.23734697556292,30.21212121212121
1,2026-06-07,DOMINGO,14:30,30.0,41.790608925739264,37.903225806451616
1,2026-06-07,DOMINGO,15:00,25.0,50.62218477909751,35.266666666666666
1,2026-06-07,DOMINGO,16:00,32.0,49.99681110844825,32.76190476190476
1,2026-06-08,FESTIVO_PUENTE,07:30,23.0,69.09026161650837,46.666666666666664
1,2026-06-08,FESTIVO_PUENTE,08:30,55.0,68.85250145073228,24.11111111111111
1,2026-06-08,FESTIVO_PUENTE,09:30,18.0,82.55617091448258,36.666666666666664
1,2026-06-08,FESTIVO_PUENTE,11:00,18.0,105.3104735436971,23.22222222222222
1,2026-06-08,FESTIVO_PUENTE,11:30,21.0,89.2194747613357,30.0
1,2026-06-08,FESTIVO_PUENTE,13:30,17.0,79.7583067916257,26.0
1,2026-06-08,FESTIVO_PUENTE,14:30,24.0,92.22953384421122,36.57142857142857
1,2026-06-08,FESTIVO_PUENTE,15:30,21.0,86.703351650828,30.6
1,2026-06-09,LABORAL,04:30,88.0,115.2382605099817,118.53719008264463
1,2026-06-09,LABORAL,05:00,129.0,123.7570595188559,120.92116182572614
1,2026-06-09,LABORAL,05:30,140.0,130.1903670484392,139.3099173553719
1,2026-06-09,LABORAL,06:00,110.0,136.13727688223068,137.62396694214877
1,2026-06-09,LABORAL,06:30,141.0,149.837296264835,132.19502074688796
1,2026-06-09,LABORAL,07:00,54.0,135.57793203827802,129.149377593361
1,2026-06-09,LABORAL,07:30,168.0,134.2412388218285,134.22727272727272
1,2026-06-09,LABORAL,08:00,102.0,152.83566901959173,131.5643153526971
1,2026-06-09,LABORAL,08:30,66.0,124.17031934681457,134.48547717842322
1,2026-06-09,LABORAL,09:00,147.0,137.73628937537745,134.90871369294607
1,2026-06-09,LABORAL,09:30,129.0,111.60073571718833,119.14049586776859
1,2026-06-09,LABORAL,10:00,89.0,96.20196097011602,100.0495867768595
1,2026-06-09,LABORAL,10:30,81.0,94.26853247425728,94.76348547717842
1,2026-06-09,LABORAL,11:00,83.0,70.71371965070287,92.14876033057851
1,2026-06-09,LABORAL,11:30,92.0,103.6486348117692,99.6900826446281
1,2026-06-09,LABORAL,12:00,147.0,114.71179565939593,112.56846473029046
1,2026-06-09,LABORAL,12:30,106.0,113.07903164651023,130.2240663900415
1,2026-06-09,LABORAL,13:00,147.0,124.89028298376758,133.6487603305785
1,2026-06-09,LABORAL,13:30,152.0,150.58651817547332,141.4232365145228
1,2026-06-09,LABORAL,14:00,186.0,129.18641087627367,148.5020920502092
1,2026-06-09,LABORAL,14:30,49.0,160.91194992682196,153.4813278008299
1,2026-06-09,LABORAL,15:00,135.0,188.1775782212323,175.1694214876033
1,2026-06-09,LABORAL,15:30,116.0,162.74913689878878,175.81589958158995
1,2026-06-09,LABORAL,16:00,133.0,136.89407755493494,146.2875
1,2026-06-09,LABORAL,16:30,76.0,116.77668277013899,117.70954356846472
1,2026-06-10,LABORAL,04:30,121.0,119.33230421320158,118.35123966942149
1,2026-06-10,LABORAL,05:00,67.0,122.16901080340791,120.7551867219917
1,2026-06-10,LABORAL,05:30,145.0,139.5121472084773,139.28099173553719
1,2026-06-10,LABORAL,06:00,93.0,135.20931051432356,137.3388429752066
1,2026-06-10,LABORAL,06:30,136.0,130.67152218445247,132.3609958506224
1,2026-06-10,LABORAL,07:00,54.0,129.2278842062815,128.7344398340249
1,2026-06-10,LABORAL,07:30,154.0,130.4505130086272,134.48347107438016
1,2026-06-10,LABORAL,08:00,72.0,137.0447242666286,131.34854771784234
1,2026-06-10,LABORAL,08:30,112.0,124.54232800441685,134.07883817427387
1,2026-06-10,LABORAL,09:00,142.0,132.06546640235746,134.7759336099585
1,2026-06-10,LABORAL,09:30,100.0,112.65997014864523,119.02066115702479
1,2026-06-10,LABORAL,10:00,72.0,96.46017956158933,100.05785123966942
1,2026-06-10,LABORAL,10:30,76.0,93.78161051860414,94.82157676348548
1,2026-06-10,LABORAL,11:00,104.0,83.99252296225562,92.18181818181819
1,2026-06-10,LABORAL,11:30,65.0,91.70799131662686,99.53305785123968
1,2026-06-10,LABORAL,12:00,79.0,108.45068842360342,112.7883817427386
1,2026-06-10,LABORAL,12:30,87.0,108.04732494393382,130.31950207468878
1,2026-06-10,LABORAL,13:00,167.0,136.35262662428076,133.71900826446281
1,2026-06-10,LABORAL,13:30,101.0,137.44013536870358,141.33195020746888
1,2026-06-10,LABORAL,14:00,50.0,132.08766613831668,148.68200836820083
1,2026-06-10,LABORAL,14:30,57.0,171.09601395443076,153.23651452282158
1,2026-06-10,LABORAL,15:00,66.0,180.71312470007206,175.19421487603304
1,2026-06-10,LABORAL,15:30,47.0,175.54451081216322,175.61506276150627
1,2026-06-10,LABORAL,16:00,37.0,136.00659031176212,146.175
3,2026-04-02,FESTIVO,07:00,26.0,34.38614739493116,28.25
3,2026-04-02,FESTIVO,07:30,42.0,18.42616110361041,40.0
3,2026-04-02,FESTIVO,08:00,11.0,6.269697302557731,40.714285714285715
3,2026-04-02,FESTIVO,08:30,62.0,-21.763135866313405,23.857142857142858
3,2026-04-02,FESTIVO,09:00,50.0,74.03130862568919,42.333333333333336
3,2026-04-02,FESTIVO,09:30,17.0,8.632654085685175,28.75
3,2026-04-02,FESTIVO,10:00,24.0,37.44661949680392,30.5
3,2026-04-02,FESTIVO,10:30,46.0,8.726876082412147,26.714285714285715
3,2026-04-02,FESTIVO,11:00,22.0,30.049497491069232,28.25
3,2026-04-02,FESTIVO,11:30,55.0,28.63725214992634,38.285714285714285
3,2026-04-02,FESTIVO,12:00,14.0,45.05501792199986,38.5
3,2026-04-02,FESTIVO,12:30,46.0,35.488398287968025,34.8
3,2026-04-02,FESTIVO,13:00,29.0,20.80003814570523,26.2
3,2026-04-02,FESTIVO,13:30,13.0,17.146785093349806,23.666666666666668
3,2026-04-02,FESTIVO,14:00,23.0,36.87357473591507,29.0
3,2026-04-02,FESTIVO,14:30,26.0,35.9155676710041,29.666666666666668
3,2026-04-02,FESTIVO,15:00,21.0,27.317791929330483,51.0
3,2026-04-02,FESTIVO,15:30,20.0,20.294220649698715,38.666666666666664
3,2026-04-02,FESTIVO,16:00,42.0,38.39146292187306,30.0
3,2026-04-03,FESTIVO,07:00,1.0,27.923526959532083,27.8
3,2026-04-03,FESTIVO,07:30,28.0,23.905267040485867,40.4
3,2026-04-03,FESTIVO,08:30,25.0,29.61541173263433,28.625
3,2026-04-03,FESTIVO,09:00,17.0,48.26735164796085,43.42857142857143
3,2026-04-03,FESTIVO,09:30,17.0,39.57073503312327,26.4
3,2026-04-03,FESTIVO,10:30,35.0,8.531836193378936,29.125
3,2026-04-03,FESTIVO,11:00,14.0,20.067280281192126,27.0
3,2026-04-03,FESTIVO,11:30,24.0,14.79120304508163,40.375
3,2026-04-03,FESTIVO,12:30,27.0,8.642405090118018,36.666666666666664
3,2026-04-03,FESTIVO,14:00,24.0,9.90088943362261,27.5
3,2026-04-03,FESTIVO,15:00,28.0,18.309054170046437,43.5
3,2026-04-04,SABADO,04:00,25.0,24.34538833396998,38.2
3,2026-04-04,SABADO,04:30,86.0,62.4185855970797,110.38461538461539
3,2026-04-04,SABADO,05:00,64.0,143.70947292947523,162.44230769230768
3,2026-04-04,SABADO,05:30,98.0,138.10538362771507,171.73076923076923
3,2026-04-04,SABADO,06:00,100.0,183.63868483823327,211.78846153846155
3,2026-04-04,SABADO,06:30,67.0,144.71048871927945,182.82692307692307
3,2026-04-04,SABADO,07:00,73.0,116.18428555275307,139.0
3,2026-04-04,SABADO,07:30,42.0,91.76818966194301,120.67307692307692
3,2026-04-04,SABADO,08:00,107.0,80.30161675172893,118.25
3,2026-04-04,SABADO,08:30,32.0,82.406958343253,110.61538461538461
3,2026-04-04,SABADO,09:00,85.0,73.99120609787782,95.11538461538461
3,2026-04-04,SABADO,09:30,97.0,61.81196410398606,97.71153846153847
3,2026-04-04,SABADO,10:00,31.0,66.80132861031231,96.46153846153847
3,2026-04-04,SABADO,10:30,36.0,74.0409596215287,91.28846153846153
3,2026-04-04,SABADO,11:00,44.0,58.12409359702988,100.41176470588235
3,2026-04-04,SABADO,11:30,70.0,71.89360939896565,90.88235294117646
3,2026-04-04,SABADO,12:00,31.0,68.48001092337454,90.98076923076923
3,2026-04-04,SABADO,12:30,62.0,77.36062348152387,81.20408163265306
3,2026-04-04,SABADO,13:30,41.0,62.29717792043046,67.7843137254902
3,2026-04-04,SABADO,14:00,27.0,63.84576734533191,74.22448979591837
3,2026-04-04,SABADO,14:30,64.0,66.61454329351704,65.81632653061224
3,2026-04-04,SABADO,15:00,30.0,61.47761820163802,74.19565217391305
3,2026-04-04,SABADO,15:30,72.0,74.10284464861888,69.29787234042553
3,2026-04-05,DOMINGO,07:00,15.0,31.615686407439497,30.175
3,2026-04-05,DOMINGO,07:30,32.0,38.30669302699586,34.645833333333336
3,2026-04-05,DOMINGO,08:00,33.0,153.19768973516338,40.869565217391305
3,2026-04-05,DOMINGO,08:30,22.0,132.80289684590434,40.19047619047619
3,2026-04-05,DOMINGO,09:30,30.0,187.73907392761515,34.04761904761905
3,2026-04-05,DOMINGO,10:30,34.0,90.66455032670098,38.83720930232558
3,2026-04-05,DOMINGO,11:30,36.0,72.13730163353104,37.34285714285714
3,2026-04-05,DOMINGO,12:00,21.0,51.302477511493635,38.68571428571428
3,2026-04-05,DOMINGO,14:00,31.0,58.312202220751814,30.771428571428572
3,2026-04-05,DOMINGO,14:30,28.0,50.5129248284092,37.371428571428574
3,2026-04-05,DOMINGO,15:00,17.0,42.91094073649009,36.333333333333336
3,2026-04-06,LABORAL,04:00,35.0,49.087398241373094,54.611111111111114
3,2026-04-06,LABORAL,04:30,118.0,164.45986658967254,165.5850622406639
3,2026-04-06,LABORAL,05:00,262.0,275.71112931675145,278.1942148760331
3,2026-04-06,LABORAL,05:30,251.0,270.8301561157413,280.6487603305785
3,2026-04-06,LABORAL,06:00,180.0,285.9328894836878,300.1694214876033
3,2026-04-06,LABORAL,06:30,304.0,227.34815712301898,227.71487603305786
3,2026-04-06,LABORAL,07:00,186.0,179.36408272945062,181.47107438016528
3,2026-04-06,LABORAL,07:30,141.0,162.18146188789868,163.3609958506224
3,2026-04-06,LABORAL,08:00,172.0,148.15937789382846,149.61764705882354
3,2026-04-06,LABORAL,08:30,117.0,152.56426849936653,149.0954356846473
3,2026-04-06,LABORAL,09:00,134.0,140.158945543089,141.8423236514523
3,2026-04-06,LABORAL,09:30,137.0,135.92094642938153,126.68333333333334
3,2026-04-06,LABORAL,10:00,145.0,138.7207817320163,133.3
3,2026-04-06,LABORAL,10:30,70.0,123.953820107534,121.0
3,2026-04-06,LABORAL,11:00,185.0,120.66250364210752,113.87136929460581
3,2026-04-06,LABORAL,11:30,101.0,141.73576589593486,132.13278008298755
3,2026-04-06,LABORAL,12:00,198.0,181.2099156830456,172.04545454545453
3,2026-04-06,LABORAL,12:30,179.0,146.10706688652837,143.20833333333334
3,2026-04-06,LABORAL,13:00,124.0,136.72373359749645,144.5850622406639
3,2026-04-06,LABORAL,13:30,175.0,141.74961141370218,139.1701244813278
3,2026-04-06,LABORAL,14:00,113.0,135.22293166416748,133.69294605809128
3,2026-04-06,LABORAL,14:30,150.0,161.0221578449674,149.25416666666666
3,2026-04-06,LABORAL,15:00,117.0,158.87543137736583,156.82157676348547
3,2026-04-06,LABORAL,15:30,110.0,146.98421700666051,150.55
3,2026-04-06,LABORAL,16:00,125.0,107.74365883358344,118.59493670886076
3,2026-04-06,LABORAL,16:30,119.0,75.16817367403993,89.71308016877637
3,2026-04-06,LABORAL,17:30,17.0,46.97752834764762,34.025
3,2026-04-07,LABORAL,04:00,45.0,47.22350769812722,54.343434343434346
3,2026-04-07,LABORAL,04:30,72.0,140.26662169173423,165.39834024896265
3,2026-04-07,LABORAL,05:00,361.0,254.0159587406348,278.099173553719
3,2026-04-07,LABORAL,05:30,270.0,240.84904543688017,280.1528925619835
3,2026-04-07,LABORAL,06:00,358.0,280.1858845155682,299.71487603305786
3,2026-04-07,LABORAL,06:30,182.0,212.848907595151,227.80165289256198
3,2026-04-07,LABORAL,07:00,214.0,170.55177591263018,181.4297520661157
3,2026-04-07,LABORAL,07:30,200.0,155.16730500428312,162.94190871369295
3,2026-04-07,LABORAL,08:00,177.0,135.59546938781529,149.46218487394958
3,2026-04-07,LABORAL,08:30,130.0,145.9557801235743,148.8713692946058
3,2026-04-07,LABORAL,09:00,91.0,129.89432163693976,141.96265560165975
3,2026-04-07,LABORAL,09:30,144.0,122.90458685593289,126.65
3,2026-04-07,LABORAL,10:00,185.0,133.33688764617312,133.475
3,2026-04-07,LABORAL,10:30,96.0,109.93259067869211,120.34024896265561
3,2026-04-07,LABORAL,11:00,107.0,109.26492941307733,114.2116182572614
3,2026-04-07,LABORAL,11:30,183.0,133.90794964434363,132.2033195020747
3,2026-04-07,LABORAL,12:00,133.0,164.00487291712773,172.2396694214876
3,2026-04-07,LABORAL,12:30,194.0,126.14498267979182,143.12083333333334
3,2026-04-07,LABORAL,13:00,98.0,132.63677725138555,144.5186721991701
3,2026-04-07,LABORAL,13:30,150.0,117.26643261031958,139.30705394190872
3,2026-04-07,LABORAL,14:00,189.0,115.25774410839026,133.25726141078837
3,2026-04-07,LABORAL,14:30,168.0,134.62828997026745,149.39583333333334
3,2026-04-07,LABORAL,15:00,111.0,123.49879512173584,156.41908713692945
3,2026-04-07,LABORAL,15:30,174.0,126.3080485362478,150.3125
3,2026-04-07,LABORAL,16:00,111.0,100.74740402529712,118.28270042194093
3,2026-04-07,LABORAL,16:30,108.0,68.82060395005385,89.80590717299577
3,2026-04-08,LABORAL,04:00,88.0,50.841533409870124,54.313131313131315
3,2026-04-08,LABORAL,04:30,146.0,164.56838490241455,164.88381742738588
3,2026-04-08,LABORAL,05:00,229.0,300.27393712690383,278.56611570247935
3,2026-04-08,LABORAL,05:30,335.0,302.21580112518365,280.27685950413223
3,2026-04-08,LABORAL,06:00,278.0,302.3566506875702,299.5206611570248
3,2026-04-08,LABORAL,06:30,162.0,244.36301511432578,227.4793388429752
3,2026-04-08,LABORAL,07:00,154.0,190.80447809043864,181.4504132231405
3,2026-04-08,LABORAL,07:30,108.0,167.21818329199255,163.1825726141079
3,2026-04-08,LABORAL,08:00,168.0,152.65047041171735,149.18487394957984
3,2026-04-08,LABORAL,08:30,127.0,150.05287116081053,148.7219917012448
3,2026-04-08,LABORAL,09:00,147.0,147.43933764318695,141.64315352697096
3,2026-04-08,LABORAL,09:30,119.0,128.15639249559723,126.60416666666667
3,2026-04-08,LABORAL,10:00,126.0,134.10731689986793,133.4625
3,2026-04-08,LABORAL,10:30,155.0,125.08893557839149,120.21576763485477
3,2026-04-08,LABORAL,11:00,98.0,122.56913195171815,113.94190871369294
3,2026-04-08,LABORAL,11:30,121.0,143.22542922437086,132.4356846473029
3,2026-04-08,LABORAL,12:00,229.0,171.27938118139355,172.0495867768595
3,2026-04-08,LABORAL,12:30,98.0,151.31378087846176,143.19166666666666
3,2026-04-08,LABORAL,13:00,191.0,142.37176611068435,144.3278008298755
3,2026-04-08,LABORAL,13:30,186.0,140.72811326868816,138.91701244813277
3,2026-04-08,LABORAL,14:00,91.0,138.09149521083307,133.3609958506224
3,2026-04-08,LABORAL,14:30,195.0,161.4675015709536,149.4625
3,2026-04-08,LABORAL,15:00,61.0,150.26010925575102,156.2033195020747
3,2026-04-08,LABORAL,15:30,106.0,146.40169638835107,150.29583333333332
3,2026-04-08,LABORAL,16:00,140.0,109.5805318808716,117.94092827004219
3,2026-04-08,LABORAL,16:30,55.0,77.06715504519936,89.8902953586498
3,2026-04-08,LABORAL,17:00,40.0,41.496795739629405,58.44927536231884
3,2026-04-09,LABORAL,04:00,77.0,54.73931625371088,54.32828282828283
3,2026-04-09,LABORAL,04:30,66.0,154.63021210405543,164.83402489626556
3,2026-04-09,LABORAL,05:00,348.0,258.78352412377814,278.25206611570246
3,2026-04-09,LABORAL,05:30,236.0,245.96496010136485,280.57851239669424
3,2026-04-09,LABORAL,06:00,306.0,264.92509318012424,299.6818181818182
3,2026-04-09,LABORAL,06:30,126.0,210.84166431134864,226.8595041322314
3,2026-04-09,LABORAL,07:00,183.0,167.2806090394131,181.4297520661157
3,2026-04-09,LABORAL,07:30,230.0,150.81651903795165,162.67634854771785
3,2026-04-09,LABORAL,08:00,90.0,140.58310333580127,149.1218487394958
3,2026-04-09,LABORAL,08:30,120.0,136.62926004461352,148.6721991701245
3,2026-04-09,LABORAL,09:00,139.0,130.5087563958369,141.57261410788382
3,2026-04-09,LABORAL,09:30,145.0,123.63250808621615,126.47083333333333
3,2026-04-09,LABORAL,10:00,170.0,120.84823796374934,133.50416666666666
3,2026-04-09,LABORAL,10:30,38.0,116.36731282093808,120.53941908713693
3,2026-04-09,LABORAL,11:00,172.0,111.75088678927472,113.61410788381743
3,2026-04-09,LABORAL,11:30,78.0,127.16264339141178,132.29045643153526
3,2026-04-09,LABORAL,12:00,159.0,144.63194665703057,172.26859504132233
3,2026-04-09,LABORAL,12:30,43.0,129.13766737234792,142.97083333333333
3,2026-04-09,LABORAL,13:00,169.0,126.55494635136391,144.63485477178423
3,2026-04-09,LABORAL,13:30,141.0,122.02476576699291,138.8921161825726
3,2026-04-09,LABORAL,14:00,81.0,122.03381696825808,133.46473029045643
3,2026-04-09,LABORAL,14:30,162.0,137.35273515501626,149.5375
3,2026-04-09,LABORAL,15:00,126.0,130.99784028806704,155.8091286307054
3,2026-04-09,LABORAL,15:30,144.0,119.97233562836077,150.00416666666666
3,2026-04-09,LABORAL,16:00,93.0,101.82358659944163,117.73417721518987
3,2026-04-09,LABORAL,16:30,78.0,76.91759717731944,89.71729957805907
3,2026-04-09,LABORAL,17:00,41.0,45.78378689131765,58.36057692307692
3,2026-04-10,LABORAL,04:00,93.0,56.170578008550436,54.45454545454545
3,2026-04-10,LABORAL,04:30,50.0,131.5275812301004,164.13692946058092
3,2026-04-10,LABORAL,05:00,298.0,218.24503046958006,278.71487603305786
3,2026-04-10,LABORAL,05:30,229.0,200.772077947358,280.202479338843
3,2026-04-10,LABORAL,06:00,416.0,235.57944896958156,299.504132231405
3,2026-04-10,LABORAL,06:30,134.0,176.83256507816043,226.17768595041323
3,2026-04-10,LABORAL,07:00,192.0,138.256937614587,181.43388429752065
3,2026-04-10,LABORAL,07:30,153.0,130.13169066995698,162.7344398340249
3,2026-04-10,LABORAL,08:00,186.0,119.47454346035668,148.99579831932772
3,2026-04-10,LABORAL,08:30,170.0,115.00852102643165,148.22821576763485
3,2026-04-10,LABORAL,09:00,142.0,108.12459180944498,141.7759336099585
3,2026-04-10,LABORAL,09:30,78.0,107.95073789763426,126.51666666666667
3,2026-04-10,LABORAL,10:00,122.0,105.22412469491142,133.5875
3,2026-04-10,LABORAL,10:30,141.0,102.61503800303207,120.13278008298755
3,2026-04-10,LABORAL,11:00,110.0,101.83850424255117,113.9253112033195
3,2026-04-10,LABORAL,11:30,94.0,109.96937023426305,131.850622406639
3,2026-04-10,LABORAL,12:00,198.0,116.53156097915124,172.1694214876033
3,2026-04-10,LABORAL,12:30,109.0,107.08652262102086,142.69166666666666
3,2026-04-10,LABORAL,13:00,135.0,105.94451131689894,144.82157676348547
3,2026-04-10,LABORAL,13:30,178.0,97.98793371578093,138.16597510373444
3,2026-04-10,LABORAL,14:00,137.0,105.51176120464694,133.448132780083
3,2026-04-10,LABORAL,14:30,191.0,110.12012743884584,149.64166666666668
3,2026-04-10,LABORAL,15:00,83.0,111.76003987317682,155.746887966805
3,2026-04-10,LABORAL,15:30,61.0,92.45939226212118,149.98333333333332
3,2026-04-10,LABORAL,16:00,37.0,88.57957530449548,117.41772151898734
3,2026-04-10,LABORAL,16:30,68.0,72.89860279070874,89.37974683544304
3,2026-04-10,LABORAL,17:00,57.0,50.69730086947362,58.37980769230769
3,2026-04-11,SABADO,04:00,30.0,36.99369860194378,37.85
3,2026-04-11,SABADO,04:30,71.0,90.96603812661348,109.13461538461539
3,2026-04-11,SABADO,05:00,232.0,158.2360097630143,160.46153846153845
3,2026-04-11,SABADO,05:30,148.0,157.81768511931932,169.3846153846154
3,2026-04-11,SABADO,06:00,161.0,193.95337540429338,209.5
3,2026-04-11,SABADO,06:30,201.0,174.19998618297905,180.6153846153846
3,2026-04-11,SABADO,07:00,141.0,130.0553719735763,137.80769230769232
3,2026-04-11,SABADO,07:30,119.0,118.80442859120262,118.36538461538461
3,2026-04-11,SABADO,08:00,76.0,107.72263599091481,118.3076923076923
3,2026-04-11,SABADO,08:30,134.0,101.2910692159867,108.46153846153847
3,2026-04-11,SABADO,09:00,77.0,97.13437455662947,94.0
3,2026-04-11,SABADO,09:30,89.0,88.4069741016425,97.84615384615384
3,2026-04-11,SABADO,10:00,75.0,86.30511873472946,94.67307692307692
3,2026-04-11,SABADO,10:30,121.0,90.29175249662775,90.96153846153847
3,2026-04-11,SABADO,11:00,101.0,89.20959640715597,97.07843137254902
3,2026-04-11,SABADO,11:30,45.0,83.52050337257813,90.37254901960785
3,2026-04-11,SABADO,12:00,87.0,93.1429878415123,89.01923076923077
3,2026-04-11,SABADO,12:30,109.0,71.42581249676641,80.40816326530613
3,2026-04-11,SABADO,13:00,25.0,78.7703394780645,74.77083333333333
3,2026-04-11,SABADO,13:30,40.0,58.17716933984272,66.84313725490196
3,2026-04-11,SABADO,14:00,82.0,74.49524424392325,73.71428571428571
3,2026-04-11,SABADO,15:00,142.0,50.374850856588324,72.56521739130434
3,2026-04-11,SABADO,16:00,18.0,53.594573066111636,54.30232558139535
3,2026-04-11,SABADO,16:30,29.0,46.623056928282566,47.3125
3,2026-04-12,DOMINGO,08:00,34.0,27.461101158495737,40.41304347826087
3,2026-04-12,DOMINGO,08:30,24.0,26.119329520449767,39.333333333333336
3,2026-04-12,DOMINGO,09:30,32.0,33.90553002123232,34.095238095238095
3,2026-04-12,DOMINGO,10:00,38.0,30.883871269048058,41.52272727272727
3,2026-04-12,DOMINGO,11:00,25.0,30.48565191876922,36.5
3,2026-04-12,DOMINGO,12:00,28.0,31.576918370505524,37.34285714285714
3,2026-04-12,DOMINGO,13:00,21.0,36.26940014757723,31.605263157894736
3,2026-04-12,DOMINGO,14:00,25.0,29.28083026122937,31.085714285714285
3,2026-04-13,LABORAL,04:00,81.0,50.44457269384847,54.666666666666664
3,2026-04-13,LABORAL,04:30,93.0,146.50209169195776,163.6390041493776
3,2026-04-13,LABORAL,05:00,270.0,272.3666051084886,278.8471074380165
3,2026-04-13,LABORAL,05:30,294.0,236.77461729949857,279.46280991735534
3,2026-04-13,LABORAL,06:00,206.0,309.39639411946416,299.995867768595
3,2026-04-13,LABORAL,06:30,291.0,229.77868097585701,225.70247933884298
3,2026-04-13,LABORAL,07:00,188.0,178.67137193232998,181.77685950413223
3,2026-04-13,LABORAL,07:30,144.0,156.4504797306067,162.41078838174275
3,2026-04-13,LABORAL,08:00,111.0,134.11910168499858,149.19747899159663
3,2026-04-13,LABORAL,08:30,55.0,154.80429980003933,148.52282157676348
3,2026-04-13,LABORAL,09:00,66.0,142.82937613117915,141.90041493775934
3,2026-04-13,LABORAL,09:30,25.0,121.59606400410462,126.17916666666666
3,2026-04-13,LABORAL,10:00,114.0,132.34663776516186,133.59583333333333
3,2026-04-13,LABORAL,10:30,178.0,120.33114050912886,120.20331950207469
3,2026-04-13,LABORAL,11:00,48.0,94.75429926341047,113.81742738589212
3,2026-04-13,LABORAL,11:30,150.0,133.811117921842,131.6597510373444
3,2026-04-13,LABORAL,12:00,126.0,173.27597054275438,172.06198347107437
3,2026-04-13,LABORAL,12:30,147.0,133.2790914122799,142.4
3,2026-04-13,LABORAL,13:00,194.0,144.20158895588358,144.94605809128632
3,2026-04-13,LABORAL,13:30,70.0,130.06147413445774,138.2655601659751
3,2026-04-13,LABORAL,14:00,121.0,146.25878545275376,133.09128630705393
3,2026-04-13,LABORAL,14:30,121.0,147.63885514621964,149.575
3,2026-04-13,LABORAL,15:00,134.0,155.61486271364362,155.36929460580913
3,2026-04-13,LABORAL,15:30,118.0,121.56429427252408,149.74166666666667
3,2026-04-13,LABORAL,16:00,105.0,112.83764990441708,116.61603375527426
3,2026-04-13,LABORAL,16:30,41.0,74.26255645139318,89.17721518987342
3,2026-04-13,LABORAL,17:00,48.0,46.982851349089344,58.25961538461539
3,2026-04-14,LABORAL,04:00,50.0,50.19861248148963,54.803030303030305
3,2026-04-14,LABORAL,04:30,113.0,156.37786038833735,163.22821576763485
3,2026-04-14,LABORAL,05:00,362.0,257.99867565125135,279.23553719008265
3,2026-04-14,LABORAL,05:30,148.0,252.1560784535963,279.504132231405
3,2026-04-14,LABORAL,06:00,316.0,262.16385718336227,299.5082644628099
3,2026-04-14,LABORAL,06:30,252.0,213.55227145595504,225.95454545454547
3,2026-04-14,LABORAL,07:00,162.0,173.9014753475608,181.84297520661158
3,2026-04-14,LABORAL,07:30,163.0,154.4204599402955,162.2655601659751
3,2026-04-14,LABORAL,08:00,165.0,139.57915907173503,149.02100840336135
3,2026-04-14,LABORAL,08:30,139.0,139.3868772380413,148.13278008298755
3,2026-04-14,LABORAL,09:00,105.0,135.93622702568132,141.5186721991701
3,2026-04-14,LABORAL,09:30,134.0,129.5868316898018,125.90416666666667
3,2026-04-14,LABORAL,10:00,194.0,123.07392177891666,133.50416666666666
3,2026-04-14,LABORAL,10:30,62.0,119.0657837568678,120.30705394190872
3,2026-04-14,LABORAL,11:00,141.0,117.26945081817392,113.62240663900415
3,2026-04-14,LABORAL,11:30,145.0,129.945616611764,131.70539419087137
3,2026-04-14,LABORAL,12:00,188.0,159.57152361009537,171.67355371900825
3,2026-04-14,LABORAL,12:30,141.0,143.4852037222462,142.57916666666668
3,2026-04-14,LABORAL,13:00,89.0,136.11621918396978,144.9668049792531
3,2026-04-14,LABORAL,13:30,188.0,130.4574459054175,138.17842323651453
3,2026-04-14,LABORAL,14:00,39.0,126.79563257248455,133.09128630705393
3,2026-04-14,LABORAL,14:30,142.0,146.397898131796,149.45416666666668
3,2026-04-14,LABORAL,15:00,105.0,149.7422242808404,155.35269709543567
3,2026-04-14,LABORAL,15:30,163.0,136.05923449753055,149.3125
3,2026-04-14,LABORAL,16:00,87.0,108.87483327340064,116.59071729957806
3,2026-04-14,LABORAL,16:30,83.0,75.10629850734675,88.9873417721519
3,2026-04-14,LABORAL,17:00,36.0,50.54419539027741,58.10096153846154
3,2026-04-14,LABORAL,17:30,10.0,30.64828484284631,33.87931034482759
3,2026-04-15,LABORAL,04:00,53.0,50.97707210208145,54.72727272727273
3,2026-04-15,LABORAL,04:30,128.0,155.95335566154017,162.97095435684648
3,2026-04-15,LABORAL,05:00,321.0,270.2589271868445,279.78512396694214
3,2026-04-15,LABORAL,05:30,297.0,266.7547922049164,278.93388429752065
3,2026-04-15,LABORAL,06:00,180.0,275.86149703272895,299.54545454545456
3,2026-04-15,LABORAL,06:30,204.0,225.06193261978902,226.1404958677686
3,2026-04-15,LABORAL,07:00,162.0,176.9291615561955,181.67355371900825
3,2026-04-15,LABORAL,07:30,186.0,156.1027218792203,162.1701244813278
3,2026-04-15,LABORAL,08:00,171.0,142.65617544519512,149.07563025210084
3,2026-04-15,LABORAL,08:30,175.0,140.40995097870237,148.04979253112035
3,2026-04-15,LABORAL,09:00,140.0,138.0674061383332,141.33195020746888
3,2026-04-15,LABORAL,09:30,146.0,125.52194180002923,125.90833333333333
3,2026-04-15,LABORAL,10:00,87.0,125.21278011619891,133.775
3,2026-04-15,LABORAL,10:30,62.0,118.38604637238538,120.15767634854772
3,2026-04-15,LABORAL,11:00,67.0,118.82141531796897,113.68879668049793
3,2026-04-15,LABORAL,11:30,124.0,133.44851666005562,131.76763485477179
3,2026-04-15,LABORAL,12:00,158.0,158.24164574638377,171.9090909090909
3,2026-04-15,LABORAL,12:30,119.0,142.91370197130558,142.63333333333333
3,2026-04-15,LABORAL,13:00,90.0,136.90792740069978,144.79253112033194
3,2026-04-15,LABORAL,13:30,148.0,130.6652951677123,138.448132780083
3,2026-04-15,LABORAL,14:00,131.0,127.60169230024972,132.63485477178423
3,2026-04-15,LABORAL,14:30,146.0,151.57837178363826,149.49583333333334
3,2026-04-15,LABORAL,15:00,103.0,145.238623642327,155.3278008298755
3,2026-04-15,LABORAL,15:30,54.0,133.19810571549317,149.3125
3,2026-04-15,LABORAL,16:00,100.0,108.09724095239446,116.51054852320675
3,2026-04-15,LABORAL,16:30,56.0,75.68146007240877,89.0886075949367
3,2026-04-15,LABORAL,17:00,28.0,44.805186354349985,57.85576923076923
3,2026-04-16,LABORAL,04:00,51.0,56.33556752259099,54.75757575757576
3,2026-04-16,LABORAL,04:30,122.0,146.0467736321438,162.75933609958506
3,2026-04-16,LABORAL,05:00,310.0,241.541404081518,280.1900826446281
3,2026-04-16,LABORAL,05:30,197.0,231.8101064779699,279.1280991735537
3,2026-04-16,LABORAL,06:00,258.0,251.82449725171108,299.1570247933884
3,2026-04-16,LABORAL,06:30,213.0,205.19275369856194,226.15289256198346
3,2026-04-16,LABORAL,07:00,209.0,162.199856913458,181.54132231404958
3,2026-04-16,LABORAL,07:30,136.0,143.95797123611615,162.30705394190872
3,2026-04-16,LABORAL,08:00,78.0,134.41735606877478,149.1638655462185
3,2026-04-16,LABORAL,08:30,115.0,132.16360438377902,147.90041493775934
3,2026-04-16,LABORAL,09:00,138.0,128.1014998473192,141.30290456431536
3,2026-04-16,LABORAL,09:30,84.0,115.39568417690862,126.05416666666666
3,2026-04-16,LABORAL,10:00,149.0,116.47086672890521,133.67916666666667
3,2026-04-16,LABORAL,10:30,75.0,112.47087332973626,119.92116182572614
3,2026-04-16,LABORAL,11:00,73.0,109.29790557721716,113.76763485477179
3,2026-04-16,LABORAL,11:30,170.0,125.55410050287377,131.56846473029046
3,2026-04-16,LABORAL,12:00,159.0,140.79112660026692,171.8595041322314
3,2026-04-16,LABORAL,12:30,98.0,126.99709458961205,143.12083333333334
3,2026-04-16,LABORAL,13:00,146.0,123.39075446085221,144.51452282157678
3,2026-04-16,LABORAL,13:30,140.0,115.40026337405595,138.41908713692945
3,2026-04-16,LABORAL,14:00,26.0,118.3264616116859,132.7136929460581
3,2026-04-16,LABORAL,14:30,100.0,135.48310644501257,149.50416666666666
3,2026-04-16,LABORAL,15:00,171.0,128.84809005931453,155.30290456431536
3,2026-04-16,LABORAL,15:30,109.0,110.05064980737674,148.9
3,2026-04-16,LABORAL,16:00,91.0,100.04209590994984,116.45147679324894
3,2026-04-16,LABORAL,16:30,53.0,76.77103187781282,88.88607594936708
3,2026-04-16,LABORAL,17:00,49.0,48.77101108225922,57.66826923076923
3,2026-04-17,LABORAL,04:00,51.0,51.72425504251062,54.73869346733668
3,2026-04-17,LABORAL,04:30,175.0,127.68617697202889,162.5909090909091
3,2026-04-17,LABORAL,05:00,273.0,196.02632169782424,280.3127572016461
3,2026-04-17,LABORAL,05:30,179.0,186.9559007990315,278.7901234567901
3,2026-04-17,LABORAL,06:00,288.0,210.94895226409227,298.98765432098764
3,2026-04-17,LABORAL,06:30,291.0,169.55796179325364,226.09876543209876
3,2026-04-17,LABORAL,07:00,120.0,137.09033581776157,181.65432098765433
3,2026-04-17,LABORAL,07:30,111.0,122.19358123204348,162.19834710743802
3,2026-04-17,LABORAL,08:00,143.0,117.17103856426495,148.86610878661088
3,2026-04-17,LABORAL,08:30,187.0,114.84044918263774,147.76446280991735
3,2026-04-17,LABORAL,09:00,111.0,109.67486581778898,141.28925619834712
3,2026-04-17,LABORAL,09:30,136.0,101.27730473561984,125.87966804979253
3,2026-04-17,LABORAL,10:00,139.0,98.7064463949387,133.74273858921163
3,2026-04-17,LABORAL,10:30,76.0,98.42768833703406,119.73553719008264
3,2026-04-17,LABORAL,11:00,105.0,91.23623683908927,113.59917355371901
3,2026-04-17,LABORAL,11:30,204.0,111.03178068365409,131.72727272727272
3,2026-04-17,LABORAL,12:00,196.0,115.02398654297156,171.80658436213992
3,2026-04-17,LABORAL,12:30,96.0,97.85397309387923,142.93360995850622
3,2026-04-17,LABORAL,13:00,114.0,103.73414774089217,144.5206611570248
3,2026-04-17,LABORAL,13:30,162.0,91.24741821050293,138.42561983471074
3,2026-04-17,LABORAL,14:30,106.0,98.54932040416824,149.298755186722
3,2026-04-17,LABORAL,15:00,166.0,104.08678601735238,155.36776859504133
3,2026-04-17,LABORAL,15:30,98.0,105.18467193933614,148.7344398340249
3,2026-04-17,LABORAL,16:00,107.0,82.0747524488949,116.34453781512605
3,2026-04-17,LABORAL,16:30,80.0,77.95535964484733,88.73529411764706
3,2026-04-17,LABORAL,17:00,56.0,69.63793480474372,57.6267942583732
3,2026-04-18,SABADO,04:00,36.0,37.63362809539221,37.675
3,2026-04-18,SABADO,04:30,99.0,104.0627396832559,108.13461538461539
3,2026-04-18,SABADO,05:00,163.0,179.8245549734614,160.6153846153846
3,2026-04-18,SABADO,05:30,123.0,164.62436386617557,168.26923076923077
3,2026-04-18,SABADO,06:00,222.0,198.2377552557128,208.25
3,2026-04-18,SABADO,06:30,96.0,162.46125843128823,181.84615384615384
3,2026-04-18,SABADO,07:00,123.0,126.67572771000503,137.78846153846155
3,2026-04-18,SABADO,07:30,117.0,116.86591717635056,117.78846153846153
3,2026-04-18,SABADO,08:00,107.0,105.42708290171211,117.42307692307692
3,2026-04-18,SABADO,08:30,118.0,97.91733902987316,109.38461538461539
3,2026-04-18,SABADO,09:00,90.0,93.25191639933482,92.76923076923077
3,2026-04-18,SABADO,09:30,53.0,88.20638705422402,96.96153846153847
3,2026-04-18,SABADO,10:00,50.0,90.2513011722366,94.4423076923077
3,2026-04-18,SABADO,10:30,64.0,91.62144392941687,90.65384615384616
3,2026-04-18,SABADO,11:00,47.0,93.38639450371443,97.50980392156863
3,2026-04-18,SABADO,11:30,125.0,98.65586602127026,88.98039215686275
3,2026-04-18,SABADO,12:00,83.0,96.79631523899303,89.84615384615384
3,2026-04-18,SABADO,12:30,46.0,78.20603601589949,80.87755102040816
3,2026-04-18,SABADO,13:00,68.0,78.56803910859593,74.39583333333333
3,2026-04-18,SABADO,13:30,26.0,68.08748903771198,65.33333333333333
3,2026-04-18,SABADO,14:00,98.0,82.97873971110948,73.14285714285714
3,2026-04-18,SABADO,14:30,29.0,70.88261243835775,65.20833333333333
3,2026-04-18,SABADO,15:00,35.0,73.5799365231745,74.8913043478261
3,2026-04-18,SABADO,15:30,42.0,55.475949431116504,68.56521739130434
3,2026-04-18,SABADO,16:00,39.0,51.214367936680546,52.23255813953488
3,2026-04-19,DOMINGO,07:00,26.0,27.15065377191702,29.804878048780488
3,2026-04-19,DOMINGO,07:30,51.0,25.41634668127081,33.765957446808514
3,2026-04-19,DOMINGO,08:00,47.0,34.66410606261195,39.76086956521739
3,2026-04-19,DOMINGO,09:00,45.0,31.17574059459271,34.611111111111114
3,2026-04-19,DOMINGO,09:30,36.0,27.468974673108065,34.38095238095238
3,2026-04-19,DOMINGO,11:30,27.0,30.474754679931678,36.55882352941177
3,2026-04-19,DOMINGO,12:00,23.0,37.473038353076674,37.22857142857143
3,2026-04-19,DOMINGO,13:00,24.0,29.257269845901888,31.473684210526315
3,2026-04-19,DOMINGO,14:00,22.0,34.19972910756161,30.916666666666668
3,2026-04-19,DOMINGO,14:30,25.0,36.52958645551929,36.8235294117647
3,2026-04-19,DOMINGO,15:30,22.0,24.74379596798734,33.68
3,2026-04-20,LABORAL,04:00,57.0,54.558518063294116,54.72
3,2026-04-20,LABORAL,04:30,82.0,160.317474022224,162.64197530864197
3,2026-04-20,LABORAL,05:00,294.0,274.2441077152637,280.2827868852459
3,2026-04-20,LABORAL,05:30,278.0,266.0755939670423,278.3811475409836
3,2026-04-20,LABORAL,06:00,271.0,285.7728254529271,298.94262295081967
3,2026-04-20,LABORAL,06:30,261.0,219.3437261266222,226.36475409836066
3,2026-04-20,LABORAL,07:00,86.0,176.46445149302872,181.4016393442623
3,2026-04-20,LABORAL,07:30,107.0,151.4486783651629,161.98765432098764
3,2026-04-20,LABORAL,08:00,121.0,139.20377135622803,148.84166666666667
3,2026-04-20,LABORAL,08:30,84.0,146.30572509034897,147.92592592592592
3,2026-04-20,LABORAL,09:00,139.0,143.8075024573923,141.16460905349794
3,2026-04-20,LABORAL,09:30,84.0,129.46511745005472,125.92148760330579
3,2026-04-20,LABORAL,10:00,127.0,134.15959029077143,133.76446280991735
3,2026-04-20,LABORAL,10:30,60.0,118.8792279059104,119.55555555555556
3,2026-04-20,LABORAL,11:00,177.0,98.60544575440946,113.56378600823045
3,2026-04-20,LABORAL,11:30,93.0,130.87705868077424,132.02469135802468
3,2026-04-20,LABORAL,12:00,147.0,168.63490451613688,171.90573770491804
3,2026-04-20,LABORAL,12:30,140.0,137.55699560912188,142.7396694214876
3,2026-04-20,LABORAL,13:00,133.0,148.8293075878328,144.39506172839506
3,2026-04-20,LABORAL,13:30,185.0,136.5856211133122,138.52263374485597
3,2026-04-20,LABORAL,14:00,147.0,126.22568805448185,132.27272727272728
3,2026-04-20,LABORAL,14:30,106.0,142.94696218600532,149.1198347107438
3,2026-04-20,LABORAL,15:00,110.0,165.27673051676132,155.41152263374485
3,2026-04-20,LABORAL,15:30,118.0,132.22722204826937,148.52479338842974
3,2026-04-20,LABORAL,16:00,138.0,107.63436120814298,116.30543933054393
3,2026-04-20,LABORAL,16:30,43.0,82.68686410567376,88.69874476987448
3,2026-04-20,LABORAL,17:00,80.0,46.7086411631319,57.61904761904762
3,2026-04-21,LABORAL,04:00,49.0,44.34942405230211,54.735
3,2026-04-21,LABORAL,04:30,182.0,133.93192464671705,162.0576131687243
3,2026-04-21,LABORAL,05:00,297.0,245.70902147567926,280.0532786885246
3,2026-04-21,LABORAL,05:30,350.0,225.04584941747464,278.405737704918
3,2026-04-21,LABORAL,06:00,273.0,270.3762023765845,299.12295081967216
3,2026-04-21,LABORAL,06:30,204.0,207.3913664418548,226.53688524590163
3,2026-04-21,LABORAL,07:00,171.0,167.90059233987733,181.0983606557377
3,2026-04-21,LABORAL,07:30,190.0,153.89983505946122,161.320987654321
3,2026-04-21,LABORAL,08:00,108.0,133.0546780213715,148.47916666666666
3,2026-04-21,LABORAL,08:30,167.0,136.44725362594536,147.76543209876544
3,2026-04-21,LABORAL,09:00,104.0,124.10619168777265,141.10699588477365
3,2026-04-21,LABORAL,09:30,65.0,119.27665341515397,125.62396694214875
3,2026-04-21,LABORAL,10:00,131.0,129.7907223886857,133.6900826446281
3,2026-04-21,LABORAL,10:30,154.0,111.0664021151166,119.10288065843622
3,2026-04-21,LABORAL,11:00,90.0,108.87684682049215,113.93004115226337
3,2026-04-21,LABORAL,11:30,135.0,123.65512524802908,132.06995884773661
3,2026-04-21,LABORAL,12:00,190.0,157.51333583657066,171.45081967213116
3,2026-04-21,LABORAL,12:30,73.0,122.20768368646448,143.21487603305786
3,2026-04-21,LABORAL,13:00,145.0,130.33320830998576,143.8641975308642
3,2026-04-21,LABORAL,13:30,199.0,114.48219538869749,138.54320987654322
3,2026-04-21,LABORAL,14:00,108.0,114.90598687357821,132.1487603305785
3,2026-04-21,LABORAL,14:30,101.0,125.73972427290434,148.54545454545453
3,2026-04-21,LABORAL,15:00,119.0,127.12224291360343,155.4814814814815
3,2026-04-21,LABORAL,15:30,204.0,113.67120444621779,147.95867768595042
3,2026-04-21,LABORAL,16:00,131.0,93.18142675823873,116.61924686192468
3,2026-04-21,LABORAL,16:30,34.0,69.07304170425398,88.32635983263599
3,2026-04-21,LABORAL,18:00,20.0,35.895128580405895,18.47826086956522
3,2026-04-22,LABORAL,04:00,42.0,58.6709136459568,54.68
3,2026-04-22,LABORAL,04:30,121.0,160.96121489303107,161.8724279835391
3,2026-04-22,LABORAL,05:00,295.0,294.31587787251016,280.11475409836066
3,2026-04-22,LABORAL,05:30,188.0,286.7149857452165,278.6106557377049
3,2026-04-22,LABORAL,06:00,525.0,302.57969098764386,298.9344262295082
3,2026-04-22,LABORAL,06:30,146.0,219.44247210788942,226.3360655737705
3,2026-04-22,LABORAL,07:00,154.0,178.17720066785785,181.077868852459
3,2026-04-22,LABORAL,07:30,158.0,163.33789103798532,161.47325102880657
3,2026-04-22,LABORAL,08:00,84.0,142.4334760828101,148.21666666666667
3,2026-04-22,LABORAL,08:30,111.0,141.5109528120495,147.44444444444446
3,2026-04-22,LABORAL,09:00,127.0,129.1474167329594,140.99588477366254
3,2026-04-22,LABORAL,09:30,137.0,120.23896882828055,125.29752066115702
3,2026-04-22,LABORAL,10:00,95.0,130.34190616830827,133.46280991735537
3,2026-04-22,LABORAL,10:30,114.0,116.04425744427465,119.08641975308642
3,2026-04-22,LABORAL,11:00,113.0,119.47730294659077,113.82304526748972
3,2026-04-22,LABORAL,11:30,105.0,136.59911927150463,131.96296296296296
3,2026-04-22,LABORAL,12:00,167.0,163.54795817614473,171.58196721311475
3,2026-04-22,LABORAL,12:30,124.0,149.38443997145447,142.62809917355372
3,2026-04-22,LABORAL,13:00,63.0,140.4590870692606,143.93415637860082
3,2026-04-22,LABORAL,13:30,149.0,138.4346909718364,138.68312757201647
3,2026-04-22,LABORAL,14:00,43.0,132.8628399796147,131.9504132231405
3,2026-04-22,LABORAL,14:30,43.0,161.80804443784456,148.51239669421489
3,2026-04-22,LABORAL,15:00,78.0,150.5387649650776,155.2633744855967
3,2026-04-22,LABORAL,15:30,107.0,145.70281756086416,148.03719008264463
3,2026-04-22,LABORAL,16:00,124.0,112.77573407094317,116.44769874476988
3,2026-04-22,LABORAL,16:30,55.0,85.11135210188377,88.25941422594143
3,2026-04-22,LABORAL,17:00,47.0,43.84346826538969,57.866028708133975
3,2026-04-23,LABORAL,04:00,43.0,48.87237303513261,54.645
3,2026-04-23,LABORAL,04:30,119.0,129.50303603160054,161.39506172839506
3,2026-04-23,LABORAL,05:00,288.0,219.91255202317006,279.9016393442623
3,2026-04-23,LABORAL,05:30,248.0,178.95323017890925,278.1188524590164
3,2026-04-23,LABORAL,06:00,152.0,243.1198515301628,299.8155737704918
3,2026-04-23,LABORAL,06:30,214.0,188.2419370045028,225.97131147540983
3,2026-04-23,LABORAL,07:00,175.0,168.29782946735708,181.09426229508196
3,2026-04-23,LABORAL,07:30,169.0,134.18897458670813,161.47736625514403
3,2026-04-23,LABORAL,08:00,119.0,130.57473643627864,147.53333333333333
3,2026-04-23,LABORAL,08:30,187.0,139.53158458935067,147.2962962962963
3,2026-04-23,LABORAL,09:00,137.0,133.99289143339067,140.8724279835391
3,2026-04-23,LABORAL,09:30,109.0,115.24450666036489,125.47520661157024
3,2026-04-23,LABORAL,10:00,93.0,119.4848920143679,133.26446280991735
3,2026-04-23,LABORAL,10:30,120.0,98.42862131366113,118.97119341563786
3,2026-04-23,LABORAL,11:00,82.0,103.683373667798,113.77366255144032
3,2026-04-23,LABORAL,11:30,73.0,128.0487554321903,131.72427983539094
3,2026-04-23,LABORAL,12:00,151.0,149.83970337285996,171.56147540983608
3,2026-04-23,LABORAL,12:30,140.0,119.55967412664464,142.4297520661157
3,2026-04-23,LABORAL,13:00,104.0,151.0635165795694,143.66255144032922
3,2026-04-23,LABORAL,14:00,50.0,105.68952849723622,131.80578512396696
3,2026-04-23,LABORAL,15:00,59.0,114.57774861366119,155.20987654320987
3,2026-04-23,LABORAL,17:00,32.0,120.42340642758877,57.78947368421053
3,2026-04-24,LABORAL,04:00,45.0,52.69502511257171,54.6
3,2026-04-24,LABORAL,04:30,118.0,125.87951886154619,161.2798353909465
3,2026-04-24,LABORAL,05:00,248.0,183.24819108427874,279.6639344262295
3,2026-04-24,LABORAL,05:30,285.0,149.31443810691138,278.2745901639344
3,2026-04-24,LABORAL,06:00,202.0,205.13122378006352,299.0
3,2026-04-24,LABORAL,06:30,320.0,146.79568783399552,226.11885245901638
3,2026-04-24,LABORAL,07:00,52.0,145.49891608998038,181.3155737704918
3,2026-04-24,LABORAL,07:30,171.0,117.5428729419584,161.3744855967078
3,2026-04-24,LABORAL,08:00,148.0,108.91969366855695,147.36666666666667
3,2026-04-24,LABORAL,08:30,150.0,132.83648595885134,147.34567901234567
3,2026-04-24,LABORAL,09:00,84.0,134.49150268198974,140.82716049382717
3,2026-04-24,LABORAL,09:30,78.0,100.90373320313655,125.28099173553719
3,2026-04-24,LABORAL,10:00,145.0,103.60754841377464,133.40495867768595
3,2026-04-24,LABORAL,10:30,92.0,88.63031492978446,118.91358024691358
3,2026-04-24,LABORAL,11:00,59.0,89.7567321679555,113.68312757201646
3,2026-04-24,LABORAL,11:30,126.0,111.48641605082479,131.67078189300412
3,2026-04-24,LABORAL,12:00,190.0,129.85043524188163,171.23360655737704
3,2026-04-24,LABORAL,12:30,116.0,116.08342601273934,142.3305785123967
3,2026-04-24,LABORAL,13:00,120.0,150.00428515931122,143.65432098765433
3,2026-04-24,LABORAL,13:30,144.0,114.12057643226795,138.3388429752066
3,2026-04-24,LABORAL,14:30,30.0,123.76213823570868,147.87966804979254
3,2026-04-24,LABORAL,15:00,175.0,125.26004751178675,154.69958847736626
3,2026-04-24,LABORAL,15:30,49.0,133.61130625698814,147.37759336099586
3,2026-04-24,LABORAL,16:00,59.0,112.44353760206847,116.61344537815125
3,2026-04-24,LABORAL,16:30,71.0,100.97630728143633,88.13025210084034
3,2026-04-25,SABADO,04:00,32.0,31.38150408736678,37.95
3,2026-04-25,SABADO,04:30,105.0,81.97916516110183,108.73076923076923
3,2026-04-25,SABADO,05:00,176.0,146.36793234802315,161.90384615384616
3,2026-04-25,SABADO,05:30,122.0,123.70155138506719,169.44230769230768
3,2026-04-25,SABADO,06:00,210.0,162.65968499680733,210.19230769230768
3,2026-04-25,SABADO,06:30,208.0,131.1212642225958,181.75
3,2026-04-25,SABADO,07:00,93.0,106.51212511088869,138.07692307692307
3,2026-04-25,SABADO,07:30,136.0,97.24040459487858,118.40384615384616
3,2026-04-25,SABADO,08:00,148.0,85.39399453697234,118.3076923076923
3,2026-04-25,SABADO,08:30,61.0,82.00375151152356,110.38461538461539
3,2026-04-25,SABADO,09:00,116.0,78.50345397928561,93.61538461538461
3,2026-04-25,SABADO,09:30,49.0,70.86263034982784,96.59615384615384
3,2026-04-25,SABADO,10:00,101.0,74.95627847224355,94.13461538461539
3,2026-04-25,SABADO,10:30,95.0,76.66309754718267,91.1923076923077
3,2026-04-25,SABADO,11:00,85.0,77.24046816387508,97.96078431372548
3,2026-04-25,SABADO,11:30,82.0,82.03309353160432,90.84313725490196
3,2026-04-25,SABADO,12:00,29.0,78.6802771646567,91.0
3,2026-04-25,SABADO,12:30,76.0,56.433217562432105,80.10204081632654
3,2026-04-25,SABADO,13:00,63.0,65.44666597013881,74.77083333333333
3,2026-04-25,SABADO,14:00,93.0,55.23677418500806,73.75510204081633
3,2026-04-25,SABADO,14:30,34.0,70.72790176667175,65.375
3,2026-04-25,SABADO,15:00,56.0,48.78093877139756,74.15217391304348
3,2026-04-25,SABADO,15:30,45.0,60.37382546492695,68.71739130434783
3,2026-04-26,DOMINGO,07:00,28.0,24.039428404968135,29.585365853658537
3,2026-04-26,DOMINGO,07:30,33.0,23.875705911474554,34.276595744680854
3,2026-04-26,DOMINGO,08:00,23.0,30.518233846770016,39.891304347826086
3,2026-04-26,DOMINGO,09:00,39.0,36.828925522925104,34.916666666666664
3,2026-04-26,DOMINGO,10:30,34.0,33.65777202763219,38.68292682926829
3,2026-04-26,DOMINGO,11:00,24.0,40.04735899675832,36.67567567567568
3,2026-04-26,DOMINGO,11:30,27.0,39.944856003282965,36.38235294117647
3,2026-04-26,DOMINGO,12:00,27.0,33.24627477050247,36.833333333333336
3,2026-04-26,DOMINGO,13:30,48.0,35.90289294421366,30.033333333333335
3,2026-04-26,DOMINGO,14:30,25.0,38.72580748732335,36.029411764705884
3,2026-04-27,LABORAL,04:00,48.0,52.222779686277605,54.525
3,2026-04-27,LABORAL,04:30,124.0,157.79099808013405,160.78189300411523
3,2026-04-27,LABORAL,05:00,339.0,271.6307945741836,279.5327868852459
3,2026-04-27,LABORAL,05:30,244.0,277.5162234701803,278.4467213114754
3,2026-04-27,LABORAL,06:00,400.0,287.3279155287468,298.3811475409836
3,2026-04-27,LABORAL,06:30,222.0,223.18170063907564,226.8237704918033
3,2026-04-27,LABORAL,07:00,77.0,177.44222613839048,180.74180327868854
3,2026-04-27,LABORAL,07:30,213.0,149.92472617243342,161.24279835390948
3,2026-04-27,LABORAL,08:00,90.0,144.87314906872413,147.42083333333332
3,2026-04-27,LABORAL,08:30,102.0,143.00160897429078,147.32921810699588
3,2026-04-27,LABORAL,09:00,115.0,143.9159905353492,140.6090534979424
3,2026-04-27,LABORAL,09:30,113.0,136.71417914330405,125.17768595041322
3,2026-04-27,LABORAL,10:00,184.0,134.65106554007752,133.51652892561984
3,2026-04-27,LABORAL,10:30,79.0,125.8982162386771,118.64609053497942
3,2026-04-27,LABORAL,11:00,111.0,106.95974384594257,113.4156378600823
3,2026-04-27,LABORAL,11:30,92.0,136.08683475564982,131.56378600823047
3,2026-04-27,LABORAL,12:00,195.0,175.15413482820696,171.36885245901638
3,2026-04-27,LABORAL,12:30,105.0,152.0046323744677,142.12396694214877
3,2026-04-27,LABORAL,13:00,135.0,135.05244681133973,143.4897119341564
3,2026-04-27,LABORAL,13:30,143.0,142.20134468534434,138.24380165289256
3,2026-04-27,LABORAL,14:00,102.0,134.71469520558944,131.65560165975103
3,2026-04-27,LABORAL,14:30,222.0,165.97160147504658,147.5186721991701
3,2026-04-27,LABORAL,15:00,95.0,161.09169716335032,154.23456790123456
3,2026-04-27,LABORAL,15:30,88.0,145.05706526313577,147.19502074688796
3,2026-04-27,LABORAL,16:00,114.0,114.20827269518162,116.0546218487395
3,2026-04-27,LABORAL,16:30,34.0,84.40577800838592,88.17647058823529
3,2026-04-27,LABORAL,17:00,30.0,49.85799072310205,57.53846153846154
3,2026-04-27,LABORAL,17:30,29.0,18.516134897308362,33.4054054054054
3,2026-04-28,LABORAL,04:00,35.0,46.90790841897933,54.475
3,2026-04-28,LABORAL,04:30,106.0,152.7588452060277,160.77366255144034
3,2026-04-28,LABORAL,05:00,354.0,278.46673606691854,279.3032786885246
3,2026-04-28,LABORAL,05:30,201.0,269.22667651874264,278.172131147541
3,2026-04-28,LABORAL,06:00,213.0,293.0315778801954,298.6516393442623
3,2026-04-28,LABORAL,06:30,209.0,222.96238408557753,226.65573770491804
3,2026-04-28,LABORAL,07:00,185.0,179.20271674839427,180.38524590163934
3,2026-04-28,LABORAL,07:30,124.0,157.3204642739387,161.679012345679
3,2026-04-28,LABORAL,08:00,171.0,138.20449409932638,147.04583333333332
3,2026-04-28,LABORAL,08:30,142.0,140.32918296060686,147.03703703703704
3,2026-04-28,LABORAL,09:00,133.0,130.82292547646622,140.50205761316872
3,2026-04-28,LABORAL,09:30,107.0,125.58723503016071,125.2892561983471
3,2026-04-28,LABORAL,10:00,76.0,128.7079469689171,133.45867768595042
3,2026-04-28,LABORAL,10:30,124.0,117.71489674452388,118.29629629629629
3,2026-04-28,LABORAL,11:00,89.0,114.4792152196649,113.5679012345679
3,2026-04-28,LABORAL,11:30,137.0,133.78315367749397,131.37037037037038
3,2026-04-28,LABORAL,12:00,174.0,164.67288311865462,171.18852459016392
3,2026-04-28,LABORAL,12:30,164.0,138.70285852456269,142.21487603305786
3,2026-04-28,LABORAL,13:00,99.0,136.27906444944486,143.28395061728395
3,2026-04-28,LABORAL,13:30,75.0,131.17273980342853,138.61157024793388
3,2026-04-28,LABORAL,14:00,195.0,128.67691253787058,131.54771784232366
3,2026-04-28,LABORAL,14:30,109.0,147.14007897260007,147.82572614107883
3,2026-04-28,LABORAL,15:00,97.0,145.05553480188075,153.90534979423867
3,2026-04-28,LABORAL,15:30,149.0,137.18342284736406,146.83817427385893
3,2026-04-28,LABORAL,16:00,128.0,100.14139561390253,115.97478991596638
3,2026-04-28,LABORAL,16:30,53.0,75.86042488231112,87.84033613445378
3,2026-04-28,LABORAL,17:00,30.0,40.066806704901055,57.53365384615385
3,2026-04-29,LABORAL,04:00,51.0,47.5953662320011,54.37810945273632
3,2026-04-29,LABORAL,04:30,134.0,139.26181572162048,160.0411522633745
3,2026-04-29,LABORAL,05:00,434.0,262.1116134327163,279.6967213114754
3,2026-04-29,LABORAL,05:30,237.0,238.739706053485,277.4139344262295
3,2026-04-29,LABORAL,06:00,291.0,287.095481971023,297.922131147541
3,2026-04-29,LABORAL,06:30,175.0,212.98742004018882,226.53688524590163
3,2026-04-29,LABORAL,07:00,141.0,173.19453938595814,180.5204918032787
3,2026-04-29,LABORAL,07:30,197.0,151.43308446863037,161.5761316872428
3,2026-04-29,LABORAL,08:00,161.0,134.37946552317746,146.85416666666666
3,2026-04-29,LABORAL,08:30,102.0,138.94477222436677,146.91769547325103
3,2026-04-29,LABORAL,09:00,182.0,122.74713392541139,140.52674897119343
3,2026-04-29,LABORAL,09:30,82.0,113.83166246725938,125.24793388429752
3,2026-04-29,LABORAL,10:00,88.0,124.10955945145015,133.15289256198346
3,2026-04-29,LABORAL,10:30,170.0,111.31229596999256,118.17695473251028
3,2026-04-29,LABORAL,11:00,102.0,113.39049522897847,113.30041152263375
3,2026-04-29,LABORAL,11:30,196.0,130.78870579103736,131.37037037037038
3,2026-04-29,LABORAL,12:00,107.0,158.6695631220247,171.0327868852459
3,2026-04-29,LABORAL,12:30,134.0,127.4898660052881,142.3801652892562
3,2026-04-29,LABORAL,13:00,112.0,136.86906289155309,142.98765432098764
3,2026-04-29,LABORAL,13:30,59.0,123.26586720100148,138.37190082644628
3,2026-04-29,LABORAL,14:00,182.0,122.37800121870181,131.62240663900414
3,2026-04-29,LABORAL,14:30,119.0,137.28414694391887,147.5311203319502
3,2026-04-29,LABORAL,15:00,145.0,131.84903659027358,153.58847736625515
3,2026-04-29,LABORAL,15:30,129.0,126.53044718041873,146.85892116182572
3,2026-04-29,LABORAL,16:00,96.0,95.76916332700182,115.89915966386555
3,2026-04-29,LABORAL,16:30,70.0,73.78049861558821,87.59243697478992
3,2026-04-30,LABORAL,04:00,45.0,56.34398309799083,54.398009950248756
3,2026-04-30,LABORAL,04:30,124.0,151.97986823426297,159.78600823045267
3,2026-04-30,LABORAL,05:00,353.0,279.46797884024727,280.422131147541
3,2026-04-30,LABORAL,05:30,268.0,267.3472527024082,277.0204918032787
3,2026-04-30,LABORAL,06:00,175.0,294.5463648343011,297.89344262295083
3,2026-04-30,LABORAL,06:30,288.0,220.18380303027897,226.03688524590163
3,2026-04-30,LABORAL,07:00,130.0,178.73780548071773,180.59426229508196
3,2026-04-30,LABORAL,07:30,145.0,155.80832227256525,161.69135802469137
3,2026-04-30,LABORAL,08:00,195.0,142.06914615036507,146.77916666666667
3,2026-04-30,LABORAL,08:30,140.0,143.18271818870232,146.78189300411523
3,2026-04-30,LABORAL,09:00,160.0,135.54235710523707,140.66255144032922
3,2026-04-30,LABORAL,09:30,111.0,114.56770804939845,124.92148760330579
3,2026-04-30,LABORAL,10:00,146.0,127.50357710259087,132.8305785123967
3,2026-04-30,LABORAL,10:30,125.0,115.89097949560002,118.34979423868313
3,2026-04-30,LABORAL,11:00,86.0,115.36008075761038,113.27572016460906
3,2026-04-30,LABORAL,11:30,98.0,133.77492433295893,131.59670781893004
3,2026-04-30,LABORAL,12:00,162.0,160.91461035326404,170.6516393442623
3,2026-04-30,LABORAL,12:30,119.0,139.19172167319837,142.1487603305785
3,2026-04-30,LABORAL,13:00,204.0,142.32548110625052,142.86831275720164
3,2026-04-30,LABORAL,13:30,136.0,132.55377482720056,137.70661157024793
3,2026-04-30,LABORAL,14:00,139.0,131.69706768761856,131.94190871369295
3,2026-04-30,LABORAL,14:30,136.0,154.77201384731467,147.34854771784234
3,2026-04-30,LABORAL,15:00,193.0,139.04459681448478,153.3744855967078
3,2026-04-30,LABORAL,15:30,58.0,131.03931593429786,146.23236514522821
3,2026-04-30,LABORAL,16:00,139.0,103.7015942846927,115.71008403361344
3,2026-04-30,LABORAL,16:30,31.0,75.48838485827088,87.28991596638656
3,2026-04-30,LABORAL,17:00,47.0,43.45372380412351,57.169082125603865
3,2026-05-01,FESTIVO,07:00,40.0,44.92386509426272,16.0
3,2026-05-01,FESTIVO,07:30,24.0,112.16885995994788,40.0
3,2026-05-01,FESTIVO,08:00,50.0,206.75648557254226,29.2
3,2026-05-01,FESTIVO,08:30,26.0,195.580874545769,32.0
3,2026-05-01,FESTIVO,09:00,60.0,225.4235114735729,33.4
3,2026-05-01,FESTIVO,09:30,41.0,178.86419747458342,17.0
3,2026-05-01,FESTIVO,10:00,6.0,132.18311316444323,18.0
3,2026-05-01,FESTIVO,10:30,47.0,128.9740785190277,29.333333333333332
3,2026-05-01,FESTIVO,11:00,25.0,115.52769094669438,24.666666666666668
3,2026-05-01,FESTIVO,11:30,27.0,110.77528300889308,42.5
3,2026-05-01,FESTIVO,12:00,51.0,100.53606204410319,31.0
3,2026-05-01,FESTIVO,12:30,18.0,94.73071549985123,34.6
3,2026-05-01,FESTIVO,13:00,23.0,98.31045792005037,28.25
3,2026-05-01,FESTIVO,13:30,52.0,102.47149646877682,20.333333333333332
3,2026-05-01,FESTIVO,14:00,28.0,104.84970589046226,21.666666666666668
3,2026-05-01,FESTIVO,14:30,31.0,108.47051869578871,29.333333333333332
3,2026-05-01,FESTIVO,15:00,23.0,113.82225458844674,24.333333333333332
3,2026-05-01,FESTIVO,15:30,30.0,96.77254931401585,31.333333333333332
3,2026-05-02,SABADO,04:00,26.0,27.361628951970317,37.80487804878049
3,2026-05-02,SABADO,04:30,66.0,99.58989783863973,108.26923076923077
3,2026-05-02,SABADO,05:00,90.0,167.36409685299117,161.23076923076923
3,2026-05-02,SABADO,05:30,149.0,159.9741898986927,169.03846153846155
3,2026-05-02,SABADO,06:00,120.0,168.20816217656738,208.17307692307693
3,2026-05-02,SABADO,06:30,198.0,151.2791740777441,182.28846153846155
3,2026-05-02,SABADO,07:00,136.0,111.9801282137166,138.42307692307693
3,2026-05-02,SABADO,07:30,59.0,82.48870704482539,118.84615384615384
3,2026-05-02,SABADO,08:00,98.0,115.72028711227976,117.92307692307692
3,2026-05-02,SABADO,08:30,74.0,84.48051047275513,109.82692307692308
3,2026-05-02,SABADO,09:00,124.0,85.56880353420823,93.5
3,2026-05-02,SABADO,09:30,38.0,84.32937105438981,95.28846153846153
3,2026-05-02,SABADO,10:00,61.0,85.663481317971,93.75
3,2026-05-02,SABADO,10:30,117.0,84.06213403879235,90.46153846153847
3,2026-05-02,SABADO,11:00,83.0,74.26045775835019,96.98039215686275
3,2026-05-02,SABADO,11:30,99.0,84.56187908118139,90.70588235294117
3,2026-05-02,SABADO,12:00,57.0,60.868823500728254,90.28846153846153
3,2026-05-02,SABADO,12:30,55.0,101.95077900612982,78.79591836734694
3,2026-05-02,SABADO,13:00,53.0,77.67458096520939,74.16666666666667
3,2026-05-02,SABADO,13:30,100.0,96.37541456206611,65.02
3,2026-05-02,SABADO,14:00,40.0,76.54134585955907,73.79591836734694
3,2026-05-02,SABADO,14:30,79.0,71.49922021904497,64.91666666666667
3,2026-05-02,SABADO,15:00,45.0,77.28195799254418,72.73913043478261
3,2026-05-02,SABADO,15:30,75.0,86.68356313064614,68.76086956521739
3,2026-05-02,SABADO,16:00,39.0,54.851926129768344,51.23809523809524
3,2026-05-02,SABADO,16:30,45.0,35.78603790908987,47.43333333333333
3,2026-05-03,DOMINGO,08:00,32.0,29.423088225187257,39.95652173913044
3,2026-05-03,DOMINGO,09:00,17.0,27.175204916715458,35.388888888888886
3,2026-05-03,DOMINGO,10:30,33.0,34.11519202644192,37.97560975609756
3,2026-05-03,DOMINGO,11:30,27.0,42.45229556248752,35.55882352941177
3,2026-05-03,DOMINGO,13:00,26.0,40.56738871567313,31.83783783783784
3,2026-05-03,DOMINGO,13:30,41.0,45.14724730075895,30.612903225806452
3,2026-05-03,DOMINGO,14:30,23.0,46.31484395879315,35.714285714285715
3,2026-05-03,DOMINGO,15:00,29.0,32.84514218657863,36.166666666666664
3,2026-05-04,LABORAL,04:00,74.0,53.67706473411023,54.3681592039801
3,2026-05-04,LABORAL,04:30,106.0,153.91000493748584,159.46502057613168
3,2026-05-04,LABORAL,05:00,271.0,269.5171700049126,280.79918032786884
3,2026-05-04,LABORAL,05:30,195.0,242.59599346195972,276.7663934426229
3,2026-05-04,LABORAL,06:00,323.0,281.08959337405383,297.1106557377049
3,2026-05-04,LABORAL,06:30,190.0,225.3902621141329,226.00819672131146
3,2026-05-04,LABORAL,07:00,175.0,179.8944301863265,180.26639344262296
3,2026-05-04,LABORAL,07:30,129.0,147.50656914018919,161.4814814814815
3,2026-05-04,LABORAL,08:00,151.0,142.25849978637387,147.16666666666666
3,2026-05-04,LABORAL,08:30,125.0,147.4631684145547,146.7119341563786
3,2026-05-04,LABORAL,09:00,154.0,144.72949627238947,140.51440329218107
3,2026-05-04,LABORAL,09:30,85.0,132.87678201005355,124.5
3,2026-05-04,LABORAL,10:00,128.0,134.36449567685082,132.97107438016528
3,2026-05-04,LABORAL,10:30,154.0,124.05455289839809,118.38271604938272
3,2026-05-04,LABORAL,11:00,68.0,95.74994058153796,112.94650205761317
3,2026-05-04,LABORAL,11:30,195.0,135.90645335402417,131.21399176954733
3,2026-05-04,LABORAL,12:00,164.0,165.82519035924517,170.93032786885246
3,2026-05-04,LABORAL,12:30,87.0,142.5625313063829,141.69834710743802
3,2026-05-04,LABORAL,13:00,234.0,146.53883112110063,143.09876543209876
3,2026-05-04,LABORAL,13:30,81.0,133.20064374666958,137.46280991735537
3,2026-05-04,LABORAL,14:00,82.0,126.59559394632198,131.84647302904565
3,2026-05-04,LABORAL,14:30,135.0,145.3571895256706,147.17427385892117
3,2026-05-04,LABORAL,15:00,160.0,152.69553175864837,153.32510288065845
3,2026-05-04,LABORAL,15:30,111.0,129.51960863871832,145.73029045643153
3,2026-05-04,LABORAL,16:00,126.0,109.80400314337012,115.65126050420169
3,2026-05-04,LABORAL,16:30,47.0,79.74322008506209,86.93697478991596
3,2026-05-04,LABORAL,17:00,80.0,46.950984461928755,56.966183574879224
3,2026-05-05,LABORAL,04:00,46.0,48.32369800267206,54.46268656716418
3,2026-05-05,LABORAL,04:30,136.0,129.9041117742406,158.9917695473251
3,2026-05-05,LABORAL,05:00,301.0,258.72327279044777,280.5327868852459
3,2026-05-05,LABORAL,05:30,298.0,238.84204605475355,276.0409836065574
3,2026-05-05,LABORAL,06:00,236.0,284.30153316365215,297.2950819672131
3,2026-05-05,LABORAL,06:30,194.0,216.80744061893031,225.89344262295083
3,2026-05-05,LABORAL,07:00,61.0,177.34428751153786,180.04508196721312
3,2026-05-05,LABORAL,07:30,187.0,157.60502563523724,161.2633744855967
3,2026-05-05,LABORAL,08:00,103.0,134.8034997665732,147.11666666666667
3,2026-05-05,LABORAL,08:30,237.0,141.822046561001,146.67489711934155
3,2026-05-05,LABORAL,09:00,67.0,138.77080926095468,140.3991769547325
3,2026-05-05,LABORAL,09:30,177.0,125.55185857337982,124.28099173553719
3,2026-05-05,LABORAL,10:00,102.0,132.61893188663404,132.84297520661158
3,2026-05-05,LABORAL,10:30,71.0,110.00774408020564,118.48971193415638
3,2026-05-05,LABORAL,11:00,114.0,110.76901134500697,112.58847736625515
3,2026-05-05,LABORAL,11:30,147.0,136.55848774253397,131.24279835390948
3,2026-05-05,LABORAL,12:00,235.0,165.36973720867604,170.85655737704917
3,2026-05-05,LABORAL,12:30,100.0,128.17327910486506,141.5
3,2026-05-05,LABORAL,13:00,145.0,127.12571663364437,143.29218106995884
3,2026-05-05,LABORAL,13:30,49.0,118.54437809225382,137.04132231404958
3,2026-05-05,LABORAL,14:00,136.0,112.0216982577015,131.64730290456433
3,2026-05-05,LABORAL,14:30,120.0,133.3598965549528,146.99170124481327
3,2026-05-05,LABORAL,15:00,176.0,120.41644091015382,153.1851851851852
3,2026-05-05,LABORAL,15:30,86.0,115.39259881102923,145.7136929460581
3,2026-05-05,LABORAL,16:00,125.0,100.54495519453287,115.73529411764706
3,2026-05-05,LABORAL,16:30,95.0,71.03006862143036,86.78571428571429
3,2026-05-05,LABORAL,17:00,57.0,39.990640055498574,57.05314009661836
3,2026-05-06,LABORAL,04:00,44.0,52.47276110053521,54.46268656716418
3,2026-05-06,LABORAL,04:30,108.0,138.72702951095178,158.97530864197532
3,2026-05-06,LABORAL,05:00,282.0,262.4093204880046,280.30737704918033
3,2026-05-06,LABORAL,05:30,197.0,231.67330055348512,276.2049180327869
3,2026-05-06,LABORAL,06:00,251.0,273.3864606236217,296.67622950819674
3,2026-05-06,LABORAL,06:30,122.0,200.71522114527983,225.75
3,2026-05-06,LABORAL,07:00,86.0,161.60744470042005,179.69262295081967
3,2026-05-06,LABORAL,07:30,197.0,147.92591083243744,161.1275720164609
3,2026-05-06,LABORAL,08:00,122.0,128.56052895829922,146.8625
3,2026-05-06,LABORAL,08:30,171.0,132.30473805929557,146.81893004115227
3,2026-05-06,LABORAL,09:00,87.0,117.95742962017113,139.8395061728395
3,2026-05-06,LABORAL,09:30,99.0,114.77959634585359,124.36363636363636
3,2026-05-06,LABORAL,10:00,50.0,120.52396902599303,132.91322314049586
3,2026-05-06,LABORAL,10:30,72.0,93.77132488635291,118.21399176954732
3,2026-05-06,LABORAL,11:00,122.0,105.89201643149178,112.31687242798354
3,2026-05-06,LABORAL,11:30,43.0,130.55095364075783,131.17283950617283
3,2026-05-06,LABORAL,12:00,190.0,149.97551430952373,171.11065573770492
3,2026-05-06,LABORAL,12:30,122.0,121.71138823792793,141.17355371900825
3,2026-05-06,LABORAL,13:00,143.0,127.5117528288198,143.23868312757202
3,2026-05-06,LABORAL,13:30,144.0,119.23638986847493,136.63636363636363
3,2026-05-06,LABORAL,14:00,65.0,110.63717888586112,132.05809128630705
3,2026-05-06,LABORAL,14:30,90.0,133.35802513779632,146.5435684647303
3,2026-05-06,LABORAL,17:00,50.0,116.56208482050792,57.00483091787439
3,2026-05-07,LABORAL,04:00,46.0,35.0130047928112,54.43781094527363
3,2026-05-07,LABORAL,04:30,109.0,119.60996826012173,158.48559670781893
3,2026-05-07,LABORAL,05:00,247.0,156.54040001773154,280.48770491803276
3,2026-05-07,LABORAL,05:30,297.0,147.019785222018,275.44262295081967
3,2026-05-07,LABORAL,06:00,274.0,170.92517017603174,296.2295081967213
3,2026-05-07,LABORAL,06:30,214.0,118.60741950547931,225.20901639344262
3,2026-05-07,LABORAL,07:00,152.0,127.56631471762739,179.25819672131146
3,2026-05-07,LABORAL,07:30,136.0,104.64639241904041,161.16460905349794
3,2026-05-07,LABORAL,08:00,77.0,99.68268876023032,146.74583333333334
3,2026-05-07,LABORAL,08:30,142.0,133.29219578867216,146.94650205761317
3,2026-05-07,LABORAL,09:00,196.0,106.01157335458181,139.64609053497944
3,2026-05-07,LABORAL,09:30,45.0,97.9074414435135,124.43388429752066
3,2026-05-07,LABORAL,10:00,170.0,100.81211277184923,132.49586776859505
3,2026-05-07,LABORAL,10:30,62.0,76.99378720249025,117.91358024691358
3,2026-05-07,LABORAL,11:00,128.0,66.16825345623276,112.29629629629629
3,2026-05-07,LABORAL,11:30,122.0,96.58582466197599,130.7283950617284
3,2026-05-07,LABORAL,12:00,157.0,127.0340928932547,171.21311475409837
3,2026-05-07,LABORAL,12:30,160.0,94.94790023383216,140.88429752066116
3,2026-05-07,LABORAL,13:00,188.0,144.70556877184765,143.35802469135803
3,2026-05-07,LABORAL,13:30,124.0,120.58389659241926,136.36363636363637
3,2026-05-07,LABORAL,14:00,49.0,128.42841462245636,131.5186721991701
3,2026-05-07,LABORAL,14:30,100.0,154.52361310777317,146.21991701244812
3,2026-05-07,LABORAL,15:00,168.0,133.775092902631,153.1611570247934
3,2026-05-07,LABORAL,15:30,166.0,104.1450944929069,145.4875
3,2026-05-07,LABORAL,16:00,121.0,82.34532256878892,115.59071729957806
3,2026-05-07,LABORAL,16:30,54.0,91.32756097188502,86.66244725738396
3,2026-05-08,LABORAL,04:00,48.0,53.71022193647917,54.396039603960396
3,2026-05-08,LABORAL,04:30,109.0,136.93918325739955,157.8559670781893
3,2026-05-08,LABORAL,05:00,312.0,254.43898573738974,280.5696721311475
3,2026-05-08,LABORAL,05:30,167.0,229.43124621025902,275.3032786885246
3,2026-05-08,LABORAL,06:00,345.0,273.7910936475893,296.0204918032787
3,2026-05-08,LABORAL,06:30,182.0,211.40521077815146,224.85655737704917
3,2026-05-08,LABORAL,07:00,197.0,174.89712857828488,179.38524590163934
3,2026-05-08,LABORAL,07:30,107.0,147.46803824368905,161.20164609053498
3,2026-05-08,LABORAL,08:00,111.0,140.24066944117837,146.25
3,2026-05-08,LABORAL,08:30,111.0,145.22555201178457,146.9917695473251
3,2026-05-08,LABORAL,09:00,113.0,135.2115709656895,139.86008230452674
3,2026-05-08,LABORAL,09:30,104.0,116.10234645705579,123.95867768595042
3,2026-05-08,LABORAL,10:00,86.0,121.92660482632604,132.6611570247934
3,2026-05-08,LABORAL,10:30,118.0,114.86729968439735,117.440329218107
3,2026-05-08,LABORAL,11:00,88.0,107.91334493484523,112.41152263374485
3,2026-05-08,LABORAL,11:30,140.0,126.68750574007844,130.6255144032922
3,2026-05-08,LABORAL,12:00,177.0,151.09620546825755,171.29098360655738
3,2026-05-08,LABORAL,12:30,50.0,127.03454619277409,140.76859504132233
3,2026-05-08,LABORAL,13:00,236.0,134.19272244088714,143.440329218107
3,2026-05-08,LABORAL,13:30,110.0,120.5094297271069,136.42561983471074
3,2026-05-08,LABORAL,14:00,129.0,126.91191818221637,130.9875518672199
3,2026-05-08,LABORAL,14:30,146.0,131.01325697808494,146.19917012448133
3,2026-05-08,LABORAL,15:00,104.0,122.66168351841819,153.0206611570248
3,2026-05-08,LABORAL,15:30,151.0,108.11696717979305,145.59583333333333
3,2026-05-08,LABORAL,16:00,49.0,89.819361949381,115.21940928270043
3,2026-05-08,LABORAL,16:30,65.0,69.45312406258452,86.60759493670886
3,2026-05-09,SABADO,04:00,43.0,36.33056523342822,37.523809523809526
3,2026-05-09,SABADO,04:30,85.0,92.6983999949907,106.86538461538461
3,2026-05-09,SABADO,05:00,176.0,179.36892966171385,158.53846153846155
3,2026-05-09,SABADO,05:30,186.0,155.26531120109567,168.28846153846155
3,2026-05-09,SABADO,06:00,151.0,206.9546098817765,205.65384615384616
3,2026-05-09,SABADO,06:30,213.0,175.26217578475317,182.21153846153845
3,2026-05-09,SABADO,07:00,133.0,130.2772256503658,138.53846153846155
3,2026-05-09,SABADO,07:30,133.0,119.6373356002283,117.46153846153847
3,2026-05-09,SABADO,08:00,119.0,106.07537365134485,117.03846153846153
3,2026-05-09,SABADO,09:00,121.0,107.99845708489212,94.0
3,2026-05-09,SABADO,09:30,55.0,94.96832786277358,93.03846153846153
3,2026-05-09,SABADO,10:00,116.0,82.21016106371634,92.21153846153847
3,2026-05-09,SABADO,10:30,29.0,89.28724850006982,91.0
3,2026-05-09,SABADO,11:00,79.0,88.89340468094473,97.6078431372549
3,2026-05-09,SABADO,11:30,95.0,91.05087400099308,89.43137254901961
3,2026-05-09,SABADO,12:00,81.0,96.34654462479239,89.53846153846153
3,2026-05-09,SABADO,12:30,78.0,91.18259172971068,79.04081632653062
3,2026-05-09,SABADO,13:00,71.0,75.6972959595501,72.70833333333333
3,2026-05-09,SABADO,13:30,47.0,79.7487669823197,65.86
3,2026-05-09,SABADO,14:00,60.0,66.31745000004518,73.26530612244898
3,2026-05-09,SABADO,14:30,65.0,81.16951749852291,64.5625
3,2026-05-09,SABADO,15:00,39.0,57.32665603577097,70.91304347826087
3,2026-05-09,SABADO,15:30,51.0,56.45685041066697,69.34782608695652
3,2026-05-09,SABADO,16:00,30.0,48.5640135332378,51.07142857142857
3,2026-05-09,SABADO,17:00,37.0,43.812986758858756,37.148148148148145
3,2026-05-10,DOMINGO,07:00,28.0,30.19552276516592,29.15
3,2026-05-10,DOMINGO,07:30,21.0,27.22240562946898,33.80434782608695
3,2026-05-10,DOMINGO,08:00,44.0,36.0851793831566,39.41304347826087
3,2026-05-10,DOMINGO,08:30,25.0,33.7237232216865,39.282051282051285
3,2026-05-10,DOMINGO,10:30,45.0,32.047559756636645,37.1219512195122
3,2026-05-10,DOMINGO,11:30,70.0,31.899607907966,34.529411764705884
3,2026-05-10,DOMINGO,12:30,43.0,35.58205681767289,31.647058823529413
3,2026-05-10,DOMINGO,14:00,25.0,29.97933628388671,31.02857142857143
3,2026-05-10,DOMINGO,14:30,23.0,30.464734733743967,35.57142857142857
3,2026-05-11,LABORAL,04:00,51.0,51.64186700660201,54.37128712871287
3,2026-05-11,LABORAL,04:30,208.0,144.4550963804744,157.5185185185185
3,2026-05-11,LABORAL,05:00,251.0,262.57202156301616,280.6967213114754
3,2026-05-11,LABORAL,05:30,206.0,249.06104388497045,274.9795081967213
3,2026-05-11,LABORAL,06:00,217.0,275.72735828932235,295.9344262295082
3,2026-05-11,LABORAL,06:30,297.0,210.3655309572183,224.39754098360655
3,2026-05-11,LABORAL,07:00,128.0,168.12486860880614,179.29918032786884
3,2026-05-11,LABORAL,07:30,103.0,145.00046284717104,160.79423868312756
3,2026-05-11,LABORAL,08:00,198.0,132.44831648933672,146.20833333333334
3,2026-05-11,LABORAL,08:30,22.0,142.3729665546023,146.8641975308642
3,2026-05-11,LABORAL,09:00,157.0,136.14751934210128,139.67489711934155
3,2026-05-11,LABORAL,09:30,86.0,127.2744586849974,123.90495867768595
3,2026-05-11,LABORAL,10:00,75.0,132.253628246258,132.58264462809916
3,2026-05-11,LABORAL,10:30,176.0,113.40784464554928,117.25102880658436
3,2026-05-11,LABORAL,11:00,85.0,102.54914075177622,112.49382716049382
3,2026-05-11,LABORAL,11:30,204.0,129.01343843998092,130.54732510288065
3,2026-05-11,LABORAL,12:00,95.0,164.54315485853334,171.66803278688525
3,2026-05-11,LABORAL,12:30,114.0,138.76464893227978,140.20247933884298
3,2026-05-11,LABORAL,13:00,160.0,131.78635747034951,143.54732510288065
3,2026-05-11,LABORAL,13:30,135.0,131.41702210876912,136.20661157024793
3,2026-05-11,LABORAL,14:00,143.0,123.28732636823138,130.85892116182572
3,2026-05-11,LABORAL,14:30,115.0,143.67650177478697,146.30290456431536
3,2026-05-11,LABORAL,15:00,75.0,145.37410710074232,152.37603305785123
3,2026-05-11,LABORAL,15:30,80.0,121.08453264801909,145.65416666666667
3,2026-05-11,LABORAL,16:00,117.0,108.22276518854787,114.91983122362869
3,2026-05-11,LABORAL,16:30,31.0,73.52728112944763,86.36286919831224
3,2026-05-12,LABORAL,04:00,55.0,46.34197655883358,54.354679802955665
3,2026-05-12,LABORAL,04:30,151.0,136.84276170220565,157.91358024691357
3,2026-05-12,LABORAL,05:00,279.0,266.22071610985114,280.4385245901639
3,2026-05-12,LABORAL,05:30,161.0,238.39873940161235,274.2950819672131
3,2026-05-12,LABORAL,06:00,355.0,278.53307454593175,295.9303278688525
3,2026-05-12,LABORAL,06:30,236.0,218.7912592072855,224.45081967213116
3,2026-05-12,LABORAL,07:00,108.0,168.9136907467921,179.4016393442623
3,2026-05-12,LABORAL,07:30,153.0,156.99899972217145,160.27572016460906
3,2026-05-12,LABORAL,08:00,158.0,125.05096024553359,146.34583333333333
3,2026-05-12,LABORAL,08:30,232.0,135.17479063714933,146.33744855967078
3,2026-05-12,LABORAL,09:00,126.0,128.78983140207714,139.74897119341563
3,2026-05-12,LABORAL,09:30,33.0,113.36846350576018,123.57851239669421
3,2026-05-12,LABORAL,10:00,178.0,130.87196832797673,132.12809917355372
3,2026-05-12,LABORAL,10:30,78.0,102.72857155631233,117.50205761316873
3,2026-05-12,LABORAL,11:00,135.0,110.83249090198049,112.18106995884774
3,2026-05-12,LABORAL,11:30,68.0,128.73950494831902,131.01234567901236
3,2026-05-12,LABORAL,12:00,214.0,157.5459107738311,171.29508196721312
3,2026-05-12,LABORAL,12:30,145.0,128.19770548273854,140.05371900826447
3,2026-05-12,LABORAL,13:00,83.0,128.97370592332808,143.67078189300412
3,2026-05-12,LABORAL,13:30,218.0,129.26659900321908,135.89669421487602
3,2026-05-12,LABORAL,14:00,92.0,112.145164319488,131.09128630705393
3,2026-05-12,LABORAL,14:30,149.0,130.8054689889633,146.19502074688796
3,2026-05-12,LABORAL,15:00,136.0,120.58071543721452,151.6900826446281
3,2026-05-12,LABORAL,15:30,169.0,113.247526749403,145.45833333333334
3,2026-05-12,LABORAL,16:00,118.0,96.38315245714321,114.77215189873418
3,2026-05-12,LABORAL,16:30,63.0,59.234719541418585,85.9113924050633
3,2026-05-12,LABORAL,17:00,29.0,38.872691748369434,56.504901960784316
3,2026-05-13,LABORAL,04:00,45.0,55.027039953225696,54.330049261083744
3,2026-05-13,LABORAL,04:30,151.0,154.45001044341132,157.8395061728395
3,2026-05-13,LABORAL,05:00,311.0,291.4549975884546,280.1516393442623
3,2026-05-13,LABORAL,05:30,275.0,279.5368361297919,272.9549180327869
3,2026-05-13,LABORAL,06:00,137.0,289.10148813647965,295.79918032786884
3,2026-05-13,LABORAL,06:30,341.0,223.17816080949305,224.70901639344262
3,2026-05-13,LABORAL,07:00,53.0,181.07060977242156,178.8483606557377
3,2026-05-13,LABORAL,07:30,124.0,158.44046915154985,160.25925925925927
3,2026-05-13,LABORAL,08:00,171.0,144.05884447120042,146.3375
3,2026-05-13,LABORAL,08:30,162.0,147.54074896001612,146.4485596707819
3,2026-05-13,LABORAL,09:00,41.0,137.68680389741627,139.81893004115227
3,2026-05-13,LABORAL,09:30,115.0,120.92265841726626,122.98760330578513
3,2026-05-13,LABORAL,10:00,153.0,131.96477484364868,132.22314049586777
3,2026-05-13,LABORAL,10:30,105.0,115.90004427812814,117.18106995884774
3,2026-05-13,LABORAL,11:00,70.0,119.02409347949117,112.36213991769547
3,2026-05-13,LABORAL,11:30,157.0,141.17681356356837,130.44444444444446
3,2026-05-13,LABORAL,12:00,97.0,164.2895686301698,171.52459016393442
3,2026-05-13,LABORAL,12:30,130.0,142.08851061273725,140.03719008264463
3,2026-05-13,LABORAL,13:00,146.0,144.5812914808916,143.20576131687244
3,2026-05-13,LABORAL,13:30,80.0,138.20993850461969,136.34297520661158
3,2026-05-13,LABORAL,14:00,208.0,131.18337838183356,130.92116182572613
3,2026-05-13,LABORAL,14:30,118.0,156.2787381457659,146.17427385892117
3,2026-05-13,LABORAL,15:00,134.0,143.1256423947581,151.2396694214876
3,2026-05-13,LABORAL,15:30,102.0,138.8440224952516,145.49583333333334
3,2026-05-13,LABORAL,16:00,95.0,105.42475209571664,114.40928270042194
3,2026-05-13,LABORAL,16:30,83.0,74.02400463258536,85.63291139240506
3,2026-05-14,LABORAL,04:00,45.0,54.773860925844176,54.320197044334975
3,2026-05-14,LABORAL,04:30,210.0,150.19907669624897,157.53086419753086
3,2026-05-14,LABORAL,05:00,182.0,277.13202566699727,280.2909836065574
3,2026-05-14,LABORAL,05:30,231.0,250.77622805113205,272.7049180327869
3,2026-05-14,LABORAL,06:00,327.0,284.5059043975914,294.79918032786884
3,2026-05-14,LABORAL,06:30,182.0,215.1609973539529,224.88114754098362
3,2026-05-14,LABORAL,07:00,133.0,175.16616728852847,178.5
3,2026-05-14,LABORAL,07:30,172.0,150.92975648802664,159.68312757201647
3,2026-05-14,LABORAL,08:00,139.0,139.5286702133955,146.33333333333334
3,2026-05-14,LABORAL,08:30,123.0,142.32804033365468,146.7448559670782
3,2026-05-14,LABORAL,09:00,156.0,134.46498516107033,139.30864197530863
3,2026-05-14,LABORAL,09:30,57.0,113.02090107563444,122.90495867768595
3,2026-05-14,LABORAL,10:00,87.0,125.9429311932873,132.1818181818182
3,2026-05-14,LABORAL,10:30,99.0,113.30405598347255,117.23045267489712
3,2026-05-14,LABORAL,11:00,120.0,113.0658300141386,112.09876543209876
3,2026-05-14,LABORAL,11:30,84.0,135.79159657409195,130.440329218107
3,2026-05-14,LABORAL,12:00,128.0,157.7833558664714,171.0983606557377
3,2026-05-14,LABORAL,12:30,135.0,133.5642339706659,140.1900826446281
3,2026-05-14,LABORAL,13:00,155.0,142.63714405652874,143.18106995884773
3,2026-05-14,LABORAL,13:30,97.0,131.15911820562337,136.08264462809916
3,2026-05-14,LABORAL,14:00,94.0,126.40642046106039,131.1825726141079
3,2026-05-14,LABORAL,14:30,146.0,145.36511085153745,146.00829875518673
3,2026-05-14,LABORAL,15:00,179.0,132.53832700909064,151.05371900826447
3,2026-05-14,LABORAL,15:30,84.0,124.52168796022107,145.04583333333332
3,2026-05-14,LABORAL,16:00,149.0,98.61602934641064,114.38818565400844
3,2026-05-14,LABORAL,16:30,43.0,69.08105417940575,85.81012658227849
3,2026-05-14,LABORAL,17:00,85.0,42.07371252786403,56.49261083743843
3,2026-05-15,LABORAL,04:00,53.0,53.50333162816534,54.32512315270936
3,2026-05-15,LABORAL,04:30,255.0,140.57593125439578,157.65432098765433
3,2026-05-15,LABORAL,05:00,190.0,243.15717454231935,279.6844262295082
3,2026-05-15,LABORAL,05:30,234.0,222.0518609356672,272.30737704918033
3,2026-05-15,LABORAL,06:00,278.0,253.98279272757821,294.9590163934426
3,2026-05-15,LABORAL,06:30,202.0,202.79917711974042,224.80327868852459
3,2026-05-15,LABORAL,07:00,68.0,162.55496397662733,178.29918032786884
3,2026-05-15,LABORAL,07:30,180.0,140.2545536850528,159.7283950617284
3,2026-05-15,LABORAL,08:00,93.0,137.25516841371456,146.08333333333334
3,2026-05-15,LABORAL,08:30,181.0,136.43002632715812,146.53086419753086
3,2026-05-15,LABORAL,09:00,102.0,130.2814489938393,139.53909465020575
3,2026-05-15,LABORAL,09:30,110.0,112.48196829118484,122.47933884297521
3,2026-05-15,LABORAL,10:00,183.0,120.48487112084467,131.75619834710744
3,2026-05-15,LABORAL,10:30,108.0,111.75742547857331,117.11934156378601
3,2026-05-15,LABORAL,11:00,86.0,106.37249407245967,112.18930041152264
3,2026-05-15,LABORAL,11:30,117.0,130.023093289609,130.30864197530863
3,2026-05-15,LABORAL,12:00,168.0,140.7851661590259,170.7704918032787
3,2026-05-15,LABORAL,12:30,105.0,115.93911508890875,140.4214876033058
3,2026-05-15,LABORAL,13:00,155.0,125.04375034017275,143.06995884773661
3,2026-05-15,LABORAL,13:30,157.0,110.53918706266712,136.08677685950414
3,2026-05-15,LABORAL,14:00,93.0,118.30342497928076,130.92116182572613
3,2026-05-15,LABORAL,14:30,140.0,121.02885920623577,145.82157676348547
3,2026-05-15,LABORAL,15:00,164.0,114.17138219503013,150.79338842975207
3,2026-05-15,LABORAL,15:30,152.0,99.20618170337077,144.70833333333334
3,2026-05-15,LABORAL,16:00,99.0,80.67778426929914,114.35864978902954
3,2026-05-15,LABORAL,16:30,84.0,65.71036519368498,85.59915611814345
3,2026-05-15,LABORAL,17:00,26.0,47.60426113461614,56.54187192118226
3,2026-05-16,SABADO,04:00,36.0,37.11768860270199,37.651162790697676
3,2026-05-16,SABADO,04:30,111.0,98.5171079928556,105.07692307692308
3,2026-05-16,SABADO,05:00,166.0,183.5045407352251,158.07692307692307
3,2026-05-16,SABADO,05:30,109.0,165.3393063486718,167.44230769230768
3,2026-05-16,SABADO,06:00,234.0,198.64481329518628,204.09615384615384
3,2026-05-16,SABADO,06:30,229.0,170.26149584476536,182.28846153846155
3,2026-05-16,SABADO,07:00,122.0,130.47791645092568,138.73076923076923
3,2026-05-16,SABADO,07:30,56.0,118.42300743636153,117.5
3,2026-05-16,SABADO,08:00,98.0,111.40398503489999,117.01923076923077
3,2026-05-16,SABADO,08:30,152.0,102.45447162830567,108.37254901960785
3,2026-05-16,SABADO,09:00,93.0,94.49587865367266,94.26923076923077
3,2026-05-16,SABADO,09:30,59.0,90.32545154884576,91.76923076923077
3,2026-05-16,SABADO,10:00,58.0,92.66661760682135,92.8076923076923
3,2026-05-16,SABADO,10:30,155.0,93.48084362180545,87.8076923076923
3,2026-05-16,SABADO,11:00,82.0,97.60673082902159,97.07843137254902
3,2026-05-16,SABADO,11:30,100.0,99.06211583547568,89.11764705882354
3,2026-05-16,SABADO,12:00,39.0,94.01171792883362,89.65384615384616
3,2026-05-16,SABADO,12:30,112.0,74.47429700093853,78.36734693877551
3,2026-05-16,SABADO,13:30,117.0,79.96519850755432,65.6
3,2026-05-16,SABADO,14:00,44.0,67.00039441479183,73.20408163265306
3,2026-05-16,SABADO,14:30,28.0,82.84036411736855,63.875
3,2026-05-16,SABADO,15:00,87.0,62.25159065756729,69.43478260869566
3,2026-05-16,SABADO,15:30,40.0,63.108063653940235,69.06521739130434
3,2026-05-16,SABADO,16:00,21.0,51.10572490282506,51.04761904761905
3,2026-05-16,SABADO,16:30,38.0,43.02414907371326,47.206896551724135
3,2026-05-16,SABADO,17:00,27.0,47.89879724486154,37.370370370370374
3,2026-05-17,DOMINGO,07:00,48.0,29.942400844856934,29.121951219512194
3,2026-05-17,DOMINGO,07:30,23.0,27.01279056994892,33.47826086956522
3,2026-05-17,DOMINGO,08:00,68.0,36.55757624974051,39.15217391304348
3,2026-05-17,DOMINGO,08:30,24.0,33.71676870099782,39.205128205128204
3,2026-05-17,DOMINGO,09:00,50.0,31.629038692699226,35.111111111111114
3,2026-05-17,DOMINGO,09:30,37.0,33.45276133916221,34.55
3,2026-05-17,DOMINGO,10:00,16.0,34.4138943844648,41.6
3,2026-05-17,DOMINGO,10:30,47.0,30.304539296828153,37.58536585365854
3,2026-05-17,DOMINGO,11:00,25.0,33.317261812611136,36.457142857142856
3,2026-05-17,DOMINGO,11:30,16.0,37.90546069949394,35.35294117647059
3,2026-05-17,DOMINGO,12:30,28.0,25.775875165068257,31.794117647058822
3,2026-05-17,DOMINGO,13:00,24.0,30.207352039196408,31.43243243243243
3,2026-05-17,DOMINGO,14:00,25.0,29.973290741658417,30.86111111111111
3,2026-05-17,DOMINGO,15:30,25.0,27.574847407716106,33.68
3,2026-05-17,DOMINGO,16:30,19.0,30.377663407322345,32.46153846153846
3,2026-05-18,FESTIVO_PUENTE,07:00,53.0,33.60497844167368,36.0
3,2026-05-18,FESTIVO_PUENTE,07:30,23.0,89.82600894290576,28.0
3,2026-05-18,FESTIVO_PUENTE,08:00,30.0,199.85397271288053,36.55555555555556
3,2026-05-18,FESTIVO_PUENTE,09:00,19.0,194.9670180503221,25.88888888888889
3,2026-05-18,FESTIVO_PUENTE,09:30,42.0,221.24738471474,30.77777777777778
3,2026-05-18,FESTIVO_PUENTE,10:30,21.0,173.32289831531057,34.0
3,2026-05-18,FESTIVO_PUENTE,11:00,26.0,117.67279388676174,23.142857142857142
3,2026-05-18,FESTIVO_PUENTE,11:30,19.0,109.41511594277588,26.375
3,2026-05-18,FESTIVO_PUENTE,12:00,24.0,87.91592000994967,30.5
3,2026-05-18,FESTIVO_PUENTE,12:30,29.0,95.51187003699204,28.571428571428573
3,2026-05-18,FESTIVO_PUENTE,13:00,36.0,81.34892852032543,26.4
3,2026-05-18,FESTIVO_PUENTE,13:30,26.0,78.14639468023965,33.0
3,2026-05-18,FESTIVO_PUENTE,14:00,28.0,76.67693164300357,30.22222222222222
3,2026-05-19,LABORAL,04:00,51.0,50.79838590720543,54.318627450980394
3,2026-05-19,LABORAL,04:30,183.0,142.90121766230837,157.82231404958677
3,2026-05-19,LABORAL,05:00,212.0,271.18590375184635,279.2510288065844
3,2026-05-19,LABORAL,05:30,247.0,248.76997614638333,271.51851851851853
3,2026-05-19,LABORAL,06:00,312.0,288.501048000663,294.9382716049383
3,2026-05-19,LABORAL,06:30,178.0,215.8411568724676,224.69135802469137
3,2026-05-19,LABORAL,07:00,223.0,167.18485360657203,177.42798353909464
3,2026-05-19,LABORAL,07:30,108.0,150.00150261252682,159.48760330578511
3,2026-05-19,LABORAL,08:00,167.0,133.49298570869,145.744769874477
3,2026-05-19,LABORAL,08:30,129.0,136.34837523630932,146.44628099173553
3,2026-05-19,LABORAL,09:00,178.0,131.63829681596235,139.31404958677686
3,2026-05-19,LABORAL,09:30,124.0,113.66935362995092,122.31120331950207
3,2026-05-19,LABORAL,10:00,168.0,124.43188826463783,131.85892116182572
3,2026-05-19,LABORAL,10:30,120.0,109.70909674447864,116.85123966942149
3,2026-05-19,LABORAL,11:00,95.0,107.42515167237298,111.7396694214876
3,2026-05-19,LABORAL,11:30,184.0,129.62577377424958,130.3801652892562
3,2026-05-19,LABORAL,12:00,141.0,167.9243121531652,170.50617283950618
3,2026-05-19,LABORAL,12:30,142.0,136.74858169977182,140.08713692946057
3,2026-05-19,LABORAL,13:00,197.0,133.2566393318966,142.5082644628099
3,2026-05-19,LABORAL,13:30,84.0,139.77555414710136,136.1701244813278
3,2026-05-19,LABORAL,14:00,142.0,124.63155962177119,130.73333333333332
3,2026-05-19,LABORAL,14:30,114.0,148.3361861548165,145.60416666666666
3,2026-05-19,LABORAL,15:00,169.0,146.46616571386397,150.58091286307055
3,2026-05-19,LABORAL,15:30,195.0,126.86143857037648,144.5774058577406
3,2026-05-19,LABORAL,16:00,51.0,117.70093903841355,113.94491525423729
3,2026-05-19,LABORAL,16:30,58.0,70.62458520871974,85.10169491525424
3,2026-05-19,LABORAL,17:00,44.0,48.061351184121605,56.351485148514854
3,2026-05-20,LABORAL,04:00,45.0,53.224096848571506,54.302439024390246
3,2026-05-20,LABORAL,04:30,133.0,139.36159074978963,157.58264462809916
3,2026-05-20,LABORAL,05:00,268.0,276.4960533703185,278.880658436214
3,2026-05-20,LABORAL,05:30,285.0,253.96658333673025,270.9382716049383
3,2026-05-20,LABORAL,06:00,241.0,282.84306063704264,295.1934156378601
3,2026-05-20,LABORAL,06:30,284.0,210.08169234093629,224.01234567901236
3,2026-05-20,LABORAL,07:00,139.0,172.14506478203944,177.67078189300412
3,2026-05-20,LABORAL,07:30,139.0,154.98648871864793,159.3388429752066
3,2026-05-20,LABORAL,08:00,158.0,134.82248428908755,145.46861924686192
3,2026-05-20,LABORAL,08:30,101.0,138.322930466478,146.50413223140495
3,2026-05-20,LABORAL,09:00,175.0,128.88100821475913,139.47107438016528
3,2026-05-20,LABORAL,09:30,80.0,116.25189326217946,122.21576763485477
3,2026-05-20,LABORAL,10:00,139.0,125.67839701818448,131.8423236514523
3,2026-05-20,LABORAL,10:30,99.0,107.41686481828057,116.78099173553719
3,2026-05-20,LABORAL,11:00,87.0,113.23658457256789,111.72727272727273
3,2026-05-20,LABORAL,11:30,70.0,132.0950896653108,130.39256198347107
3,2026-05-20,LABORAL,12:00,201.0,159.08080053520817,170.45679012345678
3,2026-05-20,LABORAL,12:30,151.0,133.82276501206312,140.21576763485479
3,2026-05-20,LABORAL,13:00,132.0,135.82480656996776,142.61570247933884
3,2026-05-20,LABORAL,13:30,153.0,127.43759026512623,135.92946058091286
3,2026-05-20,LABORAL,14:00,104.0,122.79149594377274,130.48333333333332
3,2026-05-20,LABORAL,14:30,194.0,146.28286823351021,145.39583333333334
3,2026-05-20,LABORAL,15:00,100.0,131.09625632719477,150.47717842323652
3,2026-05-20,LABORAL,15:30,71.0,132.28231156090914,144.71966527196653
3,2026-05-20,LABORAL,16:00,120.0,106.58176309544267,113.58474576271186
3,2026-05-20,LABORAL,16:30,41.0,75.74870961865038,85.0677966101695
3,2026-05-20,LABORAL,17:00,12.0,42.32952921866021,56.06435643564357
3,2026-05-23,SABADO,04:00,22.0,30.406753994500022,37.61363636363637
3,2026-05-23,SABADO,04:30,120.0,76.08998561824788,103.48076923076923
3,2026-05-23,SABADO,05:00,143.0,100.93379033842183,159.01923076923077
3,2026-05-23,SABADO,05:30,176.0,85.03264078494716,165.51923076923077
3,2026-05-23,SABADO,06:00,244.0,139.42285085295265,205.51923076923077
3,2026-05-23,SABADO,06:30,99.0,123.76943731633162,183.92307692307693
3,2026-05-23,SABADO,07:00,131.0,99.98749975000808,138.40384615384616
3,2026-05-23,SABADO,07:30,82.0,89.36821265587284,116.82692307692308
3,2026-05-23,SABADO,08:00,158.0,96.33318236811968,115.73076923076923
3,2026-05-23,SABADO,08:30,86.0,88.84267661104809,109.43137254901961
3,2026-05-23,SABADO,09:00,97.0,80.55362503738695,93.9423076923077
3,2026-05-23,SABADO,09:30,104.0,72.9705095637136,89.96153846153847
3,2026-05-23,SABADO,10:00,53.0,76.37611049366598,92.11538461538461
3,2026-05-23,SABADO,10:30,65.0,70.81447057671627,89.25
3,2026-05-23,SABADO,11:00,68.0,65.35184489581172,96.07843137254902
3,2026-05-23,SABADO,11:30,48.0,74.0769885123708,89.6078431372549
3,2026-05-23,SABADO,12:00,85.0,70.87736917030823,87.8076923076923
3,2026-05-23,SABADO,12:30,73.0,50.13518635207738,78.87755102040816
3,2026-05-23,SABADO,13:00,50.0,69.43992914199843,72.48936170212765
3,2026-05-23,SABADO,13:30,56.0,45.23147147994433,67.2
3,2026-05-23,SABADO,14:00,32.0,55.60779796700706,72.6734693877551
3,2026-05-23,SABADO,15:00,48.0,57.52268532674613,69.6304347826087
3,2026-05-23,SABADO,15:30,44.0,56.295648836983176,68.56521739130434
3,2026-05-23,SABADO,16:00,54.0,39.20096318129053,49.88095238095238
3,2026-05-23,SABADO,16:30,30.0,23.630489199290707,46.172413793103445
3,2026-05-24,DOMINGO,07:00,11.0,27.193991957308626,29.682926829268293
3,2026-05-24,DOMINGO,08:00,24.0,25.74394596739492,39.71739130434783
3,2026-05-24,DOMINGO,08:30,80.0,33.31026914968419,38.333333333333336
3,2026-05-24,DOMINGO,09:30,24.0,31.732641381743022,34.7
3,2026-05-24,DOMINGO,10:00,22.0,30.684771415189942,40.325
3,2026-05-24,DOMINGO,11:00,74.0,33.93564711620526,36.542857142857144
3,2026-05-24,DOMINGO,12:00,32.0,35.096149368518184,36.114285714285714
3,2026-05-24,DOMINGO,12:30,40.0,28.7115388292805,31.5
3,2026-05-24,DOMINGO,13:30,23.0,31.426496223852382,30.933333333333334
3,2026-05-24,DOMINGO,14:00,25.0,36.960436845026834,30.7027027027027
3,2026-05-24,DOMINGO,15:00,29.0,25.334432098012826,36.06896551724138
3,2026-05-25,LABORAL,04:00,48.0,58.97017765599608,54.193236714975846
3,2026-05-25,LABORAL,04:30,205.0,154.9314971227849,156.64730290456433
3,2026-05-25,LABORAL,05:00,304.0,271.66304585316993,277.6735537190083
3,2026-05-25,LABORAL,05:30,214.0,261.1711272017018,269.87603305785126
3,2026-05-25,LABORAL,06:00,300.0,284.57171757043653,294.7107438016529
3,2026-05-25,LABORAL,06:30,131.0,219.85931323851383,223.9214876033058
3,2026-05-25,LABORAL,07:00,239.0,174.7572461061103,177.16528925619835
3,2026-05-25,LABORAL,07:30,110.0,146.0214840312682,159.01659751037346
3,2026-05-25,LABORAL,08:00,122.0,131.5570758709819,145.2731092436975
3,2026-05-25,LABORAL,08:30,223.0,141.4999664036147,146.35269709543567
3,2026-05-25,LABORAL,09:00,111.0,139.41046639985845,139.58921161825725
3,2026-05-25,LABORAL,09:30,113.0,128.89798369327607,121.94583333333334
3,2026-05-25,LABORAL,10:00,144.0,129.6049742776638,131.55
3,2026-05-25,LABORAL,10:30,105.0,117.59269486497988,116.57676348547717
3,2026-05-25,LABORAL,11:00,62.0,97.19835021381324,111.4356846473029
3,2026-05-25,LABORAL,11:30,230.0,127.17140659649625,130.2625
3,2026-05-25,LABORAL,12:00,61.0,175.9533498795701,170.29338842975207
3,2026-05-25,LABORAL,12:30,217.0,143.45474653466164,140.275
3,2026-05-25,LABORAL,13:00,62.0,144.90919850729088,142.3278008298755
3,2026-05-25,LABORAL,13:30,151.0,144.72841360049836,136.03333333333333
3,2026-05-25,LABORAL,14:00,143.0,119.29921727632956,129.64853556485355
3,2026-05-25,LABORAL,14:30,122.0,150.54497756863074,145.6694560669456
3,2026-05-25,LABORAL,15:00,103.0,164.97537796267773,149.8375
3,2026-05-25,LABORAL,15:30,180.0,129.50215827771962,143.31932773109244
3,2026-05-25,LABORAL,16:00,71.0,105.32821874006123,112.91489361702128
3,2026-05-25,LABORAL,16:30,73.0,81.69216788796776,84.61702127659575
3,2026-05-25,LABORAL,17:00,30.0,52.43455699933645,55.2636815920398
3,2026-05-25,LABORAL,17:30,27.0,25.221119908705674,33.041666666666664
3,2026-05-26,LABORAL,04:00,47.0,48.6575918457506,54.16346153846154
3,2026-05-26,LABORAL,04:30,166.0,135.73385657323675,156.66390041493776
3,2026-05-26,LABORAL,05:00,314.0,280.37194012310374,277.3512396694215
3,2026-05-26,LABORAL,05:30,195.0,242.29479712008836,269.3347107438017
3,2026-05-26,LABORAL,06:00,342.0,278.91601416515186,294.79338842975204
3,2026-05-26,LABORAL,06:30,210.0,210.3373279848318,223.13223140495867
3,2026-05-26,LABORAL,07:00,168.0,173.340795725866,177.53719008264463
3,2026-05-26,LABORAL,07:30,120.0,159.0201408708599,158.80082987551867
3,2026-05-26,LABORAL,08:00,159.0,141.70973808141858,145.52941176470588
3,2026-05-26,LABORAL,08:30,126.0,145.6634946381364,146.49377593360995
3,2026-05-26,LABORAL,09:00,158.0,131.3802216642961,139.4356846473029
3,2026-05-26,LABORAL,09:30,104.0,136.93938588378091,121.87083333333334
3,2026-05-26,LABORAL,10:00,132.0,129.1303407622921,131.55
3,2026-05-26,LABORAL,10:30,143.0,108.51100413843496,116.41908713692946
3,2026-05-26,LABORAL,11:00,113.0,109.33096881886908,111.14522821576763
3,2026-05-26,LABORAL,11:30,127.0,144.63630926778,130.4375
3,2026-05-26,LABORAL,12:00,211.0,176.13554918574755,169.48760330578511
3,2026-05-26,LABORAL,12:30,156.0,125.41549401628016,140.56666666666666
3,2026-05-26,LABORAL,13:00,64.0,127.76015825449592,141.96265560165975
3,2026-05-26,LABORAL,13:30,210.0,124.5562406659705,136.17083333333332
3,2026-05-26,LABORAL,14:00,65.0,114.22732446039859,129.55648535564853
3,2026-05-26,LABORAL,14:30,201.0,133.20181619285103,145.64435146443515
3,2026-05-26,LABORAL,15:00,87.0,117.05497827878746,149.35833333333332
3,2026-05-26,LABORAL,15:30,135.0,122.48924755319004,143.08403361344537
3,2026-05-26,LABORAL,16:00,97.0,107.29170667502525,112.85531914893618
3,2026-05-26,LABORAL,16:30,56.0,67.14280984855239,84.34468085106383
3,2026-05-26,LABORAL,17:00,27.0,39.02132147710657,54.8955223880597
3,2026-05-27,LABORAL,04:00,42.0,53.79295685660975,54.12918660287081
3,2026-05-27,LABORAL,04:30,215.0,134.26769620015367,156.47717842323652
3,2026-05-27,LABORAL,05:00,118.0,277.8013838644673,277.10743801652893
3,2026-05-27,LABORAL,05:30,241.0,241.37250188696677,268.6404958677686
3,2026-05-27,LABORAL,06:00,261.0,274.25638672770907,294.87603305785126
3,2026-05-27,LABORAL,06:30,150.0,195.98837920206694,222.85537190082644
3,2026-05-27,LABORAL,07:00,128.0,159.8463629155326,177.52892561983472
3,2026-05-27,LABORAL,07:30,162.0,147.8884334054212,158.3402489626556
3,2026-05-27,LABORAL,08:00,119.0,132.1299195029524,145.5546218487395
3,2026-05-27,LABORAL,08:30,46.0,131.788562789915,146.3609958506224
3,2026-05-27,LABORAL,09:00,152.0,128.01382019927723,139.4564315352697
3,2026-05-27,LABORAL,09:30,48.0,114.44503703424684,121.70833333333333
3,2026-05-27,LABORAL,10:00,145.0,116.41129815953738,131.28333333333333
3,2026-05-27,LABORAL,10:30,110.0,98.50674016462237,116.42738589211618
3,2026-05-27,LABORAL,11:00,131.0,111.63848607754204,111.05809128630706
3,2026-05-27,LABORAL,11:30,89.0,125.80937770003666,130.4125
3,2026-05-27,LABORAL,12:00,160.0,160.34194432563822,169.30578512396696
3,2026-05-27,LABORAL,12:30,128.0,135.60409465109416,140.52916666666667
3,2026-05-27,LABORAL,13:00,76.0,125.88623071391515,141.52697095435684
3,2026-05-27,LABORAL,13:30,149.0,125.15388217197705,136.60833333333332
3,2026-05-27,LABORAL,14:00,109.0,114.06041897366556,129.01673640167365
3,2026-05-27,LABORAL,14:30,113.0,144.08180489296737,145.34309623430963
3,2026-05-27,LABORAL,15:00,164.0,115.1995727804198,148.88333333333333
3,2026-05-27,LABORAL,15:30,69.0,120.82294901478456,142.6344537815126
3,2026-05-27,LABORAL,16:00,86.0,113.98716760859357,112.52340425531915
3,2026-05-27,LABORAL,16:30,54.0,58.36478941990562,84.1404255319149
3,2026-05-28,LABORAL,04:00,50.0,42.07024036506891,54.07142857142857
3,2026-05-28,LABORAL,04:30,148.0,131.10789598197425,156.49792531120332
3,2026-05-28,LABORAL,05:00,237.0,206.3522970723482,276.23553719008265
3,2026-05-28,LABORAL,05:30,214.0,165.1617719759804,268.40495867768595
3,2026-05-28,LABORAL,06:00,329.0,222.42663544064675,295.03719008264466
3,2026-05-28,LABORAL,06:30,157.0,139.44995634893917,222.8099173553719
3,2026-05-28,LABORAL,07:00,208.0,140.8447188461713,177.35537190082644
3,2026-05-28,LABORAL,07:30,60.0,128.2864648996544,158.25726141078837
3,2026-05-28,LABORAL,08:00,173.0,112.51430404105278,145.609243697479
3,2026-05-28,LABORAL,08:30,74.0,137.0012574232395,146.09958506224066
3,2026-05-28,LABORAL,09:00,169.0,115.94753929078918,139.33195020746888
3,2026-05-28,LABORAL,09:30,94.0,111.31341812746707,121.48333333333333
3,2026-05-28,LABORAL,10:00,75.0,101.91505843483483,131.5375
3,2026-05-28,LABORAL,10:30,164.0,81.60017631741881,116.52697095435684
3,2026-05-28,LABORAL,11:00,119.0,76.22505469219973,111.16597510373444
3,2026-05-28,LABORAL,11:30,143.0,102.2901768357534,130.57083333333333
3,2026-05-28,LABORAL,12:00,103.0,138.89501574822512,169.4090909090909
3,2026-05-28,LABORAL,12:30,145.0,99.01343092335576,140.5375
3,2026-05-28,LABORAL,13:00,93.0,159.17207499664204,141.47717842323652
3,2026-05-28,LABORAL,13:30,123.0,93.83778690765561,136.83333333333334
3,2026-05-28,LABORAL,14:00,115.0,109.94959907735873,128.97907949790795
3,2026-05-28,LABORAL,14:30,168.0,122.27912320827005,145.0836820083682
3,2026-05-28,LABORAL,15:00,101.0,153.117425250415,148.94166666666666
3,2026-05-28,LABORAL,15:30,128.0,100.26243919302424,142.4327731092437
3,2026-05-28,LABORAL,16:00,130.0,70.7669267291017,112.43829787234043
3,2026-05-28,LABORAL,16:30,40.0,75.2751762817128,84.05531914893616
3,2026-05-28,LABORAL,17:00,36.0,69.37116657049005,54.845
3,2026-05-29,LABORAL,04:00,116.0,50.84966553040215,54.052132701421804
3,2026-05-29,LABORAL,04:30,69.0,132.12630560245387,155.78838174273858
3,2026-05-29,LABORAL,05:00,243.0,245.6009694595465,276.0289256198347
3,2026-05-29,LABORAL,05:30,317.0,211.08702907676508,268.8264462809917
3,2026-05-29,LABORAL,06:00,215.0,264.46150807264075,295.58677685950414
3,2026-05-29,LABORAL,06:30,257.0,202.71623034755427,222.16528925619835
3,2026-05-29,LABORAL,07:00,146.0,164.8311464789195,177.55371900826447
3,2026-05-29,LABORAL,07:30,173.0,139.00782540083154,157.92116182572613
3,2026-05-29,LABORAL,08:00,122.0,138.3089290370021,145.81512605042016
3,2026-05-29,LABORAL,08:30,88.0,147.99886604643666,146.00414937759336
3,2026-05-29,LABORAL,09:00,146.0,131.76473730759065,139.43153526970954
3,2026-05-29,LABORAL,09:30,138.0,108.87740778347842,121.52083333333333
3,2026-05-29,LABORAL,10:00,86.0,118.0017912881647,131.40833333333333
3,2026-05-29,LABORAL,10:30,87.0,104.97417165665901,116.8298755186722
3,2026-05-29,LABORAL,11:00,145.0,104.7815331957145,111.23236514522821
3,2026-05-29,LABORAL,11:30,74.0,121.9035210759675,130.7125
3,2026-05-29,LABORAL,12:00,190.0,151.159932125389,169.19834710743802
3,2026-05-29,LABORAL,12:30,149.0,116.4089390350392,140.70416666666668
3,2026-05-29,LABORAL,13:00,174.0,141.98231364417273,141.2240663900415
3,2026-05-29,LABORAL,13:30,56.0,114.36512141908707,136.86666666666667
3,2026-05-29,LABORAL,14:00,118.0,121.0496014933135,129.06276150627616
3,2026-05-29,LABORAL,14:30,168.0,119.86523675292115,145.3723849372385
3,2026-05-29,LABORAL,15:00,138.0,118.4034479402818,148.86666666666667
3,2026-05-29,LABORAL,15:30,84.0,105.40492317861862,142.1638655462185
3,2026-05-29,LABORAL,16:00,72.0,82.8950939874504,112.33191489361703
3,2026-05-29,LABORAL,16:30,75.0,58.62427257016111,83.88510638297872
3,2026-05-29,LABORAL,17:00,19.0,51.71981978420219,54.735
3,2026-05-30,SABADO,04:30,175.0,37.18606209543303,103.51923076923077
3,2026-05-30,SABADO,05:00,105.0,91.42450870405395,158.01923076923077
3,2026-05-30,SABADO,05:30,174.0,165.63654177392212,164.53846153846155
3,2026-05-30,SABADO,06:00,122.0,143.1974503476997,206.01923076923077
3,2026-05-30,SABADO,06:30,210.0,199.94449086391157,181.96153846153845
3,2026-05-30,SABADO,07:00,142.0,176.05912069456934,138.09615384615384
3,2026-05-30,SABADO,07:30,104.0,125.38006106460911,115.61538461538461
3,2026-05-30,SABADO,08:00,49.0,117.59039882490384,117.28846153846153
3,2026-05-30,SABADO,08:30,139.0,109.1466990514995,108.45098039215686
3,2026-05-30,SABADO,09:00,80.0,106.99419995783373,93.53846153846153
3,2026-05-30,SABADO,09:30,59.0,92.20319102892279,90.88461538461539
3,2026-05-30,SABADO,10:00,99.0,80.84570676430116,89.9423076923077
3,2026-05-30,SABADO,10:30,51.0,87.66795579054883,88.25
3,2026-05-30,SABADO,11:00,30.0,84.72709790724173,95.31372549019608
3,2026-05-30,SABADO,11:30,121.0,88.7965747652614,88.31372549019608
3,2026-05-30,SABADO,12:00,105.0,88.29125939744819,87.34615384615384
3,2026-05-30,SABADO,12:30,18.0,89.62372589227616,79.3265306122449
3,2026-05-30,SABADO,13:00,36.0,67.02329102226845,71.57446808510639
3,2026-05-30,SABADO,13:30,58.0,77.0265117131367,67.74
3,2026-05-30,SABADO,14:00,54.0,60.176891797487016,70.73469387755102
3,2026-05-30,SABADO,14:30,31.0,74.54625082210677,62.255319148936174
3,2026-05-30,SABADO,15:00,81.0,50.956499837606,69.91304347826087
3,2026-05-30,SABADO,15:30,39.0,48.176468804127595,66.80434782608695
3,2026-05-31,DOMINGO,07:00,29.0,26.94883188994642,29.195121951219512
3,2026-05-31,DOMINGO,08:00,29.0,27.442329259177043,39.21739130434783
3,2026-05-31,DOMINGO,08:30,37.0,32.13367340886042,39.51282051282051
3,2026-05-31,DOMINGO,09:00,32.0,31.091907264508478,35.611111111111114
3,2026-05-31,DOMINGO,10:00,61.0,33.25472759703784,39.425
3,2026-05-31,DOMINGO,11:00,25.0,31.8256876916587,37.48571428571429
3,2026-05-31,DOMINGO,11:30,42.0,38.22561234394516,34.411764705882355
3,2026-05-31,DOMINGO,14:00,24.0,28.011750000113025,30.675675675675677
3,2026-05-31,DOMINGO,14:30,23.0,32.105501100135626,32.76470588235294
3,2026-06-01,LABORAL,04:00,49.0,51.39715281250611,54.344339622641506
3,2026-06-01,LABORAL,04:30,131.0,141.08400475064155,155.16597510373444
3,2026-06-01,LABORAL,05:00,236.0,268.3302392019367,275.9504132231405
3,2026-06-01,LABORAL,05:30,237.0,235.08145908752772,268.6198347107438
3,2026-06-01,LABORAL,06:00,226.0,285.70342478982104,295.2396694214876
3,2026-06-01,LABORAL,06:30,187.0,218.39600447020416,222.21074380165288
3,2026-06-01,LABORAL,07:00,167.0,174.07544038750586,177.16528925619835
3,2026-06-01,LABORAL,07:30,106.0,149.9655476984719,157.76763485477179
3,2026-06-01,LABORAL,08:00,77.0,136.7981052668363,145.74789915966386
3,2026-06-01,LABORAL,08:30,156.0,139.0054763693775,145.60995850622407
3,2026-06-01,LABORAL,09:00,43.0,140.97384009259025,139.1576763485477
3,2026-06-01,LABORAL,09:30,143.0,116.13797152441884,121.62916666666666
3,2026-06-01,LABORAL,10:00,139.0,133.692915898245,131.33333333333334
3,2026-06-01,LABORAL,11:00,74.0,114.1250277627511,111.2655601659751
3,2026-06-01,LABORAL,11:30,150.0,98.28550619769197,130.525
3,2026-06-01,LABORAL,12:00,136.0,133.53750717238248,169.04132231404958
3,2026-06-01,LABORAL,12:30,172.0,172.70292893026738,140.7375
3,2026-06-01,LABORAL,13:00,70.0,134.5964674909315,141.29045643153526
3,2026-06-01,LABORAL,13:30,110.0,137.91748657404875,136.14166666666668
3,2026-06-01,LABORAL,14:00,82.0,136.47144714904033,128.94142259414227
3,2026-06-01,LABORAL,14:30,178.0,124.26098495882032,145.53556485355648
3,2026-06-01,LABORAL,15:00,47.0,140.75979021541437,148.7
3,2026-06-01,LABORAL,15:30,117.0,141.926384947506,141.5546218487395
3,2026-06-01,LABORAL,16:00,63.0,114.67864810263644,112.02127659574468
3,2026-06-01,LABORAL,16:30,52.0,114.0724452755208,83.65106382978723
3,2026-06-02,LABORAL,04:30,167.0,47.24200243675659,155.06611570247935
3,2026-06-02,LABORAL,05:00,224.0,134.2763449973446,275.7860082304527
3,2026-06-02,LABORAL,05:30,286.0,246.94942128810618,268.4897119341564
3,2026-06-02,LABORAL,06:00,279.0,212.49551483321503,294.95473251028807
3,2026-06-02,LABORAL,06:30,120.0,255.9911921684642,222.06584362139918
3,2026-06-02,LABORAL,07:00,227.0,192.83581745625133,177.12345679012347
3,2026-06-02,LABORAL,07:30,65.0,149.7381002848997,157.55371900826447
3,2026-06-02,LABORAL,08:00,173.0,146.59016241577845,145.4602510460251
3,2026-06-02,LABORAL,08:30,84.0,122.15762275105715,145.65289256198346
3,2026-06-02,LABORAL,09:00,121.0,130.39754469839426,138.7603305785124
3,2026-06-02,LABORAL,09:30,194.0,118.62298073301847,121.71784232365145
3,2026-06-02,LABORAL,10:00,72.0,102.22881131082617,131.36514522821577
3,2026-06-02,LABORAL,10:30,161.0,116.93802151571757,116.44813278008299
3,2026-06-02,LABORAL,11:00,94.0,97.61850024512574,111.11157024793388
3,2026-06-02,LABORAL,11:30,101.0,102.97550006235355,130.6058091286307
3,2026-06-02,LABORAL,12:00,188.0,124.13667134430666,168.90534979423867
3,2026-06-02,LABORAL,12:30,135.0,155.19684384516268,140.86721991701245
3,2026-06-02,LABORAL,13:00,105.0,119.684749300782,140.99586776859505
3,2026-06-02,LABORAL,13:30,103.0,131.18893902107416,136.0331950207469
3,2026-06-02,LABORAL,14:00,120.0,126.3515850797954,128.74583333333334
3,2026-06-02,LABORAL,14:30,152.0,107.8638502604199,145.67083333333332
3,2026-06-02,LABORAL,15:00,174.0,124.93903187564695,148.2780082987552
3,2026-06-02,LABORAL,15:30,97.0,130.42437088093212,141.4518828451883
3,2026-06-02,LABORAL,16:00,102.0,114.04475197946681,111.8135593220339
3,2026-06-02,LABORAL,16:30,76.0,101.19008184850475,83.51694915254237
3,2026-06-03,LABORAL,04:30,170.0,52.93371654646165,155.03719008264463
3,2026-06-03,LABORAL,05:00,253.0,151.37422531795443,275.38271604938274
3,2026-06-03,LABORAL,05:30,311.0,298.7488844579265,267.9382716049383
3,2026-06-03,LABORAL,06:00,202.0,275.2785146185174,295.13168724279836
3,2026-06-03,LABORAL,06:30,215.0,306.05111854649556,221.30041152263374
3,2026-06-03,LABORAL,07:00,135.0,228.1078126146516,177.2798353909465
3,2026-06-03,LABORAL,07:30,155.0,178.63694281300835,157.30578512396696
3,2026-06-03,LABORAL,08:00,105.0,162.74160937714436,145.35983263598325
3,2026-06-03,LABORAL,08:30,153.0,138.11769776348768,145.08677685950414
3,2026-06-03,LABORAL,09:00,68.0,140.1626577964664,138.48347107438016
3,2026-06-03,LABORAL,09:30,114.0,136.1992661319896,121.86721991701245
3,2026-06-03,LABORAL,10:00,127.0,111.65539900086523,131.2655601659751
3,2026-06-03,LABORAL,10:30,121.0,129.4636851282517,116.2240663900415
3,2026-06-03,LABORAL,11:00,101.0,114.05070715337402,110.89256198347107
3,2026-06-03,LABORAL,11:30,84.0,117.2447300590528,130.52697095435684
3,2026-06-03,LABORAL,12:00,163.0,137.20268812743114,169.10288065843622
3,2026-06-03,LABORAL,12:30,82.0,168.26282210591972,140.38589211618256
3,2026-06-03,LABORAL,13:00,146.0,141.65910214038175,140.63636363636363
3,2026-06-03,LABORAL,13:30,116.0,145.02016606499623,135.79253112033194
3,2026-06-03,LABORAL,14:00,93.0,138.71033880100362,128.55416666666667
3,2026-06-03,LABORAL,14:30,152.0,130.19233415726848,145.51666666666668
3,2026-06-03,LABORAL,15:00,53.0,152.02923403849337,148.17842323651453
3,2026-06-03,LABORAL,15:30,122.0,143.318193687201,140.69874476987448
3,2026-06-03,LABORAL,16:00,109.0,135.03770986939793,111.97457627118644
3,2026-06-03,LABORAL,16:30,46.0,110.06105526256206,83.21610169491525
3,2026-06-03,LABORAL,17:00,29.0,65.95858006556631,54.20603015075377
3,2026-06-04,LABORAL,04:30,157.0,54.42097656809838,154.8388429752066
3,2026-06-04,LABORAL,05:00,293.0,152.28832933547957,275.02880658436214
3,2026-06-04,LABORAL,05:30,240.0,291.30256366603857,267.6255144032922
3,2026-06-04,LABORAL,06:00,278.0,260.83157561476344,295.0
3,2026-06-04,LABORAL,06:30,128.0,298.0743960929668,221.2716049382716
3,2026-06-04,LABORAL,07:00,157.0,221.72834287930368,176.53086419753086
3,2026-06-04,LABORAL,07:30,117.0,177.77972133411768,156.9214876033058
3,2026-06-04,LABORAL,08:00,67.0,155.38308234377803,145.36820083682008
3,2026-06-04,LABORAL,08:30,183.0,137.54053577541185,145.02892561983472
3,2026-06-04,LABORAL,09:00,64.0,140.0564936955073,138.13636363636363
3,2026-06-04,LABORAL,09:30,85.0,137.34412999739155,121.79668049792531
3,2026-06-04,LABORAL,10:00,129.0,108.80112708092213,131.149377593361
3,2026-06-04,LABORAL,10:30,90.0,129.03346685453005,116.14522821576763
3,2026-06-04,LABORAL,11:00,92.0,113.0670310866646,110.72314049586777
3,2026-06-04,LABORAL,11:30,106.0,113.72355549983527,130.24066390041494
3,2026-06-04,LABORAL,12:00,133.0,134.81059084233115,168.9835390946502
3,2026-06-04,LABORAL,12:30,123.0,163.16806361416872,140.0622406639004
3,2026-06-04,LABORAL,13:00,84.0,134.11642846331392,140.63223140495867
3,2026-06-04,LABORAL,13:30,134.0,145.60498115247745,135.54771784232366
3,2026-06-04,LABORAL,14:00,97.0,131.96726898969524,128.18333333333334
3,2026-06-04,LABORAL,14:30,123.0,128.30950742195589,145.55833333333334
3,2026-06-04,LABORAL,15:00,119.0,146.56707969347158,147.45228215767634
3,2026-06-04,LABORAL,15:30,112.0,132.46096748892674,140.26359832635984
3,2026-06-04,LABORAL,16:00,77.0,121.59796519368443,111.70338983050847
3,2026-06-04,LABORAL,16:30,73.0,102.64329471720775,83.02542372881356
3,2026-06-04,LABORAL,17:00,58.0,60.210866815290274,53.949748743718594
3,2026-06-05,LABORAL,04:30,142.0,48.12699473264887,154.6487603305785
3,2026-06-05,LABORAL,05:00,269.0,131.46878225460833,274.7366255144033
3,2026-06-05,LABORAL,05:30,193.0,220.89984806174482,267.36213991769546
3,2026-06-05,LABORAL,06:00,329.0,196.4248186432086,294.5308641975309
3,2026-06-05,LABORAL,06:30,178.0,240.1878300010988,220.93004115226339
3,2026-06-05,LABORAL,07:00,132.0,185.61804983398238,176.5761316872428
3,2026-06-05,LABORAL,07:30,125.0,145.4054566844629,156.61570247933884
3,2026-06-05,LABORAL,08:00,138.0,136.1030210001154,144.93305439330544
3,2026-06-05,LABORAL,08:30,108.0,124.51975064132013,145.02892561983472
3,2026-06-05,LABORAL,09:00,118.0,128.99754290151176,137.6900826446281
3,2026-06-05,LABORAL,09:30,59.0,108.85288094286716,121.44398340248962
3,2026-06-05,LABORAL,10:00,140.0,99.7336067611277,130.91286307053943
3,2026-06-05,LABORAL,10:30,112.0,108.37194492872109,116.18257261410788
3,2026-06-05,LABORAL,11:00,109.0,91.30238219407875,110.52066115702479
3,2026-06-05,LABORAL,11:30,90.0,100.54931027348468,129.85892116182572
3,2026-06-05,LABORAL,12:00,178.0,116.23976050876344,168.8724279835391
3,2026-06-05,LABORAL,12:30,114.0,133.1632450689297,139.83817427385893
3,2026-06-05,LABORAL,13:00,45.0,102.40432005583553,140.28925619834712
3,2026-06-05,LABORAL,13:30,158.0,120.91238955993721,135.24896265560167
3,2026-06-05,LABORAL,14:00,125.0,100.09915265987459,128.05833333333334
3,2026-06-05,LABORAL,14:30,110.0,103.64256784755655,145.47083333333333
3,2026-06-05,LABORAL,15:00,126.0,111.64062919057365,147.21991701244812
3,2026-06-05,LABORAL,15:30,110.0,101.94490513309111,139.907949790795
3,2026-06-05,LABORAL,16:00,110.0,88.47693635295909,111.66525423728814
3,2026-06-05,LABORAL,16:30,41.0,76.35137935004988,82.88559322033899
3,2026-06-06,SABADO,04:00,53.0,32.315944597994374,37.266666666666666
3,2026-06-06,SABADO,04:30,93.0,91.20168955600195,103.86538461538461
3,2026-06-06,SABADO,05:00,106.0,177.33346394742733,157.1153846153846
3,2026-06-06,SABADO,05:30,188.0,150.4587050425486,163.65384615384616
3,2026-06-06,SABADO,06:00,213.0,200.91490811510403,203.34615384615384
3,2026-06-06,SABADO,06:30,181.0,166.45751876370932,183.6153846153846
3,2026-06-06,SABADO,07:00,105.0,126.58491373089792,137.84615384615384
3,2026-06-06,SABADO,07:30,138.0,114.47434394813175,114.13461538461539
3,2026-06-06,SABADO,08:00,94.0,102.47360010683916,116.3076923076923
3,2026-06-06,SABADO,08:30,92.0,98.74097026751502,108.80392156862744
3,2026-06-06,SABADO,09:00,75.0,84.02461945979198,93.1923076923077
3,2026-06-06,SABADO,09:30,93.0,81.248844330835,89.38461538461539
3,2026-06-06,SABADO,10:00,100.0,82.9032035325848,89.51923076923077
3,2026-06-06,SABADO,10:30,96.0,86.8848540201469,86.98076923076923
3,2026-06-06,SABADO,11:00,65.0,87.8126018320848,93.52941176470588
3,2026-06-06,SABADO,11:30,48.0,93.68234640010593,88.56862745098039
3,2026-06-06,SABADO,12:00,93.0,91.51845323416418,87.23076923076923
3,2026-06-06,SABADO,12:30,72.0,68.97600835054138,78.73469387755102
3,2026-06-06,SABADO,13:00,41.0,76.88547131272735,70.25531914893617
3,2026-06-06,SABADO,13:30,82.0,66.99561016906567,66.84
3,2026-06-06,SABADO,14:00,30.0,71.79701049382044,71.06122448979592
3,2026-06-06,SABADO,14:30,48.0,61.111958316812945,61.51063829787234
3,2026-06-06,SABADO,15:00,75.0,52.47419713412246,70.82608695652173
3,2026-06-06,SABADO,16:00,52.0,46.161940647747315,49.51219512195122
3,2026-06-07,DOMINGO,06:30,52.0,25.74788990842866,32.75
3,2026-06-07,DOMINGO,07:00,23.0,28.534467225531472,29.341463414634145
3,2026-06-07,DOMINGO,07:30,19.0,33.84813295053107,33.18181818181818
3,2026-06-07,DOMINGO,08:00,38.0,31.05727958814161,38.95652173913044
3,2026-06-07,DOMINGO,08:30,30.0,65.80477690468518,38.53846153846154
3,2026-06-07,DOMINGO,09:00,25.0,35.01675257288322,35.861111111111114
3,2026-06-07,DOMINGO,09:30,44.0,38.50618671514164,34.12820512820513
3,2026-06-07,DOMINGO,10:00,26.0,35.40643437788229,40.375
3,2026-06-07,DOMINGO,10:30,47.0,40.36389284731953,38.64102564102564
3,2026-06-07,DOMINGO,11:00,27.0,41.15783306084778,36.74285714285714
3,2026-06-07,DOMINGO,11:30,28.0,32.99080398939556,34.628571428571426
3,2026-06-07,DOMINGO,12:00,25.0,33.60885560283879,35.0
3,2026-06-07,DOMINGO,12:30,26.0,30.40854372599955,31.941176470588236
3,2026-06-07,DOMINGO,13:00,20.0,35.04740058391013,30.914285714285715
3,2026-06-07,DOMINGO,13:30,12.0,28.262295131153195,30.733333333333334
3,2026-06-07,DOMINGO,14:00,26.0,34.023822243420526,30.64864864864865
3,2026-06-07,DOMINGO,14:30,18.0,28.48622582478707,32.76470588235294
3,2026-06-07,DOMINGO,15:00,18.0,37.008375021644,37.32142857142857
3,2026-06-08,FESTIVO_PUENTE,07:30,32.0,42.4073154950256,28.875
3,2026-06-08,FESTIVO_PUENTE,08:00,19.0,118.32902148176328,32.888888888888886
3,2026-06-08,FESTIVO_PUENTE,08:30,19.0,214.6271697835291,31.0
3,2026-06-08,FESTIVO_PUENTE,10:30,33.0,227.85884093813806,34.22222222222222
3,2026-06-08,FESTIVO_PUENTE,11:00,19.0,226.68365007818522,21.571428571428573
3,2026-06-08,FESTIVO_PUENTE,11:30,46.0,192.38494827273902,25.125
3,2026-06-08,FESTIVO_PUENTE,13:30,23.0,140.23416922421674,31.125
3,2026-06-08,FESTIVO_PUENTE,15:00,31.0,127.25147557405202,33.833333333333336
3,2026-06-08,FESTIVO_PUENTE,15:30,25.0,119.4989754623056,53.0
3,2026-06-09,LABORAL,04:30,158.0,48.43893406480963,153.95435684647302
3,2026-06-09,LABORAL,05:00,185.0,148.4034027164405,274.75206611570246
3,2026-06-09,LABORAL,05:30,342.0,273.63200568173016,266.6528925619835
3,2026-06-09,LABORAL,06:00,230.0,258.4836276885021,294.4917355371901
3,2026-06-09,LABORAL,06:30,209.0,278.6679459895149,220.63223140495867
3,2026-06-09,LABORAL,07:00,135.0,226.15661864963604,176.3801652892562
3,2026-06-09,LABORAL,07:30,97.0,166.53873782460278,156.448132780083
3,2026-06-09,LABORAL,08:00,205.0,155.92866561620357,144.54621848739495
3,2026-06-09,LABORAL,08:30,107.0,145.80632522356208,144.5435684647303
3,2026-06-09,LABORAL,09:00,196.0,138.6466181171099,137.7344398340249
3,2026-06-09,LABORAL,09:30,139.0,134.30071393083983,120.89166666666667
3,2026-06-09,LABORAL,10:00,129.0,118.83468982429685,130.68333333333334
3,2026-06-09,LABORAL,10:30,108.0,130.8102297916726,116.1875
3,2026-06-09,LABORAL,11:00,98.0,112.52867666728179,110.51867219917013
3,2026-06-09,LABORAL,11:30,137.0,114.04391876961193,129.53333333333333
3,2026-06-09,LABORAL,12:00,180.0,134.72826322923157,168.90495867768595
3,2026-06-09,LABORAL,12:30,99.0,170.9864398940584,139.04583333333332
3,2026-06-09,LABORAL,13:00,148.0,140.8078248230469,139.95435684647302
3,2026-06-09,LABORAL,13:30,103.0,138.62126542096954,135.5
3,2026-06-09,LABORAL,14:00,92.0,140.648980826844,128.1715481171548
3,2026-06-09,LABORAL,14:30,169.0,123.60577544252148,145.3765690376569
3,2026-06-09,LABORAL,15:00,116.0,147.10820920387079,146.99583333333334
3,2026-06-09,LABORAL,15:30,105.0,149.50046964553783,139.4579831932773
3,2026-06-09,LABORAL,16:00,107.0,133.8846678000393,111.87234042553192
3,2026-06-09,LABORAL,16:30,44.0,108.96672529355052,82.55319148936171
3,2026-06-09,LABORAL,17:00,50.0,72.48794542397557,53.58375634517766
3,2026-06-10,LABORAL,04:00,29.0,53.058523986243586,54.35377358490566
3,2026-06-10,LABORAL,04:30,118.0,149.9249266220679,154.02489626556016
3,2026-06-10,LABORAL,05:00,285.0,288.807172900517,273.95454545454544
3,2026-06-10,LABORAL,05:30,257.0,266.99745899676657,266.68595041322317
3,2026-06-10,LABORAL,06:00,302.0,290.17698388904535,293.60330578512395
3,2026-06-10,LABORAL,06:30,180.0,236.42879219628605,220.7479338842975
3,2026-06-10,LABORAL,07:00,113.0,177.75878604785646,176.4214876033058
3,2026-06-10,LABORAL,07:30,113.0,157.17943856978698,156.0954356846473
3,2026-06-10,LABORAL,08:00,172.0,145.7215092666699,144.6218487394958
3,2026-06-10,LABORAL,08:30,66.0,140.48268744118224,144.46058091286307
3,2026-06-10,LABORAL,09:00,102.0,134.74315263132746,137.91286307053943
3,2026-06-10,LABORAL,09:30,128.0,120.05578123478973,120.75416666666666
3,2026-06-10,LABORAL,10:00,108.0,131.14796522689983,130.80416666666667
3,2026-06-10,LABORAL,10:30,45.0,113.80579440130637,115.93333333333334
3,2026-06-10,LABORAL,11:00,117.0,116.93391244063172,110.55601659751038
3,2026-06-10,LABORAL,11:30,113.0,133.04701447326062,129.6625
3,2026-06-10,LABORAL,12:00,112.0,166.25832926693653,169.03305785123968
3,2026-06-10,LABORAL,12:30,134.0,137.58682923952622,138.89583333333334
3,2026-06-10,LABORAL,13:00,53.0,138.52562065108475,140.2033195020747
3,2026-06-10,LABORAL,13:30,48.0,135.26229403843385,135.075
3,2026-06-10,LABORAL,14:30,55.0,126.36185756305008,145.418410041841
3,2026-06-10,LABORAL,15:00,41.0,147.9433961715537,147.0375
