route,dia_op,tipo_dia,hora,real,pred_gru,pred_media
1,2026-04-02,FESTIVO,07:00,65.0,34.99989024150847,26.8
1,2026-04-02,FESTIVO,07:30,23.0,53.17108531051973,27.0
1,2026-04-02,FESTIVO,08:00,11.0,55.51504211075191,30.833333333333332
1,2026-04-02,FESTIVO,09:00,20.0,51.70588578182236,41.0
1,2026-04-02,FESTIVO,09:30,25.0,51.232360778326445,33.333333333333336
1,2026-04-02,FESTIVO,10:00,21.0,40.80306977475021,25.25
1,2026-04-02,FESTIVO,10:30,19.0,51.079336724811554,36.166666666666664
1,2026-04-02,FESTIVO,11:00,23.0,51.548954512427365,42.4
1,2026-04-02,FESTIVO,11:30,33.0,34.83659689362449,26.75
1,2026-04-02,FESTIVO,12:00,18.0,57.50189351749471,32.0
1,2026-04-02,FESTIVO,12:30,45.0,35.651450621225464,43.8
1,2026-04-02,FESTIVO,13:00,21.0,49.669403736523556,19.333333333333332
1,2026-04-02,FESTIVO,13:30,49.0,42.61135884523547,32.6
1,2026-04-02,FESTIVO,15:00,27.0,45.44712359169202,21.333333333333332
1,2026-04-02,FESTIVO,15:30,30.0,52.152651497613085,40.333333333333336
1,2026-04-03,FESTIVO,08:00,14.0,24.340539354093764,28.0
1,2026-04-03,FESTIVO,08:30,30.0,21.915191702043344,36.166666666666664
1,2026-04-03,FESTIVO,09:00,16.0,33.32960220916962,37.5
1,2026-04-03,FESTIVO,11:00,12.0,19.150942891050832,39.166666666666664
1,2026-04-03,FESTIVO,11:30,28.0,50.92721655180927,28.0
1,2026-04-03,FESTIVO,12:00,19.0,38.11047655872983,29.2
1,2026-04-03,FESTIVO,12:30,18.0,30.726852859755155,44.0
1,2026-04-03,FESTIVO,14:30,31.0,49.111948742158944,31.75
1,2026-04-04,SABADO,04:30,37.0,46.46850003191612,86.25490196078431
1,2026-04-04,SABADO,05:00,48.0,41.28437780540288,62.01960784313726
1,2026-04-04,SABADO,05:30,51.0,53.659148012538644,98.17307692307692
1,2026-04-04,SABADO,06:00,42.0,62.48397874676375,99.34615384615384
1,2026-04-04,SABADO,06:30,66.0,53.61685672723463,114.75
1,2026-04-04,SABADO,07:00,38.0,56.672148599437705,105.5
1,2026-04-04,SABADO,07:30,63.0,49.96012373706387,110.15384615384616
1,2026-04-04,SABADO,08:00,80.0,57.18514381542361,104.36538461538461
1,2026-04-04,SABADO,08:30,23.0,64.13461916366865,102.57692307692308
1,2026-04-04,SABADO,09:00,89.0,52.42091821978165,98.42307692307692
1,2026-04-04,SABADO,09:30,54.0,45.485930364188164,95.26923076923077
1,2026-04-04,SABADO,10:00,73.0,45.99935555227049,90.90384615384616
1,2026-04-04,SABADO,10:30,30.0,46.76177950663441,96.48
1,2026-04-04,SABADO,11:00,17.0,50.29283229477273,102.17307692307692
1,2026-04-04,SABADO,11:30,104.0,48.38374976920005,83.3529411764706
1,2026-04-04,SABADO,12:00,71.0,77.07039706797423,94.86274509803921
1,2026-04-04,SABADO,13:00,99.0,63.592190111560306,76.68085106382979
1,2026-04-04,SABADO,13:30,21.0,78.0071682899401,82.63265306122449
1,2026-04-04,SABADO,14:30,36.0,89.97783852762731,73.3921568627451
1,2026-04-04,SABADO,15:00,124.0,98.34302267329176,75.52
1,2026-04-04,SABADO,16:00,48.0,117.50675106168298,58.895833333333336
1,2026-04-04,SABADO,17:00,26.0,137.41286879043076,40.333333333333336
1,2026-04-05,DOMINGO,07:00,29.0,30.721247725013725,33.76190476190476
1,2026-04-05,DOMINGO,07:30,23.0,25.049277030390257,34.32608695652174
1,2026-04-05,DOMINGO,08:30,28.0,36.57520332308704,45.266666666666666
1,2026-04-05,DOMINGO,09:00,28.0,44.49073599284077,41.58974358974359
1,2026-04-05,DOMINGO,10:00,18.0,38.568937366040274,34.78260869565217
1,2026-04-05,DOMINGO,10:30,28.0,38.05233195875779,35.26829268292683
1,2026-04-05,DOMINGO,11:00,30.0,36.32750289497514,37.1578947368421
1,2026-04-05,DOMINGO,12:30,23.0,39.23824886329808,39.23684210526316
1,2026-04-05,DOMINGO,13:30,21.0,46.52937190622863,31.52777777777778
1,2026-04-05,DOMINGO,14:00,21.0,37.84684838842003,32.54545454545455
1,2026-04-05,DOMINGO,15:00,23.0,31.820814878718195,35.0
1,2026-04-06,LABORAL,04:30,135.0,120.65790146303735,127.56198347107438
1,2026-04-06,LABORAL,05:00,73.0,105.71071666107272,124.78423236514523
1,2026-04-06,LABORAL,05:30,183.0,125.08843986271519,143.33471074380165
1,2026-04-06,LABORAL,06:00,106.0,136.415096515429,145.44214876033058
1,2026-04-06,LABORAL,06:30,160.0,121.9977354152943,133.298755186722
1,2026-04-06,LABORAL,07:00,157.0,130.582295219728,133.65289256198346
1,2026-04-06,LABORAL,07:30,54.0,134.14087658563207,137.95454545454547
1,2026-04-06,LABORAL,08:00,165.0,123.22516261098482,135.87966804979254
1,2026-04-06,LABORAL,08:30,123.0,131.33041243846907,138.09128630705393
1,2026-04-06,LABORAL,09:00,176.0,126.6697936651692,135.99585062240664
1,2026-04-06,LABORAL,09:30,155.0,108.76895189635077,123.4090909090909
1,2026-04-06,LABORAL,10:00,98.0,106.10627914379462,104.46280991735537
1,2026-04-06,LABORAL,10:30,80.0,88.49436137636657,98.14049586776859
1,2026-04-06,LABORAL,11:00,90.0,90.20821783613235,95.37603305785125
1,2026-04-06,LABORAL,11:30,84.0,99.18481577932316,101.76859504132231
1,2026-04-06,LABORAL,12:00,110.0,106.22979805339007,112.94628099173553
1,2026-04-06,LABORAL,12:30,165.0,125.04814456922097,136.1825726141079
1,2026-04-06,LABORAL,13:00,105.0,113.93546635839947,136.8512396694215
1,2026-04-06,LABORAL,13:30,192.0,153.3853750927289,147.03305785123968
1,2026-04-06,LABORAL,14:00,174.0,136.6633553798087,152.26666666666668
1,2026-04-06,LABORAL,14:30,113.0,123.39057813220646,159.24380165289256
1,2026-04-06,LABORAL,15:00,217.0,170.06132241202044,179.05371900826447
1,2026-04-06,LABORAL,15:30,135.0,167.24954255256463,182.33609958506224
1,2026-04-06,LABORAL,16:00,151.0,160.14725057871954,153.0954356846473
1,2026-04-06,LABORAL,16:30,118.0,102.09948594460319,126.92116182572614
1,2026-04-06,LABORAL,17:00,50.0,72.48839401089558,76.45689655172414
1,2026-04-06,LABORAL,17:30,20.0,27.602965413618335,39.70625
1,2026-04-06,LABORAL,18:00,21.0,5.621353719682162,21.4
1,2026-04-07,LABORAL,04:30,120.0,135.84801861106368,127.50826446280992
1,2026-04-07,LABORAL,05:00,126.0,132.85518313797994,124.6804979253112
1,2026-04-07,LABORAL,05:30,137.0,157.42594245510605,143.1900826446281
1,2026-04-07,LABORAL,06:00,143.0,158.05492592466226,145.1900826446281
1,2026-04-07,LABORAL,06:30,134.0,139.65039169306883,133.37759336099586
1,2026-04-07,LABORAL,07:00,107.0,148.05465601853453,133.79752066115702
1,2026-04-07,LABORAL,07:30,187.0,147.0695651556552,137.5495867768595
1,2026-04-07,LABORAL,08:00,164.0,145.5418460867208,135.90871369294607
1,2026-04-07,LABORAL,08:30,129.0,142.30078061050529,137.88796680497924
1,2026-04-07,LABORAL,09:00,152.0,145.28322060553643,136.04979253112035
1,2026-04-07,LABORAL,09:30,91.0,137.23937195545582,123.71487603305785
1,2026-04-07,LABORAL,10:00,176.0,107.93339163522275,104.24380165289256
1,2026-04-07,LABORAL,10:30,88.0,109.64976155339522,97.76859504132231
1,2026-04-07,LABORAL,11:00,84.0,96.49295149938044,95.24380165289256
1,2026-04-07,LABORAL,11:30,134.0,105.7555329570766,101.71900826446281
1,2026-04-07,LABORAL,12:00,113.0,111.3723745434852,112.62809917355372
1,2026-04-07,LABORAL,12:30,82.0,146.45837725325836,136.39834024896265
1,2026-04-07,LABORAL,13:00,149.0,137.96800192347584,136.77685950413223
1,2026-04-07,LABORAL,13:30,211.0,149.8495239286148,147.12809917355372
1,2026-04-07,LABORAL,14:00,180.0,150.48544628737045,152.3125
1,2026-04-07,LABORAL,14:30,114.0,149.46712010572722,159.0785123966942
1,2026-04-07,LABORAL,15:00,190.0,172.71722304266663,179.48347107438016
1,2026-04-07,LABORAL,15:30,194.0,182.5250006417908,182.11618257261412
1,2026-04-07,LABORAL,16:00,198.0,151.54276073435784,152.95850622406638
1,2026-04-07,LABORAL,16:30,148.0,126.7291435091888,126.86307053941908
1,2026-04-07,LABORAL,17:00,82.0,72.31470383586549,76.30603448275862
1,2026-04-08,LABORAL,04:30,126.0,126.52290093736006,127.34710743801652
1,2026-04-08,LABORAL,05:00,117.0,125.36555189505407,124.74688796680498
1,2026-04-08,LABORAL,05:30,125.0,145.97519235741024,143.35537190082644
1,2026-04-08,LABORAL,06:00,132.0,140.26078537577843,145.10743801652893
1,2026-04-08,LABORAL,06:30,189.0,129.02345307277113,133.30705394190872
1,2026-04-08,LABORAL,07:00,53.0,128.56423114716483,133.48347107438016
1,2026-04-08,LABORAL,07:30,118.0,133.84765061365212,137.72314049586777
1,2026-04-08,LABORAL,08:00,125.0,129.45036121348033,135.88796680497924
1,2026-04-08,LABORAL,08:30,184.0,127.89308893174949,138.07883817427387
1,2026-04-08,LABORAL,09:00,105.0,135.9861277529229,136.04149377593362
1,2026-04-08,LABORAL,09:30,120.0,123.99050719661251,123.3305785123967
1,2026-04-08,LABORAL,10:00,151.0,93.83815314721599,104.41322314049587
1,2026-04-08,LABORAL,10:30,70.0,100.68826278979977,97.76446280991736
1,2026-04-08,LABORAL,11:00,118.0,90.87457274076094,94.87603305785125
1,2026-04-08,LABORAL,11:30,88.0,96.28869761262999,102.10743801652893
1,2026-04-08,LABORAL,12:00,112.0,106.78214354044644,112.48347107438016
1,2026-04-08,LABORAL,12:30,146.0,138.78943531960476,136.19917012448133
1,2026-04-08,LABORAL,13:00,159.0,132.82727861340896,136.6198347107438
1,2026-04-08,LABORAL,13:30,60.0,138.1273544548052,147.73553719008265
1,2026-04-08,LABORAL,14:00,226.0,154.3172336244309,152.0875
1,2026-04-08,LABORAL,14:30,125.0,167.65534900450544,158.72314049586777
1,2026-04-08,LABORAL,15:00,173.0,184.97961065957688,179.48760330578511
1,2026-04-08,LABORAL,15:30,175.0,198.30575130902554,182.31120331950208
1,2026-04-08,LABORAL,16:00,92.0,160.82918400501467,153.0954356846473
1,2026-04-08,LABORAL,16:30,142.0,125.73581133691184,126.85892116182572
1,2026-04-08,LABORAL,17:00,48.0,69.81252322931604,75.95689655172414
1,2026-04-09,LABORAL,04:30,82.0,113.26533687690832,127.30165289256199
1,2026-04-09,LABORAL,05:00,150.0,120.19681251085845,124.40663900414938
1,2026-04-09,LABORAL,05:30,110.0,135.04645088599594,143.42561983471074
1,2026-04-09,LABORAL,06:00,147.0,128.50545462106754,145.02479338842974
1,2026-04-09,LABORAL,06:30,99.0,129.83403405736178,133.8423236514523
1,2026-04-09,LABORAL,07:00,153.0,125.70402709202617,132.77272727272728
1,2026-04-09,LABORAL,07:30,147.0,130.5819892250655,137.69834710743802
1,2026-04-09,LABORAL,08:00,103.0,127.45999732576854,135.94605809128632
1,2026-04-09,LABORAL,08:30,178.0,122.6509827091435,138.07883817427387
1,2026-04-09,LABORAL,09:00,140.0,133.2953291014589,135.9792531120332
1,2026-04-09,LABORAL,09:30,86.0,112.32657616829539,123.29338842975207
1,2026-04-09,LABORAL,10:00,78.0,97.50009234900676,104.36776859504133
1,2026-04-09,LABORAL,10:30,37.0,90.77511509665113,97.89256198347107
1,2026-04-09,LABORAL,11:00,148.0,84.39868033518057,94.80578512396694
1,2026-04-09,LABORAL,11:30,69.0,97.324397072291,101.82644628099173
1,2026-04-09,LABORAL,12:00,84.0,111.46539335615881,112.4297520661157
1,2026-04-09,LABORAL,12:30,140.0,126.48790252546488,136.26970954356847
1,2026-04-09,LABORAL,13:00,160.0,137.23313037563258,136.8801652892562
1,2026-04-09,LABORAL,13:30,85.0,132.9451137350533,147.22314049586777
1,2026-04-09,LABORAL,14:00,111.0,147.03232464269857,152.02916666666667
1,2026-04-09,LABORAL,14:30,168.0,164.14253399717438,158.5909090909091
1,2026-04-09,LABORAL,15:00,189.0,180.32911698893201,179.4090909090909
1,2026-04-09,LABORAL,15:30,129.0,186.13393082722376,182.46473029045643
1,2026-04-09,LABORAL,16:00,109.0,143.57593584389002,152.76348547717842
1,2026-04-09,LABORAL,16:30,110.0,119.10212659893462,126.78008298755186
1,2026-04-09,LABORAL,17:00,91.0,62.74938815452175,75.79741379310344
1,2026-04-09,LABORAL,17:30,16.0,35.34292858441728,39.335443037974684
1,2026-04-10,LABORAL,04:30,113.0,117.68659943256255,127.03305785123968
1,2026-04-10,LABORAL,05:00,124.0,112.03102486097188,124.46473029045643
1,2026-04-10,LABORAL,05:30,139.0,123.81647668778511,142.98760330578511
1,2026-04-10,LABORAL,06:00,131.0,126.62389701370483,145.06198347107437
1,2026-04-10,LABORAL,06:30,93.0,136.66582769840414,133.85477178423236
1,2026-04-10,LABORAL,07:00,152.0,140.38967528557114,132.6818181818182
1,2026-04-10,LABORAL,07:30,98.0,126.4517980728299,137.71074380165288
1,2026-04-10,LABORAL,08:00,187.0,136.95782956130043,135.65145228215766
1,2026-04-10,LABORAL,08:30,81.0,130.66766060073354,138.21576763485479
1,2026-04-10,LABORAL,09:00,162.0,124.24430467572485,136.0124481327801
1,2026-04-10,LABORAL,09:30,144.0,110.03632983090456,123.12809917355372
1,2026-04-10,LABORAL,10:00,90.0,110.9639502615911,104.23140495867769
1,2026-04-10,LABORAL,10:30,87.0,85.36833473584767,97.45867768595042
1,2026-04-10,LABORAL,11:00,99.0,80.17795293075434,95.09917355371901
1,2026-04-10,LABORAL,11:30,100.0,104.89140335574822,101.67355371900827
1,2026-04-10,LABORAL,12:00,134.0,110.80305782633931,112.4504132231405
1,2026-04-10,LABORAL,12:30,88.0,137.93208091154756,136.09128630705393
1,2026-04-10,LABORAL,13:00,132.0,133.7464267453269,136.88429752066116
1,2026-04-10,LABORAL,13:30,162.0,147.50830162646747,146.9214876033058
1,2026-04-10,LABORAL,14:00,172.0,136.66423297157252,152.18333333333334
1,2026-04-10,LABORAL,14:30,205.0,156.95924965004465,158.34297520661158
1,2026-04-10,LABORAL,15:00,101.0,162.78447231283604,179.28925619834712
1,2026-04-10,LABORAL,15:30,211.0,162.59591591940685,182.08298755186723
1,2026-04-10,LABORAL,16:00,104.0,118.45266553213362,153.02489626556016
1,2026-04-10,LABORAL,16:30,165.0,117.19260271484524,126.90041493775934
1,2026-04-10,LABORAL,17:00,56.0,60.728000289990206,75.87931034482759
1,2026-04-11,SABADO,04:30,65.0,82.0169484220472,84.58823529411765
1,2026-04-11,SABADO,05:00,50.0,66.93604615125955,61.13725490196079
1,2026-04-11,SABADO,05:30,87.0,85.95540155022371,98.1923076923077
1,2026-04-11,SABADO,06:00,66.0,96.36409070026623,97.11538461538461
1,2026-04-11,SABADO,06:30,125.0,84.28717584305576,114.4423076923077
1,2026-04-11,SABADO,07:00,104.0,87.1072975283127,103.46153846153847
1,2026-04-11,SABADO,07:30,88.0,82.67540789046353,108.82692307692308
1,2026-04-11,SABADO,08:00,55.0,91.21151924435839,103.32692307692308
1,2026-04-11,SABADO,08:30,59.0,90.7206018386773,101.09615384615384
1,2026-04-11,SABADO,09:00,101.0,83.78743756464551,98.59615384615384
1,2026-04-11,SABADO,09:30,52.0,81.99387721375284,93.98076923076923
1,2026-04-11,SABADO,10:00,123.0,83.00756081154415,91.07692307692308
1,2026-04-11,SABADO,10:30,103.0,82.49613619965814,94.96
1,2026-04-11,SABADO,11:00,63.0,78.76009492123167,99.17307692307692
1,2026-04-11,SABADO,11:30,58.0,78.889010188262,83.66666666666667
1,2026-04-11,SABADO,12:00,176.0,97.73325178098479,94.52941176470588
1,2026-04-11,SABADO,13:00,57.0,85.90316582035183,77.23404255319149
1,2026-04-11,SABADO,13:30,92.0,90.02985743088102,81.26530612244898
1,2026-04-11,SABADO,14:00,62.0,99.61653135946193,82.34693877551021
1,2026-04-11,SABADO,15:00,69.0,112.14546944244067,76.4
1,2026-04-11,SABADO,15:30,82.0,119.30443226382961,67.6938775510204
1,2026-04-11,SABADO,16:00,44.0,139.63194826353364,58.979166666666664
1,2026-04-11,SABADO,16:30,43.0,131.11394206760735,66.76190476190476
1,2026-04-11,SABADO,17:30,30.0,108.17466603211676,29.157894736842106
1,2026-04-12,DOMINGO,07:30,30.0,30.835755796334567,33.45652173913044
1,2026-04-12,DOMINGO,08:00,28.0,28.34627002059706,35.90243902439025
1,2026-04-12,DOMINGO,09:30,31.0,35.30107119764166,34.857142857142854
1,2026-04-12,DOMINGO,10:30,36.0,34.22033455945315,34.853658536585364
1,2026-04-12,DOMINGO,12:00,36.0,35.82741266643431,36.35897435897436
1,2026-04-12,DOMINGO,13:30,23.0,30.482603185454295,30.86111111111111
1,2026-04-12,DOMINGO,14:30,22.0,30.45920482389208,38.44117647058823
1,2026-04-12,DOMINGO,15:30,37.0,34.258787531861785,36.375
1,2026-04-13,LABORAL,04:30,117.0,117.20273946352143,126.84297520661157
1,2026-04-13,LABORAL,05:00,119.0,106.52072398625168,124.36929460580913
1,2026-04-13,LABORAL,05:30,79.0,126.47377758120204,142.9504132231405
1,2026-04-13,LABORAL,06:00,138.0,141.4292282918484,144.8388429752066
1,2026-04-13,LABORAL,06:30,215.0,127.77915224746202,133.86721991701245
1,2026-04-13,LABORAL,07:00,78.0,128.2674177782753,132.74380165289256
1,2026-04-13,LABORAL,07:30,206.0,128.6379763258252,137.54132231404958
1,2026-04-13,LABORAL,08:00,48.0,142.9964723703192,135.59751037344398
1,2026-04-13,LABORAL,08:30,132.0,128.95496351540078,137.56016597510373
1,2026-04-13,LABORAL,09:00,151.0,122.07945896795985,136.36514522821577
1,2026-04-13,LABORAL,09:30,100.0,113.22390991757021,123.19421487603306
1,2026-04-13,LABORAL,10:00,85.0,104.81013226754023,104.02066115702479
1,2026-04-13,LABORAL,10:30,74.0,89.03306429708141,97.18595041322314
1,2026-04-13,LABORAL,11:00,95.0,83.78657504691763,95.07851239669421
1,2026-04-13,LABORAL,11:30,118.0,97.27763855846842,101.84297520661157
1,2026-04-13,LABORAL,12:00,86.0,115.44762901720233,112.2892561983471
1,2026-04-13,LABORAL,12:30,99.0,119.49640045752427,135.95850622406638
1,2026-04-13,LABORAL,13:00,139.0,109.08349033986659,136.65702479338842
1,2026-04-13,LABORAL,13:30,115.0,161.58647721203192,147.03305785123968
1,2026-04-13,LABORAL,14:00,189.0,132.38736848835924,152.2375
1,2026-04-13,LABORAL,14:30,80.0,112.38035253280688,158.37190082644628
1,2026-04-13,LABORAL,15:00,211.0,185.97616246122993,178.95867768595042
1,2026-04-13,LABORAL,15:30,176.0,137.47537134010258,182.11618257261412
1,2026-04-13,LABORAL,16:00,104.0,152.02258492278673,152.8298755186722
1,2026-04-13,LABORAL,16:30,131.0,83.82094169914211,126.90041493775934
1,2026-04-13,LABORAL,17:00,76.0,64.57038389475233,75.65086206896552
1,2026-04-13,LABORAL,17:30,26.0,27.39772090282611,39.00636942675159
1,2026-04-14,LABORAL,04:30,71.0,115.5651034532077,126.89669421487604
1,2026-04-14,LABORAL,05:00,157.0,123.74429541277512,124.24896265560166
1,2026-04-14,LABORAL,05:30,129.0,138.78368153138032,142.93801652892563
1,2026-04-14,LABORAL,06:00,151.0,129.6604373783721,144.62809917355372
1,2026-04-14,LABORAL,06:30,89.0,124.80232723296537,134.2448132780083
1,2026-04-14,LABORAL,07:00,130.0,146.4556451227935,132.6198347107438
1,2026-04-14,LABORAL,07:30,179.0,131.00636378119782,137.50413223140495
1,2026-04-14,LABORAL,08:00,144.0,133.78613271663767,135.28215767634856
1,2026-04-14,LABORAL,08:30,88.0,136.5671185562549,137.49377593360995
1,2026-04-14,LABORAL,09:00,144.0,131.5344394289325,136.54771784232366
1,2026-04-14,LABORAL,09:30,130.0,127.6137708569017,123.01652892561984
1,2026-04-14,LABORAL,10:00,67.0,97.83493911450586,103.82644628099173
1,2026-04-14,LABORAL,10:30,141.0,106.29399344950367,97.15702479338843
1,2026-04-14,LABORAL,11:00,103.0,81.07185380256213,95.14049586776859
1,2026-04-14,LABORAL,11:30,88.0,95.99924795787717,102.0909090909091
1,2026-04-14,LABORAL,12:00,146.0,91.20958827267745,112.33471074380165
1,2026-04-14,LABORAL,12:30,143.0,135.99203458775432,135.71784232365144
1,2026-04-14,LABORAL,13:00,180.0,132.7923681486018,135.5909090909091
1,2026-04-14,LABORAL,13:30,62.0,135.20845543625055,146.78512396694214
1,2026-04-14,LABORAL,14:00,114.0,144.4192159476354,152.38333333333333
1,2026-04-14,LABORAL,14:30,186.0,134.13988084438938,157.78512396694214
1,2026-04-14,LABORAL,15:00,131.0,152.53766184164323,179.59504132231405
1,2026-04-14,LABORAL,15:30,107.0,165.92284982638705,181.8174273858921
1,2026-04-14,LABORAL,16:00,136.0,130.71943824446447,152.56846473029046
1,2026-04-14,LABORAL,16:30,110.0,114.72287143925628,126.87136929460581
1,2026-04-14,LABORAL,17:00,46.0,47.40879185277451,75.61206896551724
1,2026-04-15,LABORAL,04:30,76.0,97.86145669744943,126.63223140495867
1,2026-04-15,LABORAL,05:00,81.0,114.56901444147053,124.31535269709543
1,2026-04-15,LABORAL,05:30,157.0,122.58726027456386,142.9793388429752
1,2026-04-15,LABORAL,06:00,128.0,117.5044974902111,144.6198347107438
1,2026-04-15,LABORAL,06:30,99.0,120.29835939074702,134.02904564315352
1,2026-04-15,LABORAL,07:00,131.0,119.45463695630833,132.82644628099175
1,2026-04-15,LABORAL,07:30,126.0,120.31405467820052,137.4090909090909
1,2026-04-15,LABORAL,08:00,93.0,123.70683346200556,135.46473029045643
1,2026-04-15,LABORAL,08:30,224.0,117.67573537881592,137.13278008298755
1,2026-04-15,LABORAL,09:00,124.0,136.0458685321261,136.63070539419087
1,2026-04-15,LABORAL,09:30,114.0,100.07464652701128,123.04132231404958
1,2026-04-15,LABORAL,10:00,59.0,94.77573056552347,103.61570247933884
1,2026-04-15,LABORAL,10:30,76.0,89.29725178530383,97.38429752066116
1,2026-04-15,LABORAL,11:00,95.0,74.30016957792165,95.39256198347107
1,2026-04-15,LABORAL,11:30,78.0,94.99611376333478,101.82644628099173
1,2026-04-15,LABORAL,12:00,79.0,95.46132010075921,112.71900826446281
1,2026-04-15,LABORAL,12:30,102.0,120.26089200858992,135.7219917012448
1,2026-04-15,LABORAL,13:00,116.0,125.87810923108839,135.84710743801654
1,2026-04-15,LABORAL,13:30,162.0,120.59754281308227,146.58264462809916
1,2026-04-15,LABORAL,14:00,119.0,123.1839418265514,152.22083333333333
1,2026-04-15,LABORAL,14:30,58.0,145.5363816159733,157.61570247933884
1,2026-04-15,LABORAL,15:00,138.0,148.14797767379207,179.45867768595042
1,2026-04-15,LABORAL,15:30,176.0,161.94222300191782,181.78008298755188
1,2026-04-15,LABORAL,16:00,89.0,134.79856806754904,152.49377593360995
1,2026-04-15,LABORAL,16:30,75.0,102.04488798514859,126.85892116182572
1,2026-04-15,LABORAL,17:00,46.0,54.01327182964472,75.1896551724138
1,2026-04-16,LABORAL,04:30,123.0,102.21947090444557,126.45454545454545
1,2026-04-16,LABORAL,05:00,49.0,118.67679244526977,124.14107883817428
1,2026-04-16,LABORAL,05:30,181.0,120.1207650937002,142.9917355371901
1,2026-04-16,LABORAL,06:00,34.0,121.0433806618101,144.55785123966942
1,2026-04-16,LABORAL,06:30,162.0,127.58743341378151,133.87551867219918
1,2026-04-16,LABORAL,07:00,96.0,127.19775689644638,132.91322314049586
1,2026-04-16,LABORAL,07:30,136.0,116.81306136403077,137.12396694214877
1,2026-04-16,LABORAL,08:00,142.0,132.25099989777556,135.43983402489627
1,2026-04-16,LABORAL,08:30,107.0,120.06262617206643,137.57261410788382
1,2026-04-16,LABORAL,09:00,115.0,129.40429027878307,136.69294605809128
1,2026-04-16,LABORAL,09:30,70.0,103.43331424565184,122.98760330578513
1,2026-04-16,LABORAL,10:00,140.0,100.81493410317754,103.5
1,2026-04-16,LABORAL,10:30,85.0,82.78630767807103,97.26446280991736
1,2026-04-16,LABORAL,11:00,40.0,76.28203078562598,95.4504132231405
1,2026-04-16,LABORAL,11:30,116.0,103.36086367683905,101.75206611570248
1,2026-04-16,LABORAL,12:00,115.0,98.6985814179474,112.90082644628099
1,2026-04-16,LABORAL,12:30,115.0,121.90397749584201,135.9875518672199
1,2026-04-16,LABORAL,13:00,108.0,133.90536756775163,135.94628099173553
1,2026-04-16,LABORAL,13:30,160.0,134.96008113186653,146.63223140495867
1,2026-04-16,LABORAL,14:00,117.0,126.79672428541524,152.12916666666666
1,2026-04-16,LABORAL,14:30,192.0,163.35745722785464,157.01652892561984
1,2026-04-16,LABORAL,15:00,145.0,157.4149254571418,179.26859504132233
1,2026-04-16,LABORAL,15:30,60.0,164.135584302452,181.8091286307054
1,2026-04-16,LABORAL,16:00,207.0,128.6517104242463,152.18672199170123
1,2026-04-16,LABORAL,16:30,82.0,117.17325338198268,126.74273858921161
1,2026-04-17,LABORAL,04:30,136.0,108.27683965077985,126.440329218107
1,2026-04-17,LABORAL,05:00,100.0,100.76392112146677,123.8305785123967
1,2026-04-17,LABORAL,05:30,124.0,122.08819257735924,143.14814814814815
1,2026-04-17,LABORAL,06:00,166.0,123.89261034988854,144.10288065843622
1,2026-04-17,LABORAL,06:30,144.0,121.24888860813584,133.9917355371901
1,2026-04-17,LABORAL,07:30,137.0,119.1988967408256,137.119341563786
1,2026-04-17,LABORAL,08:00,172.0,125.72935255398004,135.46694214876032
1,2026-04-17,LABORAL,08:30,105.0,121.84663769592078,137.44628099173553
1,2026-04-17,LABORAL,09:00,180.0,118.5416081690056,136.60330578512398
1,2026-04-17,LABORAL,09:30,69.0,118.58839793925887,122.76954732510288
1,2026-04-17,LABORAL,10:00,102.0,108.24946065461069,103.65020576131687
1,2026-04-17,LABORAL,10:30,49.0,97.10959858015016,97.21399176954732
1,2026-04-17,LABORAL,11:00,148.0,88.14353617931687,95.22222222222223
1,2026-04-17,LABORAL,11:30,88.0,82.93006919736382,101.81069958847736
1,2026-04-17,LABORAL,12:00,122.0,93.23699158891289,112.90946502057614
1,2026-04-17,LABORAL,12:30,110.0,101.13034206378725,135.900826446281
1,2026-04-17,LABORAL,13:00,153.0,117.75343508742395,135.8312757201646
1,2026-04-17,LABORAL,13:30,107.0,116.25444083106348,146.6872427983539
1,2026-04-17,LABORAL,14:00,104.0,117.6961944051448,151.98340248962654
1,2026-04-17,LABORAL,14:30,185.0,121.21754544541274,157.1604938271605
1,2026-04-17,LABORAL,15:00,65.0,134.31514216627107,179.1275720164609
1,2026-04-17,LABORAL,15:30,163.0,144.07264974148558,181.30578512396696
1,2026-04-17,LABORAL,16:00,177.0,140.17315757961683,152.41322314049586
1,2026-04-17,LABORAL,16:30,140.0,114.03512703667379,126.55785123966942
1,2026-04-17,LABORAL,17:00,72.0,91.52054337113698,75.17241379310344
1,2026-04-18,SABADO,04:30,63.0,72.80542482154831,83.17647058823529
1,2026-04-18,SABADO,05:00,54.0,60.24842496856361,61.333333333333336
1,2026-04-18,SABADO,05:30,103.0,78.65166687966675,97.96153846153847
1,2026-04-18,SABADO,06:00,77.0,82.65070381397109,96.4423076923077
1,2026-04-18,SABADO,06:30,86.0,83.5041865622136,113.07692307692308
1,2026-04-18,SABADO,07:00,90.0,81.47571607748199,102.78846153846153
1,2026-04-18,SABADO,07:30,83.0,86.23409780718039,108.17307692307692
1,2026-04-18,SABADO,08:00,103.0,83.25010220019487,102.46153846153847
1,2026-04-18,SABADO,08:30,91.0,85.60732924533444,100.21153846153847
1,2026-04-18,SABADO,09:00,95.0,79.78650998928833,98.13461538461539
1,2026-04-18,SABADO,09:30,96.0,76.42813022113906,92.8076923076923
1,2026-04-18,SABADO,10:00,90.0,73.82282534403652,91.5576923076923
1,2026-04-18,SABADO,10:30,84.0,71.99186961590874,95.68
1,2026-04-18,SABADO,11:00,95.0,68.88009437989743,96.07692307692308
1,2026-04-18,SABADO,11:30,50.0,67.27153828840787,84.2156862745098
1,2026-04-18,SABADO,12:00,97.0,78.82767113958404,95.66666666666667
1,2026-04-18,SABADO,12:30,58.0,76.86438339770578,97.65306122448979
1,2026-04-18,SABADO,13:00,72.0,72.54790861269996,77.59574468085107
1,2026-04-18,SABADO,13:30,76.0,69.26139331337093,80.61224489795919
1,2026-04-18,SABADO,14:00,39.0,74.04171013103806,81.81632653061224
1,2026-04-18,SABADO,14:30,40.0,83.63761038211825,71.46
1,2026-04-18,SABADO,15:00,61.0,91.83011673001539,77.0
1,2026-04-18,SABADO,15:30,44.0,84.17631456190027,66.85714285714286
1,2026-04-18,SABADO,16:00,39.0,59.05882235320379,58.416666666666664
1,2026-04-18,SABADO,17:00,47.0,34.171477773941334,40.10344827586207
1,2026-04-18,SABADO,17:30,23.0,42.934173501022556,29.68421052631579
1,2026-04-19,DOMINGO,06:30,14.0,26.733963392790514,37.2
1,2026-04-19,DOMINGO,07:30,25.0,27.671014895170273,33.08695652173913
1,2026-04-19,DOMINGO,08:00,57.0,27.75157230559435,36.073170731707314
1,2026-04-19,DOMINGO,08:30,30.0,35.93549344733816,43.81818181818182
1,2026-04-19,DOMINGO,09:00,19.0,27.56584573216709,41.55263157894737
1,2026-04-19,DOMINGO,10:00,26.0,31.122604322945733,35.02173913043478
1,2026-04-19,DOMINGO,11:00,34.0,25.959531861196382,37.83783783783784
1,2026-04-19,DOMINGO,12:00,40.0,32.073878216683724,36.43589743589744
1,2026-04-19,DOMINGO,12:30,15.0,36.17659805850688,39.37837837837838
1,2026-04-19,DOMINGO,13:00,16.0,30.75501609499841,32.09090909090909
1,2026-04-19,DOMINGO,14:00,27.0,26.85902477043328,32.72727272727273
1,2026-04-19,DOMINGO,14:30,60.0,34.80394595981923,38.0
1,2026-04-19,DOMINGO,16:00,35.0,27.78015102114422,33.73913043478261
1,2026-04-20,LABORAL,04:30,86.0,127.17301123755352,126.47950819672131
1,2026-04-20,LABORAL,05:00,119.0,111.92417653866845,123.73251028806584
1,2026-04-20,LABORAL,05:30,195.0,131.43456390466872,143.06967213114754
1,2026-04-20,LABORAL,06:00,185.0,140.24087994678206,144.19262295081967
1,2026-04-20,LABORAL,06:30,126.0,134.00770323607446,134.03292181069958
1,2026-04-20,LABORAL,07:00,74.0,138.53071211356806,132.76131687242798
1,2026-04-20,LABORAL,07:30,137.0,141.66580033142665,137.11885245901638
1,2026-04-20,LABORAL,08:00,149.0,132.88210551894383,135.6172839506173
1,2026-04-20,LABORAL,08:30,134.0,142.62448906473165,137.3127572016461
1,2026-04-20,LABORAL,09:00,128.0,138.44500938556052,136.78189300411523
1,2026-04-20,LABORAL,09:30,121.0,116.61752401750917,122.54918032786885
1,2026-04-20,LABORAL,10:00,106.0,111.20561550191336,103.64344262295081
1,2026-04-20,LABORAL,10:30,72.0,94.43510705529387,97.01639344262296
1,2026-04-20,LABORAL,11:00,21.0,97.14359706322739,95.43852459016394
1,2026-04-20,LABORAL,11:30,108.0,104.05742665304474,101.75409836065573
1,2026-04-20,LABORAL,12:00,120.0,117.58271922747812,112.94672131147541
1,2026-04-20,LABORAL,12:30,89.0,131.43741789553658,135.79423868312756
1,2026-04-20,LABORAL,13:00,143.0,126.63980657232472,135.9016393442623
1,2026-04-20,LABORAL,13:30,97.0,159.21003240633016,146.52459016393442
1,2026-04-20,LABORAL,14:00,172.0,143.98228639346152,151.78512396694214
1,2026-04-20,LABORAL,14:30,206.0,134.21771258981852,157.27459016393442
1,2026-04-20,LABORAL,15:00,59.0,177.82791413751715,178.65983606557376
1,2026-04-20,LABORAL,15:30,226.0,177.7845360302324,181.23045267489712
1,2026-04-20,LABORAL,16:00,126.0,162.83561279409693,152.51440329218107
1,2026-04-20,LABORAL,16:30,80.0,112.72411542185587,126.61316872427983
1,2026-04-20,LABORAL,17:00,71.0,76.05320152541158,75.1587982832618
1,2026-04-21,LABORAL,04:30,79.0,109.50172717178103,126.26229508196721
1,2026-04-21,LABORAL,05:00,165.0,126.24889834298119,123.55555555555556
1,2026-04-21,LABORAL,05:30,168.0,133.74693858054476,143.20901639344262
1,2026-04-21,LABORAL,06:00,53.0,128.6162419632431,144.40573770491804
1,2026-04-21,LABORAL,06:30,183.0,131.14938270945186,134.0082304526749
1,2026-04-21,LABORAL,07:00,77.0,132.15813058759906,132.41152263374485
1,2026-04-21,LABORAL,07:30,164.0,134.2720798537361,137.05737704918033
1,2026-04-21,LABORAL,08:00,191.0,131.003020245936,135.67078189300412
1,2026-04-21,LABORAL,08:30,88.0,127.95586563611697,137.64609053497944
1,2026-04-21,LABORAL,09:00,118.0,133.68229203363117,136.74074074074073
1,2026-04-21,LABORAL,09:30,144.0,125.58505866548343,122.47540983606558
1,2026-04-21,LABORAL,10:00,27.0,84.47088425747424,103.68442622950819
1,2026-04-21,LABORAL,10:30,96.0,108.77229291505598,96.84016393442623
1,2026-04-21,LABORAL,11:00,177.0,86.4016558052465,95.03688524590164
1,2026-04-21,LABORAL,11:30,48.0,95.4290142100637,101.77049180327869
1,2026-04-21,LABORAL,12:00,74.0,101.71132909040486,113.11065573770492
1,2026-04-21,LABORAL,12:30,130.0,123.94007975795066,135.3991769547325
1,2026-04-21,LABORAL,13:00,107.0,134.1885652293602,135.90573770491804
1,2026-04-21,LABORAL,13:30,67.0,128.45363367326055,146.39754098360655
1,2026-04-21,LABORAL,14:00,222.0,139.3025324279543,151.60743801652893
1,2026-04-21,LABORAL,14:30,146.0,145.86911495716166,157.50819672131146
1,2026-04-21,LABORAL,15:00,129.0,166.91437895220005,177.94262295081967
1,2026-04-21,LABORAL,15:30,169.0,168.6678173848614,181.8641975308642
1,2026-04-21,LABORAL,16:00,214.0,137.39052042869267,152.19341563786008
1,2026-04-21,LABORAL,16:30,38.0,110.52576805603924,126.19753086419753
1,2026-04-21,LABORAL,17:00,44.0,57.79043319703888,74.95708154506438
1,2026-04-21,LABORAL,17:30,47.0,35.67688042571335,38.90909090909091
1,2026-04-22,LABORAL,04:30,123.0,109.8078500057604,125.95901639344262
1,2026-04-22,LABORAL,05:00,112.0,123.6489786762698,123.60493827160494
1,2026-04-22,LABORAL,05:30,144.0,131.71978248372503,143.20901639344262
1,2026-04-22,LABORAL,06:00,115.0,125.99272092117725,143.75819672131146
1,2026-04-22,LABORAL,06:30,123.0,121.31044984843089,134.1769547325103
1,2026-04-22,LABORAL,07:00,147.0,125.17277700049091,132.119341563786
1,2026-04-22,LABORAL,07:30,93.0,122.77991194781914,137.00819672131146
1,2026-04-22,LABORAL,08:00,169.0,121.52803897703708,136.0164609053498
1,2026-04-22,LABORAL,08:30,96.0,116.52000356405217,137.7037037037037
1,2026-04-22,LABORAL,09:00,92.0,128.79350712660528,136.69135802469137
1,2026-04-22,LABORAL,09:30,161.0,108.64309904461535,122.37295081967213
1,2026-04-22,LABORAL,10:00,63.0,87.2026471909704,103.4139344262295
1,2026-04-22,LABORAL,10:30,89.0,89.38662517968663,96.56967213114754
1,2026-04-22,LABORAL,11:00,69.0,77.40029294314496,95.38934426229508
1,2026-04-22,LABORAL,11:30,129.0,91.43412689188489,101.49590163934427
1,2026-04-22,LABORAL,12:00,76.0,100.76830639008413,113.1188524590164
1,2026-04-22,LABORAL,12:30,122.0,123.06717585747725,135.40740740740742
1,2026-04-22,LABORAL,13:00,211.0,127.04073906845343,135.54918032786884
1,2026-04-22,LABORAL,13:30,107.0,130.20823632812287,145.99590163934425
1,2026-04-22,LABORAL,15:00,51.0,141.1898795640228,177.5983606557377
1,2026-04-22,LABORAL,15:30,202.0,155.2449806149072,181.66255144032922
1,2026-04-22,LABORAL,16:00,111.0,168.33384041882795,152.46913580246914
1,2026-04-22,LABORAL,16:30,127.0,176.8260466753812,125.90534979423869
1,2026-04-22,LABORAL,17:00,87.0,140.54053298432115,74.61802575107296
1,2026-04-23,LABORAL,04:30,122.0,103.93388824550595,125.71311475409836
1,2026-04-23,LABORAL,05:00,118.0,118.94453751024157,123.64609053497942
1,2026-04-23,LABORAL,05:30,133.0,129.42844521989613,143.25
1,2026-04-23,LABORAL,06:00,124.0,128.2347813577534,143.50409836065575
1,2026-04-23,LABORAL,06:30,82.0,138.2115469007629,134.18930041152262
1,2026-04-23,LABORAL,07:00,124.0,121.15577881589591,132.20576131687244
1,2026-04-23,LABORAL,07:30,159.0,128.80712008318366,136.84426229508196
1,2026-04-23,LABORAL,08:00,124.0,139.33305445590648,136.0411522633745
1,2026-04-23,LABORAL,08:30,117.0,125.85088561939914,137.43621399176953
1,2026-04-23,LABORAL,09:00,100.0,136.38142523835987,136.54320987654322
1,2026-04-23,LABORAL,09:30,55.0,114.85349375235313,122.43442622950819
1,2026-04-23,LABORAL,10:00,96.0,97.17871831848163,103.18442622950819
1,2026-04-23,LABORAL,10:30,102.0,88.90006908505342,96.63524590163935
1,2026-04-23,LABORAL,11:00,81.0,81.13923469638006,95.06557377049181
1,2026-04-23,LABORAL,11:30,92.0,108.11876728757107,101.77868852459017
1,2026-04-23,LABORAL,12:00,128.0,108.70171803275512,112.82377049180327
1,2026-04-23,LABORAL,12:30,51.0,122.85175053333832,135.34567901234567
1,2026-04-23,LABORAL,13:00,108.0,142.32360399018546,135.99180327868854
1,2026-04-23,LABORAL,13:30,94.0,136.0611347522622,145.85245901639345
1,2026-04-23,LABORAL,14:00,106.0,138.4719723783127,152.13278008298755
1,2026-04-23,LABORAL,14:30,40.0,171.5309503883972,157.2716049382716
1,2026-04-23,LABORAL,15:00,85.0,173.67597671339468,177.00819672131146
1,2026-04-23,LABORAL,16:30,38.0,174.87627787670112,125.80658436213992
1,2026-04-24,LABORAL,04:30,133.0,107.27121546591282,125.39754098360656
1,2026-04-24,LABORAL,05:00,111.0,109.30941955551384,123.58847736625515
1,2026-04-24,LABORAL,05:30,131.0,128.82126056974332,143.3237704918033
1,2026-04-24,LABORAL,06:00,86.0,123.16357639567474,143.2704918032787
1,2026-04-24,LABORAL,06:30,152.0,142.9286634104021,134.08641975308643
1,2026-04-24,LABORAL,07:00,119.0,124.63708020701122,132.2716049382716
1,2026-04-24,LABORAL,07:30,136.0,123.81897036021701,137.00819672131146
1,2026-04-24,LABORAL,08:00,143.0,141.9085765663662,136.02880658436214
1,2026-04-24,LABORAL,08:30,121.0,137.26209390168884,137.2551440329218
1,2026-04-24,LABORAL,09:00,82.0,132.36807615450203,136.56378600823047
1,2026-04-24,LABORAL,09:30,82.0,114.16298333791798,122.03688524590164
1,2026-04-24,LABORAL,10:00,109.0,104.58266607870236,103.1639344262295
1,2026-04-24,LABORAL,10:30,97.0,76.52178509634699,96.65163934426229
1,2026-04-24,LABORAL,11:00,122.0,81.69784040814673,94.95081967213115
1,2026-04-24,LABORAL,11:30,78.0,110.69619321324566,101.92622950819673
1,2026-04-24,LABORAL,12:00,117.0,105.26461710846674,112.82786885245902
1,2026-04-24,LABORAL,12:30,94.0,124.56648823394924,134.9506172839506
1,2026-04-24,LABORAL,13:00,82.0,153.07301231368396,136.11065573770492
1,2026-04-24,LABORAL,13:30,172.0,133.9213724412162,145.3237704918033
1,2026-04-24,LABORAL,14:00,128.0,132.76482198508634,152.0622406639004
1,2026-04-24,LABORAL,14:30,160.0,171.58448999588805,156.71604938271605
1,2026-04-24,LABORAL,15:00,204.0,161.8962772786989,177.01639344262296
1,2026-04-24,LABORAL,15:30,124.0,160.85323665349762,181.71074380165288
1,2026-04-24,LABORAL,16:00,141.0,117.51286979447502,152.43801652892563
1,2026-04-24,LABORAL,16:30,93.0,132.87259496650924,125.26748971193416
1,2026-04-25,SABADO,04:30,47.0,63.82884291858925,82.92156862745098
1,2026-04-25,SABADO,05:00,105.0,63.50166464969147,61.72549019607843
1,2026-04-25,SABADO,05:30,87.0,77.98429700343883,99.13461538461539
1,2026-04-25,SABADO,06:00,107.0,82.26307425318059,97.09615384615384
1,2026-04-25,SABADO,06:30,122.0,95.32442126241368,113.17307692307692
1,2026-04-25,SABADO,07:00,115.0,85.65688564556427,103.46153846153847
1,2026-04-25,SABADO,07:30,34.0,91.02591238406265,108.1923076923077
1,2026-04-25,SABADO,08:00,124.0,84.75183224653537,103.23076923076923
1,2026-04-25,SABADO,08:30,111.0,84.97704700938033,100.84615384615384
1,2026-04-25,SABADO,09:00,86.0,84.99125480343352,98.90384615384616
1,2026-04-25,SABADO,09:30,43.0,75.28812628440704,93.98076923076923
1,2026-04-25,SABADO,10:00,99.0,70.8663581691504,91.9423076923077
1,2026-04-25,SABADO,10:30,113.0,75.45701102216626,96.44
1,2026-04-25,SABADO,11:00,50.0,70.95749425722335,96.67307692307692
1,2026-04-25,SABADO,11:30,44.0,71.35601154865421,84.09803921568627
1,2026-04-25,SABADO,12:00,77.0,90.27265670379347,95.6923076923077
1,2026-04-25,SABADO,12:30,74.0,73.5638503949757,97.6938775510204
1,2026-04-25,SABADO,13:00,60.0,78.47619439085533,77.91489361702128
1,2026-04-25,SABADO,13:30,81.0,68.27184132776813,81.44897959183673
1,2026-04-25,SABADO,14:00,36.0,80.40674344575766,81.81632653061224
1,2026-04-25,SABADO,14:30,96.0,72.72888792873044,71.6
1,2026-04-25,SABADO,15:00,28.0,75.81660132000499,76.9
1,2026-04-25,SABADO,15:30,37.0,59.863754353905954,67.08163265306122
1,2026-04-25,SABADO,16:00,18.0,44.88679546619649,58.729166666666664
1,2026-04-25,SABADO,16:30,84.0,37.297324494111734,65.39024390243902
1,2026-04-25,SABADO,17:30,26.0,33.754543535188304,29.473684210526315
1,2026-04-26,DOMINGO,07:30,25.0,26.24201762533113,33.21739130434783
1,2026-04-26,DOMINGO,08:00,27.0,27.64147341275215,37.048780487804876
1,2026-04-26,DOMINGO,08:30,12.0,25.53151811141076,43.88636363636363
1,2026-04-26,DOMINGO,10:00,55.0,31.577921668733396,34.608695652173914
1,2026-04-26,DOMINGO,11:00,20.0,28.66867195758695,38.2972972972973
1,2026-04-26,DOMINGO,12:30,30.0,29.88938328148386,38.73684210526316
1,2026-04-26,DOMINGO,13:00,32.0,25.95954408593343,31.151515151515152
1,2026-04-26,DOMINGO,13:30,24.0,28.04787321462959,30.257142857142856
1,2026-04-26,DOMINGO,15:00,27.0,31.692285207674715,34.96666666666667
1,2026-04-27,LABORAL,04:30,69.0,121.70364989007577,125.04918032786885
1,2026-04-27,LABORAL,05:00,137.0,108.52376439891523,123.58024691358025
1,2026-04-27,LABORAL,05:30,124.0,131.4887337964563,143.2827868852459
1,2026-04-27,LABORAL,06:00,129.0,141.2712953860828,143.077868852459
1,2026-04-27,LABORAL,06:30,144.0,126.06404678355796,134.13991769547326
1,2026-04-27,LABORAL,07:00,126.0,131.96023483590128,132.20576131687244
1,2026-04-27,LABORAL,07:30,88.0,137.67859796270074,136.89344262295083
1,2026-04-27,LABORAL,08:00,78.0,123.5218042054877,135.9506172839506
1,2026-04-27,LABORAL,08:30,118.0,139.8250799540705,137.18106995884773
1,2026-04-27,LABORAL,09:00,104.0,135.2223923744151,136.45267489711935
1,2026-04-27,LABORAL,09:30,177.0,106.8355919057492,121.85245901639344
1,2026-04-27,LABORAL,10:00,46.0,102.87340098665491,102.95491803278688
1,2026-04-27,LABORAL,10:30,162.0,88.56572501544542,96.62295081967213
1,2026-04-27,LABORAL,11:00,27.0,95.05496362686716,95.10245901639344
1,2026-04-27,LABORAL,11:30,110.0,100.78176981837647,101.87295081967213
1,2026-04-27,LABORAL,12:00,86.0,114.65813201622423,112.91803278688525
1,2026-04-27,LABORAL,12:30,72.0,134.88483719642574,134.67489711934155
1,2026-04-27,LABORAL,13:00,126.0,123.39143853510113,135.99590163934425
1,2026-04-27,LABORAL,13:30,148.0,156.35756844750227,145.0327868852459
1,2026-04-27,LABORAL,14:00,97.0,144.8213366385184,152.16182572614107
1,2026-04-27,LABORAL,14:30,211.0,136.97291527817674,156.69135802469137
1,2026-04-27,LABORAL,15:00,168.0,178.15785011194652,177.14344262295083
1,2026-04-27,LABORAL,15:30,160.0,172.18316092957707,181.51239669421489
1,2026-04-27,LABORAL,16:00,125.0,155.8960673895246,152.71487603305786
1,2026-04-27,LABORAL,16:30,84.0,116.18617924811045,125.12345679012346
1,2026-04-27,LABORAL,17:00,56.0,76.86177189739702,74.42857142857143
1,2026-04-27,LABORAL,18:00,25.0,31.870193927051233,21.5
1,2026-04-28,LABORAL,04:30,133.0,108.66421172313721,124.61475409836065
1,2026-04-28,LABORAL,05:00,129.0,127.701823577323,123.4320987654321
1,2026-04-28,LABORAL,05:30,182.0,131.7094891100096,143.05327868852459
1,2026-04-28,LABORAL,06:00,156.0,128.47272109650228,143.0983606557377
1,2026-04-28,LABORAL,06:30,48.0,130.7979643120396,134.46502057613168
1,2026-04-28,LABORAL,07:00,148.0,136.81680228430483,131.9917695473251
1,2026-04-28,LABORAL,07:30,118.0,131.79123807661867,136.74590163934425
1,2026-04-28,LABORAL,08:00,113.0,135.0877256803861,135.67489711934155
1,2026-04-28,LABORAL,08:30,127.0,130.2522281785652,136.85185185185185
1,2026-04-28,LABORAL,09:00,202.0,133.9388839844758,136.50205761316872
1,2026-04-28,LABORAL,09:30,142.0,125.11031027331126,122.0327868852459
1,2026-04-28,LABORAL,10:00,43.0,91.53011181777262,102.67622950819673
1,2026-04-28,LABORAL,10:30,116.0,105.57280636427112,96.49590163934427
1,2026-04-28,LABORAL,11:00,82.0,81.10828409578785,94.70491803278688
1,2026-04-28,LABORAL,11:30,117.0,94.87210810425951,101.92213114754098
1,2026-04-28,LABORAL,12:00,88.0,97.39547868058393,112.85655737704919
1,2026-04-28,LABORAL,12:30,199.0,130.80573179429774,134.52674897119343
1,2026-04-28,LABORAL,13:00,90.0,133.3244944611472,135.8360655737705
1,2026-04-28,LABORAL,13:30,76.0,129.6216249322706,145.11065573770492
1,2026-04-28,LABORAL,14:00,148.0,139.12203009222637,151.45228215767634
1,2026-04-28,LABORAL,14:30,160.0,142.49247368706958,157.40329218106996
1,2026-04-28,LABORAL,15:00,159.0,153.12519293401994,176.69672131147541
1,2026-04-28,LABORAL,15:30,217.0,164.9118716518576,181.50413223140495
1,2026-04-28,LABORAL,16:00,103.0,129.97797311832937,152.52479338842974
1,2026-04-28,LABORAL,16:30,127.0,106.97025569066561,124.69135802469135
1,2026-04-28,LABORAL,17:30,49.0,55.07251528455006,38.7
1,2026-04-29,LABORAL,04:30,73.0,109.39760438817868,124.3811475409836
1,2026-04-29,LABORAL,05:00,128.0,124.85269414733175,123.44444444444444
1,2026-04-29,LABORAL,05:30,132.0,131.32607932450173,143.27868852459017
1,2026-04-29,LABORAL,06:00,127.0,124.8072773187673,143.04918032786884
1,2026-04-29,LABORAL,06:30,129.0,122.555134925025,134.0781893004115
1,2026-04-29,LABORAL,07:00,108.0,121.84094654348212,131.8312757201646
1,2026-04-29,LABORAL,07:30,147.0,127.2237446091887,136.9795081967213
1,2026-04-29,LABORAL,08:00,134.0,123.25698406029287,135.440329218107
1,2026-04-29,LABORAL,08:30,112.0,116.71005353803059,136.58024691358025
1,2026-04-29,LABORAL,09:00,79.0,132.41116756241559,136.81069958847738
1,2026-04-29,LABORAL,09:30,138.0,114.54686622516907,122.11475409836065
1,2026-04-29,LABORAL,10:00,115.0,83.11387042335498,102.30737704918033
1,2026-04-29,LABORAL,10:30,86.0,94.3635520225082,96.5
1,2026-04-29,LABORAL,11:00,109.0,80.91608102498873,94.59016393442623
1,2026-04-29,LABORAL,11:30,78.0,89.22778713125955,101.72131147540983
1,2026-04-29,LABORAL,12:00,65.0,102.04941693643818,112.82377049180327
1,2026-04-29,LABORAL,12:30,127.0,124.1818912495158,134.74074074074073
1,2026-04-29,LABORAL,13:00,125.0,129.37412641330957,135.827868852459
1,2026-04-29,LABORAL,13:30,110.0,125.94389074181338,144.59016393442624
1,2026-04-29,LABORAL,14:00,179.0,143.6830197031091,151.1908713692946
1,2026-04-29,LABORAL,14:30,156.0,153.6670390003088,157.7530864197531
1,2026-04-29,LABORAL,15:00,220.0,171.4183894487585,176.4344262295082
1,2026-04-29,LABORAL,15:30,140.0,179.20681221338594,181.60743801652893
1,2026-04-29,LABORAL,16:00,138.0,145.94713294803836,152.12396694214877
1,2026-04-29,LABORAL,16:30,57.0,109.52292237169127,124.51851851851852
1,2026-04-29,LABORAL,17:00,76.0,58.4390347714541,74.46521739130435
1,2026-04-30,LABORAL,04:30,80.0,110.01989410523572,124.09016393442623
1,2026-04-30,LABORAL,05:00,114.0,120.54165108783174,123.34156378600824
1,2026-04-30,LABORAL,05:30,161.0,133.05454164346708,143.11065573770492
1,2026-04-30,LABORAL,06:00,143.0,127.68648112473986,142.9877049180328
1,2026-04-30,LABORAL,06:30,141.0,129.961461965555,134.119341563786
1,2026-04-30,LABORAL,07:00,80.0,129.61927741828885,131.69135802469137
1,2026-04-30,LABORAL,07:30,164.0,126.44409729187673,136.97540983606558
1,2026-04-30,LABORAL,08:00,122.0,129.30885948664044,135.38683127572017
1,2026-04-30,LABORAL,08:30,217.0,121.50483124544846,136.48559670781893
1,2026-04-30,LABORAL,09:00,67.0,131.69167833112616,136.58024691358025
1,2026-04-30,LABORAL,09:30,178.0,113.62350053069974,122.16803278688525
1,2026-04-30,LABORAL,10:00,66.0,93.45220905551628,102.24180327868852
1,2026-04-30,LABORAL,10:30,86.0,85.47448092833588,96.54508196721312
1,2026-04-30,LABORAL,11:00,100.0,82.84359000981377,94.29918032786885
1,2026-04-30,LABORAL,11:30,125.0,98.53278845837517,101.37295081967213
1,2026-04-30,LABORAL,12:30,235.0,107.76714572285533,134.5514403292181
1,2026-04-30,LABORAL,13:00,90.0,124.05862871267824,135.84016393442624
1,2026-04-30,LABORAL,13:30,228.0,136.04224389919355,144.0327868852459
1,2026-04-30,LABORAL,14:00,104.0,135.6939110772609,151.2780082987552
1,2026-04-30,LABORAL,14:30,177.0,142.6374526735662,157.4320987654321
1,2026-04-30,LABORAL,15:00,194.0,163.90348593966394,176.88934426229508
1,2026-04-30,LABORAL,15:30,161.0,172.87859996300426,181.34297520661158
1,2026-04-30,LABORAL,16:00,52.0,179.3140696312219,151.68595041322314
1,2026-04-30,LABORAL,16:30,47.0,136.0244030939049,124.33333333333333
1,2026-04-30,LABORAL,17:00,105.0,116.3185290965489,74.05652173913043
1,2026-05-01,FESTIVO,07:00,15.0,34.98601897961204,47.333333333333336
1,2026-05-01,FESTIVO,07:30,56.0,48.33117966092628,16.5
1,2026-05-01,FESTIVO,08:00,21.0,52.033519919461106,24.8
1,2026-05-01,FESTIVO,08:30,24.0,40.20987598026478,36.25
1,2026-05-01,FESTIVO,09:00,52.0,50.228323567710696,21.75
1,2026-05-01,FESTIVO,09:30,32.0,42.74158376354376,26.5
1,2026-05-01,FESTIVO,10:00,21.0,55.75731333733457,25.5
1,2026-05-01,FESTIVO,10:30,73.0,50.11905090353642,30.75
1,2026-05-01,FESTIVO,11:00,32.0,23.459086586982167,30.75
1,2026-05-01,FESTIVO,11:30,47.0,49.466120379082305,28.0
1,2026-05-01,FESTIVO,12:00,23.0,40.10497904930078,22.666666666666668
1,2026-05-01,FESTIVO,12:30,27.0,47.14225039702194,30.0
1,2026-05-01,FESTIVO,13:30,37.0,51.49616209886864,35.5
1,2026-05-01,FESTIVO,14:00,33.0,62.19008889112149,26.0
1,2026-05-01,FESTIVO,14:30,37.0,48.47705225324402,33.666666666666664
1,2026-05-01,FESTIVO,15:00,64.0,61.391936736111695,23.0
1,2026-05-01,FESTIVO,16:00,30.0,47.981952964990015,36.0
1,2026-05-02,SABADO,04:30,56.0,58.50809691787999,81.37254901960785
1,2026-05-02,SABADO,05:00,97.0,44.95975579570498,63.01960784313726
1,2026-05-02,SABADO,05:30,65.0,68.04214403227593,99.0
1,2026-05-02,SABADO,06:00,83.0,60.98913746545678,97.13461538461539
1,2026-05-02,SABADO,06:30,72.0,82.71774785176062,112.59615384615384
1,2026-05-02,SABADO,07:00,105.0,79.48065748456308,103.75
1,2026-05-02,SABADO,07:30,39.0,71.57488294508897,105.88461538461539
1,2026-05-02,SABADO,08:00,109.0,85.46587722240369,103.8076923076923
1,2026-05-02,SABADO,08:30,111.0,81.89473686790653,101.73076923076923
1,2026-05-02,SABADO,09:00,164.0,77.44802014229467,99.0576923076923
1,2026-05-02,SABADO,09:30,32.0,66.82614389835216,92.9423076923077
1,2026-05-02,SABADO,10:00,29.0,79.62549811905937,91.51923076923077
1,2026-05-02,SABADO,10:30,115.0,47.834382538591,96.52
1,2026-05-02,SABADO,11:00,86.0,65.00091626137564,95.01923076923077
1,2026-05-02,SABADO,11:30,76.0,64.39452154743816,83.94117647058823
1,2026-05-02,SABADO,12:00,74.0,84.44856612234736,95.34615384615384
1,2026-05-02,SABADO,12:30,86.0,73.11591704804069,96.61224489795919
1,2026-05-02,SABADO,13:00,39.0,73.08350511338736,77.27659574468085
1,2026-05-02,SABADO,13:30,72.0,47.41172532135187,81.14285714285714
1,2026-05-02,SABADO,14:00,60.0,74.51684876914187,80.53061224489795
1,2026-05-02,SABADO,14:30,79.0,65.34127015718856,71.58
1,2026-05-02,SABADO,15:00,51.0,65.59032376793893,75.54
1,2026-05-02,SABADO,15:30,80.0,50.89648783824017,66.46938775510205
1,2026-05-02,SABADO,16:00,29.0,37.848604009253464,57.6875
1,2026-05-02,SABADO,16:30,62.0,29.25014266409191,64.73170731707317
1,2026-05-02,SABADO,17:00,29.0,57.412474442493796,41.51724137931034
1,2026-05-05,LABORAL,04:30,132.0,112.47425856570341,123.38524590163935
1,2026-05-05,LABORAL,05:00,163.0,127.08437601847301,123.36625514403292
1,2026-05-05,LABORAL,05:30,95.0,139.1063230828978,143.05327868852459
1,2026-05-05,LABORAL,06:00,96.0,132.9327353136039,142.6762295081967
1,2026-05-05,LABORAL,06:30,173.0,132.67053406502083,133.59670781893004
1,2026-05-05,LABORAL,07:00,61.0,138.02264670175958,131.0576131687243
1,2026-05-05,LABORAL,07:30,154.0,138.72277587646332,136.47131147540983
1,2026-05-05,LABORAL,08:00,123.0,134.93364838615457,135.21399176954733
1,2026-05-05,LABORAL,08:30,229.0,127.4562106496337,136.47736625514403
1,2026-05-05,LABORAL,09:00,115.0,136.0574167158714,136.49382716049382
1,2026-05-05,LABORAL,09:30,154.0,131.39220191203412,121.95491803278688
1,2026-05-05,LABORAL,10:00,101.0,86.64459819781347,102.14344262295081
1,2026-05-05,LABORAL,11:00,132.0,109.21346643275442,94.15983606557377
1,2026-05-05,LABORAL,11:30,94.0,88.87737523680872,101.24180327868852
1,2026-05-05,LABORAL,12:00,172.0,95.06469056285624,112.559670781893
1,2026-05-05,LABORAL,12:30,112.0,103.23091111495326,134.98765432098764
1,2026-05-05,LABORAL,13:00,90.0,130.25796233709755,135.20081967213116
1,2026-05-05,LABORAL,13:30,173.0,133.3842893339961,144.12704918032787
1,2026-05-05,LABORAL,14:00,115.0,135.37361983007816,150.448132780083
1,2026-05-05,LABORAL,14:30,140.0,142.6458100628333,157.02880658436214
1,2026-05-05,LABORAL,15:00,181.0,143.80827840270288,176.90573770491804
1,2026-05-05,LABORAL,15:30,199.0,167.5874886228613,181.04132231404958
1,2026-05-05,LABORAL,16:00,156.0,172.25877690746114,151.09504132231405
1,2026-05-05,LABORAL,16:30,153.0,138.00924414201884,123.4074074074074
1,2026-05-05,LABORAL,17:00,36.0,114.42816438738198,74.22173913043478
1,2026-05-06,LABORAL,04:30,124.0,108.7444519303897,123.32377049180327
1,2026-05-06,LABORAL,05:00,91.0,120.33699950247862,123.20164609053498
1,2026-05-06,LABORAL,05:30,155.0,140.74569501465695,142.91803278688525
1,2026-05-06,LABORAL,06:00,107.0,134.70361482718812,142.25409836065575
1,2026-05-06,LABORAL,06:30,123.0,131.4361952698978,133.67489711934155
1,2026-05-06,LABORAL,07:00,96.0,119.64957541163338,130.7283950617284
1,2026-05-06,LABORAL,07:30,173.0,137.04600272303668,136.45491803278688
1,2026-05-06,LABORAL,08:00,123.0,125.18533816462951,135.03703703703704
1,2026-05-06,LABORAL,08:30,150.0,118.46337960068911,136.559670781893
1,2026-05-06,LABORAL,09:00,92.0,141.0093004246921,136.30864197530863
1,2026-05-06,LABORAL,09:30,30.0,120.18171868764357,121.9139344262295
1,2026-05-06,LABORAL,10:00,32.0,90.9106030442603,102.13524590163935
1,2026-05-06,LABORAL,10:30,57.0,97.49940828371957,95.81893004115226
1,2026-05-06,LABORAL,11:00,79.0,91.8360611336782,94.25
1,2026-05-06,LABORAL,11:30,117.0,91.51163029076122,101.06147540983606
1,2026-05-06,LABORAL,12:00,166.0,110.90314993180289,112.79012345679013
1,2026-05-06,LABORAL,12:30,64.0,118.28433612651348,134.8230452674897
1,2026-05-06,LABORAL,13:00,109.0,135.63817216040957,134.8360655737705
1,2026-05-06,LABORAL,13:30,157.0,125.68099489969823,144.172131147541
1,2026-05-06,LABORAL,14:00,198.0,147.7362191861693,150.05394190871368
1,2026-05-06,LABORAL,14:30,74.0,157.50238683300972,156.91358024691357
1,2026-05-06,LABORAL,15:00,137.0,179.55247337572342,177.03688524590163
1,2026-05-06,LABORAL,16:00,97.0,188.2330314865014,150.95867768595042
1,2026-05-06,LABORAL,16:30,81.0,157.28534291931555,123.44444444444444
1,2026-05-06,LABORAL,17:00,58.0,119.5506726553786,73.86521739130434
1,2026-05-07,LABORAL,04:30,111.0,101.0421066472262,123.15983606557377
1,2026-05-07,LABORAL,05:00,67.0,114.55700815130294,122.97942386831275
1,2026-05-07,LABORAL,05:30,166.0,124.6835538431172,142.9139344262295
1,2026-05-07,LABORAL,06:00,100.0,124.20630751958944,142.06967213114754
1,2026-05-07,LABORAL,06:30,131.0,129.36974109757435,133.65020576131687
1,2026-05-07,LABORAL,07:00,84.0,117.141020794186,130.3827160493827
1,2026-05-07,LABORAL,07:30,113.0,119.61200032991937,136.422131147541
1,2026-05-07,LABORAL,08:00,134.0,133.9557767226325,135.06584362139918
1,2026-05-07,LABORAL,08:30,151.0,119.5799747314314,136.49382716049382
1,2026-05-07,LABORAL,09:00,117.0,128.3386339737802,136.2633744855967
1,2026-05-07,LABORAL,09:30,75.0,106.26482201428564,121.22131147540983
1,2026-05-07,LABORAL,10:00,113.0,90.64410878481743,102.01639344262296
1,2026-05-07,LABORAL,10:30,108.0,82.48062700585601,95.47736625514403
1,2026-05-07,LABORAL,11:00,78.0,76.33078124832363,94.06557377049181
1,2026-05-07,LABORAL,11:30,88.0,102.24014819256041,101.05737704918033
1,2026-05-07,LABORAL,12:00,162.0,96.74617735192139,112.90946502057614
1,2026-05-07,LABORAL,12:30,105.0,112.18397462632826,134.320987654321
1,2026-05-07,LABORAL,13:00,137.0,138.2227025087975,134.88114754098362
1,2026-05-07,LABORAL,13:30,104.0,132.2979224624383,144.15983606557376
1,2026-05-07,LABORAL,14:00,156.0,129.15830565842205,149.90871369294607
1,2026-05-07,LABORAL,14:30,135.0,165.79433020128542,156.32510288065845
1,2026-05-07,LABORAL,15:00,226.0,161.30146959601004,176.89754098360655
1,2026-05-07,LABORAL,15:30,128.0,164.7566818133809,181.1701244813278
1,2026-05-07,LABORAL,16:00,121.0,137.54361576106731,150.59504132231405
1,2026-05-07,LABORAL,16:30,110.0,121.50070168960494,123.16460905349794
1,2026-05-07,LABORAL,17:00,30.0,59.45399373027993,73.51739130434783
1,2026-05-07,LABORAL,17:30,32.0,43.72648985244787,38.56164383561644
1,2026-05-08,LABORAL,04:30,128.0,113.33389750929081,123.00409836065573
1,2026-05-08,LABORAL,05:00,170.0,112.87084318941066,122.66666666666667
1,2026-05-08,LABORAL,05:30,43.0,131.76997437650846,142.74590163934425
1,2026-05-08,LABORAL,06:00,165.0,128.2313923724534,141.9344262295082
1,2026-05-08,LABORAL,06:30,106.0,137.48425981099186,133.31687242798353
1,2026-05-08,LABORAL,07:00,141.0,133.6593737905158,130.28395061728395
1,2026-05-08,LABORAL,07:30,97.0,126.81693307246476,136.19262295081967
1,2026-05-08,LABORAL,08:00,111.0,135.49881445392575,134.97119341563786
1,2026-05-08,LABORAL,08:30,156.0,120.33373311143067,136.43621399176953
1,2026-05-08,LABORAL,09:00,133.0,127.29109065431633,136.25102880658437
1,2026-05-08,LABORAL,09:30,71.0,111.91688351842926,121.01639344262296
1,2026-05-08,LABORAL,10:00,102.0,103.97504043611528,101.9139344262295
1,2026-05-08,LABORAL,10:30,85.0,88.25334475357585,95.4320987654321
1,2026-05-08,LABORAL,11:00,65.0,85.97003919798419,94.09426229508196
1,2026-05-08,LABORAL,11:30,101.0,102.69950509932505,100.86475409836065
1,2026-05-08,LABORAL,12:00,94.0,111.5020111466261,113.21399176954732
1,2026-05-08,LABORAL,12:30,151.0,122.42764533122659,134.02469135802468
1,2026-05-08,LABORAL,13:00,107.0,135.0619212119603,134.79098360655738
1,2026-05-08,LABORAL,13:30,191.0,138.98182876974911,143.4877049180328
1,2026-05-08,LABORAL,14:00,155.0,138.12538762508646,150.0746887966805
1,2026-05-08,LABORAL,14:30,99.0,159.9307745129336,156.440329218107
1,2026-05-08,LABORAL,15:00,247.0,162.0975507531644,176.6844262295082
1,2026-05-08,LABORAL,15:30,88.0,165.04745989229173,181.0746887966805
1,2026-05-08,LABORAL,16:00,94.0,122.48573767374293,150.25619834710744
1,2026-05-08,LABORAL,16:30,50.0,114.36634318054419,123.03292181069959
1,2026-05-08,LABORAL,17:00,79.0,56.765154607583504,73.10434782608695
1,2026-05-09,SABADO,04:30,49.0,57.175708578269905,80.09803921568627
1,2026-05-09,SABADO,05:00,69.0,59.524209202683004,64.09803921568627
1,2026-05-09,SABADO,05:30,87.0,74.65311361942187,98.0576923076923
1,2026-05-09,SABADO,06:00,124.0,76.25289735750438,96.9423076923077
1,2026-05-09,SABADO,06:30,77.0,95.19875076733945,111.42307692307692
1,2026-05-09,SABADO,07:00,149.0,85.9919456703789,103.82692307692308
1,2026-05-09,SABADO,07:30,54.0,87.3600358716889,103.86538461538461
1,2026-05-09,SABADO,08:00,114.0,85.2242229206087,103.40384615384616
1,2026-05-09,SABADO,08:30,115.0,76.46636752292764,101.86538461538461
1,2026-05-09,SABADO,09:00,101.0,82.87565748371944,100.38461538461539
1,2026-05-09,SABADO,09:30,109.0,72.0217049557231,91.3076923076923
1,2026-05-09,SABADO,10:00,116.0,72.96906733914653,89.57692307692308
1,2026-05-09,SABADO,10:30,49.0,77.43606966033332,96.58
1,2026-05-09,SABADO,11:00,89.0,77.98159469148638,94.51923076923077
1,2026-05-09,SABADO,11:30,106.0,69.07821631529251,83.68627450980392
1,2026-05-09,SABADO,12:00,45.0,84.15920376184248,94.65384615384616
1,2026-05-09,SABADO,12:30,25.0,62.69723201787505,95.0204081632653
1,2026-05-09,SABADO,13:00,116.0,67.47340881991059,75.2127659574468
1,2026-05-09,SABADO,13:30,52.0,62.86674035494804,80.16326530612245
1,2026-05-09,SABADO,14:00,59.0,66.2367678050313,80.71428571428571
1,2026-05-09,SABADO,14:30,44.0,62.84129276369372,71.1
1,2026-05-09,SABADO,15:00,46.0,58.878224833462355,75.1
1,2026-05-09,SABADO,15:30,35.0,39.1376187097089,67.24489795918367
1,2026-05-09,SABADO,16:00,19.0,41.05855300960316,57.208333333333336
1,2026-05-09,SABADO,17:00,46.0,38.189990753212356,41.44827586206897
1,2026-05-10,DOMINGO,07:00,45.0,28.385257863564803,34.25
1,2026-05-10,DOMINGO,08:00,27.0,27.995261694391104,36.54761904761905
1,2026-05-10,DOMINGO,09:00,28.0,32.02608110376056,41.166666666666664
1,2026-05-10,DOMINGO,09:30,62.0,30.6645115415416,35.25
1,2026-05-10,DOMINGO,10:00,25.0,31.07553412938499,34.8
1,2026-05-10,DOMINGO,10:30,30.0,29.071569264180425,34.725
1,2026-05-10,DOMINGO,11:30,39.0,25.636652076442516,36.84375
1,2026-05-10,DOMINGO,12:00,31.0,32.27410947106017,36.0
1,2026-05-10,DOMINGO,13:00,62.0,34.52150455613521,31.060606060606062
1,2026-05-10,DOMINGO,14:30,23.0,28.201597244136295,37.96969696969697
1,2026-05-11,LABORAL,04:30,97.0,121.03205119300905,122.81967213114754
1,2026-05-11,LABORAL,05:00,109.0,108.55253951100046,122.90123456790124
1,2026-05-11,LABORAL,05:30,86.0,129.3796060766803,142.14344262295083
1,2026-05-11,LABORAL,06:00,106.0,138.3599852775481,142.06147540983608
1,2026-05-11,LABORAL,06:30,103.0,130.0174973364737,133.19753086419752
1,2026-05-11,LABORAL,07:00,102.0,132.72565096742437,130.07407407407408
1,2026-05-11,LABORAL,07:30,191.0,135.94573801666422,135.9795081967213
1,2026-05-11,LABORAL,08:00,96.0,130.5970437081425,134.84773662551441
1,2026-05-11,LABORAL,08:30,127.0,131.70410351710493,136.37860082304528
1,2026-05-11,LABORAL,09:00,144.0,135.66938977976815,136.36625514403292
1,2026-05-11,LABORAL,09:30,70.0,114.19652246006119,120.63524590163935
1,2026-05-11,LABORAL,10:00,107.0,104.05002323368079,101.95901639344262
1,2026-05-11,LABORAL,10:30,105.0,85.53070827393361,95.10699588477367
1,2026-05-11,LABORAL,11:00,39.0,90.68687140348304,93.96311475409836
1,2026-05-11,LABORAL,11:30,87.0,102.94736520272734,100.84016393442623
1,2026-05-11,LABORAL,12:00,43.0,109.0889009407824,113.15637860082305
1,2026-05-11,LABORAL,12:30,124.0,127.55551464163973,133.9917695473251
1,2026-05-11,LABORAL,13:00,98.0,121.16460933158169,134.66803278688525
1,2026-05-11,LABORAL,13:30,116.0,152.2322344917471,143.51639344262296
1,2026-05-11,LABORAL,14:00,211.0,139.60039557672403,150.16597510373444
1,2026-05-11,LABORAL,14:30,40.0,130.09933944015802,155.76954732510288
1,2026-05-11,LABORAL,15:00,163.0,171.69562339690717,176.94262295081967
1,2026-05-11,LABORAL,15:30,170.0,177.50758193140348,180.45228215767634
1,2026-05-11,LABORAL,16:00,82.0,149.5293057997324,150.1198347107438
1,2026-05-11,LABORAL,16:30,100.0,107.7552159228206,122.39094650205762
1,2026-05-11,LABORAL,17:00,29.0,72.55661136917094,73.02608695652174
1,2026-05-12,LABORAL,04:30,128.0,95.81109175019535,122.6311475409836
1,2026-05-12,LABORAL,05:00,135.0,111.63487623455984,122.88477366255144
1,2026-05-12,LABORAL,05:30,137.0,116.78795928526088,141.7295081967213
1,2026-05-12,LABORAL,06:00,139.0,113.88978190898025,141.64344262295083
1,2026-05-12,LABORAL,06:30,138.0,112.5748146141857,133.11111111111111
1,2026-05-12,LABORAL,07:00,113.0,106.19841068669889,129.87654320987653
1,2026-05-12,LABORAL,07:30,153.0,113.5599391230889,136.1762295081967
1,2026-05-12,LABORAL,08:00,147.0,118.35781294659975,134.53086419753086
1,2026-05-12,LABORAL,08:30,59.0,108.5696199505023,136.34156378600824
1,2026-05-12,LABORAL,09:00,103.0,121.78279303444018,136.45679012345678
1,2026-05-12,LABORAL,09:30,148.0,102.42612104185835,120.47540983606558
1,2026-05-12,LABORAL,10:00,96.0,81.10452641471375,101.93032786885246
1,2026-05-12,LABORAL,10:30,77.0,88.00580113946448,95.06584362139918
1,2026-05-12,LABORAL,11:00,99.0,60.73512315795205,93.7172131147541
1,2026-05-12,LABORAL,11:30,112.0,87.19541085729225,100.90573770491804
1,2026-05-12,LABORAL,12:00,91.0,81.58977717884875,112.75720164609054
1,2026-05-12,LABORAL,12:30,93.0,103.78597001376417,133.6378600823045
1,2026-05-12,LABORAL,13:00,155.0,108.73891213177293,134.59426229508196
1,2026-05-12,LABORAL,13:30,91.0,113.27403692651123,143.40983606557376
1,2026-05-12,LABORAL,14:00,118.0,116.0570727634106,150.0331950207469
1,2026-05-12,LABORAL,14:30,193.0,141.25239082571207,155.5514403292181
1,2026-05-12,LABORAL,15:00,169.0,137.3808266817686,176.7377049180328
1,2026-05-12,LABORAL,15:30,137.0,148.50121432692822,180.43983402489627
1,2026-05-12,LABORAL,16:00,91.0,125.47181377826527,149.62809917355372
1,2026-05-12,LABORAL,16:30,45.0,114.54475414674322,122.30864197530865
1,2026-05-12,LABORAL,17:00,61.0,46.57173917237306,72.60434782608695
1,2026-05-13,LABORAL,04:30,63.0,98.70970790288385,122.55327868852459
1,2026-05-13,LABORAL,05:00,145.0,113.9226465468318,122.80658436213992
1,2026-05-13,LABORAL,05:30,93.0,122.9796549758187,141.63524590163934
1,2026-05-13,LABORAL,06:00,96.0,115.28195828250942,141.61475409836066
1,2026-05-13,LABORAL,06:30,183.0,122.41320323298248,133.06584362139918
1,2026-05-13,LABORAL,07:00,76.0,117.95650044948094,129.84362139917695
1,2026-05-13,LABORAL,07:30,173.0,118.20556427636825,135.98360655737704
1,2026-05-13,LABORAL,08:00,93.0,123.10423501037346,134.60493827160494
1,2026-05-13,LABORAL,08:30,150.0,108.51143509740551,135.88477366255145
1,2026-05-13,LABORAL,09:00,56.0,120.77009763900159,136.2962962962963
1,2026-05-13,LABORAL,09:30,119.0,102.03735688960131,120.36065573770492
1,2026-05-13,LABORAL,10:00,118.0,84.52450997281957,102.01229508196721
1,2026-05-13,LABORAL,10:30,62.0,90.34077140851966,94.83539094650206
1,2026-05-13,LABORAL,11:00,175.0,74.90809757159657,93.55737704918033
1,2026-05-13,LABORAL,11:30,63.0,93.17438066929437,100.9139344262295
1,2026-05-13,LABORAL,12:00,124.0,93.21565280520852,112.95473251028807
1,2026-05-13,LABORAL,12:30,73.0,112.48620850311382,133.41152263374485
1,2026-05-13,LABORAL,13:00,127.0,118.28902758253159,134.55737704918033
1,2026-05-13,LABORAL,13:30,141.0,122.3701253720959,143.15573770491804
1,2026-05-13,LABORAL,14:00,126.0,126.62203653979692,149.83817427385893
1,2026-05-13,LABORAL,14:30,180.0,154.04788756504672,155.56378600823047
1,2026-05-13,LABORAL,15:00,130.0,146.8698838831229,176.52868852459017
1,2026-05-13,LABORAL,15:30,214.0,158.66082776324436,180.1908713692946
1,2026-05-13,LABORAL,16:00,130.0,133.1951925654472,149.06198347107437
1,2026-05-13,LABORAL,16:30,69.0,96.8096892188109,122.07818930041152
1,2026-05-13,LABORAL,17:00,40.0,48.84398090386378,72.35217391304347
1,2026-05-14,LABORAL,04:30,88.0,112.48008060892367,122.01639344262296
1,2026-05-14,LABORAL,05:00,85.0,120.75183426066151,123.0082304526749
1,2026-05-14,LABORAL,05:30,201.0,133.28640833471775,141.40573770491804
1,2026-05-14,LABORAL,06:00,138.0,124.52353635127074,141.0860655737705
1,2026-05-14,LABORAL,06:30,72.0,134.43701198751438,133.30041152263374
1,2026-05-14,LABORAL,07:00,146.0,130.16724241321097,129.60493827160494
1,2026-05-14,LABORAL,07:30,105.0,128.167614274631,136.04508196721312
1,2026-05-14,LABORAL,08:00,137.0,135.8760152996127,134.37037037037038
1,2026-05-14,LABORAL,08:30,124.0,120.2829796972719,136.0164609053498
1,2026-05-14,LABORAL,09:00,83.0,127.20642762269239,135.6954732510288
1,2026-05-14,LABORAL,09:30,113.0,112.26360510615177,120.33196721311475
1,2026-05-14,LABORAL,10:00,105.0,95.37617783171984,102.11065573770492
1,2026-05-14,LABORAL,10:30,105.0,86.70420520142459,94.53909465020575
1,2026-05-14,LABORAL,11:00,66.0,80.43316970496119,93.8811475409836
1,2026-05-14,LABORAL,11:30,101.0,98.88940330989868,100.60655737704919
1,2026-05-14,LABORAL,12:00,96.0,104.17969884699497,113.03703703703704
1,2026-05-14,LABORAL,12:30,116.0,121.72378078817003,133.09465020576133
1,2026-05-14,LABORAL,13:00,126.0,133.3755879362951,134.55737704918033
1,2026-05-14,LABORAL,13:30,127.0,134.04421978214003,142.68852459016392
1,2026-05-14,LABORAL,14:00,135.0,136.81789060733703,149.99585062240664
1,2026-05-14,LABORAL,14:30,151.0,165.0097072324084,155.6172839506173
1,2026-05-14,LABORAL,15:00,180.0,168.12328671983667,176.0655737704918
1,2026-05-14,LABORAL,15:30,121.0,174.62957193647696,180.23651452282158
1,2026-05-14,LABORAL,16:00,124.0,138.9494336224102,148.8512396694215
1,2026-05-14,LABORAL,16:30,82.0,108.63791303741542,121.78189300411523
1,2026-05-14,LABORAL,17:00,43.0,54.71040246443593,72.2695652173913
1,2026-05-14,LABORAL,17:30,5.0,32.469080764884,38.429577464788736
1,2026-05-15,LABORAL,04:30,147.0,107.43236149993092,121.56967213114754
1,2026-05-15,LABORAL,05:00,89.0,109.61657174927748,122.77777777777777
1,2026-05-15,LABORAL,05:30,116.0,125.70578647709017,141.70081967213116
1,2026-05-15,LABORAL,06:00,137.0,121.70409063087939,140.95081967213116
1,2026-05-15,LABORAL,06:30,86.0,139.25347953090295,133.07407407407408
1,2026-05-15,LABORAL,07:00,183.0,130.00675851137126,129.65020576131687
1,2026-05-15,LABORAL,07:30,120.0,127.54594722859315,135.94672131147541
1,2026-05-15,LABORAL,08:00,112.0,133.72312544329154,134.1851851851852
1,2026-05-15,LABORAL,08:30,84.0,120.42248037114234,136.09876543209876
1,2026-05-15,LABORAL,09:00,136.0,121.60114083882674,135.21810699588477
1,2026-05-15,LABORAL,09:30,98.0,107.0051159230046,120.37704918032787
1,2026-05-15,LABORAL,10:00,90.0,99.54212711281303,102.00409836065573
1,2026-05-15,LABORAL,10:30,116.0,87.11176986103985,94.59670781893004
1,2026-05-15,LABORAL,11:00,55.0,82.57060843667594,93.72131147540983
1,2026-05-15,LABORAL,11:30,151.0,104.65250278352265,100.43852459016394
1,2026-05-15,LABORAL,12:00,117.0,108.35595666747308,112.95884773662551
1,2026-05-15,LABORAL,12:30,87.0,112.79823743660913,132.880658436214
1,2026-05-15,LABORAL,13:00,122.0,129.99695444468378,134.52868852459017
1,2026-05-15,LABORAL,13:30,93.0,130.636057928353,142.827868852459
1,2026-05-15,LABORAL,14:00,218.0,126.47475247533609,149.91286307053943
1,2026-05-15,LABORAL,14:30,100.0,156.21529972988287,155.45679012345678
1,2026-05-15,LABORAL,15:00,161.0,149.59239974040776,176.36475409836066
1,2026-05-15,LABORAL,15:30,160.0,147.92006645549904,179.79253112033194
1,2026-05-15,LABORAL,16:00,163.0,115.77290174460596,148.41735537190084
1,2026-05-15,LABORAL,16:30,126.0,104.89964808091005,121.35802469135803
1,2026-05-15,LABORAL,17:00,80.0,50.741177200145906,72.15217391304348
1,2026-05-16,SABADO,04:30,26.0,79.68560823599304,78.7843137254902
1,2026-05-16,SABADO,05:00,103.0,64.5183179518975,63.94117647058823
1,2026-05-16,SABADO,05:30,81.0,88.58193785936726,97.51923076923077
1,2026-05-16,SABADO,06:00,33.0,92.45835011661228,97.75
1,2026-05-16,SABADO,06:30,120.0,112.55657974150755,109.5576923076923
1,2026-05-16,SABADO,07:00,145.0,104.15741985190805,104.34615384615384
1,2026-05-16,SABADO,07:30,128.0,103.30650436211316,102.98076923076923
1,2026-05-16,SABADO,08:00,77.0,100.80619931468038,102.78846153846153
1,2026-05-16,SABADO,08:30,108.0,102.16740219513858,101.84615384615384
1,2026-05-16,SABADO,09:00,113.0,96.62034106966925,99.63461538461539
1,2026-05-16,SABADO,09:30,85.0,91.44634441692256,91.17307692307692
1,2026-05-16,SABADO,10:00,83.0,88.45123568418657,88.51923076923077
1,2026-05-16,SABADO,10:30,90.0,94.64272553252752,95.5
1,2026-05-16,SABADO,11:00,100.0,86.23763572161289,94.1923076923077
1,2026-05-16,SABADO,11:30,103.0,84.19138228259047,83.74509803921569
1,2026-05-16,SABADO,12:00,118.0,97.3970885372861,93.46153846153847
1,2026-05-16,SABADO,12:30,110.0,88.77569256228877,93.61224489795919
1,2026-05-16,SABADO,13:00,35.0,76.87804998900228,75.42553191489361
1,2026-05-16,SABADO,13:30,48.0,82.72776798367113,79.18367346938776
1,2026-05-16,SABADO,14:00,25.0,78.82734556382195,80.0
1,2026-05-16,SABADO,14:30,147.0,72.40797939677105,70.2
1,2026-05-16,SABADO,15:00,42.0,74.20489118859852,74.42
1,2026-05-16,SABADO,15:30,39.0,52.76099487975557,65.59183673469387
1,2026-05-16,SABADO,16:00,45.0,50.94356023212865,57.083333333333336
1,2026-05-16,SABADO,17:00,1.0,42.19385852003552,40.37931034482759
1,2026-05-17,DOMINGO,07:00,20.0,27.579022042020682,34.45
1,2026-05-17,DOMINGO,07:30,40.0,29.508155273143103,32.13333333333333
1,2026-05-17,DOMINGO,08:00,16.0,32.836713592376,36.166666666666664
1,2026-05-17,DOMINGO,08:30,59.0,36.257089166551964,43.86046511627907
1,2026-05-17,DOMINGO,10:30,24.0,32.52231325565461,34.8
1,2026-05-17,DOMINGO,11:30,38.0,30.11739339906542,36.71875
1,2026-05-17,DOMINGO,12:00,26.0,28.75783102058176,35.92307692307692
1,2026-05-17,DOMINGO,16:00,27.0,35.674903213175696,33.72727272727273
1,2026-05-18,FESTIVO_PUENTE,06:30,34.0,60.34236640199465,35.5
1,2026-05-18,FESTIVO_PUENTE,07:00,54.0,65.11401326292261,27.25
1,2026-05-18,FESTIVO_PUENTE,08:00,26.0,78.07918495807482,22.0
1,2026-05-18,FESTIVO_PUENTE,08:30,20.0,98.12410575968876,28.555555555555557
1,2026-05-18,FESTIVO_PUENTE,09:00,21.0,71.12089617696269,22.2
1,2026-05-18,FESTIVO_PUENTE,09:30,41.0,75.23666389811918,35.666666666666664
1,2026-05-18,FESTIVO_PUENTE,10:30,16.0,81.51635162161784,34.0
1,2026-05-18,FESTIVO_PUENTE,11:00,12.0,75.94218716708224,25.11111111111111
1,2026-05-18,FESTIVO_PUENTE,11:30,46.0,88.26022534484133,28.25
1,2026-05-18,FESTIVO_PUENTE,12:00,17.0,84.07732382524046,24.5
1,2026-05-18,FESTIVO_PUENTE,13:00,23.0,64.51492788922852,34.5
1,2026-05-18,FESTIVO_PUENTE,14:00,26.0,64.36679270664808,45.166666666666664
1,2026-05-18,FESTIVO_PUENTE,16:30,36.0,54.8279482079225,28.333333333333332
1,2026-05-19,LABORAL,04:30,82.0,132.41421488884873,121.19341563786008
1,2026-05-19,LABORAL,05:00,135.0,119.61036248361225,122.92561983471074
1,2026-05-19,LABORAL,05:30,156.0,149.15213395229605,141.3827160493827
1,2026-05-19,LABORAL,06:00,133.0,144.34957985426328,140.6172839506173
1,2026-05-19,LABORAL,06:30,155.0,145.365994485381,132.58677685950414
1,2026-05-19,LABORAL,07:00,125.0,151.0492340307788,129.8099173553719
1,2026-05-19,LABORAL,07:30,122.0,153.50259408646747,135.75720164609052
1,2026-05-19,LABORAL,08:00,124.0,145.6848007547477,134.1404958677686
1,2026-05-19,LABORAL,08:30,130.0,143.7007005977038,135.4793388429752
1,2026-05-19,LABORAL,09:00,156.0,151.3057382765787,135.22727272727272
1,2026-05-19,LABORAL,09:30,125.0,129.74484595880384,120.07407407407408
1,2026-05-19,LABORAL,10:00,71.0,118.84218690205617,102.0
1,2026-05-19,LABORAL,10:30,146.0,98.4173665724734,94.40082644628099
1,2026-05-19,LABORAL,11:00,42.0,100.4976687999696,93.36625514403292
1,2026-05-19,LABORAL,11:30,184.0,114.67786436725618,100.68312757201646
1,2026-05-19,LABORAL,12:00,77.0,119.4726810523278,113.11157024793388
1,2026-05-19,LABORAL,12:30,131.0,141.8571213617064,132.23140495867767
1,2026-05-19,LABORAL,13:00,91.0,143.12462239777045,134.7283950617284
1,2026-05-19,LABORAL,13:30,153.0,145.09970540505464,142.20164609053498
1,2026-05-19,LABORAL,14:00,118.0,148.25937005485162,150.18333333333334
1,2026-05-19,LABORAL,14:30,158.0,161.00557688510622,155.08677685950414
1,2026-05-19,LABORAL,15:00,155.0,181.59823622962125,176.44444444444446
1,2026-05-19,LABORAL,15:30,122.0,177.87160491712203,179.325
1,2026-05-19,LABORAL,16:00,222.0,155.51363242782503,148.37759336099586
1,2026-05-19,LABORAL,16:30,143.0,112.99424554530404,121.13636363636364
1,2026-05-19,LABORAL,17:00,48.0,72.84771328449932,71.8471615720524
1,2026-05-20,LABORAL,04:30,82.0,120.87271930420872,120.93004115226337
1,2026-05-20,LABORAL,05:00,128.0,125.88397227269374,122.93388429752066
1,2026-05-20,LABORAL,05:30,88.0,139.79378948811797,141.08641975308643
1,2026-05-20,LABORAL,06:00,137.0,130.96854915136302,140.320987654321
1,2026-05-20,LABORAL,06:30,145.0,125.49996081587364,132.65289256198346
1,2026-05-20,LABORAL,07:00,130.0,127.29733844091085,129.84710743801654
1,2026-05-20,LABORAL,07:30,101.0,130.8287514003374,135.7037037037037
1,2026-05-20,LABORAL,08:00,58.0,127.78270196896878,134.06611570247935
1,2026-05-20,LABORAL,08:30,185.0,122.78058399991758,135.0
1,2026-05-20,LABORAL,09:00,91.0,132.8697164211304,135.20247933884298
1,2026-05-20,LABORAL,09:30,104.0,121.37785251321192,119.8641975308642
1,2026-05-20,LABORAL,10:00,191.0,90.42011995902537,101.7448559670782
1,2026-05-20,LABORAL,10:30,67.0,93.53562685895741,94.49586776859505
1,2026-05-20,LABORAL,11:00,66.0,84.16917124566811,93.15637860082305
1,2026-05-20,LABORAL,11:30,92.0,91.48907540440213,100.95061728395062
1,2026-05-20,LABORAL,12:00,82.0,105.74761197805857,112.6694214876033
1,2026-05-20,LABORAL,12:30,104.0,132.2271852671544,131.99586776859505
1,2026-05-20,LABORAL,13:00,47.0,136.83136188877597,134.4238683127572
1,2026-05-20,LABORAL,13:30,178.0,129.15024364390194,142.20987654320987
1,2026-05-20,LABORAL,14:00,117.0,147.37289315791924,149.95
1,2026-05-20,LABORAL,14:30,130.0,159.2457266701332,155.099173553719
1,2026-05-20,LABORAL,15:00,270.0,179.05173989221916,176.40740740740742
1,2026-05-20,LABORAL,15:30,180.0,186.51277310422188,178.4
1,2026-05-20,LABORAL,16:00,104.0,148.17899823974184,148.47302904564316
1,2026-05-20,LABORAL,16:30,71.0,112.13662153363437,121.14049586776859
1,2026-05-20,LABORAL,17:00,95.0,60.984602481038436,71.73362445414847
1,2026-05-23,SABADO,04:30,94.0,64.87847280429622,76.96078431372548
1,2026-05-23,SABADO,05:00,32.0,61.68229372985982,65.29411764705883
1,2026-05-23,SABADO,05:30,145.0,80.28511685797196,97.1923076923077
1,2026-05-23,SABADO,06:00,78.0,80.67569870090047,95.82692307692308
1,2026-05-23,SABADO,06:30,148.0,98.38536787782029,110.38461538461539
1,2026-05-23,SABADO,07:00,66.0,95.16324692475345,104.90384615384616
1,2026-05-23,SABADO,07:30,119.0,88.83033409900104,104.26923076923077
1,2026-05-23,SABADO,08:00,70.0,88.46119634739972,102.23076923076923
1,2026-05-23,SABADO,08:30,76.0,86.11343471114816,101.21153846153847
1,2026-05-23,SABADO,09:00,82.0,85.60651104673624,99.92307692307692
1,2026-05-23,SABADO,09:30,98.0,76.57090212371305,90.82692307692308
1,2026-05-23,SABADO,10:00,52.0,81.47570576485289,88.5576923076923
1,2026-05-23,SABADO,10:30,44.0,83.98683433179175,94.74
1,2026-05-23,SABADO,11:00,129.0,73.47708171309964,95.0
1,2026-05-23,SABADO,11:30,50.0,76.27805615325235,83.74509803921569
1,2026-05-23,SABADO,12:00,84.0,87.84583206101452,93.42307692307692
1,2026-05-23,SABADO,12:30,110.0,72.17856163472129,92.38775510204081
1,2026-05-23,SABADO,13:00,79.0,72.76735430508228,74.42553191489361
1,2026-05-23,SABADO,14:00,85.0,70.25438920062545,78.28571428571429
1,2026-05-23,SABADO,15:00,89.0,71.88549553133893,72.96
1,2026-05-23,SABADO,15:30,47.0,79.50395002735891,65.51020408163265
1,2026-05-23,SABADO,16:00,24.0,62.266149133263234,56.791666666666664
1,2026-05-23,SABADO,16:30,38.0,51.08674273256675,63.205128205128204
1,2026-05-24,DOMINGO,08:00,28.0,30.932161144531676,35.833333333333336
1,2026-05-24,DOMINGO,08:30,26.0,35.63289782015933,44.627906976744185
1,2026-05-24,DOMINGO,09:00,44.0,36.59835879533293,39.8
1,2026-05-24,DOMINGO,10:00,35.0,32.271736363194975,34.8
1,2026-05-24,DOMINGO,11:00,27.0,38.72752486318818,37.44444444444444
1,2026-05-24,DOMINGO,12:00,10.0,34.51640298023237,35.92307692307692
1,2026-05-24,DOMINGO,12:30,35.0,31.753485122637485,37.22222222222222
1,2026-05-24,DOMINGO,13:30,32.0,39.76980614054243,29.91176470588235
1,2026-05-24,DOMINGO,14:00,16.0,45.86269251801015,32.96969696969697
1,2026-05-24,DOMINGO,15:00,25.0,36.340523982257636,35.03225806451613
1,2026-05-24,DOMINGO,15:30,21.0,32.45599830632409,36.857142857142854
1,2026-05-24,DOMINGO,16:30,32.0,42.100444914239375,32.2
1,2026-05-25,LABORAL,04:30,54.0,118.81205546315282,120.01652892561984
1,2026-05-25,LABORAL,05:00,152.0,108.25894185661336,122.6804979253112
1,2026-05-25,LABORAL,05:30,114.0,125.29588829206841,140.53719008264463
1,2026-05-25,LABORAL,06:00,128.0,135.64707559357376,140.02479338842974
1,2026-05-25,LABORAL,06:30,124.0,124.92526886428692,132.5767634854772
1,2026-05-25,LABORAL,07:00,145.0,131.82790075103424,129.5311203319502
1,2026-05-25,LABORAL,07:30,66.0,131.49299222530433,135.4090909090909
1,2026-05-25,LABORAL,08:00,144.0,119.64433363010109,133.54771784232366
1,2026-05-25,LABORAL,08:30,210.0,134.01412629107196,135.09958506224066
1,2026-05-25,LABORAL,09:00,176.0,131.91096799514824,134.58091286307055
1,2026-05-25,LABORAL,09:30,50.0,110.7587344594793,119.72727272727273
1,2026-05-25,LABORAL,10:00,71.0,101.12652777861065,101.75206611570248
1,2026-05-25,LABORAL,10:30,110.0,86.38732312653508,94.08713692946058
1,2026-05-25,LABORAL,11:00,74.0,90.73440468153564,93.03305785123968
1,2026-05-25,LABORAL,11:30,72.0,102.31283941982255,100.6198347107438
1,2026-05-25,LABORAL,12:00,122.0,110.40477689189682,112.44813278008299
1,2026-05-25,LABORAL,12:30,120.0,124.89658576217712,131.6597510373444
1,2026-05-25,LABORAL,13:00,82.0,122.83078101637992,134.1694214876033
1,2026-05-25,LABORAL,13:30,114.0,150.6806269119567,141.98760330578511
1,2026-05-25,LABORAL,14:00,158.0,138.30596113707344,149.89121338912133
1,2026-05-25,LABORAL,14:30,134.0,133.76935837304603,154.71784232365144
1,2026-05-25,LABORAL,15:00,177.0,171.48072454219272,176.24380165289256
1,2026-05-25,LABORAL,15:30,164.0,170.4339107233664,178.6234309623431
1,2026-05-25,LABORAL,16:00,68.0,148.17066065347416,147.72083333333333
1,2026-05-25,LABORAL,16:30,138.0,106.77740252096591,121.04979253112033
1,2026-05-25,LABORAL,17:00,92.0,69.7923935699803,71.05701754385964
1,2026-05-25,LABORAL,17:30,29.0,28.901247233211834,37.97080291970803
1,2026-05-26,LABORAL,04:30,154.0,115.6007978741278,119.65289256198348
1,2026-05-26,LABORAL,05:00,112.0,121.49069751237995,122.65145228215768
1,2026-05-26,LABORAL,05:30,153.0,133.3397271548429,140.43801652892563
1,2026-05-26,LABORAL,06:00,69.0,127.44567030483431,139.64462809917356
1,2026-05-26,LABORAL,06:30,152.0,130.04339407316004,132.71784232365144
1,2026-05-26,LABORAL,07:00,149.0,132.5755016917125,129.52697095435684
1,2026-05-26,LABORAL,07:30,137.0,129.1444837374879,135.03305785123968
1,2026-05-26,LABORAL,08:00,110.0,127.623956466251,133.50207468879668
1,2026-05-26,LABORAL,08:30,108.0,124.42649879774449,135.48547717842322
1,2026-05-26,LABORAL,09:00,151.0,129.89374072733287,134.5311203319502
1,2026-05-26,LABORAL,09:30,83.0,125.5918363446974,119.50826446280992
1,2026-05-26,LABORAL,10:00,91.0,89.00406187964366,101.56611570247934
1,2026-05-26,LABORAL,10:30,80.0,104.99470745707623,94.17427385892117
1,2026-05-26,LABORAL,11:00,119.0,89.85359571343074,92.80578512396694
1,2026-05-26,LABORAL,11:30,101.0,95.26440533741298,100.60330578512396
1,2026-05-26,LABORAL,12:00,106.0,98.03756375573168,112.4896265560166
1,2026-05-26,LABORAL,12:30,89.0,131.25212418525686,131.5311203319502
1,2026-05-26,LABORAL,13:00,157.0,127.21140851905767,133.9090909090909
1,2026-05-26,LABORAL,13:30,171.0,130.13340265114422,141.80165289256198
1,2026-05-26,LABORAL,14:00,50.0,135.58042191908905,149.88702928870293
1,2026-05-26,LABORAL,14:30,214.0,141.33649668934552,154.66390041493776
1,2026-05-26,LABORAL,15:00,129.0,154.8008628268442,176.28099173553719
1,2026-05-26,LABORAL,15:30,138.0,155.79355916922754,178.163179916318
1,2026-05-26,LABORAL,16:00,148.0,127.83898742044454,147.24583333333334
1,2026-05-26,LABORAL,16:30,78.0,111.03544451675776,121.05809128630706
1,2026-05-26,LABORAL,17:00,117.0,55.64308881485268,70.98245614035088
1,2026-05-27,LABORAL,04:30,122.0,109.9905170173144,119.63636363636364
1,2026-05-27,LABORAL,05:00,130.0,120.29183924718973,122.51452282157676
1,2026-05-27,LABORAL,05:30,87.0,131.40934648683117,140.3099173553719
1,2026-05-27,LABORAL,06:00,175.0,118.85829827360747,139.02892561983472
1,2026-05-27,LABORAL,06:30,92.0,119.96216531478345,132.84647302904565
1,2026-05-27,LABORAL,07:00,58.0,119.38601967150719,129.44398340248964
1,2026-05-27,LABORAL,07:30,194.0,124.51584609576975,134.7479338842975
1,2026-05-27,LABORAL,08:00,130.0,116.79376291418563,133.38589211618256
1,2026-05-27,LABORAL,08:30,80.0,118.30380617563125,135.23651452282158
1,2026-05-27,LABORAL,09:00,156.0,122.32169472036853,134.746887966805
1,2026-05-27,LABORAL,09:30,108.0,113.49239845436865,119.12396694214875
1,2026-05-27,LABORAL,10:00,39.0,84.67158851395831,101.74793388429752
1,2026-05-27,LABORAL,10:30,74.0,89.39094865735271,93.9460580912863
1,2026-05-27,LABORAL,11:00,108.0,78.94523257700172,92.88842975206612
1,2026-05-27,LABORAL,11:30,59.0,90.61851022241434,100.5909090909091
1,2026-05-27,LABORAL,12:00,155.0,98.42580136815224,112.4149377593361
1,2026-05-27,LABORAL,12:30,101.0,118.54154003671809,131.23651452282158
1,2026-05-27,LABORAL,13:00,112.0,131.1425685937575,133.900826446281
1,2026-05-27,LABORAL,14:00,222.0,121.39111411082364,149.33891213389123
1,2026-05-27,LABORAL,14:30,143.0,135.55536871272608,154.6390041493776
1,2026-05-27,LABORAL,15:00,168.0,158.9963916558453,176.15702479338842
1,2026-05-27,LABORAL,15:30,143.0,160.75491001662036,177.86610878661088
1,2026-05-27,LABORAL,16:00,130.0,168.38916819507205,146.95416666666668
1,2026-05-27,LABORAL,16:30,34.0,136.67340543091453,120.88796680497926
1,2026-05-27,LABORAL,17:00,84.0,96.85802552059118,71.14912280701755
1,2026-05-28,LABORAL,04:30,101.0,110.37038480890372,119.58264462809917
1,2026-05-28,LABORAL,05:00,62.0,110.12995545292631,122.61410788381743
1,2026-05-28,LABORAL,05:30,193.0,129.6079287124191,140.10743801652893
1,2026-05-28,LABORAL,06:00,136.0,122.56939283330678,138.9793388429752
1,2026-05-28,LABORAL,06:30,145.0,133.96587960188626,132.72614107883817
1,2026-05-28,LABORAL,07:00,111.0,116.38657144256351,129.2780082987552
1,2026-05-28,LABORAL,07:30,134.0,130.00342972358223,134.91322314049586
1,2026-05-28,LABORAL,08:00,108.0,131.98914239028812,133.551867219917
1,2026-05-28,LABORAL,08:30,125.0,129.84938038859264,135.07883817427387
1,2026-05-28,LABORAL,09:00,88.0,121.89586312510238,134.95020746887965
1,2026-05-28,LABORAL,09:30,116.0,100.14631921912398,119.28512396694215
1,2026-05-28,LABORAL,10:00,38.0,98.18206771978778,101.4504132231405
1,2026-05-28,LABORAL,10:30,120.0,88.15438888773079,93.84232365145228
1,2026-05-28,LABORAL,11:00,103.0,82.03596591631552,93.10743801652893
1,2026-05-28,LABORAL,11:30,74.0,99.61107762641234,100.59504132231405
1,2026-05-28,LABORAL,12:00,132.0,111.92646841911626,112.80912863070539
1,2026-05-28,LABORAL,12:30,143.0,103.30344497467524,131.3278008298755
1,2026-05-28,LABORAL,13:00,73.0,123.26429420556715,133.89669421487602
1,2026-05-28,LABORAL,13:30,200.0,134.86741664640545,141.97095435684648
1,2026-05-28,LABORAL,14:00,100.0,122.92099639468123,149.5439330543933
1,2026-05-28,LABORAL,14:30,94.0,159.2234195257114,154.77178423236515
1,2026-05-28,LABORAL,15:00,178.0,146.45376506709184,176.36776859504133
1,2026-05-28,LABORAL,15:30,103.0,142.16524990625737,177.81171548117155
1,2026-05-28,LABORAL,16:00,149.0,122.76636293280217,147.17083333333332
1,2026-05-28,LABORAL,16:30,47.0,106.30061142862357,120.58091286307054
1,2026-05-28,LABORAL,17:00,47.0,56.61927339838598,71.23245614035088
1,2026-05-29,LABORAL,04:30,129.0,104.17730900283,119.4297520661157
1,2026-05-29,LABORAL,05:00,79.0,104.45405610992486,122.27800829875518
1,2026-05-29,LABORAL,05:30,120.0,125.68044992160061,140.29338842975207
1,2026-05-29,LABORAL,06:00,134.0,122.475648839635,139.03305785123968
1,2026-05-29,LABORAL,06:30,109.0,138.16769781012454,132.76763485477179
1,2026-05-29,LABORAL,07:00,155.0,127.32878182836413,129.13692946058092
1,2026-05-29,LABORAL,07:30,107.0,125.26698762343828,135.02479338842974
1,2026-05-29,LABORAL,08:00,122.0,133.9232185600873,133.56016597510373
1,2026-05-29,LABORAL,08:30,142.0,127.98087733013533,135.149377593361
1,2026-05-29,LABORAL,09:00,81.0,121.13708186634116,135.09958506224066
1,2026-05-29,LABORAL,09:30,153.0,103.64309391428534,119.28512396694215
1,2026-05-29,LABORAL,10:00,90.0,100.15213127770646,101.2107438016529
1,2026-05-29,LABORAL,10:30,65.0,89.49775337041059,94.10788381742739
1,2026-05-29,LABORAL,11:00,95.0,81.78491400157745,93.26446280991736
1,2026-05-29,LABORAL,11:30,99.0,104.23360508508713,100.47107438016529
1,2026-05-29,LABORAL,12:00,59.0,107.89807436185448,113.03319502074689
1,2026-05-29,LABORAL,12:30,136.0,100.89016670385627,131.4813278008299
1,2026-05-29,LABORAL,13:00,184.0,126.68718909287259,133.8099173553719
1,2026-05-29,LABORAL,13:30,76.0,128.93748873535802,142.31950207468878
1,2026-05-29,LABORAL,14:00,109.0,113.35125807653799,149.33891213389123
1,2026-05-29,LABORAL,14:30,175.0,149.71830602120866,154.6721991701245
1,2026-05-29,LABORAL,15:00,141.0,140.08615082561494,176.7396694214876
1,2026-05-29,LABORAL,15:30,164.0,132.21349684707712,177.5857740585774
1,2026-05-29,LABORAL,16:00,131.0,105.03826993501522,146.89583333333334
1,2026-05-29,LABORAL,16:30,74.0,101.30538129327094,120.30705394190872
1,2026-05-29,LABORAL,17:00,58.0,55.05971454493393,71.0219298245614
1,2026-05-30,SABADO,04:30,46.0,64.26934081458289,76.72549019607843
1,2026-05-30,SABADO,05:00,45.0,59.17544133477615,64.68627450980392
1,2026-05-30,SABADO,05:30,107.0,79.85497570388338,97.3076923076923
1,2026-05-30,SABADO,06:00,105.0,84.85838978347493,95.53846153846153
1,2026-05-30,SABADO,06:30,93.0,97.16443872280858,109.98076923076923
1,2026-05-30,SABADO,07:00,82.0,94.81275165770907,103.65384615384616
1,2026-05-30,SABADO,07:30,87.0,89.75800385087874,104.23076923076923
1,2026-05-30,SABADO,08:00,80.0,92.93010034858247,101.71153846153847
1,2026-05-30,SABADO,08:30,120.0,92.54693191817262,99.88461538461539
1,2026-05-30,SABADO,09:00,84.0,85.54424916401175,99.90384615384616
1,2026-05-30,SABADO,09:30,75.0,75.43440531238477,91.6923076923077
1,2026-05-30,SABADO,10:00,43.0,78.12747068329924,87.0576923076923
1,2026-05-30,SABADO,10:30,55.0,80.44341316038988,92.44
1,2026-05-30,SABADO,11:00,58.0,71.42284825549729,94.57692307692308
1,2026-05-30,SABADO,11:30,54.0,78.46084108452888,83.11764705882354
1,2026-05-30,SABADO,12:00,105.0,87.08274724406945,93.21153846153847
1,2026-05-30,SABADO,12:30,57.0,70.34392860394044,92.51020408163265
1,2026-05-30,SABADO,13:00,84.0,70.11035190964668,74.19148936170212
1,2026-05-30,SABADO,13:30,42.0,71.65367669340839,77.8125
1,2026-05-30,SABADO,14:00,38.0,67.40183230249825,79.04081632653062
1,2026-05-30,SABADO,14:30,153.0,70.88586217419115,72.18367346938776
1,2026-05-30,SABADO,15:00,41.0,61.05569419412588,72.8
1,2026-05-30,SABADO,15:30,33.0,41.836111420002936,64.77551020408163
1,2026-05-31,DOMINGO,07:00,21.0,30.11663453476072,33.35897435897436
1,2026-05-31,DOMINGO,07:30,37.0,32.087939341084635,32.56818181818182
1,2026-05-31,DOMINGO,08:30,44.0,35.78351485336805,44.30232558139535
1,2026-05-31,DOMINGO,09:30,48.0,34.274340231855476,34.89473684210526
1,2026-05-31,DOMINGO,11:00,54.0,33.449872066145986,37.55555555555556
1,2026-05-31,DOMINGO,12:00,78.0,32.3444145144164,35.58974358974359
1,2026-05-31,DOMINGO,12:30,65.0,28.52522171494516,37.16216216216216
1,2026-05-31,DOMINGO,14:30,25.0,38.29967043339586,38.32258064516129
1,2026-05-31,DOMINGO,15:30,16.0,40.791155180414066,36.95238095238095
1,2026-06-01,LABORAL,04:30,87.0,116.56491947473592,119.32644628099173
1,2026-06-01,LABORAL,05:00,150.0,110.09679641318345,122.04149377593362
1,2026-06-01,LABORAL,05:30,155.0,125.34600896334868,140.14462809917356
1,2026-06-01,LABORAL,06:00,72.0,142.73659364935793,138.84297520661158
1,2026-06-01,LABORAL,06:30,104.0,128.17796165460868,132.5186721991701
1,2026-06-01,LABORAL,07:00,163.0,129.13278602265632,129.24066390041494
1,2026-06-01,LABORAL,07:30,151.0,137.3253753970045,134.86776859504133
1,2026-06-01,LABORAL,08:00,68.0,124.70532630498005,133.3941908713693
1,2026-06-01,LABORAL,08:30,117.0,138.09327665828081,135.00414937759336
1,2026-06-01,LABORAL,09:00,178.0,137.7047254262726,134.92946058091286
1,2026-06-01,LABORAL,09:30,117.0,109.10594482816332,119.4504132231405
1,2026-06-01,LABORAL,10:00,43.0,101.93927155766465,100.94214876033058
1,2026-06-01,LABORAL,10:30,91.0,87.65558928331166,93.89626556016597
1,2026-06-01,LABORAL,11:00,36.0,93.83832478508867,93.25619834710744
1,2026-06-01,LABORAL,11:30,148.0,100.81367862729583,100.4504132231405
1,2026-06-01,LABORAL,12:00,123.0,118.07533846490799,112.64315352697095
1,2026-06-01,LABORAL,12:30,86.0,125.58273721941943,131.3734439834025
1,2026-06-01,LABORAL,13:00,103.0,130.56824409144082,134.01652892561984
1,2026-06-01,LABORAL,13:30,137.0,153.02378564012713,141.91701244813277
1,2026-06-01,LABORAL,14:00,111.0,146.3793463703687,148.96234309623432
1,2026-06-01,LABORAL,14:30,179.0,140.9442907727743,154.68049792531122
1,2026-06-01,LABORAL,15:00,132.0,177.93333867735626,176.3512396694215
1,2026-06-01,LABORAL,15:30,133.0,175.1257289435327,177.47280334728035
1,2026-06-01,LABORAL,16:00,131.0,155.43112270503914,146.95
1,2026-06-01,LABORAL,16:30,45.0,113.20137386969003,119.77178423236515
1,2026-06-02,LABORAL,04:30,77.0,101.6339959222915,119.19341563786008
1,2026-06-02,LABORAL,05:00,100.0,110.0748108537564,122.15702479338843
1,2026-06-02,LABORAL,05:30,147.0,122.20662008728246,140.20576131687244
1,2026-06-02,LABORAL,06:00,150.0,123.84856831899697,138.5679012345679
1,2026-06-02,LABORAL,06:30,195.0,116.73403067754076,132.400826446281
1,2026-06-02,LABORAL,07:00,92.0,111.39418099196885,129.3801652892562
1,2026-06-02,LABORAL,07:30,155.0,124.7766329945074,134.93415637860082
1,2026-06-02,LABORAL,08:00,49.0,116.28704681954606,133.12396694214877
1,2026-06-02,LABORAL,08:30,158.0,122.46278344036983,134.9297520661157
1,2026-06-02,LABORAL,09:00,152.0,121.43591557364026,135.10743801652893
1,2026-06-02,LABORAL,09:30,85.0,105.87951371894076,119.440329218107
1,2026-06-02,LABORAL,10:00,113.0,88.6926266444326,100.70370370370371
1,2026-06-02,LABORAL,10:30,157.0,93.65157774577655,93.88429752066116
1,2026-06-02,LABORAL,11:00,38.0,82.19114675987656,93.02057613168725
1,2026-06-02,LABORAL,11:30,71.0,96.28563834292675,100.64609053497942
1,2026-06-02,LABORAL,12:00,128.0,97.82066397837724,112.68595041322314
1,2026-06-02,LABORAL,12:30,108.0,109.77591877924965,131.18595041322314
1,2026-06-02,LABORAL,13:00,173.0,124.69692046728612,133.88888888888889
1,2026-06-02,LABORAL,13:30,120.0,129.31349562261812,141.89669421487602
1,2026-06-02,LABORAL,14:00,120.0,124.56791988614023,148.80416666666667
1,2026-06-02,LABORAL,14:30,137.0,149.62385102405443,154.78099173553719
1,2026-06-02,LABORAL,15:00,184.0,157.48846539565426,176.1687242798354
1,2026-06-02,LABORAL,15:30,146.0,158.24594974193485,177.2875
1,2026-06-02,LABORAL,16:00,143.0,129.27301996953977,146.88381742738588
1,2026-06-02,LABORAL,16:30,33.0,95.86419040140598,119.46280991735537
1,2026-06-02,LABORAL,17:00,44.0,61.057853754479005,71.04385964912281
1,2026-06-03,LABORAL,04:30,105.0,109.42504708312809,118.88065843621399
1,2026-06-03,LABORAL,05:00,98.0,118.60143908484444,121.85950413223141
1,2026-06-03,LABORAL,05:30,126.0,132.68451463748139,140.1440329218107
1,2026-06-03,LABORAL,06:00,111.0,126.52840698263881,138.3991769547325
1,2026-06-03,LABORAL,06:30,123.0,126.61544301245877,132.6818181818182
1,2026-06-03,LABORAL,07:00,111.0,121.22069729987277,129.0
1,2026-06-03,LABORAL,07:30,98.0,131.39962511089624,134.65020576131687
1,2026-06-03,LABORAL,08:00,110.0,126.74948788232003,132.51652892561984
1,2026-06-03,LABORAL,08:30,137.0,123.36824994908227,134.77272727272728
1,2026-06-03,LABORAL,09:00,92.0,127.76919669012544,135.1611570247934
1,2026-06-03,LABORAL,09:30,103.0,113.25718091651046,119.31687242798354
1,2026-06-03,LABORAL,10:00,137.0,89.90436194170985,100.8559670781893
1,2026-06-03,LABORAL,10:30,80.0,93.02163124822738,94.26859504132231
1,2026-06-03,LABORAL,11:00,114.0,80.17662406090479,92.60082304526749
1,2026-06-03,LABORAL,11:30,69.0,97.85323351601147,100.76131687242798
1,2026-06-03,LABORAL,12:00,82.0,102.32106036891764,112.52479338842976
1,2026-06-03,LABORAL,12:30,125.0,114.22005590063884,131.02479338842974
1,2026-06-03,LABORAL,13:00,117.0,130.82327142663567,133.83539094650206
1,2026-06-03,LABORAL,13:30,87.0,130.58398881419535,141.77272727272728
1,2026-06-03,LABORAL,14:00,197.0,130.8400796245238,148.59583333333333
1,2026-06-03,LABORAL,14:30,52.0,163.63527442855928,154.61157024793388
1,2026-06-03,LABORAL,15:00,136.0,166.96988200727628,176.2469135802469
1,2026-06-03,LABORAL,15:30,202.0,167.4366578773899,176.95416666666668
1,2026-06-03,LABORAL,16:00,156.0,133.14537549834472,146.60995850622407
1,2026-06-03,LABORAL,16:30,78.0,100.16424890036342,119.02892561983471
1,2026-06-04,LABORAL,04:30,121.0,108.24741488724037,118.7448559670782
1,2026-06-04,LABORAL,05:00,61.0,113.51864193699686,121.68181818181819
1,2026-06-04,LABORAL,05:30,137.0,129.74423448896246,139.74897119341563
1,2026-06-04,LABORAL,06:00,144.0,124.29498591719069,138.26748971193416
1,2026-06-04,LABORAL,06:30,121.0,135.5756338591137,132.62809917355372
1,2026-06-04,LABORAL,07:00,134.0,123.89294572985784,129.01239669421489
1,2026-06-04,LABORAL,07:30,131.0,125.63854525236003,134.50205761316872
1,2026-06-04,LABORAL,08:00,111.0,130.68885852018693,132.18595041322314
1,2026-06-04,LABORAL,08:30,88.0,126.73654833420925,134.69834710743802
1,2026-06-04,LABORAL,09:00,156.0,126.97722369833646,134.76446280991735
1,2026-06-04,LABORAL,09:30,84.0,104.27996800390014,119.32921810699588
1,2026-06-04,LABORAL,10:00,52.0,97.54016589697233,100.78600823045268
1,2026-06-04,LABORAL,10:30,130.0,86.8390438140544,94.5
1,2026-06-04,LABORAL,11:00,59.0,80.1331054164038,92.39094650205762
1,2026-06-04,LABORAL,11:30,69.0,100.55601995870454,100.5843621399177
1,2026-06-04,LABORAL,12:00,92.0,107.73790289792503,112.46694214876032
1,2026-06-04,LABORAL,12:30,126.0,112.8525103899861,130.8305785123967
1,2026-06-04,LABORAL,13:00,77.0,128.03648765356442,133.9506172839506
1,2026-06-04,LABORAL,13:30,120.0,132.5461197175214,141.4793388429752
1,2026-06-04,LABORAL,14:00,116.0,124.67487449690833,148.60833333333332
1,2026-06-04,LABORAL,14:30,84.0,162.98887285535915,153.8388429752066
1,2026-06-04,LABORAL,15:00,124.0,158.64680443768594,175.90534979423867
1,2026-06-04,LABORAL,15:30,179.0,156.79216972780955,176.86666666666667
1,2026-06-04,LABORAL,16:00,68.0,129.6693123708354,146.58091286307055
1,2026-06-04,LABORAL,16:30,72.0,102.9177293400706,118.77272727272727
1,2026-06-04,LABORAL,17:00,37.0,56.47311230759463,70.56387665198238
1,2026-06-05,LABORAL,04:30,107.0,93.8106474245746,118.66666666666667
1,2026-06-05,LABORAL,05:00,80.0,97.45693600367039,121.2603305785124
1,2026-06-05,LABORAL,05:30,137.0,111.74336497828584,139.559670781893
1,2026-06-05,LABORAL,06:00,104.0,109.42376219165867,138.02057613168725
1,2026-06-05,LABORAL,06:30,103.0,117.58810731107245,132.4793388429752
1,2026-06-05,LABORAL,07:00,147.0,108.90576992760874,128.94214876033058
1,2026-06-05,LABORAL,07:30,134.0,112.98616403825582,134.3744855967078
1,2026-06-05,LABORAL,08:00,70.0,113.47718521303352,132.02479338842974
1,2026-06-05,LABORAL,08:30,168.0,109.9543612858196,134.4793388429752
1,2026-06-05,LABORAL,09:00,164.0,107.18700773440702,134.77272727272728
1,2026-06-05,LABORAL,09:30,78.0,88.52446177527756,119.24691358024691
1,2026-06-05,LABORAL,10:00,87.0,89.45254290377109,100.24279835390946
1,2026-06-05,LABORAL,10:30,88.0,80.28234305972732,94.58264462809917
1,2026-06-05,LABORAL,11:00,85.0,74.72411854553974,92.32510288065843
1,2026-06-05,LABORAL,11:30,40.0,94.2030615614436,100.19753086419753
1,2026-06-05,LABORAL,12:00,120.0,97.13204057903633,112.44214876033058
1,2026-06-05,LABORAL,12:30,90.0,95.63092928196517,130.6694214876033
1,2026-06-05,LABORAL,13:00,100.0,113.02565138361389,133.66666666666666
1,2026-06-05,LABORAL,13:30,272.0,111.36081818567531,141.36776859504133
1,2026-06-05,LABORAL,14:00,119.0,103.53831530603499,148.4625
1,2026-06-05,LABORAL,14:30,150.0,133.6281755819528,153.44628099173553
1,2026-06-05,LABORAL,15:00,149.0,129.56140321876836,175.78189300411523
1,2026-06-05,LABORAL,15:30,132.0,116.32652861807468,176.49166666666667
1,2026-06-05,LABORAL,16:00,138.0,93.60481792795183,146.29460580912863
1,2026-06-05,LABORAL,16:30,94.0,85.19958432839724,118.32644628099173
1,2026-06-05,LABORAL,17:00,23.0,51.251762365260646,70.29074889867842
1,2026-06-06,SABADO,04:30,77.0,71.10898046638005,74.54901960784314
1,2026-06-06,SABADO,05:00,60.0,64.40166581711598,64.3921568627451
1,2026-06-06,SABADO,05:30,86.0,79.34569868729214,97.78846153846153
1,2026-06-06,SABADO,06:00,58.0,84.38290870200777,95.0576923076923
1,2026-06-06,SABADO,06:30,74.0,80.81792925818704,109.1923076923077
1,2026-06-06,SABADO,07:00,153.0,84.1075175442857,103.23076923076923
1,2026-06-06,SABADO,07:30,65.0,83.91874750148399,103.32692307692308
1,2026-06-06,SABADO,08:00,103.0,84.01961260917993,101.4423076923077
1,2026-06-06,SABADO,08:30,84.0,86.71252005354742,99.61538461538461
1,2026-06-06,SABADO,09:00,169.0,82.68480709230798,98.98076923076923
1,2026-06-06,SABADO,09:30,50.0,79.06571642595945,91.51923076923077
1,2026-06-06,SABADO,10:00,64.0,73.198689453264,86.11538461538461
1,2026-06-06,SABADO,10:30,149.0,71.94489596117234,90.36
1,2026-06-06,SABADO,11:30,84.0,70.89305160630686,82.47058823529412
1,2026-06-06,SABADO,12:00,61.0,72.91125446720099,93.9423076923077
1,2026-06-06,SABADO,13:00,58.0,83.12808314984017,73.65957446808511
1,2026-06-06,SABADO,13:30,68.0,75.8917751625537,75.3125
1,2026-06-06,SABADO,14:00,113.0,78.15350667191589,78.10204081632654
1,2026-06-06,SABADO,14:30,52.0,75.57271848125441,74.3061224489796
1,2026-06-06,SABADO,15:00,71.0,85.12350875760346,71.58
1,2026-06-06,SABADO,16:00,82.0,94.98807657159057,55.170212765957444
1,2026-06-07,DOMINGO,06:30,16.0,33.96233089447939,33.72727272727273
1,2026-06-07,DOMINGO,07:00,25.0,31.27650003222122,32.46153846153846
1,2026-06-07,DOMINGO,07:30,32.0,37.61707614611076,32.666666666666664
1,2026-06-07,DOMINGO,08:00,19.0,41.06197875808516,36.170731707317074
1,2026-06-07,DOMINGO,08:30,67.0,41.23621980197524,44.51162790697674
1,2026-06-07,DOMINGO,09:30,53.0,37.376235942285476,35.55263157894737
1,2026-06-07,DOMINGO,10:00,23.0,36.74472148050816,34.68181818181818
1,2026-06-07,DOMINGO,10:30,15.0,39.514443170903434,35.21052631578947
1,2026-06-07,DOMINGO,11:00,37.0,43.905227520278316,38.0
1,2026-06-07,DOMINGO,11:30,19.0,36.28068881948708,36.06666666666667
1,2026-06-07,DOMINGO,12:00,22.0,32.38025569982355,37.0
1,2026-06-07,DOMINGO,12:30,40.0,35.34775084527821,37.567567567567565
1,2026-06-07,DOMINGO,13:00,28.0,33.41015320516027,32.333333333333336
1,2026-06-07,DOMINGO,13:30,21.0,29.796157069020637,30.21212121212121
1,2026-06-07,DOMINGO,14:30,30.0,38.1360698247765,37.903225806451616
1,2026-06-07,DOMINGO,15:00,25.0,41.18105263366199,35.266666666666666
1,2026-06-07,DOMINGO,16:00,32.0,37.71006259162574,32.76190476190476
1,2026-06-08,FESTIVO_PUENTE,07:30,23.0,96.37280600580165,46.666666666666664
1,2026-06-08,FESTIVO_PUENTE,08:30,55.0,94.24884896162115,24.11111111111111
1,2026-06-08,FESTIVO_PUENTE,09:30,18.0,109.25263702670398,36.666666666666664
1,2026-06-08,FESTIVO_PUENTE,11:00,18.0,121.46222486690525,23.22222222222222
1,2026-06-08,FESTIVO_PUENTE,11:30,21.0,110.50409484948052,30.0
1,2026-06-08,FESTIVO_PUENTE,13:30,17.0,106.43036463621712,26.0
1,2026-06-08,FESTIVO_PUENTE,14:30,24.0,117.16398553342887,36.57142857142857
1,2026-06-08,FESTIVO_PUENTE,15:30,21.0,107.24912662217332,30.6
1,2026-06-09,LABORAL,04:30,88.0,116.1852258921563,118.53719008264463
1,2026-06-09,LABORAL,05:00,129.0,115.60374896818125,120.92116182572614
1,2026-06-09,LABORAL,05:30,140.0,131.0109009205384,139.3099173553719
1,2026-06-09,LABORAL,06:00,110.0,138.22280900669762,137.62396694214877
1,2026-06-09,LABORAL,06:30,141.0,129.7249735290331,132.19502074688796
1,2026-06-09,LABORAL,07:00,54.0,123.80741889203915,129.149377593361
1,2026-06-09,LABORAL,07:30,168.0,136.42470706137536,134.22727272727272
1,2026-06-09,LABORAL,08:00,102.0,127.86423893062249,131.5643153526971
1,2026-06-09,LABORAL,08:30,66.0,134.55906846614116,134.48547717842322
1,2026-06-09,LABORAL,09:00,147.0,136.60193878846707,134.90871369294607
1,2026-06-09,LABORAL,09:30,129.0,110.10142701346267,119.14049586776859
1,2026-06-09,LABORAL,10:00,89.0,98.53437345746762,100.0495867768595
1,2026-06-09,LABORAL,10:30,81.0,84.65611247147318,94.76348547717842
1,2026-06-09,LABORAL,11:00,83.0,86.29208080934748,92.14876033057851
1,2026-06-09,LABORAL,11:30,92.0,94.57096072338149,99.6900826446281
1,2026-06-09,LABORAL,12:00,147.0,112.52191525250086,112.56846473029046
1,2026-06-09,LABORAL,12:30,106.0,125.47726654746567,130.2240663900415
1,2026-06-09,LABORAL,13:00,147.0,129.75484617018782,133.6487603305785
1,2026-06-09,LABORAL,13:30,152.0,151.28376741209252,141.4232365145228
1,2026-06-09,LABORAL,14:00,186.0,144.82583672217487,148.5020920502092
1,2026-06-09,LABORAL,14:30,49.0,146.06016506262603,153.4813278008299
1,2026-06-09,LABORAL,15:00,135.0,184.52913589964808,175.1694214876033
1,2026-06-09,LABORAL,15:30,116.0,174.7123191226559,175.81589958158995
1,2026-06-09,LABORAL,16:00,133.0,155.96843973893874,146.2875
1,2026-06-09,LABORAL,16:30,76.0,113.96659957528617,117.70954356846472
1,2026-06-10,LABORAL,04:30,121.0,112.96142092299809,118.35123966942149
1,2026-06-10,LABORAL,05:00,67.0,118.23480105320958,120.7551867219917
1,2026-06-10,LABORAL,05:30,145.0,136.49202307872775,139.28099173553719
1,2026-06-10,LABORAL,06:00,93.0,134.69200882086682,137.3388429752066
1,2026-06-10,LABORAL,06:30,136.0,128.25716095830407,132.3609958506224
1,2026-06-10,LABORAL,07:00,54.0,122.82807386895064,128.7344398340249
1,2026-06-10,LABORAL,07:30,154.0,132.37545589752122,134.48347107438016
1,2026-06-10,LABORAL,08:00,72.0,127.12829078161404,131.34854771784234
1,2026-06-10,LABORAL,08:30,112.0,125.84738259073409,134.07883817427387
1,2026-06-10,LABORAL,09:00,142.0,130.71766505020068,134.7759336099585
1,2026-06-10,LABORAL,09:30,100.0,115.5058131388476,119.02066115702479
1,2026-06-10,LABORAL,10:00,72.0,95.0777589423616,100.05785123966942
1,2026-06-10,LABORAL,10:30,76.0,96.72355555284996,94.82157676348548
1,2026-06-10,LABORAL,11:00,104.0,89.07640009212987,92.18181818181819
1,2026-06-10,LABORAL,11:30,65.0,97.33629515893386,99.53305785123968
1,2026-06-10,LABORAL,12:00,79.0,104.58963124396342,112.7883817427386
1,2026-06-10,LABORAL,12:30,87.0,122.34744755277659,130.31950207468878
1,2026-06-10,LABORAL,13:00,167.0,124.8267060278936,133.71900826446281
1,2026-06-10,LABORAL,13:30,101.0,137.73712211670318,141.33195020746888
1,2026-06-10,LABORAL,14:00,50.0,137.20493825062633,148.68200836820083
1,2026-06-10,LABORAL,14:30,57.0,151.44808432556144,153.23651452282158
1,2026-06-10,LABORAL,15:00,66.0,167.5068241885095,175.19421487603304
1,2026-06-10,LABORAL,15:30,47.0,167.95028103551726,175.61506276150627
1,2026-06-10,LABORAL,16:00,37.0,138.63043711505853,146.175
3,2026-04-02,FESTIVO,07:00,26.0,42.35521101145527,28.25
3,2026-04-02,FESTIVO,07:30,42.0,27.252511399917722,40.0
3,2026-04-02,FESTIVO,08:00,11.0,65.93419616611219,40.714285714285715
3,2026-04-02,FESTIVO,08:30,62.0,23.486829739110433,23.857142857142858
3,2026-04-02,FESTIVO,09:00,50.0,54.25058977553252,42.333333333333336
3,2026-04-02,FESTIVO,09:30,17.0,18.065329049241996,28.75
3,2026-04-02,FESTIVO,10:00,24.0,43.77255494549465,30.5
3,2026-04-02,FESTIVO,10:30,46.0,0.2908369775838082,26.714285714285715
3,2026-04-02,FESTIVO,11:00,22.0,21.484019017852603,28.25
3,2026-04-02,FESTIVO,11:30,55.0,33.59496628959306,38.285714285714285
3,2026-04-02,FESTIVO,12:00,14.0,24.131514365279287,38.5
3,2026-04-02,FESTIVO,12:30,46.0,45.00075035324349,34.8
3,2026-04-02,FESTIVO,13:00,29.0,27.635999747084313,26.2
3,2026-04-02,FESTIVO,13:30,13.0,22.689289297905077,23.666666666666668
3,2026-04-02,FESTIVO,14:00,23.0,41.08143418321188,29.0
3,2026-04-02,FESTIVO,14:30,26.0,43.1605662050456,29.666666666666668
3,2026-04-02,FESTIVO,15:00,21.0,34.14194333552753,51.0
3,2026-04-02,FESTIVO,15:30,20.0,32.86261367611144,38.666666666666664
3,2026-04-02,FESTIVO,16:00,42.0,63.08914888428467,30.0
3,2026-04-03,FESTIVO,07:00,1.0,32.6158541535457,27.8
3,2026-04-03,FESTIVO,07:30,28.0,30.227871704433298,40.4
3,2026-04-03,FESTIVO,08:30,25.0,57.69462161411958,28.625
3,2026-04-03,FESTIVO,09:00,17.0,29.19189626431198,43.42857142857143
3,2026-04-03,FESTIVO,09:30,17.0,37.84907494086566,26.4
3,2026-04-03,FESTIVO,10:30,35.0,16.841910986051317,29.125
3,2026-04-03,FESTIVO,11:00,14.0,24.329875691029855,27.0
3,2026-04-03,FESTIVO,11:30,24.0,4.290530044094737,40.375
3,2026-04-03,FESTIVO,12:30,27.0,15.20223029616021,36.666666666666664
3,2026-04-03,FESTIVO,14:00,24.0,17.06268747354099,27.5
3,2026-04-03,FESTIVO,15:00,28.0,17.651115964976228,43.5
3,2026-04-04,SABADO,04:00,25.0,22.972365248647293,38.2
3,2026-04-04,SABADO,04:30,86.0,65.72453377105585,110.38461538461539
3,2026-04-04,SABADO,05:00,64.0,104.62021361613868,162.44230769230768
3,2026-04-04,SABADO,05:30,98.0,113.48983185454262,171.73076923076923
3,2026-04-04,SABADO,06:00,100.0,124.09160435821478,211.78846153846155
3,2026-04-04,SABADO,06:30,67.0,104.45591489096088,182.82692307692307
3,2026-04-04,SABADO,07:00,73.0,87.61887734146362,139.0
3,2026-04-04,SABADO,07:30,42.0,85.10508067480589,120.67307692307692
3,2026-04-04,SABADO,08:00,107.0,78.78976924560588,118.25
3,2026-04-04,SABADO,08:30,32.0,72.34134015858268,110.61538461538461
3,2026-04-04,SABADO,09:00,85.0,62.49655795194565,95.11538461538461
3,2026-04-04,SABADO,09:30,97.0,63.30320334023453,97.71153846153847
3,2026-04-04,SABADO,10:00,31.0,61.1438188886011,96.46153846153847
3,2026-04-04,SABADO,10:30,36.0,55.35988954418441,91.28846153846153
3,2026-04-04,SABADO,11:00,44.0,39.21370151099144,100.41176470588235
3,2026-04-04,SABADO,11:30,70.0,63.565112262519975,90.88235294117646
3,2026-04-04,SABADO,12:00,31.0,62.40550451051513,90.98076923076923
3,2026-04-04,SABADO,12:30,62.0,71.90852943431426,81.20408163265306
3,2026-04-04,SABADO,13:30,41.0,46.39960927788208,67.7843137254902
3,2026-04-04,SABADO,14:00,27.0,37.390974385996316,74.22448979591837
3,2026-04-04,SABADO,14:30,64.0,63.95421900246234,65.81632653061224
3,2026-04-04,SABADO,15:00,30.0,53.877099281694356,74.19565217391305
3,2026-04-04,SABADO,15:30,72.0,59.17900170327728,69.29787234042553
3,2026-04-05,DOMINGO,07:00,15.0,23.99532986283974,30.175
3,2026-04-05,DOMINGO,07:30,32.0,29.13987577144367,34.645833333333336
3,2026-04-05,DOMINGO,08:00,33.0,39.91949819175933,40.869565217391305
3,2026-04-05,DOMINGO,08:30,22.0,39.472284001017,40.19047619047619
3,2026-04-05,DOMINGO,09:30,30.0,39.153991670923915,34.04761904761905
3,2026-04-05,DOMINGO,10:30,34.0,41.82865981112312,38.83720930232558
3,2026-04-05,DOMINGO,11:30,36.0,37.68182601169316,37.34285714285714
3,2026-04-05,DOMINGO,12:00,21.0,36.38541577007089,38.68571428571428
3,2026-04-05,DOMINGO,14:00,31.0,32.06786162318778,30.771428571428572
3,2026-04-05,DOMINGO,14:30,28.0,33.51851716653448,37.371428571428574
3,2026-04-05,DOMINGO,15:00,17.0,27.8064336995064,36.333333333333336
3,2026-04-06,LABORAL,04:00,35.0,52.231344538644834,54.611111111111114
3,2026-04-06,LABORAL,04:30,118.0,163.86078524709393,165.5850622406639
3,2026-04-06,LABORAL,05:00,262.0,278.9317976506249,278.1942148760331
3,2026-04-06,LABORAL,05:30,251.0,274.08768102349086,280.6487603305785
3,2026-04-06,LABORAL,06:00,180.0,300.32103489518437,300.1694214876033
3,2026-04-06,LABORAL,06:30,304.0,227.81374795452598,227.71487603305786
3,2026-04-06,LABORAL,07:00,186.0,178.6965537946064,181.47107438016528
3,2026-04-06,LABORAL,07:30,141.0,169.8996228534474,163.3609958506224
3,2026-04-06,LABORAL,08:00,172.0,147.4221399479317,149.61764705882354
3,2026-04-06,LABORAL,08:30,117.0,150.73035537467524,149.0954356846473
3,2026-04-06,LABORAL,09:00,134.0,145.85384343001687,141.8423236514523
3,2026-04-06,LABORAL,09:30,137.0,138.09978757775895,126.68333333333334
3,2026-04-06,LABORAL,10:00,145.0,139.49902504660662,133.3
3,2026-04-06,LABORAL,10:30,70.0,127.1306003257431,121.0
3,2026-04-06,LABORAL,11:00,185.0,102.74059881024115,113.87136929460581
3,2026-04-06,LABORAL,11:30,101.0,134.40426884626052,132.13278008298755
3,2026-04-06,LABORAL,12:00,198.0,175.54048398980117,172.04545454545453
3,2026-04-06,LABORAL,12:30,179.0,138.15274460014206,143.20833333333334
3,2026-04-06,LABORAL,13:00,124.0,146.89432992407745,144.5850622406639
3,2026-04-06,LABORAL,13:30,175.0,139.45607257964798,139.1701244813278
3,2026-04-06,LABORAL,14:00,113.0,129.05097618605376,133.69294605809128
3,2026-04-06,LABORAL,14:30,150.0,146.12860474436587,149.25416666666666
3,2026-04-06,LABORAL,15:00,117.0,170.717836941873,156.82157676348547
3,2026-04-06,LABORAL,15:30,110.0,142.05200127127895,150.55
3,2026-04-06,LABORAL,16:00,125.0,111.76995947143195,118.59493670886076
3,2026-04-06,LABORAL,16:30,119.0,85.5417994047986,89.71308016877637
3,2026-04-06,LABORAL,17:30,17.0,48.58585813170461,34.025
3,2026-04-07,LABORAL,04:00,45.0,47.39255040861153,54.343434343434346
3,2026-04-07,LABORAL,04:30,72.0,134.98562587569637,165.39834024896265
3,2026-04-07,LABORAL,05:00,361.0,247.6656190832333,278.099173553719
3,2026-04-07,LABORAL,05:30,270.0,246.92214059624135,280.1528925619835
3,2026-04-07,LABORAL,06:00,358.0,281.42249225559914,299.71487603305786
3,2026-04-07,LABORAL,06:30,182.0,214.4457247281245,227.80165289256198
3,2026-04-07,LABORAL,07:00,214.0,167.54173911427432,181.4297520661157
3,2026-04-07,LABORAL,07:30,200.0,153.2286016297789,162.94190871369295
3,2026-04-07,LABORAL,08:00,177.0,137.36161527718377,149.46218487394958
3,2026-04-07,LABORAL,08:30,130.0,142.72439937822412,148.8713692946058
3,2026-04-07,LABORAL,09:00,91.0,134.18337711390677,141.96265560165975
3,2026-04-07,LABORAL,09:30,144.0,120.26716307289328,126.65
3,2026-04-07,LABORAL,10:00,185.0,130.9464112352946,133.475
3,2026-04-07,LABORAL,10:30,96.0,119.91010829153242,120.34024896265561
3,2026-04-07,LABORAL,11:00,107.0,115.75319762921352,114.2116182572614
3,2026-04-07,LABORAL,11:30,183.0,132.2847204564174,132.2033195020747
3,2026-04-07,LABORAL,12:00,133.0,168.69771664991276,172.2396694214876
3,2026-04-07,LABORAL,12:30,194.0,133.418243822348,143.12083333333334
3,2026-04-07,LABORAL,13:00,98.0,133.89214184401678,144.5186721991701
3,2026-04-07,LABORAL,13:30,150.0,121.94249575506534,139.30705394190872
3,2026-04-07,LABORAL,14:00,189.0,113.55392959169521,133.25726141078837
3,2026-04-07,LABORAL,14:30,168.0,135.23864564353613,149.39583333333334
3,2026-04-07,LABORAL,15:00,111.0,123.77557870369334,156.41908713692945
3,2026-04-07,LABORAL,15:30,174.0,124.26484402077693,150.3125
3,2026-04-07,LABORAL,16:00,111.0,115.87906477839483,118.28270042194093
3,2026-04-07,LABORAL,16:30,108.0,70.64838867989099,89.80590717299577
3,2026-04-08,LABORAL,04:00,88.0,49.375701287834545,54.313131313131315
3,2026-04-08,LABORAL,04:30,146.0,147.75735605864253,164.88381742738588
3,2026-04-08,LABORAL,05:00,229.0,269.91347401110727,278.56611570247935
3,2026-04-08,LABORAL,05:30,335.0,272.80566036257744,280.27685950413223
3,2026-04-08,LABORAL,06:00,278.0,292.92721431954817,299.5206611570248
3,2026-04-08,LABORAL,06:30,162.0,213.88220092894562,227.4793388429752
3,2026-04-08,LABORAL,07:00,154.0,169.32862029999706,181.4504132231405
3,2026-04-08,LABORAL,07:30,108.0,163.26823349259902,163.1825726141079
3,2026-04-08,LABORAL,08:00,168.0,140.01787650205455,149.18487394957984
3,2026-04-08,LABORAL,08:30,127.0,139.5067277574491,148.7219917012448
3,2026-04-08,LABORAL,09:00,147.0,132.27691606135593,141.64315352697096
3,2026-04-08,LABORAL,09:30,119.0,115.75361871625577,126.60416666666667
3,2026-04-08,LABORAL,10:00,126.0,126.12014905516615,133.4625
3,2026-04-08,LABORAL,10:30,155.0,110.05642944706359,120.21576763485477
3,2026-04-08,LABORAL,11:00,98.0,120.13931084975259,113.94190871369294
3,2026-04-08,LABORAL,11:30,121.0,136.32619451254186,132.4356846473029
3,2026-04-08,LABORAL,12:00,229.0,172.3069873912044,172.0495867768595
3,2026-04-08,LABORAL,12:30,98.0,144.79120886649991,143.19166666666666
3,2026-04-08,LABORAL,13:00,191.0,129.7576079924616,144.3278008298755
3,2026-04-08,LABORAL,13:30,186.0,127.73198980868605,138.91701244813277
3,2026-04-08,LABORAL,14:00,91.0,121.90399094297477,133.3609958506224
3,2026-04-08,LABORAL,14:30,195.0,153.42077098107342,149.4625
3,2026-04-08,LABORAL,15:00,61.0,131.3816619874359,156.2033195020747
3,2026-04-08,LABORAL,15:30,106.0,134.70866844924532,150.29583333333332
3,2026-04-08,LABORAL,16:00,140.0,111.85061259581626,117.94092827004219
3,2026-04-08,LABORAL,16:30,55.0,77.62468070349522,89.8902953586498
3,2026-04-08,LABORAL,17:00,40.0,38.74573683341259,58.44927536231884
3,2026-04-09,LABORAL,04:00,77.0,52.36189514183761,54.32828282828283
3,2026-04-09,LABORAL,04:30,66.0,146.2167556815189,164.83402489626556
3,2026-04-09,LABORAL,05:00,348.0,270.99840644198014,278.25206611570246
3,2026-04-09,LABORAL,05:30,236.0,253.15773130142816,280.57851239669424
3,2026-04-09,LABORAL,06:00,306.0,288.62065933965914,299.6818181818182
3,2026-04-09,LABORAL,06:30,126.0,208.55888358679385,226.8595041322314
3,2026-04-09,LABORAL,07:00,183.0,164.23862830849475,181.4297520661157
3,2026-04-09,LABORAL,07:30,230.0,149.79014033697862,162.67634854771785
3,2026-04-09,LABORAL,08:00,90.0,138.91069875829973,149.1218487394958
3,2026-04-09,LABORAL,08:30,120.0,140.21407810072597,148.6721991701245
3,2026-04-09,LABORAL,09:00,139.0,127.6402312924349,141.57261410788382
3,2026-04-09,LABORAL,09:30,145.0,113.95995116326736,126.47083333333333
3,2026-04-09,LABORAL,10:00,170.0,120.1373399409868,133.50416666666666
3,2026-04-09,LABORAL,10:30,38.0,108.17071402196797,120.53941908713693
3,2026-04-09,LABORAL,11:00,172.0,113.0121885113055,113.61410788381743
3,2026-04-09,LABORAL,11:30,78.0,133.63357348482697,132.29045643153526
3,2026-04-09,LABORAL,12:00,159.0,165.21318607793657,172.26859504132233
3,2026-04-09,LABORAL,12:30,43.0,141.44329761032546,142.97083333333333
3,2026-04-09,LABORAL,13:00,169.0,142.46535366017682,144.63485477178423
3,2026-04-09,LABORAL,13:30,141.0,120.321807747735,138.8921161825726
3,2026-04-09,LABORAL,14:00,81.0,125.99779327989889,133.46473029045643
3,2026-04-09,LABORAL,14:30,162.0,146.01721757262584,149.5375
3,2026-04-09,LABORAL,15:00,126.0,135.73934205069244,155.8091286307054
3,2026-04-09,LABORAL,15:30,144.0,124.74614119999885,150.00416666666666
3,2026-04-09,LABORAL,16:00,93.0,109.10395566533307,117.73417721518987
3,2026-04-09,LABORAL,16:30,78.0,70.31694360677062,89.71729957805907
3,2026-04-09,LABORAL,17:00,41.0,43.2163402783969,58.36057692307692
3,2026-04-10,LABORAL,04:00,93.0,50.9314294682177,54.45454545454545
3,2026-04-10,LABORAL,04:30,50.0,135.0292993098725,164.13692946058092
3,2026-04-10,LABORAL,05:00,298.0,253.52821122473512,278.71487603305786
3,2026-04-10,LABORAL,05:30,229.0,238.1838442150258,280.202479338843
3,2026-04-10,LABORAL,06:00,416.0,282.7746235917494,299.504132231405
3,2026-04-10,LABORAL,06:30,134.0,209.9365758973682,226.17768595041323
3,2026-04-10,LABORAL,07:00,192.0,168.04903568925664,181.43388429752065
3,2026-04-10,LABORAL,07:30,153.0,131.57097183752578,162.7344398340249
3,2026-04-10,LABORAL,08:00,186.0,135.97189756334163,148.99579831932772
3,2026-04-10,LABORAL,08:30,170.0,142.75703543371537,148.22821576763485
3,2026-04-10,LABORAL,09:00,142.0,123.57723821174724,141.7759336099585
3,2026-04-10,LABORAL,09:30,78.0,112.85084970154979,126.51666666666667
3,2026-04-10,LABORAL,10:00,122.0,113.2003578388525,133.5875
3,2026-04-10,LABORAL,10:30,141.0,114.0765940803094,120.13278008298755
3,2026-04-10,LABORAL,11:00,110.0,102.4349326810701,113.9253112033195
3,2026-04-10,LABORAL,11:30,94.0,124.6839481147378,131.850622406639
3,2026-04-10,LABORAL,12:00,198.0,164.05738435505825,172.1694214876033
3,2026-04-10,LABORAL,12:30,109.0,129.15004623579128,142.69166666666666
3,2026-04-10,LABORAL,13:00,135.0,148.98794766173452,144.82157676348547
3,2026-04-10,LABORAL,13:30,178.0,119.71423015204485,138.16597510373444
3,2026-04-10,LABORAL,14:00,137.0,130.35135696064182,133.448132780083
3,2026-04-10,LABORAL,14:30,191.0,125.0907150091227,149.64166666666668
3,2026-04-10,LABORAL,15:00,83.0,141.70396401645695,155.746887966805
3,2026-04-10,LABORAL,15:30,61.0,108.85264651974371,149.98333333333332
3,2026-04-10,LABORAL,16:00,37.0,98.56499549364645,117.41772151898734
3,2026-04-10,LABORAL,16:30,68.0,71.86761237096977,89.37974683544304
3,2026-04-10,LABORAL,17:00,57.0,51.37516172503116,58.37980769230769
3,2026-04-11,SABADO,04:00,30.0,35.427893094706846,37.85
3,2026-04-11,SABADO,04:30,71.0,90.71145561239985,109.13461538461539
3,2026-04-11,SABADO,05:00,232.0,159.65214465774494,160.46153846153845
3,2026-04-11,SABADO,05:30,148.0,153.68008322337906,169.3846153846154
3,2026-04-11,SABADO,06:00,161.0,205.1269786393745,209.5
3,2026-04-11,SABADO,06:30,201.0,180.2866296394455,180.6153846153846
3,2026-04-11,SABADO,07:00,141.0,136.63079595569897,137.80769230769232
3,2026-04-11,SABADO,07:30,119.0,116.0560073725658,118.36538461538461
3,2026-04-11,SABADO,08:00,76.0,113.65264477543846,118.3076923076923
3,2026-04-11,SABADO,08:30,134.0,115.0840978254823,108.46153846153847
3,2026-04-11,SABADO,09:00,77.0,98.73846504422269,94.0
3,2026-04-11,SABADO,09:30,89.0,94.50033414017597,97.84615384615384
3,2026-04-11,SABADO,10:00,75.0,95.31155570606305,94.67307692307692
3,2026-04-11,SABADO,10:30,121.0,94.78928131566755,90.96153846153847
3,2026-04-11,SABADO,11:00,101.0,97.41344576606528,97.07843137254902
3,2026-04-11,SABADO,11:30,45.0,83.98642693464035,90.37254901960785
3,2026-04-11,SABADO,12:00,87.0,98.28065735215809,89.01923076923077
3,2026-04-11,SABADO,12:30,109.0,71.29719365077997,80.40816326530613
3,2026-04-11,SABADO,13:00,25.0,81.82399743400342,74.77083333333333
3,2026-04-11,SABADO,13:30,40.0,63.761739035312104,66.84313725490196
3,2026-04-11,SABADO,14:00,82.0,81.27608716356991,73.71428571428571
3,2026-04-11,SABADO,15:00,142.0,59.61961084766901,72.56521739130434
3,2026-04-11,SABADO,16:00,18.0,53.564598237052394,54.30232558139535
3,2026-04-11,SABADO,16:30,29.0,48.1105115628952,47.3125
3,2026-04-12,DOMINGO,08:00,34.0,25.59746527480371,40.41304347826087
3,2026-04-12,DOMINGO,08:30,24.0,28.098063630235742,39.333333333333336
3,2026-04-12,DOMINGO,09:30,32.0,47.27239140960549,34.095238095238095
3,2026-04-12,DOMINGO,10:00,38.0,34.227208173392654,41.52272727272727
3,2026-04-12,DOMINGO,11:00,25.0,53.71687571019683,36.5
3,2026-04-12,DOMINGO,12:00,28.0,36.96607842852052,37.34285714285714
3,2026-04-12,DOMINGO,13:00,21.0,38.35310583532366,31.605263157894736
3,2026-04-12,DOMINGO,14:00,25.0,34.32863172864941,31.085714285714285
3,2026-04-13,LABORAL,04:00,81.0,49.26289038194935,54.666666666666664
3,2026-04-13,LABORAL,04:30,93.0,157.90784043104233,163.6390041493776
3,2026-04-13,LABORAL,05:00,270.0,278.3988487823149,278.8471074380165
3,2026-04-13,LABORAL,05:30,294.0,268.45131060364224,279.46280991735534
3,2026-04-13,LABORAL,06:00,206.0,291.3952174224073,299.995867768595
3,2026-04-13,LABORAL,06:30,291.0,227.011999401515,225.70247933884298
3,2026-04-13,LABORAL,07:00,188.0,176.49977734500334,181.77685950413223
3,2026-04-13,LABORAL,07:30,144.0,168.01901654655939,162.41078838174275
3,2026-04-13,LABORAL,08:00,111.0,146.61053960630733,149.19747899159663
3,2026-04-13,LABORAL,08:30,55.0,147.93774800924086,148.52282157676348
3,2026-04-13,LABORAL,09:00,66.0,140.25304353492643,141.90041493775934
3,2026-04-13,LABORAL,09:30,25.0,133.1238861676911,126.17916666666666
3,2026-04-13,LABORAL,10:00,114.0,136.18343238058225,133.59583333333333
3,2026-04-13,LABORAL,10:30,178.0,121.68219702364517,120.20331950207469
3,2026-04-13,LABORAL,11:00,48.0,101.61759267949665,113.81742738589212
3,2026-04-13,LABORAL,11:30,150.0,130.5216244591855,131.6597510373444
3,2026-04-13,LABORAL,12:00,126.0,173.67415364527739,172.06198347107437
3,2026-04-13,LABORAL,12:30,147.0,139.69010553673277,142.4
3,2026-04-13,LABORAL,13:00,194.0,143.38227653147462,144.94605809128632
3,2026-04-13,LABORAL,13:30,70.0,135.7008151112674,138.2655601659751
3,2026-04-13,LABORAL,14:00,121.0,125.2658744312904,133.09128630705393
3,2026-04-13,LABORAL,14:30,121.0,144.24962165422346,149.575
3,2026-04-13,LABORAL,15:00,134.0,169.59667810640326,155.36929460580913
3,2026-04-13,LABORAL,15:30,118.0,142.21220781631428,149.74166666666667
3,2026-04-13,LABORAL,16:00,105.0,110.66038727137025,116.61603375527426
3,2026-04-13,LABORAL,16:30,41.0,83.92243726281419,89.17721518987342
3,2026-04-13,LABORAL,17:00,48.0,45.215031596048846,58.25961538461539
3,2026-04-14,LABORAL,04:00,50.0,53.10193259155358,54.803030303030305
3,2026-04-14,LABORAL,04:30,113.0,132.681521729411,163.22821576763485
3,2026-04-14,LABORAL,05:00,362.0,230.9497132237761,279.23553719008265
3,2026-04-14,LABORAL,05:30,148.0,212.13287277450831,279.504132231405
3,2026-04-14,LABORAL,06:00,316.0,258.07273573925806,299.5082644628099
3,2026-04-14,LABORAL,06:30,252.0,202.747907377896,225.95454545454547
3,2026-04-14,LABORAL,07:00,162.0,168.5018048391201,181.84297520661158
3,2026-04-14,LABORAL,07:30,163.0,143.64286239541752,162.2655601659751
3,2026-04-14,LABORAL,08:00,165.0,133.20876984935126,149.02100840336135
3,2026-04-14,LABORAL,08:30,139.0,142.33318013587981,148.13278008298755
3,2026-04-14,LABORAL,09:00,105.0,131.5374780631802,141.5186721991701
3,2026-04-14,LABORAL,09:30,134.0,126.12729659108751,125.90416666666667
3,2026-04-14,LABORAL,10:00,194.0,126.0357928130729,133.50416666666666
3,2026-04-14,LABORAL,10:30,62.0,116.21173798058837,120.30705394190872
3,2026-04-14,LABORAL,11:00,141.0,109.3342676102602,113.62240663900415
3,2026-04-14,LABORAL,11:30,145.0,125.91825560979314,131.70539419087137
3,2026-04-14,LABORAL,12:00,188.0,163.1809977787532,171.67355371900825
3,2026-04-14,LABORAL,12:30,141.0,114.21563544746056,142.57916666666668
3,2026-04-14,LABORAL,13:00,89.0,141.53438968223094,144.9668049792531
3,2026-04-14,LABORAL,13:30,188.0,109.32679545986207,138.17842323651453
3,2026-04-14,LABORAL,14:00,39.0,109.64989022551416,133.09128630705393
3,2026-04-14,LABORAL,14:30,142.0,120.73875336572961,149.45416666666668
3,2026-04-14,LABORAL,15:00,105.0,119.83523370537863,155.35269709543567
3,2026-04-14,LABORAL,15:30,163.0,104.32225624222086,149.3125
3,2026-04-14,LABORAL,16:00,87.0,101.35125431428267,116.59071729957806
3,2026-04-14,LABORAL,16:30,83.0,55.49712334811203,88.9873417721519
3,2026-04-14,LABORAL,17:00,36.0,37.76578677057846,58.10096153846154
3,2026-04-14,LABORAL,17:30,10.0,34.31457371866318,33.87931034482759
3,2026-04-15,LABORAL,04:00,53.0,47.86435856902415,54.72727272727273
3,2026-04-15,LABORAL,04:30,128.0,164.26771049244587,162.97095435684648
3,2026-04-15,LABORAL,05:00,321.0,302.58198205171743,279.78512396694214
3,2026-04-15,LABORAL,05:30,297.0,296.0091469425487,278.93388429752065
3,2026-04-15,LABORAL,06:00,180.0,309.06969497502547,299.54545454545456
3,2026-04-15,LABORAL,06:30,204.0,235.35031136505455,226.1404958677686
3,2026-04-15,LABORAL,07:00,162.0,180.40015235295314,181.67355371900825
3,2026-04-15,LABORAL,07:30,186.0,159.69341054649422,162.1701244813278
3,2026-04-15,LABORAL,08:00,171.0,146.46503943464,149.07563025210084
3,2026-04-15,LABORAL,08:30,175.0,150.42225209770453,148.04979253112035
3,2026-04-15,LABORAL,09:00,140.0,144.82667208573565,141.33195020746888
3,2026-04-15,LABORAL,09:30,146.0,125.46001499354755,125.90833333333333
3,2026-04-15,LABORAL,10:00,87.0,136.20861244009905,133.775
3,2026-04-15,LABORAL,10:30,62.0,124.35536337997371,120.15767634854772
3,2026-04-15,LABORAL,11:00,67.0,119.27040779096251,113.68879668049793
3,2026-04-15,LABORAL,11:30,124.0,145.7555152116573,131.76763485477179
3,2026-04-15,LABORAL,12:00,158.0,166.5799984289162,171.9090909090909
3,2026-04-15,LABORAL,12:30,119.0,145.64351367439858,142.63333333333333
3,2026-04-15,LABORAL,13:00,90.0,143.86696037317878,144.79253112033194
3,2026-04-15,LABORAL,13:30,148.0,141.2409901977594,138.448132780083
3,2026-04-15,LABORAL,14:00,131.0,139.2907022330607,132.63485477178423
3,2026-04-15,LABORAL,14:30,146.0,159.35743599851983,149.49583333333334
3,2026-04-15,LABORAL,15:00,103.0,157.4445942333974,155.3278008298755
3,2026-04-15,LABORAL,15:30,54.0,148.46463723762025,149.3125
3,2026-04-15,LABORAL,16:00,100.0,102.5841178546278,116.51054852320675
3,2026-04-15,LABORAL,16:30,56.0,77.73104357106078,89.0886075949367
3,2026-04-15,LABORAL,17:00,28.0,39.83135698344546,57.85576923076923
3,2026-04-16,LABORAL,04:00,51.0,56.16427967288942,54.75757575757576
3,2026-04-16,LABORAL,04:30,122.0,158.61587733706503,162.75933609958506
3,2026-04-16,LABORAL,05:00,310.0,264.76546549671997,280.1900826446281
3,2026-04-16,LABORAL,05:30,197.0,256.1964891937096,279.1280991735537
3,2026-04-16,LABORAL,06:00,258.0,267.05511027822547,299.1570247933884
3,2026-04-16,LABORAL,06:30,213.0,203.66341275017567,226.15289256198346
3,2026-04-16,LABORAL,07:00,209.0,176.80893518771083,181.54132231404958
3,2026-04-16,LABORAL,07:30,136.0,155.65047521104233,162.30705394190872
3,2026-04-16,LABORAL,08:00,78.0,145.55984001338683,149.1638655462185
3,2026-04-16,LABORAL,08:30,115.0,141.8393104877507,147.90041493775934
3,2026-04-16,LABORAL,09:00,138.0,129.98742584642164,141.30290456431536
3,2026-04-16,LABORAL,09:30,84.0,117.38627642543952,126.05416666666666
3,2026-04-16,LABORAL,10:00,149.0,123.76269986466345,133.67916666666667
3,2026-04-16,LABORAL,10:30,75.0,115.43521267539177,119.92116182572614
3,2026-04-16,LABORAL,11:00,73.0,113.0457566446624,113.76763485477179
3,2026-04-16,LABORAL,11:30,170.0,133.37515523043967,131.56846473029046
3,2026-04-16,LABORAL,12:00,159.0,151.05873725538257,171.8595041322314
3,2026-04-16,LABORAL,12:30,98.0,139.20518682134755,143.12083333333334
3,2026-04-16,LABORAL,13:00,146.0,144.1587789657125,144.51452282157678
3,2026-04-16,LABORAL,13:30,140.0,128.82507017880138,138.41908713692945
3,2026-04-16,LABORAL,14:00,26.0,130.03029228389502,132.7136929460581
3,2026-04-16,LABORAL,14:30,100.0,146.15978299625368,149.50416666666666
3,2026-04-16,LABORAL,15:00,171.0,141.9956015823144,155.30290456431536
3,2026-04-16,LABORAL,15:30,109.0,125.3716355537779,148.9
3,2026-04-16,LABORAL,16:00,91.0,98.03609796687888,116.45147679324894
3,2026-04-16,LABORAL,16:30,53.0,76.2846758570815,88.88607594936708
3,2026-04-16,LABORAL,17:00,49.0,47.256946446455245,57.66826923076923
3,2026-04-17,LABORAL,04:00,51.0,57.991150356989095,54.73869346733668
3,2026-04-17,LABORAL,04:30,175.0,140.631600317757,162.5909090909091
3,2026-04-17,LABORAL,05:00,273.0,223.34530443268935,280.3127572016461
3,2026-04-17,LABORAL,05:30,179.0,216.98420375385004,278.7901234567901
3,2026-04-17,LABORAL,06:00,288.0,227.08192470227675,298.98765432098764
3,2026-04-17,LABORAL,06:30,291.0,178.21290926660268,226.09876543209876
3,2026-04-17,LABORAL,07:00,120.0,155.69138865499917,181.65432098765433
3,2026-04-17,LABORAL,07:30,111.0,134.4855152165118,162.19834710743802
3,2026-04-17,LABORAL,08:00,143.0,136.46698822265404,148.86610878661088
3,2026-04-17,LABORAL,08:30,187.0,125.66698878427223,147.76446280991735
3,2026-04-17,LABORAL,09:00,111.0,111.26264366053638,141.28925619834712
3,2026-04-17,LABORAL,09:30,136.0,105.50569511914426,125.87966804979253
3,2026-04-17,LABORAL,10:00,139.0,100.86491311791698,133.74273858921163
3,2026-04-17,LABORAL,10:30,76.0,100.58109803066844,119.73553719008264
3,2026-04-17,LABORAL,11:00,105.0,106.97876687647198,113.59917355371901
3,2026-04-17,LABORAL,11:30,204.0,114.67058821047931,131.72727272727272
3,2026-04-17,LABORAL,12:00,196.0,133.7133649949999,171.80658436213992
3,2026-04-17,LABORAL,12:30,96.0,123.54005861112203,142.93360995850622
3,2026-04-17,LABORAL,13:00,114.0,126.87187916007437,144.5206611570248
3,2026-04-17,LABORAL,13:30,162.0,107.51981819185454,138.42561983471074
3,2026-04-17,LABORAL,14:30,106.0,116.46385609576267,149.298755186722
3,2026-04-17,LABORAL,15:00,166.0,118.05861883034254,155.36776859504133
3,2026-04-17,LABORAL,15:30,98.0,119.41322349550234,148.7344398340249
3,2026-04-17,LABORAL,16:00,107.0,95.90553826802352,116.34453781512605
3,2026-04-17,LABORAL,16:30,80.0,81.97302969143902,88.73529411764706
3,2026-04-17,LABORAL,17:00,56.0,69.29331754513234,57.6267942583732
3,2026-04-18,SABADO,04:00,36.0,49.4198718446584,37.675
3,2026-04-18,SABADO,04:30,99.0,99.96571576606375,108.13461538461539
3,2026-04-18,SABADO,05:00,163.0,172.2488271907348,160.6153846153846
3,2026-04-18,SABADO,05:30,123.0,163.60159013247608,168.26923076923077
3,2026-04-18,SABADO,06:00,222.0,174.5764370385014,208.25
3,2026-04-18,SABADO,06:30,96.0,141.5979229329377,181.84615384615384
3,2026-04-18,SABADO,07:00,123.0,117.48775185480378,137.78846153846155
3,2026-04-18,SABADO,07:30,117.0,104.93699529734658,117.78846153846153
3,2026-04-18,SABADO,08:00,107.0,105.61580252689639,117.42307692307692
3,2026-04-18,SABADO,08:30,118.0,94.96366793667171,109.38461538461539
3,2026-04-18,SABADO,09:00,90.0,83.96224347136013,92.76923076923077
3,2026-04-18,SABADO,09:30,53.0,85.74578770428518,96.96153846153847
3,2026-04-18,SABADO,10:00,50.0,81.31402939042201,94.4423076923077
3,2026-04-18,SABADO,10:30,64.0,86.22283385887744,90.65384615384616
3,2026-04-18,SABADO,11:00,47.0,89.13726271655938,97.50980392156863
3,2026-04-18,SABADO,11:30,125.0,88.2778676981072,88.98039215686275
3,2026-04-18,SABADO,12:00,83.0,93.23044261904523,89.84615384615384
3,2026-04-18,SABADO,12:30,46.0,81.89229124913909,80.87755102040816
3,2026-04-18,SABADO,13:00,68.0,82.86604975021851,74.39583333333333
3,2026-04-18,SABADO,13:30,26.0,73.56500889420678,65.33333333333333
3,2026-04-18,SABADO,14:00,98.0,91.4541194937224,73.14285714285714
3,2026-04-18,SABADO,14:30,29.0,71.27055049497767,65.20833333333333
3,2026-04-18,SABADO,15:00,35.0,75.90115277823054,74.8913043478261
3,2026-04-18,SABADO,15:30,42.0,52.577076928800395,68.56521739130434
3,2026-04-18,SABADO,16:00,39.0,50.8579170528383,52.23255813953488
3,2026-04-19,DOMINGO,07:00,26.0,19.883399699776845,29.804878048780488
3,2026-04-19,DOMINGO,07:30,51.0,27.144048453858233,33.765957446808514
3,2026-04-19,DOMINGO,08:00,47.0,36.61466110447503,39.76086956521739
3,2026-04-19,DOMINGO,09:00,45.0,32.81567016175842,34.611111111111114
3,2026-04-19,DOMINGO,09:30,36.0,36.986064743520316,34.38095238095238
3,2026-04-19,DOMINGO,11:30,27.0,37.29313350849374,36.55882352941177
3,2026-04-19,DOMINGO,12:00,23.0,40.19985222084972,37.22857142857143
3,2026-04-19,DOMINGO,13:00,24.0,38.205406457172245,31.473684210526315
3,2026-04-19,DOMINGO,14:00,22.0,34.979600072437975,30.916666666666668
3,2026-04-19,DOMINGO,14:30,25.0,38.78832808541189,36.8235294117647
3,2026-04-19,DOMINGO,15:30,22.0,26.819196140265007,33.68
3,2026-04-20,LABORAL,04:00,57.0,52.961158371303114,54.72
3,2026-04-20,LABORAL,04:30,82.0,163.16151550902111,162.64197530864197
3,2026-04-20,LABORAL,05:00,294.0,273.18039292046,280.2827868852459
3,2026-04-20,LABORAL,05:30,278.0,259.0159305379228,278.3811475409836
3,2026-04-20,LABORAL,06:00,271.0,283.83932342402204,298.94262295081967
3,2026-04-20,LABORAL,06:30,261.0,226.72341206254924,226.36475409836066
3,2026-04-20,LABORAL,07:00,86.0,180.19453399104606,181.4016393442623
3,2026-04-20,LABORAL,07:30,107.0,164.59517116704384,161.98765432098764
3,2026-04-20,LABORAL,08:00,121.0,149.92076788964215,148.84166666666667
3,2026-04-20,LABORAL,08:30,84.0,153.39908312136728,147.92592592592592
3,2026-04-20,LABORAL,09:00,139.0,147.14482460203558,141.16460905349794
3,2026-04-20,LABORAL,09:30,84.0,141.61762007327846,125.92148760330579
3,2026-04-20,LABORAL,10:00,127.0,140.02893575976813,133.76446280991735
3,2026-04-20,LABORAL,10:30,60.0,127.33685126897795,119.55555555555556
3,2026-04-20,LABORAL,11:00,177.0,103.90803384533383,113.56378600823045
3,2026-04-20,LABORAL,11:30,93.0,134.5498378386089,132.02469135802468
3,2026-04-20,LABORAL,12:00,147.0,170.8520116305101,171.90573770491804
3,2026-04-20,LABORAL,12:30,140.0,143.7920408151913,142.7396694214876
3,2026-04-20,LABORAL,13:00,133.0,147.00830719271107,144.39506172839506
3,2026-04-20,LABORAL,13:30,185.0,140.48297918072183,138.52263374485597
3,2026-04-20,LABORAL,14:00,147.0,130.24884834758612,132.27272727272728
3,2026-04-20,LABORAL,14:30,106.0,155.56439662115622,149.1198347107438
3,2026-04-20,LABORAL,15:00,110.0,170.38747415396844,155.41152263374485
3,2026-04-20,LABORAL,15:30,118.0,139.74087924557074,148.52479338842974
3,2026-04-20,LABORAL,16:00,138.0,113.11989205004168,116.30543933054393
3,2026-04-20,LABORAL,16:30,43.0,87.62979523072357,88.69874476987448
3,2026-04-20,LABORAL,17:00,80.0,49.04638603757283,57.61904761904762
3,2026-04-21,LABORAL,04:00,49.0,54.77388191146392,54.735
3,2026-04-21,LABORAL,04:30,182.0,137.8908023511271,162.0576131687243
3,2026-04-21,LABORAL,05:00,297.0,273.4416975002604,280.0532786885246
3,2026-04-21,LABORAL,05:30,350.0,255.7623428401453,278.405737704918
3,2026-04-21,LABORAL,06:00,273.0,279.1985507713051,299.12295081967216
3,2026-04-21,LABORAL,06:30,204.0,212.98087592924642,226.53688524590163
3,2026-04-21,LABORAL,07:00,171.0,161.60540189037596,181.0983606557377
3,2026-04-21,LABORAL,07:30,190.0,139.09167472015375,161.320987654321
3,2026-04-21,LABORAL,08:00,108.0,125.55950611507576,148.47916666666666
3,2026-04-21,LABORAL,08:30,167.0,136.84204459052887,147.76543209876544
3,2026-04-21,LABORAL,09:00,104.0,128.9400673873668,141.10699588477365
3,2026-04-21,LABORAL,09:30,65.0,122.08609551633731,125.62396694214875
3,2026-04-21,LABORAL,10:00,131.0,123.9791864943056,133.6900826446281
3,2026-04-21,LABORAL,10:30,154.0,114.69946141620647,119.10288065843622
3,2026-04-21,LABORAL,11:00,90.0,113.43533543271846,113.93004115226337
3,2026-04-21,LABORAL,11:30,135.0,135.19932360747814,132.06995884773661
3,2026-04-21,LABORAL,12:00,190.0,163.75550777599955,171.45081967213116
3,2026-04-21,LABORAL,12:30,73.0,127.26761567065746,143.21487603305786
3,2026-04-21,LABORAL,13:00,145.0,131.79441227287964,143.8641975308642
3,2026-04-21,LABORAL,13:30,199.0,133.7343130720477,138.54320987654322
3,2026-04-21,LABORAL,14:00,108.0,132.70624247812836,132.1487603305785
3,2026-04-21,LABORAL,14:30,101.0,137.71431748484184,148.54545454545453
3,2026-04-21,LABORAL,15:00,119.0,148.72614500811528,155.4814814814815
3,2026-04-21,LABORAL,15:30,204.0,134.50679975723412,147.95867768595042
3,2026-04-21,LABORAL,16:00,131.0,109.21217372118788,116.61924686192468
3,2026-04-21,LABORAL,16:30,34.0,84.59855372510798,88.32635983263599
3,2026-04-21,LABORAL,18:00,20.0,56.710715872215786,18.47826086956522
3,2026-04-22,LABORAL,04:00,42.0,51.11782929703536,54.68
3,2026-04-22,LABORAL,04:30,121.0,158.72481659169318,161.8724279835391
3,2026-04-22,LABORAL,05:00,295.0,300.49989108450086,280.11475409836066
3,2026-04-22,LABORAL,05:30,188.0,285.8153520984077,278.6106557377049
3,2026-04-22,LABORAL,06:00,525.0,307.52315743000963,298.9344262295082
3,2026-04-22,LABORAL,06:30,146.0,225.03817917517247,226.3360655737705
3,2026-04-22,LABORAL,07:00,154.0,181.88473126651036,181.077868852459
3,2026-04-22,LABORAL,07:30,158.0,157.95239419064674,161.47325102880657
3,2026-04-22,LABORAL,08:00,84.0,143.2979646892235,148.21666666666667
3,2026-04-22,LABORAL,08:30,111.0,150.26572222544536,147.44444444444446
3,2026-04-22,LABORAL,09:00,127.0,140.61547142172054,140.99588477366254
3,2026-04-22,LABORAL,09:30,137.0,125.10339354631755,125.29752066115702
3,2026-04-22,LABORAL,10:00,95.0,135.33738399342474,133.46280991735537
3,2026-04-22,LABORAL,10:30,114.0,120.66189089163716,119.08641975308642
3,2026-04-22,LABORAL,11:00,113.0,119.42591581582158,113.82304526748972
3,2026-04-22,LABORAL,11:30,105.0,145.15900638965073,131.96296296296296
3,2026-04-22,LABORAL,12:00,167.0,165.02266521031487,171.58196721311475
3,2026-04-22,LABORAL,12:30,124.0,144.07577111937513,142.62809917355372
3,2026-04-22,LABORAL,13:00,63.0,142.90298280605384,143.93415637860082
3,2026-04-22,LABORAL,13:30,149.0,141.55754093359275,138.68312757201647
3,2026-04-22,LABORAL,14:00,43.0,137.99657454601586,131.9504132231405
3,2026-04-22,LABORAL,14:30,43.0,158.31222180233812,148.51239669421489
3,2026-04-22,LABORAL,15:00,78.0,155.71097418020776,155.2633744855967
3,2026-04-22,LABORAL,15:30,107.0,145.67042453706026,148.03719008264463
3,2026-04-22,LABORAL,16:00,124.0,105.50254423294125,116.44769874476988
3,2026-04-22,LABORAL,16:30,55.0,77.57371135466472,88.25941422594143
3,2026-04-22,LABORAL,17:00,47.0,40.157330701372786,57.866028708133975
3,2026-04-23,LABORAL,04:00,43.0,57.51895657300038,54.645
3,2026-04-23,LABORAL,04:30,119.0,146.884878463501,161.39506172839506
3,2026-04-23,LABORAL,05:00,288.0,256.13870566568727,279.9016393442623
3,2026-04-23,LABORAL,05:30,248.0,246.04437900814156,278.1188524590164
3,2026-04-23,LABORAL,06:00,152.0,263.4679686531356,299.8155737704918
3,2026-04-23,LABORAL,06:30,214.0,192.8629591457558,225.97131147540983
3,2026-04-23,LABORAL,07:00,175.0,168.19247769092624,181.09426229508196
3,2026-04-23,LABORAL,07:30,169.0,140.19114519371297,161.47736625514403
3,2026-04-23,LABORAL,08:00,119.0,136.73739143568463,147.53333333333333
3,2026-04-23,LABORAL,08:30,187.0,140.7275435384725,147.2962962962963
3,2026-04-23,LABORAL,09:00,137.0,124.6255863341892,140.8724279835391
3,2026-04-23,LABORAL,09:30,109.0,114.13054860614218,125.47520661157024
3,2026-04-23,LABORAL,10:00,93.0,117.22527924422572,133.26446280991735
3,2026-04-23,LABORAL,10:30,120.0,108.91263765171679,118.97119341563786
3,2026-04-23,LABORAL,11:00,82.0,114.20031863620508,113.77366255144032
3,2026-04-23,LABORAL,11:30,73.0,132.0983234914043,131.72427983539094
3,2026-04-23,LABORAL,12:00,151.0,149.60844047792745,171.56147540983608
3,2026-04-23,LABORAL,12:30,140.0,131.39108350840297,142.4297520661157
3,2026-04-23,LABORAL,13:00,104.0,142.10737323253483,143.66255144032922
3,2026-04-23,LABORAL,14:00,50.0,128.61154997425703,131.80578512396696
3,2026-04-23,LABORAL,15:00,59.0,127.2243261612095,155.20987654320987
3,2026-04-23,LABORAL,17:00,32.0,137.70916669552335,57.78947368421053
3,2026-04-24,LABORAL,04:00,45.0,50.76550179983488,54.6
3,2026-04-24,LABORAL,04:30,118.0,113.15387822147557,161.2798353909465
3,2026-04-24,LABORAL,05:00,248.0,185.19666702494573,279.6639344262295
3,2026-04-24,LABORAL,05:30,285.0,176.38038709335044,278.2745901639344
3,2026-04-24,LABORAL,06:00,202.0,192.88212835346116,299.0
3,2026-04-24,LABORAL,06:30,320.0,146.41902742183365,226.11885245901638
3,2026-04-24,LABORAL,07:00,52.0,134.0637092745921,181.3155737704918
3,2026-04-24,LABORAL,07:30,171.0,109.90862822999841,161.3744855967078
3,2026-04-24,LABORAL,08:00,148.0,114.49589544312244,147.36666666666667
3,2026-04-24,LABORAL,08:30,150.0,114.84395736395464,147.34567901234567
3,2026-04-24,LABORAL,09:00,84.0,97.50967647814926,140.82716049382717
3,2026-04-24,LABORAL,09:30,78.0,93.57158290753405,125.28099173553719
3,2026-04-24,LABORAL,10:00,145.0,91.10127533015537,133.40495867768595
3,2026-04-24,LABORAL,10:30,92.0,81.8367574435495,118.91358024691358
3,2026-04-24,LABORAL,11:00,59.0,92.67956141870727,113.68312757201646
3,2026-04-24,LABORAL,11:30,126.0,100.87684981390844,131.67078189300412
3,2026-04-24,LABORAL,12:00,190.0,119.06557334417639,171.23360655737704
3,2026-04-24,LABORAL,12:30,116.0,105.26261617475296,142.3305785123967
3,2026-04-24,LABORAL,13:00,120.0,122.66444290240113,143.65432098765433
3,2026-04-24,LABORAL,13:30,144.0,100.5389758533067,138.3388429752066
3,2026-04-24,LABORAL,14:30,30.0,107.65720089862194,147.87966804979254
3,2026-04-24,LABORAL,15:00,175.0,93.93874163098553,154.69958847736626
3,2026-04-24,LABORAL,15:30,49.0,105.77395650768831,147.37759336099586
3,2026-04-24,LABORAL,16:00,59.0,82.10711382054754,116.61344537815125
3,2026-04-24,LABORAL,16:30,71.0,71.61904878442354,88.13025210084034
3,2026-04-25,SABADO,04:00,32.0,38.14206249724644,37.95
3,2026-04-25,SABADO,04:30,105.0,74.3685700454865,108.73076923076923
3,2026-04-25,SABADO,05:00,176.0,118.19925140101344,161.90384615384616
3,2026-04-25,SABADO,05:30,122.0,113.82412304064272,169.44230769230768
3,2026-04-25,SABADO,06:00,210.0,123.3445419940455,210.19230769230768
3,2026-04-25,SABADO,06:30,208.0,103.58342906015966,181.75
3,2026-04-25,SABADO,07:00,93.0,91.63271285345016,138.07692307692307
3,2026-04-25,SABADO,07:30,136.0,84.13412991834772,118.40384615384616
3,2026-04-25,SABADO,08:00,148.0,86.41212338795748,118.3076923076923
3,2026-04-25,SABADO,08:30,61.0,84.71703650389566,110.38461538461539
3,2026-04-25,SABADO,09:00,116.0,67.3309315463752,93.61538461538461
3,2026-04-25,SABADO,09:30,49.0,67.98714470199745,96.59615384615384
3,2026-04-25,SABADO,10:00,101.0,64.84461665992451,94.13461538461539
3,2026-04-25,SABADO,10:30,95.0,65.97111013896561,91.1923076923077
3,2026-04-25,SABADO,11:00,85.0,68.09089217504464,97.96078431372548
3,2026-04-25,SABADO,11:30,82.0,70.32437627036978,90.84313725490196
3,2026-04-25,SABADO,12:00,29.0,70.9903085372855,91.0
3,2026-04-25,SABADO,12:30,76.0,59.86197689496409,80.10204081632654
3,2026-04-25,SABADO,13:00,63.0,69.53547069695033,74.77083333333333
3,2026-04-25,SABADO,14:00,93.0,57.4986214635521,73.75510204081633
3,2026-04-25,SABADO,14:30,34.0,76.03934760842714,65.375
3,2026-04-25,SABADO,15:00,56.0,33.33202122082409,74.15217391304348
3,2026-04-25,SABADO,15:30,45.0,57.243278940101774,68.71739130434783
3,2026-04-26,DOMINGO,07:00,28.0,21.767627742447445,29.585365853658537
3,2026-04-26,DOMINGO,07:30,33.0,26.687568471307912,34.276595744680854
3,2026-04-26,DOMINGO,08:00,23.0,36.77803842797324,39.891304347826086
3,2026-04-26,DOMINGO,09:00,39.0,31.49710929710659,34.916666666666664
3,2026-04-26,DOMINGO,10:30,34.0,34.46603363931038,38.68292682926829
3,2026-04-26,DOMINGO,11:00,24.0,39.6268024344722,36.67567567567568
3,2026-04-26,DOMINGO,11:30,27.0,42.93288606949787,36.38235294117647
3,2026-04-26,DOMINGO,12:00,27.0,35.648162257881054,36.833333333333336
3,2026-04-26,DOMINGO,13:30,48.0,34.758855843963545,30.033333333333335
3,2026-04-26,DOMINGO,14:30,25.0,39.73289409363578,36.029411764705884
3,2026-04-27,LABORAL,04:00,48.0,53.45565111048508,54.525
3,2026-04-27,LABORAL,04:30,124.0,161.26085902029516,160.78189300411523
3,2026-04-27,LABORAL,05:00,339.0,274.5913645604446,279.5327868852459
3,2026-04-27,LABORAL,05:30,244.0,251.3134700880303,278.4467213114754
3,2026-04-27,LABORAL,06:00,400.0,282.60036664083464,298.3811475409836
3,2026-04-27,LABORAL,06:30,222.0,228.09669578713812,226.8237704918033
3,2026-04-27,LABORAL,07:00,77.0,178.10927713664384,180.74180327868854
3,2026-04-27,LABORAL,07:30,213.0,160.6066785817761,161.24279835390948
3,2026-04-27,LABORAL,08:00,90.0,149.65310363863574,147.42083333333332
3,2026-04-27,LABORAL,08:30,102.0,149.1492588083638,147.32921810699588
3,2026-04-27,LABORAL,09:00,115.0,144.25567347442043,140.6090534979424
3,2026-04-27,LABORAL,09:30,113.0,140.29898511103127,125.17768595041322
3,2026-04-27,LABORAL,10:00,184.0,134.22739799079102,133.51652892561984
3,2026-04-27,LABORAL,10:30,79.0,124.47200857853264,118.64609053497942
3,2026-04-27,LABORAL,11:00,111.0,104.4748450300836,113.4156378600823
3,2026-04-27,LABORAL,11:30,92.0,133.48542186602285,131.56378600823047
3,2026-04-27,LABORAL,12:00,195.0,168.70416057245697,171.36885245901638
3,2026-04-27,LABORAL,12:30,105.0,142.9607123211186,142.12396694214877
3,2026-04-27,LABORAL,13:00,135.0,141.88995299814337,143.4897119341564
3,2026-04-27,LABORAL,13:30,143.0,145.7927185121549,138.24380165289256
3,2026-04-27,LABORAL,14:00,102.0,121.8993521208953,131.65560165975103
3,2026-04-27,LABORAL,14:30,222.0,156.60116532808715,147.5186721991701
3,2026-04-27,LABORAL,15:00,95.0,165.43171123805195,154.23456790123456
3,2026-04-27,LABORAL,15:30,88.0,141.85070839729107,147.19502074688796
3,2026-04-27,LABORAL,16:00,114.0,113.70075714991563,116.0546218487395
3,2026-04-27,LABORAL,16:30,34.0,87.84191771312712,88.17647058823529
3,2026-04-27,LABORAL,17:00,30.0,49.91707263328327,57.53846153846154
3,2026-04-27,LABORAL,17:30,29.0,22.190926414077182,33.4054054054054
3,2026-04-28,LABORAL,04:00,35.0,44.569821562165984,54.475
3,2026-04-28,LABORAL,04:30,106.0,140.49846078536933,160.77366255144034
3,2026-04-28,LABORAL,05:00,354.0,276.94539471624284,279.3032786885246
3,2026-04-28,LABORAL,05:30,201.0,270.176571528628,278.172131147541
3,2026-04-28,LABORAL,06:00,213.0,293.976008692453,298.6516393442623
3,2026-04-28,LABORAL,06:30,209.0,219.08628685024905,226.65573770491804
3,2026-04-28,LABORAL,07:00,185.0,168.50703365305333,180.38524590163934
3,2026-04-28,LABORAL,07:30,124.0,154.1493268558402,161.679012345679
3,2026-04-28,LABORAL,08:00,171.0,135.96103380744074,147.04583333333332
3,2026-04-28,LABORAL,08:30,142.0,133.45294218831688,147.03703703703704
3,2026-04-28,LABORAL,09:00,133.0,131.68600004144355,140.50205761316872
3,2026-04-28,LABORAL,09:30,107.0,121.77418396967555,125.2892561983471
3,2026-04-28,LABORAL,10:00,76.0,127.73051846152013,133.45867768595042
3,2026-04-28,LABORAL,10:30,124.0,108.57881014231518,118.29629629629629
3,2026-04-28,LABORAL,11:00,89.0,112.62663337948413,113.5679012345679
3,2026-04-28,LABORAL,11:30,137.0,129.51493259339378,131.37037037037038
3,2026-04-28,LABORAL,12:00,174.0,161.30636608099107,171.18852459016392
3,2026-04-28,LABORAL,12:30,164.0,133.33472290774077,142.21487603305786
3,2026-04-28,LABORAL,13:00,99.0,123.69136405179566,143.28395061728395
3,2026-04-28,LABORAL,13:30,75.0,123.77977486155923,138.61157024793388
3,2026-04-28,LABORAL,14:00,195.0,122.78992693786331,131.54771784232366
3,2026-04-28,LABORAL,14:30,109.0,138.2507842845004,147.82572614107883
3,2026-04-28,LABORAL,15:00,97.0,134.735218701783,153.90534979423867
3,2026-04-28,LABORAL,15:30,149.0,126.63082882015314,146.83817427385893
3,2026-04-28,LABORAL,16:00,128.0,104.39232482765334,115.97478991596638
3,2026-04-28,LABORAL,16:30,53.0,72.93626366829226,87.84033613445378
3,2026-04-28,LABORAL,17:00,30.0,44.173717913888865,57.53365384615385
3,2026-04-29,LABORAL,04:00,51.0,46.22297236369421,54.37810945273632
3,2026-04-29,LABORAL,04:30,134.0,137.64766234493692,160.0411522633745
3,2026-04-29,LABORAL,05:00,434.0,270.77094554059227,279.6967213114754
3,2026-04-29,LABORAL,05:30,237.0,251.45061101781755,277.4139344262295
3,2026-04-29,LABORAL,06:00,291.0,286.75228215635,297.922131147541
3,2026-04-29,LABORAL,06:30,175.0,207.5392727002949,226.53688524590163
3,2026-04-29,LABORAL,07:00,141.0,169.70650523190355,180.5204918032787
3,2026-04-29,LABORAL,07:30,197.0,148.78416695138787,161.5761316872428
3,2026-04-29,LABORAL,08:00,161.0,131.21232377168073,146.85416666666666
3,2026-04-29,LABORAL,08:30,102.0,134.6247304491243,146.91769547325103
3,2026-04-29,LABORAL,09:00,182.0,124.86778343127293,140.52674897119343
3,2026-04-29,LABORAL,09:30,82.0,109.33902602347263,125.24793388429752
3,2026-04-29,LABORAL,10:00,88.0,124.03513922049594,133.15289256198346
3,2026-04-29,LABORAL,10:30,170.0,99.45746493801319,118.17695473251028
3,2026-04-29,LABORAL,11:00,102.0,108.28854436791117,113.30041152263375
3,2026-04-29,LABORAL,11:30,196.0,129.05656250625597,131.37037037037038
3,2026-04-29,LABORAL,12:00,107.0,158.58678286605468,171.0327868852459
3,2026-04-29,LABORAL,12:30,134.0,132.5240777309545,142.3801652892562
3,2026-04-29,LABORAL,13:00,112.0,134.66874726495266,142.98765432098764
3,2026-04-29,LABORAL,13:30,59.0,125.0799546240836,138.37190082644628
3,2026-04-29,LABORAL,14:00,182.0,123.09161728435772,131.62240663900414
3,2026-04-29,LABORAL,14:30,119.0,137.21535208039677,147.5311203319502
3,2026-04-29,LABORAL,15:00,145.0,126.18602889123592,153.58847736625515
3,2026-04-29,LABORAL,15:30,129.0,124.11352006944566,146.85892116182572
3,2026-04-29,LABORAL,16:00,96.0,102.20145801733794,115.89915966386555
3,2026-04-29,LABORAL,16:30,70.0,67.03982852667332,87.59243697478992
3,2026-04-30,LABORAL,04:00,45.0,53.13555775741942,54.398009950248756
3,2026-04-30,LABORAL,04:30,124.0,155.89741079792438,159.78600823045267
3,2026-04-30,LABORAL,05:00,353.0,284.1666285640066,280.422131147541
3,2026-04-30,LABORAL,05:30,268.0,267.8529363169731,277.0204918032787
3,2026-04-30,LABORAL,06:00,175.0,292.76676733026943,297.89344262295083
3,2026-04-30,LABORAL,06:30,288.0,216.0267098883523,226.03688524590163
3,2026-04-30,LABORAL,07:00,130.0,177.40315799471654,180.59426229508196
3,2026-04-30,LABORAL,07:30,145.0,153.79216437151067,161.69135802469137
3,2026-04-30,LABORAL,08:00,195.0,144.9508383688892,146.77916666666667
3,2026-04-30,LABORAL,08:30,140.0,145.6141245615441,146.78189300411523
3,2026-04-30,LABORAL,09:00,160.0,138.45475479055443,140.66255144032922
3,2026-04-30,LABORAL,09:30,111.0,120.27460131025848,124.92148760330579
3,2026-04-30,LABORAL,10:00,146.0,127.98240461955619,132.8305785123967
3,2026-04-30,LABORAL,10:30,125.0,112.18244806867787,118.34979423868313
3,2026-04-30,LABORAL,11:00,86.0,116.70670278004167,113.27572016460906
3,2026-04-30,LABORAL,11:30,98.0,140.3806605506856,131.59670781893004
3,2026-04-30,LABORAL,12:00,162.0,160.0066587380633,170.6516393442623
3,2026-04-30,LABORAL,12:30,119.0,140.88242171041068,142.1487603305785
3,2026-04-30,LABORAL,13:00,204.0,146.3423430347873,142.86831275720164
3,2026-04-30,LABORAL,13:30,136.0,132.0864767147964,137.70661157024793
3,2026-04-30,LABORAL,14:00,139.0,129.55745323961096,131.94190871369295
3,2026-04-30,LABORAL,14:30,136.0,153.0778839640276,147.34854771784234
3,2026-04-30,LABORAL,15:00,193.0,138.03148991678378,153.3744855967078
3,2026-04-30,LABORAL,15:30,58.0,128.88458016679513,146.23236514522821
3,2026-04-30,LABORAL,16:00,139.0,105.77353667552956,115.71008403361344
3,2026-04-30,LABORAL,16:30,31.0,70.40399024469757,87.28991596638656
3,2026-04-30,LABORAL,17:00,47.0,42.13732586153216,57.169082125603865
3,2026-05-01,FESTIVO,07:00,40.0,37.59257366574981,16.0
3,2026-05-01,FESTIVO,07:30,24.0,78.174948416672,40.0
3,2026-05-01,FESTIVO,08:00,50.0,198.18282994283058,29.2
3,2026-05-01,FESTIVO,08:30,26.0,183.4224904618703,32.0
3,2026-05-01,FESTIVO,09:00,60.0,198.2529931923246,33.4
3,2026-05-01,FESTIVO,09:30,41.0,144.90180856731087,17.0
3,2026-05-01,FESTIVO,10:00,6.0,121.99933652962586,18.0
3,2026-05-01,FESTIVO,10:30,47.0,88.23374302610247,29.333333333333332
3,2026-05-01,FESTIVO,11:00,25.0,60.72581651313567,24.666666666666668
3,2026-05-01,FESTIVO,11:30,27.0,81.68411821742791,42.5
3,2026-05-01,FESTIVO,12:00,51.0,78.85077680582611,31.0
3,2026-05-01,FESTIVO,12:30,18.0,67.32407815150405,34.6
3,2026-05-01,FESTIVO,13:00,23.0,75.13444741212986,28.25
3,2026-05-01,FESTIVO,13:30,52.0,66.73872052112128,20.333333333333332
3,2026-05-01,FESTIVO,14:00,28.0,79.0505861383304,21.666666666666668
3,2026-05-01,FESTIVO,14:30,31.0,85.27966507746325,29.333333333333332
3,2026-05-01,FESTIVO,15:00,23.0,95.48599155695379,24.333333333333332
3,2026-05-01,FESTIVO,15:30,30.0,63.758539488643166,31.333333333333332
3,2026-05-02,SABADO,04:00,26.0,31.15339598358746,37.80487804878049
3,2026-05-02,SABADO,04:30,66.0,69.85990061590239,108.26923076923077
3,2026-05-02,SABADO,05:00,90.0,101.32878783113458,161.23076923076923
3,2026-05-02,SABADO,05:30,149.0,102.01241157508366,169.03846153846155
3,2026-05-02,SABADO,06:00,120.0,101.47819287027353,208.17307692307693
3,2026-05-02,SABADO,06:30,198.0,87.20648076763248,182.28846153846155
3,2026-05-02,SABADO,07:00,136.0,70.39728214755104,138.42307692307693
3,2026-05-02,SABADO,07:30,59.0,62.50497797679462,118.84615384615384
3,2026-05-02,SABADO,08:00,98.0,70.61630618094082,117.92307692307692
3,2026-05-02,SABADO,08:30,74.0,70.67366950872207,109.82692307692308
3,2026-05-02,SABADO,09:00,124.0,61.61085258013702,93.5
3,2026-05-02,SABADO,09:30,38.0,57.17098897585885,95.28846153846153
3,2026-05-02,SABADO,10:00,61.0,54.867737963723286,93.75
3,2026-05-02,SABADO,10:30,117.0,57.74397358663967,90.46153846153847
3,2026-05-02,SABADO,11:00,83.0,39.003895634370494,96.98039215686275
3,2026-05-02,SABADO,11:30,99.0,72.76548727188032,90.70588235294117
3,2026-05-02,SABADO,12:00,57.0,48.49231174329866,90.28846153846153
3,2026-05-02,SABADO,12:30,55.0,52.78622066498899,78.79591836734694
3,2026-05-02,SABADO,13:00,53.0,42.85961847501922,74.16666666666667
3,2026-05-02,SABADO,13:30,100.0,28.424421578272927,65.02
3,2026-05-02,SABADO,14:00,40.0,60.275164353493125,73.79591836734694
3,2026-05-02,SABADO,14:30,79.0,37.6913063947175,64.91666666666667
3,2026-05-02,SABADO,15:00,45.0,34.64413550778315,72.73913043478261
3,2026-05-02,SABADO,15:30,75.0,58.28890909889758,68.76086956521739
3,2026-05-02,SABADO,16:00,39.0,46.63160346240991,51.23809523809524
3,2026-05-02,SABADO,16:30,45.0,28.726525596938316,47.43333333333333
3,2026-05-03,DOMINGO,08:00,32.0,22.599502199725023,39.95652173913044
3,2026-05-03,DOMINGO,09:00,17.0,27.36264192333556,35.388888888888886
3,2026-05-03,DOMINGO,10:30,33.0,39.13893777946673,37.97560975609756
3,2026-05-03,DOMINGO,11:30,27.0,39.90418756171877,35.55882352941177
3,2026-05-03,DOMINGO,13:00,26.0,37.233646951308444,31.83783783783784
3,2026-05-03,DOMINGO,13:30,41.0,39.658182237028925,30.612903225806452
3,2026-05-03,DOMINGO,14:30,23.0,37.292518684526755,35.714285714285715
3,2026-05-03,DOMINGO,15:00,29.0,27.038493406294876,36.166666666666664
3,2026-05-04,LABORAL,04:00,74.0,49.73594136959096,54.3681592039801
3,2026-05-04,LABORAL,04:30,106.0,155.23773058455032,159.46502057613168
3,2026-05-04,LABORAL,05:00,271.0,269.46940828682466,280.79918032786884
3,2026-05-04,LABORAL,05:30,195.0,259.76310347440545,276.7663934426229
3,2026-05-04,LABORAL,06:00,323.0,283.84290837337164,297.1106557377049
3,2026-05-04,LABORAL,06:30,190.0,229.4186421099453,226.00819672131146
3,2026-05-04,LABORAL,07:00,175.0,178.73576253822569,180.26639344262296
3,2026-05-04,LABORAL,07:30,129.0,150.9847238446057,161.4814814814815
3,2026-05-04,LABORAL,08:00,151.0,144.048952710195,147.16666666666666
3,2026-05-04,LABORAL,08:30,125.0,143.83398819657506,146.7119341563786
3,2026-05-04,LABORAL,09:00,154.0,136.53738631664376,140.51440329218107
3,2026-05-04,LABORAL,09:30,85.0,134.49251132294393,124.5
3,2026-05-04,LABORAL,10:00,128.0,131.83240592801263,132.97107438016528
3,2026-05-04,LABORAL,10:30,154.0,121.56912168828381,118.38271604938272
3,2026-05-04,LABORAL,11:00,68.0,100.35380606119672,112.94650205761317
3,2026-05-04,LABORAL,11:30,195.0,130.27569455589037,131.21399176954733
3,2026-05-04,LABORAL,12:00,164.0,164.65290639153352,170.93032786885246
3,2026-05-04,LABORAL,12:30,87.0,139.1706717229308,141.69834710743802
3,2026-05-04,LABORAL,13:00,234.0,139.03780973144183,143.09876543209876
3,2026-05-04,LABORAL,13:30,81.0,130.0216535268652,137.46280991735537
3,2026-05-04,LABORAL,14:00,82.0,119.9119261648615,131.84647302904565
3,2026-05-04,LABORAL,14:30,135.0,135.70443733275746,147.17427385892117
3,2026-05-04,LABORAL,15:00,160.0,165.9984599228766,153.32510288065845
3,2026-05-04,LABORAL,15:30,111.0,121.89963296136352,145.73029045643153
3,2026-05-04,LABORAL,16:00,126.0,108.43459174187318,115.65126050420169
3,2026-05-04,LABORAL,16:30,47.0,84.50746065989082,86.93697478991596
3,2026-05-04,LABORAL,17:00,80.0,46.35719982155659,56.966183574879224
3,2026-05-05,LABORAL,04:00,46.0,51.981176564375446,54.46268656716418
3,2026-05-05,LABORAL,04:30,136.0,125.62807614101625,158.9917695473251
3,2026-05-05,LABORAL,05:00,301.0,249.13981790865404,280.5327868852459
3,2026-05-05,LABORAL,05:30,298.0,229.45407307260504,276.0409836065574
3,2026-05-05,LABORAL,06:00,236.0,271.92797083364405,297.2950819672131
3,2026-05-05,LABORAL,06:30,194.0,220.3228348840687,225.89344262295083
3,2026-05-05,LABORAL,07:00,61.0,168.7133165090513,180.04508196721312
3,2026-05-05,LABORAL,07:30,187.0,156.7359272765006,161.2633744855967
3,2026-05-05,LABORAL,08:00,103.0,133.3128911374099,147.11666666666667
3,2026-05-05,LABORAL,08:30,237.0,134.03790089454938,146.67489711934155
3,2026-05-05,LABORAL,09:00,67.0,126.83864106609084,140.3991769547325
3,2026-05-05,LABORAL,09:30,177.0,128.5286612501028,124.28099173553719
3,2026-05-05,LABORAL,10:00,102.0,128.82043879495353,132.84297520661158
3,2026-05-05,LABORAL,10:30,71.0,111.62494864620533,118.48971193415638
3,2026-05-05,LABORAL,11:00,114.0,107.61090648743676,112.58847736625515
3,2026-05-05,LABORAL,11:30,147.0,143.11541216645844,131.24279835390948
3,2026-05-05,LABORAL,12:00,235.0,171.26120996745053,170.85655737704917
3,2026-05-05,LABORAL,12:30,100.0,130.66345598573932,141.5
3,2026-05-05,LABORAL,13:00,145.0,122.64254134378783,143.29218106995884
3,2026-05-05,LABORAL,13:30,49.0,130.3443824534916,137.04132231404958
3,2026-05-05,LABORAL,14:00,136.0,108.47503442234914,131.64730290456433
3,2026-05-05,LABORAL,14:30,120.0,127.6365448218863,146.99170124481327
3,2026-05-05,LABORAL,15:00,176.0,114.85075715343118,153.1851851851852
3,2026-05-05,LABORAL,15:30,86.0,117.6094468834017,145.7136929460581
3,2026-05-05,LABORAL,16:00,125.0,107.1505496915763,115.73529411764706
3,2026-05-05,LABORAL,16:30,95.0,70.39023910062656,86.78571428571429
3,2026-05-05,LABORAL,17:00,57.0,42.50398401520833,57.05314009661836
3,2026-05-06,LABORAL,04:00,44.0,49.71529798750986,54.46268656716418
3,2026-05-06,LABORAL,04:30,108.0,133.24254472803892,158.97530864197532
3,2026-05-06,LABORAL,05:00,282.0,249.6106524785039,280.30737704918033
3,2026-05-06,LABORAL,05:30,197.0,240.83895194432074,276.2049180327869
3,2026-05-06,LABORAL,06:00,251.0,271.1575627095374,296.67622950819674
3,2026-05-06,LABORAL,06:30,122.0,198.91318828650998,225.75
3,2026-05-06,LABORAL,07:00,86.0,158.0001872195107,179.69262295081967
3,2026-05-06,LABORAL,07:30,197.0,153.68081518358034,161.1275720164609
3,2026-05-06,LABORAL,08:00,122.0,133.11584176828248,146.8625
3,2026-05-06,LABORAL,08:30,171.0,134.24954865441833,146.81893004115227
3,2026-05-06,LABORAL,09:00,87.0,121.27851221962003,139.8395061728395
3,2026-05-06,LABORAL,09:30,99.0,111.55055823177992,124.36363636363636
3,2026-05-06,LABORAL,10:00,50.0,121.29466621624256,132.91322314049586
3,2026-05-06,LABORAL,10:30,72.0,96.57915356610448,118.21399176954732
3,2026-05-06,LABORAL,11:00,122.0,110.86662304371723,112.31687242798354
3,2026-05-06,LABORAL,11:30,43.0,122.83840275403446,131.17283950617283
3,2026-05-06,LABORAL,12:00,190.0,153.71689588705297,171.11065573770492
3,2026-05-06,LABORAL,12:30,122.0,124.42718448752564,141.17355371900825
3,2026-05-06,LABORAL,13:00,143.0,125.25099239062251,143.23868312757202
3,2026-05-06,LABORAL,13:30,144.0,114.52009794708857,136.63636363636363
3,2026-05-06,LABORAL,14:00,65.0,111.99228794908959,132.05809128630705
3,2026-05-06,LABORAL,14:30,90.0,133.05699793659116,146.5435684647303
3,2026-05-06,LABORAL,17:00,50.0,112.76721020739676,57.00483091787439
3,2026-05-07,LABORAL,04:00,46.0,55.43454859065959,54.43781094527363
3,2026-05-07,LABORAL,04:30,109.0,150.78474176073357,158.48559670781893
3,2026-05-07,LABORAL,05:00,247.0,267.9849933332948,280.48770491803276
3,2026-05-07,LABORAL,05:30,297.0,223.60858220884876,275.44262295081967
3,2026-05-07,LABORAL,06:00,274.0,257.398476585558,296.2295081967213
3,2026-05-07,LABORAL,06:30,214.0,194.7572160875335,225.20901639344262
3,2026-05-07,LABORAL,07:00,152.0,174.2342354935887,179.25819672131146
3,2026-05-07,LABORAL,07:30,136.0,137.641150236097,161.16460905349794
3,2026-05-07,LABORAL,08:00,77.0,133.6459311134178,146.74583333333334
3,2026-05-07,LABORAL,08:30,142.0,156.82272845129506,146.94650205761317
3,2026-05-07,LABORAL,09:00,196.0,135.60296664555236,139.64609053497944
3,2026-05-07,LABORAL,09:30,45.0,132.23157279112962,124.43388429752066
3,2026-05-07,LABORAL,10:00,170.0,135.19495762646483,132.49586776859505
3,2026-05-07,LABORAL,10:30,62.0,109.29932986882761,117.91358024691358
3,2026-05-07,LABORAL,11:00,128.0,100.22319947934655,112.29629629629629
3,2026-05-07,LABORAL,11:30,122.0,133.4255162406987,130.7283950617284
3,2026-05-07,LABORAL,12:00,157.0,148.44124667019696,171.21311475409837
3,2026-05-07,LABORAL,12:30,160.0,134.81889084815748,140.88429752066116
3,2026-05-07,LABORAL,13:00,188.0,171.70980281668295,143.35802469135803
3,2026-05-07,LABORAL,13:30,124.0,139.86904248404485,136.36363636363637
3,2026-05-07,LABORAL,14:00,49.0,138.9844118222917,131.5186721991701
3,2026-05-07,LABORAL,14:30,100.0,167.95446797805008,146.21991701244812
3,2026-05-07,LABORAL,15:00,168.0,148.24472666243076,153.1611570247934
3,2026-05-07,LABORAL,15:30,166.0,137.82980723800526,145.4875
3,2026-05-07,LABORAL,16:00,121.0,95.35140740924442,115.59071729957806
3,2026-05-07,LABORAL,16:30,54.0,79.43959671315184,86.66244725738396
3,2026-05-08,LABORAL,04:00,48.0,52.717389571051285,54.396039603960396
3,2026-05-08,LABORAL,04:30,109.0,136.01813562004435,157.8559670781893
3,2026-05-08,LABORAL,05:00,312.0,276.3119171108427,280.5696721311475
3,2026-05-08,LABORAL,05:30,167.0,245.8814512790907,275.3032786885246
3,2026-05-08,LABORAL,06:00,345.0,302.9740374403734,296.0204918032787
3,2026-05-08,LABORAL,06:30,182.0,214.36857270272031,224.85655737704917
3,2026-05-08,LABORAL,07:00,197.0,178.64693625034468,179.38524590163934
3,2026-05-08,LABORAL,07:30,107.0,140.3529910357878,161.20164609053498
3,2026-05-08,LABORAL,08:00,111.0,140.65978362979556,146.25
3,2026-05-08,LABORAL,08:30,111.0,143.31265411908961,146.9917695473251
3,2026-05-08,LABORAL,09:00,113.0,134.11889514195025,139.86008230452674
3,2026-05-08,LABORAL,09:30,104.0,113.72199056630292,123.95867768595042
3,2026-05-08,LABORAL,10:00,86.0,120.29535613178808,132.6611570247934
3,2026-05-08,LABORAL,10:30,118.0,113.86543029896501,117.440329218107
3,2026-05-08,LABORAL,11:00,88.0,111.23270712942173,112.41152263374485
3,2026-05-08,LABORAL,11:30,140.0,129.4676705543437,130.6255144032922
3,2026-05-08,LABORAL,12:00,177.0,182.34604844433073,171.29098360655738
3,2026-05-08,LABORAL,12:30,50.0,147.4144084893029,140.76859504132233
3,2026-05-08,LABORAL,13:00,236.0,152.52148082321239,143.440329218107
3,2026-05-08,LABORAL,13:30,110.0,140.68172641439477,136.42561983471074
3,2026-05-08,LABORAL,14:00,129.0,139.58645784298275,130.9875518672199
3,2026-05-08,LABORAL,14:30,146.0,144.38210599533267,146.19917012448133
3,2026-05-08,LABORAL,15:00,104.0,142.96909811951497,153.0206611570248
3,2026-05-08,LABORAL,15:30,151.0,115.50508691201323,145.59583333333333
3,2026-05-08,LABORAL,16:00,49.0,104.0141991296174,115.21940928270043
3,2026-05-08,LABORAL,16:30,65.0,77.32456134969206,86.60759493670886
3,2026-05-09,SABADO,04:00,43.0,35.53318368490268,37.523809523809526
3,2026-05-09,SABADO,04:30,85.0,81.50602941891529,106.86538461538461
3,2026-05-09,SABADO,05:00,176.0,149.2616887967636,158.53846153846155
3,2026-05-09,SABADO,05:30,186.0,127.72237779450133,168.28846153846155
3,2026-05-09,SABADO,06:00,151.0,196.47592932980444,205.65384615384616
3,2026-05-09,SABADO,06:30,213.0,169.23718772651802,182.21153846153845
3,2026-05-09,SABADO,07:00,133.0,122.87773816904625,138.53846153846155
3,2026-05-09,SABADO,07:30,133.0,112.24571752960205,117.46153846153847
3,2026-05-09,SABADO,08:00,119.0,106.95480197553496,117.03846153846153
3,2026-05-09,SABADO,09:00,121.0,116.67441030165018,94.0
3,2026-05-09,SABADO,09:30,55.0,89.39462578488279,93.03846153846153
3,2026-05-09,SABADO,10:00,116.0,86.12837987149724,92.21153846153847
3,2026-05-09,SABADO,10:30,29.0,90.77564505176792,91.0
3,2026-05-09,SABADO,11:00,79.0,80.40578897974473,97.6078431372549
3,2026-05-09,SABADO,11:30,95.0,91.47789304575716,89.43137254901961
3,2026-05-09,SABADO,12:00,81.0,81.39469187312727,89.53846153846153
3,2026-05-09,SABADO,12:30,78.0,90.14422232830223,79.04081632653062
3,2026-05-09,SABADO,13:00,71.0,70.72234904635116,72.70833333333333
3,2026-05-09,SABADO,13:30,47.0,83.53078864786714,65.86
3,2026-05-09,SABADO,14:00,60.0,60.02373618215586,73.26530612244898
3,2026-05-09,SABADO,14:30,65.0,78.57589113013813,64.5625
3,2026-05-09,SABADO,15:00,39.0,52.88587114436514,70.91304347826087
3,2026-05-09,SABADO,15:30,51.0,40.97523465099482,69.34782608695652
3,2026-05-09,SABADO,16:00,30.0,37.02125863768168,51.07142857142857
3,2026-05-09,SABADO,17:00,37.0,41.039609566055546,37.148148148148145
3,2026-05-10,DOMINGO,07:00,28.0,26.89601021171802,29.15
3,2026-05-10,DOMINGO,07:30,21.0,28.462836719055588,33.80434782608695
3,2026-05-10,DOMINGO,08:00,44.0,32.08307223895605,39.41304347826087
3,2026-05-10,DOMINGO,08:30,25.0,31.406324934378503,39.282051282051285
3,2026-05-10,DOMINGO,10:30,45.0,27.65334671111711,37.1219512195122
3,2026-05-10,DOMINGO,11:30,70.0,28.812986673958946,34.529411764705884
3,2026-05-10,DOMINGO,12:30,43.0,33.72639423030758,31.647058823529413
3,2026-05-10,DOMINGO,14:00,25.0,24.684047924514232,31.02857142857143
3,2026-05-10,DOMINGO,14:30,23.0,30.071261202581198,35.57142857142857
3,2026-05-11,LABORAL,04:00,51.0,52.027602207910434,54.37128712871287
3,2026-05-11,LABORAL,04:30,208.0,153.9400868339633,157.5185185185185
3,2026-05-11,LABORAL,05:00,251.0,271.810533869677,280.6967213114754
3,2026-05-11,LABORAL,05:30,206.0,276.56035756948984,274.9795081967213
3,2026-05-11,LABORAL,06:00,217.0,281.0635332800046,295.9344262295082
3,2026-05-11,LABORAL,06:30,297.0,234.211404580202,224.39754098360655
3,2026-05-11,LABORAL,07:00,128.0,177.350550923468,179.29918032786884
3,2026-05-11,LABORAL,07:30,103.0,154.75092396694976,160.79423868312756
3,2026-05-11,LABORAL,08:00,198.0,142.40337409467355,146.20833333333334
3,2026-05-11,LABORAL,08:30,22.0,145.758163386282,146.8641975308642
3,2026-05-11,LABORAL,09:00,157.0,139.64605503780547,139.67489711934155
3,2026-05-11,LABORAL,09:30,86.0,133.92893084596076,123.90495867768595
3,2026-05-11,LABORAL,10:00,75.0,135.02905733029385,132.58264462809916
3,2026-05-11,LABORAL,10:30,176.0,121.35949440991068,117.25102880658436
3,2026-05-11,LABORAL,11:00,85.0,101.34320412994005,112.49382716049382
3,2026-05-11,LABORAL,11:30,204.0,128.9145370466041,130.54732510288065
3,2026-05-11,LABORAL,12:00,95.0,168.6574831192333,171.66803278688525
3,2026-05-11,LABORAL,12:30,114.0,144.53072906854987,140.20247933884298
3,2026-05-11,LABORAL,13:00,160.0,140.28174843520284,143.54732510288065
3,2026-05-11,LABORAL,13:30,135.0,137.5820547480335,136.20661157024793
3,2026-05-11,LABORAL,14:00,143.0,121.59745977671653,130.85892116182572
3,2026-05-11,LABORAL,14:30,115.0,143.42948196818935,146.30290456431536
3,2026-05-11,LABORAL,15:00,75.0,163.59054975671108,152.37603305785123
3,2026-05-11,LABORAL,15:30,80.0,123.96102546106899,145.65416666666667
3,2026-05-11,LABORAL,16:00,117.0,110.85027869488046,114.91983122362869
3,2026-05-11,LABORAL,16:30,31.0,85.3121497837499,86.36286919831224
3,2026-05-12,LABORAL,04:00,55.0,41.94947451546757,54.354679802955665
3,2026-05-12,LABORAL,04:30,151.0,124.90861994046936,157.91358024691357
3,2026-05-12,LABORAL,05:00,279.0,260.54746312880434,280.4385245901639
3,2026-05-12,LABORAL,05:30,161.0,220.41476039053487,274.2950819672131
3,2026-05-12,LABORAL,06:00,355.0,291.6351506773729,295.9303278688525
3,2026-05-12,LABORAL,06:30,236.0,233.9438941204507,224.45081967213116
3,2026-05-12,LABORAL,07:00,108.0,175.89801110540537,179.4016393442623
3,2026-05-12,LABORAL,07:30,153.0,161.63895572252937,160.27572016460906
3,2026-05-12,LABORAL,08:00,158.0,137.12143829078445,146.34583333333333
3,2026-05-12,LABORAL,08:30,232.0,147.47275031186024,146.33744855967078
3,2026-05-12,LABORAL,09:00,126.0,134.27691429086522,139.74897119341563
3,2026-05-12,LABORAL,09:30,33.0,121.13454988517948,123.57851239669421
3,2026-05-12,LABORAL,10:00,178.0,140.9401708151119,132.12809917355372
3,2026-05-12,LABORAL,10:30,78.0,93.82650882394437,117.50205761316873
3,2026-05-12,LABORAL,11:00,135.0,106.74177992710088,112.18106995884774
3,2026-05-12,LABORAL,11:30,68.0,121.97900419590269,131.01234567901236
3,2026-05-12,LABORAL,12:00,214.0,175.4111414155945,171.29508196721312
3,2026-05-12,LABORAL,12:30,145.0,125.40872140474066,140.05371900826447
3,2026-05-12,LABORAL,13:00,83.0,133.98165313316684,143.67078189300412
3,2026-05-12,LABORAL,13:30,218.0,121.15988255729678,135.89669421487602
3,2026-05-12,LABORAL,14:00,92.0,105.717392398533,131.09128630705393
3,2026-05-12,LABORAL,14:30,149.0,121.94061456809082,146.19502074688796
3,2026-05-12,LABORAL,15:00,136.0,132.80435420937343,151.6900826446281
3,2026-05-12,LABORAL,15:30,169.0,104.80129850390306,145.45833333333334
3,2026-05-12,LABORAL,16:00,118.0,81.37304355815748,114.77215189873418
3,2026-05-12,LABORAL,16:30,63.0,63.828135920416756,85.9113924050633
3,2026-05-12,LABORAL,17:00,29.0,27.97241957042732,56.504901960784316
3,2026-05-13,LABORAL,04:00,45.0,51.66863736695272,54.330049261083744
3,2026-05-13,LABORAL,04:30,151.0,129.17727084580625,157.8395061728395
3,2026-05-13,LABORAL,05:00,311.0,255.51986228105326,280.1516393442623
3,2026-05-13,LABORAL,05:30,275.0,227.25363886032102,272.9549180327869
3,2026-05-13,LABORAL,06:00,137.0,263.3305852862867,295.79918032786884
3,2026-05-13,LABORAL,06:30,341.0,183.59470752976856,224.70901639344262
3,2026-05-13,LABORAL,07:00,53.0,156.69260887085315,178.8483606557377
3,2026-05-13,LABORAL,07:30,124.0,152.55530773112972,160.25925925925927
3,2026-05-13,LABORAL,08:00,171.0,123.26686097069066,146.3375
3,2026-05-13,LABORAL,08:30,162.0,129.6077040974395,146.4485596707819
3,2026-05-13,LABORAL,09:00,41.0,119.01390489886828,139.81893004115227
3,2026-05-13,LABORAL,09:30,115.0,109.0137294294467,122.98760330578513
3,2026-05-13,LABORAL,10:00,153.0,115.64186715659872,132.22314049586777
3,2026-05-13,LABORAL,10:30,105.0,98.58005035076611,117.18106995884774
3,2026-05-13,LABORAL,11:00,70.0,106.07447163011186,112.36213991769547
3,2026-05-13,LABORAL,11:30,157.0,130.24214140498628,130.44444444444446
3,2026-05-13,LABORAL,12:00,97.0,154.45620511875072,171.52459016393442
3,2026-05-13,LABORAL,12:30,130.0,129.82326284023233,140.03719008264463
3,2026-05-13,LABORAL,13:00,146.0,113.91676801386811,143.20576131687244
3,2026-05-13,LABORAL,13:30,80.0,118.61245787570937,136.34297520661158
3,2026-05-13,LABORAL,14:00,208.0,110.88786948373479,130.92116182572613
3,2026-05-13,LABORAL,14:30,118.0,130.26736796076014,146.17427385892117
3,2026-05-13,LABORAL,15:00,134.0,101.25128596044433,151.2396694214876
3,2026-05-13,LABORAL,15:30,102.0,113.07388453288247,145.49583333333334
3,2026-05-13,LABORAL,16:00,95.0,105.67238796379422,114.40928270042194
3,2026-05-13,LABORAL,16:30,83.0,55.85480888439986,85.63291139240506
3,2026-05-14,LABORAL,04:00,45.0,48.96792176748899,54.320197044334975
3,2026-05-14,LABORAL,04:30,210.0,132.42757264705892,157.53086419753086
3,2026-05-14,LABORAL,05:00,182.0,255.9115789283038,280.2909836065574
3,2026-05-14,LABORAL,05:30,231.0,217.22539723102062,272.7049180327869
3,2026-05-14,LABORAL,06:00,327.0,287.97747157518467,294.79918032786884
3,2026-05-14,LABORAL,06:30,182.0,197.31314084590588,224.88114754098362
3,2026-05-14,LABORAL,07:00,133.0,170.01979200083838,178.5
3,2026-05-14,LABORAL,07:30,172.0,156.0993256331595,159.68312757201647
3,2026-05-14,LABORAL,08:00,139.0,128.03550583616453,146.33333333333334
3,2026-05-14,LABORAL,08:30,123.0,153.92854958388853,146.7448559670782
3,2026-05-14,LABORAL,09:00,156.0,124.09072889048734,139.30864197530863
3,2026-05-14,LABORAL,09:30,57.0,102.81482975619909,122.90495867768595
3,2026-05-14,LABORAL,10:00,87.0,116.85619708289312,132.1818181818182
3,2026-05-14,LABORAL,10:30,99.0,102.31608853884926,117.23045267489712
3,2026-05-14,LABORAL,11:00,120.0,99.53391343030106,112.09876543209876
3,2026-05-14,LABORAL,11:30,84.0,126.82781017528892,130.440329218107
3,2026-05-14,LABORAL,12:00,128.0,150.8363467080865,171.0983606557377
3,2026-05-14,LABORAL,12:30,135.0,132.54898944497506,140.1900826446281
3,2026-05-14,LABORAL,13:00,155.0,132.9019861346648,143.18106995884773
3,2026-05-14,LABORAL,13:30,97.0,95.266119996897,136.08264462809916
3,2026-05-14,LABORAL,14:00,94.0,125.23858380374163,131.1825726141079
3,2026-05-14,LABORAL,14:30,146.0,126.06335982478494,146.00829875518673
3,2026-05-14,LABORAL,15:00,179.0,107.08433845413956,151.05371900826447
3,2026-05-14,LABORAL,15:30,84.0,101.81386183067912,145.04583333333332
3,2026-05-14,LABORAL,16:00,149.0,86.43422747912626,114.38818565400844
3,2026-05-14,LABORAL,16:30,43.0,53.19272137391526,85.81012658227849
3,2026-05-14,LABORAL,17:00,85.0,38.32673203357459,56.49261083743843
3,2026-05-15,LABORAL,04:00,53.0,49.51582420810405,54.32512315270936
3,2026-05-15,LABORAL,04:30,255.0,131.4732680300591,157.65432098765433
3,2026-05-15,LABORAL,05:00,190.0,243.69903104704798,279.6844262295082
3,2026-05-15,LABORAL,05:30,234.0,221.7250948860996,272.30737704918033
3,2026-05-15,LABORAL,06:00,278.0,255.31853137935752,294.9590163934426
3,2026-05-15,LABORAL,06:30,202.0,194.39773624822865,224.80327868852459
3,2026-05-15,LABORAL,07:00,68.0,162.8724481486379,178.29918032786884
3,2026-05-15,LABORAL,07:30,180.0,137.81812951312787,159.7283950617284
3,2026-05-15,LABORAL,08:00,93.0,138.08845790068708,146.08333333333334
3,2026-05-15,LABORAL,08:30,181.0,137.4451990587296,146.53086419753086
3,2026-05-15,LABORAL,09:00,102.0,126.72398654145573,139.53909465020575
3,2026-05-15,LABORAL,09:30,110.0,109.12595595213176,122.47933884297521
3,2026-05-15,LABORAL,10:00,183.0,112.63414048383785,131.75619834710744
3,2026-05-15,LABORAL,10:30,108.0,104.90379836305397,117.11934156378601
3,2026-05-15,LABORAL,11:00,86.0,105.39117706941228,112.18930041152264
3,2026-05-15,LABORAL,11:30,117.0,124.07039928988571,130.30864197530863
3,2026-05-15,LABORAL,12:00,168.0,148.1382620041991,170.7704918032787
3,2026-05-15,LABORAL,12:30,105.0,122.29679195660351,140.4214876033058
3,2026-05-15,LABORAL,13:00,155.0,140.71448170789589,143.06995884773661
3,2026-05-15,LABORAL,13:30,157.0,115.21247045991898,136.08677685950414
3,2026-05-15,LABORAL,14:00,93.0,115.43497565619214,130.92116182572613
3,2026-05-15,LABORAL,14:30,140.0,124.51550412679542,145.82157676348547
3,2026-05-15,LABORAL,15:00,164.0,115.41321453008426,150.79338842975207
3,2026-05-15,LABORAL,15:30,152.0,104.15201436169696,144.70833333333334
3,2026-05-15,LABORAL,16:00,99.0,91.68659475527274,114.35864978902954
3,2026-05-15,LABORAL,16:30,84.0,63.83013704280343,85.59915611814345
3,2026-05-15,LABORAL,17:00,26.0,50.077663995348274,56.54187192118226
3,2026-05-16,SABADO,04:00,36.0,35.715946371259676,37.651162790697676
3,2026-05-16,SABADO,04:30,111.0,90.05690061510231,105.07692307692308
3,2026-05-16,SABADO,05:00,166.0,166.67807592899538,158.07692307692307
3,2026-05-16,SABADO,05:30,109.0,154.74561379974315,167.44230769230768
3,2026-05-16,SABADO,06:00,234.0,194.7467548296123,204.09615384615384
3,2026-05-16,SABADO,06:30,229.0,165.80018938802596,182.28846153846155
3,2026-05-16,SABADO,07:00,122.0,127.35622050153424,138.73076923076923
3,2026-05-16,SABADO,07:30,56.0,119.04244563246128,117.5
3,2026-05-16,SABADO,08:00,98.0,109.91286951495977,117.01923076923077
3,2026-05-16,SABADO,08:30,152.0,106.85427977905701,108.37254901960785
3,2026-05-16,SABADO,09:00,93.0,93.06239558297034,94.26923076923077
3,2026-05-16,SABADO,09:30,59.0,86.24022233207666,91.76923076923077
3,2026-05-16,SABADO,10:00,58.0,88.43782661248174,92.8076923076923
3,2026-05-16,SABADO,10:30,155.0,84.38697738154407,87.8076923076923
3,2026-05-16,SABADO,11:00,82.0,86.43915574349025,97.07843137254902
3,2026-05-16,SABADO,11:30,100.0,85.6173516403927,89.11764705882354
3,2026-05-16,SABADO,12:00,39.0,87.57204896208026,89.65384615384616
3,2026-05-16,SABADO,12:30,112.0,71.48710409035385,78.36734693877551
3,2026-05-16,SABADO,13:30,117.0,74.02014825652817,65.6
3,2026-05-16,SABADO,14:00,44.0,62.226620799910606,73.20408163265306
3,2026-05-16,SABADO,14:30,28.0,70.73541736532255,63.875
3,2026-05-16,SABADO,15:00,87.0,54.244369515699844,69.43478260869566
3,2026-05-16,SABADO,15:30,40.0,51.86762427670878,69.06521739130434
3,2026-05-16,SABADO,16:00,21.0,47.10473284221676,51.04761904761905
3,2026-05-16,SABADO,16:30,38.0,43.56950543959907,47.206896551724135
3,2026-05-16,SABADO,17:00,27.0,37.45966329970369,37.370370370370374
3,2026-05-17,DOMINGO,07:00,48.0,27.224685548779448,29.121951219512194
3,2026-05-17,DOMINGO,07:30,23.0,26.44522651533876,33.47826086956522
3,2026-05-17,DOMINGO,08:00,68.0,33.11134138516434,39.15217391304348
3,2026-05-17,DOMINGO,08:30,24.0,33.1472070203115,39.205128205128204
3,2026-05-17,DOMINGO,09:00,50.0,30.484710507421738,35.111111111111114
3,2026-05-17,DOMINGO,09:30,37.0,31.87945669916354,34.55
3,2026-05-17,DOMINGO,10:00,16.0,32.26644635259595,41.6
3,2026-05-17,DOMINGO,10:30,47.0,27.050149842942005,37.58536585365854
3,2026-05-17,DOMINGO,11:00,25.0,33.94584509676777,36.457142857142856
3,2026-05-17,DOMINGO,11:30,16.0,34.71776263359986,35.35294117647059
3,2026-05-17,DOMINGO,12:30,28.0,25.288069538746484,31.794117647058822
3,2026-05-17,DOMINGO,13:00,24.0,29.672712161153356,31.43243243243243
3,2026-05-17,DOMINGO,14:00,25.0,27.000988081939326,30.86111111111111
3,2026-05-17,DOMINGO,15:30,25.0,25.083917651816662,33.68
3,2026-05-17,DOMINGO,16:30,19.0,25.779604677971903,32.46153846153846
3,2026-05-18,FESTIVO_PUENTE,07:00,53.0,26.908853779088176,36.0
3,2026-05-18,FESTIVO_PUENTE,07:30,23.0,50.092044503485454,28.0
3,2026-05-18,FESTIVO_PUENTE,08:00,30.0,180.99174772679078,36.55555555555556
3,2026-05-18,FESTIVO_PUENTE,09:00,19.0,157.1549362702685,25.88888888888889
3,2026-05-18,FESTIVO_PUENTE,09:30,42.0,186.17760200513467,30.77777777777778
3,2026-05-18,FESTIVO_PUENTE,10:30,21.0,136.92040104379663,34.0
3,2026-05-18,FESTIVO_PUENTE,11:00,26.0,88.98008564945704,23.142857142857142
3,2026-05-18,FESTIVO_PUENTE,11:30,19.0,74.15700008879566,26.375
3,2026-05-18,FESTIVO_PUENTE,12:00,24.0,34.22175208178713,30.5
3,2026-05-18,FESTIVO_PUENTE,12:30,29.0,62.576788455527065,28.571428571428573
3,2026-05-18,FESTIVO_PUENTE,13:00,36.0,59.64498580096888,26.4
3,2026-05-18,FESTIVO_PUENTE,13:30,26.0,57.325710220440385,33.0
3,2026-05-18,FESTIVO_PUENTE,14:00,28.0,58.68062591687344,30.22222222222222
3,2026-05-19,LABORAL,04:00,51.0,48.63527419941363,54.318627450980394
3,2026-05-19,LABORAL,04:30,183.0,162.60116886448424,157.82231404958677
3,2026-05-19,LABORAL,05:00,212.0,292.02214276192433,279.2510288065844
3,2026-05-19,LABORAL,05:30,247.0,278.9048516376202,271.51851851851853
3,2026-05-19,LABORAL,06:00,312.0,311.53054642556174,294.9382716049383
3,2026-05-19,LABORAL,06:30,178.0,238.96615049321946,224.69135802469137
3,2026-05-19,LABORAL,07:00,223.0,185.99770463968932,177.42798353909464
3,2026-05-19,LABORAL,07:30,108.0,167.90627752757305,159.48760330578511
3,2026-05-19,LABORAL,08:00,167.0,140.45891132540044,145.744769874477
3,2026-05-19,LABORAL,08:30,129.0,154.77302019959194,146.44628099173553
3,2026-05-19,LABORAL,09:00,178.0,151.2453975536802,139.31404958677686
3,2026-05-19,LABORAL,09:30,124.0,141.72193001695973,122.31120331950207
3,2026-05-19,LABORAL,10:00,168.0,151.72931675873457,131.85892116182572
3,2026-05-19,LABORAL,10:30,120.0,119.30489498206427,116.85123966942149
3,2026-05-19,LABORAL,11:00,95.0,114.8545182019468,111.7396694214876
3,2026-05-19,LABORAL,11:30,184.0,127.8822027834414,130.3801652892562
3,2026-05-19,LABORAL,12:00,141.0,160.68890593968467,170.50617283950618
3,2026-05-19,LABORAL,12:30,142.0,158.92609336248762,140.08713692946057
3,2026-05-19,LABORAL,13:00,197.0,148.08956688278684,142.5082644628099
3,2026-05-19,LABORAL,13:30,84.0,163.7866903765451,136.1701244813278
3,2026-05-19,LABORAL,14:00,142.0,135.80190857707535,130.73333333333332
3,2026-05-19,LABORAL,14:30,114.0,173.38420238405826,145.60416666666666
3,2026-05-19,LABORAL,15:00,169.0,144.9140873477381,150.58091286307055
3,2026-05-19,LABORAL,15:30,195.0,149.94562089965734,144.5774058577406
3,2026-05-19,LABORAL,16:00,51.0,128.3973456638938,113.94491525423729
3,2026-05-19,LABORAL,16:30,58.0,84.4812410684461,85.10169491525424
3,2026-05-19,LABORAL,17:00,44.0,68.44266550519492,56.351485148514854
3,2026-05-20,LABORAL,04:00,45.0,50.26399265101119,54.302439024390246
3,2026-05-20,LABORAL,04:30,133.0,140.94291759313722,157.58264462809916
3,2026-05-20,LABORAL,05:00,268.0,262.4191548767503,278.880658436214
3,2026-05-20,LABORAL,05:30,285.0,252.87409238483883,270.9382716049383
3,2026-05-20,LABORAL,06:00,241.0,277.3734617668494,295.1934156378601
3,2026-05-20,LABORAL,06:30,284.0,200.03966593081333,224.01234567901236
3,2026-05-20,LABORAL,07:00,139.0,163.99488305079888,177.67078189300412
3,2026-05-20,LABORAL,07:30,139.0,159.28719535795472,159.3388429752066
3,2026-05-20,LABORAL,08:00,158.0,135.24037360389607,145.46861924686192
3,2026-05-20,LABORAL,08:30,101.0,135.3659666818717,146.50413223140495
3,2026-05-20,LABORAL,09:00,175.0,126.49178398318178,139.47107438016528
3,2026-05-20,LABORAL,09:30,80.0,113.96725398653015,122.21576763485477
3,2026-05-20,LABORAL,10:00,139.0,122.6344655769724,131.8423236514523
3,2026-05-20,LABORAL,10:30,99.0,102.12723625112994,116.78099173553719
3,2026-05-20,LABORAL,11:00,87.0,112.63978490840631,111.72727272727273
3,2026-05-20,LABORAL,11:30,70.0,125.3608162549902,130.39256198347107
3,2026-05-20,LABORAL,12:00,201.0,155.89482443707197,170.45679012345678
3,2026-05-20,LABORAL,12:30,151.0,131.35505532609955,140.21576763485479
3,2026-05-20,LABORAL,13:00,132.0,128.40755079919035,142.61570247933884
3,2026-05-20,LABORAL,13:30,153.0,119.12050984959055,135.92946058091286
3,2026-05-20,LABORAL,14:00,104.0,119.62134082646229,130.48333333333332
3,2026-05-20,LABORAL,14:30,194.0,139.13860199185473,145.39583333333334
3,2026-05-20,LABORAL,15:00,100.0,122.63352568276225,150.47717842323652
3,2026-05-20,LABORAL,15:30,71.0,123.63492350565107,144.71966527196653
3,2026-05-20,LABORAL,16:00,120.0,103.71781625006838,113.58474576271186
3,2026-05-20,LABORAL,16:30,41.0,66.78673828520034,85.0677966101695
3,2026-05-20,LABORAL,17:00,12.0,37.91214534700269,56.06435643564357
3,2026-05-23,SABADO,04:00,22.0,35.804274674614945,37.61363636363637
3,2026-05-23,SABADO,04:30,120.0,66.84816356257069,103.48076923076923
3,2026-05-23,SABADO,05:00,143.0,115.81934961654554,159.01923076923077
3,2026-05-23,SABADO,05:30,176.0,101.19709054807754,165.51923076923077
3,2026-05-23,SABADO,06:00,244.0,147.5203081668174,205.51923076923077
3,2026-05-23,SABADO,06:30,99.0,127.0380622719083,183.92307692307693
3,2026-05-23,SABADO,07:00,131.0,102.45697875080559,138.40384615384616
3,2026-05-23,SABADO,07:30,82.0,88.75898388585395,116.82692307692308
3,2026-05-23,SABADO,08:00,158.0,88.91444194660838,115.73076923076923
3,2026-05-23,SABADO,08:30,86.0,94.83015311715079,109.43137254901961
3,2026-05-23,SABADO,09:00,97.0,77.11801605591992,93.9423076923077
3,2026-05-23,SABADO,09:30,104.0,72.26447296484726,89.96153846153847
3,2026-05-23,SABADO,10:00,53.0,78.97795336973572,92.11538461538461
3,2026-05-23,SABADO,10:30,65.0,66.16361545119483,89.25
3,2026-05-23,SABADO,11:00,68.0,69.3183254989294,96.07843137254902
3,2026-05-23,SABADO,11:30,48.0,71.03078984470619,89.6078431372549
3,2026-05-23,SABADO,12:00,85.0,71.46985574078363,87.8076923076923
3,2026-05-23,SABADO,12:30,73.0,58.07004790074383,78.87755102040816
3,2026-05-23,SABADO,13:00,50.0,74.76340498926189,72.48936170212765
3,2026-05-23,SABADO,13:30,56.0,53.517425860893184,67.2
3,2026-05-23,SABADO,14:00,32.0,61.04090438639726,72.6734693877551
3,2026-05-23,SABADO,15:00,48.0,51.59965601059152,69.6304347826087
3,2026-05-23,SABADO,15:30,44.0,37.20638021084588,68.56521739130434
3,2026-05-23,SABADO,16:00,54.0,45.70654795146554,49.88095238095238
3,2026-05-23,SABADO,16:30,30.0,34.38885760510439,46.172413793103445
3,2026-05-24,DOMINGO,07:00,11.0,26.064018430047696,29.682926829268293
3,2026-05-24,DOMINGO,08:00,24.0,26.86552295443228,39.71739130434783
3,2026-05-24,DOMINGO,08:30,80.0,33.63274192764001,38.333333333333336
3,2026-05-24,DOMINGO,09:30,24.0,35.36657272376203,34.7
3,2026-05-24,DOMINGO,10:00,22.0,29.03150177184341,40.325
3,2026-05-24,DOMINGO,11:00,74.0,32.530924190150515,36.542857142857144
3,2026-05-24,DOMINGO,12:00,32.0,33.82596274619782,36.114285714285714
3,2026-05-24,DOMINGO,12:30,40.0,25.45440222979414,31.5
3,2026-05-24,DOMINGO,13:30,23.0,32.15895745824642,30.933333333333334
3,2026-05-24,DOMINGO,14:00,25.0,35.819301395273044,30.7027027027027
3,2026-05-24,DOMINGO,15:00,29.0,25.894499584273177,36.06896551724138
3,2026-05-25,LABORAL,04:00,48.0,50.37855282675925,54.193236714975846
3,2026-05-25,LABORAL,04:30,205.0,152.81795783437417,156.64730290456433
3,2026-05-25,LABORAL,05:00,304.0,275.59684150867184,277.6735537190083
3,2026-05-25,LABORAL,05:30,214.0,263.98014338135556,269.87603305785126
3,2026-05-25,LABORAL,06:00,300.0,295.61085261510374,294.7107438016529
3,2026-05-25,LABORAL,06:30,131.0,236.9447730389793,223.9214876033058
3,2026-05-25,LABORAL,07:00,239.0,181.00297697895422,177.16528925619835
3,2026-05-25,LABORAL,07:30,110.0,155.3203009694404,159.01659751037346
3,2026-05-25,LABORAL,08:00,122.0,144.99008652714136,145.2731092436975
3,2026-05-25,LABORAL,08:30,223.0,148.66628193313863,146.35269709543567
3,2026-05-25,LABORAL,09:00,111.0,143.03658908416293,139.58921161825725
3,2026-05-25,LABORAL,09:30,113.0,130.81308144606865,121.94583333333334
3,2026-05-25,LABORAL,10:00,144.0,136.69429631335504,131.55
3,2026-05-25,LABORAL,10:30,105.0,121.85975397377118,116.57676348547717
3,2026-05-25,LABORAL,11:00,62.0,103.53792140558159,111.4356846473029
3,2026-05-25,LABORAL,11:30,230.0,129.8157852018892,130.2625
3,2026-05-25,LABORAL,12:00,61.0,172.39245729934296,170.29338842975207
3,2026-05-25,LABORAL,12:30,217.0,142.9011805504817,140.275
3,2026-05-25,LABORAL,13:00,62.0,143.00500873383285,142.3278008298755
3,2026-05-25,LABORAL,13:30,151.0,139.76557032541112,136.03333333333333
3,2026-05-25,LABORAL,14:00,143.0,117.9086294875056,129.64853556485355
3,2026-05-25,LABORAL,14:30,122.0,143.38692255026797,145.6694560669456
3,2026-05-25,LABORAL,15:00,103.0,163.85104315202673,149.8375
3,2026-05-25,LABORAL,15:30,180.0,121.65444179077454,143.31932773109244
3,2026-05-25,LABORAL,16:00,71.0,112.24756493879228,112.91489361702128
3,2026-05-25,LABORAL,16:30,73.0,77.38844727384432,84.61702127659575
3,2026-05-25,LABORAL,17:00,30.0,49.255889501182395,55.2636815920398
3,2026-05-25,LABORAL,17:30,27.0,28.077375494629862,33.041666666666664
3,2026-05-26,LABORAL,04:00,47.0,46.510914317386096,54.16346153846154
3,2026-05-26,LABORAL,04:30,166.0,142.38319650121068,156.66390041493776
3,2026-05-26,LABORAL,05:00,314.0,268.63262410529893,277.3512396694215
3,2026-05-26,LABORAL,05:30,195.0,262.61693454076465,269.3347107438017
3,2026-05-26,LABORAL,06:00,342.0,277.598114665395,294.79338842975204
3,2026-05-26,LABORAL,06:30,210.0,222.38129305776584,223.13223140495867
3,2026-05-26,LABORAL,07:00,168.0,176.079868678661,177.53719008264463
3,2026-05-26,LABORAL,07:30,120.0,163.45209840673144,158.80082987551867
3,2026-05-26,LABORAL,08:00,159.0,135.9213223629356,145.52941176470588
3,2026-05-26,LABORAL,08:30,126.0,145.27400657680957,146.49377593360995
3,2026-05-26,LABORAL,09:00,158.0,139.6655501616064,139.4356846473029
3,2026-05-26,LABORAL,09:30,104.0,128.97296210626536,121.87083333333334
3,2026-05-26,LABORAL,10:00,132.0,137.0428812522288,131.55
3,2026-05-26,LABORAL,10:30,143.0,117.75018433530231,116.41908713692946
3,2026-05-26,LABORAL,11:00,113.0,111.11017116547688,111.14522821576763
3,2026-05-26,LABORAL,11:30,127.0,141.65097142257554,130.4375
3,2026-05-26,LABORAL,12:00,211.0,178.85373967162244,169.48760330578511
3,2026-05-26,LABORAL,12:30,156.0,132.03453279489395,140.56666666666666
3,2026-05-26,LABORAL,13:00,64.0,130.28459538605046,141.96265560165975
3,2026-05-26,LABORAL,13:30,210.0,136.7621882935816,136.17083333333332
3,2026-05-26,LABORAL,14:00,65.0,120.79211566941139,129.55648535564853
3,2026-05-26,LABORAL,14:30,201.0,145.0536842562842,145.64435146443515
3,2026-05-26,LABORAL,15:00,87.0,128.04647965498077,149.35833333333332
3,2026-05-26,LABORAL,15:30,135.0,151.44466399033175,143.08403361344537
3,2026-05-26,LABORAL,16:00,97.0,114.30280938729597,112.85531914893618
3,2026-05-26,LABORAL,16:30,56.0,77.55771027192901,84.34468085106383
3,2026-05-26,LABORAL,17:00,27.0,43.42251311944439,54.8955223880597
3,2026-05-27,LABORAL,04:00,42.0,49.00723440655615,54.12918660287081
3,2026-05-27,LABORAL,04:30,215.0,134.16213987856412,156.47717842323652
3,2026-05-27,LABORAL,05:00,118.0,267.5937623024565,277.10743801652893
3,2026-05-27,LABORAL,05:30,241.0,239.49966272648217,268.6404958677686
3,2026-05-27,LABORAL,06:00,261.0,272.408808072164,294.87603305785126
3,2026-05-27,LABORAL,06:30,150.0,195.88408055392247,222.85537190082644
3,2026-05-27,LABORAL,07:00,128.0,155.87080990036156,177.52892561983472
3,2026-05-27,LABORAL,07:30,162.0,152.14110044529895,158.3402489626556
3,2026-05-27,LABORAL,08:00,119.0,131.95000957283693,145.5546218487395
3,2026-05-27,LABORAL,08:30,46.0,137.12793313128304,146.3609958506224
3,2026-05-27,LABORAL,09:00,152.0,124.38186311382964,139.4564315352697
3,2026-05-27,LABORAL,09:30,48.0,108.46440524983524,121.70833333333333
3,2026-05-27,LABORAL,10:00,145.0,120.55380120413109,131.28333333333333
3,2026-05-27,LABORAL,10:30,110.0,97.26364867168118,116.42738589211618
3,2026-05-27,LABORAL,11:00,131.0,109.40854508897989,111.05809128630706
3,2026-05-27,LABORAL,11:30,89.0,125.7373136948423,130.4125
3,2026-05-27,LABORAL,12:00,160.0,156.79856183889817,169.30578512396696
3,2026-05-27,LABORAL,12:30,128.0,131.0291859403905,140.52916666666667
3,2026-05-27,LABORAL,13:00,76.0,124.08376148558922,141.52697095435684
3,2026-05-27,LABORAL,13:30,149.0,121.7163708521933,136.60833333333332
3,2026-05-27,LABORAL,14:00,109.0,117.40459714578118,129.01673640167365
3,2026-05-27,LABORAL,14:30,113.0,140.3904735508907,145.34309623430963
3,2026-05-27,LABORAL,15:00,164.0,120.24183954766659,148.88333333333333
3,2026-05-27,LABORAL,15:30,69.0,122.91148514917703,142.6344537815126
3,2026-05-27,LABORAL,16:00,86.0,105.15105459531009,112.52340425531915
3,2026-05-27,LABORAL,16:30,54.0,65.10672527186416,84.1404255319149
3,2026-05-28,LABORAL,04:00,50.0,47.144737916802924,54.07142857142857
3,2026-05-28,LABORAL,04:30,148.0,127.85358406874138,156.49792531120332
3,2026-05-28,LABORAL,05:00,237.0,242.48360159157596,276.23553719008265
3,2026-05-28,LABORAL,05:30,214.0,204.73284665475674,268.40495867768595
3,2026-05-28,LABORAL,06:00,329.0,266.21913202543385,295.03719008264466
3,2026-05-28,LABORAL,06:30,157.0,204.90250831117663,222.8099173553719
3,2026-05-28,LABORAL,07:00,208.0,160.39294830430293,177.35537190082644
3,2026-05-28,LABORAL,07:30,60.0,135.80081966005656,158.25726141078837
3,2026-05-28,LABORAL,08:00,173.0,145.4865935239586,145.609243697479
3,2026-05-28,LABORAL,08:30,74.0,152.09010508367027,146.09958506224066
3,2026-05-28,LABORAL,09:00,169.0,123.03459659346659,139.33195020746888
3,2026-05-28,LABORAL,09:30,94.0,109.86733073556869,121.48333333333333
3,2026-05-28,LABORAL,10:00,75.0,124.47332794101561,131.5375
3,2026-05-28,LABORAL,10:30,164.0,90.77725334942309,116.52697095435684
3,2026-05-28,LABORAL,11:00,119.0,99.56232918109168,111.16597510373444
3,2026-05-28,LABORAL,11:30,143.0,120.18494313988012,130.57083333333333
3,2026-05-28,LABORAL,12:00,103.0,146.83156861837648,169.4090909090909
3,2026-05-28,LABORAL,12:30,145.0,116.89061515399344,140.5375
3,2026-05-28,LABORAL,13:00,93.0,157.32746288342432,141.47717842323652
3,2026-05-28,LABORAL,13:30,123.0,103.95314852270036,136.83333333333334
3,2026-05-28,LABORAL,14:00,115.0,109.9827496794522,128.97907949790795
3,2026-05-28,LABORAL,14:30,168.0,128.6959963543093,145.0836820083682
3,2026-05-28,LABORAL,15:00,101.0,124.50575478305582,148.94166666666666
3,2026-05-28,LABORAL,15:30,128.0,109.56442889637704,142.4327731092437
3,2026-05-28,LABORAL,16:00,130.0,79.1890428731934,112.43829787234043
3,2026-05-28,LABORAL,16:30,40.0,60.87445359950803,84.05531914893616
3,2026-05-28,LABORAL,17:00,36.0,50.59710184294315,54.845
3,2026-05-29,LABORAL,04:00,116.0,49.69133178449603,54.052132701421804
3,2026-05-29,LABORAL,04:30,69.0,120.84562168759032,155.78838174273858
3,2026-05-29,LABORAL,05:00,243.0,254.45585821961132,276.0289256198347
3,2026-05-29,LABORAL,05:30,317.0,214.7338712850779,268.8264462809917
3,2026-05-29,LABORAL,06:00,215.0,279.30350736104845,295.58677685950414
3,2026-05-29,LABORAL,06:30,257.0,210.17515241781643,222.16528925619835
3,2026-05-29,LABORAL,07:00,146.0,165.6112890124497,177.55371900826447
3,2026-05-29,LABORAL,07:30,173.0,134.5941917831273,157.92116182572613
3,2026-05-29,LABORAL,08:00,122.0,137.07221901578293,145.81512605042016
3,2026-05-29,LABORAL,08:30,88.0,145.2121957516432,146.00414937759336
3,2026-05-29,LABORAL,09:00,146.0,125.1704364826523,139.43153526970954
3,2026-05-29,LABORAL,09:30,138.0,107.0722402315745,121.52083333333333
3,2026-05-29,LABORAL,10:00,86.0,113.72370201443368,131.40833333333333
3,2026-05-29,LABORAL,10:30,87.0,102.2977576413962,116.8298755186722
3,2026-05-29,LABORAL,11:00,145.0,100.02417781668113,111.23236514522821
3,2026-05-29,LABORAL,11:30,74.0,121.3699880836457,130.7125
3,2026-05-29,LABORAL,12:00,190.0,164.10459047687098,169.19834710743802
3,2026-05-29,LABORAL,12:30,149.0,121.38552988435283,140.70416666666668
3,2026-05-29,LABORAL,13:00,174.0,139.71200134638792,141.2240663900415
3,2026-05-29,LABORAL,13:30,56.0,116.0735089646111,136.86666666666667
3,2026-05-29,LABORAL,14:00,118.0,118.16823151003426,129.06276150627616
3,2026-05-29,LABORAL,14:30,168.0,124.68127677909591,145.3723849372385
3,2026-05-29,LABORAL,15:00,138.0,122.67374725687787,148.86666666666667
3,2026-05-29,LABORAL,15:30,84.0,101.3250449100189,142.1638655462185
3,2026-05-29,LABORAL,16:00,72.0,83.9512697326175,112.33191489361703
3,2026-05-29,LABORAL,16:30,75.0,63.492669254345586,83.88510638297872
3,2026-05-29,LABORAL,17:00,19.0,51.543546263147974,54.735
3,2026-05-30,SABADO,04:30,175.0,37.313694938871436,103.51923076923077
3,2026-05-30,SABADO,05:00,105.0,86.24182421173545,158.01923076923077
3,2026-05-30,SABADO,05:30,174.0,156.7045298562576,164.53846153846155
3,2026-05-30,SABADO,06:00,122.0,131.72469337588038,206.01923076923077
3,2026-05-30,SABADO,06:30,210.0,198.93564886330657,181.96153846153845
3,2026-05-30,SABADO,07:00,142.0,174.81782961946033,138.09615384615384
3,2026-05-30,SABADO,07:30,104.0,128.73314641739265,115.61538461538461
3,2026-05-30,SABADO,08:00,49.0,115.9274419152935,117.28846153846153
3,2026-05-30,SABADO,08:30,139.0,109.8749144707252,108.45098039215686
3,2026-05-30,SABADO,09:00,80.0,112.21320760495789,93.53846153846153
3,2026-05-30,SABADO,09:30,59.0,93.97039295777896,90.88461538461539
3,2026-05-30,SABADO,10:00,99.0,84.51235412340793,89.9423076923077
3,2026-05-30,SABADO,10:30,51.0,93.01260955633566,88.25
3,2026-05-30,SABADO,11:00,30.0,85.44301975574754,95.31372549019608
3,2026-05-30,SABADO,11:30,121.0,92.98849804545502,88.31372549019608
3,2026-05-30,SABADO,12:00,105.0,83.20772908437173,87.34615384615384
3,2026-05-30,SABADO,12:30,18.0,85.64734518216636,79.3265306122449
3,2026-05-30,SABADO,13:00,36.0,68.19644631297294,71.57446808510639
3,2026-05-30,SABADO,13:30,58.0,66.02005645562382,67.74
3,2026-05-30,SABADO,14:00,54.0,60.62693388769108,70.73469387755102
3,2026-05-30,SABADO,14:30,31.0,66.49545488884175,62.255319148936174
3,2026-05-30,SABADO,15:00,81.0,50.6918671871818,69.91304347826087
3,2026-05-30,SABADO,15:30,39.0,48.274171058504905,66.80434782608695
3,2026-05-31,DOMINGO,07:00,29.0,26.105836024518396,29.195121951219512
3,2026-05-31,DOMINGO,08:00,29.0,27.779305718862503,39.21739130434783
3,2026-05-31,DOMINGO,08:30,37.0,79.44157269638319,39.51282051282051
3,2026-05-31,DOMINGO,09:00,32.0,67.58209014028238,35.611111111111114
3,2026-05-31,DOMINGO,10:00,61.0,90.30218867766374,39.425
3,2026-05-31,DOMINGO,11:00,25.0,83.45563108255504,37.48571428571429
3,2026-05-31,DOMINGO,11:30,42.0,37.613860390254544,34.411764705882355
3,2026-05-31,DOMINGO,14:00,24.0,24.92907377848171,30.675675675675677
3,2026-05-31,DOMINGO,14:30,23.0,32.42879152862973,32.76470588235294
3,2026-06-01,LABORAL,04:00,49.0,51.57130864700888,54.344339622641506
3,2026-06-01,LABORAL,04:30,131.0,158.09244642915775,155.16597510373444
3,2026-06-01,LABORAL,05:00,236.0,268.74751672688376,275.9504132231405
3,2026-06-01,LABORAL,05:30,237.0,247.34272449590293,268.6198347107438
3,2026-06-01,LABORAL,06:00,226.0,277.66112402421675,295.2396694214876
3,2026-06-01,LABORAL,06:30,187.0,235.30895094193198,222.21074380165288
3,2026-06-01,LABORAL,07:00,167.0,176.01577224072946,177.16528925619835
3,2026-06-01,LABORAL,07:30,106.0,148.0715007087513,157.76763485477179
3,2026-06-01,LABORAL,08:00,77.0,148.62349123589075,145.74789915966386
3,2026-06-01,LABORAL,08:30,156.0,146.30091942210646,145.60995850622407
3,2026-06-01,LABORAL,09:00,43.0,145.4755022344696,139.1576763485477
3,2026-06-01,LABORAL,09:30,143.0,130.99357320265398,121.62916666666666
3,2026-06-01,LABORAL,10:00,139.0,133.53793536760705,131.33333333333334
3,2026-06-01,LABORAL,11:00,74.0,121.83743919881843,111.2655601659751
3,2026-06-01,LABORAL,11:30,150.0,104.51670766801075,130.525
3,2026-06-01,LABORAL,12:00,136.0,131.56894299015784,169.04132231404958
3,2026-06-01,LABORAL,12:30,172.0,171.59517907608233,140.7375
3,2026-06-01,LABORAL,13:00,70.0,144.28962365798512,141.29045643153526
3,2026-06-01,LABORAL,13:30,110.0,143.0714966108928,136.14166666666668
3,2026-06-01,LABORAL,14:00,82.0,142.25161783156184,128.94142259414227
3,2026-06-01,LABORAL,14:30,178.0,119.68645916266473,145.53556485355648
3,2026-06-01,LABORAL,15:00,47.0,144.70571689779885,148.7
3,2026-06-01,LABORAL,15:30,117.0,158.01549289959138,141.5546218487395
3,2026-06-01,LABORAL,16:00,63.0,127.34955171491865,112.02127659574468
3,2026-06-01,LABORAL,16:30,52.0,113.82547522666819,83.65106382978723
3,2026-06-02,LABORAL,04:30,167.0,43.50316524293791,155.06611570247935
3,2026-06-02,LABORAL,05:00,224.0,110.47747331127245,275.7860082304527
3,2026-06-02,LABORAL,05:30,286.0,246.98638927190996,268.4897119341564
3,2026-06-02,LABORAL,06:00,279.0,206.6079817371139,294.95473251028807
3,2026-06-02,LABORAL,06:30,120.0,256.0306046920033,222.06584362139918
3,2026-06-02,LABORAL,07:00,227.0,177.37677535789595,177.12345679012347
3,2026-06-02,LABORAL,07:30,65.0,146.76053729344542,157.55371900826447
3,2026-06-02,LABORAL,08:00,173.0,143.07286277141026,145.4602510460251
3,2026-06-02,LABORAL,08:30,84.0,116.01169657961711,145.65289256198346
3,2026-06-02,LABORAL,09:00,121.0,133.38067336271126,138.7603305785124
3,2026-06-02,LABORAL,09:30,194.0,110.49745106235275,121.71784232365145
3,2026-06-02,LABORAL,10:00,72.0,98.18339339291796,131.36514522821577
3,2026-06-02,LABORAL,10:30,161.0,110.27495705265268,116.44813278008299
3,2026-06-02,LABORAL,11:00,94.0,90.98927198331342,111.11157024793388
3,2026-06-02,LABORAL,11:30,101.0,100.1187146000891,130.6058091286307
3,2026-06-02,LABORAL,12:00,188.0,115.383979215003,168.90534979423867
3,2026-06-02,LABORAL,12:30,135.0,157.2757363242414,140.86721991701245
3,2026-06-02,LABORAL,13:00,105.0,116.39101599209441,140.99586776859505
3,2026-06-02,LABORAL,13:30,103.0,124.20465669787919,136.0331950207469
3,2026-06-02,LABORAL,14:00,120.0,114.52616954780338,128.74583333333334
3,2026-06-02,LABORAL,14:30,152.0,109.47757136414268,145.67083333333332
3,2026-06-02,LABORAL,15:00,174.0,112.10182793565609,148.2780082987552
3,2026-06-02,LABORAL,15:30,97.0,118.09398778680364,141.4518828451883
3,2026-06-02,LABORAL,16:00,102.0,105.48059895303336,111.8135593220339
3,2026-06-02,LABORAL,16:30,76.0,104.64833540763081,83.51694915254237
3,2026-06-03,LABORAL,04:30,170.0,46.88006588767341,155.03719008264463
3,2026-06-03,LABORAL,05:00,253.0,135.30653415289572,275.38271604938274
3,2026-06-03,LABORAL,05:30,311.0,280.7932086623151,267.9382716049383
3,2026-06-03,LABORAL,06:00,202.0,254.32442524892122,295.13168724279836
3,2026-06-03,LABORAL,06:30,215.0,289.7367355422882,221.30041152263374
3,2026-06-03,LABORAL,07:00,135.0,202.79451773210496,177.2798353909465
3,2026-06-03,LABORAL,07:30,155.0,164.6192447728016,157.30578512396696
3,2026-06-03,LABORAL,08:00,105.0,153.44984449843105,145.35983263598325
3,2026-06-03,LABORAL,08:30,153.0,132.57993476743113,145.08677685950414
3,2026-06-03,LABORAL,09:00,68.0,139.2807657120753,138.48347107438016
3,2026-06-03,LABORAL,09:30,114.0,124.69014208281857,121.86721991701245
3,2026-06-03,LABORAL,10:00,127.0,106.02054378834667,131.2655601659751
3,2026-06-03,LABORAL,10:30,121.0,119.2035245574983,116.2240663900415
3,2026-06-03,LABORAL,11:00,101.0,98.85648403941335,110.89256198347107
3,2026-06-03,LABORAL,11:30,84.0,109.22102752085246,130.52697095435684
3,2026-06-03,LABORAL,12:00,163.0,131.40831742622393,169.10288065843622
3,2026-06-03,LABORAL,12:30,82.0,163.67875486097068,140.38589211618256
3,2026-06-03,LABORAL,13:00,146.0,131.1625127453859,140.63636363636363
3,2026-06-03,LABORAL,13:30,116.0,133.9790395796521,135.79253112033194
3,2026-06-03,LABORAL,14:00,93.0,124.25954527551848,128.55416666666667
3,2026-06-03,LABORAL,14:30,152.0,126.43480129661391,145.51666666666668
3,2026-06-03,LABORAL,15:00,53.0,137.67548224539757,148.17842323651453
3,2026-06-03,LABORAL,15:30,122.0,133.0725478545743,140.69874476987448
3,2026-06-03,LABORAL,16:00,109.0,121.95019051099037,111.97457627118644
3,2026-06-03,LABORAL,16:30,46.0,102.00737766441024,83.21610169491525
3,2026-06-03,LABORAL,17:00,29.0,67.96335364223356,54.20603015075377
3,2026-06-04,LABORAL,04:30,157.0,50.222802992072275,154.8388429752066
3,2026-06-04,LABORAL,05:00,293.0,139.62711076778567,275.02880658436214
3,2026-06-04,LABORAL,05:30,240.0,243.01376303639063,267.6255144032922
3,2026-06-04,LABORAL,06:00,278.0,225.67061093147538,295.0
3,2026-06-04,LABORAL,06:30,128.0,246.42926732009684,221.2716049382716
3,2026-06-04,LABORAL,07:00,157.0,188.0321735618862,176.53086419753086
3,2026-06-04,LABORAL,07:30,117.0,160.68930104034317,156.9214876033058
3,2026-06-04,LABORAL,08:00,67.0,144.72932321111566,145.36820083682008
3,2026-06-04,LABORAL,08:30,183.0,137.4305728639615,145.02892561983472
3,2026-06-04,LABORAL,09:00,64.0,132.73759650669984,138.13636363636363
3,2026-06-04,LABORAL,09:30,85.0,122.78278299150173,121.79668049792531
3,2026-06-04,LABORAL,10:00,129.0,107.56837772011212,131.149377593361
3,2026-06-04,LABORAL,10:30,90.0,115.3829425268696,116.14522821576763
3,2026-06-04,LABORAL,11:00,92.0,102.69669696749068,110.72314049586777
3,2026-06-04,LABORAL,11:30,106.0,104.29180044350946,130.24066390041494
3,2026-06-04,LABORAL,12:00,133.0,120.05940424333187,168.9835390946502
3,2026-06-04,LABORAL,12:30,123.0,145.1327361010888,140.0622406639004
3,2026-06-04,LABORAL,13:00,84.0,128.08917369196126,140.63223140495867
3,2026-06-04,LABORAL,13:30,134.0,138.41179132385227,135.54771784232366
3,2026-06-04,LABORAL,14:00,97.0,126.17015967954858,128.18333333333334
3,2026-06-04,LABORAL,14:30,123.0,125.23062453574546,145.55833333333334
3,2026-06-04,LABORAL,15:00,119.0,134.07931189312748,147.45228215767634
3,2026-06-04,LABORAL,15:30,112.0,125.82625475305849,140.26359832635984
3,2026-06-04,LABORAL,16:00,77.0,115.21163571580475,111.70338983050847
3,2026-06-04,LABORAL,16:30,73.0,95.57785532632425,83.02542372881356
3,2026-06-04,LABORAL,17:00,58.0,71.06841457517316,53.949748743718594
3,2026-06-05,LABORAL,04:30,142.0,49.319279961861724,154.6487603305785
3,2026-06-05,LABORAL,05:00,269.0,119.15190016633575,274.7366255144033
3,2026-06-05,LABORAL,05:30,193.0,206.71751453094691,267.36213991769546
3,2026-06-05,LABORAL,06:00,329.0,187.91008798216222,294.5308641975309
3,2026-06-05,LABORAL,06:30,178.0,212.90871044283796,220.93004115226339
3,2026-06-05,LABORAL,07:00,132.0,162.6450833925636,176.5761316872428
3,2026-06-05,LABORAL,07:30,125.0,139.00795259870316,156.61570247933884
3,2026-06-05,LABORAL,08:00,138.0,124.09222370480639,144.93305439330544
3,2026-06-05,LABORAL,08:30,108.0,122.86068327081718,145.02892561983472
3,2026-06-05,LABORAL,09:00,118.0,113.17879703268493,137.6900826446281
3,2026-06-05,LABORAL,09:30,59.0,103.64906337014298,121.44398340248962
3,2026-06-05,LABORAL,10:00,140.0,93.79763934799105,130.91286307053943
3,2026-06-05,LABORAL,10:30,112.0,94.36469371199158,116.18257261410788
3,2026-06-05,LABORAL,11:00,109.0,90.69732211281722,110.52066115702479
3,2026-06-05,LABORAL,11:30,90.0,92.39686302338455,129.85892116182572
3,2026-06-05,LABORAL,12:00,178.0,104.50358369047808,168.8724279835391
3,2026-06-05,LABORAL,12:30,114.0,116.56230500580457,139.83817427385893
3,2026-06-05,LABORAL,13:00,45.0,109.95369530317762,140.28925619834712
3,2026-06-05,LABORAL,13:30,158.0,121.04646364844054,135.24896265560167
3,2026-06-05,LABORAL,14:00,125.0,106.20600193403628,128.05833333333334
3,2026-06-05,LABORAL,14:30,110.0,114.20690889141282,145.47083333333333
3,2026-06-05,LABORAL,15:00,126.0,110.01714502685891,147.21991701244812
3,2026-06-05,LABORAL,15:30,110.0,102.73849169689953,139.907949790795
3,2026-06-05,LABORAL,16:00,110.0,86.35303413857206,111.66525423728814
3,2026-06-05,LABORAL,16:30,41.0,78.03021479116575,82.88559322033899
3,2026-06-06,SABADO,04:00,53.0,36.02053314429989,37.266666666666666
3,2026-06-06,SABADO,04:30,93.0,65.91535381765571,103.86538461538461
3,2026-06-06,SABADO,05:00,106.0,127.4172422464272,157.1153846153846
3,2026-06-06,SABADO,05:30,188.0,114.07885696982457,163.65384615384616
3,2026-06-06,SABADO,06:00,213.0,138.49445932019307,203.34615384615384
3,2026-06-06,SABADO,06:30,181.0,113.57755650786396,183.6153846153846
3,2026-06-06,SABADO,07:00,105.0,78.916619518696,137.84615384615384
3,2026-06-06,SABADO,07:30,138.0,73.22961040788013,114.13461538461539
3,2026-06-06,SABADO,08:00,94.0,79.06443939436127,116.3076923076923
3,2026-06-06,SABADO,08:30,92.0,72.86467909791156,108.80392156862744
3,2026-06-06,SABADO,09:00,75.0,62.30890979691537,93.1923076923077
3,2026-06-06,SABADO,09:30,93.0,58.42281464049515,89.38461538461539
3,2026-06-06,SABADO,10:00,100.0,56.49151592874868,89.51923076923077
3,2026-06-06,SABADO,10:30,96.0,58.488011553661664,86.98076923076923
3,2026-06-06,SABADO,11:00,65.0,58.356760708509015,93.52941176470588
3,2026-06-06,SABADO,11:30,48.0,77.17475824201405,88.56862745098039
3,2026-06-06,SABADO,12:00,93.0,63.18406658097001,87.23076923076923
3,2026-06-06,SABADO,12:30,72.0,65.8195400205206,78.73469387755102
3,2026-06-06,SABADO,13:00,41.0,70.65697594611933,70.25531914893617
3,2026-06-06,SABADO,13:30,82.0,65.01932477102591,66.84
3,2026-06-06,SABADO,14:00,30.0,94.9532327577421,71.06122448979592
3,2026-06-06,SABADO,14:30,48.0,51.565793461255964,61.51063829787234
3,2026-06-06,SABADO,15:00,75.0,60.35693834020256,70.82608695652173
3,2026-06-06,SABADO,16:00,52.0,36.00850767387858,49.51219512195122
3,2026-06-07,DOMINGO,06:30,52.0,27.165815654177152,32.75
3,2026-06-07,DOMINGO,07:00,23.0,26.837964376892742,29.341463414634145
3,2026-06-07,DOMINGO,07:30,19.0,85.57033421186485,33.18181818181818
3,2026-06-07,DOMINGO,08:00,38.0,76.65393273363783,38.95652173913044
3,2026-06-07,DOMINGO,08:30,30.0,101.73265296811918,38.53846153846154
3,2026-06-07,DOMINGO,09:00,25.0,87.29541499452203,35.861111111111114
3,2026-06-07,DOMINGO,09:30,44.0,40.09982893203352,34.12820512820513
3,2026-06-07,DOMINGO,10:00,26.0,24.28016454204318,40.375
3,2026-06-07,DOMINGO,10:30,47.0,32.71662070422569,38.64102564102564
3,2026-06-07,DOMINGO,11:00,27.0,37.24035047844427,36.74285714285714
3,2026-06-07,DOMINGO,11:30,28.0,28.417691327767074,34.628571428571426
3,2026-06-07,DOMINGO,12:00,25.0,36.08772072882711,35.0
3,2026-06-07,DOMINGO,12:30,26.0,25.414947238239407,31.941176470588236
3,2026-06-07,DOMINGO,13:00,20.0,35.445190568001465,30.914285714285715
3,2026-06-07,DOMINGO,13:30,12.0,35.12749489827283,30.733333333333334
3,2026-06-07,DOMINGO,14:00,26.0,58.88533840211828,30.64864864864865
3,2026-06-07,DOMINGO,14:30,18.0,31.90478814018661,32.76470588235294
3,2026-06-07,DOMINGO,15:00,18.0,38.462783043598634,37.32142857142857
3,2026-06-08,FESTIVO_PUENTE,07:30,32.0,34.14268709589082,28.875
3,2026-06-08,FESTIVO_PUENTE,08:00,19.0,75.19874767517227,32.888888888888886
3,2026-06-08,FESTIVO_PUENTE,08:30,19.0,197.7801995267654,31.0
3,2026-06-08,FESTIVO_PUENTE,10:30,33.0,173.7319236030721,34.22222222222222
3,2026-06-08,FESTIVO_PUENTE,11:00,19.0,200.00294753452604,21.571428571428573
3,2026-06-08,FESTIVO_PUENTE,11:30,46.0,152.30304809286287,25.125
3,2026-06-08,FESTIVO_PUENTE,13:30,23.0,101.19583834671302,31.125
3,2026-06-08,FESTIVO_PUENTE,15:00,31.0,84.8586325592976,33.833333333333336
3,2026-06-08,FESTIVO_PUENTE,15:30,25.0,51.21194348253697,53.0
3,2026-06-09,LABORAL,04:30,158.0,48.950212116462154,153.95435684647302
3,2026-06-09,LABORAL,05:00,185.0,165.55007209264622,274.75206611570246
3,2026-06-09,LABORAL,05:30,342.0,283.1209384068325,266.6528925619835
3,2026-06-09,LABORAL,06:00,230.0,253.1085618212371,294.4917355371901
3,2026-06-09,LABORAL,06:30,209.0,303.7084821774922,220.63223140495867
3,2026-06-09,LABORAL,07:00,135.0,225.3046032594371,176.3801652892562
3,2026-06-09,LABORAL,07:30,97.0,196.14639713942125,156.448132780083
3,2026-06-09,LABORAL,08:00,205.0,159.735660605762,144.54621848739495
3,2026-06-09,LABORAL,08:30,107.0,139.9622508897762,144.5435684647303
3,2026-06-09,LABORAL,09:00,196.0,155.4821892324572,137.7344398340249
3,2026-06-09,LABORAL,09:30,139.0,142.7133845800864,120.89166666666667
3,2026-06-09,LABORAL,10:00,129.0,128.81853379957892,130.68333333333334
3,2026-06-09,LABORAL,10:30,108.0,152.52577216159904,116.1875
3,2026-06-09,LABORAL,11:00,98.0,120.85784154112991,110.51867219917013
3,2026-06-09,LABORAL,11:30,137.0,106.46472578756834,129.53333333333333
3,2026-06-09,LABORAL,12:00,180.0,130.84647939896996,168.90495867768595
3,2026-06-09,LABORAL,12:30,99.0,157.10735828907787,139.04583333333332
3,2026-06-09,LABORAL,13:00,148.0,152.6734876382943,139.95435684647302
3,2026-06-09,LABORAL,13:30,103.0,155.1086549063951,135.5
3,2026-06-09,LABORAL,14:00,92.0,148.7091585635402,128.1715481171548
3,2026-06-09,LABORAL,14:30,169.0,133.2436245555475,145.3765690376569
3,2026-06-09,LABORAL,15:00,116.0,153.9663789327315,146.99583333333334
3,2026-06-09,LABORAL,15:30,105.0,154.29357913810952,139.4579831932773
3,2026-06-09,LABORAL,16:00,107.0,141.31195060509316,111.87234042553192
3,2026-06-09,LABORAL,16:30,44.0,116.51771327380287,82.55319148936171
3,2026-06-09,LABORAL,17:00,50.0,76.40615769657137,53.58375634517766
3,2026-06-10,LABORAL,04:00,29.0,49.96529369702699,54.35377358490566
3,2026-06-10,LABORAL,04:30,118.0,139.11969638446087,154.02489626556016
3,2026-06-10,LABORAL,05:00,285.0,278.4962784505417,273.95454545454544
3,2026-06-10,LABORAL,05:30,257.0,261.343403760553,266.68595041322317
3,2026-06-10,LABORAL,06:00,302.0,282.36645783633463,293.60330578512395
3,2026-06-10,LABORAL,06:30,180.0,213.80642957616675,220.7479338842975
3,2026-06-10,LABORAL,07:00,113.0,174.80689128713857,176.4214876033058
3,2026-06-10,LABORAL,07:30,113.0,153.8397305326015,156.0954356846473
3,2026-06-10,LABORAL,08:00,172.0,139.23898914150237,144.6218487394958
3,2026-06-10,LABORAL,08:30,66.0,140.25744399193098,144.46058091286307
3,2026-06-10,LABORAL,09:00,102.0,134.6529654590664,137.91286307053943
3,2026-06-10,LABORAL,09:30,128.0,114.5659229621044,120.75416666666666
3,2026-06-10,LABORAL,10:00,108.0,128.49145034098083,130.80416666666667
3,2026-06-10,LABORAL,10:30,45.0,112.72923142196018,115.93333333333334
3,2026-06-10,LABORAL,11:00,117.0,110.25148554131056,110.55601659751038
3,2026-06-10,LABORAL,11:30,113.0,133.31202170306122,129.6625
3,2026-06-10,LABORAL,12:00,112.0,163.85702708813335,169.03305785123968
3,2026-06-10,LABORAL,12:30,134.0,134.52451623870806,138.89583333333334
3,2026-06-10,LABORAL,13:00,53.0,142.90264110873264,140.2033195020747
3,2026-06-10,LABORAL,13:30,48.0,138.02973698917435,135.075
3,2026-06-10,LABORAL,14:30,55.0,131.00575300369727,145.418410041841
3,2026-06-10,LABORAL,15:00,41.0,144.6493589179483,147.0375
