route,dia_op,tipo_dia,hora,real,pred_lstm,pred_media
1,2026-04-02,FESTIVO,07:00,65.0,56.36609688325814,108.66842709529277
1,2026-04-02,FESTIVO,07:30,23.0,55.86582760932816,108.66842709529277
1,2026-04-02,FESTIVO,08:00,11.0,53.37445853908966,26.0
1,2026-04-02,FESTIVO,09:00,20.0,59.81992580394099,20.0
1,2026-04-02,FESTIVO,09:30,25.0,60.09145920322691,16.0
1,2026-04-02,FESTIVO,10:00,21.0,48.01623788910981,108.66842709529277
1,2026-04-02,FESTIVO,10:30,19.0,50.09782633330701,16.0
1,2026-04-02,FESTIVO,11:00,23.0,55.71862718211754,108.66842709529277
1,2026-04-02,FESTIVO,11:30,33.0,58.66240883015405,23.0
1,2026-04-02,FESTIVO,12:00,18.0,46.755510750759946,108.66842709529277
1,2026-04-02,FESTIVO,12:30,45.0,33.429045945213545,27.0
1,2026-04-02,FESTIVO,13:00,21.0,49.718523382787986,108.66842709529277
1,2026-04-02,FESTIVO,13:30,49.0,56.71585427227488,33.0
1,2026-04-02,FESTIVO,15:00,27.0,42.541742147464376,108.66842709529277
1,2026-04-02,FESTIVO,15:30,30.0,62.980727511916285,108.66842709529277
1,2026-04-03,FESTIVO,08:00,14.0,53.373027934909075,18.5
1,2026-04-03,FESTIVO,08:30,30.0,18.905863759082678,24.0
1,2026-04-03,FESTIVO,09:00,16.0,60.765506791681624,20.0
1,2026-04-03,FESTIVO,11:00,12.0,27.004945378632797,23.0
1,2026-04-03,FESTIVO,11:30,28.0,54.01038902969969,28.0
1,2026-04-03,FESTIVO,12:00,19.0,29.808289130815794,18.0
1,2026-04-03,FESTIVO,12:30,18.0,37.38654540501017,36.0
1,2026-04-03,FESTIVO,14:30,31.0,43.48869034455879,24.0
1,2026-04-04,SABADO,04:30,37.0,71.5602457727826,75.56
1,2026-04-04,SABADO,05:00,48.0,52.51386642287667,59.8
1,2026-04-04,SABADO,05:30,51.0,79.62503829737328,96.34615384615384
1,2026-04-04,SABADO,06:00,42.0,69.47551413927872,94.76923076923077
1,2026-04-04,SABADO,06:30,66.0,85.86068715645125,108.03846153846153
1,2026-04-04,SABADO,07:00,38.0,113.28673615056576,106.84615384615384
1,2026-04-04,SABADO,07:30,63.0,90.56998105615722,105.65384615384616
1,2026-04-04,SABADO,08:00,80.0,128.1471708133878,102.84615384615384
1,2026-04-04,SABADO,08:30,23.0,74.19081726833866,100.5
1,2026-04-04,SABADO,09:00,89.0,79.99169609005745,95.5
1,2026-04-04,SABADO,09:30,54.0,89.4146463147485,93.65384615384616
1,2026-04-04,SABADO,10:00,73.0,74.37907893157538,75.03846153846153
1,2026-04-04,SABADO,10:30,30.0,74.77322933082048,94.0
1,2026-04-04,SABADO,11:00,17.0,63.99617954717547,92.34615384615384
1,2026-04-04,SABADO,11:30,104.0,69.72926875714381,82.6
1,2026-04-04,SABADO,12:00,71.0,107.97230482731788,87.46153846153847
1,2026-04-04,SABADO,13:00,99.0,78.73940939027258,64.45454545454545
1,2026-04-04,SABADO,13:30,21.0,55.92154901198339,71.44
1,2026-04-04,SABADO,14:30,36.0,64.24976902591328,75.15384615384616
1,2026-04-04,SABADO,15:00,124.0,90.0619947518371,64.29166666666667
1,2026-04-04,SABADO,16:00,48.0,61.278744870667566,59.34782608695652
1,2026-04-04,SABADO,17:00,26.0,80.01324062990415,42.57142857142857
1,2026-04-05,DOMINGO,07:00,29.0,34.27402475247443,34.73913043478261
1,2026-04-05,DOMINGO,07:30,23.0,12.336002115358554,31.291666666666668
1,2026-04-05,DOMINGO,08:30,28.0,41.483018616675565,46.791666666666664
1,2026-04-05,DOMINGO,09:00,28.0,40.553838497280594,35.76470588235294
1,2026-04-05,DOMINGO,10:00,18.0,32.07096463283747,35.333333333333336
1,2026-04-05,DOMINGO,10:30,28.0,31.265456207401726,35.86363636363637
1,2026-04-05,DOMINGO,11:00,30.0,37.46185722490192,36.526315789473685
1,2026-04-05,DOMINGO,12:30,23.0,30.068029240260756,37.95238095238095
1,2026-04-05,DOMINGO,13:30,21.0,48.783475782652694,30.27777777777778
1,2026-04-05,DOMINGO,14:00,21.0,33.54601758028264,37.0
1,2026-04-05,DOMINGO,15:00,23.0,32.504312247402055,39.36842105263158
1,2026-04-06,LABORAL,04:30,135.0,112.84145471909908,115.16666666666667
1,2026-04-06,LABORAL,05:00,73.0,108.20048552988655,116.84873949579831
1,2026-04-06,LABORAL,05:30,183.0,110.45093563084617,133.30833333333334
1,2026-04-06,LABORAL,06:00,106.0,135.9732049052338,133.025
1,2026-04-06,LABORAL,06:30,160.0,128.8724793935519,132.0
1,2026-04-06,LABORAL,07:00,157.0,117.98801081868753,130.04166666666666
1,2026-04-06,LABORAL,07:30,54.0,128.68977558652296,133.91666666666666
1,2026-04-06,LABORAL,08:00,165.0,99.75460081520892,128.96638655462183
1,2026-04-06,LABORAL,08:30,123.0,123.32105596612801,131.94117647058823
1,2026-04-06,LABORAL,09:00,176.0,126.03036622728078,135.76470588235293
1,2026-04-06,LABORAL,09:30,155.0,104.23361402718386,121.23333333333333
1,2026-04-06,LABORAL,10:00,98.0,96.57254806035931,97.26666666666667
1,2026-04-06,LABORAL,10:30,80.0,74.10779379702015,96.45833333333333
1,2026-04-06,LABORAL,11:00,90.0,81.97328070782146,93.625
1,2026-04-06,LABORAL,11:30,84.0,91.67432658395468,100.1
1,2026-04-06,LABORAL,12:00,110.0,98.63425808414812,110.70833333333333
1,2026-04-06,LABORAL,12:30,165.0,128.406043980561,130.91666666666666
1,2026-04-06,LABORAL,13:00,105.0,124.78012603157205,138.9
1,2026-04-06,LABORAL,13:30,192.0,146.4053209798237,135.725
1,2026-04-06,LABORAL,14:00,174.0,148.96318343884022,148.25423728813558
1,2026-04-06,LABORAL,14:30,113.0,143.32367004881885,150.93333333333334
1,2026-04-06,LABORAL,15:00,217.0,181.82486328943182,168.26666666666668
1,2026-04-06,LABORAL,15:30,135.0,180.28885477857165,174.56302521008402
1,2026-04-06,LABORAL,16:00,151.0,149.48289543891258,143.21848739495798
1,2026-04-06,LABORAL,16:30,118.0,98.0504240968988,115.16806722689076
1,2026-04-06,LABORAL,17:00,50.0,64.13695723817017,71.71818181818182
1,2026-04-06,LABORAL,17:30,20.0,24.151668669501007,37.36538461538461
1,2026-04-06,LABORAL,18:00,21.0,17.21546162515105,25.647058823529413
1,2026-04-07,LABORAL,04:30,120.0,107.39640753216332,115.45833333333333
1,2026-04-07,LABORAL,05:00,126.0,114.86618492217022,116.40336134453781
1,2026-04-07,LABORAL,05:30,137.0,134.14216543700792,133.83333333333334
1,2026-04-07,LABORAL,06:00,143.0,129.74207450446397,132.66666666666666
1,2026-04-07,LABORAL,06:30,134.0,123.97934582076907,131.91666666666666
1,2026-04-07,LABORAL,07:00,107.0,138.85891459188528,130.05833333333334
1,2026-04-07,LABORAL,07:30,187.0,132.18827048482873,133.125
1,2026-04-07,LABORAL,08:00,164.0,125.0101876344773,129.1596638655462
1,2026-04-07,LABORAL,08:30,129.0,129.41214762861983,131.71428571428572
1,2026-04-07,LABORAL,09:00,152.0,133.51340148144357,136.39495798319328
1,2026-04-07,LABORAL,09:30,91.0,112.38470829933298,120.86666666666666
1,2026-04-07,LABORAL,10:00,176.0,87.44878485992825,97.25833333333334
1,2026-04-07,LABORAL,10:30,88.0,107.65512446224973,96.075
1,2026-04-07,LABORAL,11:00,84.0,90.81851616910265,92.94166666666666
1,2026-04-07,LABORAL,11:30,134.0,95.16793578548234,100.175
1,2026-04-07,LABORAL,12:00,113.0,95.21138190038094,110.60833333333333
1,2026-04-07,LABORAL,12:30,82.0,129.01991410720038,130.925
1,2026-04-07,LABORAL,13:00,149.0,129.61249694896927,138.85
1,2026-04-07,LABORAL,13:30,211.0,126.80516183559799,135.49166666666667
1,2026-04-07,LABORAL,14:00,180.0,144.53382952646905,148.47457627118644
1,2026-04-07,LABORAL,14:30,114.0,141.03523399734863,150.69166666666666
1,2026-04-07,LABORAL,15:00,190.0,168.55110574595005,168.025
1,2026-04-07,LABORAL,15:30,194.0,166.66404849776697,174.84873949579833
1,2026-04-07,LABORAL,16:00,198.0,134.71681692122897,142.71428571428572
1,2026-04-07,LABORAL,16:30,148.0,116.69654041342932,114.59663865546219
1,2026-04-07,LABORAL,17:00,82.0,56.76590839740983,71.49090909090908
1,2026-04-08,LABORAL,04:30,126.0,138.04118826391897,115.275
1,2026-04-08,LABORAL,05:00,117.0,134.9558963669412,116.21848739495799
1,2026-04-08,LABORAL,05:30,125.0,150.49534903624556,133.56666666666666
1,2026-04-08,LABORAL,06:00,132.0,143.67062185758883,132.40833333333333
1,2026-04-08,LABORAL,06:30,189.0,146.5289090709746,131.51666666666668
1,2026-04-08,LABORAL,07:00,53.0,147.09884730476736,129.78333333333333
1,2026-04-08,LABORAL,07:30,118.0,146.5708220502872,133.34166666666667
1,2026-04-08,LABORAL,08:00,125.0,140.85451061171213,129.52100840336135
1,2026-04-08,LABORAL,08:30,184.0,137.3150319834179,131.6218487394958
1,2026-04-08,LABORAL,09:00,105.0,144.95233152913593,136.3361344537815
1,2026-04-08,LABORAL,09:30,120.0,127.49975287656231,120.09166666666667
1,2026-04-08,LABORAL,10:00,151.0,98.29974759515312,98.01666666666667
1,2026-04-08,LABORAL,10:30,70.0,107.58393083098454,95.75
1,2026-04-08,LABORAL,11:00,118.0,90.11324842263586,92.86666666666666
1,2026-04-08,LABORAL,11:30,88.0,107.9369433655902,100.425
1,2026-04-08,LABORAL,12:00,112.0,113.2830012526791,110.69166666666666
1,2026-04-08,LABORAL,12:30,146.0,137.33132196158792,130.125
1,2026-04-08,LABORAL,13:00,159.0,147.76825929487555,139.05
1,2026-04-08,LABORAL,13:30,60.0,137.82514040251266,136.33333333333334
1,2026-04-08,LABORAL,14:00,226.0,144.91170596878516,148.10169491525423
1,2026-04-08,LABORAL,14:30,125.0,145.42260641047162,150.63333333333333
1,2026-04-08,LABORAL,15:00,173.0,162.72870369561107,167.65833333333333
1,2026-04-08,LABORAL,15:30,175.0,176.53280122845626,174.52941176470588
1,2026-04-08,LABORAL,16:00,92.0,146.52847483465018,143.31932773109244
1,2026-04-08,LABORAL,16:30,142.0,113.56975356715768,114.4873949579832
1,2026-04-08,LABORAL,17:00,48.0,70.31318361328869,71.88181818181818
1,2026-04-09,LABORAL,04:30,82.0,119.57718001828525,115.275
1,2026-04-09,LABORAL,05:00,150.0,116.38155016011311,115.68067226890756
1,2026-04-09,LABORAL,05:30,110.0,134.87711212335105,133.96666666666667
1,2026-04-09,LABORAL,06:00,147.0,133.31340393310757,132.075
1,2026-04-09,LABORAL,06:30,99.0,138.40481840292267,131.96666666666667
1,2026-04-09,LABORAL,07:00,153.0,142.76424034777105,129.05
1,2026-04-09,LABORAL,07:30,147.0,134.80976471994245,133.39166666666668
1,2026-04-09,LABORAL,08:00,103.0,131.25039360291964,129.3613445378151
1,2026-04-09,LABORAL,08:30,178.0,128.24368489146306,131.46218487394958
1,2026-04-09,LABORAL,09:00,140.0,139.44780726956714,135.92436974789916
1,2026-04-09,LABORAL,09:30,86.0,122.06733390098721,119.88333333333334
1,2026-04-09,LABORAL,10:00,78.0,93.04159829110618,98.65833333333333
1,2026-04-09,LABORAL,10:30,37.0,100.84416540811597,95.40833333333333
1,2026-04-09,LABORAL,11:00,148.0,87.1122550477002,92.54166666666667
1,2026-04-09,LABORAL,11:30,69.0,102.80064095820701,100.76666666666667
1,2026-04-09,LABORAL,12:00,84.0,106.67298746924828,110.675
1,2026-04-09,LABORAL,12:30,140.0,126.35522865942238,130.38333333333333
1,2026-04-09,LABORAL,13:00,160.0,139.44456006433606,138.6
1,2026-04-09,LABORAL,13:30,85.0,133.70534038144706,134.89166666666668
1,2026-04-09,LABORAL,14:00,111.0,139.77283049824834,148.8135593220339
1,2026-04-09,LABORAL,14:30,168.0,143.4603286284571,150.25833333333333
1,2026-04-09,LABORAL,15:00,189.0,151.86263421839575,167.60833333333332
1,2026-04-09,LABORAL,15:30,129.0,173.5761391096494,174.30252100840337
1,2026-04-09,LABORAL,16:00,109.0,135.8082528098136,142.81512605042016
1,2026-04-09,LABORAL,16:30,110.0,105.72934450756043,114.71666666666667
1,2026-04-09,LABORAL,17:00,91.0,60.32721488136773,71.64545454545454
1,2026-04-09,LABORAL,17:30,16.0,38.101862385891735,36.75
1,2026-04-10,LABORAL,04:30,113.0,103.0904684740319,114.80833333333334
1,2026-04-10,LABORAL,05:00,124.0,95.32397631978525,115.99159663865547
1,2026-04-10,LABORAL,05:30,139.0,120.2247137142569,133.725
1,2026-04-10,LABORAL,06:00,131.0,109.35831759345979,131.79166666666666
1,2026-04-10,LABORAL,06:30,93.0,116.45218505667015,131.64166666666668
1,2026-04-10,LABORAL,07:00,152.0,116.99091172634334,129.55
1,2026-04-10,LABORAL,07:30,98.0,112.96789181076285,133.25833333333333
1,2026-04-10,LABORAL,08:00,187.0,117.3082337412624,129.53781512605042
1,2026-04-10,LABORAL,08:30,81.0,104.03087889163471,131.3109243697479
1,2026-04-10,LABORAL,09:00,162.0,110.22414408702264,135.92436974789916
1,2026-04-10,LABORAL,09:30,144.0,102.01364518458557,119.34166666666667
1,2026-04-10,LABORAL,10:00,90.0,84.23591725816216,98.61666666666666
1,2026-04-10,LABORAL,10:30,87.0,87.7610116797384,94.94166666666666
1,2026-04-10,LABORAL,11:00,99.0,80.41005864002294,93.25833333333334
1,2026-04-10,LABORAL,11:30,100.0,85.348656448552,100.4
1,2026-04-10,LABORAL,12:00,134.0,102.20442956702863,109.96666666666667
1,2026-04-10,LABORAL,12:30,88.0,111.11497676059422,130.58333333333334
1,2026-04-10,LABORAL,13:00,132.0,119.77945374370614,138.70833333333334
1,2026-04-10,LABORAL,13:30,162.0,115.267306107923,134.3
1,2026-04-10,LABORAL,14:00,172.0,122.75126119142992,148.5084745762712
1,2026-04-10,LABORAL,14:30,205.0,129.30321773034785,150.51666666666668
1,2026-04-10,LABORAL,15:00,101.0,131.52898802023833,167.325
1,2026-04-10,LABORAL,15:30,211.0,159.75996591989193,173.50420168067228
1,2026-04-10,LABORAL,16:00,104.0,113.89121064426648,142.3781512605042
1,2026-04-10,LABORAL,16:30,165.0,92.99564047794024,114.05833333333334
1,2026-04-10,LABORAL,17:00,56.0,59.451039506744394,71.5909090909091
1,2026-04-11,SABADO,04:30,65.0,84.81558180365806,74.04
1,2026-04-11,SABADO,05:00,50.0,76.63567373092714,59.24
1,2026-04-11,SABADO,05:30,87.0,100.2522825618397,95.38461538461539
1,2026-04-11,SABADO,06:00,66.0,89.85341995153371,91.88461538461539
1,2026-04-11,SABADO,06:30,125.0,92.92804058215812,107.8076923076923
1,2026-04-11,SABADO,07:00,104.0,99.70003582581538,104.76923076923077
1,2026-04-11,SABADO,07:30,88.0,90.7932382267567,103.61538461538461
1,2026-04-11,SABADO,08:00,55.0,99.6248747417707,102.23076923076923
1,2026-04-11,SABADO,08:30,59.0,86.33710684607718,95.23076923076923
1,2026-04-11,SABADO,09:00,101.0,93.06127369930456,96.03846153846153
1,2026-04-11,SABADO,09:30,52.0,81.66691728531201,90.65384615384616
1,2026-04-11,SABADO,10:00,123.0,71.06846651957551,75.8076923076923
1,2026-04-11,SABADO,10:30,103.0,85.91832721903698,91.08333333333333
1,2026-04-11,SABADO,11:00,63.0,80.87274898821681,89.34615384615384
1,2026-04-11,SABADO,11:30,58.0,71.95671482900335,84.76
1,2026-04-11,SABADO,12:00,176.0,93.58044805957799,83.8076923076923
1,2026-04-11,SABADO,13:00,57.0,93.48911783367774,65.95652173913044
1,2026-04-11,SABADO,13:30,92.0,96.27985819040288,69.72
1,2026-04-11,SABADO,14:00,62.0,98.28911857213305,83.08333333333333
1,2026-04-11,SABADO,15:00,69.0,110.53148759615071,68.375
1,2026-04-11,SABADO,15:30,82.0,114.62373624364992,58.69565217391305
1,2026-04-11,SABADO,16:00,44.0,111.53027277031877,58.91304347826087
1,2026-04-11,SABADO,16:30,43.0,143.26417353466627,72.26315789473684
1,2026-04-11,SABADO,17:30,30.0,89.55409545166816,35.6
1,2026-04-12,DOMINGO,07:30,30.0,33.3719091485555,31.291666666666668
1,2026-04-12,DOMINGO,08:00,28.0,26.065391907070193,38.95238095238095
1,2026-04-12,DOMINGO,09:30,31.0,32.14815163947996,35.388888888888886
1,2026-04-12,DOMINGO,10:30,36.0,51.95182945179579,35.36363636363637
1,2026-04-12,DOMINGO,12:00,36.0,44.616504583097175,35.611111111111114
1,2026-04-12,DOMINGO,13:30,23.0,49.39714494230489,29.789473684210527
1,2026-04-12,DOMINGO,14:30,22.0,31.29247737227891,37.0
1,2026-04-12,DOMINGO,15:30,37.0,34.47573845829953,44.22222222222222
1,2026-04-13,LABORAL,04:30,117.0,109.20343956765677,114.825
1,2026-04-13,LABORAL,05:00,119.0,105.34818156624078,116.0672268907563
1,2026-04-13,LABORAL,05:30,79.0,113.73047051878768,133.71666666666667
1,2026-04-13,LABORAL,06:00,138.0,127.96286543779487,131.65833333333333
1,2026-04-13,LABORAL,06:30,215.0,124.21134703028575,131.36666666666667
1,2026-04-13,LABORAL,07:00,78.0,113.27770604222675,129.36666666666667
1,2026-04-13,LABORAL,07:30,206.0,122.63370606439855,133.075
1,2026-04-13,LABORAL,08:00,48.0,91.50441188703057,129.72268907563026
1,2026-04-13,LABORAL,08:30,132.0,126.32521754228665,131.0
1,2026-04-13,LABORAL,09:00,151.0,117.28054818122585,136.05882352941177
1,2026-04-13,LABORAL,09:30,100.0,105.84062441108418,119.23333333333333
1,2026-04-13,LABORAL,10:00,85.0,92.71702160659798,98.175
1,2026-04-13,LABORAL,10:30,74.0,76.97351514367475,95.11666666666666
1,2026-04-13,LABORAL,11:00,95.0,79.4538736173231,93.33333333333333
1,2026-04-13,LABORAL,11:30,118.0,93.2441485846245,99.6
1,2026-04-13,LABORAL,12:00,86.0,97.03276452359471,109.98333333333333
1,2026-04-13,LABORAL,12:30,99.0,125.61913833773774,130.00833333333333
1,2026-04-13,LABORAL,13:00,139.0,127.18489877788569,138.65833333333333
1,2026-04-13,LABORAL,13:30,115.0,140.54205133193673,134.34166666666667
1,2026-04-13,LABORAL,14:00,189.0,147.90582494389508,148.76271186440678
1,2026-04-13,LABORAL,14:30,80.0,144.10679052210332,150.40833333333333
1,2026-04-13,LABORAL,15:00,211.0,179.44139200299333,167.15
1,2026-04-13,LABORAL,15:30,176.0,177.6985637810206,173.68067226890756
1,2026-04-13,LABORAL,16:00,104.0,143.01404701142604,141.9327731092437
1,2026-04-13,LABORAL,16:30,131.0,106.32009609640332,114.26666666666667
1,2026-04-13,LABORAL,17:00,76.0,59.63799692133401,71.52727272727273
1,2026-04-13,LABORAL,17:30,26.0,22.03154666273568,36.35849056603774
1,2026-04-14,LABORAL,04:30,71.0,124.55673485757929,114.84297520661157
1,2026-04-14,LABORAL,05:00,157.0,117.48536910926651,116.09166666666667
1,2026-04-14,LABORAL,05:30,129.0,139.12345246797224,133.26446280991735
1,2026-04-14,LABORAL,06:00,151.0,138.31804757679396,131.71074380165288
1,2026-04-14,LABORAL,06:30,89.0,134.44553264118443,132.05785123966942
1,2026-04-14,LABORAL,07:00,130.0,143.63368094542213,128.94214876033058
1,2026-04-14,LABORAL,07:30,179.0,140.7658366222328,133.67768595041323
1,2026-04-14,LABORAL,08:00,144.0,134.13751075005106,129.04166666666666
1,2026-04-14,LABORAL,08:30,88.0,136.11408588781447,131.00833333333333
1,2026-04-14,LABORAL,09:00,144.0,142.78063480813302,136.18333333333334
1,2026-04-14,LABORAL,09:30,130.0,124.15986634417614,119.07438016528926
1,2026-04-14,LABORAL,10:00,67.0,94.83068582605212,98.06611570247934
1,2026-04-14,LABORAL,10:30,141.0,107.44762554959098,94.94214876033058
1,2026-04-14,LABORAL,11:00,103.0,95.48779514035036,93.34710743801652
1,2026-04-14,LABORAL,11:30,88.0,102.90296425587135,99.75206611570248
1,2026-04-14,LABORAL,12:00,146.0,106.67860863238806,109.78512396694215
1,2026-04-14,LABORAL,12:30,143.0,132.10359799999273,129.7520661157025
1,2026-04-14,LABORAL,13:00,180.0,138.70265236823863,138.6611570247934
1,2026-04-14,LABORAL,13:30,62.0,134.42030293654057,134.1818181818182
1,2026-04-14,LABORAL,14:00,114.0,147.16188443882783,149.10084033613447
1,2026-04-14,LABORAL,14:30,186.0,144.13004855549823,149.82644628099175
1,2026-04-14,LABORAL,15:00,131.0,160.5564680941922,167.51239669421489
1,2026-04-14,LABORAL,15:30,107.0,168.41213899093344,173.7
1,2026-04-14,LABORAL,16:00,136.0,141.81632442692765,141.61666666666667
1,2026-04-14,LABORAL,16:30,110.0,113.69537816931717,114.40495867768595
1,2026-04-14,LABORAL,17:00,46.0,64.41163314082075,71.56756756756756
1,2026-04-15,LABORAL,04:30,76.0,122.72049703944698,114.45454545454545
1,2026-04-15,LABORAL,05:00,81.0,118.18985824867237,116.49166666666666
1,2026-04-15,LABORAL,05:30,157.0,137.89796346027723,133.2396694214876
1,2026-04-15,LABORAL,06:00,128.0,136.32713805791298,131.67768595041323
1,2026-04-15,LABORAL,06:30,99.0,137.5126661475232,131.4297520661157
1,2026-04-15,LABORAL,07:00,131.0,142.68735875774607,128.15702479338842
1,2026-04-15,LABORAL,07:30,126.0,136.84704985554268,134.0909090909091
1,2026-04-15,LABORAL,08:00,93.0,132.18003053386298,129.83333333333334
1,2026-04-15,LABORAL,08:30,224.0,133.28472308865506,130.16666666666666
1,2026-04-15,LABORAL,09:00,124.0,140.35218559548494,136.26666666666668
1,2026-04-15,LABORAL,09:30,114.0,123.66837989861932,118.75206611570248
1,2026-04-15,LABORAL,10:00,59.0,93.32325943657523,98.05785123966942
1,2026-04-15,LABORAL,10:30,76.0,101.34016272103179,94.98347107438016
1,2026-04-15,LABORAL,11:00,95.0,88.72455913080054,93.67768595041322
1,2026-04-15,LABORAL,11:30,78.0,102.85091901111497,99.14876033057851
1,2026-04-15,LABORAL,12:00,79.0,106.31006805183534,109.98347107438016
1,2026-04-15,LABORAL,12:30,102.0,130.31824885825242,129.900826446281
1,2026-04-15,LABORAL,13:00,116.0,142.45303141507446,139.01652892561984
1,2026-04-15,LABORAL,13:30,162.0,136.48952314185792,133.48760330578511
1,2026-04-15,LABORAL,14:00,119.0,145.98731109224565,148.92436974789916
1,2026-04-15,LABORAL,14:30,58.0,147.20864623984613,149.98347107438016
1,2026-04-15,LABORAL,15:00,138.0,158.2915824157942,166.95867768595042
1,2026-04-15,LABORAL,15:30,176.0,176.27329445855838,173.43333333333334
1,2026-04-15,LABORAL,16:00,89.0,141.19944105087447,141.14166666666668
1,2026-04-15,LABORAL,16:30,75.0,108.76496071484198,115.0495867768595
1,2026-04-15,LABORAL,17:00,46.0,64.67806575980046,70.92792792792793
1,2026-04-16,LABORAL,04:30,123.0,104.5612192806607,113.93388429752066
1,2026-04-16,LABORAL,05:00,49.0,104.64478800913916,115.81666666666666
1,2026-04-16,LABORAL,05:30,181.0,121.78187057732336,133.72727272727272
1,2026-04-16,LABORAL,06:00,34.0,116.83586702806419,131.01652892561984
1,2026-04-16,LABORAL,06:30,162.0,126.13203127491897,131.05785123966942
1,2026-04-16,LABORAL,07:00,96.0,125.01483571837892,128.3305785123967
1,2026-04-16,LABORAL,07:30,136.0,118.25571796724313,133.96694214876032
1,2026-04-16,LABORAL,08:00,142.0,117.1282743124155,129.65833333333333
1,2026-04-16,LABORAL,08:30,107.0,114.73317884407115,131.225
1,2026-04-16,LABORAL,09:00,115.0,119.46373279890943,135.6
1,2026-04-16,LABORAL,09:30,70.0,110.34082011706835,118.69421487603306
1,2026-04-16,LABORAL,10:00,140.0,91.44757568754284,97.48760330578513
1,2026-04-16,LABORAL,10:30,85.0,87.82369087946539,95.0
1,2026-04-16,LABORAL,11:00,40.0,80.23935142021121,93.39669421487604
1,2026-04-16,LABORAL,11:30,116.0,93.77431298688383,99.32231404958678
1,2026-04-16,LABORAL,12:00,115.0,102.62770608270091,109.50413223140495
1,2026-04-16,LABORAL,12:30,115.0,116.06624982682264,129.6198347107438
1,2026-04-16,LABORAL,13:00,108.0,128.68818393058257,138.9504132231405
1,2026-04-16,LABORAL,13:30,160.0,123.37020186442726,133.2396694214876
1,2026-04-16,LABORAL,14:00,117.0,129.53032865030517,149.21008403361344
1,2026-04-16,LABORAL,14:30,192.0,134.7118392317333,148.89256198347107
1,2026-04-16,LABORAL,15:00,145.0,139.82570491240725,166.62809917355372
1,2026-04-16,LABORAL,15:30,60.0,163.37600358910393,173.225
1,2026-04-16,LABORAL,16:00,207.0,121.24785469957584,140.55
1,2026-04-16,LABORAL,16:30,82.0,95.33862888182941,114.73553719008264
1,2026-04-17,LABORAL,04:30,136.0,98.40299971046224,114.2396694214876
1,2026-04-17,LABORAL,05:00,100.0,91.96019030288798,115.14166666666667
1,2026-04-17,LABORAL,05:30,124.0,116.07367284510624,133.89256198347107
1,2026-04-17,LABORAL,06:00,166.0,108.06534349727833,130.1900826446281
1,2026-04-17,LABORAL,06:30,144.0,119.69762054242995,131.44628099173553
1,2026-04-17,LABORAL,07:30,137.0,121.10439112641178,133.67768595041323
1,2026-04-17,LABORAL,08:00,172.0,113.07525273915456,129.74166666666667
1,2026-04-17,LABORAL,08:30,105.0,111.75938288096809,131.50833333333333
1,2026-04-17,LABORAL,09:00,180.0,109.43965254365783,135.26666666666668
1,2026-04-17,LABORAL,09:30,69.0,112.52609420913511,118.14876033057851
1,2026-04-17,LABORAL,10:00,102.0,104.79022080548987,98.2396694214876
1,2026-04-17,LABORAL,10:30,49.0,83.41966527325575,94.64462809917356
1,2026-04-17,LABORAL,11:00,148.0,86.09873434524249,93.12396694214875
1,2026-04-17,LABORAL,11:30,88.0,78.73537815352577,99.23140495867769
1,2026-04-17,LABORAL,12:00,122.0,84.87137165465559,109.37190082644628
1,2026-04-17,LABORAL,12:30,110.0,97.85653383815844,129.2396694214876
1,2026-04-17,LABORAL,13:00,153.0,108.37286143030282,138.6694214876033
1,2026-04-17,LABORAL,13:30,107.0,120.2173785421943,133.44628099173553
1,2026-04-17,LABORAL,14:00,104.0,117.32818615172567,148.89915966386553
1,2026-04-17,LABORAL,14:30,185.0,123.04646678889429,149.19834710743802
1,2026-04-17,LABORAL,15:00,65.0,130.3474563490094,166.28099173553719
1,2026-04-17,LABORAL,15:30,163.0,129.19091737657521,172.26666666666668
1,2026-04-17,LABORAL,16:00,177.0,159.1514289920827,140.675
1,2026-04-17,LABORAL,16:30,140.0,111.91646080434981,114.96694214876032
1,2026-04-17,LABORAL,17:00,72.0,90.3978437704381,69.99090909090908
1,2026-04-18,SABADO,04:30,63.0,75.47538877470365,75.0
1,2026-04-18,SABADO,05:00,54.0,63.44134370608156,58.12
1,2026-04-18,SABADO,05:30,103.0,88.46809700387585,93.38461538461539
1,2026-04-18,SABADO,06:00,77.0,85.27647810982951,90.26923076923077
1,2026-04-18,SABADO,06:30,86.0,94.9330146265357,108.65384615384616
1,2026-04-18,SABADO,07:00,90.0,93.04270136491316,102.8076923076923
1,2026-04-18,SABADO,07:30,83.0,90.443033448653,104.34615384615384
1,2026-04-18,SABADO,08:00,103.0,86.83531986310038,100.1923076923077
1,2026-04-18,SABADO,08:30,91.0,83.26244329272521,92.38461538461539
1,2026-04-18,SABADO,09:00,95.0,87.34942118201373,96.5
1,2026-04-18,SABADO,09:30,96.0,78.94819760915442,87.61538461538461
1,2026-04-18,SABADO,10:00,90.0,64.38666164768554,77.03846153846153
1,2026-04-18,SABADO,10:30,84.0,76.91778859983035,90.33333333333333
1,2026-04-18,SABADO,11:00,95.0,73.18033526656728,87.42307692307692
1,2026-04-18,SABADO,11:30,50.0,63.156733365266675,83.48
1,2026-04-18,SABADO,12:00,97.0,80.3597511410846,87.1923076923077
1,2026-04-18,SABADO,12:30,58.0,86.56681919538545,92.30434782608695
1,2026-04-18,SABADO,13:00,72.0,80.04740757602076,66.73913043478261
1,2026-04-18,SABADO,13:30,76.0,76.81955262058528,70.0
1,2026-04-18,SABADO,14:00,39.0,92.88891178347176,82.29166666666667
1,2026-04-18,SABADO,14:30,40.0,95.43224477227419,73.36
1,2026-04-18,SABADO,15:00,61.0,79.84622931781523,68.16666666666667
1,2026-04-18,SABADO,15:30,44.0,114.76259870217247,58.43478260869565
1,2026-04-18,SABADO,16:00,39.0,60.201333103232976,58.73913043478261
1,2026-04-18,SABADO,17:00,47.0,62.90276443000638,41.5
1,2026-04-18,SABADO,17:30,23.0,44.62580514381887,34.666666666666664
1,2026-04-19,DOMINGO,06:30,14.0,29.869378316502093,32.0
1,2026-04-19,DOMINGO,07:30,25.0,27.590194594510336,31.125
1,2026-04-19,DOMINGO,08:00,57.0,32.262600222907764,39.142857142857146
1,2026-04-19,DOMINGO,08:30,30.0,31.104844849871,44.65217391304348
1,2026-04-19,DOMINGO,09:00,19.0,31.481755262955332,36.470588235294116
1,2026-04-19,DOMINGO,10:00,26.0,28.667359486414526,34.26086956521739
1,2026-04-19,DOMINGO,11:00,34.0,23.822883938911303,36.333333333333336
1,2026-04-19,DOMINGO,12:00,40.0,28.227152817768044,36.166666666666664
1,2026-04-19,DOMINGO,12:30,15.0,33.91068196733761,37.85
1,2026-04-19,DOMINGO,13:00,16.0,29.575248376430324,33.642857142857146
1,2026-04-19,DOMINGO,14:00,27.0,27.669113605517225,37.22222222222222
1,2026-04-19,DOMINGO,14:30,60.0,39.74166040306686,37.06666666666667
1,2026-04-19,DOMINGO,16:00,35.0,32.78606928478554,33.8
1,2026-04-20,LABORAL,04:30,86.0,108.46710613432843,114.20661157024793
1,2026-04-20,LABORAL,05:00,119.0,109.05579412954027,114.875
1,2026-04-20,LABORAL,05:30,195.0,120.986726601057,133.41322314049586
1,2026-04-20,LABORAL,06:00,185.0,121.91256242209556,130.20661157024793
1,2026-04-20,LABORAL,06:30,126.0,131.95506687424015,131.76859504132233
1,2026-04-20,LABORAL,07:00,74.0,129.71840865428914,128.26666666666668
1,2026-04-20,LABORAL,07:30,137.0,136.77606425030365,133.63636363636363
1,2026-04-20,LABORAL,08:00,149.0,131.50304939702372,130.0
1,2026-04-20,LABORAL,08:30,134.0,129.4614859229512,131.075
1,2026-04-20,LABORAL,09:00,128.0,132.54921884638108,135.89166666666668
1,2026-04-20,LABORAL,09:30,121.0,128.7914643664374,118.08264462809917
1,2026-04-20,LABORAL,10:00,106.0,100.47625220425627,98.20661157024793
1,2026-04-20,LABORAL,10:30,72.0,82.29666946680435,94.26446280991736
1,2026-04-20,LABORAL,11:00,21.0,95.80698558787991,93.4297520661157
1,2026-04-20,LABORAL,11:30,108.0,102.38475761545455,99.05785123966942
1,2026-04-20,LABORAL,12:00,120.0,121.5515049671086,108.1900826446281
1,2026-04-20,LABORAL,12:30,89.0,127.98049016995995,129.73553719008265
1,2026-04-20,LABORAL,13:00,143.0,131.83750211957465,138.31404958677686
1,2026-04-20,LABORAL,13:30,97.0,147.30838872029338,133.6198347107438
1,2026-04-20,LABORAL,14:00,172.0,152.3803536852985,148.2436974789916
1,2026-04-20,LABORAL,14:30,206.0,135.88266446159827,149.64462809917356
1,2026-04-20,LABORAL,15:00,59.0,180.177316331486,165.13223140495867
1,2026-04-20,LABORAL,15:30,226.0,178.82988547826358,172.44166666666666
1,2026-04-20,LABORAL,16:00,126.0,158.8091462442623,140.925
1,2026-04-20,LABORAL,16:30,80.0,104.42033059086171,115.35537190082644
1,2026-04-20,LABORAL,17:00,71.0,77.22158550552491,69.68181818181819
1,2026-04-21,LABORAL,04:30,79.0,95.2370548280017,113.76859504132231
1,2026-04-21,LABORAL,05:00,165.0,123.99763515948236,114.625
1,2026-04-21,LABORAL,05:30,168.0,131.58062356371858,134.0495867768595
1,2026-04-21,LABORAL,06:00,53.0,121.6443841441012,130.36363636363637
1,2026-04-21,LABORAL,06:30,183.0,121.78843363561472,131.8181818181818
1,2026-04-21,LABORAL,07:00,77.0,136.95210905082757,127.675
1,2026-04-21,LABORAL,07:30,164.0,129.73168024579732,133.28925619834712
1,2026-04-21,LABORAL,08:00,191.0,124.63868320903984,130.43333333333334
1,2026-04-21,LABORAL,08:30,88.0,132.0087392515314,131.56666666666666
1,2026-04-21,LABORAL,09:00,118.0,135.42600108391687,135.13333333333333
1,2026-04-21,LABORAL,09:30,144.0,110.73096145612944,118.46280991735537
1,2026-04-21,LABORAL,10:00,27.0,83.97010581499768,97.95867768595042
1,2026-04-21,LABORAL,10:30,96.0,101.33909857989654,94.11570247933884
1,2026-04-21,LABORAL,11:00,177.0,82.27187472073585,92.92561983471074
1,2026-04-21,LABORAL,11:30,48.0,93.4145500258731,98.53719008264463
1,2026-04-21,LABORAL,12:00,74.0,87.8016749756386,108.62809917355372
1,2026-04-21,LABORAL,12:30,130.0,128.61790676604113,129.5206611570248
1,2026-04-21,LABORAL,13:00,107.0,131.57628820337501,138.15702479338842
1,2026-04-21,LABORAL,13:30,67.0,125.58288251493559,132.86776859504133
1,2026-04-21,LABORAL,14:00,222.0,136.6003015120295,148.67226890756302
1,2026-04-21,LABORAL,14:30,146.0,154.69514202065005,150.3801652892562
1,2026-04-21,LABORAL,15:00,129.0,168.1397347406537,164.6198347107438
1,2026-04-21,LABORAL,15:30,169.0,174.54922805160317,172.56666666666666
1,2026-04-21,LABORAL,16:00,214.0,130.69073163741,141.05833333333334
1,2026-04-21,LABORAL,16:30,38.0,110.79905656525474,114.69421487603306
1,2026-04-21,LABORAL,17:00,44.0,49.945745506585446,70.00909090909092
1,2026-04-21,LABORAL,17:30,47.0,26.912277046799147,36.0
1,2026-04-22,LABORAL,04:30,123.0,93.52796967806894,113.33884297520662
1,2026-04-22,LABORAL,05:00,112.0,120.25448009956246,115.05833333333334
1,2026-04-22,LABORAL,05:30,144.0,125.6155927885389,133.63636363636363
1,2026-04-22,LABORAL,06:00,115.0,117.3090771757594,129.28099173553719
1,2026-04-22,LABORAL,06:30,123.0,120.06282779242495,132.11570247933884
1,2026-04-22,LABORAL,07:00,147.0,130.36191179881155,127.08333333333333
1,2026-04-22,LABORAL,07:30,93.0,121.79864579415488,133.63636363636363
1,2026-04-22,LABORAL,08:00,169.0,116.10962643375218,130.55
1,2026-04-22,LABORAL,08:30,96.0,127.11077635809539,131.18333333333334
1,2026-04-22,LABORAL,09:00,92.0,135.09160286773033,134.83333333333334
1,2026-04-22,LABORAL,09:30,161.0,108.93690029842507,118.42148760330579
1,2026-04-22,LABORAL,10:00,63.0,83.94368388554145,97.43801652892562
1,2026-04-22,LABORAL,10:30,89.0,89.31292714878283,93.83471074380165
1,2026-04-22,LABORAL,11:00,69.0,73.42186952170205,93.71900826446281
1,2026-04-22,LABORAL,11:30,129.0,90.00847638090003,98.04132231404958
1,2026-04-22,LABORAL,12:00,76.0,82.16324248016724,108.39669421487604
1,2026-04-22,LABORAL,12:30,122.0,138.6888501303697,129.47107438016528
1,2026-04-22,LABORAL,13:00,211.0,130.05537539429255,137.6694214876033
1,2026-04-22,LABORAL,13:30,107.0,119.9039369618345,132.12396694214877
1,2026-04-22,LABORAL,15:00,51.0,127.84082856852183,164.4297520661157
1,2026-04-22,LABORAL,15:30,202.0,168.26287564076605,172.09166666666667
1,2026-04-22,LABORAL,16:00,111.0,151.08519437214844,141.38333333333333
1,2026-04-22,LABORAL,16:30,127.0,177.40280873837702,113.92561983471074
1,2026-04-22,LABORAL,17:00,87.0,126.12777311812687,70.07272727272728
1,2026-04-23,LABORAL,04:30,122.0,96.36563074060867,113.1900826446281
1,2026-04-23,LABORAL,05:00,118.0,114.62165525020794,114.95833333333333
1,2026-04-23,LABORAL,05:30,133.0,111.91009578940962,133.84297520661158
1,2026-04-23,LABORAL,06:00,124.0,108.48267504555493,128.8099173553719
1,2026-04-23,LABORAL,06:30,82.0,118.09051255361773,132.3305785123967
1,2026-04-23,LABORAL,07:00,124.0,107.23358489772293,127.06666666666666
1,2026-04-23,LABORAL,07:30,159.0,101.33500545121136,133.65289256198346
1,2026-04-23,LABORAL,08:00,124.0,107.66091099598017,130.86666666666667
1,2026-04-23,LABORAL,08:30,117.0,105.03819910896918,130.45
1,2026-04-23,LABORAL,09:00,100.0,124.48920087459547,134.45833333333334
1,2026-04-23,LABORAL,09:30,55.0,95.66732385832984,118.77685950413223
1,2026-04-23,LABORAL,10:00,96.0,104.2119131588112,97.42148760330579
1,2026-04-23,LABORAL,10:30,102.0,64.50248892899342,93.72727272727273
1,2026-04-23,LABORAL,11:00,81.0,65.07288625820905,93.77685950413223
1,2026-04-23,LABORAL,11:30,92.0,92.14117183248675,98.79338842975207
1,2026-04-23,LABORAL,12:00,128.0,94.1171923519681,107.97520661157024
1,2026-04-23,LABORAL,12:30,51.0,114.13579863178643,129.55371900826447
1,2026-04-23,LABORAL,13:00,108.0,140.9996755077849,138.05785123966942
1,2026-04-23,LABORAL,13:30,94.0,133.12423964522756,131.98347107438016
1,2026-04-23,LABORAL,14:00,106.0,134.14703634111302,148.6949152542373
1,2026-04-23,LABORAL,14:30,40.0,163.88888159857905,150.09166666666667
1,2026-04-23,LABORAL,15:00,85.0,166.34689493495307,163.32231404958677
1,2026-04-23,LABORAL,16:30,38.0,178.67612825027248,114.1900826446281
1,2026-04-24,LABORAL,04:30,133.0,72.98970429573934,113.0
1,2026-04-24,LABORAL,05:00,111.0,84.5082886174618,114.875
1,2026-04-24,LABORAL,05:30,131.0,83.72848164798792,133.96694214876032
1,2026-04-24,LABORAL,06:00,86.0,77.60756087774331,128.74380165289256
1,2026-04-24,LABORAL,06:30,152.0,91.95782392378722,131.59504132231405
1,2026-04-24,LABORAL,07:00,119.0,75.86779757501249,126.94166666666666
1,2026-04-24,LABORAL,07:30,136.0,77.60288262528856,133.7520661157025
1,2026-04-24,LABORAL,08:00,143.0,80.72666355436559,131.08333333333334
1,2026-04-24,LABORAL,08:30,121.0,76.65710609965149,130.20833333333334
1,2026-04-24,LABORAL,09:00,82.0,87.14340897697825,134.16666666666666
1,2026-04-24,LABORAL,09:30,82.0,76.28483385519564,118.67768595041322
1,2026-04-24,LABORAL,10:00,109.0,88.69330302195507,97.0
1,2026-04-24,LABORAL,10:30,97.0,51.15846820902167,94.11570247933884
1,2026-04-24,LABORAL,11:00,122.0,60.18488148840252,93.85950413223141
1,2026-04-24,LABORAL,11:30,78.0,75.32221928514898,98.60330578512396
1,2026-04-24,LABORAL,12:00,117.0,80.5335207413691,108.01652892561984
1,2026-04-24,LABORAL,12:30,94.0,85.55941590717376,129.0
1,2026-04-24,LABORAL,13:00,82.0,106.73719982892774,137.5206611570248
1,2026-04-24,LABORAL,13:30,172.0,96.26361175163915,131.52892561983472
1,2026-04-24,LABORAL,14:00,128.0,88.988732221521,148.48305084745763
1,2026-04-24,LABORAL,14:30,160.0,119.5134469724862,149.10833333333332
1,2026-04-24,LABORAL,15:00,204.0,103.3618086190834,162.28099173553719
1,2026-04-24,LABORAL,15:30,124.0,104.33521569157016,172.8403361344538
1,2026-04-24,LABORAL,16:00,141.0,82.52863051408289,139.61344537815125
1,2026-04-24,LABORAL,16:30,93.0,68.26983615922921,113.70247933884298
1,2026-04-25,SABADO,04:30,47.0,76.684143447323,73.04
1,2026-04-25,SABADO,05:00,105.0,63.446611920340416,58.24
1,2026-04-25,SABADO,05:30,87.0,94.20902019007008,93.34615384615384
1,2026-04-25,SABADO,06:00,107.0,88.75780734379711,87.96153846153847
1,2026-04-25,SABADO,06:30,122.0,96.52272019249807,108.5
1,2026-04-25,SABADO,07:00,115.0,98.93248440469019,101.92307692307692
1,2026-04-25,SABADO,07:30,34.0,96.40733954938852,104.61538461538461
1,2026-04-25,SABADO,08:00,124.0,95.29878712509881,97.84615384615384
1,2026-04-25,SABADO,08:30,111.0,88.3363477493103,93.23076923076923
1,2026-04-25,SABADO,09:00,86.0,90.69200379363389,95.26923076923077
1,2026-04-25,SABADO,09:30,43.0,81.15629692978538,88.57692307692308
1,2026-04-25,SABADO,10:00,99.0,64.84424315397712,75.5
1,2026-04-25,SABADO,10:30,113.0,82.23596981562318,90.41666666666667
1,2026-04-25,SABADO,11:00,50.0,77.90265630137102,88.11538461538461
1,2026-04-25,SABADO,11:30,44.0,69.74737961072002,81.12
1,2026-04-25,SABADO,12:00,77.0,83.36852778806448,89.07692307692308
1,2026-04-25,SABADO,12:30,74.0,90.81958316356406,91.21739130434783
1,2026-04-25,SABADO,13:00,60.0,81.84477021420784,67.30434782608695
1,2026-04-25,SABADO,13:30,81.0,81.10166545731565,68.56
1,2026-04-25,SABADO,14:00,36.0,97.2252990187552,80.04166666666667
1,2026-04-25,SABADO,14:30,96.0,99.59631042436978,73.08
1,2026-04-25,SABADO,15:00,28.0,79.14968581841758,67.41666666666667
1,2026-04-25,SABADO,15:30,37.0,117.99064744872588,59.0
1,2026-04-25,SABADO,16:00,18.0,65.33871328968684,55.34782608695652
1,2026-04-25,SABADO,16:30,84.0,66.39793680681629,73.5
1,2026-04-25,SABADO,17:30,26.0,44.81045927753237,33.0
1,2026-04-26,DOMINGO,07:30,25.0,29.0669418880926,30.083333333333332
1,2026-04-26,DOMINGO,08:00,27.0,25.144924765002145,39.61904761904762
1,2026-04-26,DOMINGO,08:30,12.0,32.27189916926403,44.69565217391305
1,2026-04-26,DOMINGO,10:00,55.0,31.023922023559635,34.56521739130435
1,2026-04-26,DOMINGO,11:00,20.0,32.20359266474901,36.21052631578947
1,2026-04-26,DOMINGO,12:30,30.0,32.22279015664964,37.9
1,2026-04-26,DOMINGO,13:00,32.0,25.640939200179574,33.07142857142857
1,2026-04-26,DOMINGO,13:30,24.0,33.75950367498146,29.72222222222222
1,2026-04-26,DOMINGO,15:00,27.0,34.69538445235838,41.88235294117647
1,2026-04-27,LABORAL,04:30,69.0,107.97733030323323,112.90082644628099
1,2026-04-27,LABORAL,05:00,137.0,104.25102050820126,114.79166666666667
1,2026-04-27,LABORAL,05:30,124.0,120.48321285059932,133.900826446281
1,2026-04-27,LABORAL,06:00,129.0,116.30452590400395,128.28099173553719
1,2026-04-27,LABORAL,06:30,144.0,133.8167678435326,132.0082644628099
1,2026-04-27,LABORAL,07:00,126.0,135.5530979444172,127.075
1,2026-04-27,LABORAL,07:30,88.0,131.01701350843223,133.51239669421489
1,2026-04-27,LABORAL,08:00,78.0,131.0869518117678,131.15
1,2026-04-27,LABORAL,08:30,118.0,128.35415045961795,130.00833333333333
1,2026-04-27,LABORAL,09:00,104.0,127.95778202405667,133.95
1,2026-04-27,LABORAL,09:30,177.0,123.9060398745095,118.24793388429752
1,2026-04-27,LABORAL,10:00,46.0,95.28656088157051,96.93388429752066
1,2026-04-27,LABORAL,10:30,162.0,85.44874585260612,94.31404958677686
1,2026-04-27,LABORAL,11:00,27.0,91.59086397506266,94.61157024793388
1,2026-04-27,LABORAL,11:30,110.0,93.56958804982884,98.3305785123967
1,2026-04-27,LABORAL,12:00,86.0,120.58580958215536,108.14049586776859
1,2026-04-27,LABORAL,12:30,72.0,128.76063937548253,128.86776859504133
1,2026-04-27,LABORAL,13:00,126.0,123.69595176800536,137.21487603305786
1,2026-04-27,LABORAL,13:30,148.0,146.91677188217068,131.5702479338843
1,2026-04-27,LABORAL,14:00,97.0,147.87857617677648,148.04237288135593
1,2026-04-27,LABORAL,14:30,211.0,122.76770638169529,148.61666666666667
1,2026-04-27,LABORAL,15:00,168.0,181.6936786850828,162.51239669421489
1,2026-04-27,LABORAL,15:30,160.0,159.02787480712522,172.16806722689077
1,2026-04-27,LABORAL,16:00,125.0,155.04521626796085,140.2941176470588
1,2026-04-27,LABORAL,16:30,84.0,101.6753258384674,113.81818181818181
1,2026-04-27,LABORAL,17:00,56.0,69.07585235377309,70.63888888888889
1,2026-04-27,LABORAL,18:00,25.0,29.732580564549153,26.0
1,2026-04-28,LABORAL,04:30,133.0,115.9694630238274,112.40495867768595
1,2026-04-28,LABORAL,05:00,129.0,120.8857509363622,115.15833333333333
1,2026-04-28,LABORAL,05:30,182.0,133.31811063412243,133.64462809917356
1,2026-04-28,LABORAL,06:00,156.0,126.42864699372737,128.11570247933884
1,2026-04-28,LABORAL,06:30,48.0,136.1050470491344,132.44628099173553
1,2026-04-28,LABORAL,07:00,148.0,133.08626911341074,127.61666666666666
1,2026-04-28,LABORAL,07:30,118.0,136.4090736475382,133.10743801652893
1,2026-04-28,LABORAL,08:00,113.0,125.8380810537287,130.475
1,2026-04-28,LABORAL,08:30,127.0,132.32575723763776,130.0
1,2026-04-28,LABORAL,09:00,202.0,136.53995733761894,133.675
1,2026-04-28,LABORAL,09:30,142.0,120.77627445511824,118.63636363636364
1,2026-04-28,LABORAL,10:00,43.0,88.33359836634713,96.47107438016529
1,2026-04-28,LABORAL,10:30,116.0,104.32525772736552,95.07438016528926
1,2026-04-28,LABORAL,11:00,82.0,92.33564669687232,93.90082644628099
1,2026-04-28,LABORAL,11:30,117.0,95.71472770960621,98.3305785123967
1,2026-04-28,LABORAL,12:00,88.0,105.21071159161441,108.00826446280992
1,2026-04-28,LABORAL,12:30,199.0,132.38977142699795,128.6198347107438
1,2026-04-28,LABORAL,13:00,90.0,139.33987992833707,136.72727272727272
1,2026-04-28,LABORAL,13:30,76.0,128.379684906906,131.94214876033058
1,2026-04-28,LABORAL,14:00,148.0,148.59626551296532,146.79661016949152
1,2026-04-28,LABORAL,14:30,160.0,145.328224386467,149.04166666666666
1,2026-04-28,LABORAL,15:00,159.0,169.41705562746256,163.01652892561984
1,2026-04-28,LABORAL,15:30,217.0,168.86357670441194,171.9327731092437
1,2026-04-28,LABORAL,16:00,103.0,135.08974896846507,140.27731092436974
1,2026-04-28,LABORAL,16:30,127.0,114.3183792297085,113.47107438016529
1,2026-04-28,LABORAL,17:30,49.0,62.6261014870301,36.333333333333336
1,2026-04-29,LABORAL,04:30,73.0,117.64029456284756,112.10743801652893
1,2026-04-29,LABORAL,05:00,128.0,123.63261191650325,115.45833333333333
1,2026-04-29,LABORAL,05:30,132.0,136.94358728266542,133.91735537190084
1,2026-04-29,LABORAL,06:00,127.0,129.4530585101623,128.0909090909091
1,2026-04-29,LABORAL,06:30,129.0,139.73243380709985,131.9504132231405
1,2026-04-29,LABORAL,07:00,108.0,137.92696708740402,127.58333333333333
1,2026-04-29,LABORAL,07:30,147.0,137.25874453845307,132.77685950413223
1,2026-04-29,LABORAL,08:00,134.0,129.2628199932577,130.10833333333332
1,2026-04-29,LABORAL,08:30,112.0,128.56315124678304,129.91666666666666
1,2026-04-29,LABORAL,09:00,79.0,140.18622634525985,133.6
1,2026-04-29,LABORAL,09:30,138.0,122.9481326104733,119.0909090909091
1,2026-04-29,LABORAL,10:00,115.0,90.7537766208342,96.05785123966942
1,2026-04-29,LABORAL,10:30,86.0,103.63504649816632,95.14049586776859
1,2026-04-29,LABORAL,11:00,109.0,89.6697168379784,93.7603305785124
1,2026-04-29,LABORAL,11:30,78.0,100.28358078205856,98.19834710743801
1,2026-04-29,LABORAL,12:00,65.0,108.43805635683856,108.00826446280992
1,2026-04-29,LABORAL,12:30,127.0,135.06826316451404,129.52892561983472
1,2026-04-29,LABORAL,13:00,125.0,146.24018352165572,136.63636363636363
1,2026-04-29,LABORAL,13:30,110.0,132.62612834979248,131.44628099173553
1,2026-04-29,LABORAL,14:00,179.0,148.76526256150788,147.22033898305085
1,2026-04-29,LABORAL,14:30,156.0,150.8583955099669,148.75
1,2026-04-29,LABORAL,15:00,220.0,164.84379300998748,163.07438016528926
1,2026-04-29,LABORAL,15:30,140.0,174.68289104683186,171.52941176470588
1,2026-04-29,LABORAL,16:00,138.0,137.87439716894866,140.74789915966386
1,2026-04-29,LABORAL,16:30,57.0,113.88986588882383,113.28099173553719
1,2026-04-29,LABORAL,17:00,76.0,57.8049223044764,70.32407407407408
1,2026-04-30,LABORAL,04:30,80.0,107.23866380523057,111.46280991735537
1,2026-04-30,LABORAL,05:00,114.0,120.3657000406554,115.325
1,2026-04-30,LABORAL,05:30,161.0,132.2385880563803,133.95867768595042
1,2026-04-30,LABORAL,06:00,143.0,119.33069014366193,127.86776859504133
1,2026-04-30,LABORAL,06:30,141.0,122.55406091180268,132.23140495867767
1,2026-04-30,LABORAL,07:00,80.0,134.95226607195843,127.65833333333333
1,2026-04-30,LABORAL,07:30,164.0,127.53313179029946,133.25619834710744
1,2026-04-30,LABORAL,08:00,122.0,121.79764474532797,130.33333333333334
1,2026-04-30,LABORAL,08:30,217.0,117.43627471258858,129.58333333333334
1,2026-04-30,LABORAL,09:00,67.0,132.31618978661592,133.05
1,2026-04-30,LABORAL,09:30,178.0,101.77874965822534,119.69421487603306
1,2026-04-30,LABORAL,10:00,66.0,100.75954086342594,96.32231404958678
1,2026-04-30,LABORAL,10:30,86.0,85.36671188180208,94.96694214876032
1,2026-04-30,LABORAL,11:00,100.0,89.42592477609422,94.05785123966942
1,2026-04-30,LABORAL,11:30,125.0,91.11060637753367,97.93388429752066
1,2026-04-30,LABORAL,12:30,235.0,96.4424276271139,129.2479338842975
1,2026-04-30,LABORAL,13:00,90.0,127.61490754030002,136.54545454545453
1,2026-04-30,LABORAL,13:30,228.0,129.82086784587952,131.67768595041323
1,2026-04-30,LABORAL,14:00,104.0,132.76916233300415,147.45762711864407
1,2026-04-30,LABORAL,14:30,177.0,123.6252240657565,148.6
1,2026-04-30,LABORAL,15:00,194.0,169.2819943390857,163.16528925619835
1,2026-04-30,LABORAL,15:30,161.0,156.85400587220576,171.1596638655462
1,2026-04-30,LABORAL,16:00,52.0,174.59224931209212,141.41176470588235
1,2026-04-30,LABORAL,16:30,47.0,135.27813209968,112.37190082644628
1,2026-04-30,LABORAL,17:00,105.0,98.21550323726514,70.37962962962963
1,2026-05-01,FESTIVO,07:00,15.0,39.44728369133537,65.0
1,2026-05-01,FESTIVO,07:30,56.0,18.6573536147352,23.0
1,2026-05-01,FESTIVO,08:00,21.0,20.650197672534546,17.0
1,2026-05-01,FESTIVO,08:30,24.0,19.026690393537677,27.0
1,2026-05-01,FESTIVO,09:00,52.0,37.371577993503664,18.666666666666668
1,2026-05-01,FESTIVO,09:30,32.0,18.267424722875973,20.5
1,2026-05-01,FESTIVO,10:00,21.0,37.77997402873994,21.0
1,2026-05-01,FESTIVO,10:30,73.0,28.13213676122615,17.5
1,2026-05-01,FESTIVO,11:00,32.0,26.52644513060423,17.5
1,2026-05-01,FESTIVO,11:30,47.0,31.169309041163075,28.0
1,2026-05-01,FESTIVO,12:00,23.0,15.312809646054532,18.5
1,2026-05-01,FESTIVO,12:30,27.0,50.17992711345312,30.0
1,2026-05-01,FESTIVO,13:30,37.0,31.81925750371684,41.0
1,2026-05-01,FESTIVO,14:00,33.0,36.128470730868145,23.0
1,2026-05-01,FESTIVO,14:30,37.0,67.59036995205484,27.5
1,2026-05-01,FESTIVO,15:00,64.0,56.70027175653443,27.0
1,2026-05-01,FESTIVO,16:00,30.0,32.50271229334079,107.00816231343283
1,2026-05-02,SABADO,04:30,56.0,56.0549000517531,72.08
1,2026-05-02,SABADO,05:00,97.0,46.72651151724831,58.76
1,2026-05-02,SABADO,05:30,65.0,60.28109812102294,92.11538461538461
1,2026-05-02,SABADO,06:00,83.0,61.139670594006866,88.5
1,2026-05-02,SABADO,06:30,72.0,69.37384454278849,109.15384615384616
1,2026-05-02,SABADO,07:00,105.0,58.451099459168766,101.11538461538461
1,2026-05-02,SABADO,07:30,39.0,54.95327325076668,102.03846153846153
1,2026-05-02,SABADO,08:00,109.0,57.59989355972851,99.3076923076923
1,2026-05-02,SABADO,08:30,111.0,63.778620051294354,95.1923076923077
1,2026-05-02,SABADO,09:00,164.0,57.8819806863341,95.03846153846153
1,2026-05-02,SABADO,09:30,32.0,60.537154253549225,87.34615384615384
1,2026-05-02,SABADO,10:00,29.0,54.30098613647441,76.6923076923077
1,2026-05-02,SABADO,10:30,115.0,41.27724315947674,91.29166666666667
1,2026-05-02,SABADO,11:00,86.0,59.49890250161995,84.46153846153847
1,2026-05-02,SABADO,11:30,76.0,54.68414532974657,80.48
1,2026-05-02,SABADO,12:00,74.0,75.25139654061145,86.96153846153847
1,2026-05-02,SABADO,12:30,86.0,69.8241122777812,91.82608695652173
1,2026-05-02,SABADO,13:00,39.0,56.35993279219296,68.0
1,2026-05-02,SABADO,13:30,72.0,74.2912742842958,70.08
1,2026-05-02,SABADO,14:00,60.0,80.42407912038006,76.54166666666667
1,2026-05-02,SABADO,14:30,79.0,93.15714215636184,75.24
1,2026-05-02,SABADO,15:00,51.0,76.46687813253413,64.45833333333333
1,2026-05-02,SABADO,15:30,80.0,113.94178944186,58.083333333333336
1,2026-05-02,SABADO,16:00,29.0,55.99058782605347,54.21739130434783
1,2026-05-02,SABADO,16:30,62.0,54.35424698046789,71.83333333333333
1,2026-05-02,SABADO,17:00,29.0,55.65922285618494,42.785714285714285
1,2026-05-05,LABORAL,04:30,132.0,105.06801373297655,111.22314049586777
1,2026-05-05,LABORAL,05:00,163.0,127.3101078303325,115.25
1,2026-05-05,LABORAL,05:30,95.0,137.99828863031541,133.95867768595042
1,2026-05-05,LABORAL,06:00,96.0,132.91289070543456,128.11570247933884
1,2026-05-05,LABORAL,06:30,173.0,137.34161539826908,132.06611570247935
1,2026-05-05,LABORAL,07:00,61.0,141.88971106370653,126.85
1,2026-05-05,LABORAL,07:30,154.0,146.50579738608397,133.17355371900825
1,2026-05-05,LABORAL,08:00,123.0,136.42517152896016,130.26666666666668
1,2026-05-05,LABORAL,08:30,229.0,124.78537823709178,129.625
1,2026-05-05,LABORAL,09:00,115.0,141.84889794515783,133.24166666666667
1,2026-05-05,LABORAL,09:30,154.0,126.04918209327914,119.38842975206612
1,2026-05-05,LABORAL,10:00,101.0,78.19510749068557,96.61157024793388
1,2026-05-05,LABORAL,11:00,132.0,110.653971842396,94.3801652892562
1,2026-05-05,LABORAL,11:30,94.0,90.94375884521605,98.11570247933884
1,2026-05-05,LABORAL,12:00,172.0,95.29945994770365,107.9
1,2026-05-05,LABORAL,12:30,112.0,98.70737195686154,130.51239669421489
1,2026-05-05,LABORAL,13:00,90.0,138.87808102658104,134.45454545454547
1,2026-05-05,LABORAL,13:30,173.0,143.85013300264944,132.50413223140495
1,2026-05-05,LABORAL,14:00,115.0,113.63271189376194,146.55084745762713
1,2026-05-05,LABORAL,14:30,140.0,143.18588847504282,149.11666666666667
1,2026-05-05,LABORAL,15:00,181.0,152.53880018050944,163.28925619834712
1,2026-05-05,LABORAL,15:30,199.0,174.89480648831227,171.2268907563025
1,2026-05-05,LABORAL,16:00,156.0,166.47552582528323,141.0252100840336
1,2026-05-05,LABORAL,16:30,153.0,137.4976136834189,110.17355371900827
1,2026-05-05,LABORAL,17:00,36.0,119.89759354238382,71.23148148148148
1,2026-05-06,LABORAL,04:30,124.0,107.68493485502833,111.28099173553719
1,2026-05-06,LABORAL,05:00,91.0,121.32508371395949,115.51666666666667
1,2026-05-06,LABORAL,05:30,155.0,133.48790166801214,133.1900826446281
1,2026-05-06,LABORAL,06:00,107.0,123.18934036962679,127.35537190082644
1,2026-05-06,LABORAL,06:30,123.0,122.59740726473989,132.28925619834712
1,2026-05-06,LABORAL,07:00,96.0,129.47948381894116,125.85
1,2026-05-06,LABORAL,07:30,173.0,129.18278799848645,132.6198347107438
1,2026-05-06,LABORAL,08:00,123.0,110.07300165987574,129.91666666666666
1,2026-05-06,LABORAL,08:30,150.0,124.27300092701634,130.28333333333333
1,2026-05-06,LABORAL,09:00,92.0,130.20174602567843,133.41666666666666
1,2026-05-06,LABORAL,09:30,30.0,108.19391523350897,119.49586776859505
1,2026-05-06,LABORAL,10:00,32.0,95.3542629587874,96.43801652892562
1,2026-05-06,LABORAL,10:30,57.0,82.00708355705683,94.24166666666666
1,2026-05-06,LABORAL,11:00,79.0,82.43853693293738,94.24793388429752
1,2026-05-06,LABORAL,11:30,117.0,95.93626110815893,97.9504132231405
1,2026-05-06,LABORAL,12:00,166.0,106.14124244846707,108.63333333333334
1,2026-05-06,LABORAL,12:30,64.0,123.37102473621033,130.12396694214877
1,2026-05-06,LABORAL,13:00,109.0,146.08010749351598,133.40495867768595
1,2026-05-06,LABORAL,13:30,157.0,147.22737441427876,132.8595041322314
1,2026-05-06,LABORAL,14:00,198.0,152.76640804894146,146.45762711864407
1,2026-05-06,LABORAL,14:30,74.0,155.32449602800952,148.51666666666668
1,2026-05-06,LABORAL,15:00,137.0,194.48184584040837,163.55371900826447
1,2026-05-06,LABORAL,16:00,97.0,190.76578595051612,141.3613445378151
1,2026-05-06,LABORAL,16:30,81.0,152.4911977021925,109.94214876033058
1,2026-05-06,LABORAL,17:00,58.0,115.64621180573884,70.51851851851852
1,2026-05-07,LABORAL,04:30,111.0,102.1936105527257,110.7107438016529
1,2026-05-07,LABORAL,05:00,67.0,101.95481118024955,115.51666666666667
1,2026-05-07,LABORAL,05:30,166.0,122.01709782004056,133.39669421487602
1,2026-05-07,LABORAL,06:00,100.0,111.51883227127003,126.9090909090909
1,2026-05-07,LABORAL,06:30,131.0,130.5920427559713,131.98347107438016
1,2026-05-07,LABORAL,07:00,84.0,121.84000985647185,125.525
1,2026-05-07,LABORAL,07:30,113.0,117.63302793880604,132.87603305785123
1,2026-05-07,LABORAL,08:00,134.0,115.7642213530487,129.0
1,2026-05-07,LABORAL,08:30,151.0,110.59032700586265,130.725
1,2026-05-07,LABORAL,09:00,117.0,118.87212530025575,133.11666666666667
1,2026-05-07,LABORAL,09:30,75.0,107.12487462031967,118.48760330578513
1,2026-05-07,LABORAL,10:00,113.0,93.59508105252165,95.99173553719008
1,2026-05-07,LABORAL,10:30,108.0,79.49902402819798,93.71666666666667
1,2026-05-07,LABORAL,11:00,78.0,77.76869149213292,93.72727272727273
1,2026-05-07,LABORAL,11:30,88.0,92.53510670614581,98.33884297520662
1,2026-05-07,LABORAL,12:00,162.0,102.96316976903913,108.45
1,2026-05-07,LABORAL,12:30,105.0,115.46329254477084,129.8512396694215
1,2026-05-07,LABORAL,13:00,137.0,125.87940373583771,133.23140495867767
1,2026-05-07,LABORAL,13:30,104.0,124.1348718674686,133.37190082644628
1,2026-05-07,LABORAL,14:00,156.0,123.13380913073811,146.27966101694915
1,2026-05-07,LABORAL,14:30,135.0,135.43197021085004,148.31666666666666
1,2026-05-07,LABORAL,15:00,226.0,139.36188179022,162.9090909090909
1,2026-05-07,LABORAL,15:30,128.0,160.61508743733452,169.79661016949152
1,2026-05-07,LABORAL,16:00,121.0,119.8640880291434,141.05882352941177
1,2026-05-07,LABORAL,16:30,110.0,93.07728909714103,109.28099173553719
1,2026-05-07,LABORAL,17:00,30.0,57.948587677153654,70.31481481481481
1,2026-05-07,LABORAL,17:30,32.0,34.8532144722158,36.77777777777778
1,2026-05-08,LABORAL,04:30,128.0,115.59165814839373,110.50413223140495
1,2026-05-08,LABORAL,05:00,170.0,104.05771697792308,115.08333333333333
1,2026-05-08,LABORAL,05:30,43.0,127.66033350194274,133.1487603305785
1,2026-05-08,LABORAL,06:00,165.0,124.63566011762006,126.36363636363636
1,2026-05-08,LABORAL,06:30,106.0,140.78413167932794,131.86776859504133
1,2026-05-08,LABORAL,07:00,141.0,135.38435739006005,125.81666666666666
1,2026-05-08,LABORAL,07:30,97.0,124.25345407112509,132.9504132231405
1,2026-05-08,LABORAL,08:00,111.0,141.53837561880007,129.70833333333334
1,2026-05-08,LABORAL,08:30,156.0,117.07996704515321,130.89256198347107
1,2026-05-08,LABORAL,09:00,133.0,136.73358434391767,133.0
1,2026-05-08,LABORAL,09:30,71.0,108.78992485209186,118.39669421487604
1,2026-05-08,LABORAL,10:00,102.0,95.7435368997018,95.83471074380165
1,2026-05-08,LABORAL,10:30,85.0,92.94105889730686,93.70833333333333
1,2026-05-08,LABORAL,11:00,65.0,87.90619395394671,93.1900826446281
1,2026-05-08,LABORAL,11:30,101.0,103.58334246866042,98.36363636363636
1,2026-05-08,LABORAL,12:00,94.0,107.07242225216869,109.04166666666667
1,2026-05-08,LABORAL,12:30,151.0,116.49516046454083,129.48760330578511
1,2026-05-08,LABORAL,13:00,107.0,127.28568356479127,132.71900826446281
1,2026-05-08,LABORAL,13:30,191.0,136.07895037029576,133.3801652892562
1,2026-05-08,LABORAL,14:00,155.0,119.1447375306759,146.27966101694915
1,2026-05-08,LABORAL,14:30,99.0,158.11000285325173,148.0
1,2026-05-08,LABORAL,15:00,247.0,133.21524063265116,163.25619834710744
1,2026-05-08,LABORAL,15:30,88.0,152.32157445685564,169.53389830508473
1,2026-05-08,LABORAL,16:00,94.0,115.6352484233352,140.8403361344538
1,2026-05-08,LABORAL,16:30,50.0,89.64686771922266,109.15702479338843
1,2026-05-08,LABORAL,17:00,79.0,58.817345419427056,69.87962962962963
1,2026-05-09,SABADO,04:30,49.0,72.45052957501782,71.12
1,2026-05-09,SABADO,05:00,69.0,61.41152226332696,59.84
1,2026-05-09,SABADO,05:30,87.0,85.91124781065317,89.03846153846153
1,2026-05-09,SABADO,06:00,124.0,83.78390580025425,88.07692307692308
1,2026-05-09,SABADO,06:30,77.0,92.97713704851176,108.53846153846153
1,2026-05-09,SABADO,07:00,149.0,93.25375817317104,99.57692307692308
1,2026-05-09,SABADO,07:30,54.0,87.77978570677212,100.6923076923077
1,2026-05-09,SABADO,08:00,114.0,88.89462192902451,97.03846153846153
1,2026-05-09,SABADO,08:30,115.0,81.19920835653083,97.6923076923077
1,2026-05-09,SABADO,09:00,101.0,86.17917712349227,95.5
1,2026-05-09,SABADO,09:30,109.0,73.27891221097089,82.8076923076923
1,2026-05-09,SABADO,10:00,116.0,69.74464335478368,76.46153846153847
1,2026-05-09,SABADO,10:30,49.0,75.35230660126015,90.95833333333333
1,2026-05-09,SABADO,11:00,89.0,76.12066216423766,84.3076923076923
1,2026-05-09,SABADO,11:30,106.0,65.02761694353319,80.16
1,2026-05-09,SABADO,12:00,45.0,84.46684505046568,88.07692307692308
1,2026-05-09,SABADO,12:30,25.0,82.7481957637928,92.3913043478261
1,2026-05-09,SABADO,13:00,116.0,69.19617738848403,65.43478260869566
1,2026-05-09,SABADO,13:30,52.0,72.27116163843236,70.44
1,2026-05-09,SABADO,14:00,59.0,79.78104656146111,73.66666666666667
1,2026-05-09,SABADO,14:30,44.0,88.05554607721375,75.76
1,2026-05-09,SABADO,15:00,46.0,66.98495397668617,63.5
1,2026-05-09,SABADO,15:30,35.0,99.40841417199773,58.5
1,2026-05-09,SABADO,16:00,19.0,52.134545047026435,54.0
1,2026-05-09,SABADO,17:00,46.0,54.930702113429,44.57142857142857
1,2026-05-10,DOMINGO,07:00,45.0,27.377964235148866,34.473684210526315
1,2026-05-10,DOMINGO,08:00,27.0,28.354495892583884,37.523809523809526
1,2026-05-10,DOMINGO,09:00,28.0,30.78586189771572,33.93333333333333
1,2026-05-10,DOMINGO,09:30,62.0,29.84017724563499,37.11764705882353
1,2026-05-10,DOMINGO,10:00,25.0,33.13542150055922,35.27272727272727
1,2026-05-10,DOMINGO,10:30,30.0,27.008694722045334,34.42857142857143
1,2026-05-10,DOMINGO,11:30,39.0,26.032054998028684,36.6
1,2026-05-10,DOMINGO,12:00,31.0,27.197006744221753,33.11764705882353
1,2026-05-10,DOMINGO,13:00,62.0,34.13249781590049,32.0
1,2026-05-10,DOMINGO,14:30,23.0,29.401240809578724,42.0
1,2026-05-11,LABORAL,04:30,97.0,121.03359055371946,109.99173553719008
1,2026-05-11,LABORAL,05:00,109.0,117.87469475069553,115.78333333333333
1,2026-05-11,LABORAL,05:30,86.0,147.62907343972384,132.35537190082644
1,2026-05-11,LABORAL,06:00,106.0,135.21944714955586,126.42148760330579
1,2026-05-11,LABORAL,06:30,103.0,162.45253282817347,131.4297520661157
1,2026-05-11,LABORAL,07:00,102.0,146.93575013605377,126.24166666666666
1,2026-05-11,LABORAL,07:30,191.0,152.7357569844576,132.6694214876033
1,2026-05-11,LABORAL,08:00,96.0,150.79615839650626,128.9
1,2026-05-11,LABORAL,08:30,127.0,147.19965158983945,131.31404958677686
1,2026-05-11,LABORAL,09:00,144.0,147.90080486067444,133.19166666666666
1,2026-05-11,LABORAL,09:30,70.0,131.14332554801933,117.97520661157024
1,2026-05-11,LABORAL,10:00,107.0,108.80852793631782,95.67768595041322
1,2026-05-11,LABORAL,10:30,105.0,94.17576018438018,93.79166666666667
1,2026-05-11,LABORAL,11:00,39.0,93.89171572677276,92.80165289256199
1,2026-05-11,LABORAL,11:30,87.0,109.7638744785213,98.39669421487604
1,2026-05-11,LABORAL,12:00,43.0,131.4733083177822,108.39166666666667
1,2026-05-11,LABORAL,12:30,124.0,133.9160416595535,129.93388429752065
1,2026-05-11,LABORAL,13:00,98.0,128.00311796796962,131.96694214876032
1,2026-05-11,LABORAL,13:30,116.0,151.40099555684898,133.83471074380165
1,2026-05-11,LABORAL,14:00,211.0,166.90680126621004,146.35593220338984
1,2026-05-11,LABORAL,14:30,40.0,142.2412685249327,147.275
1,2026-05-11,LABORAL,15:00,163.0,191.390306056813,163.53719008264463
1,2026-05-11,LABORAL,15:30,170.0,177.49645764142602,168.5084745762712
1,2026-05-11,LABORAL,16:00,82.0,164.67986242065268,140.47058823529412
1,2026-05-11,LABORAL,16:30,100.0,120.13123568132912,108.30578512396694
1,2026-05-11,LABORAL,17:00,29.0,72.11788303760787,69.96330275229357
1,2026-05-12,LABORAL,04:30,128.0,105.79678310152785,109.6694214876033
1,2026-05-12,LABORAL,05:00,135.0,111.91399229112454,115.99166666666666
1,2026-05-12,LABORAL,05:30,137.0,130.4301439419445,131.31404958677686
1,2026-05-12,LABORAL,06:00,139.0,118.50301132580977,126.0
1,2026-05-12,LABORAL,06:30,138.0,132.8474062381765,131.099173553719
1,2026-05-12,LABORAL,07:00,113.0,126.27426438312833,126.03333333333333
1,2026-05-12,LABORAL,07:30,153.0,133.94109306474323,132.9504132231405
1,2026-05-12,LABORAL,08:00,147.0,124.87733243808418,129.175
1,2026-05-12,LABORAL,08:30,59.0,121.61645114771643,130.97520661157026
1,2026-05-12,LABORAL,09:00,103.0,127.21244948144853,132.94166666666666
1,2026-05-12,LABORAL,09:30,148.0,116.63854225445453,117.88429752066116
1,2026-05-12,LABORAL,10:00,96.0,88.99934215481147,95.62809917355372
1,2026-05-12,LABORAL,10:30,77.0,92.09282509794258,94.26666666666667
1,2026-05-12,LABORAL,11:00,99.0,86.93216340803535,91.7603305785124
1,2026-05-12,LABORAL,11:30,112.0,87.68861563449485,98.19834710743801
1,2026-05-12,LABORAL,12:00,91.0,104.47351030468158,108.14166666666667
1,2026-05-12,LABORAL,12:30,93.0,123.34380567681728,129.80165289256198
1,2026-05-12,LABORAL,13:00,155.0,135.0764571123326,131.62809917355372
1,2026-05-12,LABORAL,13:30,91.0,126.95176782202459,132.89256198347107
1,2026-05-12,LABORAL,14:00,118.0,140.3202464274332,146.9322033898305
1,2026-05-12,LABORAL,14:30,193.0,141.8455552085871,146.6
1,2026-05-12,LABORAL,15:00,169.0,158.9472544391229,163.36363636363637
1,2026-05-12,LABORAL,15:30,137.0,159.63072721689124,168.48305084745763
1,2026-05-12,LABORAL,16:00,91.0,130.41086901582315,139.9075630252101
1,2026-05-12,LABORAL,16:30,45.0,100.53861157018036,108.23140495867769
1,2026-05-12,LABORAL,17:00,61.0,57.87068044937137,69.5909090909091
1,2026-05-13,LABORAL,04:30,63.0,107.03356838418118,109.72727272727273
1,2026-05-13,LABORAL,05:00,145.0,119.78558528244118,115.99166666666666
1,2026-05-13,LABORAL,05:30,93.0,132.68131657481393,131.03305785123968
1,2026-05-13,LABORAL,06:00,96.0,118.78107093816018,125.97520661157024
1,2026-05-13,LABORAL,06:30,183.0,133.05723414551824,131.0495867768595
1,2026-05-13,LABORAL,07:00,76.0,131.2057991855305,125.76666666666667
1,2026-05-13,LABORAL,07:30,173.0,132.32774891137353,133.13223140495867
1,2026-05-13,LABORAL,08:00,93.0,124.94918879334593,129.225
1,2026-05-13,LABORAL,08:30,150.0,121.355204461756,130.34710743801654
1,2026-05-13,LABORAL,09:00,56.0,131.21723245014547,132.70833333333334
1,2026-05-13,LABORAL,09:30,119.0,111.78287862351391,118.44628099173553
1,2026-05-13,LABORAL,10:00,118.0,90.67953022860067,95.69421487603306
1,2026-05-13,LABORAL,10:30,62.0,88.43151732469074,93.525
1,2026-05-13,LABORAL,11:00,175.0,80.09773370409079,91.7603305785124
1,2026-05-13,LABORAL,11:30,63.0,95.2550317179421,98.4297520661157
1,2026-05-13,LABORAL,12:00,124.0,102.67483523929145,107.94166666666666
1,2026-05-13,LABORAL,12:30,73.0,118.82197793648078,129.45454545454547
1,2026-05-13,LABORAL,13:00,127.0,136.75009000947728,131.73553719008265
1,2026-05-13,LABORAL,13:30,141.0,127.9580221561728,132.21487603305786
1,2026-05-13,LABORAL,14:00,126.0,134.49014524068284,146.71186440677965
1,2026-05-13,LABORAL,14:30,180.0,152.88413994416652,146.93333333333334
1,2026-05-13,LABORAL,15:00,130.0,155.09137425434332,163.59504132231405
1,2026-05-13,LABORAL,15:30,214.0,168.01982694031005,168.11864406779662
1,2026-05-13,LABORAL,16:00,130.0,130.9628156553698,138.72268907563026
1,2026-05-13,LABORAL,16:30,69.0,101.83209265355437,107.55371900826447
1,2026-05-13,LABORAL,17:00,40.0,52.60669598483185,69.53636363636363
1,2026-05-14,LABORAL,04:30,88.0,112.11024674445137,109.15702479338843
1,2026-05-14,LABORAL,05:00,85.0,113.24115216866511,116.20833333333333
1,2026-05-14,LABORAL,05:30,201.0,133.93478311523563,130.2396694214876
1,2026-05-14,LABORAL,06:00,138.0,120.38532721597177,125.25619834710744
1,2026-05-14,LABORAL,06:30,72.0,137.34452311172103,131.78512396694214
1,2026-05-14,LABORAL,07:00,146.0,136.18751664677615,125.325
1,2026-05-14,LABORAL,07:30,105.0,132.5457163356853,133.6611570247934
1,2026-05-14,LABORAL,08:00,137.0,126.10714873441891,128.525
1,2026-05-14,LABORAL,08:30,124.0,121.0680934353615,130.38842975206612
1,2026-05-14,LABORAL,09:00,83.0,131.03126874116543,131.98333333333332
1,2026-05-14,LABORAL,09:30,113.0,114.1460670956458,118.46280991735537
1,2026-05-14,LABORAL,10:00,105.0,93.90068724339434,95.80165289256199
1,2026-05-14,LABORAL,10:30,105.0,92.31155603920553,93.28333333333333
1,2026-05-14,LABORAL,11:00,66.0,85.20590927594259,92.44628099173553
1,2026-05-14,LABORAL,11:30,101.0,96.15405531603095,98.14876033057851
1,2026-05-14,LABORAL,12:00,96.0,107.66849999786493,108.1
1,2026-05-14,LABORAL,12:30,116.0,123.46388632208944,128.3388429752066
1,2026-05-14,LABORAL,13:00,126.0,137.25679874385725,131.73553719008265
1,2026-05-14,LABORAL,13:30,127.0,127.78379254246076,131.88429752066116
1,2026-05-14,LABORAL,14:00,135.0,133.20037951841238,146.91525423728814
1,2026-05-14,LABORAL,14:30,151.0,145.69018783214878,147.46666666666667
1,2026-05-14,LABORAL,15:00,180.0,148.4143741340389,163.07438016528926
1,2026-05-14,LABORAL,15:30,121.0,163.27985024411845,168.23728813559322
1,2026-05-14,LABORAL,16:00,124.0,127.23215780752442,138.74789915966386
1,2026-05-14,LABORAL,16:30,82.0,101.06899325028941,106.90082644628099
1,2026-05-14,LABORAL,17:00,43.0,56.83087600922318,69.76363636363637
1,2026-05-14,LABORAL,17:30,5.0,33.44596553635027,37.54761904761905
1,2026-05-15,LABORAL,04:30,147.0,99.82648888084798,108.63636363636364
1,2026-05-15,LABORAL,05:00,89.0,93.27061921908142,115.70833333333333
1,2026-05-15,LABORAL,05:30,116.0,119.24466273966956,130.69421487603304
1,2026-05-15,LABORAL,06:00,137.0,108.0788406313373,125.27272727272727
1,2026-05-15,LABORAL,06:30,86.0,129.60817217023782,131.2479338842975
1,2026-05-15,LABORAL,07:00,183.0,123.55696614964651,125.7
1,2026-05-15,LABORAL,07:30,120.0,118.40744899414452,133.77685950413223
1,2026-05-15,LABORAL,08:00,112.0,115.41311584937408,128.35
1,2026-05-15,LABORAL,08:30,84.0,109.24188605244417,130.54545454545453
1,2026-05-15,LABORAL,09:00,136.0,115.6436555711001,131.575
1,2026-05-15,LABORAL,09:30,98.0,102.09429897415238,118.68595041322314
1,2026-05-15,LABORAL,10:00,90.0,91.78593195667239,95.58677685950413
1,2026-05-15,LABORAL,10:30,116.0,86.61752766409741,93.68333333333334
1,2026-05-15,LABORAL,11:00,55.0,81.06678380049026,92.18181818181819
1,2026-05-15,LABORAL,11:30,151.0,87.02669359894863,97.70247933884298
1,2026-05-15,LABORAL,12:00,117.0,102.74709199092231,108.21666666666667
1,2026-05-15,LABORAL,12:30,87.0,106.76348971718728,128.5206611570248
1,2026-05-15,LABORAL,13:00,122.0,115.32606921429239,131.51239669421489
1,2026-05-15,LABORAL,13:30,93.0,112.8594552612449,132.10743801652893
1,2026-05-15,LABORAL,14:00,218.0,111.23741479132518,146.54237288135593
1,2026-05-15,LABORAL,14:30,100.0,126.00583766337112,147.45833333333334
1,2026-05-15,LABORAL,15:00,161.0,117.97430077708056,163.37190082644628
1,2026-05-15,LABORAL,15:30,160.0,132.57044400711214,167.82203389830508
1,2026-05-15,LABORAL,16:00,163.0,100.714452647044,138.56302521008402
1,2026-05-15,LABORAL,16:30,126.0,86.66206039009418,106.54545454545455
1,2026-05-15,LABORAL,17:00,80.0,52.84878319237382,69.52252252252252
1,2026-05-16,SABADO,04:30,26.0,83.37338584156596,69.12
1,2026-05-16,SABADO,05:00,103.0,68.49188487343169,60.52
1,2026-05-16,SABADO,05:30,81.0,97.37039663642484,88.5
1,2026-05-16,SABADO,06:00,33.0,93.53501330990059,89.73076923076923
1,2026-05-16,SABADO,06:30,120.0,105.80470912919927,105.34615384615384
1,2026-05-16,SABADO,07:00,145.0,103.85453893156406,101.6923076923077
1,2026-05-16,SABADO,07:30,128.0,100.9915006427686,98.53846153846153
1,2026-05-16,SABADO,08:00,77.0,101.36103884056244,99.3076923076923
1,2026-05-16,SABADO,08:30,108.0,94.82082801121689,94.88461538461539
1,2026-05-16,SABADO,09:00,113.0,98.79973725171067,95.76923076923077
1,2026-05-16,SABADO,09:30,85.0,83.65183932895863,82.8076923076923
1,2026-05-16,SABADO,10:00,83.0,67.60114506421178,77.96153846153847
1,2026-05-16,SABADO,10:30,90.0,87.83253804574888,89.0
1,2026-05-16,SABADO,11:00,100.0,83.64378705846099,85.26923076923077
1,2026-05-16,SABADO,11:30,103.0,69.14149402715343,80.4
1,2026-05-16,SABADO,12:00,118.0,86.74900383122866,85.57692307692308
1,2026-05-16,SABADO,12:30,110.0,91.55827744549876,88.0
1,2026-05-16,SABADO,13:00,35.0,84.46136554899675,68.17391304347827
1,2026-05-16,SABADO,13:30,48.0,81.15306502340826,70.52
1,2026-05-16,SABADO,14:00,25.0,90.26713705272648,74.5
1,2026-05-16,SABADO,14:30,147.0,96.81840881752052,73.04
1,2026-05-16,SABADO,15:00,42.0,74.99140066205968,62.416666666666664
1,2026-05-16,SABADO,15:30,39.0,104.53483567583191,54.75
1,2026-05-16,SABADO,16:00,45.0,60.626819859727654,52.541666666666664
1,2026-05-16,SABADO,17:00,1.0,72.72254296575802,44.666666666666664
1,2026-05-17,DOMINGO,07:00,20.0,27.206887242260436,35.05263157894737
1,2026-05-17,DOMINGO,07:30,40.0,27.895782101612454,30.363636363636363
1,2026-05-17,DOMINGO,08:00,16.0,34.28644831400739,37.61904761904762
1,2026-05-17,DOMINGO,08:30,59.0,36.06594141894904,42.333333333333336
1,2026-05-17,DOMINGO,10:30,24.0,31.43560175291161,34.22727272727273
1,2026-05-17,DOMINGO,11:30,38.0,32.070697857556496,35.46666666666667
1,2026-05-17,DOMINGO,12:00,26.0,27.314544929252648,33.94117647058823
1,2026-05-17,DOMINGO,16:00,27.0,31.925609717065598,35.666666666666664
1,2026-05-18,FESTIVO_PUENTE,06:30,34.0,80.69267230353064,44.0
1,2026-05-18,FESTIVO_PUENTE,07:00,54.0,87.28776927222899,23.0
1,2026-05-18,FESTIVO_PUENTE,08:00,26.0,105.95218585198853,16.666666666666668
1,2026-05-18,FESTIVO_PUENTE,08:30,20.0,101.80621490901204,23.75
1,2026-05-18,FESTIVO_PUENTE,09:00,21.0,104.26552980132665,27.333333333333332
1,2026-05-18,FESTIVO_PUENTE,09:30,41.0,98.03242447495376,26.0
1,2026-05-18,FESTIVO_PUENTE,10:30,16.0,102.75822555301474,27.0
1,2026-05-18,FESTIVO_PUENTE,11:00,12.0,96.84940818751834,23.75
1,2026-05-18,FESTIVO_PUENTE,11:30,46.0,106.29692865630791,23.333333333333332
1,2026-05-18,FESTIVO_PUENTE,12:00,17.0,106.84092136567428,23.75
1,2026-05-18,FESTIVO_PUENTE,13:00,23.0,102.43978990910719,36.0
1,2026-05-18,FESTIVO_PUENTE,14:00,26.0,79.5518492489188,25.0
1,2026-05-18,FESTIVO_PUENTE,16:30,36.0,76.94383240498513,15.0
1,2026-05-19,LABORAL,04:30,82.0,86.69488169661578,109.06611570247934
1,2026-05-19,LABORAL,05:00,135.0,97.26347498251569,115.25
1,2026-05-19,LABORAL,05:30,156.0,98.22286024250963,130.38842975206612
1,2026-05-19,LABORAL,06:00,133.0,115.87908231755411,125.36363636363636
1,2026-05-19,LABORAL,06:30,155.0,117.74912194601366,131.05785123966942
1,2026-05-19,LABORAL,07:00,125.0,113.52043630099556,125.8
1,2026-05-19,LABORAL,07:30,122.0,99.858992940046,133.83471074380165
1,2026-05-19,LABORAL,08:00,124.0,88.49331835502178,128.025
1,2026-05-19,LABORAL,08:30,130.0,119.88419736531505,130.27272727272728
1,2026-05-19,LABORAL,09:00,156.0,114.21735150016694,131.475
1,2026-05-19,LABORAL,09:30,125.0,95.31357410437263,118.62809917355372
1,2026-05-19,LABORAL,10:00,71.0,85.41984796919809,95.88429752066116
1,2026-05-19,LABORAL,10:30,146.0,78.75604556715464,93.95833333333333
1,2026-05-19,LABORAL,11:00,42.0,81.77128848934649,91.84297520661157
1,2026-05-19,LABORAL,11:30,184.0,95.69321824598254,98.47107438016529
1,2026-05-19,LABORAL,12:00,77.0,98.46007677787813,108.29166666666667
1,2026-05-19,LABORAL,12:30,131.0,113.00451031929849,127.85950413223141
1,2026-05-19,LABORAL,13:00,91.0,112.67218685410414,131.05785123966942
1,2026-05-19,LABORAL,13:30,153.0,121.84451548189554,131.900826446281
1,2026-05-19,LABORAL,14:00,118.0,142.37561444632493,146.95762711864407
1,2026-05-19,LABORAL,14:30,158.0,142.61059786017884,146.85
1,2026-05-19,LABORAL,15:00,155.0,172.66099118298285,162.8181818181818
1,2026-05-19,LABORAL,15:30,122.0,155.63425242749344,167.10169491525423
1,2026-05-19,LABORAL,16:00,222.0,126.83332692434118,139.16806722689077
1,2026-05-19,LABORAL,16:30,143.0,94.71495370775617,106.5702479338843
1,2026-05-19,LABORAL,17:00,48.0,48.5536651400724,69.54054054054055
1,2026-05-20,LABORAL,04:30,82.0,112.06274395183718,108.36363636363636
1,2026-05-20,LABORAL,05:00,128.0,123.98576344166634,115.275
1,2026-05-20,LABORAL,05:30,88.0,137.7006734357809,130.40495867768595
1,2026-05-20,LABORAL,06:00,137.0,128.12464748166462,124.63636363636364
1,2026-05-20,LABORAL,06:30,145.0,136.4605333046242,131.19834710743802
1,2026-05-20,LABORAL,07:00,130.0,134.2525239899771,126.05833333333334
1,2026-05-20,LABORAL,07:30,101.0,139.7770989732787,133.2396694214876
1,2026-05-20,LABORAL,08:00,58.0,133.3181228997971,127.66666666666667
1,2026-05-20,LABORAL,08:30,185.0,126.0469951606784,130.43801652892563
1,2026-05-20,LABORAL,09:00,91.0,136.57628887524916,131.30833333333334
1,2026-05-20,LABORAL,09:30,104.0,124.27699104372607,118.50413223140495
1,2026-05-20,LABORAL,10:00,191.0,88.09996932452495,95.2892561983471
1,2026-05-20,LABORAL,10:30,67.0,102.6022103647979,94.65
1,2026-05-20,LABORAL,11:00,66.0,91.12732753459026,91.31404958677686
1,2026-05-20,LABORAL,11:30,92.0,98.50010283421693,98.62809917355372
1,2026-05-20,LABORAL,12:00,82.0,100.37429168889797,107.80833333333334
1,2026-05-20,LABORAL,12:30,104.0,138.26023368056732,127.91735537190083
1,2026-05-20,LABORAL,13:00,47.0,144.67630832560135,130.50413223140495
1,2026-05-20,LABORAL,13:30,178.0,124.10642164703908,131.91735537190084
1,2026-05-20,LABORAL,14:00,117.0,145.3312337396573,146.78813559322035
1,2026-05-20,LABORAL,14:30,130.0,158.12090452663688,146.04166666666666
1,2026-05-20,LABORAL,15:00,270.0,171.1284208666676,163.099173553719
1,2026-05-20,LABORAL,15:30,180.0,176.01923170122103,166.32203389830508
1,2026-05-20,LABORAL,16:00,104.0,140.22142255585948,139.65546218487395
1,2026-05-20,LABORAL,16:30,71.0,112.5585298269827,106.66115702479338
1,2026-05-20,LABORAL,17:00,95.0,54.616473732474404,69.16216216216216
1,2026-05-23,SABADO,04:30,94.0,69.22433439432794,66.0
1,2026-05-23,SABADO,05:00,32.0,63.47654469493974,62.64
1,2026-05-23,SABADO,05:30,145.0,83.13013988014153,88.42307692307692
1,2026-05-23,SABADO,06:00,78.0,77.09895245102027,86.42307692307692
1,2026-05-23,SABADO,06:30,148.0,83.64704549979274,107.0
1,2026-05-23,SABADO,07:00,66.0,86.37627266991807,100.3076923076923
1,2026-05-23,SABADO,07:30,119.0,83.2015229816829,100.65384615384616
1,2026-05-23,SABADO,08:00,70.0,85.63220787940227,98.38461538461539
1,2026-05-23,SABADO,08:30,76.0,81.87654367084366,93.96153846153847
1,2026-05-23,SABADO,09:00,82.0,87.39389445140318,95.0
1,2026-05-23,SABADO,09:30,98.0,78.57346973261653,83.38461538461539
1,2026-05-23,SABADO,10:00,52.0,71.33560412956717,76.73076923076923
1,2026-05-23,SABADO,10:30,44.0,84.28498637623949,87.125
1,2026-05-23,SABADO,11:00,129.0,86.97740383174857,85.6923076923077
1,2026-05-23,SABADO,11:30,50.0,76.67297986175022,80.56
1,2026-05-23,SABADO,12:00,84.0,90.08097671070266,87.34615384615384
1,2026-05-23,SABADO,12:30,110.0,93.49679385378509,88.52173913043478
1,2026-05-23,SABADO,13:00,79.0,77.56102319609575,64.3913043478261
1,2026-05-23,SABADO,14:00,85.0,87.89706369728862,72.54166666666667
1,2026-05-23,SABADO,15:00,89.0,109.97599737246428,62.416666666666664
1,2026-05-23,SABADO,15:30,47.0,120.87570979922583,55.333333333333336
1,2026-05-23,SABADO,16:00,24.0,111.81554208169776,50.0
1,2026-05-23,SABADO,16:30,38.0,130.60486537837224,71.94117647058823
1,2026-05-24,DOMINGO,08:00,28.0,31.38924675931635,36.63636363636363
1,2026-05-24,DOMINGO,08:30,26.0,25.55454211458003,43.42857142857143
1,2026-05-24,DOMINGO,09:00,44.0,31.774670171424248,34.13333333333333
1,2026-05-24,DOMINGO,10:00,35.0,47.7872387732454,35.76190476190476
1,2026-05-24,DOMINGO,11:00,27.0,43.18889126136649,34.5
1,2026-05-24,DOMINGO,12:00,10.0,52.527412550993574,33.23529411764706
1,2026-05-24,DOMINGO,12:30,35.0,36.15932330585524,37.63157894736842
1,2026-05-24,DOMINGO,13:30,32.0,46.62501782624618,28.533333333333335
1,2026-05-24,DOMINGO,14:00,16.0,61.00086345163147,36.125
1,2026-05-24,DOMINGO,15:00,25.0,58.776950965765174,39.6875
1,2026-05-24,DOMINGO,15:30,21.0,41.11840803189425,49.714285714285715
1,2026-05-24,DOMINGO,16:30,32.0,54.69731502592429,31.75
1,2026-05-25,LABORAL,04:30,54.0,106.29196406842509,106.825
1,2026-05-25,LABORAL,05:00,152.0,108.82504207050665,115.17647058823529
1,2026-05-25,LABORAL,05:30,114.0,133.9809090350775,129.45
1,2026-05-25,LABORAL,06:00,128.0,129.28812661225834,123.95
1,2026-05-25,LABORAL,06:30,124.0,144.86678788314313,132.06666666666666
1,2026-05-25,LABORAL,07:00,145.0,131.83515639994283,126.00840336134453
1,2026-05-25,LABORAL,07:30,66.0,140.56406198684408,132.04166666666666
1,2026-05-25,LABORAL,08:00,144.0,123.66054017162995,127.4201680672269
1,2026-05-25,LABORAL,08:30,210.0,138.15640505109536,131.16666666666666
1,2026-05-25,LABORAL,09:00,176.0,136.8706462806882,129.3109243697479
1,2026-05-25,LABORAL,09:30,50.0,125.11504633453836,118.13333333333334
1,2026-05-25,LABORAL,10:00,71.0,96.87991056265706,96.025
1,2026-05-25,LABORAL,10:30,110.0,90.20575633064001,94.0
1,2026-05-25,LABORAL,11:00,74.0,91.12555018245347,91.46666666666667
1,2026-05-25,LABORAL,11:30,72.0,106.86182660503675,98.55833333333334
1,2026-05-25,LABORAL,12:00,122.0,121.57622442546011,107.08403361344538
1,2026-05-25,LABORAL,12:30,120.0,125.25998016819952,128.51666666666668
1,2026-05-25,LABORAL,13:00,82.0,124.90505648912823,128.0
1,2026-05-25,LABORAL,13:30,114.0,149.28882374542738,132.325
1,2026-05-25,LABORAL,14:00,158.0,158.20117296443794,147.0940170940171
1,2026-05-25,LABORAL,14:30,134.0,130.06473415396897,144.91596638655463
1,2026-05-25,LABORAL,15:00,177.0,176.76366418865916,163.88333333333333
1,2026-05-25,LABORAL,15:30,164.0,167.5232499353783,165.07692307692307
1,2026-05-25,LABORAL,16:00,68.0,151.9221608664221,138.24576271186442
1,2026-05-25,LABORAL,16:30,138.0,108.27639329640627,106.19166666666666
1,2026-05-25,LABORAL,17:00,92.0,70.10137080649386,69.39090909090909
1,2026-05-25,LABORAL,17:30,29.0,25.518612571889534,36.78048780487805
1,2026-05-26,LABORAL,04:30,154.0,98.58191560494244,105.96666666666667
1,2026-05-26,LABORAL,05:00,112.0,121.38575273801479,115.52941176470588
1,2026-05-26,LABORAL,05:30,153.0,133.07305534194737,129.03333333333333
1,2026-05-26,LABORAL,06:00,69.0,132.77966197277993,124.61666666666666
1,2026-05-26,LABORAL,06:30,152.0,134.10184732789452,132.175
1,2026-05-26,LABORAL,07:00,149.0,129.52605063017072,126.02521008403362
1,2026-05-26,LABORAL,07:30,137.0,129.77233441004324,131.81666666666666
1,2026-05-26,LABORAL,08:00,110.0,127.7558099255581,127.47899159663865
1,2026-05-26,LABORAL,08:30,108.0,130.67495348412496,131.8
1,2026-05-26,LABORAL,09:00,151.0,129.05762078261233,129.5546218487395
1,2026-05-26,LABORAL,09:30,83.0,147.5213942650112,117.875
1,2026-05-26,LABORAL,10:00,91.0,53.751827959400536,95.425
1,2026-05-26,LABORAL,10:30,80.0,99.173688116852,94.26890756302521
1,2026-05-26,LABORAL,11:00,119.0,84.50733057039395,91.3
1,2026-05-26,LABORAL,11:30,101.0,95.28995858820517,98.58333333333333
1,2026-05-26,LABORAL,12:00,106.0,72.60869834048881,106.97478991596638
1,2026-05-26,LABORAL,12:30,89.0,150.38513304154222,128.175
1,2026-05-26,LABORAL,13:00,157.0,144.25803230174625,127.325
1,2026-05-26,LABORAL,13:30,171.0,118.04251987627991,132.525
1,2026-05-26,LABORAL,14:00,50.0,124.86423291807046,146.87179487179486
1,2026-05-26,LABORAL,14:30,214.0,163.00240332963511,144.64705882352942
1,2026-05-26,LABORAL,15:00,129.0,145.42446447878075,163.69166666666666
1,2026-05-26,LABORAL,15:30,138.0,185.52780590701082,164.97435897435898
1,2026-05-26,LABORAL,16:00,148.0,140.76516652290627,137.38135593220338
1,2026-05-26,LABORAL,16:30,78.0,116.45818732339501,106.64166666666667
1,2026-05-26,LABORAL,17:00,117.0,35.91667095998055,69.52727272727273
1,2026-05-27,LABORAL,04:30,122.0,106.12765420616711,105.975
1,2026-05-27,LABORAL,05:00,130.0,123.42212779964531,115.00840336134453
1,2026-05-27,LABORAL,05:30,87.0,132.71878255212877,129.49166666666667
1,2026-05-27,LABORAL,06:00,175.0,122.94462475945903,124.46666666666667
1,2026-05-27,LABORAL,06:30,92.0,135.80715976276664,132.35
1,2026-05-27,LABORAL,07:00,58.0,133.42163050501264,126.71428571428571
1,2026-05-27,LABORAL,07:30,194.0,134.5614455948499,132.04166666666666
1,2026-05-27,LABORAL,08:00,130.0,128.80620761296973,126.52941176470588
1,2026-05-27,LABORAL,08:30,80.0,121.9897618101263,131.725
1,2026-05-27,LABORAL,09:00,156.0,130.11414203665055,129.88235294117646
1,2026-05-27,LABORAL,09:30,108.0,119.16346349717392,116.98333333333333
1,2026-05-27,LABORAL,10:00,39.0,88.28310417152561,95.13333333333334
1,2026-05-27,LABORAL,10:30,74.0,95.52561827902026,93.82352941176471
1,2026-05-27,LABORAL,11:00,108.0,87.49993435918667,91.55
1,2026-05-27,LABORAL,11:30,59.0,95.33620149373748,99.05833333333334
1,2026-05-27,LABORAL,12:00,155.0,100.42270702971476,107.15966386554622
1,2026-05-27,LABORAL,12:30,101.0,129.89261544262956,128.39166666666668
1,2026-05-27,LABORAL,13:00,112.0,137.65117658657266,127.11666666666666
1,2026-05-27,LABORAL,14:00,222.0,117.13050922797366,146.008547008547
1,2026-05-27,LABORAL,14:30,143.0,137.22567782418406,144.9747899159664
1,2026-05-27,LABORAL,15:00,168.0,156.62460933241178,162.875
1,2026-05-27,LABORAL,15:30,143.0,158.8912563340169,165.06837606837607
1,2026-05-27,LABORAL,16:00,130.0,168.32797524559282,137.39830508474577
1,2026-05-27,LABORAL,16:30,34.0,131.13402971555868,105.75833333333334
1,2026-05-27,LABORAL,17:00,84.0,102.39758252487836,69.64545454545454
1,2026-05-28,LABORAL,04:30,101.0,97.32289176698914,105.85833333333333
1,2026-05-28,LABORAL,05:00,62.0,85.89234663408324,115.17647058823529
1,2026-05-28,LABORAL,05:30,193.0,115.66954576000558,128.775
1,2026-05-28,LABORAL,06:00,136.0,106.6455178732333,125.14166666666667
1,2026-05-28,LABORAL,06:30,145.0,111.56727667830577,131.88333333333333
1,2026-05-28,LABORAL,07:00,111.0,95.55756483167715,126.08403361344538
1,2026-05-28,LABORAL,07:30,134.0,109.34984982603221,132.84166666666667
1,2026-05-28,LABORAL,08:00,108.0,113.7657421484435,126.21008403361344
1,2026-05-28,LABORAL,08:30,125.0,134.2247481570285,131.53333333333333
1,2026-05-28,LABORAL,09:00,88.0,103.63203056379633,129.9747899159664
1,2026-05-28,LABORAL,09:30,116.0,62.08206317184615,117.525
1,2026-05-28,LABORAL,10:00,38.0,111.43454290898856,94.9
1,2026-05-28,LABORAL,10:30,120.0,81.12144521730491,93.47899159663865
1,2026-05-28,LABORAL,11:00,103.0,82.4711701604858,91.83333333333333
1,2026-05-28,LABORAL,11:30,74.0,101.00866479586351,98.81666666666666
1,2026-05-28,LABORAL,12:00,132.0,117.48073704117718,107.08403361344538
1,2026-05-28,LABORAL,12:30,143.0,66.30542425086631,127.96666666666667
1,2026-05-28,LABORAL,13:00,73.0,111.59585535445495,126.76666666666667
1,2026-05-28,LABORAL,13:30,200.0,110.33367317186573,133.11764705882354
1,2026-05-28,LABORAL,14:00,100.0,99.82091372439956,146.63247863247864
1,2026-05-28,LABORAL,14:30,94.0,99.99505791356961,144.01680672268907
1,2026-05-28,LABORAL,15:00,178.0,123.50267205356869,163.65833333333333
1,2026-05-28,LABORAL,15:30,103.0,83.02362671541742,165.42735042735043
1,2026-05-28,LABORAL,16:00,149.0,86.23354431457699,137.23728813559322
1,2026-05-28,LABORAL,16:30,47.0,61.34384745523557,104.75833333333334
1,2026-05-28,LABORAL,17:00,47.0,91.85541731568173,69.57272727272728
1,2026-05-29,LABORAL,04:30,129.0,96.03697806482722,105.475
1,2026-05-29,LABORAL,05:00,79.0,100.89595004789037,114.50420168067227
1,2026-05-29,LABORAL,05:30,120.0,121.01487805497533,129.20833333333334
1,2026-05-29,LABORAL,06:00,134.0,108.98194132155288,124.99166666666666
1,2026-05-29,LABORAL,06:30,109.0,132.65520826632908,132.30833333333334
1,2026-05-29,LABORAL,07:00,155.0,127.4436973373498,125.56302521008404
1,2026-05-29,LABORAL,07:30,107.0,114.36451856673725,132.7
1,2026-05-29,LABORAL,08:00,122.0,132.7421618349589,126.10924369747899
1,2026-05-29,LABORAL,08:30,142.0,115.0001447549223,131.95
1,2026-05-29,LABORAL,09:00,81.0,115.96840965334282,129.6386554621849
1,2026-05-29,LABORAL,09:30,153.0,99.52650266898031,117.34166666666667
1,2026-05-29,LABORAL,10:00,90.0,99.07910623018215,94.09166666666667
1,2026-05-29,LABORAL,10:30,65.0,85.59378552294322,93.76470588235294
1,2026-05-29,LABORAL,11:00,95.0,82.4391583176632,92.04166666666667
1,2026-05-29,LABORAL,11:30,99.0,92.70425028851434,98.63333333333334
1,2026-05-29,LABORAL,12:00,59.0,100.57654992783405,107.21008403361344
1,2026-05-29,LABORAL,12:30,136.0,95.90736054259615,127.725
1,2026-05-29,LABORAL,13:00,184.0,110.11975163629653,126.36666666666666
1,2026-05-29,LABORAL,13:30,76.0,117.81578886106017,133.08403361344537
1,2026-05-29,LABORAL,14:00,109.0,105.98693365479406,146.95726495726495
1,2026-05-29,LABORAL,14:30,175.0,140.48289880505635,143.27731092436974
1,2026-05-29,LABORAL,15:00,141.0,120.90510132925026,163.93333333333334
1,2026-05-29,LABORAL,15:30,164.0,120.94769098388316,164.27350427350427
1,2026-05-29,LABORAL,16:00,131.0,101.92074680235314,136.3050847457627
1,2026-05-29,LABORAL,16:30,74.0,77.0339336324437,104.33333333333333
1,2026-05-29,LABORAL,17:00,58.0,51.450566891339875,69.21818181818182
1,2026-05-30,SABADO,04:30,46.0,74.69439014419433,65.4
1,2026-05-30,SABADO,05:00,45.0,66.78679039031564,61.64
1,2026-05-30,SABADO,05:30,107.0,94.41913741550923,90.03846153846153
1,2026-05-30,SABADO,06:00,105.0,109.79298665728058,85.34615384615384
1,2026-05-30,SABADO,06:30,93.0,105.92394534515422,108.57692307692308
1,2026-05-30,SABADO,07:00,82.0,120.80594126015038,98.46153846153847
1,2026-05-30,SABADO,07:30,87.0,99.17140819450447,101.38461538461539
1,2026-05-30,SABADO,08:00,80.0,110.8800627269099,95.92307692307692
1,2026-05-30,SABADO,08:30,120.0,110.83803637752138,92.96153846153847
1,2026-05-30,SABADO,09:00,84.0,97.90658546705752,96.88461538461539
1,2026-05-30,SABADO,09:30,75.0,88.88941039596862,82.15384615384616
1,2026-05-30,SABADO,10:00,43.0,82.41237918963111,76.42307692307692
1,2026-05-30,SABADO,10:30,55.0,88.63470538332456,85.4
1,2026-05-30,SABADO,11:00,58.0,78.98341505703836,85.61538461538461
1,2026-05-30,SABADO,11:30,54.0,88.39234391955983,78.08
1,2026-05-30,SABADO,12:00,105.0,84.43196488051605,88.42307692307692
1,2026-05-30,SABADO,12:30,57.0,76.2879747171125,88.47826086956522
1,2026-05-30,SABADO,13:00,84.0,75.30496017654735,63.21739130434783
1,2026-05-30,SABADO,13:30,42.0,70.26894388903821,70.5
1,2026-05-30,SABADO,14:00,38.0,74.79025708524976,71.45833333333333
1,2026-05-30,SABADO,14:30,153.0,69.67721181914018,78.70833333333333
1,2026-05-30,SABADO,15:00,41.0,63.90688967359306,63.875
1,2026-05-30,SABADO,15:30,33.0,61.979642708696026,53.25
1,2026-05-31,DOMINGO,07:00,21.0,29.403749476877536,34.77777777777778
1,2026-05-31,DOMINGO,07:30,37.0,25.28036226968382,30.095238095238095
1,2026-05-31,DOMINGO,08:30,44.0,31.784923965493093,42.63636363636363
1,2026-05-31,DOMINGO,09:30,48.0,37.60854522295891,39.5
1,2026-05-31,DOMINGO,11:00,54.0,27.925018372964985,31.4375
1,2026-05-31,DOMINGO,12:00,78.0,27.746343288512804,32.05882352941177
1,2026-05-31,DOMINGO,12:30,65.0,24.95184905272376,37.526315789473685
1,2026-05-31,DOMINGO,14:30,25.0,32.035851767059384,42.0
1,2026-05-31,DOMINGO,15:30,16.0,38.21875317888711,46.125
1,2026-06-01,LABORAL,04:30,87.0,103.04602187151806,105.375
1,2026-06-01,LABORAL,05:00,150.0,111.63202294095963,114.3529411764706
1,2026-06-01,LABORAL,05:30,155.0,132.17584231994533,129.0
1,2026-06-01,LABORAL,06:00,72.0,123.72450251247434,125.075
1,2026-06-01,LABORAL,06:30,104.0,141.48813342860498,131.7
1,2026-06-01,LABORAL,07:00,163.0,132.2185461333977,125.70588235294117
1,2026-06-01,LABORAL,07:30,151.0,138.95005252292233,132.81666666666666
1,2026-06-01,LABORAL,08:00,68.0,113.59519949359166,125.95798319327731
1,2026-06-01,LABORAL,08:30,117.0,132.10483740330886,131.71666666666667
1,2026-06-01,LABORAL,09:00,178.0,130.44142671408477,128.8403361344538
1,2026-06-01,LABORAL,09:30,117.0,123.19167788015258,118.05833333333334
1,2026-06-01,LABORAL,10:00,43.0,101.14506213483645,93.475
1,2026-06-01,LABORAL,10:30,91.0,91.5817173983241,93.28571428571429
1,2026-06-01,LABORAL,11:00,36.0,81.28210492627065,92.0
1,2026-06-01,LABORAL,11:30,148.0,101.87729607320203,98.65833333333333
1,2026-06-01,LABORAL,12:00,123.0,121.65936300338235,106.6890756302521
1,2026-06-01,LABORAL,12:30,86.0,119.34313871742472,127.875
1,2026-06-01,LABORAL,13:00,103.0,122.39971422619108,126.43333333333334
1,2026-06-01,LABORAL,13:30,137.0,149.44333620785045,132.3613445378151
1,2026-06-01,LABORAL,14:00,111.0,156.15566370512295,146.03418803418805
1,2026-06-01,LABORAL,14:30,179.0,134.39956442047992,142.9075630252101
1,2026-06-01,LABORAL,15:00,132.0,175.54914002410692,164.625
1,2026-06-01,LABORAL,15:30,133.0,146.77056400364904,164.15384615384616
1,2026-06-01,LABORAL,16:00,131.0,149.00255987533464,135.95762711864407
1,2026-06-01,LABORAL,16:30,45.0,93.66762959083026,103.69166666666666
1,2026-06-02,LABORAL,04:30,77.0,109.30867385792145,104.925
1,2026-06-02,LABORAL,05:00,100.0,119.65404646910777,114.0672268907563
1,2026-06-02,LABORAL,05:30,147.0,132.57890300196334,129.89166666666668
1,2026-06-02,LABORAL,06:00,150.0,119.37607101829431,124.16666666666667
1,2026-06-02,LABORAL,06:30,195.0,131.71705916971342,131.65
1,2026-06-02,LABORAL,07:00,92.0,131.68589988982387,125.76470588235294
1,2026-06-02,LABORAL,07:30,155.0,138.3800597148529,132.675
1,2026-06-02,LABORAL,08:00,49.0,121.68964012838997,125.46218487394958
1,2026-06-02,LABORAL,08:30,158.0,129.08206647229295,131.0
1,2026-06-02,LABORAL,09:00,152.0,130.43856981015227,129.0924369747899
1,2026-06-02,LABORAL,09:30,85.0,119.47463569352801,117.63333333333334
1,2026-06-02,LABORAL,10:00,113.0,94.80020726312874,92.95833333333333
1,2026-06-02,LABORAL,10:30,157.0,91.63250101767659,93.57142857142857
1,2026-06-02,LABORAL,11:00,38.0,85.4720299525165,91.05
1,2026-06-02,LABORAL,11:30,71.0,95.74179655709867,98.875
1,2026-06-02,LABORAL,12:00,128.0,109.51623701022591,107.32773109243698
1,2026-06-02,LABORAL,12:30,108.0,120.56951507768056,126.91666666666667
1,2026-06-02,LABORAL,13:00,173.0,135.7183666969935,125.6
1,2026-06-02,LABORAL,13:30,120.0,129.97358524373647,133.05042016806723
1,2026-06-02,LABORAL,14:00,120.0,143.10537519735624,145.66666666666666
1,2026-06-02,LABORAL,14:30,137.0,150.1728051458792,143.27731092436974
1,2026-06-02,LABORAL,15:00,184.0,167.53777445557608,164.29166666666666
1,2026-06-02,LABORAL,15:30,146.0,152.67013118111237,163.47863247863248
1,2026-06-02,LABORAL,16:00,143.0,134.65966069560147,135.10169491525423
1,2026-06-02,LABORAL,16:30,33.0,96.79423567207238,103.06666666666666
1,2026-06-02,LABORAL,17:00,44.0,52.24050061019705,69.1743119266055
1,2026-06-03,LABORAL,04:30,105.0,109.86095719260588,104.53333333333333
1,2026-06-03,LABORAL,05:00,98.0,118.67904619348148,114.14285714285714
1,2026-06-03,LABORAL,05:30,126.0,130.5124590617556,129.45833333333334
1,2026-06-03,LABORAL,06:00,111.0,119.96598030538127,124.21666666666667
1,2026-06-03,LABORAL,06:30,123.0,130.17436657770773,131.91666666666666
1,2026-06-03,LABORAL,07:00,111.0,132.74892076740292,125.05042016806723
1,2026-06-03,LABORAL,07:30,98.0,133.86544261898663,132.95833333333334
1,2026-06-03,LABORAL,08:00,110.0,122.05361254405297,124.98319327731092
1,2026-06-03,LABORAL,08:30,137.0,126.25645018932518,131.1
1,2026-06-03,LABORAL,09:00,92.0,128.06416546972065,129.18487394957984
1,2026-06-03,LABORAL,09:30,103.0,112.91640193383618,116.69166666666666
1,2026-06-03,LABORAL,10:00,137.0,92.29920464255962,93.175
1,2026-06-03,LABORAL,10:30,80.0,90.48608590236148,93.91596638655462
1,2026-06-03,LABORAL,11:00,114.0,84.80592608491341,90.68333333333334
1,2026-06-03,LABORAL,11:30,69.0,98.12164546591735,98.83333333333333
1,2026-06-03,LABORAL,12:00,82.0,108.29407692452804,107.72268907563026
1,2026-06-03,LABORAL,12:30,125.0,117.97734004164462,126.14166666666667
1,2026-06-03,LABORAL,13:00,117.0,134.5554444777297,125.7
1,2026-06-03,LABORAL,13:30,87.0,128.7152151098916,132.67226890756302
1,2026-06-03,LABORAL,14:00,197.0,138.80206714871355,145.65811965811966
1,2026-06-03,LABORAL,14:30,52.0,150.85560854261274,143.21008403361344
1,2026-06-03,LABORAL,15:00,136.0,162.39117472333925,163.61666666666667
1,2026-06-03,LABORAL,15:30,202.0,153.7796239183757,162.8803418803419
1,2026-06-03,LABORAL,16:00,156.0,131.61083829810036,134.98305084745763
1,2026-06-03,LABORAL,16:30,78.0,93.59992164248688,102.1
1,2026-06-04,LABORAL,04:30,121.0,102.0419215213902,104.30833333333334
1,2026-06-04,LABORAL,05:00,61.0,110.74678819682822,113.58823529411765
1,2026-06-04,LABORAL,05:30,137.0,128.2571634428295,129.8
1,2026-06-04,LABORAL,06:00,144.0,114.2963585590895,123.975
1,2026-06-04,LABORAL,06:30,121.0,134.61324641295747,131.725
1,2026-06-04,LABORAL,07:00,134.0,131.37276774628796,125.4873949579832
1,2026-06-04,LABORAL,07:30,131.0,123.58998374919385,131.58333333333334
1,2026-06-04,LABORAL,08:00,111.0,124.95258584691791,125.43697478991596
1,2026-06-04,LABORAL,08:30,88.0,119.15087633832033,130.58333333333334
1,2026-06-04,LABORAL,09:00,156.0,123.4677796832053,129.05882352941177
1,2026-06-04,LABORAL,09:30,84.0,105.6042111831632,116.44166666666666
1,2026-06-04,LABORAL,10:00,52.0,94.29841492761662,93.76666666666667
1,2026-06-04,LABORAL,10:30,130.0,84.83845794091799,93.3781512605042
1,2026-06-04,LABORAL,11:00,59.0,80.57531146855574,90.825
1,2026-06-04,LABORAL,11:30,69.0,97.22067187086344,98.76666666666667
1,2026-06-04,LABORAL,12:00,92.0,101.11264702929537,107.74789915966386
1,2026-06-04,LABORAL,12:30,126.0,111.23993134493455,125.81666666666666
1,2026-06-04,LABORAL,13:00,77.0,125.65128363889418,125.65833333333333
1,2026-06-04,LABORAL,13:30,120.0,123.56010767944085,131.9579831932773
1,2026-06-04,LABORAL,14:00,116.0,128.7956964830117,145.5897435897436
1,2026-06-04,LABORAL,14:30,84.0,147.52251302186232,142.58823529411765
1,2026-06-04,LABORAL,15:00,124.0,145.43518400081513,162.99166666666667
1,2026-06-04,LABORAL,15:30,179.0,146.05529454742094,161.85470085470087
1,2026-06-04,LABORAL,16:00,68.0,119.8976144140111,135.52542372881356
1,2026-06-04,LABORAL,16:30,72.0,83.28197987914228,101.625
1,2026-06-04,LABORAL,17:00,37.0,53.182451515376414,68.92592592592592
1,2026-06-05,LABORAL,04:30,107.0,86.88919378281592,104.28333333333333
1,2026-06-05,LABORAL,05:00,80.0,89.96851813546479,113.02521008403362
1,2026-06-05,LABORAL,05:30,137.0,106.8161886975266,130.31666666666666
1,2026-06-05,LABORAL,06:00,104.0,100.48797616712804,123.575
1,2026-06-05,LABORAL,06:30,103.0,115.03813164993308,131.85
1,2026-06-05,LABORAL,07:00,147.0,112.74186775899236,125.30252100840336
1,2026-06-05,LABORAL,07:30,134.0,103.70105428187298,131.375
1,2026-06-05,LABORAL,08:00,70.0,102.96905129050519,125.60504201680672
1,2026-06-05,LABORAL,08:30,168.0,104.73400346815792,130.01666666666668
1,2026-06-05,LABORAL,09:00,164.0,101.13372709046604,128.7731092436975
1,2026-06-05,LABORAL,09:30,78.0,93.82511588157878,115.78333333333333
1,2026-06-05,LABORAL,10:00,87.0,87.44444294404391,93.95833333333333
1,2026-06-05,LABORAL,10:30,88.0,78.92925820884844,93.42857142857143
1,2026-06-05,LABORAL,11:00,85.0,79.09383311851188,90.56666666666666
1,2026-06-05,LABORAL,11:30,40.0,86.80473617739307,98.51666666666667
1,2026-06-05,LABORAL,12:00,120.0,99.18461399811915,107.04201680672269
1,2026-06-05,LABORAL,12:30,90.0,100.20898179865787,125.49166666666666
1,2026-06-05,LABORAL,13:00,100.0,102.77815096615213,124.38333333333334
1,2026-06-05,LABORAL,13:30,272.0,103.11080444425329,132.23529411764707
1,2026-06-05,LABORAL,14:00,119.0,107.87058870086585,144.4102564102564
1,2026-06-05,LABORAL,14:30,150.0,119.37358424729369,142.34453781512605
1,2026-06-05,LABORAL,15:00,149.0,114.55194867306503,162.18333333333334
1,2026-06-05,LABORAL,15:30,132.0,119.74254815322955,161.6153846153846
1,2026-06-05,LABORAL,16:00,138.0,95.40113507841437,134.95762711864407
1,2026-06-05,LABORAL,16:30,94.0,79.21461017564746,100.61666666666666
1,2026-06-05,LABORAL,17:00,23.0,50.10925467804549,68.81481481481481
1,2026-06-06,SABADO,04:30,77.0,69.62691483928026,64.12
1,2026-06-06,SABADO,05:00,60.0,70.81725537259085,60.44
1,2026-06-06,SABADO,05:30,86.0,89.32078656890963,89.38461538461539
1,2026-06-06,SABADO,06:00,58.0,88.67508778990799,85.96153846153847
1,2026-06-06,SABADO,06:30,74.0,97.95337518117908,108.76923076923077
1,2026-06-06,SABADO,07:00,153.0,102.46478563111538,97.6923076923077
1,2026-06-06,SABADO,07:30,65.0,88.76628796586556,98.8076923076923
1,2026-06-06,SABADO,08:00,103.0,89.66448188140097,94.46153846153847
1,2026-06-06,SABADO,08:30,84.0,87.40558434805266,93.96153846153847
1,2026-06-06,SABADO,09:00,169.0,87.91323712019525,95.76923076923077
1,2026-06-06,SABADO,09:30,50.0,76.37166777018872,80.15384615384616
1,2026-06-06,SABADO,10:00,64.0,77.96728312117557,76.15384615384616
1,2026-06-06,SABADO,10:30,149.0,75.90757324703327,83.52
1,2026-06-06,SABADO,11:30,84.0,82.02868810556176,77.28
1,2026-06-06,SABADO,12:00,61.0,73.66145600409548,88.1923076923077
1,2026-06-06,SABADO,13:00,58.0,88.01964862807759,64.08333333333333
1,2026-06-06,SABADO,13:30,68.0,86.45937699404797,68.66666666666667
1,2026-06-06,SABADO,14:00,113.0,74.52762032112369,70.12
1,2026-06-06,SABADO,14:30,52.0,75.93125857933637,81.79166666666667
1,2026-06-06,SABADO,15:00,71.0,89.56220859882518,60.916666666666664
1,2026-06-06,SABADO,16:00,82.0,101.05711824224264,47.291666666666664
1,2026-06-07,DOMINGO,06:30,16.0,29.942365074730205,24.5
1,2026-06-07,DOMINGO,07:00,25.0,26.473126121717783,34.44444444444444
1,2026-06-07,DOMINGO,07:30,32.0,37.12199728102283,30.666666666666668
1,2026-06-07,DOMINGO,08:00,19.0,37.580768591368155,34.86363636363637
1,2026-06-07,DOMINGO,08:30,67.0,34.75282963462189,42.69565217391305
1,2026-06-07,DOMINGO,09:30,53.0,33.86961075844658,38.75
1,2026-06-07,DOMINGO,10:00,23.0,29.70324573258479,36.05
1,2026-06-07,DOMINGO,10:30,15.0,30.263541456539443,33.666666666666664
1,2026-06-07,DOMINGO,11:00,37.0,38.52114861780815,32.5625
1,2026-06-07,DOMINGO,11:30,19.0,29.87971071381142,35.625
1,2026-06-07,DOMINGO,12:00,22.0,31.284131768740295,34.35294117647059
1,2026-06-07,DOMINGO,12:30,40.0,43.39374997701525,37.94736842105263
1,2026-06-07,DOMINGO,13:00,28.0,40.784886613046964,32.857142857142854
1,2026-06-07,DOMINGO,13:30,21.0,73.79481276096955,28.571428571428573
1,2026-06-07,DOMINGO,14:30,30.0,52.18708044884156,40.0
1,2026-06-07,DOMINGO,15:00,25.0,72.20821296234033,34.86666666666667
1,2026-06-07,DOMINGO,16:00,32.0,57.885677779449786,34.875
1,2026-06-08,FESTIVO_PUENTE,07:30,23.0,89.90760008226165,47.666666666666664
1,2026-06-08,FESTIVO_PUENTE,08:30,55.0,97.17830121598145,21.5
1,2026-06-08,FESTIVO_PUENTE,09:30,18.0,104.67548679659129,35.666666666666664
1,2026-06-08,FESTIVO_PUENTE,11:00,18.0,112.62271944614504,19.25
1,2026-06-08,FESTIVO_PUENTE,11:30,21.0,118.57743376242175,28.333333333333332
1,2026-06-08,FESTIVO_PUENTE,13:30,17.0,98.25868069776213,28.333333333333332
1,2026-06-08,FESTIVO_PUENTE,14:30,24.0,111.38969759855904,51.0
1,2026-06-08,FESTIVO_PUENTE,15:30,21.0,90.26749418337499,23.0
1,2026-06-09,LABORAL,04:30,88.0,98.30047334707159,103.98333333333333
1,2026-06-09,LABORAL,05:00,129.0,111.63714103417011,113.01680672268908
1,2026-06-09,LABORAL,05:30,140.0,117.07597424151027,129.85
1,2026-06-09,LABORAL,06:00,110.0,121.5397413890673,123.55833333333334
1,2026-06-09,LABORAL,06:30,141.0,134.31423644592857,131.45833333333334
1,2026-06-09,LABORAL,07:00,54.0,115.42226108419246,125.28571428571429
1,2026-06-09,LABORAL,07:30,168.0,120.19392936374072,130.79166666666666
1,2026-06-09,LABORAL,08:00,102.0,103.3513967020409,125.24369747899159
1,2026-06-09,LABORAL,08:30,66.0,128.71325955153637,129.91666666666666
1,2026-06-09,LABORAL,09:00,147.0,125.59564451144306,128.91596638655463
1,2026-06-09,LABORAL,09:30,129.0,116.45387532744093,115.5
1,2026-06-09,LABORAL,10:00,89.0,89.07711450051347,94.21666666666667
1,2026-06-09,LABORAL,10:30,81.0,82.48274888826329,93.67226890756302
1,2026-06-09,LABORAL,11:00,83.0,80.83458185493654,90.69166666666666
1,2026-06-09,LABORAL,11:30,92.0,91.02091552201775,97.54166666666667
1,2026-06-09,LABORAL,12:00,147.0,117.665398151794,107.50420168067227
1,2026-06-09,LABORAL,12:30,106.0,125.20134419322339,125.35833333333333
1,2026-06-09,LABORAL,13:00,147.0,119.26237256237991,123.5
1,2026-06-09,LABORAL,13:30,152.0,143.45097695850177,133.46218487394958
1,2026-06-09,LABORAL,14:00,186.0,144.96639762037807,144.05982905982907
1,2026-06-09,LABORAL,14:30,49.0,132.6113044615496,142.16806722689077
1,2026-06-09,LABORAL,15:00,135.0,166.880589852186,161.58333333333334
1,2026-06-09,LABORAL,15:30,116.0,140.30546638793405,161.74358974358975
1,2026-06-09,LABORAL,16:00,133.0,145.04473084988368,134.97457627118644
1,2026-06-09,LABORAL,16:30,76.0,97.92815156990122,100.09166666666667
1,2026-06-10,LABORAL,04:30,121.0,108.09740949801525,103.60833333333333
1,2026-06-10,LABORAL,05:00,67.0,119.55162646453088,113.34453781512605
1,2026-06-10,LABORAL,05:30,145.0,130.2765807563998,129.65833333333333
1,2026-06-10,LABORAL,06:00,93.0,122.47570398796668,122.93333333333334
1,2026-06-10,LABORAL,06:30,136.0,136.61007077175753,131.9
1,2026-06-10,LABORAL,07:00,54.0,131.14264532782647,124.39495798319328
1,2026-06-10,LABORAL,07:30,154.0,135.43543718955422,130.41666666666666
1,2026-06-10,LABORAL,08:00,72.0,124.1466800122541,124.4873949579832
1,2026-06-10,LABORAL,08:30,112.0,128.33239505495138,129.05
1,2026-06-10,LABORAL,09:00,142.0,130.69004176283036,129.41176470588235
1,2026-06-10,LABORAL,09:30,100.0,118.39243434821314,114.88333333333334
1,2026-06-10,LABORAL,10:00,72.0,91.56280328409102,93.88333333333334
1,2026-06-10,LABORAL,10:30,76.0,92.5941064569583,93.17647058823529
1,2026-06-10,LABORAL,11:00,104.0,86.99758705320308,90.73333333333333
1,2026-06-10,LABORAL,11:30,65.0,98.40694165497406,97.39166666666667
1,2026-06-10,LABORAL,12:00,79.0,107.35846574522076,107.96638655462185
1,2026-06-10,LABORAL,12:30,87.0,122.04195951417813,124.75833333333334
1,2026-06-10,LABORAL,13:00,167.0,133.7025622234599,123.5
1,2026-06-10,LABORAL,13:30,101.0,128.2326945740142,133.94957983193277
1,2026-06-10,LABORAL,14:00,50.0,134.39797658775322,143.72649572649573
1,2026-06-10,LABORAL,14:30,57.0,144.06662142340315,140.80672268907563
1,2026-06-10,LABORAL,15:00,66.0,152.10303940813156,160.89166666666668
1,2026-06-10,LABORAL,15:30,47.0,150.56611121862687,161.0854700854701
1,2026-06-10,LABORAL,16:00,37.0,130.98484960361142,134.635593220339
3,2026-04-02,FESTIVO,07:00,26.0,18.464188811347725,11.0
3,2026-04-02,FESTIVO,07:30,42.0,34.563346404412115,126.4241668555883
3,2026-04-02,FESTIVO,08:00,11.0,43.93006967671056,14.0
3,2026-04-02,FESTIVO,08:30,62.0,63.44322409711795,17.5
3,2026-04-02,FESTIVO,09:00,50.0,117.85433063963448,16.0
3,2026-04-02,FESTIVO,09:30,17.0,46.87020126770335,126.4241668555883
3,2026-04-02,FESTIVO,10:00,24.0,28.057264133141487,126.4241668555883
3,2026-04-02,FESTIVO,10:30,46.0,31.124344957986295,22.5
3,2026-04-02,FESTIVO,11:00,22.0,41.92995520951362,126.4241668555883
3,2026-04-02,FESTIVO,11:30,55.0,26.045504883789903,48.5
3,2026-04-02,FESTIVO,12:00,14.0,16.88246855251812,126.4241668555883
3,2026-04-02,FESTIVO,12:30,46.0,31.179147554365116,35.0
3,2026-04-02,FESTIVO,13:00,29.0,-1.2168826641173638,25.0
3,2026-04-02,FESTIVO,13:30,13.0,8.318311757857913,126.4241668555883
3,2026-04-02,FESTIVO,14:00,23.0,37.03925224639721,126.4241668555883
3,2026-04-02,FESTIVO,14:30,26.0,37.199939685948024,35.0
3,2026-04-02,FESTIVO,15:00,21.0,10.569299160235317,126.4241668555883
3,2026-04-02,FESTIVO,15:30,20.0,10.940947132083082,126.4241668555883
3,2026-04-02,FESTIVO,16:00,42.0,63.627187908249006,126.4241668555883
3,2026-04-03,FESTIVO,07:00,1.0,34.576257794270276,18.5
3,2026-04-03,FESTIVO,07:30,28.0,53.22453786830454,42.0
3,2026-04-03,FESTIVO,08:30,25.0,66.85138708939326,32.333333333333336
3,2026-04-03,FESTIVO,09:00,17.0,78.66224324501235,33.0
3,2026-04-03,FESTIVO,09:30,17.0,123.18511431896265,17.0
3,2026-04-03,FESTIVO,10:30,35.0,43.25614524964318,30.333333333333332
3,2026-04-03,FESTIVO,11:00,14.0,19.000196923878704,22.0
3,2026-04-03,FESTIVO,11:30,24.0,44.24287824379033,50.666666666666664
3,2026-04-03,FESTIVO,12:30,27.0,37.24239710042593,40.5
3,2026-04-03,FESTIVO,14:00,24.0,28.835938183095877,23.0
3,2026-04-03,FESTIVO,15:00,28.0,27.223024640164354,21.0
3,2026-04-04,SABADO,04:00,25.0,37.46709664651709,40.24
3,2026-04-04,SABADO,04:30,86.0,97.58922776770387,96.6923076923077
3,2026-04-04,SABADO,05:00,64.0,158.07302734504145,163.92307692307693
3,2026-04-04,SABADO,05:30,98.0,128.28205667780898,148.3846153846154
3,2026-04-04,SABADO,06:00,100.0,192.8336884471243,207.57692307692307
3,2026-04-04,SABADO,06:30,67.0,157.91884517224872,192.34615384615384
3,2026-04-04,SABADO,07:00,73.0,94.59966358231571,135.19230769230768
3,2026-04-04,SABADO,07:30,42.0,91.14475156525589,108.11538461538461
3,2026-04-04,SABADO,08:00,107.0,95.46697568443652,118.26923076923077
3,2026-04-04,SABADO,08:30,32.0,93.82629662184593,108.84615384615384
3,2026-04-04,SABADO,09:00,85.0,77.43823565577812,94.11538461538461
3,2026-04-04,SABADO,09:30,97.0,85.55070702367757,87.61538461538461
3,2026-04-04,SABADO,10:00,31.0,76.24045653834976,90.76923076923077
3,2026-04-04,SABADO,10:30,36.0,66.09961006500973,77.76923076923077
3,2026-04-04,SABADO,11:00,44.0,73.02475117008879,94.65384615384616
3,2026-04-04,SABADO,11:30,70.0,75.50222033336642,87.08
3,2026-04-04,SABADO,12:00,31.0,106.8141459403999,85.07692307692308
3,2026-04-04,SABADO,12:30,62.0,79.55112950562554,78.91304347826087
3,2026-04-04,SABADO,13:30,41.0,67.47166429155396,66.92
3,2026-04-04,SABADO,14:00,27.0,74.21685729827291,69.25
3,2026-04-04,SABADO,14:30,64.0,73.94498038815982,65.64
3,2026-04-04,SABADO,15:00,30.0,95.60616841239286,67.9090909090909
3,2026-04-04,SABADO,15:30,72.0,30.551854687785905,57.78260869565217
3,2026-04-05,DOMINGO,07:00,15.0,29.20507681329974,30.95
3,2026-04-05,DOMINGO,07:30,32.0,32.90644564031467,33.833333333333336
3,2026-04-05,DOMINGO,08:00,33.0,40.095484191520995,40.583333333333336
3,2026-04-05,DOMINGO,08:30,22.0,40.922951893344134,37.05263157894737
3,2026-04-05,DOMINGO,09:30,30.0,66.94888028939893,33.15
3,2026-04-05,DOMINGO,10:30,34.0,49.88002196177332,37.3
3,2026-04-05,DOMINGO,11:30,36.0,47.57308408565241,30.375
3,2026-04-05,DOMINGO,12:00,21.0,32.78133893178919,35.22727272727273
3,2026-04-05,DOMINGO,14:00,31.0,39.96918431943595,33.0
3,2026-04-05,DOMINGO,14:30,28.0,39.42583869023538,35.529411764705884
3,2026-04-05,DOMINGO,15:00,17.0,30.800406678536334,36.07692307692308
3,2026-04-06,LABORAL,04:00,35.0,47.84370816456051,56.663716814159294
3,2026-04-06,LABORAL,04:30,118.0,156.05401606813206,143.19327731092437
3,2026-04-06,LABORAL,05:00,262.0,270.2908600498248,265.64166666666665
3,2026-04-06,LABORAL,05:30,251.0,246.3110943198457,242.65
3,2026-04-06,LABORAL,06:00,180.0,281.9135396077451,299.625
3,2026-04-06,LABORAL,06:30,304.0,229.04835375958166,213.91666666666666
3,2026-04-06,LABORAL,07:00,186.0,161.31634294601884,172.9
3,2026-04-06,LABORAL,07:30,141.0,146.71770835353325,151.73949579831933
3,2026-04-06,LABORAL,08:00,172.0,121.98679823920504,138.75862068965517
3,2026-04-06,LABORAL,08:30,117.0,158.05794660736555,140.30252100840337
3,2026-04-06,LABORAL,09:00,134.0,138.60086753765898,137.49579831932772
3,2026-04-06,LABORAL,09:30,137.0,124.1099319940665,119.21186440677967
3,2026-04-06,LABORAL,10:00,145.0,143.11980556912178,128.55084745762713
3,2026-04-06,LABORAL,10:30,70.0,122.63810604392286,116.46666666666667
3,2026-04-06,LABORAL,11:00,185.0,83.06836010449346,108.89075630252101
3,2026-04-06,LABORAL,11:30,101.0,139.86570841857093,130.76470588235293
3,2026-04-06,LABORAL,12:00,198.0,178.2408119803725,170.66666666666666
3,2026-04-06,LABORAL,12:30,179.0,147.6345387314048,138.40677966101694
3,2026-04-06,LABORAL,13:00,124.0,111.51044728751373,138.49166666666667
3,2026-04-06,LABORAL,13:30,175.0,145.10697804860897,134.10084033613447
3,2026-04-06,LABORAL,14:00,113.0,123.74541705047588,127.78151260504201
3,2026-04-06,LABORAL,14:30,150.0,148.62130549369402,143.84745762711864
3,2026-04-06,LABORAL,15:00,117.0,154.78730854993685,143.2268907563025
3,2026-04-06,LABORAL,15:30,110.0,137.6560836632682,136.04237288135593
3,2026-04-06,LABORAL,16:00,125.0,112.08542092368232,107.04310344827586
3,2026-04-06,LABORAL,16:30,119.0,73.32940052215002,83.77391304347826
3,2026-04-06,LABORAL,17:30,17.0,38.31679506805405,34.61764705882353
3,2026-04-07,LABORAL,04:00,45.0,49.30281236922896,56.08849557522124
3,2026-04-07,LABORAL,04:30,72.0,136.84197017450416,143.16806722689077
3,2026-04-07,LABORAL,05:00,361.0,260.4284406541225,265.4916666666667
3,2026-04-07,LABORAL,05:30,270.0,241.12821380095303,241.96666666666667
3,2026-04-07,LABORAL,06:00,358.0,280.24067238735927,297.8666666666667
3,2026-04-07,LABORAL,06:30,182.0,206.12663281172547,214.40833333333333
3,2026-04-07,LABORAL,07:00,214.0,168.30516379465385,173.18333333333334
3,2026-04-07,LABORAL,07:30,200.0,151.82338855487572,151.01680672268907
3,2026-04-07,LABORAL,08:00,177.0,128.6503168130676,139.01724137931035
3,2026-04-07,LABORAL,08:30,130.0,141.34492741941324,139.30252100840337
3,2026-04-07,LABORAL,09:00,91.0,136.2703178548341,137.43697478991598
3,2026-04-07,LABORAL,09:30,144.0,118.90935429050802,119.71186440677967
3,2026-04-07,LABORAL,10:00,185.0,127.69101406477375,128.26271186440678
3,2026-04-07,LABORAL,10:30,96.0,115.56808570339923,115.76666666666667
3,2026-04-07,LABORAL,11:00,107.0,108.68969429709205,109.74789915966386
3,2026-04-07,LABORAL,11:30,183.0,131.61374827396057,130.2941176470588
3,2026-04-07,LABORAL,12:00,133.0,166.84704059505106,170.94166666666666
3,2026-04-07,LABORAL,12:30,194.0,135.47754446536152,138.09322033898306
3,2026-04-07,LABORAL,13:00,98.0,120.06677323929287,138.44166666666666
3,2026-04-07,LABORAL,13:30,150.0,128.02116302733648,134.30252100840337
3,2026-04-07,LABORAL,14:00,189.0,115.15882618739766,127.72268907563026
3,2026-04-07,LABORAL,14:30,168.0,137.44279554458467,143.95762711864407
3,2026-04-07,LABORAL,15:00,111.0,126.38009534308364,142.3361344537815
3,2026-04-07,LABORAL,15:30,174.0,126.20544387318256,136.0593220338983
3,2026-04-07,LABORAL,16:00,111.0,102.26286634986617,106.58620689655173
3,2026-04-07,LABORAL,16:30,108.0,75.94240545771041,83.74782608695652
3,2026-04-08,LABORAL,04:00,88.0,57.44996752180535,55.9646017699115
3,2026-04-08,LABORAL,04:30,146.0,161.32512270858933,142.5546218487395
3,2026-04-08,LABORAL,05:00,229.0,293.5305249360376,266.775
3,2026-04-08,LABORAL,05:30,335.0,255.6191173341116,241.44166666666666
3,2026-04-08,LABORAL,06:00,278.0,308.61383523662033,298.34166666666664
3,2026-04-08,LABORAL,06:30,162.0,232.5816108225254,213.575
3,2026-04-08,LABORAL,07:00,154.0,173.69398850918435,172.89166666666668
3,2026-04-08,LABORAL,07:30,108.0,157.88172748695743,151.4453781512605
3,2026-04-08,LABORAL,08:00,168.0,148.1957416021171,139.56034482758622
3,2026-04-08,LABORAL,08:30,127.0,146.9110908988224,139.58823529411765
3,2026-04-08,LABORAL,09:00,147.0,138.8834770144789,136.61344537815125
3,2026-04-08,LABORAL,09:30,119.0,114.02315691745531,119.38135593220339
3,2026-04-08,LABORAL,10:00,126.0,133.49494968194395,129.27966101694915
3,2026-04-08,LABORAL,10:30,155.0,129.2315282473629,114.95
3,2026-04-08,LABORAL,11:00,98.0,125.17811056142644,110.0
3,2026-04-08,LABORAL,11:30,121.0,134.58788136745602,130.65546218487395
3,2026-04-08,LABORAL,12:00,229.0,176.52734288438293,170.475
3,2026-04-08,LABORAL,12:30,98.0,148.6745241726097,138.47457627118644
3,2026-04-08,LABORAL,13:00,191.0,132.98304196679908,138.03333333333333
3,2026-04-08,LABORAL,13:30,186.0,125.43011157542631,133.91596638655463
3,2026-04-08,LABORAL,14:00,91.0,128.18514312970123,127.63865546218487
3,2026-04-08,LABORAL,14:30,195.0,152.06918864539648,143.97457627118644
3,2026-04-08,LABORAL,15:00,61.0,131.7828030959726,141.9747899159664
3,2026-04-08,LABORAL,15:30,106.0,137.17413768135742,136.64406779661016
3,2026-04-08,LABORAL,16:00,140.0,100.38437574742613,106.13793103448276
3,2026-04-08,LABORAL,16:30,55.0,76.13989756742393,83.54782608695652
3,2026-04-08,LABORAL,17:00,40.0,39.34531128496721,53.36666666666667
3,2026-04-09,LABORAL,04:00,77.0,55.95483099732455,56.29203539823009
3,2026-04-09,LABORAL,04:30,66.0,143.83595454265185,142.1596638655462
3,2026-04-09,LABORAL,05:00,348.0,270.51317793846675,267.39166666666665
3,2026-04-09,LABORAL,05:30,236.0,230.40723796378552,241.125
3,2026-04-09,LABORAL,06:00,306.0,290.789475806105,298.75
3,2026-04-09,LABORAL,06:30,126.0,214.1746001334118,213.13333333333333
3,2026-04-09,LABORAL,07:00,183.0,163.85649363403917,172.05
3,2026-04-09,LABORAL,07:30,230.0,152.77215345569047,150.67226890756302
3,2026-04-09,LABORAL,08:00,90.0,140.08993246259737,139.81034482758622
3,2026-04-09,LABORAL,08:30,120.0,139.62078485414835,139.21848739495798
3,2026-04-09,LABORAL,09:00,139.0,132.08109504673007,137.63025210084032
3,2026-04-09,LABORAL,09:30,145.0,111.53346215188468,119.72033898305085
3,2026-04-09,LABORAL,10:00,170.0,124.08536746863749,129.51694915254237
3,2026-04-09,LABORAL,10:30,38.0,119.18377083697112,115.14166666666667
3,2026-04-09,LABORAL,11:00,172.0,122.09689619493246,109.70588235294117
3,2026-04-09,LABORAL,11:30,78.0,131.23902006887795,130.71428571428572
3,2026-04-09,LABORAL,12:00,159.0,166.57346766573966,170.31666666666666
3,2026-04-09,LABORAL,12:30,43.0,144.17831328676942,138.5084745762712
3,2026-04-09,LABORAL,13:00,169.0,142.07823394103562,138.81666666666666
3,2026-04-09,LABORAL,13:30,141.0,124.82801663712502,134.10084033613447
3,2026-04-09,LABORAL,14:00,81.0,125.63622978310626,127.05042016806723
3,2026-04-09,LABORAL,14:30,162.0,136.91850523347023,144.40677966101694
3,2026-04-09,LABORAL,15:00,126.0,127.57260020079252,141.08403361344537
3,2026-04-09,LABORAL,15:30,144.0,125.68757368087122,136.33898305084745
3,2026-04-09,LABORAL,16:00,93.0,95.89431464699659,106.46551724137932
3,2026-04-09,LABORAL,16:30,78.0,73.06551411122587,83.18260869565218
3,2026-04-09,LABORAL,17:00,41.0,43.51770235136911,53.27777777777778
3,2026-04-10,LABORAL,04:00,93.0,54.66055681988637,56.473684210526315
3,2026-04-10,LABORAL,04:30,50.0,131.0108197268389,140.8655462184874
3,2026-04-10,LABORAL,05:00,298.0,251.15401726846167,268.4166666666667
3,2026-04-10,LABORAL,05:30,229.0,208.04794090678493,240.175
3,2026-04-10,LABORAL,06:00,416.0,259.5975494810773,299.2
3,2026-04-10,LABORAL,06:30,134.0,195.17420086267242,211.98333333333332
3,2026-04-10,LABORAL,07:00,192.0,156.4688621394263,172.25
3,2026-04-10,LABORAL,07:30,153.0,141.1209255180767,150.7563025210084
3,2026-04-10,LABORAL,08:00,186.0,136.74362301162674,139.97413793103448
3,2026-04-10,LABORAL,08:30,170.0,127.71269210096455,138.890756302521
3,2026-04-10,LABORAL,09:00,142.0,122.0035868598125,137.91596638655463
3,2026-04-10,LABORAL,09:30,78.0,100.66447199584051,119.86440677966101
3,2026-04-10,LABORAL,10:00,122.0,111.44869257749274,129.66101694915255
3,2026-04-10,LABORAL,10:30,141.0,110.53766331814242,114.35
3,2026-04-10,LABORAL,11:00,110.0,108.48151844421858,110.10084033613445
3,2026-04-10,LABORAL,11:30,94.0,114.95594117402442,130.5546218487395
3,2026-04-10,LABORAL,12:00,198.0,143.011813514297,170.425
3,2026-04-10,LABORAL,12:30,109.0,123.5318864261448,137.98305084745763
3,2026-04-10,LABORAL,13:00,135.0,134.51196866348158,138.79166666666666
3,2026-04-10,LABORAL,13:30,178.0,109.98935086511558,133.890756302521
3,2026-04-10,LABORAL,14:00,137.0,115.63793373376237,127.18487394957984
3,2026-04-10,LABORAL,14:30,191.0,113.79192986202415,144.24576271186442
3,2026-04-10,LABORAL,15:00,83.0,108.06820325655417,139.94117647058823
3,2026-04-10,LABORAL,15:30,61.0,105.1556413895883,136.5677966101695
3,2026-04-10,LABORAL,16:00,37.0,85.7581404584418,106.33620689655173
3,2026-04-10,LABORAL,16:30,68.0,68.46775176216565,83.13793103448276
3,2026-04-10,LABORAL,17:00,57.0,50.46463899407749,52.644444444444446
3,2026-04-11,SABADO,04:00,30.0,38.96443268399966,40.04
3,2026-04-11,SABADO,04:30,71.0,94.63808827791033,97.57692307692308
3,2026-04-11,SABADO,05:00,232.0,183.36059026241026,160.76923076923077
3,2026-04-11,SABADO,05:30,148.0,154.03050118422442,146.34615384615384
3,2026-04-11,SABADO,06:00,161.0,203.86611513935856,205.65384615384616
3,2026-04-11,SABADO,06:30,201.0,153.67447524253672,186.8846153846154
3,2026-04-11,SABADO,07:00,141.0,133.66906679848745,129.8846153846154
3,2026-04-11,SABADO,07:30,119.0,104.44802507070297,104.96153846153847
3,2026-04-11,SABADO,08:00,76.0,104.33409922560658,117.5
3,2026-04-11,SABADO,08:30,134.0,103.56582787201008,106.6923076923077
3,2026-04-11,SABADO,09:00,77.0,85.50564489719432,91.84615384615384
3,2026-04-11,SABADO,09:30,89.0,84.26820687756032,89.23076923076923
3,2026-04-11,SABADO,10:00,75.0,79.90927789851513,87.0
3,2026-04-11,SABADO,10:30,121.0,88.82002116360323,76.88461538461539
3,2026-04-11,SABADO,11:00,101.0,81.37921254058017,91.42307692307692
3,2026-04-11,SABADO,11:30,45.0,82.57608745035618,85.68
3,2026-04-11,SABADO,12:00,87.0,100.32943514925601,83.76923076923077
3,2026-04-11,SABADO,12:30,109.0,72.1309068297978,75.73913043478261
3,2026-04-11,SABADO,13:00,25.0,99.98338550442946,73.69565217391305
3,2026-04-11,SABADO,13:30,40.0,73.01695287460882,63.56
3,2026-04-11,SABADO,14:00,82.0,88.24428203197593,67.83333333333333
3,2026-04-11,SABADO,15:00,142.0,82.06827222868357,66.26086956521739
3,2026-04-11,SABADO,16:00,18.0,78.31292127164939,52.89473684210526
3,2026-04-11,SABADO,16:30,29.0,55.751568685096004,50.53846153846154
3,2026-04-12,DOMINGO,08:00,34.0,32.866382411722455,40.875
3,2026-04-12,DOMINGO,08:30,24.0,29.44752553755133,36.3
3,2026-04-12,DOMINGO,09:30,32.0,25.315618890937003,33.0
3,2026-04-12,DOMINGO,10:00,38.0,24.786265392193897,40.09090909090909
3,2026-04-12,DOMINGO,11:00,25.0,39.24314114053,39.94444444444444
3,2026-04-12,DOMINGO,12:00,28.0,37.73859326316021,35.31818181818182
3,2026-04-12,DOMINGO,13:00,21.0,44.14195917531198,31.72222222222222
3,2026-04-12,DOMINGO,14:00,25.0,31.398937648010218,30.571428571428573
3,2026-04-13,LABORAL,04:00,81.0,50.84621685470155,56.421052631578945
3,2026-04-13,LABORAL,04:30,93.0,134.12364181210958,140.4453781512605
3,2026-04-13,LABORAL,05:00,270.0,228.45813165169432,268.15833333333336
3,2026-04-13,LABORAL,05:30,294.0,218.53017576723622,239.86666666666667
3,2026-04-13,LABORAL,06:00,206.0,234.71274858299333,300.19166666666666
3,2026-04-13,LABORAL,06:30,291.0,198.35446495022845,210.90833333333333
3,2026-04-13,LABORAL,07:00,188.0,153.28059324309342,172.05833333333334
3,2026-04-13,LABORAL,07:30,144.0,136.7662547771491,150.78991596638656
3,2026-04-13,LABORAL,08:00,111.0,119.2767311912602,140.72413793103448
3,2026-04-13,LABORAL,08:30,55.0,144.12897381351775,139.2268907563025
3,2026-04-13,LABORAL,09:00,66.0,139.630946465582,137.91596638655463
3,2026-04-13,LABORAL,09:30,25.0,112.92506864909772,119.4322033898305
3,2026-04-13,LABORAL,10:00,114.0,137.86465500030403,129.64406779661016
3,2026-04-13,LABORAL,10:30,178.0,115.1804040745702,114.45833333333333
3,2026-04-13,LABORAL,11:00,48.0,83.6304461671749,110.09243697478992
3,2026-04-13,LABORAL,11:30,150.0,131.633180644181,130.3613445378151
3,2026-04-13,LABORAL,12:00,126.0,166.78293588383295,170.50833333333333
3,2026-04-13,LABORAL,12:30,147.0,134.58853440699437,137.83050847457628
3,2026-04-13,LABORAL,13:00,194.0,112.6820327890999,138.49166666666667
3,2026-04-13,LABORAL,13:30,70.0,140.18320466020438,134.19327731092437
3,2026-04-13,LABORAL,14:00,121.0,119.27377262030434,127.3109243697479
3,2026-04-13,LABORAL,14:30,121.0,133.81585365446102,144.45762711864407
3,2026-04-13,LABORAL,15:00,134.0,140.6012418239191,139.63025210084032
3,2026-04-13,LABORAL,15:30,118.0,122.80920859526019,135.20338983050848
3,2026-04-13,LABORAL,16:00,105.0,105.31017176301,106.01724137931035
3,2026-04-13,LABORAL,16:30,41.0,69.23278779336482,82.90517241379311
3,2026-04-13,LABORAL,17:00,48.0,51.52543607188714,52.75555555555555
3,2026-04-14,LABORAL,04:00,50.0,49.54924862873641,56.63478260869565
3,2026-04-14,LABORAL,04:30,113.0,150.8874912270735,140.05
3,2026-04-14,LABORAL,05:00,362.0,272.9885313074366,268.1735537190083
3,2026-04-14,LABORAL,05:30,148.0,249.21786950614631,240.31404958677686
3,2026-04-14,LABORAL,06:00,316.0,285.5804314549785,299.41322314049586
3,2026-04-14,LABORAL,06:30,252.0,219.44254997394216,211.5702479338843
3,2026-04-14,LABORAL,07:00,162.0,160.75585860870058,172.1900826446281
3,2026-04-14,LABORAL,07:30,163.0,156.8580522214247,150.73333333333332
3,2026-04-14,LABORAL,08:00,165.0,140.4572872891349,140.47008547008548
3,2026-04-14,LABORAL,08:30,139.0,151.64313960601132,138.525
3,2026-04-14,LABORAL,09:00,105.0,137.5901546798453,137.31666666666666
3,2026-04-14,LABORAL,09:30,134.0,120.19663961243621,118.63865546218487
3,2026-04-14,LABORAL,10:00,194.0,132.3852827140823,129.51260504201682
3,2026-04-14,LABORAL,10:30,62.0,119.61550809248409,114.98347107438016
3,2026-04-14,LABORAL,11:00,141.0,112.10775419515892,109.575
3,2026-04-14,LABORAL,11:30,145.0,129.11415365236013,130.525
3,2026-04-14,LABORAL,12:00,188.0,165.46765828038266,170.1404958677686
3,2026-04-14,LABORAL,12:30,141.0,139.1677131771637,137.9075630252101
3,2026-04-14,LABORAL,13:00,89.0,130.21029983284785,138.9504132231405
3,2026-04-14,LABORAL,13:30,188.0,128.85473737086193,133.65833333333333
3,2026-04-14,LABORAL,14:00,39.0,118.69076153124686,127.25833333333334
3,2026-04-14,LABORAL,14:30,142.0,145.54458215611703,144.26050420168067
3,2026-04-14,LABORAL,15:00,105.0,135.51601293519326,139.58333333333334
3,2026-04-14,LABORAL,15:30,163.0,128.54665476990206,135.05882352941177
3,2026-04-14,LABORAL,16:00,87.0,100.26216025688014,106.00854700854701
3,2026-04-14,LABORAL,16:30,83.0,74.34847894571124,82.54700854700855
3,2026-04-14,LABORAL,17:00,36.0,40.399728462328596,52.7032967032967
3,2026-04-14,LABORAL,17:30,10.0,32.26736102950288,34.3235294117647
3,2026-04-15,LABORAL,04:00,53.0,51.91713922088367,56.44347826086957
3,2026-04-15,LABORAL,04:30,128.0,156.0596357648179,139.575
3,2026-04-15,LABORAL,05:00,321.0,294.61698517074876,268.8677685950413
3,2026-04-15,LABORAL,05:30,297.0,250.8248609985376,240.89256198347107
3,2026-04-15,LABORAL,06:00,180.0,305.82937479254895,299.2892561983471
3,2026-04-15,LABORAL,06:30,204.0,230.2709150068736,211.88429752066116
3,2026-04-15,LABORAL,07:00,162.0,179.187104606704,171.44628099173553
3,2026-04-15,LABORAL,07:30,186.0,165.1542898816204,150.875
3,2026-04-15,LABORAL,08:00,171.0,150.64019115477464,140.82051282051282
3,2026-04-15,LABORAL,08:30,175.0,146.16607841601234,138.21666666666667
3,2026-04-15,LABORAL,09:00,140.0,142.44429908622595,136.31666666666666
3,2026-04-15,LABORAL,09:30,146.0,117.0376711446418,118.3109243697479
3,2026-04-15,LABORAL,10:00,87.0,134.63439576678826,129.7310924369748
3,2026-04-15,LABORAL,10:30,62.0,127.99863637230975,114.47107438016529
3,2026-04-15,LABORAL,11:00,67.0,122.81521978397018,109.59166666666667
3,2026-04-15,LABORAL,11:30,124.0,145.6711860234756,130.49166666666667
3,2026-04-15,LABORAL,12:00,158.0,176.26161452934056,169.1487603305785
3,2026-04-15,LABORAL,12:30,119.0,146.53965730251738,138.64705882352942
3,2026-04-15,LABORAL,13:00,90.0,136.503662048063,138.89256198347107
3,2026-04-15,LABORAL,13:30,148.0,123.35021109199356,133.65833333333333
3,2026-04-15,LABORAL,14:00,131.0,127.30724367868524,127.19166666666666
3,2026-04-15,LABORAL,14:30,146.0,148.33531738522944,143.5546218487395
3,2026-04-15,LABORAL,15:00,103.0,134.11197973896938,139.15
3,2026-04-15,LABORAL,15:30,54.0,136.98811269314467,134.49579831932772
3,2026-04-15,LABORAL,16:00,100.0,96.88825102875627,105.11965811965813
3,2026-04-15,LABORAL,16:30,56.0,74.14228803730605,82.71794871794872
3,2026-04-15,LABORAL,17:00,28.0,38.02540090833156,52.18681318681319
3,2026-04-16,LABORAL,04:00,51.0,55.34807903175046,56.278260869565216
3,2026-04-16,LABORAL,04:30,122.0,148.1125315006716,139.025
3,2026-04-16,LABORAL,05:00,310.0,279.0554259528077,269.72727272727275
3,2026-04-16,LABORAL,05:30,197.0,232.86622079374763,241.0082644628099
3,2026-04-16,LABORAL,06:00,258.0,289.0533511323627,298.10743801652893
3,2026-04-16,LABORAL,06:30,213.0,217.22570346867397,211.40495867768595
3,2026-04-16,LABORAL,07:00,209.0,172.38507042112298,172.0
3,2026-04-16,LABORAL,07:30,136.0,157.83953334901497,150.38333333333333
3,2026-04-16,LABORAL,08:00,78.0,143.46492413872068,140.56410256410257
3,2026-04-16,LABORAL,08:30,115.0,146.11794732812314,138.49166666666667
3,2026-04-16,LABORAL,09:00,138.0,133.87017531206814,136.225
3,2026-04-16,LABORAL,09:30,84.0,112.1579892800154,118.15126050420169
3,2026-04-16,LABORAL,10:00,149.0,127.51678570755094,129.4033613445378
3,2026-04-16,LABORAL,10:30,75.0,118.93270140484735,113.85950413223141
3,2026-04-16,LABORAL,11:00,73.0,120.72311544529428,109.51666666666667
3,2026-04-16,LABORAL,11:30,170.0,132.4054827696389,130.55833333333334
3,2026-04-16,LABORAL,12:00,159.0,166.51337848433553,168.93388429752065
3,2026-04-16,LABORAL,12:30,98.0,143.89239201865306,137.52941176470588
3,2026-04-16,LABORAL,13:00,146.0,142.28761448606394,138.86776859504133
3,2026-04-16,LABORAL,13:30,140.0,124.0636621176759,133.7
3,2026-04-16,LABORAL,14:00,26.0,128.19027668662886,127.34166666666667
3,2026-04-16,LABORAL,14:30,100.0,133.85035997408667,143.63025210084032
3,2026-04-16,LABORAL,15:00,171.0,126.14851678388439,138.85833333333332
3,2026-04-16,LABORAL,15:30,109.0,126.13291960287023,133.50420168067228
3,2026-04-16,LABORAL,16:00,91.0,89.89385655049878,104.58974358974359
3,2026-04-16,LABORAL,16:30,53.0,68.91086863478694,82.52136752136752
3,2026-04-16,LABORAL,17:00,49.0,43.846237163755816,51.65934065934066
3,2026-04-17,LABORAL,04:00,51.0,51.69858023637674,56.19130434782609
3,2026-04-17,LABORAL,04:30,175.0,128.1172847202309,138.71666666666667
3,2026-04-17,LABORAL,05:00,273.0,245.73675035468025,269.9586776859504
3,2026-04-17,LABORAL,05:30,179.0,198.15112156161,240.0495867768595
3,2026-04-17,LABORAL,06:00,288.0,257.390138395215,298.1900826446281
3,2026-04-17,LABORAL,06:30,291.0,195.08892883374037,211.50413223140495
3,2026-04-17,LABORAL,07:00,120.0,158.22582882180032,172.3801652892562
3,2026-04-17,LABORAL,07:30,111.0,138.8606435279641,150.44166666666666
3,2026-04-17,LABORAL,08:00,143.0,133.45101343806613,139.71794871794873
3,2026-04-17,LABORAL,08:30,187.0,131.40347928438254,138.14166666666668
3,2026-04-17,LABORAL,09:00,111.0,120.00075483816529,136.425
3,2026-04-17,LABORAL,09:30,136.0,102.46677192151594,118.19327731092437
3,2026-04-17,LABORAL,10:00,139.0,108.69400018186263,129.109243697479
3,2026-04-17,LABORAL,10:30,76.0,109.19961680332091,113.42148760330579
3,2026-04-17,LABORAL,11:00,105.0,103.96189767313749,109.06666666666666
3,2026-04-17,LABORAL,11:30,204.0,119.95141382168435,131.00833333333333
3,2026-04-17,LABORAL,12:00,196.0,144.53779073611184,168.94214876033058
3,2026-04-17,LABORAL,12:30,96.0,121.59641076424222,136.71428571428572
3,2026-04-17,LABORAL,13:00,114.0,133.90827417333216,138.76859504132233
3,2026-04-17,LABORAL,13:30,162.0,105.37591890744136,133.775
3,2026-04-17,LABORAL,14:30,106.0,116.66573553776703,143.08403361344537
3,2026-04-17,LABORAL,15:00,166.0,113.32203760479202,138.91666666666666
3,2026-04-17,LABORAL,15:30,98.0,110.28512025625048,133.2268907563025
3,2026-04-17,LABORAL,16:00,107.0,105.29071249732215,104.41880341880342
3,2026-04-17,LABORAL,16:30,80.0,79.99573959834946,82.12820512820512
3,2026-04-17,LABORAL,17:00,56.0,67.73005519374564,51.9010989010989
3,2026-04-18,SABADO,04:00,36.0,36.547446504732605,39.64
3,2026-04-18,SABADO,04:30,99.0,89.15372050304143,96.1923076923077
3,2026-04-18,SABADO,05:00,163.0,178.9548955996337,165.30769230769232
3,2026-04-18,SABADO,05:30,123.0,150.46979885080125,143.46153846153845
3,2026-04-18,SABADO,06:00,222.0,198.5236136613322,206.03846153846155
3,2026-04-18,SABADO,06:30,96.0,153.45812711727308,186.15384615384616
3,2026-04-18,SABADO,07:00,123.0,127.06719307347898,130.30769230769232
3,2026-04-18,SABADO,07:30,117.0,110.0267065853278,104.5
3,2026-04-18,SABADO,08:00,107.0,105.26531871838156,115.6923076923077
3,2026-04-18,SABADO,08:30,118.0,104.7298360985362,104.53846153846153
3,2026-04-18,SABADO,09:00,90.0,88.87853798753267,92.61538461538461
3,2026-04-18,SABADO,09:30,53.0,77.03884102597277,87.88461538461539
3,2026-04-18,SABADO,10:00,50.0,76.04975527994594,84.57692307692308
3,2026-04-18,SABADO,10:30,64.0,90.19232611691237,79.34615384615384
3,2026-04-18,SABADO,11:00,47.0,78.11677966337786,90.88461538461539
3,2026-04-18,SABADO,11:30,125.0,85.41429390821162,78.96
3,2026-04-18,SABADO,12:00,83.0,98.23200224814292,84.92307692307692
3,2026-04-18,SABADO,12:30,46.0,74.2341973017398,76.95652173913044
3,2026-04-18,SABADO,13:00,68.0,98.40158478766858,72.34782608695652
3,2026-04-18,SABADO,13:30,26.0,66.65484411630632,61.36
3,2026-04-18,SABADO,14:00,98.0,80.59566734353749,67.45833333333333
3,2026-04-18,SABADO,14:30,29.0,74.43606295645205,66.375
3,2026-04-18,SABADO,15:00,35.0,76.31939186755463,71.04347826086956
3,2026-04-18,SABADO,15:30,42.0,56.91325234341417,58.68181818181818
3,2026-04-18,SABADO,16:00,39.0,51.72880002303545,49.78947368421053
3,2026-04-19,DOMINGO,07:00,26.0,33.730886170819105,28.31578947368421
3,2026-04-19,DOMINGO,07:30,51.0,31.869114827358317,34.47826086956522
3,2026-04-19,DOMINGO,08:00,47.0,32.48870998366945,40.708333333333336
3,2026-04-19,DOMINGO,09:00,45.0,26.051845491586548,36.64705882352941
3,2026-04-19,DOMINGO,09:30,36.0,32.55044424911692,32.95238095238095
3,2026-04-19,DOMINGO,11:30,27.0,38.61695553227864,30.9375
3,2026-04-19,DOMINGO,12:00,23.0,44.96787572948601,35.40909090909091
3,2026-04-19,DOMINGO,13:00,24.0,32.18773033905963,31.61111111111111
3,2026-04-19,DOMINGO,14:00,22.0,41.89627517292209,30.318181818181817
3,2026-04-19,DOMINGO,14:30,25.0,40.763624704912374,36.375
3,2026-04-19,DOMINGO,15:30,22.0,28.4544617333559,31.692307692307693
3,2026-04-20,LABORAL,04:00,57.0,46.12957433028869,56.017391304347825
3,2026-04-20,LABORAL,04:30,82.0,157.54800778570595,138.93333333333334
3,2026-04-20,LABORAL,05:00,294.0,264.4017807962265,269.88429752066116
3,2026-04-20,LABORAL,05:30,278.0,252.7942511532401,239.92561983471074
3,2026-04-20,LABORAL,06:00,271.0,260.58458996064974,296.7603305785124
3,2026-04-20,LABORAL,06:30,261.0,217.73532093280548,212.47107438016528
3,2026-04-20,LABORAL,07:00,86.0,156.19438698550502,171.93388429752065
3,2026-04-20,LABORAL,07:30,107.0,142.8045541555617,150.16666666666666
3,2026-04-20,LABORAL,08:00,121.0,122.22031105541579,139.07692307692307
3,2026-04-20,LABORAL,08:30,84.0,142.53232879566423,138.86666666666667
3,2026-04-20,LABORAL,09:00,139.0,142.8897440276428,136.34166666666667
3,2026-04-20,LABORAL,09:30,84.0,120.70005150458974,118.58823529411765
3,2026-04-20,LABORAL,10:00,127.0,144.32459814220874,128.60504201680672
3,2026-04-20,LABORAL,10:30,60.0,117.4802343048175,113.2396694214876
3,2026-04-20,LABORAL,11:00,177.0,81.83023310858692,108.98333333333333
3,2026-04-20,LABORAL,11:30,93.0,135.04586016963094,131.53333333333333
3,2026-04-20,LABORAL,12:00,147.0,175.51752943108164,168.84297520661158
3,2026-04-20,LABORAL,12:30,140.0,141.0627944976861,136.47899159663865
3,2026-04-20,LABORAL,13:00,133.0,124.33459972287913,138.5206611570248
3,2026-04-20,LABORAL,13:30,185.0,136.11578432121843,133.49166666666667
3,2026-04-20,LABORAL,14:00,147.0,124.11570957959191,126.68067226890756
3,2026-04-20,LABORAL,14:30,106.0,157.35986337026486,142.83193277310923
3,2026-04-20,LABORAL,15:00,110.0,149.52372454219866,139.1404958677686
3,2026-04-20,LABORAL,15:30,118.0,124.2790553827331,132.61344537815125
3,2026-04-20,LABORAL,16:00,138.0,110.39024059426748,104.44067796610169
3,2026-04-20,LABORAL,16:30,43.0,70.17135225803533,82.0
3,2026-04-20,LABORAL,17:00,80.0,30.608333489809908,52.05494505494506
3,2026-04-21,LABORAL,04:00,49.0,47.48161018530239,55.96521739130435
3,2026-04-21,LABORAL,04:30,182.0,136.46154078763837,138.23333333333332
3,2026-04-21,LABORAL,05:00,297.0,262.51714043216816,269.87603305785126
3,2026-04-21,LABORAL,05:30,350.0,239.54614667496543,240.13223140495867
3,2026-04-21,LABORAL,06:00,273.0,287.6344585274973,296.72727272727275
3,2026-04-21,LABORAL,06:30,204.0,212.2721348929391,211.67768595041323
3,2026-04-21,LABORAL,07:00,171.0,167.51273277427168,171.48760330578511
3,2026-04-21,LABORAL,07:30,190.0,147.96127807839056,149.725
3,2026-04-21,LABORAL,08:00,108.0,126.90316750047025,138.39316239316238
3,2026-04-21,LABORAL,08:30,167.0,132.82709065441597,138.23333333333332
3,2026-04-21,LABORAL,09:00,104.0,128.8944999471193,136.275
3,2026-04-21,LABORAL,09:30,65.0,111.72377769650375,118.15966386554622
3,2026-04-21,LABORAL,10:00,131.0,126.5610095213721,128.4033613445378
3,2026-04-21,LABORAL,10:30,154.0,107.0994101582587,112.78512396694215
3,2026-04-21,LABORAL,11:00,90.0,113.88576507082277,109.16666666666667
3,2026-04-21,LABORAL,11:30,135.0,132.83162724441564,131.29166666666666
3,2026-04-21,LABORAL,12:00,190.0,160.7587003159886,168.72727272727272
3,2026-04-21,LABORAL,12:30,73.0,133.67878786978625,135.91596638655463
3,2026-04-21,LABORAL,13:00,145.0,118.79329693096969,138.84297520661158
3,2026-04-21,LABORAL,13:30,199.0,120.2846108210924,133.4
3,2026-04-21,LABORAL,14:00,108.0,113.68860137010894,126.36974789915966
3,2026-04-21,LABORAL,14:30,101.0,139.76600755118622,142.6638655462185
3,2026-04-21,LABORAL,15:00,119.0,129.08188515154643,138.78512396694214
3,2026-04-21,LABORAL,15:30,204.0,126.14540298918725,131.5966386554622
3,2026-04-21,LABORAL,16:00,131.0,90.8917869417462,105.28813559322033
3,2026-04-21,LABORAL,16:30,34.0,75.92545716322624,81.41025641025641
3,2026-04-21,LABORAL,18:00,20.0,40.70531502343326,12.666666666666666
3,2026-04-22,LABORAL,04:00,42.0,52.59718532202662,55.904347826086955
3,2026-04-22,LABORAL,04:30,121.0,147.2420443799669,138.68333333333334
3,2026-04-22,LABORAL,05:00,295.0,269.68721645499636,269.73553719008265
3,2026-04-22,LABORAL,05:30,188.0,243.7196145574274,240.61157024793388
3,2026-04-22,LABORAL,06:00,525.0,305.51258925104094,296.5289256198347
3,2026-04-22,LABORAL,06:30,146.0,214.91228169523183,211.32231404958677
3,2026-04-22,LABORAL,07:00,154.0,168.85082449152952,171.48760330578511
3,2026-04-22,LABORAL,07:30,158.0,153.47470742307317,149.78333333333333
3,2026-04-22,LABORAL,08:00,84.0,139.15147127374084,138.0
3,2026-04-22,LABORAL,08:30,111.0,139.364357960548,138.48333333333332
3,2026-04-22,LABORAL,09:00,127.0,130.07157025794652,135.59166666666667
3,2026-04-22,LABORAL,09:30,137.0,114.36745195697002,117.74789915966386
3,2026-04-22,LABORAL,10:00,95.0,131.65253514083085,128.18487394957984
3,2026-04-22,LABORAL,10:30,114.0,108.89719164439398,112.90082644628099
3,2026-04-22,LABORAL,11:00,113.0,120.30320293423122,109.30833333333334
3,2026-04-22,LABORAL,11:30,105.0,135.24074049234608,131.14166666666668
3,2026-04-22,LABORAL,12:00,167.0,165.12432976735198,168.52892561983472
3,2026-04-22,LABORAL,12:30,124.0,143.83163248377696,135.3781512605042
3,2026-04-22,LABORAL,13:00,63.0,132.41608461632754,139.02479338842974
3,2026-04-22,LABORAL,13:30,149.0,126.21693550840783,133.83333333333334
3,2026-04-22,LABORAL,14:00,43.0,125.02955402818264,125.97478991596638
3,2026-04-22,LABORAL,14:30,43.0,145.70614117589298,141.49579831932772
3,2026-04-22,LABORAL,15:00,78.0,127.61438970615849,139.2396694214876
3,2026-04-22,LABORAL,15:30,107.0,135.2749672579451,131.63025210084032
3,2026-04-22,LABORAL,16:00,124.0,98.67349186425797,105.23728813559322
3,2026-04-22,LABORAL,16:30,55.0,74.70717423214889,80.72649572649573
3,2026-04-22,LABORAL,17:00,47.0,40.10125319611967,51.83516483516483
3,2026-04-23,LABORAL,04:00,43.0,52.177788730912525,55.78448275862069
3,2026-04-23,LABORAL,04:30,119.0,134.6320048054209,137.81666666666666
3,2026-04-23,LABORAL,05:00,288.0,252.9728332128699,269.7190082644628
3,2026-04-23,LABORAL,05:30,248.0,218.14265621800615,239.27272727272728
3,2026-04-23,LABORAL,06:00,152.0,273.9500087383495,298.5702479338843
3,2026-04-23,LABORAL,06:30,214.0,200.58742377919913,211.47107438016528
3,2026-04-23,LABORAL,07:00,175.0,164.4390409961901,171.23140495867767
3,2026-04-23,LABORAL,07:30,169.0,146.99128596006835,149.825
3,2026-04-23,LABORAL,08:00,119.0,136.2204408619087,137.23931623931625
3,2026-04-23,LABORAL,08:30,187.0,136.20115395851036,139.05
3,2026-04-23,LABORAL,09:00,137.0,134.4648966919122,134.90833333333333
3,2026-04-23,LABORAL,09:30,109.0,107.46052134827292,117.89075630252101
3,2026-04-23,LABORAL,10:00,93.0,117.13525922543025,128.0672268907563
3,2026-04-23,LABORAL,10:30,120.0,106.93926706224826,113.13223140495867
3,2026-04-23,LABORAL,11:00,82.0,106.87437212541819,109.45833333333333
3,2026-04-23,LABORAL,11:30,73.0,127.53952073594454,130.89166666666668
3,2026-04-23,LABORAL,12:00,151.0,159.8287648275741,168.5206611570248
3,2026-04-23,LABORAL,12:30,140.0,134.69820435478306,135.2436974789916
3,2026-04-23,LABORAL,13:00,104.0,147.73922239552815,138.31404958677686
3,2026-04-23,LABORAL,14:00,50.0,120.61677253337274,125.08403361344538
3,2026-04-23,LABORAL,15:00,59.0,122.55147804160005,138.79338842975207
3,2026-04-23,LABORAL,17:00,32.0,123.77763698518551,51.83516483516483
3,2026-04-24,LABORAL,04:00,45.0,41.55802191974679,55.675213675213676
3,2026-04-24,LABORAL,04:30,118.0,87.99586281756726,137.625
3,2026-04-24,LABORAL,05:00,248.0,181.50222014085372,269.900826446281
3,2026-04-24,LABORAL,05:30,285.0,142.6686029085326,238.6198347107438
3,2026-04-24,LABORAL,06:00,202.0,181.65208087078534,297.02479338842977
3,2026-04-24,LABORAL,06:30,320.0,138.22887309204765,211.8099173553719
3,2026-04-24,LABORAL,07:00,52.0,122.30205071785839,170.87603305785123
3,2026-04-24,LABORAL,07:30,171.0,95.2179762713688,150.21666666666667
3,2026-04-24,LABORAL,08:00,148.0,93.72709431360119,136.46153846153845
3,2026-04-24,LABORAL,08:30,150.0,105.5989284934179,139.79166666666666
3,2026-04-24,LABORAL,09:00,84.0,99.02475436295929,135.18333333333334
3,2026-04-24,LABORAL,09:30,78.0,70.31703431399438,117.81512605042016
3,2026-04-24,LABORAL,10:00,145.0,85.78753525473894,127.52100840336135
3,2026-04-24,LABORAL,10:30,92.0,77.05949449534162,113.2396694214876
3,2026-04-24,LABORAL,11:00,59.0,71.86913715190929,109.14166666666667
3,2026-04-24,LABORAL,11:30,126.0,96.02926134960867,130.30833333333334
3,2026-04-24,LABORAL,12:00,190.0,122.74988844054192,168.34710743801654
3,2026-04-24,LABORAL,12:30,116.0,96.88470617993286,135.64705882352942
3,2026-04-24,LABORAL,13:00,120.0,124.43890225479625,137.89256198347107
3,2026-04-24,LABORAL,13:30,144.0,90.86170520465927,134.6638655462185
3,2026-04-24,LABORAL,14:30,30.0,99.15632706291204,140.28813559322035
3,2026-04-24,LABORAL,15:00,175.0,91.96759492979879,138.50413223140495
3,2026-04-24,LABORAL,15:30,49.0,98.0998751652392,130.364406779661
3,2026-04-24,LABORAL,16:00,59.0,77.34667671253345,105.03418803418803
3,2026-04-24,LABORAL,16:30,71.0,72.63047446476364,80.72413793103448
3,2026-04-25,SABADO,04:00,32.0,33.64607170542462,39.24
3,2026-04-25,SABADO,04:30,105.0,81.43042547353005,96.0
3,2026-04-25,SABADO,05:00,176.0,166.5408356464156,164.26923076923077
3,2026-04-25,SABADO,05:30,122.0,136.2511476334742,141.57692307692307
3,2026-04-25,SABADO,06:00,210.0,181.25180790336154,205.1153846153846
3,2026-04-25,SABADO,06:30,208.0,146.34554094934325,182.1153846153846
3,2026-04-25,SABADO,07:00,93.0,126.6086519681719,126.88461538461539
3,2026-04-25,SABADO,07:30,136.0,97.99790245436357,106.03846153846153
3,2026-04-25,SABADO,08:00,148.0,102.74784764613415,114.11538461538461
3,2026-04-25,SABADO,08:30,61.0,102.35570998369602,105.96153846153847
3,2026-04-25,SABADO,09:00,116.0,91.7007634521155,92.0
3,2026-04-25,SABADO,09:30,49.0,74.42512911202681,86.96153846153847
3,2026-04-25,SABADO,10:00,101.0,77.89546604651605,82.38461538461539
3,2026-04-25,SABADO,10:30,95.0,84.07214584282994,79.53846153846153
3,2026-04-25,SABADO,11:00,85.0,72.28529119311172,86.76923076923077
3,2026-04-25,SABADO,11:30,82.0,85.09409318292103,80.24
3,2026-04-25,SABADO,12:00,29.0,98.75925664802898,86.53846153846153
3,2026-04-25,SABADO,12:30,76.0,71.26470524516566,73.47826086956522
3,2026-04-25,SABADO,13:00,63.0,91.93625593086739,71.82608695652173
3,2026-04-25,SABADO,14:00,93.0,60.31810880885121,67.0
3,2026-04-25,SABADO,14:30,34.0,76.68552441419422,66.75
3,2026-04-25,SABADO,15:00,56.0,62.0148921264172,69.0
3,2026-04-25,SABADO,15:30,45.0,68.32838310643277,57.40909090909091
3,2026-04-26,DOMINGO,07:00,28.0,29.323874675558272,28.2
3,2026-04-26,DOMINGO,07:30,33.0,26.354297844368574,34.82608695652174
3,2026-04-26,DOMINGO,08:00,23.0,31.97246983455564,39.958333333333336
3,2026-04-26,DOMINGO,09:00,39.0,28.68205066125377,37.94117647058823
3,2026-04-26,DOMINGO,10:30,34.0,29.719154113001423,36.473684210526315
3,2026-04-26,DOMINGO,11:00,24.0,35.85975294691704,39.1764705882353
3,2026-04-26,DOMINGO,11:30,27.0,39.33832868535889,31.3125
3,2026-04-26,DOMINGO,12:00,27.0,25.687464080673507,35.54545454545455
3,2026-04-26,DOMINGO,13:30,48.0,34.190761457207046,31.25
3,2026-04-26,DOMINGO,14:30,25.0,37.62716372200734,34.6875
3,2026-04-27,LABORAL,04:00,48.0,45.97245419767303,55.53846153846154
3,2026-04-27,LABORAL,04:30,124.0,140.5811162756751,137.525
3,2026-04-27,LABORAL,05:00,339.0,255.07798394066322,269.3057851239669
3,2026-04-27,LABORAL,05:30,244.0,237.6706611473143,238.45454545454547
3,2026-04-27,LABORAL,06:00,400.0,238.07149081143433,296.11570247933884
3,2026-04-27,LABORAL,06:30,222.0,212.95510573711408,212.70247933884298
3,2026-04-27,LABORAL,07:00,77.0,157.56673721598435,169.98347107438016
3,2026-04-27,LABORAL,07:30,213.0,147.70338319970173,150.4
3,2026-04-27,LABORAL,08:00,90.0,128.49768272628108,136.54700854700855
3,2026-04-27,LABORAL,08:30,102.0,140.70945312089196,140.20833333333334
3,2026-04-27,LABORAL,09:00,115.0,145.69312328960882,134.35833333333332
3,2026-04-27,LABORAL,09:30,113.0,118.13507871437398,117.61344537815125
3,2026-04-27,LABORAL,10:00,184.0,148.2780228970032,128.03361344537817
3,2026-04-27,LABORAL,10:30,79.0,113.17536266584268,112.61157024793388
3,2026-04-27,LABORAL,11:00,111.0,80.22899796982716,109.25833333333334
3,2026-04-27,LABORAL,11:30,92.0,135.6118582194576,130.55
3,2026-04-27,LABORAL,12:00,195.0,175.71421575093945,168.10743801652893
3,2026-04-27,LABORAL,12:30,105.0,144.25671462514367,135.71428571428572
3,2026-04-27,LABORAL,13:00,135.0,130.5516750232331,137.88429752066116
3,2026-04-27,LABORAL,13:30,143.0,143.8461665318303,134.52941176470588
3,2026-04-27,LABORAL,14:00,102.0,117.2552074848542,124.22033898305085
3,2026-04-27,LABORAL,14:30,222.0,150.04011437573908,139.5084745762712
3,2026-04-27,LABORAL,15:00,95.0,142.43839478064032,138.10743801652893
3,2026-04-27,LABORAL,15:30,88.0,120.24088121626455,129.76271186440678
3,2026-04-27,LABORAL,16:00,114.0,112.58149955839774,104.38461538461539
3,2026-04-27,LABORAL,16:30,34.0,74.46701056288919,80.64102564102564
3,2026-04-27,LABORAL,17:00,30.0,32.13748832344926,51.65934065934066
3,2026-04-27,LABORAL,17:30,29.0,28.859899072030515,33.59375
3,2026-04-28,LABORAL,04:00,35.0,52.02099715222323,55.41880341880342
3,2026-04-28,LABORAL,04:30,106.0,150.2834172126425,137.21666666666667
3,2026-04-28,LABORAL,05:00,354.0,283.53285770787664,269.8347107438017
3,2026-04-28,LABORAL,05:30,201.0,250.7251139056537,238.50413223140495
3,2026-04-28,LABORAL,06:00,213.0,307.9267923495368,296.4793388429752
3,2026-04-28,LABORAL,06:30,209.0,227.306962424407,212.9917355371901
3,2026-04-28,LABORAL,07:00,185.0,180.1875943977771,169.0909090909091
3,2026-04-28,LABORAL,07:30,124.0,157.0782195970056,151.30833333333334
3,2026-04-28,LABORAL,08:00,171.0,148.5800873936117,136.73504273504273
3,2026-04-28,LABORAL,08:30,142.0,141.02452941766657,140.08333333333334
3,2026-04-28,LABORAL,09:00,133.0,136.31555279245657,134.51666666666668
3,2026-04-28,LABORAL,09:30,107.0,115.69245983512262,116.96638655462185
3,2026-04-28,LABORAL,10:00,76.0,132.54137171100365,128.69747899159663
3,2026-04-28,LABORAL,10:30,124.0,126.80078042726507,112.51239669421487
3,2026-04-28,LABORAL,11:00,89.0,112.69838282091155,109.38333333333334
3,2026-04-28,LABORAL,11:30,137.0,135.3579273318044,130.15
3,2026-04-28,LABORAL,12:00,174.0,160.3971536643944,168.1900826446281
3,2026-04-28,LABORAL,12:30,164.0,140.81974208617805,135.30252100840337
3,2026-04-28,LABORAL,13:00,99.0,127.34141554285925,138.13223140495867
3,2026-04-28,LABORAL,13:30,75.0,125.2185348432333,134.60504201680672
3,2026-04-28,LABORAL,14:00,195.0,123.60878290738786,124.05084745762711
3,2026-04-28,LABORAL,14:30,109.0,146.4226082730339,139.98305084745763
3,2026-04-28,LABORAL,15:00,97.0,127.70953917707865,137.17355371900825
3,2026-04-28,LABORAL,15:30,149.0,132.91092857572062,128.77118644067798
3,2026-04-28,LABORAL,16:00,128.0,94.4207847704592,104.33333333333333
3,2026-04-28,LABORAL,16:30,53.0,79.29206405679335,80.53846153846153
3,2026-04-28,LABORAL,17:00,30.0,39.265205450680185,51.57142857142857
3,2026-04-29,LABORAL,04:00,51.0,51.980455729992386,55.282051282051285
3,2026-04-29,LABORAL,04:30,134.0,149.59019248751744,136.75
3,2026-04-29,LABORAL,05:00,434.0,270.01282962015233,270.5702479338843
3,2026-04-29,LABORAL,05:30,237.0,249.79354239179372,237.80165289256198
3,2026-04-29,LABORAL,06:00,291.0,308.0529362539851,295.3801652892562
3,2026-04-29,LABORAL,06:30,175.0,221.11596885768262,212.6694214876033
3,2026-04-29,LABORAL,07:00,141.0,173.69042004044434,169.27272727272728
3,2026-04-29,LABORAL,07:30,197.0,156.46508001854306,150.95
3,2026-04-29,LABORAL,08:00,161.0,149.04241495547453,136.67521367521368
3,2026-04-29,LABORAL,08:30,102.0,141.550363896315,139.76666666666668
3,2026-04-29,LABORAL,09:00,182.0,140.1771243881791,134.91666666666666
3,2026-04-29,LABORAL,09:30,82.0,114.7106618012293,116.72268907563026
3,2026-04-29,LABORAL,10:00,88.0,132.56992142963006,128.25210084033614
3,2026-04-29,LABORAL,10:30,170.0,119.70745851427917,112.66115702479338
3,2026-04-29,LABORAL,11:00,102.0,118.72152298008673,108.79166666666667
3,2026-04-29,LABORAL,11:30,196.0,132.850912120477,129.76666666666668
3,2026-04-29,LABORAL,12:00,107.0,169.01036427485428,167.97520661157026
3,2026-04-29,LABORAL,12:30,134.0,141.7193641195441,135.76470588235293
3,2026-04-29,LABORAL,13:00,112.0,137.7405941680353,138.34710743801654
3,2026-04-29,LABORAL,13:30,59.0,125.75429413959309,134.42857142857142
3,2026-04-29,LABORAL,14:00,182.0,124.27778314441132,124.33898305084746
3,2026-04-29,LABORAL,14:30,119.0,142.82287312166753,139.38135593220338
3,2026-04-29,LABORAL,15:00,145.0,124.17497590929301,136.3305785123967
3,2026-04-29,LABORAL,15:30,129.0,132.83360454729748,129.40677966101694
3,2026-04-29,LABORAL,16:00,96.0,90.07184648176765,104.09401709401709
3,2026-04-29,LABORAL,16:30,70.0,77.6629148267665,80.47863247863248
3,2026-04-30,LABORAL,04:00,45.0,56.01529704265306,55.24786324786325
3,2026-04-30,LABORAL,04:30,124.0,140.76295647141106,136.85
3,2026-04-30,LABORAL,05:00,353.0,267.05352698705246,271.31404958677683
3,2026-04-30,LABORAL,05:30,268.0,231.48302196728753,237.94214876033058
3,2026-04-30,LABORAL,06:00,175.0,292.9987139370109,295.4793388429752
3,2026-04-30,LABORAL,06:30,288.0,209.23131636262536,211.93388429752065
3,2026-04-30,LABORAL,07:00,130.0,169.75473480485715,168.73553719008265
3,2026-04-30,LABORAL,07:30,145.0,153.87655474155315,150.98333333333332
3,2026-04-30,LABORAL,08:00,195.0,142.90124196605785,137.03418803418805
3,2026-04-30,LABORAL,08:30,140.0,145.75690241209531,139.25
3,2026-04-30,LABORAL,09:00,160.0,137.61609501136314,135.69166666666666
3,2026-04-30,LABORAL,09:30,111.0,113.87770056170137,116.27731092436974
3,2026-04-30,LABORAL,10:00,146.0,127.25655703074388,127.78991596638656
3,2026-04-30,LABORAL,10:30,125.0,112.37424563727691,113.50413223140495
3,2026-04-30,LABORAL,11:00,86.0,118.1464194552643,108.1
3,2026-04-30,LABORAL,11:30,98.0,129.6781000516736,130.16666666666666
3,2026-04-30,LABORAL,12:00,162.0,169.10725732306867,167.71074380165288
3,2026-04-30,LABORAL,12:30,119.0,138.24609268575128,135.61344537815125
3,2026-04-30,LABORAL,13:00,204.0,146.95264048307587,138.17355371900825
3,2026-04-30,LABORAL,13:30,136.0,129.89128766036026,133.1764705882353
3,2026-04-30,LABORAL,14:00,139.0,129.34711468702795,125.04237288135593
3,2026-04-30,LABORAL,14:30,136.0,138.23153089425082,139.88983050847457
3,2026-04-30,LABORAL,15:00,193.0,122.1848876367259,136.1404958677686
3,2026-04-30,LABORAL,15:30,58.0,129.44436556369178,129.11016949152543
3,2026-04-30,LABORAL,16:00,139.0,92.5075969747961,104.02542372881356
3,2026-04-30,LABORAL,16:30,31.0,72.4340955834113,79.66666666666667
3,2026-04-30,LABORAL,17:00,47.0,44.0784229561438,50.86666666666667
3,2026-05-01,FESTIVO,07:00,40.0,40.363058292374404,12.666666666666666
3,2026-05-01,FESTIVO,07:30,24.0,90.28009014435318,35.0
3,2026-05-01,FESTIVO,08:00,50.0,176.17802182981205,13.0
3,2026-05-01,FESTIVO,08:30,26.0,164.72160662253455,30.5
3,2026-05-01,FESTIVO,09:00,60.0,216.819274930865,27.666666666666668
3,2026-05-01,FESTIVO,09:30,41.0,152.8997924098121,17.0
3,2026-05-01,FESTIVO,10:00,6.0,117.18694170110905,24.0
3,2026-05-01,FESTIVO,10:30,47.0,99.48093339082669,31.5
3,2026-05-01,FESTIVO,11:00,25.0,104.49191142688659,18.0
3,2026-05-01,FESTIVO,11:30,27.0,107.85377620516402,44.0
3,2026-05-01,FESTIVO,12:00,51.0,80.61154478994054,14.0
3,2026-05-01,FESTIVO,12:30,18.0,73.82620875473327,36.0
3,2026-05-01,FESTIVO,13:00,23.0,82.3249209724872,26.333333333333332
3,2026-05-01,FESTIVO,13:30,52.0,78.90668751774346,13.0
3,2026-05-01,FESTIVO,14:00,28.0,98.3715597052899,23.5
3,2026-05-01,FESTIVO,14:30,31.0,88.0792751448612,30.5
3,2026-05-01,FESTIVO,15:00,23.0,99.18443656855428,24.5
3,2026-05-01,FESTIVO,15:30,30.0,74.51915268059498,20.0
3,2026-05-02,SABADO,04:00,26.0,34.473101380172906,38.88
3,2026-05-02,SABADO,04:30,66.0,60.481409864527436,97.46153846153847
3,2026-05-02,SABADO,05:00,90.0,104.41827048961714,160.69230769230768
3,2026-05-02,SABADO,05:30,149.0,84.51912874655325,142.6153846153846
3,2026-05-02,SABADO,06:00,120.0,91.76371484700044,201.3846153846154
3,2026-05-02,SABADO,06:30,198.0,85.80517371792102,184.65384615384616
3,2026-05-02,SABADO,07:00,136.0,77.96461194445536,125.23076923076923
3,2026-05-02,SABADO,07:30,59.0,65.21781004162821,105.8076923076923
3,2026-05-02,SABADO,08:00,98.0,67.17723702735674,116.11538461538461
3,2026-05-02,SABADO,08:30,74.0,66.42980791341746,103.73076923076923
3,2026-05-02,SABADO,09:00,124.0,67.54716753572478,92.57692307692308
3,2026-05-02,SABADO,09:30,38.0,51.74191325228318,83.5
3,2026-05-02,SABADO,10:00,61.0,60.11491266680768,84.26923076923077
3,2026-05-02,SABADO,10:30,117.0,52.276538103932694,81.3076923076923
3,2026-05-02,SABADO,11:00,83.0,45.33045832218653,85.84615384615384
3,2026-05-02,SABADO,11:30,99.0,64.97907731275464,81.6
3,2026-05-02,SABADO,12:00,57.0,77.98139072530131,82.53846153846153
3,2026-05-02,SABADO,12:30,55.0,60.87575696283594,73.58333333333333
3,2026-05-02,SABADO,13:00,53.0,66.83829781168077,71.45833333333333
3,2026-05-02,SABADO,13:30,100.0,41.84858462758321,59.75
3,2026-05-02,SABADO,14:00,40.0,65.81321930552957,68.04
3,2026-05-02,SABADO,14:30,79.0,54.80098868292646,65.58333333333333
3,2026-05-02,SABADO,15:00,45.0,61.639054246040594,68.45833333333333
3,2026-05-02,SABADO,15:30,75.0,16.367258828790483,55.45454545454545
3,2026-05-02,SABADO,16:00,39.0,59.56703819881112,47.36842105263158
3,2026-05-02,SABADO,16:30,45.0,58.886693709303174,51.92307692307692
3,2026-05-03,DOMINGO,08:00,32.0,22.664359136304867,38.541666666666664
3,2026-05-03,DOMINGO,09:00,17.0,31.874822214869624,38.705882352941174
3,2026-05-03,DOMINGO,10:30,33.0,48.09781197544588,37.21052631578947
3,2026-05-03,DOMINGO,11:30,27.0,43.283986915509445,31.058823529411764
3,2026-05-03,DOMINGO,13:00,26.0,54.392865816916895,31.555555555555557
3,2026-05-03,DOMINGO,13:30,41.0,45.58637659579192,32.6875
3,2026-05-03,DOMINGO,14:30,23.0,48.16320397458372,34.11764705882353
3,2026-05-03,DOMINGO,15:00,29.0,32.200990897803294,31.833333333333332
3,2026-05-04,LABORAL,04:00,74.0,47.70949596911075,55.18103448275862
3,2026-05-04,LABORAL,04:30,106.0,144.8163430141547,136.5966386554622
3,2026-05-04,LABORAL,05:00,271.0,271.25107619984436,272.15833333333336
3,2026-05-04,LABORAL,05:30,195.0,251.91288041142667,237.88333333333333
3,2026-05-04,LABORAL,06:00,323.0,251.98270245541718,295.15833333333336
3,2026-05-04,LABORAL,06:30,190.0,218.6752160589046,212.45
3,2026-05-04,LABORAL,07:00,175.0,162.87882065377354,167.99166666666667
3,2026-05-04,LABORAL,07:30,129.0,146.92265726644197,150.34453781512605
3,2026-05-04,LABORAL,08:00,151.0,125.04709458722873,137.04310344827587
3,2026-05-04,LABORAL,08:30,125.0,134.6414185925911,139.7563025210084
3,2026-05-04,LABORAL,09:00,154.0,143.61603232540583,135.57983193277312
3,2026-05-04,LABORAL,09:30,85.0,118.04196109973924,116.83898305084746
3,2026-05-04,LABORAL,10:00,128.0,148.208760119594,127.7542372881356
3,2026-05-04,LABORAL,10:30,154.0,116.03711487726147,113.21666666666667
3,2026-05-04,LABORAL,11:00,68.0,81.57130233516929,108.03361344537815
3,2026-05-04,LABORAL,11:30,195.0,135.78471113046243,129.32773109243698
3,2026-05-04,LABORAL,12:00,164.0,171.95808818831037,167.65
3,2026-05-04,LABORAL,12:30,87.0,147.83214845758198,135.9747899159664
3,2026-05-04,LABORAL,13:00,234.0,139.43923778288305,137.7
3,2026-05-04,LABORAL,13:30,81.0,146.57418550384614,132.75423728813558
3,2026-05-04,LABORAL,14:00,82.0,118.47859861140108,125.19658119658119
3,2026-05-04,LABORAL,14:30,135.0,147.9140403858876,139.82051282051282
3,2026-05-04,LABORAL,15:00,160.0,143.0311576109312,136.04166666666666
3,2026-05-04,LABORAL,15:30,111.0,118.79531960733624,128.52136752136752
3,2026-05-04,LABORAL,16:00,126.0,107.61011025397025,103.99145299145299
3,2026-05-04,LABORAL,16:30,47.0,75.85071573247778,79.96551724137932
3,2026-05-04,LABORAL,17:00,80.0,33.83984814113715,50.70786516853933
3,2026-05-05,LABORAL,04:00,46.0,50.421322751257605,55.34188034188034
3,2026-05-05,LABORAL,04:30,136.0,144.550177044398,136.34166666666667
3,2026-05-05,LABORAL,05:00,301.0,258.4907857772743,272.1487603305785
3,2026-05-05,LABORAL,05:30,298.0,254.4459255311665,237.52892561983472
3,2026-05-05,LABORAL,06:00,236.0,303.4963116025077,295.3884297520661
3,2026-05-05,LABORAL,06:30,194.0,213.61818808584238,212.26446280991735
3,2026-05-05,LABORAL,07:00,61.0,171.6814844936984,168.0495867768595
3,2026-05-05,LABORAL,07:30,187.0,156.10611796883884,150.16666666666666
3,2026-05-05,LABORAL,08:00,103.0,140.62304435783926,137.16239316239316
3,2026-05-05,LABORAL,08:30,237.0,136.68926006633194,139.63333333333333
3,2026-05-05,LABORAL,09:00,67.0,137.34399696991198,135.73333333333332
3,2026-05-05,LABORAL,09:30,177.0,115.3658238953754,116.57142857142857
3,2026-05-05,LABORAL,10:00,102.0,132.35637514602763,127.75630252100841
3,2026-05-05,LABORAL,10:30,71.0,112.96271663805157,113.55371900826447
3,2026-05-05,LABORAL,11:00,114.0,110.68579060817467,107.7
3,2026-05-05,LABORAL,11:30,147.0,132.6163183945783,129.875
3,2026-05-05,LABORAL,12:00,235.0,161.54077811169424,167.6198347107438
3,2026-05-05,LABORAL,12:30,100.0,134.46330621003284,135.56666666666666
3,2026-05-05,LABORAL,13:00,145.0,118.70112402114768,138.49586776859505
3,2026-05-05,LABORAL,13:30,49.0,129.80998872264922,132.31932773109244
3,2026-05-05,LABORAL,14:00,136.0,119.75876332154361,124.83050847457628
3,2026-05-05,LABORAL,14:30,120.0,144.9265309603425,139.77966101694915
3,2026-05-05,LABORAL,15:00,176.0,123.71207736196664,136.2396694214876
3,2026-05-05,LABORAL,15:30,86.0,123.93760137063175,128.3728813559322
3,2026-05-05,LABORAL,16:00,125.0,91.40037500391252,104.17796610169492
3,2026-05-05,LABORAL,16:30,95.0,81.2710376464525,79.68376068376068
3,2026-05-05,LABORAL,17:00,57.0,42.16677414553267,51.03333333333333
3,2026-05-06,LABORAL,04:00,44.0,52.0232707459962,55.23931623931624
3,2026-05-06,LABORAL,04:30,108.0,145.33708092262046,135.90833333333333
3,2026-05-06,LABORAL,05:00,282.0,270.2839328900509,271.97520661157023
3,2026-05-06,LABORAL,05:30,197.0,248.84554560135908,236.60330578512398
3,2026-05-06,LABORAL,06:00,251.0,303.3774653022161,294.8181818181818
3,2026-05-06,LABORAL,06:30,122.0,216.11291351517613,212.04132231404958
3,2026-05-06,LABORAL,07:00,86.0,173.74693358035597,167.0495867768595
3,2026-05-06,LABORAL,07:30,197.0,156.72445087804192,150.18333333333334
3,2026-05-06,LABORAL,08:00,122.0,145.21123189997462,136.86324786324786
3,2026-05-06,LABORAL,08:30,171.0,148.14941867458072,140.26666666666668
3,2026-05-06,LABORAL,09:00,87.0,138.2239644714324,135.35
3,2026-05-06,LABORAL,09:30,99.0,116.47678834970863,116.42857142857143
3,2026-05-06,LABORAL,10:00,50.0,131.3793714903187,128.03361344537817
3,2026-05-06,LABORAL,10:30,72.0,117.18971171393048,112.80165289256199
3,2026-05-06,LABORAL,11:00,122.0,115.0814974676747,107.09166666666667
3,2026-05-06,LABORAL,11:30,43.0,134.1125592473029,129.96666666666667
3,2026-05-06,LABORAL,12:00,190.0,167.06764820480683,168.28925619834712
3,2026-05-06,LABORAL,12:30,122.0,136.37882062023695,134.90833333333333
3,2026-05-06,LABORAL,13:00,143.0,136.12330742584894,137.87603305785123
3,2026-05-06,LABORAL,13:30,144.0,131.0240969660837,131.23529411764707
3,2026-05-06,LABORAL,14:00,65.0,124.08286635582365,124.03389830508475
3,2026-05-06,LABORAL,14:30,90.0,144.8985477813056,139.6949152542373
3,2026-05-06,LABORAL,17:00,50.0,120.5031261992283,50.74444444444445
3,2026-05-07,LABORAL,04:00,46.0,44.89089623314119,55.034188034188034
3,2026-05-07,LABORAL,04:30,109.0,105.61376724929309,135.425
3,2026-05-07,LABORAL,05:00,247.0,209.36788972439848,272.5702479338843
3,2026-05-07,LABORAL,05:30,297.0,162.0613627135616,235.43801652892563
3,2026-05-07,LABORAL,06:00,274.0,202.52032668424403,294.1652892561983
3,2026-05-07,LABORAL,06:30,214.0,156.2275668618913,210.96694214876032
3,2026-05-07,LABORAL,07:00,152.0,121.40136785880185,165.7520661157025
3,2026-05-07,LABORAL,07:30,136.0,110.90398379295131,150.30833333333334
3,2026-05-07,LABORAL,08:00,77.0,99.73612989890765,136.27350427350427
3,2026-05-07,LABORAL,08:30,142.0,114.13045797577037,140.66666666666666
3,2026-05-07,LABORAL,09:00,196.0,103.52842929236249,135.25
3,2026-05-07,LABORAL,09:30,45.0,86.68544675360528,116.07563025210084
3,2026-05-07,LABORAL,10:00,170.0,102.51963694884996,126.96638655462185
3,2026-05-07,LABORAL,10:30,62.0,77.11302997733955,112.67768595041322
3,2026-05-07,LABORAL,11:00,128.0,84.08937972313862,106.75
3,2026-05-07,LABORAL,11:30,122.0,109.2573957310359,128.925
3,2026-05-07,LABORAL,12:00,157.0,132.9198659511845,168.43801652892563
3,2026-05-07,LABORAL,12:30,160.0,105.51509840684491,134.66666666666666
3,2026-05-07,LABORAL,13:00,188.0,132.36261882563107,138.0495867768595
3,2026-05-07,LABORAL,13:30,124.0,114.03839624768975,130.9327731092437
3,2026-05-07,LABORAL,14:00,49.0,108.90189807827795,123.63559322033899
3,2026-05-07,LABORAL,14:30,100.0,120.75385764465155,139.27118644067798
3,2026-05-07,LABORAL,15:00,168.0,108.33464110942703,135.475
3,2026-05-07,LABORAL,15:30,166.0,88.28406928954695,127.27350427350427
3,2026-05-07,LABORAL,16:00,121.0,91.83978933426171,104.91452991452991
3,2026-05-07,LABORAL,16:30,54.0,62.093155789452894,79.30172413793103
3,2026-05-08,LABORAL,04:00,48.0,52.3862010345328,55.0940170940171
3,2026-05-08,LABORAL,04:30,109.0,121.60160091485191,134.96666666666667
3,2026-05-08,LABORAL,05:00,312.0,243.50740359772973,272.57851239669424
3,2026-05-08,LABORAL,05:30,167.0,199.91741263567656,236.34710743801654
3,2026-05-08,LABORAL,06:00,345.0,254.5027102251371,293.099173553719
3,2026-05-08,LABORAL,06:30,182.0,185.62747081146847,210.5702479338843
3,2026-05-08,LABORAL,07:00,197.0,155.20386355089147,165.4214876033058
3,2026-05-08,LABORAL,07:30,107.0,135.72191928971597,150.1900826446281
3,2026-05-08,LABORAL,08:00,111.0,129.79230180920737,135.89743589743588
3,2026-05-08,LABORAL,08:30,111.0,132.45855545659703,140.67768595041323
3,2026-05-08,LABORAL,09:00,113.0,114.76414293400666,136.19166666666666
3,2026-05-08,LABORAL,09:30,104.0,104.82356418889181,115.49579831932773
3,2026-05-08,LABORAL,10:00,86.0,108.45070672434264,127.15966386554622
3,2026-05-08,LABORAL,10:30,118.0,104.30267182784792,112.57851239669421
3,2026-05-08,LABORAL,11:00,88.0,99.6642823727531,106.25833333333334
3,2026-05-08,LABORAL,11:30,140.0,115.68446994591021,128.625
3,2026-05-08,LABORAL,12:00,177.0,134.65019552439412,168.38842975206612
3,2026-05-08,LABORAL,12:30,50.0,105.7799504726606,135.33333333333334
3,2026-05-08,LABORAL,13:00,236.0,128.22899673269114,138.15702479338842
3,2026-05-08,LABORAL,13:30,110.0,104.5535335300252,130.38655462184875
3,2026-05-08,LABORAL,14:00,129.0,109.95644213145246,121.7542372881356
3,2026-05-08,LABORAL,14:30,146.0,111.76182133375136,139.55084745762713
3,2026-05-08,LABORAL,15:00,104.0,100.8833106483953,135.775
3,2026-05-08,LABORAL,15:30,151.0,97.38301628013717,126.97435897435898
3,2026-05-08,LABORAL,16:00,49.0,75.41661974952679,105.00854700854701
3,2026-05-08,LABORAL,16:30,65.0,71.42770105271771,79.32758620689656
3,2026-05-09,SABADO,04:00,43.0,38.7316518442114,38.4
3,2026-05-09,SABADO,04:30,85.0,88.73922592466926,95.96153846153847
3,2026-05-09,SABADO,05:00,176.0,174.45288696136737,155.03846153846155
3,2026-05-09,SABADO,05:30,186.0,141.9927655242128,144.1153846153846
3,2026-05-09,SABADO,06:00,151.0,187.05056265107237,198.23076923076923
3,2026-05-09,SABADO,06:30,213.0,144.19772667076862,184.65384615384616
3,2026-05-09,SABADO,07:00,133.0,132.47820202768665,124.88461538461539
3,2026-05-09,SABADO,07:30,133.0,105.56814314622403,104.57692307692308
3,2026-05-09,SABADO,08:00,119.0,109.77272623280177,115.03846153846153
3,2026-05-09,SABADO,09:00,121.0,107.2646410196303,93.76923076923077
3,2026-05-09,SABADO,09:30,55.0,89.50415610588661,80.88461538461539
3,2026-05-09,SABADO,10:00,116.0,79.82277076845739,82.53846153846153
3,2026-05-09,SABADO,10:30,29.0,80.5350129494852,81.84615384615384
3,2026-05-09,SABADO,11:00,79.0,89.25148314152688,84.96153846153847
3,2026-05-09,SABADO,11:30,95.0,76.1312971535971,83.2
3,2026-05-09,SABADO,12:00,81.0,89.0625276130236,79.84615384615384
3,2026-05-09,SABADO,12:30,78.0,90.80035334136946,71.83333333333333
3,2026-05-09,SABADO,13:00,71.0,68.77438164738146,71.375
3,2026-05-09,SABADO,13:30,47.0,89.23393276345912,59.708333333333336
3,2026-05-09,SABADO,14:00,60.0,59.07412526213986,67.44
3,2026-05-09,SABADO,14:30,65.0,77.03166863131752,63.958333333333336
3,2026-05-09,SABADO,15:00,39.0,68.91062965840831,69.45833333333333
3,2026-05-09,SABADO,15:30,51.0,68.9643976151378,57.09090909090909
3,2026-05-09,SABADO,16:00,30.0,51.99870975298562,45.526315789473685
3,2026-05-09,SABADO,17:00,37.0,42.58144969013185,53.833333333333336
3,2026-05-10,DOMINGO,07:00,28.0,27.87861175983315,27.736842105263158
3,2026-05-10,DOMINGO,07:30,21.0,34.24892563356015,35.40909090909091
3,2026-05-10,DOMINGO,08:00,44.0,37.1188994664748,39.0
3,2026-05-10,DOMINGO,08:30,25.0,27.16540899466348,34.64705882352941
3,2026-05-10,DOMINGO,10:30,45.0,31.22775842283923,38.36842105263158
3,2026-05-10,DOMINGO,11:30,70.0,37.63647432400492,30.352941176470587
3,2026-05-10,DOMINGO,12:30,43.0,41.28548049628321,28.928571428571427
3,2026-05-10,DOMINGO,14:00,25.0,31.772137670492768,30.75
3,2026-05-10,DOMINGO,14:30,23.0,41.45093723699664,32.705882352941174
3,2026-05-11,LABORAL,04:00,51.0,44.691697213053246,55.05982905982906
3,2026-05-11,LABORAL,04:30,208.0,124.6733249599061,134.51666666666668
3,2026-05-11,LABORAL,05:00,251.0,246.04380081876596,272.6280991735537
3,2026-05-11,LABORAL,05:30,206.0,229.2916508827032,235.62809917355372
3,2026-05-11,LABORAL,06:00,217.0,221.61703853152466,293.2314049586777
3,2026-05-11,LABORAL,06:30,297.0,203.5636109319234,210.27272727272728
3,2026-05-11,LABORAL,07:00,128.0,148.91946309923011,165.6198347107438
3,2026-05-11,LABORAL,07:30,103.0,133.09831840285446,149.61157024793388
3,2026-05-11,LABORAL,08:00,198.0,121.81759203142936,135.68376068376068
3,2026-05-11,LABORAL,08:30,22.0,127.99000981712383,139.73553719008265
3,2026-05-11,LABORAL,09:00,157.0,139.7864756781199,135.71666666666667
3,2026-05-11,LABORAL,09:30,86.0,109.3007661779582,115.83193277310924
3,2026-05-11,LABORAL,10:00,75.0,141.41004753224047,126.8655462184874
3,2026-05-11,LABORAL,10:30,176.0,107.88907049680111,112.21487603305785
3,2026-05-11,LABORAL,11:00,85.0,75.08340717238173,105.75
3,2026-05-11,LABORAL,11:30,204.0,130.7004680035737,128.88333333333333
3,2026-05-11,LABORAL,12:00,95.0,166.77431252875436,168.1900826446281
3,2026-05-11,LABORAL,12:30,114.0,144.75930098281478,134.66666666666666
3,2026-05-11,LABORAL,13:00,160.0,135.4653466810872,138.70247933884298
3,2026-05-11,LABORAL,13:30,135.0,141.34125531594108,129.9075630252101
3,2026-05-11,LABORAL,14:00,143.0,114.37268898812859,121.4322033898305
3,2026-05-11,LABORAL,14:30,115.0,138.94960852267883,139.28813559322035
3,2026-05-11,LABORAL,15:00,75.0,127.14160729901286,135.35833333333332
3,2026-05-11,LABORAL,15:30,80.0,117.65797597088707,126.62393162393163
3,2026-05-11,LABORAL,16:00,117.0,113.84792117635538,104.12820512820512
3,2026-05-11,LABORAL,16:30,31.0,68.77582432255272,78.89655172413794
3,2026-05-12,LABORAL,04:00,55.0,44.75884755714239,55.05982905982906
3,2026-05-12,LABORAL,04:30,151.0,132.34431841096057,134.81666666666666
3,2026-05-12,LABORAL,05:00,279.0,253.73065077241762,272.1487603305785
3,2026-05-12,LABORAL,05:30,161.0,234.72072432344578,234.900826446281
3,2026-05-12,LABORAL,06:00,355.0,284.33626940664095,293.0
3,2026-05-12,LABORAL,06:30,236.0,235.19789373493262,211.38842975206612
3,2026-05-12,LABORAL,07:00,108.0,179.86158250359557,164.71900826446281
3,2026-05-12,LABORAL,07:30,153.0,165.21261432528627,149.02479338842974
3,2026-05-12,LABORAL,08:00,158.0,136.38745802720626,136.47863247863248
3,2026-05-12,LABORAL,08:30,232.0,138.84924728975128,137.95867768595042
3,2026-05-12,LABORAL,09:00,126.0,138.70269257569666,135.85
3,2026-05-12,LABORAL,09:30,33.0,106.79827015243657,115.3529411764706
3,2026-05-12,LABORAL,10:00,178.0,143.75581286936406,126.24369747899159
3,2026-05-12,LABORAL,10:30,78.0,97.36072964519177,112.59504132231405
3,2026-05-12,LABORAL,11:00,135.0,106.8871222829595,105.58333333333333
3,2026-05-12,LABORAL,11:30,68.0,141.630495113226,129.725
3,2026-05-12,LABORAL,12:00,214.0,149.26537597831344,167.2479338842975
3,2026-05-12,LABORAL,12:30,145.0,125.63023380020711,134.64166666666668
3,2026-05-12,LABORAL,13:00,83.0,135.01313394022372,139.34710743801654
3,2026-05-12,LABORAL,13:30,218.0,118.31420886836669,129.0924369747899
3,2026-05-12,LABORAL,14:00,92.0,108.33164890225764,121.61016949152543
3,2026-05-12,LABORAL,14:30,149.0,127.48466153285796,139.38135593220338
3,2026-05-12,LABORAL,15:00,136.0,109.4929923000644,134.09166666666667
3,2026-05-12,LABORAL,15:30,169.0,113.8534527419641,126.68376068376068
3,2026-05-12,LABORAL,16:00,118.0,92.36489111248528,104.42735042735043
3,2026-05-12,LABORAL,16:30,63.0,72.71103671619787,78.3103448275862
3,2026-05-12,LABORAL,17:00,29.0,35.69807774042735,50.67777777777778
3,2026-05-13,LABORAL,04:00,45.0,51.26330997896733,55.11965811965812
3,2026-05-13,LABORAL,04:30,151.0,149.09191778630876,134.59166666666667
3,2026-05-13,LABORAL,05:00,311.0,295.8001626665593,272.2892561983471
3,2026-05-13,LABORAL,05:30,275.0,246.96732353774777,234.34710743801654
3,2026-05-13,LABORAL,06:00,137.0,293.29993435175663,293.42148760330576
3,2026-05-13,LABORAL,06:30,341.0,218.28668207439114,211.65289256198346
3,2026-05-13,LABORAL,07:00,53.0,176.70846995662606,164.0909090909091
3,2026-05-13,LABORAL,07:30,124.0,160.3514649621168,148.49586776859505
3,2026-05-13,LABORAL,08:00,171.0,151.8061790231362,136.63247863247864
3,2026-05-13,LABORAL,08:30,162.0,151.4183282644367,138.86776859504133
3,2026-05-13,LABORAL,09:00,41.0,141.02090350353524,135.48333333333332
3,2026-05-13,LABORAL,09:30,115.0,122.39836212246074,114.94117647058823
3,2026-05-13,LABORAL,10:00,153.0,132.1317955028668,126.66386554621849
3,2026-05-13,LABORAL,10:30,105.0,115.50334085122589,112.05785123966942
3,2026-05-13,LABORAL,11:00,70.0,112.30948636216596,105.69166666666666
3,2026-05-13,LABORAL,11:30,157.0,133.85712211218583,129.03333333333333
3,2026-05-13,LABORAL,12:00,97.0,172.32847216501474,167.1487603305785
3,2026-05-13,LABORAL,12:30,130.0,133.9523414830079,134.675
3,2026-05-13,LABORAL,13:00,146.0,132.13508205203223,138.82644628099175
3,2026-05-13,LABORAL,13:30,80.0,137.98161388717233,129.49579831932772
3,2026-05-13,LABORAL,14:00,208.0,119.88961757305685,121.08474576271186
3,2026-05-13,LABORAL,14:30,118.0,149.4513982674407,139.5677966101695
3,2026-05-13,LABORAL,15:00,134.0,120.28901273560597,134.0
3,2026-05-13,LABORAL,15:30,102.0,134.77189980563736,126.82051282051282
3,2026-05-13,LABORAL,16:00,95.0,93.1666112077489,104.03418803418803
3,2026-05-13,LABORAL,16:30,83.0,74.37126978455234,78.16379310344827
3,2026-05-14,LABORAL,04:00,45.0,52.40018839496757,55.05128205128205
3,2026-05-14,LABORAL,04:30,210.0,134.29691951631844,134.95833333333334
3,2026-05-14,LABORAL,05:00,182.0,287.9271445154982,272.504132231405
3,2026-05-14,LABORAL,05:30,231.0,230.30057311813897,234.50413223140495
3,2026-05-14,LABORAL,06:00,327.0,280.8811100265332,292.10743801652893
3,2026-05-14,LABORAL,06:30,182.0,208.80905917784094,212.93388429752065
3,2026-05-14,LABORAL,07:00,133.0,170.23623871943144,163.28099173553719
3,2026-05-14,LABORAL,07:30,172.0,152.50729083850362,147.86776859504133
3,2026-05-14,LABORAL,08:00,139.0,145.48332062738686,137.42735042735043
3,2026-05-14,LABORAL,08:30,123.0,144.72894589808217,139.13223140495867
3,2026-05-14,LABORAL,09:00,156.0,135.99739593665134,134.725
3,2026-05-14,LABORAL,09:30,57.0,113.10413288959143,115.03361344537815
3,2026-05-14,LABORAL,10:00,87.0,123.47031644910435,126.5126050420168
3,2026-05-14,LABORAL,10:30,99.0,111.39562628766484,112.44628099173553
3,2026-05-14,LABORAL,11:00,120.0,112.15911867551372,105.25833333333334
3,2026-05-14,LABORAL,11:30,84.0,130.89729291999745,128.88333333333333
3,2026-05-14,LABORAL,12:00,128.0,163.0205274376088,166.84297520661158
3,2026-05-14,LABORAL,12:30,135.0,132.18509354373703,134.65833333333333
3,2026-05-14,LABORAL,13:00,155.0,141.3291391409091,138.92561983471074
3,2026-05-14,LABORAL,13:30,97.0,130.053319098013,129.45378151260505
3,2026-05-14,LABORAL,14:00,94.0,118.26169527968949,121.0677966101695
3,2026-05-14,LABORAL,14:30,146.0,132.16914768036835,139.6949152542373
3,2026-05-14,LABORAL,15:00,179.0,114.10865553547913,133.89166666666668
3,2026-05-14,LABORAL,15:30,84.0,124.90592738493339,126.5042735042735
3,2026-05-14,LABORAL,16:00,149.0,91.49471995120135,103.46153846153847
3,2026-05-14,LABORAL,16:30,43.0,69.78185995391388,77.89655172413794
3,2026-05-14,LABORAL,17:00,85.0,40.0563048186755,50.86516853932584
3,2026-05-15,LABORAL,04:00,53.0,54.13597048694996,55.034188034188034
3,2026-05-15,LABORAL,04:30,255.0,124.83231203654589,135.21666666666667
3,2026-05-15,LABORAL,05:00,190.0,245.2845863679115,272.4297520661157
3,2026-05-15,LABORAL,05:30,234.0,203.77072046835735,234.83471074380165
3,2026-05-15,LABORAL,06:00,278.0,255.57239431824206,291.6611570247934
3,2026-05-15,LABORAL,06:30,202.0,189.49338159654542,212.15702479338842
3,2026-05-15,LABORAL,07:00,68.0,160.69194521904313,163.1818181818182
3,2026-05-15,LABORAL,07:30,180.0,137.6694415405645,148.0495867768595
3,2026-05-15,LABORAL,08:00,93.0,135.82733475212214,137.46153846153845
3,2026-05-15,LABORAL,08:30,181.0,138.47161228413856,139.29752066115702
3,2026-05-15,LABORAL,09:00,102.0,123.46382026216662,135.29166666666666
3,2026-05-15,LABORAL,09:30,110.0,107.10212674747464,114.92436974789916
3,2026-05-15,LABORAL,10:00,183.0,113.58351536657467,126.08403361344538
3,2026-05-15,LABORAL,10:30,108.0,106.35897176351038,112.02479338842976
3,2026-05-15,LABORAL,11:00,86.0,101.33051117322367,105.49166666666666
3,2026-05-15,LABORAL,11:30,117.0,123.4628464549083,128.85
3,2026-05-15,LABORAL,12:00,168.0,140.42320019495924,166.19834710743802
3,2026-05-15,LABORAL,12:30,105.0,115.8322111119725,134.775
3,2026-05-15,LABORAL,13:00,155.0,132.22988121388158,139.43801652892563
3,2026-05-15,LABORAL,13:30,157.0,112.03180832458324,129.87394957983193
3,2026-05-15,LABORAL,14:00,93.0,110.14150839030845,120.8135593220339
3,2026-05-15,LABORAL,14:30,140.0,115.27185505773461,139.77118644067798
3,2026-05-15,LABORAL,15:00,164.0,104.53252188507874,134.375
3,2026-05-15,LABORAL,15:30,152.0,99.8809757282256,125.25641025641026
3,2026-05-15,LABORAL,16:00,99.0,78.48789151645735,104.0
3,2026-05-15,LABORAL,16:30,84.0,68.23524919010868,77.81896551724138
3,2026-05-15,LABORAL,17:00,26.0,53.78314611267169,51.24444444444445
3,2026-05-16,SABADO,04:00,36.0,38.7379138719937,38.12
3,2026-05-16,SABADO,04:30,111.0,87.74042646795358,94.1923076923077
3,2026-05-16,SABADO,05:00,166.0,177.6320132401637,157.34615384615384
3,2026-05-16,SABADO,05:30,109.0,139.17548057448477,144.84615384615384
3,2026-05-16,SABADO,06:00,234.0,183.17294953693585,194.69230769230768
3,2026-05-16,SABADO,06:30,229.0,134.42979151138806,184.30769230769232
3,2026-05-16,SABADO,07:00,122.0,125.60310243450336,125.3076923076923
3,2026-05-16,SABADO,07:30,56.0,93.42114371286263,104.61538461538461
3,2026-05-16,SABADO,08:00,98.0,97.26803579151334,114.03846153846153
3,2026-05-16,SABADO,08:30,152.0,103.58767823525078,100.8
3,2026-05-16,SABADO,09:00,93.0,75.44679595790124,95.88461538461539
3,2026-05-16,SABADO,09:30,59.0,80.60250165859736,79.96153846153847
3,2026-05-16,SABADO,10:00,58.0,77.92180682565468,83.07692307692308
3,2026-05-16,SABADO,10:30,155.0,85.05901951133843,80.6923076923077
3,2026-05-16,SABADO,11:00,82.0,78.69009898056579,84.11538461538461
3,2026-05-16,SABADO,11:30,100.0,98.58482432759106,84.76
3,2026-05-16,SABADO,12:00,39.0,87.32763211248192,77.73076923076923
3,2026-05-16,SABADO,12:30,112.0,65.80361353557186,70.29166666666667
3,2026-05-16,SABADO,13:30,117.0,91.24577575784726,59.666666666666664
3,2026-05-16,SABADO,14:00,44.0,60.67778654064396,65.04
3,2026-05-16,SABADO,14:30,28.0,80.22197935420292,65.5
3,2026-05-16,SABADO,15:00,87.0,77.61025380782579,68.54166666666667
3,2026-05-16,SABADO,15:30,40.0,74.43390783235873,55.63636363636363
3,2026-05-16,SABADO,16:00,21.0,51.744179825345014,45.578947368421055
3,2026-05-16,SABADO,16:30,38.0,41.341734192282004,49.38461538461539
3,2026-05-16,SABADO,17:00,27.0,64.19074270511841,51.42857142857143
3,2026-05-17,DOMINGO,07:00,48.0,26.20840342417776,27.473684210526315
3,2026-05-17,DOMINGO,07:30,23.0,34.9077928009377,33.77272727272727
3,2026-05-17,DOMINGO,08:00,68.0,31.793888499584128,39.041666666666664
3,2026-05-17,DOMINGO,08:30,24.0,28.272541142509667,32.470588235294116
3,2026-05-17,DOMINGO,09:00,50.0,36.77376641562017,37.35294117647059
3,2026-05-17,DOMINGO,09:30,37.0,36.95367227334725,31.11111111111111
3,2026-05-17,DOMINGO,10:00,16.0,40.236393654799656,42.888888888888886
3,2026-05-17,DOMINGO,10:30,47.0,28.972394221455374,38.26315789473684
3,2026-05-17,DOMINGO,11:00,25.0,40.650337028440546,36.8
3,2026-05-17,DOMINGO,11:30,16.0,37.041548228971635,31.88235294117647
3,2026-05-17,DOMINGO,12:30,28.0,26.479687414162598,31.785714285714285
3,2026-05-17,DOMINGO,13:00,24.0,30.136741943213963,30.647058823529413
3,2026-05-17,DOMINGO,14:00,25.0,29.564018745086003,30.75
3,2026-05-17,DOMINGO,15:30,25.0,27.889743677191348,30.53846153846154
3,2026-05-17,DOMINGO,16:30,19.0,40.08529602421804,31.714285714285715
3,2026-05-18,FESTIVO_PUENTE,07:00,53.0,42.32605595853033,36.0
3,2026-05-18,FESTIVO_PUENTE,07:30,23.0,101.87519571832829,29.0
3,2026-05-18,FESTIVO_PUENTE,08:00,30.0,210.73921132927404,34.75
3,2026-05-18,FESTIVO_PUENTE,09:00,19.0,203.40824909232532,23.0
3,2026-05-18,FESTIVO_PUENTE,09:30,42.0,194.6364663108659,20.333333333333332
3,2026-05-18,FESTIVO_PUENTE,10:30,21.0,174.0629240642582,33.0
3,2026-05-18,FESTIVO_PUENTE,11:00,26.0,116.08126358133418,24.5
3,2026-05-18,FESTIVO_PUENTE,11:30,19.0,118.9742743599114,23.75
3,2026-05-18,FESTIVO_PUENTE,12:00,24.0,104.36057555949758,29.25
3,2026-05-18,FESTIVO_PUENTE,12:30,29.0,101.68932582205713,31.333333333333332
3,2026-05-18,FESTIVO_PUENTE,13:00,36.0,106.00154648664596,19.333333333333332
3,2026-05-18,FESTIVO_PUENTE,13:30,26.0,92.58067637375308,30.333333333333332
3,2026-05-18,FESTIVO_PUENTE,14:00,28.0,117.7035227084031,32.25
3,2026-05-19,LABORAL,04:00,51.0,45.500963781997754,55.07692307692308
3,2026-05-19,LABORAL,04:30,183.0,146.8939388801774,136.38333333333333
3,2026-05-19,LABORAL,05:00,212.0,247.31721268988403,271.94214876033055
3,2026-05-19,LABORAL,05:30,247.0,232.47341727441733,234.44628099173553
3,2026-05-19,LABORAL,06:00,312.0,270.8294018763262,291.46280991735534
3,2026-05-19,LABORAL,06:30,178.0,226.35403841113032,212.099173553719
3,2026-05-19,LABORAL,07:00,223.0,145.9346147452134,162.0495867768595
3,2026-05-19,LABORAL,07:30,108.0,137.8592549584028,149.0
3,2026-05-19,LABORAL,08:00,167.0,135.31292954233476,137.07692307692307
3,2026-05-19,LABORAL,08:30,129.0,108.50861977895693,139.2396694214876
3,2026-05-19,LABORAL,09:00,178.0,130.90868146138604,135.20833333333334
3,2026-05-19,LABORAL,09:30,124.0,108.1415517743867,115.04201680672269
3,2026-05-19,LABORAL,10:00,168.0,130.6639815390538,126.17647058823529
3,2026-05-19,LABORAL,10:30,120.0,98.90116826341401,111.68595041322314
3,2026-05-19,LABORAL,11:00,95.0,82.76699241700923,105.16666666666667
3,2026-05-19,LABORAL,11:30,184.0,117.35796300053563,129.05833333333334
3,2026-05-19,LABORAL,12:00,141.0,146.5867937442175,165.30578512396696
3,2026-05-19,LABORAL,12:30,142.0,132.95698843464223,134.14166666666668
3,2026-05-19,LABORAL,13:00,197.0,118.82846147648145,139.46280991735537
3,2026-05-19,LABORAL,13:30,84.0,132.11071490541534,130.21008403361344
3,2026-05-19,LABORAL,14:00,142.0,114.6663211931978,120.12711864406779
3,2026-05-19,LABORAL,14:30,114.0,152.10001139432808,139.88135593220338
3,2026-05-19,LABORAL,15:00,169.0,126.84854955994689,134.625
3,2026-05-19,LABORAL,15:30,195.0,107.90235578955205,125.96581196581197
3,2026-05-19,LABORAL,16:00,51.0,108.59702680882023,103.98290598290598
3,2026-05-19,LABORAL,16:30,58.0,61.50531702403634,77.64655172413794
3,2026-05-19,LABORAL,17:00,44.0,49.72548653131696,50.48888888888889
3,2026-05-20,LABORAL,04:00,45.0,51.97393622950989,55.05128205128205
3,2026-05-20,LABORAL,04:30,133.0,143.4023727379365,136.55
3,2026-05-20,LABORAL,05:00,268.0,299.94162487711606,271.1900826446281
3,2026-05-20,LABORAL,05:30,285.0,243.07882526602515,234.50413223140495
3,2026-05-20,LABORAL,06:00,241.0,295.1257214222818,290.60330578512395
3,2026-05-20,LABORAL,06:30,284.0,213.3339909560184,211.45454545454547
3,2026-05-20,LABORAL,07:00,139.0,172.6430417766622,162.01652892561984
3,2026-05-20,LABORAL,07:30,139.0,160.60266912650144,148.1900826446281
3,2026-05-20,LABORAL,08:00,158.0,149.17424914856053,137.98290598290598
3,2026-05-20,LABORAL,08:30,101.0,145.96851066487397,138.13223140495867
3,2026-05-20,LABORAL,09:00,175.0,142.0283066043121,135.59166666666667
3,2026-05-20,LABORAL,09:30,80.0,120.36912185289417,115.02521008403362
3,2026-05-20,LABORAL,10:00,139.0,130.58315531057508,126.4453781512605
3,2026-05-20,LABORAL,10:30,99.0,117.32243491638066,111.77685950413223
3,2026-05-20,LABORAL,11:00,87.0,110.58215773074211,104.625
3,2026-05-20,LABORAL,11:30,70.0,130.28419418195077,129.50833333333333
3,2026-05-20,LABORAL,12:00,201.0,166.37468606828705,164.8181818181818
3,2026-05-20,LABORAL,12:30,151.0,130.44234362716733,134.40833333333333
3,2026-05-20,LABORAL,13:00,132.0,136.67330831747938,139.16528925619835
3,2026-05-20,LABORAL,13:30,153.0,129.56367199882743,129.7983193277311
3,2026-05-20,LABORAL,14:00,104.0,125.45777764496854,120.4322033898305
3,2026-05-20,LABORAL,14:30,194.0,139.90004215670734,138.88983050847457
3,2026-05-20,LABORAL,15:00,100.0,122.84556522544295,134.83333333333334
3,2026-05-20,LABORAL,15:30,71.0,130.02776210685906,126.53846153846153
3,2026-05-20,LABORAL,16:00,120.0,100.3406109741444,102.64102564102564
3,2026-05-20,LABORAL,16:30,41.0,73.56587465808958,77.47863247863248
3,2026-05-20,LABORAL,17:00,12.0,41.10942023863265,50.56666666666667
3,2026-05-23,SABADO,04:00,22.0,31.952769692169014,37.72
3,2026-05-23,SABADO,04:30,120.0,82.1502187825578,94.8076923076923
3,2026-05-23,SABADO,05:00,143.0,156.82523597882755,156.57692307692307
3,2026-05-23,SABADO,05:30,176.0,138.9975183672703,142.1153846153846
3,2026-05-23,SABADO,06:00,244.0,190.21827976019136,197.69230769230768
3,2026-05-23,SABADO,06:30,99.0,183.4070099748075,186.0
3,2026-05-23,SABADO,07:00,131.0,124.96284809925727,125.3076923076923
3,2026-05-23,SABADO,07:30,82.0,119.44262124922399,102.11538461538461
3,2026-05-23,SABADO,08:00,158.0,100.82544379849901,113.23076923076923
3,2026-05-23,SABADO,08:30,86.0,105.79554908065415,102.24
3,2026-05-23,SABADO,09:00,97.0,91.1864394380631,97.34615384615384
3,2026-05-23,SABADO,09:30,104.0,61.85053837460798,79.1923076923077
3,2026-05-23,SABADO,10:00,53.0,83.61056945505224,83.1923076923077
3,2026-05-23,SABADO,10:30,65.0,81.56674684848717,82.03846153846153
3,2026-05-23,SABADO,11:00,68.0,77.64667323437055,83.42307692307692
3,2026-05-23,SABADO,11:30,48.0,88.88599003518331,86.0
3,2026-05-23,SABADO,12:00,85.0,76.1405148514303,76.03846153846153
3,2026-05-23,SABADO,12:30,73.0,62.398832059412584,72.5
3,2026-05-23,SABADO,13:00,50.0,76.28283824208499,72.30434782608695
3,2026-05-23,SABADO,13:30,56.0,52.06605891488162,61.666666666666664
3,2026-05-23,SABADO,14:00,32.0,60.27964044236188,64.64
3,2026-05-23,SABADO,15:00,48.0,42.329584726827946,67.66666666666667
3,2026-05-23,SABADO,15:30,44.0,56.48291952335812,55.13636363636363
3,2026-05-23,SABADO,16:00,54.0,37.16170648972184,44.35
3,2026-05-23,SABADO,16:30,30.0,30.77236414248486,48.30769230769231
3,2026-05-24,DOMINGO,07:00,11.0,28.10170749256818,28.5
3,2026-05-24,DOMINGO,08:00,24.0,25.08188027893371,40.2
3,2026-05-24,DOMINGO,08:30,80.0,34.26293234239593,29.941176470588236
3,2026-05-24,DOMINGO,09:30,24.0,29.096159234387997,32.166666666666664
3,2026-05-24,DOMINGO,10:00,22.0,29.97492396600694,39.166666666666664
3,2026-05-24,DOMINGO,11:00,74.0,35.5823241734784,36.0625
3,2026-05-24,DOMINGO,12:00,32.0,39.50102998089257,36.10526315789474
3,2026-05-24,DOMINGO,12:30,40.0,27.259087414322494,30.571428571428573
3,2026-05-24,DOMINGO,13:30,23.0,32.529134652285634,33.92857142857143
3,2026-05-24,DOMINGO,14:00,25.0,35.19971286058991,30.1
3,2026-05-24,DOMINGO,15:00,29.0,26.91840079828046,31.4
3,2026-05-25,LABORAL,04:00,48.0,51.96702626738936,54.7008547008547
3,2026-05-25,LABORAL,04:30,205.0,147.2964642174725,135.67226890756302
3,2026-05-25,LABORAL,05:00,304.0,271.7649899852207,269.21666666666664
3,2026-05-25,LABORAL,05:30,214.0,243.21132540099597,233.93333333333334
3,2026-05-25,LABORAL,06:00,300.0,277.77898706238955,290.5
3,2026-05-25,LABORAL,06:30,131.0,253.71225522360004,210.63333333333333
3,2026-05-25,LABORAL,07:00,239.0,171.8260344039615,161.45
3,2026-05-25,LABORAL,07:30,110.0,148.7929319066619,148.38333333333333
3,2026-05-25,LABORAL,08:00,122.0,132.03659299200262,137.55172413793105
3,2026-05-25,LABORAL,08:30,223.0,125.95211224614759,136.58333333333334
3,2026-05-25,LABORAL,09:00,111.0,137.83353961238805,136.8655462184874
3,2026-05-25,LABORAL,09:30,113.0,114.7571752215037,114.28813559322033
3,2026-05-25,LABORAL,10:00,144.0,137.63452994400913,127.08474576271186
3,2026-05-25,LABORAL,10:30,105.0,116.29779991882036,111.49166666666666
3,2026-05-25,LABORAL,11:00,62.0,87.02105684926053,103.08403361344538
3,2026-05-25,LABORAL,11:30,230.0,130.54622242860134,130.28813559322035
3,2026-05-25,LABORAL,12:00,61.0,175.575435878441,163.68333333333334
3,2026-05-25,LABORAL,12:30,217.0,142.69073613805014,133.76470588235293
3,2026-05-25,LABORAL,13:00,62.0,133.87707944435982,138.05
3,2026-05-25,LABORAL,13:30,151.0,135.48464696141525,130.57627118644066
3,2026-05-25,LABORAL,14:00,143.0,114.89975656733773,119.21367521367522
3,2026-05-25,LABORAL,14:30,122.0,143.34600093964843,139.32478632478632
3,2026-05-25,LABORAL,15:00,103.0,134.00532602388984,133.7310924369748
3,2026-05-25,LABORAL,15:30,180.0,111.61599572569982,123.85344827586206
3,2026-05-25,LABORAL,16:00,71.0,113.62197058822507,103.25862068965517
3,2026-05-25,LABORAL,16:30,73.0,72.85230653947653,76.25
3,2026-05-25,LABORAL,17:00,30.0,46.17329311360058,49.44444444444444
3,2026-05-25,LABORAL,17:30,27.0,31.53662154199006,33.46153846153846
3,2026-05-26,LABORAL,04:00,47.0,50.67852363163921,54.623931623931625
3,2026-05-26,LABORAL,04:30,166.0,133.4558012847428,136.0420168067227
3,2026-05-26,LABORAL,05:00,314.0,277.13580429409205,269.53333333333336
3,2026-05-26,LABORAL,05:30,195.0,237.91980980838372,233.81666666666666
3,2026-05-26,LABORAL,06:00,342.0,288.6674866628345,290.2583333333333
3,2026-05-26,LABORAL,06:30,210.0,202.94415605134787,210.14166666666668
3,2026-05-26,LABORAL,07:00,168.0,172.63653472197765,162.525
3,2026-05-26,LABORAL,07:30,120.0,155.9467686286108,147.59166666666667
3,2026-05-26,LABORAL,08:00,159.0,132.41072696403185,137.39655172413794
3,2026-05-26,LABORAL,08:30,126.0,137.02430936717744,137.13333333333333
3,2026-05-26,LABORAL,09:00,158.0,135.98837265410765,136.61344537815125
3,2026-05-26,LABORAL,09:30,104.0,118.76612189289138,114.35593220338983
3,2026-05-26,LABORAL,10:00,132.0,131.31244464462162,126.57627118644068
3,2026-05-26,LABORAL,10:30,143.0,109.15659610122685,111.46666666666667
3,2026-05-26,LABORAL,11:00,113.0,110.59192914168936,102.98319327731092
3,2026-05-26,LABORAL,11:30,127.0,139.0525030914902,130.71186440677965
3,2026-05-26,LABORAL,12:00,211.0,167.32467227182067,162.83333333333334
3,2026-05-26,LABORAL,12:30,156.0,138.734832924124,134.39495798319328
3,2026-05-26,LABORAL,13:00,64.0,122.86278746396208,137.28333333333333
3,2026-05-26,LABORAL,13:30,210.0,123.48029883554034,131.3050847457627
3,2026-05-26,LABORAL,14:00,65.0,114.36122135320433,119.05128205128206
3,2026-05-26,LABORAL,14:30,201.0,138.60397032837895,139.0940170940171
3,2026-05-26,LABORAL,15:00,87.0,113.56092836566837,133.14285714285714
3,2026-05-26,LABORAL,15:30,135.0,127.1074873911445,123.86206896551724
3,2026-05-26,LABORAL,16:00,97.0,101.49392856307988,102.88793103448276
3,2026-05-26,LABORAL,16:30,56.0,77.3122584140109,76.21551724137932
3,2026-05-26,LABORAL,17:00,27.0,35.6759452166705,49.23076923076923
3,2026-05-27,LABORAL,04:00,42.0,50.28326971326415,54.51282051282051
3,2026-05-27,LABORAL,04:30,215.0,132.19023182806598,136.35294117647058
3,2026-05-27,LABORAL,05:00,118.0,276.0242518609607,269.2
3,2026-05-27,LABORAL,05:30,241.0,233.03974921443222,233.175
3,2026-05-27,LABORAL,06:00,261.0,286.0268270066629,290.1166666666667
3,2026-05-27,LABORAL,06:30,150.0,194.000190288488,210.09166666666667
3,2026-05-27,LABORAL,07:00,128.0,156.85156213078128,162.35833333333332
3,2026-05-27,LABORAL,07:30,162.0,149.10373139492583,146.875
3,2026-05-27,LABORAL,08:00,119.0,130.48927619795253,137.5811965811966
3,2026-05-27,LABORAL,08:30,46.0,132.91726740594004,136.88333333333333
3,2026-05-27,LABORAL,09:00,152.0,128.5546158180718,136.53781512605042
3,2026-05-27,LABORAL,09:30,48.0,117.31717425208774,114.00847457627118
3,2026-05-27,LABORAL,10:00,145.0,124.63367765875607,126.63559322033899
3,2026-05-27,LABORAL,10:30,110.0,105.20160584909202,111.4
3,2026-05-27,LABORAL,11:00,131.0,109.06655079155223,102.87394957983193
3,2026-05-27,LABORAL,11:30,89.0,131.77960879699623,130.66949152542372
3,2026-05-27,LABORAL,12:00,160.0,163.83506907418865,163.23333333333332
3,2026-05-27,LABORAL,12:30,128.0,130.8818355103108,134.10084033613447
3,2026-05-27,LABORAL,13:00,76.0,130.71603406830724,136.53333333333333
3,2026-05-27,LABORAL,13:30,149.0,131.8648704115444,132.05084745762713
3,2026-05-27,LABORAL,14:00,109.0,122.72034292149377,118.2991452991453
3,2026-05-27,LABORAL,14:30,113.0,147.52101552167164,139.22222222222223
3,2026-05-27,LABORAL,15:00,164.0,123.04574825785647,132.3781512605042
3,2026-05-27,LABORAL,15:30,69.0,129.9413624379505,123.98275862068965
3,2026-05-27,LABORAL,16:00,86.0,101.86907931556493,102.56896551724138
3,2026-05-27,LABORAL,16:30,54.0,71.78023743468361,75.66379310344827
3,2026-05-28,LABORAL,04:00,50.0,43.41014406843908,54.34188034188034
3,2026-05-28,LABORAL,04:30,148.0,123.07423292174113,136.890756302521
3,2026-05-28,LABORAL,05:00,237.0,244.12848285626123,268.68333333333334
3,2026-05-28,LABORAL,05:30,214.0,217.6258450659632,232.85833333333332
3,2026-05-28,LABORAL,06:00,329.0,270.24190535166116,289.65
3,2026-05-28,LABORAL,06:30,157.0,203.33444160909391,209.78333333333333
3,2026-05-28,LABORAL,07:00,208.0,157.71929885936856,162.20833333333334
3,2026-05-28,LABORAL,07:30,60.0,144.95829501189957,147.025
3,2026-05-28,LABORAL,08:00,173.0,118.56928397138338,137.2136752136752
3,2026-05-28,LABORAL,08:30,74.0,153.82613711152402,136.15
3,2026-05-28,LABORAL,09:00,169.0,133.91390685295482,136.52100840336135
3,2026-05-28,LABORAL,09:30,94.0,94.38141385137126,113.67796610169492
3,2026-05-28,LABORAL,10:00,75.0,135.0176233429963,127.02542372881356
3,2026-05-28,LABORAL,10:30,164.0,83.92304083230422,111.45
3,2026-05-28,LABORAL,11:00,119.0,86.23752720290699,102.68067226890756
3,2026-05-28,LABORAL,11:30,143.0,122.14772095153039,131.01694915254237
3,2026-05-28,LABORAL,12:00,103.0,156.79286583629113,163.05833333333334
3,2026-05-28,LABORAL,12:30,145.0,112.00447471081917,133.88235294117646
3,2026-05-28,LABORAL,13:00,93.0,171.4657396856717,135.83333333333334
3,2026-05-28,LABORAL,13:30,123.0,126.56974604252072,132.27966101694915
3,2026-05-28,LABORAL,14:00,115.0,113.92599512408215,118.24786324786325
3,2026-05-28,LABORAL,14:30,168.0,136.0102555581697,138.3846153846154
3,2026-05-28,LABORAL,15:00,101.0,143.04909358475973,132.71428571428572
3,2026-05-28,LABORAL,15:30,128.0,130.44883795621436,123.38793103448276
3,2026-05-28,LABORAL,16:00,130.0,87.36290700187897,101.81896551724138
3,2026-05-28,LABORAL,16:30,40.0,67.36470250682291,75.32758620689656
3,2026-05-28,LABORAL,17:00,36.0,48.919315373692186,48.89010989010989
3,2026-05-29,LABORAL,04:00,116.0,49.76605792947481,54.23931623931624
3,2026-05-29,LABORAL,04:30,69.0,126.6613796489903,136.8235294117647
3,2026-05-29,LABORAL,05:00,243.0,253.75802959840246,268.40833333333336
3,2026-05-29,LABORAL,05:30,317.0,211.95380125794426,232.2
3,2026-05-29,LABORAL,06:00,215.0,276.3137011196037,290.03333333333336
3,2026-05-29,LABORAL,06:30,257.0,209.5739000885411,209.36666666666667
3,2026-05-29,LABORAL,07:00,146.0,172.78976555146434,163.09166666666667
3,2026-05-29,LABORAL,07:30,173.0,151.26896938951054,146.05833333333334
3,2026-05-29,LABORAL,08:00,122.0,142.12346641703797,137.46153846153845
3,2026-05-29,LABORAL,08:30,88.0,154.31523505013283,135.275
3,2026-05-29,LABORAL,09:00,146.0,130.73409862279323,137.0924369747899
3,2026-05-29,LABORAL,09:30,138.0,106.9771888169728,112.91525423728814
3,2026-05-29,LABORAL,10:00,86.0,110.00328053282277,126.50847457627118
3,2026-05-29,LABORAL,10:30,87.0,111.5373420826555,112.025
3,2026-05-29,LABORAL,11:00,145.0,100.48234111550693,102.96638655462185
3,2026-05-29,LABORAL,11:30,74.0,121.45647794776191,130.8728813559322
3,2026-05-29,LABORAL,12:00,190.0,147.8965428599594,161.20833333333334
3,2026-05-29,LABORAL,12:30,149.0,113.6551262080185,133.78151260504202
3,2026-05-29,LABORAL,13:00,174.0,142.30071339120727,135.70833333333334
3,2026-05-29,LABORAL,13:30,56.0,109.01538262911359,132.74576271186442
3,2026-05-29,LABORAL,14:00,118.0,118.336020673096,118.42735042735043
3,2026-05-29,LABORAL,14:30,168.0,115.55413250278542,138.3760683760684
3,2026-05-29,LABORAL,15:00,138.0,122.24008721237507,132.51260504201682
3,2026-05-29,LABORAL,15:30,84.0,99.15750647257138,123.33620689655173
3,2026-05-29,LABORAL,16:00,72.0,72.97644941438764,101.73275862068965
3,2026-05-29,LABORAL,16:30,75.0,64.87009296821287,74.77586206896552
3,2026-05-29,LABORAL,17:00,19.0,48.05512829932401,48.2967032967033
3,2026-05-30,SABADO,04:30,175.0,35.49561272253435,95.6923076923077
3,2026-05-30,SABADO,05:00,105.0,90.69252489431524,155.53846153846155
3,2026-05-30,SABADO,05:30,174.0,178.2140775465656,140.3846153846154
3,2026-05-30,SABADO,06:00,122.0,147.42376325082097,195.92307692307693
3,2026-05-30,SABADO,06:30,210.0,190.85728473130735,183.26923076923077
3,2026-05-30,SABADO,07:00,142.0,167.94658747210076,125.61538461538461
3,2026-05-30,SABADO,07:30,104.0,139.7221657256101,102.26923076923077
3,2026-05-30,SABADO,08:00,49.0,115.23674169860729,114.42307692307692
3,2026-05-30,SABADO,08:30,139.0,116.15051682268077,102.6
3,2026-05-30,SABADO,09:00,80.0,116.4801699010336,96.6923076923077
3,2026-05-30,SABADO,09:30,59.0,91.29784012360679,78.96153846153847
3,2026-05-30,SABADO,10:00,99.0,84.15368901656402,81.42307692307692
3,2026-05-30,SABADO,10:30,51.0,86.00903593413841,81.07692307692308
3,2026-05-30,SABADO,11:00,30.0,87.91935805604683,83.15384615384616
3,2026-05-30,SABADO,11:30,121.0,81.4549136986755,83.68
3,2026-05-30,SABADO,12:00,105.0,86.33780165561815,76.34615384615384
3,2026-05-30,SABADO,12:30,18.0,85.49564398480675,73.95833333333333
3,2026-05-30,SABADO,13:00,36.0,66.28071918109661,70.1304347826087
3,2026-05-30,SABADO,13:30,58.0,74.61375404199532,62.541666666666664
3,2026-05-30,SABADO,14:00,54.0,55.04607903588621,62.04
3,2026-05-30,SABADO,14:30,31.0,62.954776394027306,64.08333333333333
3,2026-05-30,SABADO,15:00,81.0,55.837941663735506,65.0
3,2026-05-30,SABADO,15:30,39.0,56.513849147571676,54.63636363636363
3,2026-05-31,DOMINGO,07:00,29.0,28.354096478315867,27.25
3,2026-05-31,DOMINGO,08:00,29.0,25.455834446669797,39.76
3,2026-05-31,DOMINGO,08:30,37.0,31.557030626413294,33.35294117647059
3,2026-05-31,DOMINGO,09:00,32.0,28.221867936404877,38.05555555555556
3,2026-05-31,DOMINGO,10:00,61.0,31.255671753608922,38.26315789473684
3,2026-05-31,DOMINGO,11:00,25.0,34.29664422524914,38.294117647058826
3,2026-05-31,DOMINGO,11:30,42.0,35.51488518801648,32.375
3,2026-05-31,DOMINGO,14:00,24.0,24.90888246426205,29.857142857142858
3,2026-05-31,DOMINGO,14:30,23.0,30.540785650351765,31.375
3,2026-06-01,LABORAL,04:00,49.0,51.54739875140005,54.73504273504273
3,2026-06-01,LABORAL,04:30,131.0,149.08369361916627,136.35294117647058
3,2026-06-01,LABORAL,05:00,236.0,270.3293179276314,267.68333333333334
3,2026-06-01,LABORAL,05:30,237.0,240.5566633921045,233.04166666666666
3,2026-06-01,LABORAL,06:00,226.0,277.632014135556,289.175
3,2026-06-01,LABORAL,06:30,187.0,253.1035600591362,209.69166666666666
3,2026-06-01,LABORAL,07:00,167.0,174.07912122837655,163.41666666666666
3,2026-06-01,LABORAL,07:30,106.0,144.39050436575,146.18333333333334
3,2026-06-01,LABORAL,08:00,77.0,137.02642374417144,136.76068376068375
3,2026-06-01,LABORAL,08:30,156.0,118.9399383410206,135.575
3,2026-06-01,LABORAL,09:00,43.0,138.12942976975503,136.84873949579833
3,2026-06-01,LABORAL,09:30,143.0,114.28006821157241,113.54237288135593
3,2026-06-01,LABORAL,10:00,139.0,134.27846394334063,126.3135593220339
3,2026-06-01,LABORAL,11:00,74.0,123.12047895686892,102.98319327731092
3,2026-06-01,LABORAL,11:30,150.0,83.33465444485883,130.5677966101695
3,2026-06-01,LABORAL,12:00,136.0,129.03119157314,160.88333333333333
3,2026-06-01,LABORAL,12:30,172.0,163.83748909677703,133.64705882352942
3,2026-06-01,LABORAL,13:00,70.0,139.8400306455861,135.925
3,2026-06-01,LABORAL,13:30,110.0,135.09805993904013,132.33898305084745
3,2026-06-01,LABORAL,14:00,82.0,134.65507410927114,117.72649572649573
3,2026-06-01,LABORAL,14:30,178.0,120.22459041370713,138.5811965811966
3,2026-06-01,LABORAL,15:00,47.0,136.15295496187454,132.6218487394958
3,2026-06-01,LABORAL,15:30,117.0,133.01838742844345,123.01724137931035
3,2026-06-01,LABORAL,16:00,63.0,111.43109478354282,100.86206896551724
3,2026-06-01,LABORAL,16:30,52.0,112.94484260309773,74.84482758620689
3,2026-06-02,LABORAL,04:30,167.0,48.203564297465476,135.91596638655463
3,2026-06-02,LABORAL,05:00,224.0,135.5575109139621,267.3666666666667
3,2026-06-02,LABORAL,05:30,286.0,267.99007458534356,232.2
3,2026-06-02,LABORAL,06:00,279.0,244.97485122624857,288.775
3,2026-06-02,LABORAL,06:30,120.0,277.4784409834259,208.675
3,2026-06-02,LABORAL,07:00,227.0,213.91835993137946,163.96666666666667
3,2026-06-02,LABORAL,07:30,65.0,165.87890427861777,145.74166666666667
3,2026-06-02,LABORAL,08:00,173.0,149.31797946887485,136.0940170940171
3,2026-06-02,LABORAL,08:30,84.0,131.69185820697032,135.81666666666666
3,2026-06-02,LABORAL,09:00,121.0,137.28599704319765,135.58823529411765
3,2026-06-02,LABORAL,09:30,194.0,131.58589437516736,113.80508474576271
3,2026-06-02,LABORAL,10:00,72.0,109.89891770289003,126.2457627118644
3,2026-06-02,LABORAL,10:30,161.0,130.2479852266041,111.84873949579831
3,2026-06-02,LABORAL,11:00,94.0,113.48100176425261,102.85714285714286
3,2026-06-02,LABORAL,11:30,101.0,103.26510228563406,130.16949152542372
3,2026-06-02,LABORAL,12:00,188.0,133.41337058285256,160.49166666666667
3,2026-06-02,LABORAL,12:30,135.0,159.3822404196762,133.80672268907563
3,2026-06-02,LABORAL,13:00,105.0,129.51942108905894,135.55
3,2026-06-02,LABORAL,13:30,103.0,135.6797350042394,131.5677966101695
3,2026-06-02,LABORAL,14:00,120.0,133.03143307465552,116.8974358974359
3,2026-06-02,LABORAL,14:30,152.0,119.22949230883012,138.87179487179486
3,2026-06-02,LABORAL,15:00,174.0,137.96960451347513,131.87394957983193
3,2026-06-02,LABORAL,15:30,97.0,127.19988973162917,123.55172413793103
3,2026-06-02,LABORAL,16:00,102.0,116.86377395397716,100.37068965517241
3,2026-06-02,LABORAL,16:30,76.0,100.42470104283177,73.9396551724138
3,2026-06-03,LABORAL,04:30,170.0,47.790325362128215,135.94117647058823
3,2026-06-03,LABORAL,05:00,253.0,147.4257295495405,267.65
3,2026-06-03,LABORAL,05:30,311.0,296.3212263324021,232.71666666666667
3,2026-06-03,LABORAL,06:00,202.0,244.92906752918458,288.075
3,2026-06-03,LABORAL,06:30,215.0,289.91776112300295,207.225
3,2026-06-03,LABORAL,07:00,135.0,221.60626545932539,164.35833333333332
3,2026-06-03,LABORAL,07:30,155.0,178.675910800879,145.34166666666667
3,2026-06-03,LABORAL,08:00,105.0,157.1039069210855,136.1196581196581
3,2026-06-03,LABORAL,08:30,153.0,147.4362512739948,136.025
3,2026-06-03,LABORAL,09:00,68.0,151.07386731683874,134.27731092436974
3,2026-06-03,LABORAL,09:30,114.0,142.90601183469107,114.72881355932203
3,2026-06-03,LABORAL,10:00,127.0,116.80083674246379,125.54237288135593
3,2026-06-03,LABORAL,10:30,121.0,135.77243305711482,112.03361344537815
3,2026-06-03,LABORAL,11:00,101.0,109.68271826064223,102.82352941176471
3,2026-06-03,LABORAL,11:30,84.0,112.44869741787122,130.08474576271186
3,2026-06-03,LABORAL,12:00,163.0,137.02263179095095,160.46666666666667
3,2026-06-03,LABORAL,12:30,82.0,173.73559912944876,133.83193277310923
3,2026-06-03,LABORAL,13:00,146.0,134.49495669354425,135.76666666666668
3,2026-06-03,LABORAL,13:30,116.0,142.94124253019385,130.44915254237287
3,2026-06-03,LABORAL,14:00,93.0,137.33791933583245,117.55555555555556
3,2026-06-03,LABORAL,14:30,152.0,123.11458152937975,138.1965811965812
3,2026-06-03,LABORAL,15:00,53.0,142.25293439242452,132.71428571428572
3,2026-06-03,LABORAL,15:30,122.0,126.71916973520504,122.25
3,2026-06-03,LABORAL,16:00,109.0,128.65522236140353,100.74137931034483
3,2026-06-03,LABORAL,16:30,46.0,102.06569879577494,73.59482758620689
3,2026-06-03,LABORAL,17:00,29.0,66.28283728851437,47.05555555555556
3,2026-06-04,LABORAL,04:30,157.0,51.766499571558015,136.11764705882354
3,2026-06-04,LABORAL,05:00,293.0,135.63630867457024,267.275
3,2026-06-04,LABORAL,05:30,240.0,269.64012138567534,232.775
3,2026-06-04,LABORAL,06:00,278.0,233.21969542273453,286.8333333333333
3,2026-06-04,LABORAL,06:30,128.0,285.37390781565483,207.225
3,2026-06-04,LABORAL,07:00,157.0,209.71761076446228,163.95833333333334
3,2026-06-04,LABORAL,07:30,117.0,163.76246683662745,145.575
3,2026-06-04,LABORAL,08:00,67.0,151.84182067391114,136.28205128205127
3,2026-06-04,LABORAL,08:30,183.0,140.72201274188666,135.89166666666668
3,2026-06-04,LABORAL,09:00,64.0,141.7922402213848,133.08403361344537
3,2026-06-04,LABORAL,09:30,85.0,134.419729395993,114.66949152542372
3,2026-06-04,LABORAL,10:00,129.0,110.28191722498748,125.5546218487395
3,2026-06-04,LABORAL,10:30,90.0,123.92061659333969,111.97478991596638
3,2026-06-04,LABORAL,11:00,92.0,107.35085656355866,102.50420168067227
3,2026-06-04,LABORAL,11:30,106.0,107.5402088328733,129.74576271186442
3,2026-06-04,LABORAL,12:00,133.0,132.76018070291164,160.75833333333333
3,2026-06-04,LABORAL,12:30,123.0,164.18392151169508,133.35294117647058
3,2026-06-04,LABORAL,13:00,84.0,130.10498573719667,136.60833333333332
3,2026-06-04,LABORAL,13:30,134.0,145.9558864828952,129.72881355932202
3,2026-06-04,LABORAL,14:00,97.0,130.48097474504314,117.31623931623932
3,2026-06-04,LABORAL,14:30,123.0,116.54850168212927,138.4017094017094
3,2026-06-04,LABORAL,15:00,119.0,130.8653553070653,131.38655462184875
3,2026-06-04,LABORAL,15:30,112.0,123.20307773945784,122.32758620689656
3,2026-06-04,LABORAL,16:00,77.0,115.04046939998577,101.17241379310344
3,2026-06-04,LABORAL,16:30,73.0,95.66395555498976,73.08620689655173
3,2026-06-04,LABORAL,17:00,58.0,65.00473953479009,46.37777777777778
3,2026-06-05,LABORAL,04:30,142.0,48.05740752625621,136.21008403361344
3,2026-06-05,LABORAL,05:00,269.0,89.74394209994824,266.81666666666666
3,2026-06-05,LABORAL,05:30,193.0,176.33532105965116,233.025
3,2026-06-05,LABORAL,06:00,329.0,136.47312395420514,287.09166666666664
3,2026-06-05,LABORAL,06:30,178.0,166.9729437864975,206.18333333333334
3,2026-06-05,LABORAL,07:00,132.0,130.3730831770607,164.29166666666666
3,2026-06-05,LABORAL,07:30,125.0,118.12627959203533,145.2
3,2026-06-05,LABORAL,08:00,138.0,101.52615635815827,136.02564102564102
3,2026-06-05,LABORAL,08:30,108.0,96.81164304072965,135.85
3,2026-06-05,LABORAL,09:00,118.0,96.23923393180799,132.53781512605042
3,2026-06-05,LABORAL,09:30,59.0,94.19581221900502,114.55084745762711
3,2026-06-05,LABORAL,10:00,140.0,75.46500507646525,125.5546218487395
3,2026-06-05,LABORAL,10:30,112.0,83.73130673411856,111.90756302521008
3,2026-06-05,LABORAL,11:00,109.0,75.63803509268816,102.12605042016807
3,2026-06-05,LABORAL,11:30,90.0,74.2861112353095,129.27118644067798
3,2026-06-05,LABORAL,12:00,178.0,105.65121846390926,160.96666666666667
3,2026-06-05,LABORAL,12:30,114.0,104.77843129797031,132.63025210084032
3,2026-06-05,LABORAL,13:00,45.0,91.07613118946217,136.38333333333333
3,2026-06-05,LABORAL,13:30,158.0,117.27631678579903,129.5593220338983
3,2026-06-05,LABORAL,14:00,125.0,85.47255778297327,117.08547008547009
3,2026-06-05,LABORAL,14:30,110.0,81.12619293408173,138.0
3,2026-06-05,LABORAL,15:00,126.0,89.17915827532656,131.87394957983193
3,2026-06-05,LABORAL,15:30,110.0,80.13640356890565,122.16379310344827
3,2026-06-05,LABORAL,16:00,110.0,57.316369294835,100.14655172413794
3,2026-06-05,LABORAL,16:30,41.0,63.64075949596016,73.14655172413794
3,2026-06-06,SABADO,04:00,53.0,38.27368347455807,37.125
3,2026-06-06,SABADO,04:30,93.0,75.9741093119169,97.46153846153847
3,2026-06-06,SABADO,05:00,106.0,159.15568634737858,153.23076923076923
3,2026-06-06,SABADO,05:30,188.0,128.65818732778538,143.15384615384616
3,2026-06-06,SABADO,06:00,213.0,165.20214821060972,191.23076923076923
3,2026-06-06,SABADO,06:30,181.0,125.43162542193618,184.6153846153846
3,2026-06-06,SABADO,07:00,105.0,112.50416711198048,128.03846153846155
3,2026-06-06,SABADO,07:30,138.0,88.32583832247724,101.3076923076923
3,2026-06-06,SABADO,08:00,94.0,83.16129849304701,110.38461538461539
3,2026-06-06,SABADO,08:30,92.0,96.17292985114622,104.72
3,2026-06-06,SABADO,09:00,75.0,75.90609763079746,95.38461538461539
3,2026-06-06,SABADO,09:30,93.0,61.022916277491724,78.26923076923077
3,2026-06-06,SABADO,10:00,100.0,73.8252409350795,83.07692307692308
3,2026-06-06,SABADO,10:30,96.0,76.98820085590587,78.6923076923077
3,2026-06-06,SABADO,11:00,65.0,72.27999663597785,81.03846153846153
3,2026-06-06,SABADO,11:30,48.0,89.81157347469417,83.6
3,2026-06-06,SABADO,12:00,93.0,86.77404419344087,76.07692307692308
3,2026-06-06,SABADO,12:30,72.0,65.71859655234942,71.70833333333333
3,2026-06-06,SABADO,13:00,41.0,90.08564809010613,69.82608695652173
3,2026-06-06,SABADO,13:30,82.0,60.98543896262092,63.75
3,2026-06-06,SABADO,14:00,30.0,70.6334093467154,61.84
3,2026-06-06,SABADO,14:30,48.0,67.0317977127537,60.0
3,2026-06-06,SABADO,15:00,75.0,63.56337383082628,65.95833333333333
3,2026-06-06,SABADO,16:00,52.0,37.322258916090775,45.3
3,2026-06-07,DOMINGO,06:30,52.0,28.70354922127906,33.5
3,2026-06-07,DOMINGO,07:00,23.0,27.876094591626,27.7
3,2026-06-07,DOMINGO,07:30,19.0,30.56884414283911,31.523809523809526
3,2026-06-07,DOMINGO,08:00,38.0,27.729820993142553,38.72
3,2026-06-07,DOMINGO,08:30,30.0,33.16780504171551,33.55555555555556
3,2026-06-07,DOMINGO,09:00,25.0,37.94921707650836,36.166666666666664
3,2026-06-07,DOMINGO,09:30,44.0,42.259773720391905,31.72222222222222
3,2026-06-07,DOMINGO,10:00,26.0,29.072710205833133,38.526315789473685
3,2026-06-07,DOMINGO,10:30,47.0,33.95988099340721,40.1764705882353
3,2026-06-07,DOMINGO,11:00,27.0,37.93109900900173,35.470588235294116
3,2026-06-07,DOMINGO,11:30,28.0,27.622132961994552,32.94117647058823
3,2026-06-07,DOMINGO,12:00,25.0,29.14698313566862,35.44444444444444
3,2026-06-07,DOMINGO,12:30,26.0,31.870472522192316,31.307692307692307
3,2026-06-07,DOMINGO,13:00,20.0,26.036257569936822,29.125
3,2026-06-07,DOMINGO,13:30,12.0,41.76635005987663,32.857142857142854
3,2026-06-07,DOMINGO,14:00,26.0,50.96974099516204,29.714285714285715
3,2026-06-07,DOMINGO,14:30,18.0,25.807676669041598,31.125
3,2026-06-07,DOMINGO,15:00,18.0,26.43498367364039,31.333333333333332
3,2026-06-08,FESTIVO_PUENTE,07:30,32.0,46.272330641648935,24.666666666666668
3,2026-06-08,FESTIVO_PUENTE,08:00,19.0,98.53604004059328,34.5
3,2026-06-08,FESTIVO_PUENTE,08:30,19.0,180.6805696828046,31.5
3,2026-06-08,FESTIVO_PUENTE,10:30,33.0,168.61633974002373,26.5
3,2026-06-08,FESTIVO_PUENTE,11:00,19.0,182.86045233062032,25.0
3,2026-06-08,FESTIVO_PUENTE,11:30,46.0,164.80568199197322,21.25
3,2026-06-08,FESTIVO_PUENTE,13:30,23.0,103.38850294998275,29.333333333333332
3,2026-06-08,FESTIVO_PUENTE,15:00,31.0,96.40228564970934,20.0
3,2026-06-08,FESTIVO_PUENTE,15:30,25.0,91.90541918571226,121.53166627716756
3,2026-06-09,LABORAL,04:30,158.0,47.633264649090094,136.42857142857142
3,2026-06-09,LABORAL,05:00,185.0,147.05886187496822,266.0416666666667
3,2026-06-09,LABORAL,05:30,342.0,243.68371778851485,232.29166666666666
3,2026-06-09,LABORAL,06:00,230.0,221.68277090565726,287.1666666666667
3,2026-06-09,LABORAL,06:30,209.0,269.61554920268264,206.7
3,2026-06-09,LABORAL,07:00,135.0,219.93110757848956,163.29166666666666
3,2026-06-09,LABORAL,07:30,97.0,155.98457145320717,145.14166666666668
3,2026-06-09,LABORAL,08:00,205.0,132.47260599316635,135.8803418803419
3,2026-06-09,LABORAL,08:30,107.0,130.12146960808215,136.2
3,2026-06-09,LABORAL,09:00,196.0,116.23931165511313,132.16806722689077
3,2026-06-09,LABORAL,09:30,139.0,138.27491154896322,114.10169491525424
3,2026-06-09,LABORAL,10:00,129.0,115.21399669806101,125.7983193277311
3,2026-06-09,LABORAL,10:30,108.0,132.45246707171378,112.1344537815126
3,2026-06-09,LABORAL,11:00,98.0,115.64189498735821,101.85714285714286
3,2026-06-09,LABORAL,11:30,137.0,92.40435324218979,129.11016949152543
3,2026-06-09,LABORAL,12:00,180.0,122.18634008425921,160.53333333333333
3,2026-06-09,LABORAL,12:30,99.0,146.90550505323353,132.1764705882353
3,2026-06-09,LABORAL,13:00,148.0,137.34314842803738,135.88333333333333
3,2026-06-09,LABORAL,13:30,103.0,143.71734240360425,129.6271186440678
3,2026-06-09,LABORAL,14:00,92.0,117.87773703731956,117.53846153846153
3,2026-06-09,LABORAL,14:30,169.0,107.65730879843301,137.03418803418805
3,2026-06-09,LABORAL,15:00,116.0,121.65405376752474,131.2268907563025
3,2026-06-09,LABORAL,15:30,105.0,131.356903535916,122.56896551724138
3,2026-06-09,LABORAL,16:00,107.0,101.66015144337177,99.87931034482759
3,2026-06-09,LABORAL,16:30,44.0,97.93337728420873,72.87068965517241
3,2026-06-09,LABORAL,17:00,50.0,60.22080884835364,46.78651685393258
3,2026-06-10,LABORAL,04:00,29.0,47.887404520439404,54.589285714285715
3,2026-06-10,LABORAL,04:30,118.0,140.62610505080116,136.32773109243698
3,2026-06-10,LABORAL,05:00,285.0,279.6981398316392,265.25
3,2026-06-10,LABORAL,05:30,257.0,249.41277978424665,233.19166666666666
3,2026-06-10,LABORAL,06:00,302.0,298.3260870834342,286.43333333333334
3,2026-06-10,LABORAL,06:30,180.0,214.2130867003994,206.55833333333334
3,2026-06-10,LABORAL,07:00,113.0,168.2419951156022,162.69166666666666
3,2026-06-10,LABORAL,07:30,113.0,155.12298812707098,144.73333333333332
3,2026-06-10,LABORAL,08:00,172.0,144.51370075289282,135.74358974358975
3,2026-06-10,LABORAL,08:30,66.0,142.50728929304148,135.75833333333333
3,2026-06-10,LABORAL,09:00,102.0,136.0049148710976,132.05882352941177
3,2026-06-10,LABORAL,09:30,128.0,115.12614060020557,114.38983050847457
3,2026-06-10,LABORAL,10:00,108.0,126.41574753736099,124.91596638655462
3,2026-06-10,LABORAL,10:30,45.0,112.27558566999214,112.12605042016807
3,2026-06-10,LABORAL,11:00,117.0,111.11941969553327,102.14285714285714
3,2026-06-10,LABORAL,11:30,113.0,133.368692416209,127.94067796610169
3,2026-06-10,LABORAL,12:00,112.0,170.5407189931195,160.625
3,2026-06-10,LABORAL,12:30,134.0,132.80647873464153,131.7058823529412
3,2026-06-10,LABORAL,13:00,53.0,143.04401405949284,136.15833333333333
3,2026-06-10,LABORAL,13:30,48.0,136.50400662096598,128.66101694915255
3,2026-06-10,LABORAL,14:30,55.0,120.27874089673851,136.39316239316238
3,2026-06-10,LABORAL,15:00,41.0,138.15489169825466,131.03361344537817
