route,dia_op,tipo_dia,hora,real,pred_grilla
1,2026-04-02,FESTIVO,07:00,65.0,38.081566
1,2026-04-02,FESTIVO,07:30,23.0,20.855927
1,2026-04-02,FESTIVO,08:00,11.0,31.26941
1,2026-04-02,FESTIVO,09:00,20.0,48.907543
1,2026-04-02,FESTIVO,09:30,25.0,26.7723
1,2026-04-02,FESTIVO,10:00,21.0,27.727997
1,2026-04-02,FESTIVO,10:30,19.0,33.515076
1,2026-04-02,FESTIVO,11:00,23.0,26.344666
1,2026-04-02,FESTIVO,11:30,33.0,37.638542
1,2026-04-02,FESTIVO,12:00,18.0,29.580307
1,2026-04-02,FESTIVO,12:30,45.0,51.315514
1,2026-04-02,FESTIVO,13:00,21.0,17.299294
1,2026-04-02,FESTIVO,13:30,49.0,21.941368
1,2026-04-02,FESTIVO,15:00,27.0,46.135086
1,2026-04-02,FESTIVO,15:30,30.0,55.318493
1,2026-04-03,FESTIVO,08:00,14.0,52.489338
1,2026-04-03,FESTIVO,08:30,30.0,46.143578
1,2026-04-03,FESTIVO,09:00,16.0,50.161667
1,2026-04-03,FESTIVO,11:00,12.0,55.999264
1,2026-04-03,FESTIVO,11:30,28.0,46.53248
1,2026-04-03,FESTIVO,12:00,19.0,45.23419
1,2026-04-03,FESTIVO,12:30,18.0,58.302597
1,2026-04-03,FESTIVO,14:30,31.0,47.22319
1,2026-04-04,SABADO,04:30,37.0,97.53176
1,2026-04-04,SABADO,05:00,48.0,51.8634
1,2026-04-04,SABADO,05:30,51.0,85.602104
1,2026-04-04,SABADO,06:00,42.0,101.118614
1,2026-04-04,SABADO,06:30,66.0,123.075134
1,2026-04-04,SABADO,07:00,38.0,115.59355
1,2026-04-04,SABADO,07:30,63.0,107.59323
1,2026-04-04,SABADO,08:00,80.0,106.82801
1,2026-04-04,SABADO,08:30,23.0,108.836754
1,2026-04-04,SABADO,09:00,89.0,90.86879
1,2026-04-04,SABADO,09:30,54.0,111.058846
1,2026-04-04,SABADO,10:00,73.0,88.59886
1,2026-04-04,SABADO,10:30,30.0,95.59982
1,2026-04-04,SABADO,11:00,17.0,96.337685
1,2026-04-04,SABADO,11:30,104.0,82.14359
1,2026-04-04,SABADO,12:00,71.0,100.81461
1,2026-04-04,SABADO,13:00,99.0,66.00633
1,2026-04-04,SABADO,13:30,21.0,89.964096
1,2026-04-04,SABADO,14:30,36.0,52.187946
1,2026-04-04,SABADO,15:00,124.0,73.39827
1,2026-04-04,SABADO,16:00,48.0,38.243828
1,2026-04-04,SABADO,17:00,26.0,29.123314
1,2026-04-05,DOMINGO,07:00,29.0,36.352577
1,2026-04-05,DOMINGO,07:30,23.0,47.461716
1,2026-04-05,DOMINGO,08:30,28.0,46.649376
1,2026-04-05,DOMINGO,09:00,28.0,46.869736
1,2026-04-05,DOMINGO,10:00,18.0,33.76066
1,2026-04-05,DOMINGO,10:30,28.0,48.40351
1,2026-04-05,DOMINGO,11:00,30.0,50.150105
1,2026-04-05,DOMINGO,12:30,23.0,54.71934
1,2026-04-05,DOMINGO,13:30,21.0,35.404213
1,2026-04-05,DOMINGO,14:00,21.0,43.842392
1,2026-04-05,DOMINGO,15:00,23.0,41.95762
1,2026-04-06,LABORAL,04:30,135.0,129.39482
1,2026-04-06,LABORAL,05:00,73.0,120.993965
1,2026-04-06,LABORAL,05:30,183.0,141.98235
1,2026-04-06,LABORAL,06:00,106.0,144.49847
1,2026-04-06,LABORAL,06:30,160.0,130.91286
1,2026-04-06,LABORAL,07:00,157.0,131.71248
1,2026-04-06,LABORAL,07:30,54.0,134.79947
1,2026-04-06,LABORAL,08:00,165.0,131.86139
1,2026-04-06,LABORAL,08:30,123.0,133.47118
1,2026-04-06,LABORAL,09:00,176.0,134.95146
1,2026-04-06,LABORAL,09:30,155.0,124.831085
1,2026-04-06,LABORAL,10:00,98.0,100.05771
1,2026-04-06,LABORAL,10:30,80.0,91.932365
1,2026-04-06,LABORAL,11:00,90.0,90.59939
1,2026-04-06,LABORAL,11:30,84.0,85.29625
1,2026-04-06,LABORAL,12:00,110.0,104.539635
1,2026-04-06,LABORAL,12:30,165.0,129.36963
1,2026-04-06,LABORAL,13:00,105.0,128.14491
1,2026-04-06,LABORAL,13:30,192.0,146.08246
1,2026-04-06,LABORAL,14:00,174.0,145.97562
1,2026-04-06,LABORAL,14:30,113.0,147.40446
1,2026-04-06,LABORAL,15:00,217.0,151.77094
1,2026-04-06,LABORAL,15:30,135.0,174.25027
1,2026-04-06,LABORAL,16:00,151.0,161.50598
1,2026-04-06,LABORAL,16:30,118.0,122.32569
1,2026-04-06,LABORAL,17:00,50.0,75.70314
1,2026-04-06,LABORAL,17:30,20.0,34.069748
1,2026-04-06,LABORAL,18:00,21.0,23.854134
1,2026-04-07,LABORAL,04:30,120.0,135.46225
1,2026-04-07,LABORAL,05:00,126.0,133.34785
1,2026-04-07,LABORAL,05:30,137.0,150.39337
1,2026-04-07,LABORAL,06:00,143.0,149.10864
1,2026-04-07,LABORAL,06:30,134.0,137.42029
1,2026-04-07,LABORAL,07:00,107.0,143.80037
1,2026-04-07,LABORAL,07:30,187.0,145.48666
1,2026-04-07,LABORAL,08:00,164.0,149.5431
1,2026-04-07,LABORAL,08:30,129.0,143.60304
1,2026-04-07,LABORAL,09:00,152.0,145.45163
1,2026-04-07,LABORAL,09:30,91.0,132.99513
1,2026-04-07,LABORAL,10:00,176.0,107.876625
1,2026-04-07,LABORAL,10:30,88.0,102.05101
1,2026-04-07,LABORAL,11:00,84.0,100.15912
1,2026-04-07,LABORAL,11:30,134.0,102.19659
1,2026-04-07,LABORAL,12:00,113.0,113.133995
1,2026-04-07,LABORAL,12:30,82.0,144.69395
1,2026-04-07,LABORAL,13:00,149.0,134.8859
1,2026-04-07,LABORAL,13:30,211.0,153.79337
1,2026-04-07,LABORAL,14:00,180.0,159.50792
1,2026-04-07,LABORAL,14:30,114.0,158.77145
1,2026-04-07,LABORAL,15:00,190.0,169.5312
1,2026-04-07,LABORAL,15:30,194.0,186.5831
1,2026-04-07,LABORAL,16:00,198.0,158.36989
1,2026-04-07,LABORAL,16:30,148.0,131.07483
1,2026-04-07,LABORAL,17:00,82.0,75.8638
1,2026-04-08,LABORAL,04:30,126.0,137.98433
1,2026-04-08,LABORAL,05:00,117.0,140.38004
1,2026-04-08,LABORAL,05:30,125.0,154.70685
1,2026-04-08,LABORAL,06:00,132.0,154.05814
1,2026-04-08,LABORAL,06:30,189.0,139.41226
1,2026-04-08,LABORAL,07:00,53.0,153.69481
1,2026-04-08,LABORAL,07:30,118.0,158.21991
1,2026-04-08,LABORAL,08:00,125.0,157.81743
1,2026-04-08,LABORAL,08:30,184.0,152.26346
1,2026-04-08,LABORAL,09:00,105.0,152.66656
1,2026-04-08,LABORAL,09:30,120.0,146.29413
1,2026-04-08,LABORAL,10:00,151.0,116.97443
1,2026-04-08,LABORAL,10:30,70.0,109.03799
1,2026-04-08,LABORAL,11:00,118.0,103.46484
1,2026-04-08,LABORAL,11:30,88.0,113.97848
1,2026-04-08,LABORAL,12:00,112.0,122.274925
1,2026-04-08,LABORAL,12:30,146.0,154.76459
1,2026-04-08,LABORAL,13:00,159.0,145.51753
1,2026-04-08,LABORAL,13:30,60.0,163.12854
1,2026-04-08,LABORAL,14:00,226.0,166.6414
1,2026-04-08,LABORAL,14:30,125.0,167.71915
1,2026-04-08,LABORAL,15:00,173.0,184.9061
1,2026-04-08,LABORAL,15:30,175.0,192.86041
1,2026-04-08,LABORAL,16:00,92.0,160.54329
1,2026-04-08,LABORAL,16:30,142.0,138.2524
1,2026-04-08,LABORAL,17:00,48.0,77.25207
1,2026-04-09,LABORAL,04:30,82.0,124.753586
1,2026-04-09,LABORAL,05:00,150.0,119.64128
1,2026-04-09,LABORAL,05:30,110.0,139.5705
1,2026-04-09,LABORAL,06:00,147.0,138.1527
1,2026-04-09,LABORAL,06:30,99.0,125.63112
1,2026-04-09,LABORAL,07:00,153.0,130.38644
1,2026-04-09,LABORAL,07:30,147.0,133.03409
1,2026-04-09,LABORAL,08:00,103.0,134.18813
1,2026-04-09,LABORAL,08:30,178.0,133.26317
1,2026-04-09,LABORAL,09:00,140.0,134.96439
1,2026-04-09,LABORAL,09:30,86.0,123.497154
1,2026-04-09,LABORAL,10:00,78.0,104.7738
1,2026-04-09,LABORAL,10:30,37.0,97.59252
1,2026-04-09,LABORAL,11:00,148.0,96.6178
1,2026-04-09,LABORAL,11:30,69.0,101.68945
1,2026-04-09,LABORAL,12:00,84.0,111.10234
1,2026-04-09,LABORAL,12:30,140.0,134.13591
1,2026-04-09,LABORAL,13:00,160.0,127.586685
1,2026-04-09,LABORAL,13:30,85.0,137.949
1,2026-04-09,LABORAL,14:00,111.0,142.41011
1,2026-04-09,LABORAL,14:30,168.0,144.08362
1,2026-04-09,LABORAL,15:00,189.0,157.47226
1,2026-04-09,LABORAL,15:30,129.0,167.9569
1,2026-04-09,LABORAL,16:00,109.0,135.44104
1,2026-04-09,LABORAL,16:30,110.0,118.42574
1,2026-04-09,LABORAL,17:00,91.0,69.55344
1,2026-04-09,LABORAL,17:30,16.0,36.947525
1,2026-04-10,LABORAL,04:30,113.0,108.333435
1,2026-04-10,LABORAL,05:00,124.0,88.12158
1,2026-04-10,LABORAL,05:30,139.0,116.90119
1,2026-04-10,LABORAL,06:00,131.0,117.67418
1,2026-04-10,LABORAL,06:30,93.0,113.082375
1,2026-04-10,LABORAL,07:00,152.0,98.452835
1,2026-04-10,LABORAL,07:30,98.0,100.537735
1,2026-04-10,LABORAL,08:00,187.0,101.318855
1,2026-04-10,LABORAL,08:30,81.0,106.46934
1,2026-04-10,LABORAL,09:00,162.0,109.115974
1,2026-04-10,LABORAL,09:30,144.0,94.835976
1,2026-04-10,LABORAL,10:00,90.0,84.44848
1,2026-04-10,LABORAL,10:30,87.0,80.62853
1,2026-04-10,LABORAL,11:00,99.0,81.904495
1,2026-04-10,LABORAL,11:30,100.0,80.111725
1,2026-04-10,LABORAL,12:00,134.0,88.73184
1,2026-04-10,LABORAL,12:30,88.0,104.88791
1,2026-04-10,LABORAL,13:00,132.0,97.4726
1,2026-04-10,LABORAL,13:30,162.0,105.291
1,2026-04-10,LABORAL,14:00,172.0,109.31722
1,2026-04-10,LABORAL,14:30,205.0,107.68135
1,2026-04-10,LABORAL,15:00,101.0,120.40015
1,2026-04-10,LABORAL,15:30,211.0,132.16382
1,2026-04-10,LABORAL,16:00,104.0,102.946304
1,2026-04-10,LABORAL,16:30,165.0,91.4399
1,2026-04-10,LABORAL,17:00,56.0,54.010967
1,2026-04-11,SABADO,04:30,65.0,102.18952
1,2026-04-11,SABADO,05:00,50.0,71.459625
1,2026-04-11,SABADO,05:30,87.0,108.575745
1,2026-04-11,SABADO,06:00,66.0,112.31054
1,2026-04-11,SABADO,06:30,125.0,113.38053
1,2026-04-11,SABADO,07:00,104.0,95.389275
1,2026-04-11,SABADO,07:30,88.0,89.76712
1,2026-04-11,SABADO,08:00,55.0,93.7615
1,2026-04-11,SABADO,08:30,59.0,92.14859
1,2026-04-11,SABADO,09:00,101.0,89.72946
1,2026-04-11,SABADO,09:30,52.0,87.38341
1,2026-04-11,SABADO,10:00,123.0,72.77046
1,2026-04-11,SABADO,10:30,103.0,87.78885
1,2026-04-11,SABADO,11:00,63.0,73.59396
1,2026-04-11,SABADO,11:30,58.0,84.27515
1,2026-04-11,SABADO,12:00,176.0,81.91666
1,2026-04-11,SABADO,13:00,57.0,95.71421
1,2026-04-11,SABADO,13:30,92.0,92.445206
1,2026-04-11,SABADO,14:00,62.0,94.694855
1,2026-04-11,SABADO,15:00,69.0,117.35025
1,2026-04-11,SABADO,15:30,82.0,124.22789
1,2026-04-11,SABADO,16:00,44.0,87.18543
1,2026-04-11,SABADO,16:30,43.0,76.7306
1,2026-04-11,SABADO,17:30,30.0,31.957603
1,2026-04-12,DOMINGO,07:30,30.0,37.422485
1,2026-04-12,DOMINGO,08:00,28.0,40.703484
1,2026-04-12,DOMINGO,09:30,31.0,32.983
1,2026-04-12,DOMINGO,10:30,36.0,42.981186
1,2026-04-12,DOMINGO,12:00,36.0,39.21878
1,2026-04-12,DOMINGO,13:30,23.0,28.86728
1,2026-04-12,DOMINGO,14:30,22.0,38.866158
1,2026-04-12,DOMINGO,15:30,37.0,66.70933
1,2026-04-13,LABORAL,04:30,117.0,130.46254
1,2026-04-13,LABORAL,05:00,119.0,120.621445
1,2026-04-13,LABORAL,05:30,79.0,141.01955
1,2026-04-13,LABORAL,06:00,138.0,142.60295
1,2026-04-13,LABORAL,06:30,215.0,132.05872
1,2026-04-13,LABORAL,07:00,78.0,133.22888
1,2026-04-13,LABORAL,07:30,206.0,135.84557
1,2026-04-13,LABORAL,08:00,48.0,130.12895
1,2026-04-13,LABORAL,08:30,132.0,134.20018
1,2026-04-13,LABORAL,09:00,151.0,138.64752
1,2026-04-13,LABORAL,09:30,100.0,122.90533
1,2026-04-13,LABORAL,10:00,85.0,100.43838
1,2026-04-13,LABORAL,10:30,74.0,91.35781
1,2026-04-13,LABORAL,11:00,95.0,89.871376
1,2026-04-13,LABORAL,11:30,118.0,86.17356
1,2026-04-13,LABORAL,12:00,86.0,106.9129
1,2026-04-13,LABORAL,12:30,99.0,129.54172
1,2026-04-13,LABORAL,13:00,139.0,125.44659
1,2026-04-13,LABORAL,13:30,115.0,146.92642
1,2026-04-13,LABORAL,14:00,189.0,143.62529
1,2026-04-13,LABORAL,14:30,80.0,140.27228
1,2026-04-13,LABORAL,15:00,211.0,151.20749
1,2026-04-13,LABORAL,15:30,176.0,173.94339
1,2026-04-13,LABORAL,16:00,104.0,157.4516
1,2026-04-13,LABORAL,16:30,131.0,119.77887
1,2026-04-13,LABORAL,17:00,76.0,74.03233
1,2026-04-13,LABORAL,17:30,26.0,34.14495
1,2026-04-14,LABORAL,04:30,71.0,133.08449
1,2026-04-14,LABORAL,05:00,157.0,127.60198
1,2026-04-14,LABORAL,05:30,129.0,149.66658
1,2026-04-14,LABORAL,06:00,151.0,147.45807
1,2026-04-14,LABORAL,06:30,89.0,135.90263
1,2026-04-14,LABORAL,07:00,130.0,142.53813
1,2026-04-14,LABORAL,07:30,179.0,142.48845
1,2026-04-14,LABORAL,08:00,144.0,142.96835
1,2026-04-14,LABORAL,08:30,88.0,141.27013
1,2026-04-14,LABORAL,09:00,144.0,144.36832
1,2026-04-14,LABORAL,09:30,130.0,132.89006
1,2026-04-14,LABORAL,10:00,67.0,105.13572
1,2026-04-14,LABORAL,10:30,141.0,99.64015
1,2026-04-14,LABORAL,11:00,103.0,96.778366
1,2026-04-14,LABORAL,11:30,88.0,98.004555
1,2026-04-14,LABORAL,12:00,146.0,110.91379
1,2026-04-14,LABORAL,12:30,143.0,141.26605
1,2026-04-14,LABORAL,13:00,180.0,132.50194
1,2026-04-14,LABORAL,13:30,62.0,152.17621
1,2026-04-14,LABORAL,14:00,114.0,154.42178
1,2026-04-14,LABORAL,14:30,186.0,154.56956
1,2026-04-14,LABORAL,15:00,131.0,167.67105
1,2026-04-14,LABORAL,15:30,107.0,182.01057
1,2026-04-14,LABORAL,16:00,136.0,156.05728
1,2026-04-14,LABORAL,16:30,110.0,128.77855
1,2026-04-14,LABORAL,17:00,46.0,72.89799
1,2026-04-15,LABORAL,04:30,76.0,127.4267
1,2026-04-15,LABORAL,05:00,81.0,123.477036
1,2026-04-15,LABORAL,05:30,157.0,146.80469
1,2026-04-15,LABORAL,06:00,128.0,144.99858
1,2026-04-15,LABORAL,06:30,99.0,132.01529
1,2026-04-15,LABORAL,07:00,131.0,134.8875
1,2026-04-15,LABORAL,07:30,126.0,136.49844
1,2026-04-15,LABORAL,08:00,93.0,137.08585
1,2026-04-15,LABORAL,08:30,224.0,136.48235
1,2026-04-15,LABORAL,09:00,124.0,139.11356
1,2026-04-15,LABORAL,09:30,114.0,125.85752
1,2026-04-15,LABORAL,10:00,59.0,102.97357
1,2026-04-15,LABORAL,10:30,76.0,94.721725
1,2026-04-15,LABORAL,11:00,95.0,95.65571
1,2026-04-15,LABORAL,11:30,78.0,97.0752
1,2026-04-15,LABORAL,12:00,79.0,106.613716
1,2026-04-15,LABORAL,12:30,102.0,137.19867
1,2026-04-15,LABORAL,13:00,116.0,130.503
1,2026-04-15,LABORAL,13:30,162.0,146.18076
1,2026-04-15,LABORAL,14:00,119.0,148.66269
1,2026-04-15,LABORAL,14:30,58.0,149.11938
1,2026-04-15,LABORAL,15:00,138.0,164.3794
1,2026-04-15,LABORAL,15:30,176.0,176.3923
1,2026-04-15,LABORAL,16:00,89.0,146.44427
1,2026-04-15,LABORAL,16:30,75.0,123.270355
1,2026-04-15,LABORAL,17:00,46.0,72.2745
1,2026-04-16,LABORAL,04:30,123.0,111.095566
1,2026-04-16,LABORAL,05:00,49.0,104.006546
1,2026-04-16,LABORAL,05:30,181.0,125.039635
1,2026-04-16,LABORAL,06:00,34.0,124.061646
1,2026-04-16,LABORAL,06:30,162.0,115.803085
1,2026-04-16,LABORAL,07:00,96.0,109.629616
1,2026-04-16,LABORAL,07:30,136.0,109.91721
1,2026-04-16,LABORAL,08:00,142.0,111.45657
1,2026-04-16,LABORAL,08:30,107.0,117.077484
1,2026-04-16,LABORAL,09:00,115.0,121.1303
1,2026-04-16,LABORAL,09:30,70.0,97.828705
1,2026-04-16,LABORAL,10:00,140.0,90.16945
1,2026-04-16,LABORAL,10:30,85.0,76.32435
1,2026-04-16,LABORAL,11:00,40.0,82.37909
1,2026-04-16,LABORAL,11:30,116.0,80.482506
1,2026-04-16,LABORAL,12:00,115.0,91.576996
1,2026-04-16,LABORAL,12:30,115.0,113.0576
1,2026-04-16,LABORAL,13:00,108.0,107.903336
1,2026-04-16,LABORAL,13:30,160.0,116.748055
1,2026-04-16,LABORAL,14:00,117.0,125.17307
1,2026-04-16,LABORAL,14:30,192.0,131.78764
1,2026-04-16,LABORAL,15:00,145.0,137.26175
1,2026-04-16,LABORAL,15:30,60.0,144.18048
1,2026-04-16,LABORAL,16:00,207.0,121.792435
1,2026-04-16,LABORAL,16:30,82.0,106.16741
1,2026-04-17,LABORAL,04:30,136.0,110.20365
1,2026-04-17,LABORAL,05:00,100.0,102.43163
1,2026-04-17,LABORAL,05:30,124.0,122.490944
1,2026-04-17,LABORAL,06:00,166.0,121.67909
1,2026-04-17,LABORAL,06:30,144.0,118.57768
1,2026-04-17,LABORAL,07:30,137.0,116.01709
1,2026-04-17,LABORAL,08:00,172.0,114.755844
1,2026-04-17,LABORAL,08:30,105.0,118.80719
1,2026-04-17,LABORAL,09:00,180.0,119.4764
1,2026-04-17,LABORAL,09:30,69.0,107.38755
1,2026-04-17,LABORAL,10:00,102.0,93.240295
1,2026-04-17,LABORAL,10:30,49.0,90.999374
1,2026-04-17,LABORAL,11:00,148.0,88.526924
1,2026-04-17,LABORAL,11:30,88.0,90.90088
1,2026-04-17,LABORAL,12:00,122.0,98.7749
1,2026-04-17,LABORAL,12:30,110.0,114.96522
1,2026-04-17,LABORAL,13:00,153.0,109.71771
1,2026-04-17,LABORAL,13:30,107.0,115.5436
1,2026-04-17,LABORAL,14:00,104.0,122.60117
1,2026-04-17,LABORAL,14:30,185.0,125.03111
1,2026-04-17,LABORAL,15:00,65.0,133.08643
1,2026-04-17,LABORAL,15:30,163.0,137.20453
1,2026-04-17,LABORAL,16:00,177.0,111.56014
1,2026-04-17,LABORAL,16:30,140.0,102.99984
1,2026-04-17,LABORAL,17:00,72.0,59.46157
1,2026-04-18,SABADO,04:30,63.0,82.063614
1,2026-04-18,SABADO,05:00,54.0,56.595833
1,2026-04-18,SABADO,05:30,103.0,79.15586
1,2026-04-18,SABADO,06:00,77.0,81.97013
1,2026-04-18,SABADO,06:30,86.0,93.55874
1,2026-04-18,SABADO,07:00,90.0,86.04364
1,2026-04-18,SABADO,07:30,83.0,82.24001
1,2026-04-18,SABADO,08:00,103.0,83.52977
1,2026-04-18,SABADO,08:30,91.0,84.97626
1,2026-04-18,SABADO,09:00,95.0,82.50569
1,2026-04-18,SABADO,09:30,96.0,76.63621
1,2026-04-18,SABADO,10:00,90.0,68.16312
1,2026-04-18,SABADO,10:30,84.0,79.851006
1,2026-04-18,SABADO,11:00,95.0,73.93556
1,2026-04-18,SABADO,11:30,50.0,74.540184
1,2026-04-18,SABADO,12:00,97.0,77.81505
1,2026-04-18,SABADO,12:30,58.0,80.987175
1,2026-04-18,SABADO,13:00,72.0,71.61728
1,2026-04-18,SABADO,13:30,76.0,74.38783
1,2026-04-18,SABADO,14:00,39.0,78.95389
1,2026-04-18,SABADO,14:30,40.0,80.54269
1,2026-04-18,SABADO,15:00,61.0,76.310425
1,2026-04-18,SABADO,15:30,44.0,80.049515
1,2026-04-18,SABADO,16:00,39.0,63.706703
1,2026-04-18,SABADO,17:00,47.0,35.730774
1,2026-04-18,SABADO,17:30,23.0,28.91793
1,2026-04-19,DOMINGO,06:30,14.0,26.815086
1,2026-04-19,DOMINGO,07:30,25.0,24.532425
1,2026-04-19,DOMINGO,08:00,57.0,27.58599
1,2026-04-19,DOMINGO,08:30,30.0,38.244537
1,2026-04-19,DOMINGO,09:00,19.0,35.21569
1,2026-04-19,DOMINGO,10:00,26.0,28.712692
1,2026-04-19,DOMINGO,11:00,34.0,30.433968
1,2026-04-19,DOMINGO,12:00,40.0,28.989708
1,2026-04-19,DOMINGO,12:30,15.0,31.931427
1,2026-04-19,DOMINGO,13:00,16.0,26.666672
1,2026-04-19,DOMINGO,14:00,27.0,27.683334
1,2026-04-19,DOMINGO,14:30,60.0,29.958809
1,2026-04-19,DOMINGO,16:00,35.0,29.665909
1,2026-04-20,LABORAL,04:30,86.0,124.78801
1,2026-04-20,LABORAL,05:00,119.0,109.43097
1,2026-04-20,LABORAL,05:30,195.0,135.94589
1,2026-04-20,LABORAL,06:00,185.0,143.01538
1,2026-04-20,LABORAL,06:30,126.0,130.45601
1,2026-04-20,LABORAL,07:00,74.0,131.01561
1,2026-04-20,LABORAL,07:30,137.0,142.95988
1,2026-04-20,LABORAL,08:00,149.0,125.82631
1,2026-04-20,LABORAL,08:30,134.0,138.10085
1,2026-04-20,LABORAL,09:00,128.0,130.12512
1,2026-04-20,LABORAL,09:30,121.0,121.04641
1,2026-04-20,LABORAL,10:00,106.0,102.299286
1,2026-04-20,LABORAL,10:30,72.0,89.893585
1,2026-04-20,LABORAL,11:00,21.0,92.70131
1,2026-04-20,LABORAL,11:30,108.0,97.28259
1,2026-04-20,LABORAL,12:00,120.0,116.55662
1,2026-04-20,LABORAL,12:30,89.0,127.258766
1,2026-04-20,LABORAL,13:00,143.0,130.37059
1,2026-04-20,LABORAL,13:30,97.0,147.08554
1,2026-04-20,LABORAL,14:00,172.0,137.79817
1,2026-04-20,LABORAL,14:30,206.0,128.86807
1,2026-04-20,LABORAL,15:00,59.0,167.95596
1,2026-04-20,LABORAL,15:30,226.0,165.69888
1,2026-04-20,LABORAL,16:00,126.0,156.99509
1,2026-04-20,LABORAL,16:30,80.0,110.39182
1,2026-04-20,LABORAL,17:00,71.0,68.15423
1,2026-04-21,LABORAL,04:30,79.0,113.28342
1,2026-04-21,LABORAL,05:00,165.0,117.538605
1,2026-04-21,LABORAL,05:30,168.0,134.10826
1,2026-04-21,LABORAL,06:00,53.0,135.25856
1,2026-04-21,LABORAL,06:30,183.0,126.95042
1,2026-04-21,LABORAL,07:00,77.0,133.77516
1,2026-04-21,LABORAL,07:30,164.0,126.17941
1,2026-04-21,LABORAL,08:00,191.0,124.47715
1,2026-04-21,LABORAL,08:30,88.0,128.42746
1,2026-04-21,LABORAL,09:00,118.0,128.67229
1,2026-04-21,LABORAL,09:30,144.0,119.93018
1,2026-04-21,LABORAL,10:00,27.0,86.228806
1,2026-04-21,LABORAL,10:30,96.0,105.28704
1,2026-04-21,LABORAL,11:00,177.0,85.39674
1,2026-04-21,LABORAL,11:30,48.0,89.93181
1,2026-04-21,LABORAL,12:00,74.0,97.348404
1,2026-04-21,LABORAL,12:30,130.0,130.93745
1,2026-04-21,LABORAL,13:00,107.0,114.234245
1,2026-04-21,LABORAL,13:30,67.0,133.04616
1,2026-04-21,LABORAL,14:00,222.0,140.84563
1,2026-04-21,LABORAL,14:30,146.0,141.10626
1,2026-04-21,LABORAL,15:00,129.0,158.39792
1,2026-04-21,LABORAL,15:30,169.0,171.69089
1,2026-04-21,LABORAL,16:00,214.0,139.46703
1,2026-04-21,LABORAL,16:30,38.0,111.1328
1,2026-04-21,LABORAL,17:00,44.0,63.23984
1,2026-04-21,LABORAL,17:30,47.0,33.35759
1,2026-04-22,LABORAL,04:30,123.0,107.991684
1,2026-04-22,LABORAL,05:00,112.0,119.98828
1,2026-04-22,LABORAL,05:30,144.0,128.58965
1,2026-04-22,LABORAL,06:00,115.0,125.03288
1,2026-04-22,LABORAL,06:30,123.0,130.16844
1,2026-04-22,LABORAL,07:00,147.0,130.78143
1,2026-04-22,LABORAL,07:30,93.0,122.2589
1,2026-04-22,LABORAL,08:00,169.0,130.98227
1,2026-04-22,LABORAL,08:30,96.0,118.371185
1,2026-04-22,LABORAL,09:00,92.0,130.00941
1,2026-04-22,LABORAL,09:30,161.0,110.273346
1,2026-04-22,LABORAL,10:00,63.0,94.41936
1,2026-04-22,LABORAL,10:30,89.0,90.17402
1,2026-04-22,LABORAL,11:00,69.0,73.17905
1,2026-04-22,LABORAL,11:30,129.0,93.73338
1,2026-04-22,LABORAL,12:00,76.0,91.10145
1,2026-04-22,LABORAL,12:30,122.0,131.80354
1,2026-04-22,LABORAL,13:00,211.0,120.67532
1,2026-04-22,LABORAL,13:30,107.0,129.83899
1,2026-04-22,LABORAL,15:00,51.0,164.17029
1,2026-04-22,LABORAL,15:30,202.0,175.44548
1,2026-04-22,LABORAL,16:00,111.0,133.9681
1,2026-04-22,LABORAL,16:30,127.0,109.06145
1,2026-04-22,LABORAL,17:00,87.0,56.26765
1,2026-04-23,LABORAL,04:30,122.0,103.470726
1,2026-04-23,LABORAL,05:00,118.0,116.62045
1,2026-04-23,LABORAL,05:30,133.0,121.46857
1,2026-04-23,LABORAL,06:00,124.0,117.453285
1,2026-04-23,LABORAL,06:30,82.0,131.34123
1,2026-04-23,LABORAL,07:00,124.0,126.24603
1,2026-04-23,LABORAL,07:30,159.0,120.426346
1,2026-04-23,LABORAL,08:00,124.0,122.691086
1,2026-04-23,LABORAL,08:30,117.0,116.71763
1,2026-04-23,LABORAL,09:00,100.0,125.75769
1,2026-04-23,LABORAL,09:30,55.0,103.90035
1,2026-04-23,LABORAL,10:00,96.0,98.69539
1,2026-04-23,LABORAL,10:30,102.0,82.501274
1,2026-04-23,LABORAL,11:00,81.0,71.576744
1,2026-04-23,LABORAL,11:30,92.0,95.64882
1,2026-04-23,LABORAL,12:00,128.0,97.706
1,2026-04-23,LABORAL,12:30,51.0,126.76291
1,2026-04-23,LABORAL,13:00,108.0,125.38081
1,2026-04-23,LABORAL,13:30,94.0,126.69532
1,2026-04-23,LABORAL,14:00,106.0,131.32448
1,2026-04-23,LABORAL,14:30,40.0,157.51599
1,2026-04-23,LABORAL,15:00,85.0,156.40283
1,2026-04-23,LABORAL,16:30,38.0,105.29784
1,2026-04-24,LABORAL,04:30,133.0,95.150665
1,2026-04-24,LABORAL,05:00,111.0,99.777374
1,2026-04-24,LABORAL,05:30,131.0,98.013626
1,2026-04-24,LABORAL,06:00,86.0,109.53682
1,2026-04-24,LABORAL,06:30,152.0,90.01133
1,2026-04-24,LABORAL,07:00,119.0,90.4047
1,2026-04-24,LABORAL,07:30,136.0,91.273315
1,2026-04-24,LABORAL,08:00,143.0,94.60717
1,2026-04-24,LABORAL,08:30,121.0,104.11501
1,2026-04-24,LABORAL,09:00,82.0,110.38364
1,2026-04-24,LABORAL,09:30,82.0,77.84264
1,2026-04-24,LABORAL,10:00,109.0,85.77423
1,2026-04-24,LABORAL,10:30,97.0,54.425026
1,2026-04-24,LABORAL,11:00,122.0,62.222523
1,2026-04-24,LABORAL,11:30,78.0,77.22818
1,2026-04-24,LABORAL,12:00,117.0,79.22978
1,2026-04-24,LABORAL,12:30,94.0,95.76176
1,2026-04-24,LABORAL,13:00,82.0,108.03174
1,2026-04-24,LABORAL,13:30,172.0,114.79621
1,2026-04-24,LABORAL,14:00,128.0,111.07881
1,2026-04-24,LABORAL,14:30,160.0,137.83632
1,2026-04-24,LABORAL,15:00,204.0,143.09746
1,2026-04-24,LABORAL,15:30,124.0,142.27864
1,2026-04-24,LABORAL,16:00,141.0,132.33876
1,2026-04-24,LABORAL,16:30,93.0,108.06208
1,2026-04-25,SABADO,04:30,47.0,73.49591
1,2026-04-25,SABADO,05:00,105.0,59.80456
1,2026-04-25,SABADO,05:30,87.0,85.64134
1,2026-04-25,SABADO,06:00,107.0,82.169304
1,2026-04-25,SABADO,06:30,122.0,107.43798
1,2026-04-25,SABADO,07:00,115.0,105.872154
1,2026-04-25,SABADO,07:30,34.0,104.21238
1,2026-04-25,SABADO,08:00,124.0,100.82447
1,2026-04-25,SABADO,08:30,111.0,92.146515
1,2026-04-25,SABADO,09:00,86.0,89.733025
1,2026-04-25,SABADO,09:30,43.0,90.67674
1,2026-04-25,SABADO,10:00,99.0,74.597565
1,2026-04-25,SABADO,10:30,113.0,92.526
1,2026-04-25,SABADO,11:00,50.0,88.40071
1,2026-04-25,SABADO,11:30,44.0,80.22352
1,2026-04-25,SABADO,12:00,77.0,92.62782
1,2026-04-25,SABADO,12:30,74.0,100.2633
1,2026-04-25,SABADO,13:00,60.0,72.57972
1,2026-04-25,SABADO,13:30,81.0,76.57999
1,2026-04-25,SABADO,14:00,36.0,79.05162
1,2026-04-25,SABADO,14:30,96.0,66.868515
1,2026-04-25,SABADO,15:00,28.0,74.138626
1,2026-04-25,SABADO,15:30,37.0,56.07601
1,2026-04-25,SABADO,16:00,18.0,42.522797
1,2026-04-25,SABADO,16:30,84.0,41.77672
1,2026-04-25,SABADO,17:30,26.0,26.86628
1,2026-04-26,DOMINGO,07:30,25.0,24.396523
1,2026-04-26,DOMINGO,08:00,27.0,28.69191
1,2026-04-26,DOMINGO,08:30,12.0,36.274727
1,2026-04-26,DOMINGO,10:00,55.0,25.88552
1,2026-04-26,DOMINGO,11:00,20.0,27.826431
1,2026-04-26,DOMINGO,12:30,30.0,30.682716
1,2026-04-26,DOMINGO,13:00,32.0,24.929047
1,2026-04-26,DOMINGO,13:30,24.0,26.14376
1,2026-04-26,DOMINGO,15:00,27.0,33.635612
1,2026-04-27,LABORAL,04:30,69.0,131.52481
1,2026-04-27,LABORAL,05:00,137.0,118.10593
1,2026-04-27,LABORAL,05:30,124.0,142.04659
1,2026-04-27,LABORAL,06:00,129.0,151.98009
1,2026-04-27,LABORAL,06:30,144.0,131.24918
1,2026-04-27,LABORAL,07:00,126.0,132.8745
1,2026-04-27,LABORAL,07:30,88.0,134.45587
1,2026-04-27,LABORAL,08:00,78.0,131.11496
1,2026-04-27,LABORAL,08:30,118.0,136.63696
1,2026-04-27,LABORAL,09:00,104.0,141.04793
1,2026-04-27,LABORAL,09:30,177.0,122.05275
1,2026-04-27,LABORAL,10:00,46.0,100.33608
1,2026-04-27,LABORAL,10:30,162.0,91.643585
1,2026-04-27,LABORAL,11:00,27.0,86.57139
1,2026-04-27,LABORAL,11:30,110.0,88.34625
1,2026-04-27,LABORAL,12:00,86.0,115.10604
1,2026-04-27,LABORAL,12:30,72.0,131.79395
1,2026-04-27,LABORAL,13:00,126.0,130.8979
1,2026-04-27,LABORAL,13:30,148.0,152.55545
1,2026-04-27,LABORAL,14:00,97.0,147.91934
1,2026-04-27,LABORAL,14:30,211.0,141.57912
1,2026-04-27,LABORAL,15:00,168.0,177.83179
1,2026-04-27,LABORAL,15:30,160.0,189.0328
1,2026-04-27,LABORAL,16:00,125.0,164.39084
1,2026-04-27,LABORAL,16:30,84.0,120.39876
1,2026-04-27,LABORAL,17:00,56.0,78.60747
1,2026-04-27,LABORAL,18:00,25.0,22.103645
1,2026-04-28,LABORAL,04:30,133.0,109.23153
1,2026-04-28,LABORAL,05:00,129.0,118.160706
1,2026-04-28,LABORAL,05:30,182.0,126.718185
1,2026-04-28,LABORAL,06:00,156.0,130.03012
1,2026-04-28,LABORAL,06:30,48.0,138.13834
1,2026-04-28,LABORAL,07:00,148.0,133.89812
1,2026-04-28,LABORAL,07:30,118.0,126.72511
1,2026-04-28,LABORAL,08:00,113.0,134.7446
1,2026-04-28,LABORAL,08:30,127.0,129.15941
1,2026-04-28,LABORAL,09:00,202.0,131.2065
1,2026-04-28,LABORAL,09:30,142.0,116.673645
1,2026-04-28,LABORAL,10:00,43.0,102.359146
1,2026-04-28,LABORAL,10:30,116.0,102.33835
1,2026-04-28,LABORAL,11:00,82.0,74.771576
1,2026-04-28,LABORAL,11:30,117.0,96.270096
1,2026-04-28,LABORAL,12:00,88.0,90.78111
1,2026-04-28,LABORAL,12:30,199.0,132.32463
1,2026-04-28,LABORAL,13:00,90.0,118.521
1,2026-04-28,LABORAL,13:30,76.0,122.939186
1,2026-04-28,LABORAL,14:00,148.0,141.88916
1,2026-04-28,LABORAL,14:30,160.0,148.70786
1,2026-04-28,LABORAL,15:00,159.0,145.61705
1,2026-04-28,LABORAL,15:30,217.0,162.93243
1,2026-04-28,LABORAL,16:00,103.0,120.9641
1,2026-04-28,LABORAL,16:30,127.0,108.030785
1,2026-04-28,LABORAL,17:30,49.0,35.942474
1,2026-04-29,LABORAL,04:30,73.0,112.03251
1,2026-04-29,LABORAL,05:00,128.0,125.1349
1,2026-04-29,LABORAL,05:30,132.0,131.92915
1,2026-04-29,LABORAL,06:00,127.0,125.49436
1,2026-04-29,LABORAL,06:30,129.0,121.85636
1,2026-04-29,LABORAL,07:00,108.0,131.75255
1,2026-04-29,LABORAL,07:30,147.0,127.375404
1,2026-04-29,LABORAL,08:00,134.0,128.74968
1,2026-04-29,LABORAL,08:30,112.0,117.63393
1,2026-04-29,LABORAL,09:00,79.0,132.09291
1,2026-04-29,LABORAL,09:30,138.0,117.387184
1,2026-04-29,LABORAL,10:00,115.0,85.19575
1,2026-04-29,LABORAL,10:30,86.0,91.714874
1,2026-04-29,LABORAL,11:00,109.0,84.08439
1,2026-04-29,LABORAL,11:30,78.0,93.67315
1,2026-04-29,LABORAL,12:00,65.0,98.19502
1,2026-04-29,LABORAL,12:30,127.0,136.22632
1,2026-04-29,LABORAL,13:00,125.0,122.88312
1,2026-04-29,LABORAL,13:30,110.0,129.89328
1,2026-04-29,LABORAL,14:00,179.0,142.33386
1,2026-04-29,LABORAL,14:30,156.0,148.80286
1,2026-04-29,LABORAL,15:00,220.0,168.20163
1,2026-04-29,LABORAL,15:30,140.0,173.2873
1,2026-04-29,LABORAL,16:00,138.0,136.83954
1,2026-04-29,LABORAL,16:30,57.0,107.90093
1,2026-04-29,LABORAL,17:00,76.0,61.70564
1,2026-04-30,LABORAL,04:30,80.0,112.59856
1,2026-04-30,LABORAL,05:00,114.0,118.99306
1,2026-04-30,LABORAL,05:30,161.0,127.6272
1,2026-04-30,LABORAL,06:00,143.0,126.12874
1,2026-04-30,LABORAL,06:30,141.0,131.14008
1,2026-04-30,LABORAL,07:00,80.0,133.37976
1,2026-04-30,LABORAL,07:30,164.0,130.52669
1,2026-04-30,LABORAL,08:00,122.0,133.84656
1,2026-04-30,LABORAL,08:30,217.0,118.74413
1,2026-04-30,LABORAL,09:00,67.0,131.7102
1,2026-04-30,LABORAL,09:30,178.0,108.98547
1,2026-04-30,LABORAL,10:00,66.0,92.65956
1,2026-04-30,LABORAL,10:30,86.0,85.62326
1,2026-04-30,LABORAL,11:00,100.0,83.13621
1,2026-04-30,LABORAL,11:30,125.0,95.60801
1,2026-04-30,LABORAL,12:30,235.0,133.79236
1,2026-04-30,LABORAL,13:00,90.0,123.66757
1,2026-04-30,LABORAL,13:30,228.0,135.44724
1,2026-04-30,LABORAL,14:00,104.0,138.37263
1,2026-04-30,LABORAL,14:30,177.0,159.03572
1,2026-04-30,LABORAL,15:00,194.0,168.69214
1,2026-04-30,LABORAL,15:30,161.0,171.68637
1,2026-04-30,LABORAL,16:00,52.0,128.63805
1,2026-04-30,LABORAL,16:30,47.0,108.90204
1,2026-04-30,LABORAL,17:00,105.0,57.939342
1,2026-05-01,FESTIVO,07:00,15.0,97.453354
1,2026-05-01,FESTIVO,07:30,56.0,91.79522
1,2026-05-01,FESTIVO,08:00,21.0,90.24772
1,2026-05-01,FESTIVO,08:30,24.0,95.31435
1,2026-05-01,FESTIVO,09:00,52.0,92.52923
1,2026-05-01,FESTIVO,09:30,32.0,76.003784
1,2026-05-01,FESTIVO,10:00,21.0,76.21855
1,2026-05-01,FESTIVO,10:30,73.0,83.35602
1,2026-05-01,FESTIVO,11:00,32.0,80.97462
1,2026-05-01,FESTIVO,11:30,47.0,77.80731
1,2026-05-01,FESTIVO,12:00,23.0,80.40573
1,2026-05-01,FESTIVO,12:30,27.0,93.6571
1,2026-05-01,FESTIVO,13:30,37.0,77.64644
1,2026-05-01,FESTIVO,14:00,33.0,92.78067
1,2026-05-01,FESTIVO,14:30,37.0,81.84265
1,2026-05-01,FESTIVO,15:00,64.0,95.19622
1,2026-05-01,FESTIVO,16:00,30.0,70.32828
1,2026-05-02,SABADO,04:30,56.0,56.02813
1,2026-05-02,SABADO,05:00,97.0,31.91346
1,2026-05-02,SABADO,05:30,65.0,62.758347
1,2026-05-02,SABADO,06:00,83.0,60.04333
1,2026-05-02,SABADO,06:30,72.0,69.52736
1,2026-05-02,SABADO,07:00,105.0,69.651566
1,2026-05-02,SABADO,07:30,39.0,64.75581
1,2026-05-02,SABADO,08:00,109.0,72.49805
1,2026-05-02,SABADO,08:30,111.0,59.813904
1,2026-05-02,SABADO,09:00,164.0,60.63708
1,2026-05-02,SABADO,09:30,32.0,76.12639
1,2026-05-02,SABADO,10:00,29.0,59.118095
1,2026-05-02,SABADO,10:30,115.0,51.067738
1,2026-05-02,SABADO,11:00,86.0,47.36541
1,2026-05-02,SABADO,11:30,76.0,67.81997
1,2026-05-02,SABADO,12:00,74.0,73.300186
1,2026-05-02,SABADO,12:30,86.0,68.14377
1,2026-05-02,SABADO,13:00,39.0,78.47984
1,2026-05-02,SABADO,13:30,72.0,58.417263
1,2026-05-02,SABADO,14:00,60.0,71.09166
1,2026-05-02,SABADO,14:30,79.0,54.658104
1,2026-05-02,SABADO,15:00,51.0,95.06782
1,2026-05-02,SABADO,15:30,80.0,61.524193
1,2026-05-02,SABADO,16:00,29.0,60.730824
1,2026-05-02,SABADO,16:30,62.0,49.77809
1,2026-05-02,SABADO,17:00,29.0,46.126205
1,2026-05-05,LABORAL,04:30,132.0,110.568405
1,2026-05-05,LABORAL,05:00,163.0,126.74194
1,2026-05-05,LABORAL,05:30,95.0,137.51387
1,2026-05-05,LABORAL,06:00,96.0,133.72305
1,2026-05-05,LABORAL,06:30,173.0,136.4626
1,2026-05-05,LABORAL,07:00,61.0,140.6275
1,2026-05-05,LABORAL,07:30,154.0,139.36107
1,2026-05-05,LABORAL,08:00,123.0,140.64763
1,2026-05-05,LABORAL,08:30,229.0,128.93587
1,2026-05-05,LABORAL,09:00,115.0,142.58423
1,2026-05-05,LABORAL,09:30,154.0,130.57906
1,2026-05-05,LABORAL,10:00,101.0,87.597855
1,2026-05-05,LABORAL,11:00,132.0,95.29306
1,2026-05-05,LABORAL,11:30,94.0,94.74019
1,2026-05-05,LABORAL,12:00,172.0,104.752556
1,2026-05-05,LABORAL,12:30,112.0,142.92912
1,2026-05-05,LABORAL,13:00,90.0,117.77247
1,2026-05-05,LABORAL,13:30,173.0,138.66525
1,2026-05-05,LABORAL,14:00,115.0,146.2699
1,2026-05-05,LABORAL,14:30,140.0,143.51198
1,2026-05-05,LABORAL,15:00,181.0,158.07016
1,2026-05-05,LABORAL,15:30,199.0,176.65321
1,2026-05-05,LABORAL,16:00,156.0,134.71956
1,2026-05-05,LABORAL,16:30,153.0,111.92112
1,2026-05-05,LABORAL,17:00,36.0,55.85143
1,2026-05-06,LABORAL,04:30,124.0,118.11179
1,2026-05-06,LABORAL,05:00,91.0,124.91626
1,2026-05-06,LABORAL,05:30,155.0,142.8285
1,2026-05-06,LABORAL,06:00,107.0,136.63303
1,2026-05-06,LABORAL,06:30,123.0,125.21192
1,2026-05-06,LABORAL,07:00,96.0,131.19118
1,2026-05-06,LABORAL,07:30,173.0,129.82877
1,2026-05-06,LABORAL,08:00,123.0,123.86075
1,2026-05-06,LABORAL,08:30,150.0,127.08389
1,2026-05-06,LABORAL,09:00,92.0,132.37871
1,2026-05-06,LABORAL,09:30,30.0,119.57081
1,2026-05-06,LABORAL,10:00,32.0,91.047195
1,2026-05-06,LABORAL,10:30,57.0,94.39084
1,2026-05-06,LABORAL,11:00,79.0,91.643364
1,2026-05-06,LABORAL,11:30,117.0,95.13858
1,2026-05-06,LABORAL,12:00,166.0,101.50263
1,2026-05-06,LABORAL,12:30,64.0,134.21468
1,2026-05-06,LABORAL,13:00,109.0,130.45563
1,2026-05-06,LABORAL,13:30,157.0,130.98697
1,2026-05-06,LABORAL,14:00,198.0,145.1376
1,2026-05-06,LABORAL,14:30,74.0,153.15417
1,2026-05-06,LABORAL,15:00,137.0,167.60739
1,2026-05-06,LABORAL,16:00,97.0,148.14325
1,2026-05-06,LABORAL,16:30,81.0,119.43893
1,2026-05-06,LABORAL,17:00,58.0,69.03799
1,2026-05-07,LABORAL,04:30,111.0,126.93469
1,2026-05-07,LABORAL,05:00,67.0,125.26571
1,2026-05-07,LABORAL,05:30,166.0,133.83374
1,2026-05-07,LABORAL,06:00,100.0,130.29102
1,2026-05-07,LABORAL,06:30,131.0,129.47928
1,2026-05-07,LABORAL,07:00,84.0,126.13381
1,2026-05-07,LABORAL,07:30,113.0,121.486855
1,2026-05-07,LABORAL,08:00,134.0,135.24545
1,2026-05-07,LABORAL,08:30,151.0,116.84068
1,2026-05-07,LABORAL,09:00,117.0,131.94046
1,2026-05-07,LABORAL,09:30,75.0,112.74582
1,2026-05-07,LABORAL,10:00,113.0,91.42424
1,2026-05-07,LABORAL,10:30,108.0,81.59915
1,2026-05-07,LABORAL,11:00,78.0,72.48633
1,2026-05-07,LABORAL,11:30,88.0,94.09045
1,2026-05-07,LABORAL,12:00,162.0,102.54907
1,2026-05-07,LABORAL,12:30,105.0,135.13318
1,2026-05-07,LABORAL,13:00,137.0,124.51047
1,2026-05-07,LABORAL,13:30,104.0,143.1233
1,2026-05-07,LABORAL,14:00,156.0,144.22559
1,2026-05-07,LABORAL,14:30,135.0,155.1542
1,2026-05-07,LABORAL,15:00,226.0,178.50055
1,2026-05-07,LABORAL,15:30,128.0,182.37265
1,2026-05-07,LABORAL,16:00,121.0,140.54202
1,2026-05-07,LABORAL,16:30,110.0,119.521255
1,2026-05-07,LABORAL,17:00,30.0,52.2437
1,2026-05-07,LABORAL,17:30,32.0,35.58909
1,2026-05-08,LABORAL,04:30,128.0,105.85964
1,2026-05-08,LABORAL,05:00,170.0,108.894745
1,2026-05-08,LABORAL,05:30,43.0,125.09809
1,2026-05-08,LABORAL,06:00,165.0,123.63121
1,2026-05-08,LABORAL,06:30,106.0,142.77286
1,2026-05-08,LABORAL,07:00,141.0,137.11636
1,2026-05-08,LABORAL,07:30,97.0,128.92352
1,2026-05-08,LABORAL,08:00,111.0,137.22519
1,2026-05-08,LABORAL,08:30,156.0,120.384254
1,2026-05-08,LABORAL,09:00,133.0,131.98384
1,2026-05-08,LABORAL,09:30,71.0,100.66806
1,2026-05-08,LABORAL,10:00,102.0,99.88546
1,2026-05-08,LABORAL,10:30,85.0,88.26877
1,2026-05-08,LABORAL,11:00,65.0,89.834984
1,2026-05-08,LABORAL,11:30,101.0,101.103905
1,2026-05-08,LABORAL,12:00,94.0,110.66789
1,2026-05-08,LABORAL,12:30,151.0,127.558395
1,2026-05-08,LABORAL,13:00,107.0,125.32855
1,2026-05-08,LABORAL,13:30,191.0,138.99017
1,2026-05-08,LABORAL,14:00,155.0,132.02182
1,2026-05-08,LABORAL,14:30,99.0,159.48889
1,2026-05-08,LABORAL,15:00,247.0,147.18198
1,2026-05-08,LABORAL,15:30,88.0,158.3779
1,2026-05-08,LABORAL,16:00,94.0,122.36234
1,2026-05-08,LABORAL,16:30,50.0,106.71358
1,2026-05-08,LABORAL,17:00,79.0,60.701717
1,2026-05-09,SABADO,04:30,49.0,74.53522
1,2026-05-09,SABADO,05:00,69.0,55.71974
1,2026-05-09,SABADO,05:30,87.0,80.90979
1,2026-05-09,SABADO,06:00,124.0,77.41501
1,2026-05-09,SABADO,06:30,77.0,84.34454
1,2026-05-09,SABADO,07:00,149.0,88.74579
1,2026-05-09,SABADO,07:30,54.0,83.44776
1,2026-05-09,SABADO,08:00,114.0,84.63059
1,2026-05-09,SABADO,08:30,115.0,85.02191
1,2026-05-09,SABADO,09:00,101.0,86.218445
1,2026-05-09,SABADO,09:30,109.0,78.65959
1,2026-05-09,SABADO,10:00,116.0,64.79262
1,2026-05-09,SABADO,10:30,49.0,84.289536
1,2026-05-09,SABADO,11:00,89.0,76.37858
1,2026-05-09,SABADO,11:30,106.0,73.8185
1,2026-05-09,SABADO,12:00,45.0,83.16992
1,2026-05-09,SABADO,12:30,25.0,81.910805
1,2026-05-09,SABADO,13:00,116.0,68.72786
1,2026-05-09,SABADO,13:30,52.0,70.503815
1,2026-05-09,SABADO,14:00,59.0,76.661766
1,2026-05-09,SABADO,14:30,44.0,75.52087
1,2026-05-09,SABADO,15:00,46.0,67.921265
1,2026-05-09,SABADO,15:30,35.0,70.52733
1,2026-05-09,SABADO,16:00,19.0,53.730415
1,2026-05-09,SABADO,17:00,46.0,36.48523
1,2026-05-10,DOMINGO,07:00,45.0,29.046135
1,2026-05-10,DOMINGO,08:00,27.0,30.48069
1,2026-05-10,DOMINGO,09:00,28.0,35.393486
1,2026-05-10,DOMINGO,09:30,62.0,33.680458
1,2026-05-10,DOMINGO,10:00,25.0,29.217537
1,2026-05-10,DOMINGO,10:30,30.0,33.60859
1,2026-05-10,DOMINGO,11:30,39.0,34.44393
1,2026-05-10,DOMINGO,12:00,31.0,32.388084
1,2026-05-10,DOMINGO,13:00,62.0,25.177048
1,2026-05-10,DOMINGO,14:30,23.0,28.376053
1,2026-05-11,LABORAL,04:30,97.0,127.81247
1,2026-05-11,LABORAL,05:00,109.0,118.946686
1,2026-05-11,LABORAL,05:30,86.0,139.10315
1,2026-05-11,LABORAL,06:00,106.0,149.10419
1,2026-05-11,LABORAL,06:30,103.0,130.79143
1,2026-05-11,LABORAL,07:00,102.0,135.13002
1,2026-05-11,LABORAL,07:30,191.0,136.49748
1,2026-05-11,LABORAL,08:00,96.0,130.97897
1,2026-05-11,LABORAL,08:30,127.0,132.68373
1,2026-05-11,LABORAL,09:00,144.0,142.56577
1,2026-05-11,LABORAL,09:30,70.0,124.18536
1,2026-05-11,LABORAL,10:00,107.0,98.26006
1,2026-05-11,LABORAL,10:30,105.0,92.70842
1,2026-05-11,LABORAL,11:00,39.0,89.89397
1,2026-05-11,LABORAL,11:30,87.0,92.2596
1,2026-05-11,LABORAL,12:00,43.0,111.497574
1,2026-05-11,LABORAL,12:30,124.0,131.23523
1,2026-05-11,LABORAL,13:00,98.0,131.17482
1,2026-05-11,LABORAL,13:30,116.0,147.966
1,2026-05-11,LABORAL,14:00,211.0,144.47324
1,2026-05-11,LABORAL,14:30,40.0,140.94212
1,2026-05-11,LABORAL,15:00,163.0,173.09529
1,2026-05-11,LABORAL,15:30,170.0,184.077
1,2026-05-11,LABORAL,16:00,82.0,156.57724
1,2026-05-11,LABORAL,16:30,100.0,116.43248
1,2026-05-11,LABORAL,17:00,29.0,75.64085
1,2026-05-12,LABORAL,04:30,128.0,126.86121
1,2026-05-12,LABORAL,05:00,135.0,117.99649
1,2026-05-12,LABORAL,05:30,137.0,139.354
1,2026-05-12,LABORAL,06:00,139.0,133.58313
1,2026-05-12,LABORAL,06:30,138.0,133.35252
1,2026-05-12,LABORAL,07:00,113.0,126.07833
1,2026-05-12,LABORAL,07:30,153.0,130.63374
1,2026-05-12,LABORAL,08:00,147.0,129.05449
1,2026-05-12,LABORAL,08:30,59.0,136.46199
1,2026-05-12,LABORAL,09:00,103.0,134.894
1,2026-05-12,LABORAL,09:30,148.0,114.843544
1,2026-05-12,LABORAL,10:00,96.0,98.92262
1,2026-05-12,LABORAL,10:30,77.0,86.09627
1,2026-05-12,LABORAL,11:00,99.0,85.27414
1,2026-05-12,LABORAL,11:30,112.0,86.404724
1,2026-05-12,LABORAL,12:00,91.0,103.336426
1,2026-05-12,LABORAL,12:30,93.0,127.15564
1,2026-05-12,LABORAL,13:00,155.0,124.04026
1,2026-05-12,LABORAL,13:30,91.0,134.14838
1,2026-05-12,LABORAL,14:00,118.0,143.10292
1,2026-05-12,LABORAL,14:30,193.0,143.19244
1,2026-05-12,LABORAL,15:00,169.0,150.81592
1,2026-05-12,LABORAL,15:30,137.0,171.24963
1,2026-05-12,LABORAL,16:00,91.0,143.73761
1,2026-05-12,LABORAL,16:30,45.0,113.200325
1,2026-05-12,LABORAL,17:00,61.0,68.43054
1,2026-05-13,LABORAL,04:30,63.0,125.5965
1,2026-05-13,LABORAL,05:00,145.0,121.91162
1,2026-05-13,LABORAL,05:30,93.0,143.73766
1,2026-05-13,LABORAL,06:00,96.0,134.75702
1,2026-05-13,LABORAL,06:30,183.0,130.32472
1,2026-05-13,LABORAL,07:00,76.0,128.09454
1,2026-05-13,LABORAL,07:30,173.0,132.62042
1,2026-05-13,LABORAL,08:00,93.0,131.50795
1,2026-05-13,LABORAL,08:30,150.0,139.31712
1,2026-05-13,LABORAL,09:00,56.0,135.45172
1,2026-05-13,LABORAL,09:30,119.0,118.480675
1,2026-05-13,LABORAL,10:00,118.0,103.43005
1,2026-05-13,LABORAL,10:30,62.0,91.10214
1,2026-05-13,LABORAL,11:00,175.0,90.71514
1,2026-05-13,LABORAL,11:30,63.0,94.4794
1,2026-05-13,LABORAL,12:00,124.0,107.84548
1,2026-05-13,LABORAL,12:30,73.0,130.63542
1,2026-05-13,LABORAL,13:00,127.0,127.74308
1,2026-05-13,LABORAL,13:30,141.0,133.60295
1,2026-05-13,LABORAL,14:00,126.0,148.7709
1,2026-05-13,LABORAL,14:30,180.0,147.647
1,2026-05-13,LABORAL,15:00,130.0,156.71909
1,2026-05-13,LABORAL,15:30,214.0,168.87389
1,2026-05-13,LABORAL,16:00,130.0,139.84662
1,2026-05-13,LABORAL,16:30,69.0,117.69085
1,2026-05-13,LABORAL,17:00,40.0,70.37565
1,2026-05-14,LABORAL,04:30,88.0,120.89484
1,2026-05-14,LABORAL,05:00,85.0,116.44595
1,2026-05-14,LABORAL,05:30,201.0,138.48924
1,2026-05-14,LABORAL,06:00,138.0,129.67577
1,2026-05-14,LABORAL,06:30,72.0,124.12926
1,2026-05-14,LABORAL,07:00,146.0,122.61344
1,2026-05-14,LABORAL,07:30,105.0,127.02449
1,2026-05-14,LABORAL,08:00,137.0,125.84617
1,2026-05-14,LABORAL,08:30,124.0,133.9096
1,2026-05-14,LABORAL,09:00,83.0,130.81633
1,2026-05-14,LABORAL,09:30,113.0,114.083374
1,2026-05-14,LABORAL,10:00,105.0,103.02628
1,2026-05-14,LABORAL,10:30,105.0,91.71092
1,2026-05-14,LABORAL,11:00,66.0,89.52263
1,2026-05-14,LABORAL,11:30,101.0,95.50467
1,2026-05-14,LABORAL,12:00,96.0,106.94444
1,2026-05-14,LABORAL,12:30,116.0,125.57264
1,2026-05-14,LABORAL,13:00,126.0,123.431366
1,2026-05-14,LABORAL,13:30,127.0,127.59928
1,2026-05-14,LABORAL,14:00,135.0,141.94603
1,2026-05-14,LABORAL,14:30,151.0,139.83464
1,2026-05-14,LABORAL,15:00,180.0,151.29404
1,2026-05-14,LABORAL,15:30,121.0,159.98598
1,2026-05-14,LABORAL,16:00,124.0,131.72609
1,2026-05-14,LABORAL,16:30,82.0,112.19615
1,2026-05-14,LABORAL,17:00,43.0,66.12346
1,2026-05-14,LABORAL,17:30,5.0,39.281975
1,2026-05-15,LABORAL,04:30,147.0,104.32244
1,2026-05-15,LABORAL,05:00,89.0,87.58573
1,2026-05-15,LABORAL,05:30,116.0,119.28014
1,2026-05-15,LABORAL,06:00,137.0,116.21727
1,2026-05-15,LABORAL,06:30,86.0,114.43957
1,2026-05-15,LABORAL,07:00,183.0,100.924
1,2026-05-15,LABORAL,07:30,120.0,99.113045
1,2026-05-15,LABORAL,08:00,112.0,102.57691
1,2026-05-15,LABORAL,08:30,84.0,105.324814
1,2026-05-15,LABORAL,09:00,136.0,105.48193
1,2026-05-15,LABORAL,09:30,98.0,90.856
1,2026-05-15,LABORAL,10:00,90.0,84.251305
1,2026-05-15,LABORAL,10:30,116.0,82.303276
1,2026-05-15,LABORAL,11:00,55.0,76.69246
1,2026-05-15,LABORAL,11:30,151.0,81.39503
1,2026-05-15,LABORAL,12:00,117.0,87.47965
1,2026-05-15,LABORAL,12:30,87.0,107.453964
1,2026-05-15,LABORAL,13:00,122.0,103.162575
1,2026-05-15,LABORAL,13:30,93.0,99.97339
1,2026-05-15,LABORAL,14:00,218.0,109.25769
1,2026-05-15,LABORAL,14:30,100.0,112.946175
1,2026-05-15,LABORAL,15:00,161.0,125.58307
1,2026-05-15,LABORAL,15:30,160.0,135.16907
1,2026-05-15,LABORAL,16:00,163.0,104.08194
1,2026-05-15,LABORAL,16:30,126.0,87.341446
1,2026-05-15,LABORAL,17:00,80.0,57.05673
1,2026-05-16,SABADO,04:30,26.0,95.92403
1,2026-05-16,SABADO,05:00,103.0,66.56832
1,2026-05-16,SABADO,05:30,81.0,106.2139
1,2026-05-16,SABADO,06:00,33.0,106.236755
1,2026-05-16,SABADO,06:30,120.0,109.13339
1,2026-05-16,SABADO,07:00,145.0,93.09383
1,2026-05-16,SABADO,07:30,128.0,85.492134
1,2026-05-16,SABADO,08:00,77.0,89.867966
1,2026-05-16,SABADO,08:30,108.0,86.30927
1,2026-05-16,SABADO,09:00,113.0,88.28247
1,2026-05-16,SABADO,09:30,85.0,80.3717
1,2026-05-16,SABADO,10:00,83.0,70.426476
1,2026-05-16,SABADO,10:30,90.0,83.5132
1,2026-05-16,SABADO,11:00,100.0,69.71483
1,2026-05-16,SABADO,11:30,103.0,82.94668
1,2026-05-16,SABADO,12:00,118.0,79.32136
1,2026-05-16,SABADO,12:30,110.0,93.28876
1,2026-05-16,SABADO,13:00,35.0,92.4053
1,2026-05-16,SABADO,13:30,48.0,83.833824
1,2026-05-16,SABADO,14:00,25.0,87.62883
1,2026-05-16,SABADO,14:30,147.0,93.38991
1,2026-05-16,SABADO,15:00,42.0,109.64591
1,2026-05-16,SABADO,15:30,39.0,120.045105
1,2026-05-16,SABADO,16:00,45.0,82.664566
1,2026-05-16,SABADO,17:00,1.0,48.49754
1,2026-05-17,DOMINGO,07:00,20.0,58.1386
1,2026-05-17,DOMINGO,07:30,40.0,36.6921
1,2026-05-17,DOMINGO,08:00,16.0,50.8622
1,2026-05-17,DOMINGO,08:30,59.0,39.475418
1,2026-05-17,DOMINGO,10:30,24.0,55.40703
1,2026-05-17,DOMINGO,11:30,38.0,47.099495
1,2026-05-17,DOMINGO,12:00,26.0,35.74489
1,2026-05-17,DOMINGO,16:00,27.0,37.634735
1,2026-05-18,FESTIVO_PUENTE,06:30,34.0,89.16516
1,2026-05-18,FESTIVO_PUENTE,07:00,54.0,73.5621
1,2026-05-18,FESTIVO_PUENTE,08:00,26.0,69.15864
1,2026-05-18,FESTIVO_PUENTE,08:30,20.0,84.00024
1,2026-05-18,FESTIVO_PUENTE,09:00,21.0,79.998856
1,2026-05-18,FESTIVO_PUENTE,09:30,41.0,60.31701
1,2026-05-18,FESTIVO_PUENTE,10:30,16.0,65.96425
1,2026-05-18,FESTIVO_PUENTE,11:00,12.0,57.408268
1,2026-05-18,FESTIVO_PUENTE,11:30,46.0,43.431343
1,2026-05-18,FESTIVO_PUENTE,12:00,17.0,55.468945
1,2026-05-18,FESTIVO_PUENTE,13:00,23.0,46.029312
1,2026-05-18,FESTIVO_PUENTE,14:00,26.0,65.182045
1,2026-05-18,FESTIVO_PUENTE,16:30,36.0,51.105408
1,2026-05-19,LABORAL,04:30,82.0,118.53189
1,2026-05-19,LABORAL,05:00,135.0,102.83017
1,2026-05-19,LABORAL,05:30,156.0,129.17108
1,2026-05-19,LABORAL,06:00,133.0,124.36213
1,2026-05-19,LABORAL,06:30,155.0,130.01624
1,2026-05-19,LABORAL,07:00,125.0,115.976295
1,2026-05-19,LABORAL,07:30,122.0,113.79194
1,2026-05-19,LABORAL,08:00,124.0,111.0564
1,2026-05-19,LABORAL,08:30,130.0,119.10363
1,2026-05-19,LABORAL,09:00,156.0,121.009155
1,2026-05-19,LABORAL,09:30,125.0,99.4458
1,2026-05-19,LABORAL,10:00,71.0,88.44465
1,2026-05-19,LABORAL,10:30,146.0,75.962845
1,2026-05-19,LABORAL,11:00,42.0,78.45575
1,2026-05-19,LABORAL,11:30,184.0,76.25697
1,2026-05-19,LABORAL,12:00,77.0,88.35899
1,2026-05-19,LABORAL,12:30,131.0,116.44851
1,2026-05-19,LABORAL,13:00,91.0,114.14314
1,2026-05-19,LABORAL,13:30,153.0,119.54049
1,2026-05-19,LABORAL,14:00,118.0,122.966095
1,2026-05-19,LABORAL,14:30,158.0,128.91234
1,2026-05-19,LABORAL,15:00,155.0,136.446
1,2026-05-19,LABORAL,15:30,122.0,158.66797
1,2026-05-19,LABORAL,16:00,222.0,129.70425
1,2026-05-19,LABORAL,16:30,143.0,99.84755
1,2026-05-19,LABORAL,17:00,48.0,68.08589
1,2026-05-20,LABORAL,04:30,82.0,105.23213
1,2026-05-20,LABORAL,05:00,128.0,124.29351
1,2026-05-20,LABORAL,05:30,88.0,139.66592
1,2026-05-20,LABORAL,06:00,137.0,127.074646
1,2026-05-20,LABORAL,06:30,145.0,126.74362
1,2026-05-20,LABORAL,07:00,130.0,129.2403
1,2026-05-20,LABORAL,07:30,101.0,135.56505
1,2026-05-20,LABORAL,08:00,58.0,125.797295
1,2026-05-20,LABORAL,08:30,185.0,121.896576
1,2026-05-20,LABORAL,09:00,91.0,127.7117
1,2026-05-20,LABORAL,09:30,104.0,113.531654
1,2026-05-20,LABORAL,10:00,191.0,87.48207
1,2026-05-20,LABORAL,10:30,67.0,93.09935
1,2026-05-20,LABORAL,11:00,66.0,91.36943
1,2026-05-20,LABORAL,11:30,92.0,91.64277
1,2026-05-20,LABORAL,12:00,82.0,103.44629
1,2026-05-20,LABORAL,12:30,104.0,129.47775
1,2026-05-20,LABORAL,13:00,47.0,125.95203
1,2026-05-20,LABORAL,13:30,178.0,126.267746
1,2026-05-20,LABORAL,14:00,117.0,136.1718
1,2026-05-20,LABORAL,14:30,130.0,154.0133
1,2026-05-20,LABORAL,15:00,270.0,162.20737
1,2026-05-20,LABORAL,15:30,180.0,171.21106
1,2026-05-20,LABORAL,16:00,104.0,137.59486
1,2026-05-20,LABORAL,16:30,71.0,107.39516
1,2026-05-20,LABORAL,17:00,95.0,70.024445
1,2026-05-23,SABADO,04:30,94.0,61.807934
1,2026-05-23,SABADO,05:00,32.0,59.5275
1,2026-05-23,SABADO,05:30,145.0,75.184586
1,2026-05-23,SABADO,06:00,78.0,77.125984
1,2026-05-23,SABADO,06:30,148.0,99.04956
1,2026-05-23,SABADO,07:00,66.0,87.45863
1,2026-05-23,SABADO,07:30,119.0,89.24835
1,2026-05-23,SABADO,08:00,70.0,93.50463
1,2026-05-23,SABADO,08:30,76.0,82.72298
1,2026-05-23,SABADO,09:00,82.0,83.18613
1,2026-05-23,SABADO,09:30,98.0,78.664215
1,2026-05-23,SABADO,10:00,52.0,70.61605
1,2026-05-23,SABADO,10:30,44.0,87.0768
1,2026-05-23,SABADO,11:00,129.0,71.953445
1,2026-05-23,SABADO,11:30,50.0,71.86499
1,2026-05-23,SABADO,12:00,84.0,81.559265
1,2026-05-23,SABADO,12:30,110.0,85.89764
1,2026-05-23,SABADO,13:00,79.0,59.194237
1,2026-05-23,SABADO,14:00,85.0,65.92801
1,2026-05-23,SABADO,15:00,89.0,63.66657
1,2026-05-23,SABADO,15:30,47.0,58.79893
1,2026-05-23,SABADO,16:00,24.0,34.66104
1,2026-05-23,SABADO,16:30,38.0,39.730736
1,2026-05-24,DOMINGO,08:00,28.0,33.51841
1,2026-05-24,DOMINGO,08:30,26.0,39.860764
1,2026-05-24,DOMINGO,09:00,44.0,33.370514
1,2026-05-24,DOMINGO,10:00,35.0,25.973366
1,2026-05-24,DOMINGO,11:00,27.0,34.03029
1,2026-05-24,DOMINGO,12:00,10.0,33.107635
1,2026-05-24,DOMINGO,12:30,35.0,33.48314
1,2026-05-24,DOMINGO,13:30,32.0,20.255966
1,2026-05-24,DOMINGO,14:00,16.0,30.00505
1,2026-05-24,DOMINGO,15:00,25.0,33.629158
1,2026-05-24,DOMINGO,15:30,21.0,25.274857
1,2026-05-24,DOMINGO,16:30,32.0,27.813087
1,2026-05-25,LABORAL,04:30,54.0,131.80472
1,2026-05-25,LABORAL,05:00,152.0,122.43415
1,2026-05-25,LABORAL,05:30,114.0,138.44984
1,2026-05-25,LABORAL,06:00,128.0,155.56696
1,2026-05-25,LABORAL,06:30,124.0,133.45718
1,2026-05-25,LABORAL,07:00,145.0,147.42628
1,2026-05-25,LABORAL,07:30,66.0,153.41862
1,2026-05-25,LABORAL,08:00,144.0,131.23816
1,2026-05-25,LABORAL,08:30,210.0,154.64395
1,2026-05-25,LABORAL,09:00,176.0,148.791
1,2026-05-25,LABORAL,09:30,50.0,119.154434
1,2026-05-25,LABORAL,10:00,71.0,116.869156
1,2026-05-25,LABORAL,10:30,110.0,89.04143
1,2026-05-25,LABORAL,11:00,74.0,101.56964
1,2026-05-25,LABORAL,11:30,72.0,114.56793
1,2026-05-25,LABORAL,12:00,122.0,127.62711
1,2026-05-25,LABORAL,12:30,120.0,126.24409
1,2026-05-25,LABORAL,13:00,82.0,149.11047
1,2026-05-25,LABORAL,13:30,114.0,164.2629
1,2026-05-25,LABORAL,14:00,158.0,150.89075
1,2026-05-25,LABORAL,14:30,134.0,160.25996
1,2026-05-25,LABORAL,15:00,177.0,190.79953
1,2026-05-25,LABORAL,15:30,164.0,187.10358
1,2026-05-25,LABORAL,16:00,68.0,171.39696
1,2026-05-25,LABORAL,16:30,138.0,117.74804
1,2026-05-25,LABORAL,17:00,92.0,87.682526
1,2026-05-25,LABORAL,17:30,29.0,28.278603
1,2026-05-26,LABORAL,04:30,154.0,102.055336
1,2026-05-26,LABORAL,05:00,112.0,124.51595
1,2026-05-26,LABORAL,05:30,153.0,131.04669
1,2026-05-26,LABORAL,06:00,69.0,124.548935
1,2026-05-26,LABORAL,06:30,152.0,130.18553
1,2026-05-26,LABORAL,07:00,149.0,131.77274
1,2026-05-26,LABORAL,07:30,137.0,131.73413
1,2026-05-26,LABORAL,08:00,110.0,131.2883
1,2026-05-26,LABORAL,08:30,108.0,123.07304
1,2026-05-26,LABORAL,09:00,151.0,126.5047
1,2026-05-26,LABORAL,09:30,83.0,121.19882
1,2026-05-26,LABORAL,10:00,91.0,85.257614
1,2026-05-26,LABORAL,10:30,80.0,101.23079
1,2026-05-26,LABORAL,11:00,119.0,84.79736
1,2026-05-26,LABORAL,11:30,101.0,89.85544
1,2026-05-26,LABORAL,12:00,106.0,94.899086
1,2026-05-26,LABORAL,12:30,89.0,130.53122
1,2026-05-26,LABORAL,13:00,157.0,103.863785
1,2026-05-26,LABORAL,13:30,171.0,131.73418
1,2026-05-26,LABORAL,14:00,50.0,132.62393
1,2026-05-26,LABORAL,14:30,214.0,147.76944
1,2026-05-26,LABORAL,15:00,129.0,153.41893
1,2026-05-26,LABORAL,15:30,138.0,161.42746
1,2026-05-26,LABORAL,16:00,148.0,125.104126
1,2026-05-26,LABORAL,16:30,78.0,104.536896
1,2026-05-26,LABORAL,17:00,117.0,58.39137
1,2026-05-27,LABORAL,04:30,122.0,107.0746
1,2026-05-27,LABORAL,05:00,130.0,122.41848
1,2026-05-27,LABORAL,05:30,87.0,130.18971
1,2026-05-27,LABORAL,06:00,175.0,125.66792
1,2026-05-27,LABORAL,06:30,92.0,127.70051
1,2026-05-27,LABORAL,07:00,58.0,130.64323
1,2026-05-27,LABORAL,07:30,194.0,126.96753
1,2026-05-27,LABORAL,08:00,130.0,129.7729
1,2026-05-27,LABORAL,08:30,80.0,119.40335
1,2026-05-27,LABORAL,09:00,156.0,127.03689
1,2026-05-27,LABORAL,09:30,108.0,114.0356
1,2026-05-27,LABORAL,10:00,39.0,87.556305
1,2026-05-27,LABORAL,10:30,74.0,90.730225
1,2026-05-27,LABORAL,11:00,108.0,82.242226
1,2026-05-27,LABORAL,11:30,59.0,90.1829
1,2026-05-27,LABORAL,12:00,155.0,93.36615
1,2026-05-27,LABORAL,12:30,101.0,126.08894
1,2026-05-27,LABORAL,13:00,112.0,107.96628
1,2026-05-27,LABORAL,14:00,222.0,132.69818
1,2026-05-27,LABORAL,14:30,143.0,150.409
1,2026-05-27,LABORAL,15:00,168.0,160.11673
1,2026-05-27,LABORAL,15:30,143.0,165.63506
1,2026-05-27,LABORAL,16:00,130.0,123.92965
1,2026-05-27,LABORAL,16:30,34.0,105.065994
1,2026-05-27,LABORAL,17:00,84.0,57.65216
1,2026-05-28,LABORAL,04:30,101.0,111.360916
1,2026-05-28,LABORAL,05:00,62.0,119.561745
1,2026-05-28,LABORAL,05:30,193.0,127.01511
1,2026-05-28,LABORAL,06:00,136.0,124.11255
1,2026-05-28,LABORAL,06:30,145.0,128.63141
1,2026-05-28,LABORAL,07:00,111.0,124.50547
1,2026-05-28,LABORAL,07:30,134.0,124.78067
1,2026-05-28,LABORAL,08:00,108.0,128.11803
1,2026-05-28,LABORAL,08:30,125.0,117.08847
1,2026-05-28,LABORAL,09:00,88.0,125.01583
1,2026-05-28,LABORAL,09:30,116.0,103.318726
1,2026-05-28,LABORAL,10:00,38.0,92.41915
1,2026-05-28,LABORAL,10:30,120.0,84.59923
1,2026-05-28,LABORAL,11:00,103.0,78.75221
1,2026-05-28,LABORAL,11:30,74.0,90.59193
1,2026-05-28,LABORAL,12:00,132.0,101.5327
1,2026-05-28,LABORAL,12:30,143.0,123.37318
1,2026-05-28,LABORAL,13:00,73.0,114.653915
1,2026-05-28,LABORAL,13:30,200.0,133.151
1,2026-05-28,LABORAL,14:00,100.0,131.66058
1,2026-05-28,LABORAL,14:30,94.0,154.96805
1,2026-05-28,LABORAL,15:00,178.0,163.22339
1,2026-05-28,LABORAL,15:30,103.0,164.44574
1,2026-05-28,LABORAL,16:00,149.0,121.05626
1,2026-05-28,LABORAL,16:30,47.0,104.051315
1,2026-05-28,LABORAL,17:00,47.0,56.46971
1,2026-05-29,LABORAL,04:30,129.0,104.26919
1,2026-05-29,LABORAL,05:00,79.0,108.27703
1,2026-05-29,LABORAL,05:30,120.0,123.718864
1,2026-05-29,LABORAL,06:00,134.0,117.5113
1,2026-05-29,LABORAL,06:30,109.0,131.20206
1,2026-05-29,LABORAL,07:00,155.0,123.35838
1,2026-05-29,LABORAL,07:30,107.0,124.38225
1,2026-05-29,LABORAL,08:00,122.0,131.07092
1,2026-05-29,LABORAL,08:30,142.0,117.28553
1,2026-05-29,LABORAL,09:00,81.0,119.78701
1,2026-05-29,LABORAL,09:30,153.0,100.44959
1,2026-05-29,LABORAL,10:00,90.0,101.85178
1,2026-05-29,LABORAL,10:30,65.0,89.38229
1,2026-05-29,LABORAL,11:00,95.0,84.52428
1,2026-05-29,LABORAL,11:30,99.0,94.341995
1,2026-05-29,LABORAL,12:00,59.0,109.94404
1,2026-05-29,LABORAL,12:30,136.0,113.05413
1,2026-05-29,LABORAL,13:00,184.0,119.53911
1,2026-05-29,LABORAL,13:30,76.0,128.49022
1,2026-05-29,LABORAL,14:00,109.0,117.97874
1,2026-05-29,LABORAL,14:30,175.0,149.6337
1,2026-05-29,LABORAL,15:00,141.0,139.6722
1,2026-05-29,LABORAL,15:30,164.0,135.27394
1,2026-05-29,LABORAL,16:00,131.0,108.08606
1,2026-05-29,LABORAL,16:30,74.0,90.256004
1,2026-05-29,LABORAL,17:00,58.0,58.23977
1,2026-05-30,SABADO,04:30,46.0,61.620556
1,2026-05-30,SABADO,05:00,45.0,59.878735
1,2026-05-30,SABADO,05:30,107.0,83.39606
1,2026-05-30,SABADO,06:00,105.0,79.15439
1,2026-05-30,SABADO,06:30,93.0,104.91753
1,2026-05-30,SABADO,07:00,82.0,95.22929
1,2026-05-30,SABADO,07:30,87.0,97.22375
1,2026-05-30,SABADO,08:00,80.0,99.818634
1,2026-05-30,SABADO,08:30,120.0,88.414276
1,2026-05-30,SABADO,09:00,84.0,90.10062
1,2026-05-30,SABADO,09:30,75.0,84.76253
1,2026-05-30,SABADO,10:00,43.0,79.98697
1,2026-05-30,SABADO,10:30,55.0,91.3463
1,2026-05-30,SABADO,11:00,58.0,82.65173
1,2026-05-30,SABADO,11:30,54.0,74.38956
1,2026-05-30,SABADO,12:00,105.0,88.939835
1,2026-05-30,SABADO,12:30,57.0,87.69867
1,2026-05-30,SABADO,13:00,84.0,63.99357
1,2026-05-30,SABADO,13:30,42.0,72.60533
1,2026-05-30,SABADO,14:00,38.0,67.38383
1,2026-05-30,SABADO,14:30,153.0,73.166046
1,2026-05-30,SABADO,15:00,41.0,57.297966
1,2026-05-30,SABADO,15:30,33.0,51.07155
1,2026-05-31,DOMINGO,07:00,21.0,27.246902
1,2026-05-31,DOMINGO,07:30,37.0,25.729881
1,2026-05-31,DOMINGO,08:30,44.0,37.074608
1,2026-05-31,DOMINGO,09:30,48.0,34.171654
1,2026-05-31,DOMINGO,11:00,54.0,32.46672
1,2026-05-31,DOMINGO,12:00,78.0,32.211807
1,2026-05-31,DOMINGO,12:30,65.0,32.416885
1,2026-05-31,DOMINGO,14:30,25.0,27.031265
1,2026-05-31,DOMINGO,15:30,16.0,28.120247
1,2026-06-01,LABORAL,04:30,87.0,121.16482
1,2026-06-01,LABORAL,05:00,150.0,115.6713
1,2026-06-01,LABORAL,05:30,155.0,129.06949
1,2026-06-01,LABORAL,06:00,72.0,137.63853
1,2026-06-01,LABORAL,06:30,104.0,132.759
1,2026-06-01,LABORAL,07:00,163.0,122.515045
1,2026-06-01,LABORAL,07:30,151.0,137.43816
1,2026-06-01,LABORAL,08:00,68.0,129.87454
1,2026-06-01,LABORAL,08:30,117.0,141.18584
1,2026-06-01,LABORAL,09:00,178.0,138.89261
1,2026-06-01,LABORAL,09:30,117.0,114.31576
1,2026-06-01,LABORAL,10:00,43.0,104.60986
1,2026-06-01,LABORAL,10:30,91.0,87.28268
1,2026-06-01,LABORAL,11:00,36.0,94.29732
1,2026-06-01,LABORAL,11:30,148.0,94.01355
1,2026-06-01,LABORAL,12:00,123.0,113.53091
1,2026-06-01,LABORAL,12:30,86.0,123.88945
1,2026-06-01,LABORAL,13:00,103.0,128.70946
1,2026-06-01,LABORAL,13:30,137.0,152.56146
1,2026-06-01,LABORAL,14:00,111.0,137.53227
1,2026-06-01,LABORAL,14:30,179.0,133.12825
1,2026-06-01,LABORAL,15:00,132.0,170.53592
1,2026-06-01,LABORAL,15:30,133.0,172.96004
1,2026-06-01,LABORAL,16:00,131.0,153.62067
1,2026-06-01,LABORAL,16:30,45.0,111.79826
1,2026-06-02,LABORAL,04:30,77.0,106.02823
1,2026-06-02,LABORAL,05:00,100.0,113.280106
1,2026-06-02,LABORAL,05:30,147.0,130.21422
1,2026-06-02,LABORAL,06:00,150.0,126.07391
1,2026-06-02,LABORAL,06:30,195.0,125.76259
1,2026-06-02,LABORAL,07:00,92.0,123.06706
1,2026-06-02,LABORAL,07:30,155.0,122.02203
1,2026-06-02,LABORAL,08:00,49.0,123.41958
1,2026-06-02,LABORAL,08:30,158.0,122.00925
1,2026-06-02,LABORAL,09:00,152.0,120.12067
1,2026-06-02,LABORAL,09:30,85.0,113.62544
1,2026-06-02,LABORAL,10:00,113.0,86.98866
1,2026-06-02,LABORAL,10:30,157.0,92.061935
1,2026-06-02,LABORAL,11:00,38.0,80.47635
1,2026-06-02,LABORAL,11:30,71.0,84.77208
1,2026-06-02,LABORAL,12:00,128.0,95.40331
1,2026-06-02,LABORAL,12:30,108.0,120.84204
1,2026-06-02,LABORAL,13:00,173.0,109.552025
1,2026-06-02,LABORAL,13:30,120.0,124.57367
1,2026-06-02,LABORAL,14:00,120.0,126.21275
1,2026-06-02,LABORAL,14:30,137.0,132.55801
1,2026-06-02,LABORAL,15:00,184.0,153.35683
1,2026-06-02,LABORAL,15:30,146.0,158.53186
1,2026-06-02,LABORAL,16:00,143.0,126.4279
1,2026-06-02,LABORAL,16:30,33.0,97.769585
1,2026-06-02,LABORAL,17:00,44.0,59.599545
1,2026-06-03,LABORAL,04:30,105.0,115.041695
1,2026-06-03,LABORAL,05:00,98.0,118.34784
1,2026-06-03,LABORAL,05:30,126.0,139.36545
1,2026-06-03,LABORAL,06:00,111.0,132.72525
1,2026-06-03,LABORAL,06:30,123.0,129.41046
1,2026-06-03,LABORAL,07:00,111.0,127.88327
1,2026-06-03,LABORAL,07:30,98.0,127.63823
1,2026-06-03,LABORAL,08:00,110.0,129.58504
1,2026-06-03,LABORAL,08:30,137.0,127.93226
1,2026-06-03,LABORAL,09:00,92.0,127.42081
1,2026-06-03,LABORAL,09:30,103.0,114.95295
1,2026-06-03,LABORAL,10:00,137.0,94.01437
1,2026-06-03,LABORAL,10:30,80.0,89.14737
1,2026-06-03,LABORAL,11:00,114.0,85.094604
1,2026-06-03,LABORAL,11:30,69.0,91.787
1,2026-06-03,LABORAL,12:00,82.0,102.46827
1,2026-06-03,LABORAL,12:30,125.0,127.85181
1,2026-06-03,LABORAL,13:00,117.0,123.670265
1,2026-06-03,LABORAL,13:30,87.0,131.0224
1,2026-06-03,LABORAL,14:00,197.0,135.55188
1,2026-06-03,LABORAL,14:30,52.0,145.63966
1,2026-06-03,LABORAL,15:00,136.0,163.45506
1,2026-06-03,LABORAL,15:30,202.0,166.9028
1,2026-06-03,LABORAL,16:00,156.0,133.66003
1,2026-06-03,LABORAL,16:30,78.0,108.09899
1,2026-06-04,LABORAL,04:30,121.0,113.17637
1,2026-06-04,LABORAL,05:00,61.0,116.74513
1,2026-06-04,LABORAL,05:30,137.0,136.30319
1,2026-06-04,LABORAL,06:00,144.0,127.00533
1,2026-06-04,LABORAL,06:30,121.0,126.01998
1,2026-06-04,LABORAL,07:00,134.0,123.99646
1,2026-06-04,LABORAL,07:30,131.0,125.955215
1,2026-06-04,LABORAL,08:00,111.0,126.423645
1,2026-06-04,LABORAL,08:30,88.0,125.59534
1,2026-06-04,LABORAL,09:00,156.0,124.84404
1,2026-06-04,LABORAL,09:30,84.0,109.0933
1,2026-06-04,LABORAL,10:00,52.0,97.78497
1,2026-06-04,LABORAL,10:30,130.0,86.92522
1,2026-06-04,LABORAL,11:00,59.0,82.05713
1,2026-06-04,LABORAL,11:30,69.0,92.67801
1,2026-06-04,LABORAL,12:00,92.0,105.984886
1,2026-06-04,LABORAL,12:30,126.0,123.28036
1,2026-06-04,LABORAL,13:00,77.0,124.12652
1,2026-06-04,LABORAL,13:30,120.0,132.26279
1,2026-06-04,LABORAL,14:00,116.0,130.77055
1,2026-06-04,LABORAL,14:30,84.0,146.76056
1,2026-06-04,LABORAL,15:00,124.0,158.08444
1,2026-06-04,LABORAL,15:30,179.0,161.09816
1,2026-06-04,LABORAL,16:00,68.0,128.5812
1,2026-06-04,LABORAL,16:30,72.0,105.36896
1,2026-06-04,LABORAL,17:00,37.0,62.36844
1,2026-06-05,LABORAL,04:30,107.0,100.15224
1,2026-06-05,LABORAL,05:00,80.0,100.01806
1,2026-06-05,LABORAL,05:30,137.0,122.4021
1,2026-06-05,LABORAL,06:00,104.0,114.908394
1,2026-06-05,LABORAL,06:30,103.0,113.648
1,2026-06-05,LABORAL,07:00,147.0,107.415474
1,2026-06-05,LABORAL,07:30,134.0,109.21708
1,2026-06-05,LABORAL,08:00,70.0,111.589775
1,2026-06-05,LABORAL,08:30,168.0,112.91604
1,2026-06-05,LABORAL,09:00,164.0,113.17075
1,2026-06-05,LABORAL,09:30,78.0,90.1112
1,2026-06-05,LABORAL,10:00,87.0,93.51739
1,2026-06-05,LABORAL,10:30,88.0,77.27199
1,2026-06-05,LABORAL,11:00,85.0,73.70752
1,2026-06-05,LABORAL,11:30,40.0,83.148094
1,2026-06-05,LABORAL,12:00,120.0,98.56552
1,2026-06-05,LABORAL,12:30,90.0,103.012215
1,2026-06-05,LABORAL,13:00,100.0,113.50527
1,2026-06-05,LABORAL,13:30,272.0,121.716835
1,2026-06-05,LABORAL,14:00,119.0,115.403336
1,2026-06-05,LABORAL,14:30,150.0,133.70491
1,2026-06-05,LABORAL,15:00,149.0,139.24889
1,2026-06-05,LABORAL,15:30,132.0,138.7789
1,2026-06-05,LABORAL,16:00,138.0,115.40126
1,2026-06-05,LABORAL,16:30,94.0,94.17828
1,2026-06-05,LABORAL,17:00,23.0,55.35857
1,2026-06-06,SABADO,04:30,77.0,63.94281
1,2026-06-06,SABADO,05:00,60.0,60.202408
1,2026-06-06,SABADO,05:30,86.0,85.42666
1,2026-06-06,SABADO,06:00,58.0,79.46661
1,2026-06-06,SABADO,06:30,74.0,95.539986
1,2026-06-06,SABADO,07:00,153.0,95.0517
1,2026-06-06,SABADO,07:30,65.0,91.743126
1,2026-06-06,SABADO,08:00,103.0,96.235085
1,2026-06-06,SABADO,08:30,84.0,91.74304
1,2026-06-06,SABADO,09:00,169.0,89.195854
1,2026-06-06,SABADO,09:30,50.0,82.16402
1,2026-06-06,SABADO,10:00,64.0,74.59406
1,2026-06-06,SABADO,10:30,149.0,88.15094
1,2026-06-06,SABADO,11:30,84.0,78.767555
1,2026-06-06,SABADO,12:00,61.0,88.84785
1,2026-06-06,SABADO,13:00,58.0,68.32689
1,2026-06-06,SABADO,13:30,68.0,72.362366
1,2026-06-06,SABADO,14:00,113.0,73.42052
1,2026-06-06,SABADO,14:30,52.0,79.41809
1,2026-06-06,SABADO,15:00,71.0,66.72972
1,2026-06-06,SABADO,16:00,82.0,48.23352
1,2026-06-07,DOMINGO,06:30,16.0,106.206924
1,2026-06-07,DOMINGO,07:00,25.0,84.10175
1,2026-06-07,DOMINGO,07:30,32.0,58.09326
1,2026-06-07,DOMINGO,08:00,19.0,75.404076
1,2026-06-07,DOMINGO,08:30,67.0,48.333183
1,2026-06-07,DOMINGO,09:30,53.0,57.798798
1,2026-06-07,DOMINGO,10:00,23.0,44.691177
1,2026-06-07,DOMINGO,10:30,15.0,73.0956
1,2026-06-07,DOMINGO,11:00,37.0,64.596504
1,2026-06-07,DOMINGO,11:30,19.0,65.74455
1,2026-06-07,DOMINGO,12:00,22.0,52.20061
1,2026-06-07,DOMINGO,12:30,40.0,90.86801
1,2026-06-07,DOMINGO,13:00,28.0,82.5534
1,2026-06-07,DOMINGO,13:30,21.0,63.660236
1,2026-06-07,DOMINGO,14:30,30.0,78.79639
1,2026-06-07,DOMINGO,15:00,25.0,99.12047
1,2026-06-07,DOMINGO,16:00,32.0,60.287132
1,2026-06-08,FESTIVO_PUENTE,07:30,23.0,85.43741
1,2026-06-08,FESTIVO_PUENTE,08:30,55.0,98.99918
1,2026-06-08,FESTIVO_PUENTE,09:30,18.0,69.69684
1,2026-06-08,FESTIVO_PUENTE,11:00,18.0,55.768196
1,2026-06-08,FESTIVO_PUENTE,11:30,21.0,58.581535
1,2026-06-08,FESTIVO_PUENTE,13:30,17.0,103.64046
1,2026-06-08,FESTIVO_PUENTE,14:30,24.0,79.69881
1,2026-06-08,FESTIVO_PUENTE,15:30,21.0,130.36082
1,2026-06-09,LABORAL,04:30,88.0,119.908646
1,2026-06-09,LABORAL,05:00,129.0,122.25823
1,2026-06-09,LABORAL,05:30,140.0,149.28316
1,2026-06-09,LABORAL,06:00,110.0,144.1675
1,2026-06-09,LABORAL,06:30,141.0,141.12999
1,2026-06-09,LABORAL,07:00,54.0,142.70898
1,2026-06-09,LABORAL,07:30,168.0,144.47566
1,2026-06-09,LABORAL,08:00,102.0,138.5106
1,2026-06-09,LABORAL,08:30,66.0,154.63019
1,2026-06-09,LABORAL,09:00,147.0,144.92477
1,2026-06-09,LABORAL,09:30,129.0,126.945465
1,2026-06-09,LABORAL,10:00,89.0,117.421844
1,2026-06-09,LABORAL,10:30,81.0,98.43142
1,2026-06-09,LABORAL,11:00,83.0,93.60723
1,2026-06-09,LABORAL,11:30,92.0,114.10337
1,2026-06-09,LABORAL,12:00,147.0,121.40502
1,2026-06-09,LABORAL,12:30,106.0,132.47186
1,2026-06-09,LABORAL,13:00,147.0,148.59193
1,2026-06-09,LABORAL,13:30,152.0,148.78091
1,2026-06-09,LABORAL,14:00,186.0,144.44873
1,2026-06-09,LABORAL,14:30,49.0,157.16766
1,2026-06-09,LABORAL,15:00,135.0,182.77057
1,2026-06-09,LABORAL,15:30,116.0,177.82443
1,2026-06-09,LABORAL,16:00,133.0,160.31003
1,2026-06-09,LABORAL,16:30,76.0,123.90572
1,2026-06-10,LABORAL,04:30,121.0,106.12356
1,2026-06-10,LABORAL,05:00,67.0,115.75691
1,2026-06-10,LABORAL,05:30,145.0,131.93617
1,2026-06-10,LABORAL,06:00,93.0,121.68881
1,2026-06-10,LABORAL,06:30,136.0,128.7385
1,2026-06-10,LABORAL,07:00,54.0,126.221115
1,2026-06-10,LABORAL,07:30,154.0,126.04831
1,2026-06-10,LABORAL,08:00,72.0,126.30632
1,2026-06-10,LABORAL,08:30,112.0,122.420204
1,2026-06-10,LABORAL,09:00,142.0,121.23791
1,2026-06-10,LABORAL,09:30,100.0,111.228386
1,2026-06-10,LABORAL,10:00,72.0,93.501114
1,2026-06-10,LABORAL,10:30,76.0,90.4694
1,2026-06-10,LABORAL,11:00,104.0,80.69484
1,2026-06-10,LABORAL,11:30,65.0,90.22821
1,2026-06-10,LABORAL,12:00,79.0,98.20291
1,2026-06-10,LABORAL,12:30,87.0,121.18217
1,2026-06-10,LABORAL,13:00,167.0,118.5339
1,2026-06-10,LABORAL,13:30,101.0,128.05515
1,2026-06-10,LABORAL,14:00,50.0,121.41666
1,2026-06-10,LABORAL,14:30,57.0,151.39752
1,2026-06-10,LABORAL,15:00,66.0,151.57239
1,2026-06-10,LABORAL,15:30,47.0,158.54962
1,2026-06-10,LABORAL,16:00,37.0,123.75057
3,2026-04-02,FESTIVO,07:00,26.0,49.902107
3,2026-04-02,FESTIVO,07:30,42.0,24.371727
3,2026-04-02,FESTIVO,08:00,11.0,40.986214
3,2026-04-02,FESTIVO,08:30,62.0,34.75065
3,2026-04-02,FESTIVO,09:00,50.0,25.13327
3,2026-04-02,FESTIVO,09:30,17.0,8.808914
3,2026-04-02,FESTIVO,10:00,24.0,23.702225
3,2026-04-02,FESTIVO,10:30,46.0,22.60778
3,2026-04-02,FESTIVO,11:00,22.0,31.522842
3,2026-04-02,FESTIVO,11:30,55.0,28.322533
3,2026-04-02,FESTIVO,12:00,14.0,27.748116
3,2026-04-02,FESTIVO,12:30,46.0,15.842705
3,2026-04-02,FESTIVO,13:00,29.0,30.473808
3,2026-04-02,FESTIVO,13:30,13.0,14.12072
3,2026-04-02,FESTIVO,14:00,23.0,20.979591
3,2026-04-02,FESTIVO,14:30,26.0,27.600471
3,2026-04-02,FESTIVO,15:00,21.0,6.5354156
3,2026-04-02,FESTIVO,15:30,20.0,37.34008
3,2026-04-02,FESTIVO,16:00,42.0,29.585114
3,2026-04-03,FESTIVO,07:00,1.0,28.769821
3,2026-04-03,FESTIVO,07:30,28.0,5.001053
3,2026-04-03,FESTIVO,08:30,25.0,23.54618
3,2026-04-03,FESTIVO,09:00,17.0,12.845718
3,2026-04-03,FESTIVO,09:30,17.0,16.09156
3,2026-04-03,FESTIVO,10:30,35.0,15.427765
3,2026-04-03,FESTIVO,11:00,14.0,18.943253
3,2026-04-03,FESTIVO,11:30,24.0,10.384529
3,2026-04-03,FESTIVO,12:30,27.0,24.699257
3,2026-04-03,FESTIVO,14:00,24.0,10.365059
3,2026-04-03,FESTIVO,15:00,28.0,10.858139
3,2026-04-04,SABADO,04:00,25.0,33.84942
3,2026-04-04,SABADO,04:30,86.0,115.69943
3,2026-04-04,SABADO,05:00,64.0,174.30399
3,2026-04-04,SABADO,05:30,98.0,188.27655
3,2026-04-04,SABADO,06:00,100.0,209.68546
3,2026-04-04,SABADO,06:30,67.0,174.47133
3,2026-04-04,SABADO,07:00,73.0,117.07287
3,2026-04-04,SABADO,07:30,42.0,112.675354
3,2026-04-04,SABADO,08:00,107.0,107.3527
3,2026-04-04,SABADO,08:30,32.0,111.38107
3,2026-04-04,SABADO,09:00,85.0,92.51921
3,2026-04-04,SABADO,09:30,97.0,99.24888
3,2026-04-04,SABADO,10:00,31.0,89.98314
3,2026-04-04,SABADO,10:30,36.0,87.29117
3,2026-04-04,SABADO,11:00,44.0,91.20236
3,2026-04-04,SABADO,11:30,70.0,84.15344
3,2026-04-04,SABADO,12:00,31.0,87.00422
3,2026-04-04,SABADO,12:30,62.0,90.48006
3,2026-04-04,SABADO,13:30,41.0,78.65732
3,2026-04-04,SABADO,14:00,27.0,81.50031
3,2026-04-04,SABADO,14:30,64.0,65.692635
3,2026-04-04,SABADO,15:00,30.0,87.624886
3,2026-04-04,SABADO,15:30,72.0,79.10701
3,2026-04-05,DOMINGO,07:00,15.0,63.93583
3,2026-04-05,DOMINGO,07:30,32.0,55.58754
3,2026-04-05,DOMINGO,08:00,33.0,63.488747
3,2026-04-05,DOMINGO,08:30,22.0,63.84484
3,2026-04-05,DOMINGO,09:30,30.0,59.646667
3,2026-04-05,DOMINGO,10:30,34.0,53.5884
3,2026-04-05,DOMINGO,11:30,36.0,47.692047
3,2026-04-05,DOMINGO,12:00,21.0,32.835472
3,2026-04-05,DOMINGO,14:00,31.0,33.575424
3,2026-04-05,DOMINGO,14:30,28.0,21.42427
3,2026-04-05,DOMINGO,15:00,17.0,30.250656
3,2026-04-06,LABORAL,04:00,35.0,52.313805
3,2026-04-06,LABORAL,04:30,118.0,164.32852
3,2026-04-06,LABORAL,05:00,262.0,293.76965
3,2026-04-06,LABORAL,05:30,251.0,297.3463
3,2026-04-06,LABORAL,06:00,180.0,317.51697
3,2026-04-06,LABORAL,06:30,304.0,237.17966
3,2026-04-06,LABORAL,07:00,186.0,174.521
3,2026-04-06,LABORAL,07:30,141.0,168.28838
3,2026-04-06,LABORAL,08:00,172.0,148.6427
3,2026-04-06,LABORAL,08:30,117.0,159.84055
3,2026-04-06,LABORAL,09:00,134.0,148.34622
3,2026-04-06,LABORAL,09:30,137.0,139.49844
3,2026-04-06,LABORAL,10:00,145.0,143.31396
3,2026-04-06,LABORAL,10:30,70.0,130.79381
3,2026-04-06,LABORAL,11:00,185.0,104.01029
3,2026-04-06,LABORAL,11:30,101.0,132.38246
3,2026-04-06,LABORAL,12:00,198.0,181.06248
3,2026-04-06,LABORAL,12:30,179.0,146.2855
3,2026-04-06,LABORAL,13:00,124.0,143.87917
3,2026-04-06,LABORAL,13:30,175.0,142.14793
3,2026-04-06,LABORAL,14:00,113.0,132.29771
3,2026-04-06,LABORAL,14:30,150.0,149.05106
3,2026-04-06,LABORAL,15:00,117.0,170.25992
3,2026-04-06,LABORAL,15:30,110.0,159.22311
3,2026-04-06,LABORAL,16:00,125.0,119.592896
3,2026-04-06,LABORAL,16:30,119.0,95.94898
3,2026-04-06,LABORAL,17:30,17.0,33.39164
3,2026-04-07,LABORAL,04:00,45.0,48.71309
3,2026-04-07,LABORAL,04:30,72.0,157.79977
3,2026-04-07,LABORAL,05:00,361.0,283.6817
3,2026-04-07,LABORAL,05:30,270.0,280.87567
3,2026-04-07,LABORAL,06:00,358.0,306.06445
3,2026-04-07,LABORAL,06:30,182.0,235.60742
3,2026-04-07,LABORAL,07:00,214.0,174.84305
3,2026-04-07,LABORAL,07:30,200.0,153.00278
3,2026-04-07,LABORAL,08:00,177.0,140.2389
3,2026-04-07,LABORAL,08:30,130.0,143.0978
3,2026-04-07,LABORAL,09:00,91.0,131.26967
3,2026-04-07,LABORAL,09:30,144.0,120.07921
3,2026-04-07,LABORAL,10:00,185.0,128.35127
3,2026-04-07,LABORAL,10:30,96.0,120.72681
3,2026-04-07,LABORAL,11:00,107.0,107.260796
3,2026-04-07,LABORAL,11:30,183.0,128.4326
3,2026-04-07,LABORAL,12:00,133.0,160.0241
3,2026-04-07,LABORAL,12:30,194.0,131.74269
3,2026-04-07,LABORAL,13:00,98.0,134.0811
3,2026-04-07,LABORAL,13:30,150.0,127.68787
3,2026-04-07,LABORAL,14:00,189.0,115.801
3,2026-04-07,LABORAL,14:30,168.0,142.84221
3,2026-04-07,LABORAL,15:00,111.0,143.51616
3,2026-04-07,LABORAL,15:30,174.0,146.75325
3,2026-04-07,LABORAL,16:00,111.0,111.91582
3,2026-04-07,LABORAL,16:30,108.0,87.06116
3,2026-04-08,LABORAL,04:00,88.0,48.956657
3,2026-04-08,LABORAL,04:30,146.0,148.76526
3,2026-04-08,LABORAL,05:00,229.0,278.65585
3,2026-04-08,LABORAL,05:30,335.0,273.0817
3,2026-04-08,LABORAL,06:00,278.0,303.41632
3,2026-04-08,LABORAL,06:30,162.0,227.42953
3,2026-04-08,LABORAL,07:00,154.0,177.81299
3,2026-04-08,LABORAL,07:30,108.0,154.46759
3,2026-04-08,LABORAL,08:00,168.0,142.07861
3,2026-04-08,LABORAL,08:30,127.0,145.70491
3,2026-04-08,LABORAL,09:00,147.0,131.56644
3,2026-04-08,LABORAL,09:30,119.0,115.51237
3,2026-04-08,LABORAL,10:00,126.0,124.8181
3,2026-04-08,LABORAL,10:30,155.0,116.120255
3,2026-04-08,LABORAL,11:00,98.0,111.66294
3,2026-04-08,LABORAL,11:30,121.0,128.5447
3,2026-04-08,LABORAL,12:00,229.0,164.74878
3,2026-04-08,LABORAL,12:30,98.0,136.52733
3,2026-04-08,LABORAL,13:00,191.0,140.13504
3,2026-04-08,LABORAL,13:30,186.0,135.39401
3,2026-04-08,LABORAL,14:00,91.0,121.751045
3,2026-04-08,LABORAL,14:30,195.0,143.29933
3,2026-04-08,LABORAL,15:00,61.0,146.53766
3,2026-04-08,LABORAL,15:30,106.0,144.6907
3,2026-04-08,LABORAL,16:00,140.0,116.07256
3,2026-04-08,LABORAL,16:30,55.0,86.23077
3,2026-04-08,LABORAL,17:00,40.0,48.59607
3,2026-04-09,LABORAL,04:00,77.0,49.26146
3,2026-04-09,LABORAL,04:30,66.0,142.9336
3,2026-04-09,LABORAL,05:00,348.0,271.82898
3,2026-04-09,LABORAL,05:30,236.0,260.69836
3,2026-04-09,LABORAL,06:00,306.0,290.39435
3,2026-04-09,LABORAL,06:30,126.0,219.33725
3,2026-04-09,LABORAL,07:00,183.0,181.36194
3,2026-04-09,LABORAL,07:30,230.0,154.89113
3,2026-04-09,LABORAL,08:00,90.0,142.02042
3,2026-04-09,LABORAL,08:30,120.0,144.37871
3,2026-04-09,LABORAL,09:00,139.0,135.94252
3,2026-04-09,LABORAL,09:30,145.0,115.288185
3,2026-04-09,LABORAL,10:00,170.0,125.08568
3,2026-04-09,LABORAL,10:30,38.0,114.60644
3,2026-04-09,LABORAL,11:00,172.0,112.28685
3,2026-04-09,LABORAL,11:30,78.0,124.87758
3,2026-04-09,LABORAL,12:00,159.0,166.51332
3,2026-04-09,LABORAL,12:30,43.0,135.82504
3,2026-04-09,LABORAL,13:00,169.0,142.0748
3,2026-04-09,LABORAL,13:30,141.0,133.57655
3,2026-04-09,LABORAL,14:00,81.0,125.16068
3,2026-04-09,LABORAL,14:30,162.0,139.42555
3,2026-04-09,LABORAL,15:00,126.0,143.25696
3,2026-04-09,LABORAL,15:30,144.0,133.14182
3,2026-04-09,LABORAL,16:00,93.0,111.619774
3,2026-04-09,LABORAL,16:30,78.0,83.631485
3,2026-04-09,LABORAL,17:00,41.0,47.489975
3,2026-04-10,LABORAL,04:00,93.0,49.388954
3,2026-04-10,LABORAL,04:30,50.0,131.83957
3,2026-04-10,LABORAL,05:00,298.0,246.58902
3,2026-04-10,LABORAL,05:30,229.0,235.16093
3,2026-04-10,LABORAL,06:00,416.0,261.131
3,2026-04-10,LABORAL,06:30,134.0,203.31473
3,2026-04-10,LABORAL,07:00,192.0,169.94281
3,2026-04-10,LABORAL,07:30,153.0,148.6519
3,2026-04-10,LABORAL,08:00,186.0,135.69571
3,2026-04-10,LABORAL,08:30,170.0,141.83798
3,2026-04-10,LABORAL,09:00,142.0,132.77939
3,2026-04-10,LABORAL,09:30,78.0,112.54076
3,2026-04-10,LABORAL,10:00,122.0,117.498184
3,2026-04-10,LABORAL,10:30,141.0,107.55519
3,2026-04-10,LABORAL,11:00,110.0,108.81805
3,2026-04-10,LABORAL,11:30,94.0,114.7864
3,2026-04-10,LABORAL,12:00,198.0,154.72758
3,2026-04-10,LABORAL,12:30,109.0,122.491394
3,2026-04-10,LABORAL,13:00,135.0,138.26068
3,2026-04-10,LABORAL,13:30,178.0,120.492294
3,2026-04-10,LABORAL,14:00,137.0,120.319084
3,2026-04-10,LABORAL,14:30,191.0,117.734634
3,2026-04-10,LABORAL,15:00,83.0,134.72525
3,2026-04-10,LABORAL,15:30,61.0,112.98688
3,2026-04-10,LABORAL,16:00,37.0,99.8993
3,2026-04-10,LABORAL,16:30,68.0,75.90947
3,2026-04-10,LABORAL,17:00,57.0,44.599876
3,2026-04-11,SABADO,04:00,30.0,35.30623
3,2026-04-11,SABADO,04:30,71.0,85.58841
3,2026-04-11,SABADO,05:00,232.0,154.82585
3,2026-04-11,SABADO,05:30,148.0,140.27817
3,2026-04-11,SABADO,06:00,161.0,193.19807
3,2026-04-11,SABADO,06:30,201.0,161.66566
3,2026-04-11,SABADO,07:00,141.0,127.9235
3,2026-04-11,SABADO,07:30,119.0,116.295876
3,2026-04-11,SABADO,08:00,76.0,109.23225
3,2026-04-11,SABADO,08:30,134.0,109.09578
3,2026-04-11,SABADO,09:00,77.0,90.927124
3,2026-04-11,SABADO,09:30,89.0,86.77274
3,2026-04-11,SABADO,10:00,75.0,87.33412
3,2026-04-11,SABADO,10:30,121.0,82.08125
3,2026-04-11,SABADO,11:00,101.0,90.00458
3,2026-04-11,SABADO,11:30,45.0,83.16397
3,2026-04-11,SABADO,12:00,87.0,89.761444
3,2026-04-11,SABADO,12:30,109.0,61.28933
3,2026-04-11,SABADO,13:00,25.0,71.25725
3,2026-04-11,SABADO,13:30,40.0,57.87043
3,2026-04-11,SABADO,14:00,82.0,74.26691
3,2026-04-11,SABADO,15:00,142.0,61.683006
3,2026-04-11,SABADO,16:00,18.0,45.95101
3,2026-04-11,SABADO,16:30,29.0,43.076134
3,2026-04-12,DOMINGO,08:00,34.0,35.582413
3,2026-04-12,DOMINGO,08:30,24.0,35.524902
3,2026-04-12,DOMINGO,09:30,32.0,32.408325
3,2026-04-12,DOMINGO,10:00,38.0,38.669502
3,2026-04-12,DOMINGO,11:00,25.0,39.33042
3,2026-04-12,DOMINGO,12:00,28.0,32.0167
3,2026-04-12,DOMINGO,13:00,21.0,28.025818
3,2026-04-12,DOMINGO,14:00,25.0,26.620453
3,2026-04-13,LABORAL,04:00,81.0,52.117958
3,2026-04-13,LABORAL,04:30,93.0,165.78503
3,2026-04-13,LABORAL,05:00,270.0,299.51648
3,2026-04-13,LABORAL,05:30,294.0,305.373
3,2026-04-13,LABORAL,06:00,206.0,318.2359
3,2026-04-13,LABORAL,06:30,291.0,237.9194
3,2026-04-13,LABORAL,07:00,188.0,178.87056
3,2026-04-13,LABORAL,07:30,144.0,168.95154
3,2026-04-13,LABORAL,08:00,111.0,144.51425
3,2026-04-13,LABORAL,08:30,55.0,162.8046
3,2026-04-13,LABORAL,09:00,66.0,146.81766
3,2026-04-13,LABORAL,09:30,25.0,139.17038
3,2026-04-13,LABORAL,10:00,114.0,142.49086
3,2026-04-13,LABORAL,10:30,178.0,129.26918
3,2026-04-13,LABORAL,11:00,48.0,106.23719
3,2026-04-13,LABORAL,11:30,150.0,132.59639
3,2026-04-13,LABORAL,12:00,126.0,182.24963
3,2026-04-13,LABORAL,12:30,147.0,151.22429
3,2026-04-13,LABORAL,13:00,194.0,149.56625
3,2026-04-13,LABORAL,13:30,70.0,147.17769
3,2026-04-13,LABORAL,14:00,121.0,135.08556
3,2026-04-13,LABORAL,14:30,121.0,150.07219
3,2026-04-13,LABORAL,15:00,134.0,174.17352
3,2026-04-13,LABORAL,15:30,118.0,162.69925
3,2026-04-13,LABORAL,16:00,105.0,122.94149
3,2026-04-13,LABORAL,16:30,41.0,99.18195
3,2026-04-13,LABORAL,17:00,48.0,61.791466
3,2026-04-14,LABORAL,04:00,50.0,55.14145
3,2026-04-14,LABORAL,04:30,113.0,141.51396
3,2026-04-14,LABORAL,05:00,362.0,274.15625
3,2026-04-14,LABORAL,05:30,148.0,263.03973
3,2026-04-14,LABORAL,06:00,316.0,289.33807
3,2026-04-14,LABORAL,06:30,252.0,225.21848
3,2026-04-14,LABORAL,07:00,162.0,171.0228
3,2026-04-14,LABORAL,07:30,163.0,157.74445
3,2026-04-14,LABORAL,08:00,165.0,139.74641
3,2026-04-14,LABORAL,08:30,139.0,146.58026
3,2026-04-14,LABORAL,09:00,105.0,129.87682
3,2026-04-14,LABORAL,09:30,134.0,119.01218
3,2026-04-14,LABORAL,10:00,194.0,132.99438
3,2026-04-14,LABORAL,10:30,62.0,120.55369
3,2026-04-14,LABORAL,11:00,141.0,103.307556
3,2026-04-14,LABORAL,11:30,145.0,133.91975
3,2026-04-14,LABORAL,12:00,188.0,165.4248
3,2026-04-14,LABORAL,12:30,141.0,134.46077
3,2026-04-14,LABORAL,13:00,89.0,137.07358
3,2026-04-14,LABORAL,13:30,188.0,127.68277
3,2026-04-14,LABORAL,14:00,39.0,121.98337
3,2026-04-14,LABORAL,14:30,142.0,141.60867
3,2026-04-14,LABORAL,15:00,105.0,145.41379
3,2026-04-14,LABORAL,15:30,163.0,149.19138
3,2026-04-14,LABORAL,16:00,87.0,114.05165
3,2026-04-14,LABORAL,16:30,83.0,89.08467
3,2026-04-14,LABORAL,17:00,36.0,48.380188
3,2026-04-14,LABORAL,17:30,10.0,35.623055
3,2026-04-15,LABORAL,04:00,53.0,48.532738
3,2026-04-15,LABORAL,04:30,128.0,167.19066
3,2026-04-15,LABORAL,05:00,321.0,287.0971
3,2026-04-15,LABORAL,05:30,297.0,291.7693
3,2026-04-15,LABORAL,06:00,180.0,303.7025
3,2026-04-15,LABORAL,06:30,204.0,239.73622
3,2026-04-15,LABORAL,07:00,162.0,185.46547
3,2026-04-15,LABORAL,07:30,186.0,166.0112
3,2026-04-15,LABORAL,08:00,171.0,153.92015
3,2026-04-15,LABORAL,08:30,175.0,152.78215
3,2026-04-15,LABORAL,09:00,140.0,139.00285
3,2026-04-15,LABORAL,09:30,146.0,124.31698
3,2026-04-15,LABORAL,10:00,87.0,137.89412
3,2026-04-15,LABORAL,10:30,62.0,123.74779
3,2026-04-15,LABORAL,11:00,67.0,116.83127
3,2026-04-15,LABORAL,11:30,124.0,136.34569
3,2026-04-15,LABORAL,12:00,158.0,172.47992
3,2026-04-15,LABORAL,12:30,119.0,145.63306
3,2026-04-15,LABORAL,13:00,90.0,142.75017
3,2026-04-15,LABORAL,13:30,148.0,142.83409
3,2026-04-15,LABORAL,14:00,131.0,132.29913
3,2026-04-15,LABORAL,14:30,146.0,149.19287
3,2026-04-15,LABORAL,15:00,103.0,159.05313
3,2026-04-15,LABORAL,15:30,54.0,152.22252
3,2026-04-15,LABORAL,16:00,100.0,119.17752
3,2026-04-15,LABORAL,16:30,56.0,89.78463
3,2026-04-15,LABORAL,17:00,28.0,51.98594
3,2026-04-16,LABORAL,04:00,51.0,50.274452
3,2026-04-16,LABORAL,04:30,122.0,149.6879
3,2026-04-16,LABORAL,05:00,310.0,253.94626
3,2026-04-16,LABORAL,05:30,197.0,261.6493
3,2026-04-16,LABORAL,06:00,258.0,277.10175
3,2026-04-16,LABORAL,06:30,213.0,216.60695
3,2026-04-16,LABORAL,07:00,209.0,169.53923
3,2026-04-16,LABORAL,07:30,136.0,154.3731
3,2026-04-16,LABORAL,08:00,78.0,141.99599
3,2026-04-16,LABORAL,08:30,115.0,140.88937
3,2026-04-16,LABORAL,09:00,138.0,131.54532
3,2026-04-16,LABORAL,09:30,84.0,115.4792
3,2026-04-16,LABORAL,10:00,149.0,125.82589
3,2026-04-16,LABORAL,10:30,75.0,111.59774
3,2026-04-16,LABORAL,11:00,73.0,111.57777
3,2026-04-16,LABORAL,11:30,170.0,124.78158
3,2026-04-16,LABORAL,12:00,159.0,158.8895
3,2026-04-16,LABORAL,12:30,98.0,137.7218
3,2026-04-16,LABORAL,13:00,146.0,133.9743
3,2026-04-16,LABORAL,13:30,140.0,130.91779
3,2026-04-16,LABORAL,14:00,26.0,126.891075
3,2026-04-16,LABORAL,14:30,100.0,136.22548
3,2026-04-16,LABORAL,15:00,171.0,144.9934
3,2026-04-16,LABORAL,15:30,109.0,132.44638
3,2026-04-16,LABORAL,16:00,91.0,110.973785
3,2026-04-16,LABORAL,16:30,53.0,80.37146
3,2026-04-16,LABORAL,17:00,49.0,51.103622
3,2026-04-17,LABORAL,04:00,51.0,48.271812
3,2026-04-17,LABORAL,04:30,175.0,132.97621
3,2026-04-17,LABORAL,05:00,273.0,225.31403
3,2026-04-17,LABORAL,05:30,179.0,233.71683
3,2026-04-17,LABORAL,06:00,288.0,258.82843
3,2026-04-17,LABORAL,06:30,291.0,200.49881
3,2026-04-17,LABORAL,07:00,120.0,148.74854
3,2026-04-17,LABORAL,07:30,111.0,136.14171
3,2026-04-17,LABORAL,08:00,143.0,127.3396
3,2026-04-17,LABORAL,08:30,187.0,125.23774
3,2026-04-17,LABORAL,09:00,111.0,118.52691
3,2026-04-17,LABORAL,09:30,136.0,107.20194
3,2026-04-17,LABORAL,10:00,139.0,112.38422
3,2026-04-17,LABORAL,10:30,76.0,101.39162
3,2026-04-17,LABORAL,11:00,105.0,99.2023
3,2026-04-17,LABORAL,11:30,204.0,108.312035
3,2026-04-17,LABORAL,12:00,196.0,137.89754
3,2026-04-17,LABORAL,12:30,96.0,120.69097
3,2026-04-17,LABORAL,13:00,114.0,119.02561
3,2026-04-17,LABORAL,13:30,162.0,113.31575
3,2026-04-17,LABORAL,14:30,106.0,115.42008
3,2026-04-17,LABORAL,15:00,166.0,128.60616
3,2026-04-17,LABORAL,15:30,98.0,110.43425
3,2026-04-17,LABORAL,16:00,107.0,98.115875
3,2026-04-17,LABORAL,16:30,80.0,72.85269
3,2026-04-17,LABORAL,17:00,56.0,49.54238
3,2026-04-18,SABADO,04:00,36.0,38.818497
3,2026-04-18,SABADO,04:30,99.0,93.53647
3,2026-04-18,SABADO,05:00,163.0,160.47414
3,2026-04-18,SABADO,05:30,123.0,168.55046
3,2026-04-18,SABADO,06:00,222.0,223.52095
3,2026-04-18,SABADO,06:30,96.0,172.20099
3,2026-04-18,SABADO,07:00,123.0,100.50455
3,2026-04-18,SABADO,07:30,117.0,85.629364
3,2026-04-18,SABADO,08:00,107.0,86.71968
3,2026-04-18,SABADO,08:30,118.0,81.83289
3,2026-04-18,SABADO,09:00,90.0,74.49312
3,2026-04-18,SABADO,09:30,53.0,73.33662
3,2026-04-18,SABADO,10:00,50.0,74.42503
3,2026-04-18,SABADO,10:30,64.0,70.53195
3,2026-04-18,SABADO,11:00,47.0,71.86726
3,2026-04-18,SABADO,11:30,125.0,71.06319
3,2026-04-18,SABADO,12:00,83.0,83.423706
3,2026-04-18,SABADO,12:30,46.0,71.939285
3,2026-04-18,SABADO,13:00,68.0,72.75604
3,2026-04-18,SABADO,13:30,26.0,66.6673
3,2026-04-18,SABADO,14:00,98.0,68.12134
3,2026-04-18,SABADO,14:30,29.0,67.08669
3,2026-04-18,SABADO,15:00,35.0,75.31555
3,2026-04-18,SABADO,15:30,42.0,64.283676
3,2026-04-18,SABADO,16:00,39.0,56.92556
3,2026-04-19,DOMINGO,07:00,26.0,57.158127
3,2026-04-19,DOMINGO,07:30,51.0,38.59803
3,2026-04-19,DOMINGO,08:00,47.0,45.160393
3,2026-04-19,DOMINGO,09:00,45.0,34.712273
3,2026-04-19,DOMINGO,09:30,36.0,32.63501
3,2026-04-19,DOMINGO,11:30,27.0,34.04905
3,2026-04-19,DOMINGO,12:00,23.0,34.388145
3,2026-04-19,DOMINGO,13:00,24.0,33.42794
3,2026-04-19,DOMINGO,14:00,22.0,21.109947
3,2026-04-19,DOMINGO,14:30,25.0,22.503983
3,2026-04-19,DOMINGO,15:30,22.0,22.716461
3,2026-04-20,LABORAL,04:00,57.0,51.87574
3,2026-04-20,LABORAL,04:30,82.0,150.5664
3,2026-04-20,LABORAL,05:00,294.0,272.33002
3,2026-04-20,LABORAL,05:30,278.0,263.43225
3,2026-04-20,LABORAL,06:00,271.0,283.55624
3,2026-04-20,LABORAL,06:30,261.0,225.74078
3,2026-04-20,LABORAL,07:00,86.0,175.29837
3,2026-04-20,LABORAL,07:30,107.0,150.75607
3,2026-04-20,LABORAL,08:00,121.0,134.31187
3,2026-04-20,LABORAL,08:30,84.0,156.7594
3,2026-04-20,LABORAL,09:00,139.0,140.31137
3,2026-04-20,LABORAL,09:30,84.0,132.92209
3,2026-04-20,LABORAL,10:00,127.0,131.2528
3,2026-04-20,LABORAL,10:30,60.0,120.68009
3,2026-04-20,LABORAL,11:00,177.0,96.1254
3,2026-04-20,LABORAL,11:30,93.0,125.9675
3,2026-04-20,LABORAL,12:00,147.0,170.25996
3,2026-04-20,LABORAL,12:30,140.0,137.3994
3,2026-04-20,LABORAL,13:00,133.0,142.54515
3,2026-04-20,LABORAL,13:30,185.0,128.4359
3,2026-04-20,LABORAL,14:00,147.0,119.9384
3,2026-04-20,LABORAL,14:30,106.0,136.7768
3,2026-04-20,LABORAL,15:00,110.0,156.99747
3,2026-04-20,LABORAL,15:30,118.0,138.31395
3,2026-04-20,LABORAL,16:00,138.0,107.55083
3,2026-04-20,LABORAL,16:30,43.0,86.961685
3,2026-04-20,LABORAL,17:00,80.0,56.663826
3,2026-04-21,LABORAL,04:00,49.0,48.893562
3,2026-04-21,LABORAL,04:30,182.0,139.634
3,2026-04-21,LABORAL,05:00,297.0,272.76154
3,2026-04-21,LABORAL,05:30,350.0,267.50464
3,2026-04-21,LABORAL,06:00,273.0,294.08893
3,2026-04-21,LABORAL,06:30,204.0,225.82794
3,2026-04-21,LABORAL,07:00,171.0,173.91042
3,2026-04-21,LABORAL,07:30,190.0,157.61267
3,2026-04-21,LABORAL,08:00,108.0,140.0343
3,2026-04-21,LABORAL,08:30,167.0,143.67868
3,2026-04-21,LABORAL,09:00,104.0,127.93899
3,2026-04-21,LABORAL,09:30,65.0,116.579704
3,2026-04-21,LABORAL,10:00,131.0,130.8919
3,2026-04-21,LABORAL,10:30,154.0,118.37406
3,2026-04-21,LABORAL,11:00,90.0,107.075775
3,2026-04-21,LABORAL,11:30,135.0,129.45602
3,2026-04-21,LABORAL,12:00,190.0,159.60272
3,2026-04-21,LABORAL,12:30,73.0,130.43323
3,2026-04-21,LABORAL,13:00,145.0,131.1775
3,2026-04-21,LABORAL,13:30,199.0,125.53817
3,2026-04-21,LABORAL,14:00,108.0,116.78379
3,2026-04-21,LABORAL,14:30,101.0,142.91653
3,2026-04-21,LABORAL,15:00,119.0,144.67725
3,2026-04-21,LABORAL,15:30,204.0,128.37715
3,2026-04-21,LABORAL,16:00,131.0,109.51764
3,2026-04-21,LABORAL,16:30,34.0,82.38699
3,2026-04-21,LABORAL,18:00,20.0,21.463104
3,2026-04-22,LABORAL,04:00,42.0,48.025215
3,2026-04-22,LABORAL,04:30,121.0,156.37804
3,2026-04-22,LABORAL,05:00,295.0,285.43692
3,2026-04-22,LABORAL,05:30,188.0,288.52332
3,2026-04-22,LABORAL,06:00,525.0,311.80267
3,2026-04-22,LABORAL,06:30,146.0,230.42645
3,2026-04-22,LABORAL,07:00,154.0,178.49646
3,2026-04-22,LABORAL,07:30,158.0,159.35234
3,2026-04-22,LABORAL,08:00,84.0,143.98105
3,2026-04-22,LABORAL,08:30,111.0,142.80028
3,2026-04-22,LABORAL,09:00,127.0,131.67679
3,2026-04-22,LABORAL,09:30,137.0,119.32026
3,2026-04-22,LABORAL,10:00,95.0,128.96684
3,2026-04-22,LABORAL,10:30,114.0,114.330154
3,2026-04-22,LABORAL,11:00,113.0,109.78444
3,2026-04-22,LABORAL,11:30,105.0,131.22269
3,2026-04-22,LABORAL,12:00,167.0,161.08905
3,2026-04-22,LABORAL,12:30,124.0,140.87054
3,2026-04-22,LABORAL,13:00,63.0,139.69147
3,2026-04-22,LABORAL,13:30,149.0,136.46228
3,2026-04-22,LABORAL,14:00,43.0,123.764
3,2026-04-22,LABORAL,14:30,43.0,154.28317
3,2026-04-22,LABORAL,15:00,78.0,155.36653
3,2026-04-22,LABORAL,15:30,107.0,144.54727
3,2026-04-22,LABORAL,16:00,124.0,118.99029
3,2026-04-22,LABORAL,16:30,55.0,86.3487
3,2026-04-22,LABORAL,17:00,47.0,49.057457
3,2026-04-23,LABORAL,04:00,43.0,50.794334
3,2026-04-23,LABORAL,04:30,119.0,136.09393
3,2026-04-23,LABORAL,05:00,288.0,229.73895
3,2026-04-23,LABORAL,05:30,248.0,218.51062
3,2026-04-23,LABORAL,06:00,152.0,234.64102
3,2026-04-23,LABORAL,06:30,214.0,170.7852
3,2026-04-23,LABORAL,07:00,175.0,156.48985
3,2026-04-23,LABORAL,07:30,169.0,137.46451
3,2026-04-23,LABORAL,08:00,119.0,123.70885
3,2026-04-23,LABORAL,08:30,187.0,123.65683
3,2026-04-23,LABORAL,09:00,137.0,132.23859
3,2026-04-23,LABORAL,09:30,109.0,109.3734
3,2026-04-23,LABORAL,10:00,93.0,124.43569
3,2026-04-23,LABORAL,10:30,120.0,102.980125
3,2026-04-23,LABORAL,11:00,82.0,104.83311
3,2026-04-23,LABORAL,11:30,73.0,127.91508
3,2026-04-23,LABORAL,12:00,151.0,151.84222
3,2026-04-23,LABORAL,12:30,140.0,130.45436
3,2026-04-23,LABORAL,13:00,104.0,133.70628
3,2026-04-23,LABORAL,14:00,50.0,122.0002
3,2026-04-23,LABORAL,15:00,59.0,148.66295
3,2026-04-23,LABORAL,17:00,32.0,49.99047
3,2026-04-24,LABORAL,04:00,45.0,46.461845
3,2026-04-24,LABORAL,04:30,118.0,122.49972
3,2026-04-24,LABORAL,05:00,248.0,207.54758
3,2026-04-24,LABORAL,05:30,285.0,213.75722
3,2026-04-24,LABORAL,06:00,202.0,238.69379
3,2026-04-24,LABORAL,06:30,320.0,187.84302
3,2026-04-24,LABORAL,07:00,52.0,137.8445
3,2026-04-24,LABORAL,07:30,171.0,133.70282
3,2026-04-24,LABORAL,08:00,148.0,122.84613
3,2026-04-24,LABORAL,08:30,150.0,121.740166
3,2026-04-24,LABORAL,09:00,84.0,115.97072
3,2026-04-24,LABORAL,09:30,78.0,103.565186
3,2026-04-24,LABORAL,10:00,145.0,108.767
3,2026-04-24,LABORAL,10:30,92.0,98.49437
3,2026-04-24,LABORAL,11:00,59.0,100.19626
3,2026-04-24,LABORAL,11:30,126.0,106.46994
3,2026-04-24,LABORAL,12:00,190.0,133.33841
3,2026-04-24,LABORAL,12:30,116.0,118.34341
3,2026-04-24,LABORAL,13:00,120.0,121.36916
3,2026-04-24,LABORAL,13:30,144.0,111.63434
3,2026-04-24,LABORAL,14:30,30.0,115.364174
3,2026-04-24,LABORAL,15:00,175.0,118.99043
3,2026-04-24,LABORAL,15:30,49.0,105.58402
3,2026-04-24,LABORAL,16:00,59.0,100.70004
3,2026-04-24,LABORAL,16:30,71.0,72.34069
3,2026-04-25,SABADO,04:00,32.0,35.835342
3,2026-04-25,SABADO,04:30,105.0,77.279655
3,2026-04-25,SABADO,05:00,176.0,119.09859
3,2026-04-25,SABADO,05:30,122.0,124.055824
3,2026-04-25,SABADO,06:00,210.0,181.13434
3,2026-04-25,SABADO,06:30,208.0,140.38821
3,2026-04-25,SABADO,07:00,93.0,93.33853
3,2026-04-25,SABADO,07:30,136.0,86.68268
3,2026-04-25,SABADO,08:00,148.0,84.929565
3,2026-04-25,SABADO,08:30,61.0,83.67044
3,2026-04-25,SABADO,09:00,116.0,76.044586
3,2026-04-25,SABADO,09:30,49.0,72.71318
3,2026-04-25,SABADO,10:00,101.0,72.8171
3,2026-04-25,SABADO,10:30,95.0,73.52667
3,2026-04-25,SABADO,11:00,85.0,73.44599
3,2026-04-25,SABADO,11:30,82.0,73.36442
3,2026-04-25,SABADO,12:00,29.0,83.80922
3,2026-04-25,SABADO,12:30,76.0,67.87153
3,2026-04-25,SABADO,13:00,63.0,69.988976
3,2026-04-25,SABADO,14:00,93.0,70.831024
3,2026-04-25,SABADO,14:30,34.0,64.44793
3,2026-04-25,SABADO,15:00,56.0,70.04457
3,2026-04-25,SABADO,15:30,45.0,62.836044
3,2026-04-26,DOMINGO,07:00,28.0,43.090294
3,2026-04-26,DOMINGO,07:30,33.0,38.68608
3,2026-04-26,DOMINGO,08:00,23.0,43.241432
3,2026-04-26,DOMINGO,09:00,39.0,41.630257
3,2026-04-26,DOMINGO,10:30,34.0,32.78118
3,2026-04-26,DOMINGO,11:00,24.0,47.03208
3,2026-04-26,DOMINGO,11:30,27.0,38.1325
3,2026-04-26,DOMINGO,12:00,27.0,37.459137
3,2026-04-26,DOMINGO,13:30,48.0,28.213203
3,2026-04-26,DOMINGO,14:30,25.0,28.784988
3,2026-04-27,LABORAL,04:00,48.0,55.471405
3,2026-04-27,LABORAL,04:30,124.0,161.46092
3,2026-04-27,LABORAL,05:00,339.0,290.50742
3,2026-04-27,LABORAL,05:30,244.0,280.94165
3,2026-04-27,LABORAL,06:00,400.0,295.22943
3,2026-04-27,LABORAL,06:30,222.0,228.23557
3,2026-04-27,LABORAL,07:00,77.0,178.70149
3,2026-04-27,LABORAL,07:30,213.0,165.32661
3,2026-04-27,LABORAL,08:00,90.0,151.40407
3,2026-04-27,LABORAL,08:30,102.0,149.95166
3,2026-04-27,LABORAL,09:00,115.0,150.46255
3,2026-04-27,LABORAL,09:30,113.0,140.91628
3,2026-04-27,LABORAL,10:00,184.0,141.91032
3,2026-04-27,LABORAL,10:30,79.0,128.10408
3,2026-04-27,LABORAL,11:00,111.0,110.06502
3,2026-04-27,LABORAL,11:30,92.0,135.42065
3,2026-04-27,LABORAL,12:00,195.0,172.17557
3,2026-04-27,LABORAL,12:30,105.0,148.46826
3,2026-04-27,LABORAL,13:00,135.0,143.40033
3,2026-04-27,LABORAL,13:30,143.0,137.99223
3,2026-04-27,LABORAL,14:00,102.0,130.36978
3,2026-04-27,LABORAL,14:30,222.0,152.49269
3,2026-04-27,LABORAL,15:00,95.0,160.42778
3,2026-04-27,LABORAL,15:30,88.0,146.3847
3,2026-04-27,LABORAL,16:00,114.0,128.08931
3,2026-04-27,LABORAL,16:30,34.0,104.381676
3,2026-04-27,LABORAL,17:00,30.0,70.66263
3,2026-04-27,LABORAL,17:30,29.0,43.52378
3,2026-04-28,LABORAL,04:00,35.0,45.4526
3,2026-04-28,LABORAL,04:30,106.0,148.80067
3,2026-04-28,LABORAL,05:00,354.0,281.4777
3,2026-04-28,LABORAL,05:30,201.0,281.25546
3,2026-04-28,LABORAL,06:00,213.0,303.26038
3,2026-04-28,LABORAL,06:30,209.0,236.00394
3,2026-04-28,LABORAL,07:00,185.0,174.53574
3,2026-04-28,LABORAL,07:30,124.0,148.01427
3,2026-04-28,LABORAL,08:00,171.0,136.73456
3,2026-04-28,LABORAL,08:30,142.0,134.95486
3,2026-04-28,LABORAL,09:00,133.0,125.15831
3,2026-04-28,LABORAL,09:30,107.0,116.100174
3,2026-04-28,LABORAL,10:00,76.0,126.08299
3,2026-04-28,LABORAL,10:30,124.0,113.83596
3,2026-04-28,LABORAL,11:00,89.0,104.92281
3,2026-04-28,LABORAL,11:30,137.0,124.31997
3,2026-04-28,LABORAL,12:00,174.0,155.1417
3,2026-04-28,LABORAL,12:30,164.0,128.38881
3,2026-04-28,LABORAL,13:00,99.0,127.98515
3,2026-04-28,LABORAL,13:30,75.0,126.47836
3,2026-04-28,LABORAL,14:00,195.0,110.48172
3,2026-04-28,LABORAL,14:30,109.0,137.5093
3,2026-04-28,LABORAL,15:00,97.0,139.64496
3,2026-04-28,LABORAL,15:30,149.0,137.72215
3,2026-04-28,LABORAL,16:00,128.0,106.12979
3,2026-04-28,LABORAL,16:30,53.0,84.1443
3,2026-04-28,LABORAL,17:00,30.0,48.464928
3,2026-04-29,LABORAL,04:00,51.0,48.66619
3,2026-04-29,LABORAL,04:30,134.0,150.63687
3,2026-04-29,LABORAL,05:00,434.0,275.04047
3,2026-04-29,LABORAL,05:30,237.0,273.10077
3,2026-04-29,LABORAL,06:00,291.0,295.61603
3,2026-04-29,LABORAL,06:30,175.0,228.64827
3,2026-04-29,LABORAL,07:00,141.0,179.73022
3,2026-04-29,LABORAL,07:30,197.0,153.74309
3,2026-04-29,LABORAL,08:00,161.0,142.79735
3,2026-04-29,LABORAL,08:30,102.0,140.82683
3,2026-04-29,LABORAL,09:00,182.0,126.37577
3,2026-04-29,LABORAL,09:30,82.0,112.5008
3,2026-04-29,LABORAL,10:00,88.0,126.46364
3,2026-04-29,LABORAL,10:30,170.0,114.118515
3,2026-04-29,LABORAL,11:00,102.0,114.4387
3,2026-04-29,LABORAL,11:30,196.0,126.63756
3,2026-04-29,LABORAL,12:00,107.0,158.96542
3,2026-04-29,LABORAL,12:30,134.0,134.51291
3,2026-04-29,LABORAL,13:00,112.0,137.20096
3,2026-04-29,LABORAL,13:30,59.0,131.75992
3,2026-04-29,LABORAL,14:00,182.0,116.754395
3,2026-04-29,LABORAL,14:30,119.0,143.2026
3,2026-04-29,LABORAL,15:00,145.0,140.53613
3,2026-04-29,LABORAL,15:30,129.0,139.82574
3,2026-04-29,LABORAL,16:00,96.0,110.36603
3,2026-04-29,LABORAL,16:30,70.0,83.37741
3,2026-04-30,LABORAL,04:00,45.0,50.67263
3,2026-04-30,LABORAL,04:30,124.0,148.18497
3,2026-04-30,LABORAL,05:00,353.0,258.81616
3,2026-04-30,LABORAL,05:30,268.0,261.91522
3,2026-04-30,LABORAL,06:00,175.0,277.33017
3,2026-04-30,LABORAL,06:30,288.0,217.14651
3,2026-04-30,LABORAL,07:00,130.0,177.79944
3,2026-04-30,LABORAL,07:30,145.0,159.56522
3,2026-04-30,LABORAL,08:00,195.0,144.96144
3,2026-04-30,LABORAL,08:30,140.0,144.22284
3,2026-04-30,LABORAL,09:00,160.0,130.06487
3,2026-04-30,LABORAL,09:30,111.0,118.034546
3,2026-04-30,LABORAL,10:00,146.0,126.183075
3,2026-04-30,LABORAL,10:30,125.0,114.70203
3,2026-04-30,LABORAL,11:00,86.0,116.74218
3,2026-04-30,LABORAL,11:30,98.0,126.75154
3,2026-04-30,LABORAL,12:00,162.0,159.43556
3,2026-04-30,LABORAL,12:30,119.0,135.55554
3,2026-04-30,LABORAL,13:00,204.0,140.72914
3,2026-04-30,LABORAL,13:30,136.0,132.79713
3,2026-04-30,LABORAL,14:00,139.0,125.23868
3,2026-04-30,LABORAL,14:30,136.0,142.072
3,2026-04-30,LABORAL,15:00,193.0,141.03606
3,2026-04-30,LABORAL,15:30,58.0,133.86926
3,2026-04-30,LABORAL,16:00,139.0,111.95955
3,2026-04-30,LABORAL,16:30,31.0,81.63689
3,2026-04-30,LABORAL,17:00,47.0,49.082085
3,2026-05-01,FESTIVO,07:00,40.0,122.10355
3,2026-05-01,FESTIVO,07:30,24.0,104.44806
3,2026-05-01,FESTIVO,08:00,50.0,98.486694
3,2026-05-01,FESTIVO,08:30,26.0,98.70183
3,2026-05-01,FESTIVO,09:00,60.0,83.12271
3,2026-05-01,FESTIVO,09:30,41.0,76.8442
3,2026-05-01,FESTIVO,10:00,6.0,86.08443
3,2026-05-01,FESTIVO,10:30,47.0,80.16563
3,2026-05-01,FESTIVO,11:00,25.0,78.36203
3,2026-05-01,FESTIVO,11:30,27.0,78.037674
3,2026-05-01,FESTIVO,12:00,51.0,100.74559
3,2026-05-01,FESTIVO,12:30,18.0,77.201004
3,2026-05-01,FESTIVO,13:00,23.0,81.2925
3,2026-05-01,FESTIVO,13:30,52.0,77.41716
3,2026-05-01,FESTIVO,14:00,28.0,83.73444
3,2026-05-01,FESTIVO,14:30,31.0,80.09401
3,2026-05-01,FESTIVO,15:00,23.0,84.16484
3,2026-05-01,FESTIVO,15:30,30.0,82.27427
3,2026-05-02,SABADO,04:00,26.0,39.81131
3,2026-05-02,SABADO,04:30,66.0,69.715485
3,2026-05-02,SABADO,05:00,90.0,121.26529
3,2026-05-02,SABADO,05:30,149.0,123.86375
3,2026-05-02,SABADO,06:00,120.0,181.17212
3,2026-05-02,SABADO,06:30,198.0,141.65604
3,2026-05-02,SABADO,07:00,136.0,76.74197
3,2026-05-02,SABADO,07:30,59.0,75.504456
3,2026-05-02,SABADO,08:00,98.0,73.43999
3,2026-05-02,SABADO,08:30,74.0,72.5555
3,2026-05-02,SABADO,09:00,124.0,76.57949
3,2026-05-02,SABADO,09:30,38.0,66.96857
3,2026-05-02,SABADO,10:00,61.0,70.10387
3,2026-05-02,SABADO,10:30,117.0,59.644333
3,2026-05-02,SABADO,11:00,83.0,66.47012
3,2026-05-02,SABADO,11:30,99.0,66.009514
3,2026-05-02,SABADO,12:00,57.0,78.85793
3,2026-05-02,SABADO,12:30,55.0,67.9862
3,2026-05-02,SABADO,13:00,53.0,70.1777
3,2026-05-02,SABADO,13:30,100.0,63.310402
3,2026-05-02,SABADO,14:00,40.0,66.37616
3,2026-05-02,SABADO,14:30,79.0,63.548187
3,2026-05-02,SABADO,15:00,45.0,68.032974
3,2026-05-02,SABADO,15:30,75.0,55.67234
3,2026-05-02,SABADO,16:00,39.0,59.218025
3,2026-05-02,SABADO,16:30,45.0,45.93268
3,2026-05-03,DOMINGO,08:00,32.0,41.079384
3,2026-05-03,DOMINGO,09:00,17.0,39.27819
3,2026-05-03,DOMINGO,10:30,33.0,31.115997
3,2026-05-03,DOMINGO,11:30,27.0,35.212425
3,2026-05-03,DOMINGO,13:00,26.0,31.595917
3,2026-05-03,DOMINGO,13:30,41.0,25.711853
3,2026-05-03,DOMINGO,14:30,23.0,24.411964
3,2026-05-03,DOMINGO,15:00,29.0,23.503403
3,2026-05-04,LABORAL,04:00,74.0,50.53076
3,2026-05-04,LABORAL,04:30,106.0,138.52002
3,2026-05-04,LABORAL,05:00,271.0,273.05472
3,2026-05-04,LABORAL,05:30,195.0,263.70438
3,2026-05-04,LABORAL,06:00,323.0,269.38116
3,2026-05-04,LABORAL,06:30,190.0,217.72514
3,2026-05-04,LABORAL,07:00,175.0,171.71371
3,2026-05-04,LABORAL,07:30,129.0,145.03183
3,2026-05-04,LABORAL,08:00,151.0,133.27484
3,2026-05-04,LABORAL,08:30,125.0,152.65428
3,2026-05-04,LABORAL,09:00,154.0,139.32841
3,2026-05-04,LABORAL,09:30,85.0,129.69641
3,2026-05-04,LABORAL,10:00,128.0,128.20598
3,2026-05-04,LABORAL,10:30,154.0,114.67208
3,2026-05-04,LABORAL,11:00,68.0,97.83344
3,2026-05-04,LABORAL,11:30,195.0,124.19469
3,2026-05-04,LABORAL,12:00,164.0,174.20543
3,2026-05-04,LABORAL,12:30,87.0,141.82085
3,2026-05-04,LABORAL,13:00,234.0,138.52156
3,2026-05-04,LABORAL,13:30,81.0,135.94566
3,2026-05-04,LABORAL,14:00,82.0,118.762924
3,2026-05-04,LABORAL,14:30,135.0,131.01312
3,2026-05-04,LABORAL,15:00,160.0,153.39687
3,2026-05-04,LABORAL,15:30,111.0,120.62185
3,2026-05-04,LABORAL,16:00,126.0,108.86919
3,2026-05-04,LABORAL,16:30,47.0,85.955414
3,2026-05-04,LABORAL,17:00,80.0,48.552788
3,2026-05-05,LABORAL,04:00,46.0,44.97628
3,2026-05-05,LABORAL,04:30,136.0,141.9502
3,2026-05-05,LABORAL,05:00,301.0,270.12558
3,2026-05-05,LABORAL,05:30,298.0,264.07614
3,2026-05-05,LABORAL,06:00,236.0,290.12344
3,2026-05-05,LABORAL,06:30,194.0,232.75748
3,2026-05-05,LABORAL,07:00,61.0,165.06894
3,2026-05-05,LABORAL,07:30,187.0,142.27332
3,2026-05-05,LABORAL,08:00,103.0,129.51297
3,2026-05-05,LABORAL,08:30,237.0,129.97603
3,2026-05-05,LABORAL,09:00,67.0,122.706085
3,2026-05-05,LABORAL,09:30,177.0,110.542946
3,2026-05-05,LABORAL,10:00,102.0,121.19077
3,2026-05-05,LABORAL,10:30,71.0,106.558975
3,2026-05-05,LABORAL,11:00,114.0,102.92156
3,2026-05-05,LABORAL,11:30,147.0,120.4356
3,2026-05-05,LABORAL,12:00,235.0,148.43504
3,2026-05-05,LABORAL,12:30,100.0,127.69576
3,2026-05-05,LABORAL,13:00,145.0,124.36889
3,2026-05-05,LABORAL,13:30,49.0,124.23156
3,2026-05-05,LABORAL,14:00,136.0,105.21445
3,2026-05-05,LABORAL,14:30,120.0,131.8119
3,2026-05-05,LABORAL,15:00,176.0,129.24945
3,2026-05-05,LABORAL,15:30,86.0,132.0161
3,2026-05-05,LABORAL,16:00,125.0,103.98597
3,2026-05-05,LABORAL,16:30,95.0,81.798386
3,2026-05-05,LABORAL,17:00,57.0,47.130882
3,2026-05-06,LABORAL,04:00,44.0,47.168518
3,2026-05-06,LABORAL,04:30,108.0,148.89346
3,2026-05-06,LABORAL,05:00,282.0,272.00476
3,2026-05-06,LABORAL,05:30,197.0,270.55945
3,2026-05-06,LABORAL,06:00,251.0,290.26773
3,2026-05-06,LABORAL,06:30,122.0,230.34282
3,2026-05-06,LABORAL,07:00,86.0,175.45076
3,2026-05-06,LABORAL,07:30,197.0,153.82922
3,2026-05-06,LABORAL,08:00,122.0,140.04642
3,2026-05-06,LABORAL,08:30,171.0,139.82675
3,2026-05-06,LABORAL,09:00,87.0,127.95386
3,2026-05-06,LABORAL,09:30,99.0,112.068115
3,2026-05-06,LABORAL,10:00,50.0,124.99344
3,2026-05-06,LABORAL,10:30,72.0,110.54124
3,2026-05-06,LABORAL,11:00,122.0,112.1211
3,2026-05-06,LABORAL,11:30,43.0,127.077354
3,2026-05-06,LABORAL,12:00,190.0,158.00885
3,2026-05-06,LABORAL,12:30,122.0,133.26894
3,2026-05-06,LABORAL,13:00,143.0,135.70848
3,2026-05-06,LABORAL,13:30,144.0,130.68478
3,2026-05-06,LABORAL,14:00,65.0,115.17717
3,2026-05-06,LABORAL,14:30,90.0,139.35596
3,2026-05-06,LABORAL,17:00,50.0,47.111206
3,2026-05-07,LABORAL,04:00,46.0,53.651596
3,2026-05-07,LABORAL,04:30,109.0,107.1342
3,2026-05-07,LABORAL,05:00,247.0,222.77359
3,2026-05-07,LABORAL,05:30,297.0,188.70633
3,2026-05-07,LABORAL,06:00,274.0,215.8296
3,2026-05-07,LABORAL,06:30,214.0,141.49738
3,2026-05-07,LABORAL,07:00,152.0,133.66832
3,2026-05-07,LABORAL,07:30,136.0,118.08799
3,2026-05-07,LABORAL,08:00,77.0,113.52511
3,2026-05-07,LABORAL,08:30,142.0,119.72448
3,2026-05-07,LABORAL,09:00,196.0,129.64137
3,2026-05-07,LABORAL,09:30,45.0,98.780624
3,2026-05-07,LABORAL,10:00,170.0,110.78155
3,2026-05-07,LABORAL,10:30,62.0,82.826584
3,2026-05-07,LABORAL,11:00,128.0,90.94258
3,2026-05-07,LABORAL,11:30,122.0,117.56499
3,2026-05-07,LABORAL,12:00,157.0,153.82294
3,2026-05-07,LABORAL,12:30,160.0,123.21202
3,2026-05-07,LABORAL,13:00,188.0,142.24228
3,2026-05-07,LABORAL,13:30,124.0,129.55052
3,2026-05-07,LABORAL,14:00,49.0,110.48456
3,2026-05-07,LABORAL,14:30,100.0,137.62486
3,2026-05-07,LABORAL,15:00,168.0,142.43748
3,2026-05-07,LABORAL,15:30,166.0,105.14749
3,2026-05-07,LABORAL,16:00,121.0,113.34633
3,2026-05-07,LABORAL,16:30,54.0,69.26473
3,2026-05-08,LABORAL,04:00,48.0,50.971153
3,2026-05-08,LABORAL,04:30,109.0,129.85548
3,2026-05-08,LABORAL,05:00,312.0,254.80185
3,2026-05-08,LABORAL,05:30,167.0,241.15411
3,2026-05-08,LABORAL,06:00,345.0,260.57446
3,2026-05-08,LABORAL,06:30,182.0,205.18971
3,2026-05-08,LABORAL,07:00,197.0,172.11707
3,2026-05-08,LABORAL,07:30,107.0,152.28394
3,2026-05-08,LABORAL,08:00,111.0,144.86052
3,2026-05-08,LABORAL,08:30,111.0,151.70059
3,2026-05-08,LABORAL,09:00,113.0,137.40846
3,2026-05-08,LABORAL,09:30,104.0,114.59745
3,2026-05-08,LABORAL,10:00,86.0,122.82791
3,2026-05-08,LABORAL,10:30,118.0,110.6491
3,2026-05-08,LABORAL,11:00,88.0,112.286476
3,2026-05-08,LABORAL,11:30,140.0,124.34573
3,2026-05-08,LABORAL,12:00,177.0,167.9603
3,2026-05-08,LABORAL,12:30,50.0,123.47979
3,2026-05-08,LABORAL,13:00,236.0,142.1866
3,2026-05-08,LABORAL,13:30,110.0,128.46962
3,2026-05-08,LABORAL,14:00,129.0,126.284706
3,2026-05-08,LABORAL,14:30,146.0,122.29155
3,2026-05-08,LABORAL,15:00,104.0,134.5631
3,2026-05-08,LABORAL,15:30,151.0,109.30606
3,2026-05-08,LABORAL,16:00,49.0,102.48464
3,2026-05-08,LABORAL,16:30,65.0,76.63468
3,2026-05-09,SABADO,04:00,43.0,38.095215
3,2026-05-09,SABADO,04:30,85.0,81.80786
3,2026-05-09,SABADO,05:00,176.0,145.99197
3,2026-05-09,SABADO,05:30,186.0,150.31233
3,2026-05-09,SABADO,06:00,151.0,208.5632
3,2026-05-09,SABADO,06:30,213.0,162.59372
3,2026-05-09,SABADO,07:00,133.0,93.06938
3,2026-05-09,SABADO,07:30,133.0,80.00772
3,2026-05-09,SABADO,08:00,119.0,79.42337
3,2026-05-09,SABADO,09:00,121.0,76.581345
3,2026-05-09,SABADO,09:30,55.0,69.76958
3,2026-05-09,SABADO,10:00,116.0,70.630455
3,2026-05-09,SABADO,10:30,29.0,63.29431
3,2026-05-09,SABADO,11:00,79.0,69.6931
3,2026-05-09,SABADO,11:30,95.0,65.26765
3,2026-05-09,SABADO,12:00,81.0,80.52438
3,2026-05-09,SABADO,12:30,78.0,68.82737
3,2026-05-09,SABADO,13:00,71.0,66.90831
3,2026-05-09,SABADO,13:30,47.0,62.503586
3,2026-05-09,SABADO,14:00,60.0,66.682655
3,2026-05-09,SABADO,14:30,65.0,63.498238
3,2026-05-09,SABADO,15:00,39.0,67.434616
3,2026-05-09,SABADO,15:30,51.0,58.502914
3,2026-05-09,SABADO,16:00,30.0,53.70584
3,2026-05-09,SABADO,17:00,37.0,41.540176
3,2026-05-10,DOMINGO,07:00,28.0,21.49952
3,2026-05-10,DOMINGO,07:30,21.0,31.93676
3,2026-05-10,DOMINGO,08:00,44.0,32.686142
3,2026-05-10,DOMINGO,08:30,25.0,32.207314
3,2026-05-10,DOMINGO,10:30,45.0,30.655632
3,2026-05-10,DOMINGO,11:30,70.0,33.668686
3,2026-05-10,DOMINGO,12:30,43.0,32.69288
3,2026-05-10,DOMINGO,14:00,25.0,24.29773
3,2026-05-10,DOMINGO,14:30,23.0,29.49759
3,2026-05-11,LABORAL,04:00,51.0,51.659943
3,2026-05-11,LABORAL,04:30,208.0,150.91777
3,2026-05-11,LABORAL,05:00,251.0,275.68585
3,2026-05-11,LABORAL,05:30,206.0,276.8005
3,2026-05-11,LABORAL,06:00,217.0,275.21545
3,2026-05-11,LABORAL,06:30,297.0,223.5704
3,2026-05-11,LABORAL,07:00,128.0,166.72395
3,2026-05-11,LABORAL,07:30,103.0,153.69519
3,2026-05-11,LABORAL,08:00,198.0,136.59491
3,2026-05-11,LABORAL,08:30,22.0,150.52109
3,2026-05-11,LABORAL,09:00,157.0,138.5591
3,2026-05-11,LABORAL,09:30,86.0,126.917145
3,2026-05-11,LABORAL,10:00,75.0,128.37062
3,2026-05-11,LABORAL,10:30,176.0,124.09659
3,2026-05-11,LABORAL,11:00,85.0,104.37584
3,2026-05-11,LABORAL,11:30,204.0,125.532326
3,2026-05-11,LABORAL,12:00,95.0,171.63028
3,2026-05-11,LABORAL,12:30,114.0,145.57457
3,2026-05-11,LABORAL,13:00,160.0,140.5759
3,2026-05-11,LABORAL,13:30,135.0,137.38113
3,2026-05-11,LABORAL,14:00,143.0,125.088
3,2026-05-11,LABORAL,14:30,115.0,140.2932
3,2026-05-11,LABORAL,15:00,75.0,154.18019
3,2026-05-11,LABORAL,15:30,80.0,145.29582
3,2026-05-11,LABORAL,16:00,117.0,113.40819
3,2026-05-11,LABORAL,16:30,31.0,93.05995
3,2026-05-12,LABORAL,04:00,55.0,49.464203
3,2026-05-12,LABORAL,04:30,151.0,134.36934
3,2026-05-12,LABORAL,05:00,279.0,282.83527
3,2026-05-12,LABORAL,05:30,161.0,253.65543
3,2026-05-12,LABORAL,06:00,355.0,288.96042
3,2026-05-12,LABORAL,06:30,236.0,223.79544
3,2026-05-12,LABORAL,07:00,108.0,169.81061
3,2026-05-12,LABORAL,07:30,153.0,154.3805
3,2026-05-12,LABORAL,08:00,158.0,132.8922
3,2026-05-12,LABORAL,08:30,232.0,142.57483
3,2026-05-12,LABORAL,09:00,126.0,126.96655
3,2026-05-12,LABORAL,09:30,33.0,115.01201
3,2026-05-12,LABORAL,10:00,178.0,127.823616
3,2026-05-12,LABORAL,10:30,78.0,106.81503
3,2026-05-12,LABORAL,11:00,135.0,103.04225
3,2026-05-12,LABORAL,11:30,68.0,127.9891
3,2026-05-12,LABORAL,12:00,214.0,164.3047
3,2026-05-12,LABORAL,12:30,145.0,134.30473
3,2026-05-12,LABORAL,13:00,83.0,131.99619
3,2026-05-12,LABORAL,13:30,218.0,126.18246
3,2026-05-12,LABORAL,14:00,92.0,115.00944
3,2026-05-12,LABORAL,14:30,149.0,135.40497
3,2026-05-12,LABORAL,15:00,136.0,136.35382
3,2026-05-12,LABORAL,15:30,169.0,130.57709
3,2026-05-12,LABORAL,16:00,118.0,109.023476
3,2026-05-12,LABORAL,16:30,63.0,81.37912
3,2026-05-12,LABORAL,17:00,29.0,44.71192
3,2026-05-13,LABORAL,04:00,45.0,49.408134
3,2026-05-13,LABORAL,04:30,151.0,155.25859
3,2026-05-13,LABORAL,05:00,311.0,285.78223
3,2026-05-13,LABORAL,05:30,275.0,275.2594
3,2026-05-13,LABORAL,06:00,137.0,295.43164
3,2026-05-13,LABORAL,06:30,341.0,234.53874
3,2026-05-13,LABORAL,07:00,53.0,186.14026
3,2026-05-13,LABORAL,07:30,124.0,164.2614
3,2026-05-13,LABORAL,08:00,171.0,149.08266
3,2026-05-13,LABORAL,08:30,162.0,148.5202
3,2026-05-13,LABORAL,09:00,41.0,135.67525
3,2026-05-13,LABORAL,09:30,115.0,119.73381
3,2026-05-13,LABORAL,10:00,153.0,133.08543
3,2026-05-13,LABORAL,10:30,105.0,119.75115
3,2026-05-13,LABORAL,11:00,70.0,116.21837
3,2026-05-13,LABORAL,11:30,157.0,132.39513
3,2026-05-13,LABORAL,12:00,97.0,168.78207
3,2026-05-13,LABORAL,12:30,130.0,141.05737
3,2026-05-13,LABORAL,13:00,146.0,140.38344
3,2026-05-13,LABORAL,13:30,80.0,136.13524
3,2026-05-13,LABORAL,14:00,208.0,124.74108
3,2026-05-13,LABORAL,14:30,118.0,146.5897
3,2026-05-13,LABORAL,15:00,134.0,146.1527
3,2026-05-13,LABORAL,15:30,102.0,146.80432
3,2026-05-13,LABORAL,16:00,95.0,114.85865
3,2026-05-13,LABORAL,16:30,83.0,83.92503
3,2026-05-14,LABORAL,04:00,45.0,53.7707
3,2026-05-14,LABORAL,04:30,210.0,136.75932
3,2026-05-14,LABORAL,05:00,182.0,284.8814
3,2026-05-14,LABORAL,05:30,231.0,247.74857
3,2026-05-14,LABORAL,06:00,327.0,295.20453
3,2026-05-14,LABORAL,06:30,182.0,206.33917
3,2026-05-14,LABORAL,07:00,133.0,165.69498
3,2026-05-14,LABORAL,07:30,172.0,149.34991
3,2026-05-14,LABORAL,08:00,139.0,140.56548
3,2026-05-14,LABORAL,08:30,123.0,144.45479
3,2026-05-14,LABORAL,09:00,156.0,129.7645
3,2026-05-14,LABORAL,09:30,57.0,107.25137
3,2026-05-14,LABORAL,10:00,87.0,121.06281
3,2026-05-14,LABORAL,10:30,99.0,99.90198
3,2026-05-14,LABORAL,11:00,120.0,103.52897
3,2026-05-14,LABORAL,11:30,84.0,134.96849
3,2026-05-14,LABORAL,12:00,128.0,163.76639
3,2026-05-14,LABORAL,12:30,135.0,134.92365
3,2026-05-14,LABORAL,13:00,155.0,147.56183
3,2026-05-14,LABORAL,13:30,97.0,127.02632
3,2026-05-14,LABORAL,14:00,94.0,116.5381
3,2026-05-14,LABORAL,14:30,146.0,132.58286
3,2026-05-14,LABORAL,15:00,179.0,141.59816
3,2026-05-14,LABORAL,15:30,84.0,123.65715
3,2026-05-14,LABORAL,16:00,149.0,102.5858
3,2026-05-14,LABORAL,16:30,43.0,78.89053
3,2026-05-14,LABORAL,17:00,85.0,46.56378
3,2026-05-15,LABORAL,04:00,53.0,46.602844
3,2026-05-15,LABORAL,04:30,255.0,130.4187
3,2026-05-15,LABORAL,05:00,190.0,231.9816
3,2026-05-15,LABORAL,05:30,234.0,228.89128
3,2026-05-15,LABORAL,06:00,278.0,254.83093
3,2026-05-15,LABORAL,06:30,202.0,199.66196
3,2026-05-15,LABORAL,07:00,68.0,147.91367
3,2026-05-15,LABORAL,07:30,180.0,138.18202
3,2026-05-15,LABORAL,08:00,93.0,127.68537
3,2026-05-15,LABORAL,08:30,181.0,127.13003
3,2026-05-15,LABORAL,09:00,102.0,119.65659
3,2026-05-15,LABORAL,09:30,110.0,107.09505
3,2026-05-15,LABORAL,10:00,183.0,116.243004
3,2026-05-15,LABORAL,10:30,108.0,101.68581
3,2026-05-15,LABORAL,11:00,86.0,99.79969
3,2026-05-15,LABORAL,11:30,117.0,108.21698
3,2026-05-15,LABORAL,12:00,168.0,139.86388
3,2026-05-15,LABORAL,12:30,105.0,116.193214
3,2026-05-15,LABORAL,13:00,155.0,118.56388
3,2026-05-15,LABORAL,13:30,157.0,115.87577
3,2026-05-15,LABORAL,14:00,93.0,115.65881
3,2026-05-15,LABORAL,14:30,140.0,117.74782
3,2026-05-15,LABORAL,15:00,164.0,126.71209
3,2026-05-15,LABORAL,15:30,152.0,110.57786
3,2026-05-15,LABORAL,16:00,99.0,96.89186
3,2026-05-15,LABORAL,16:30,84.0,71.14939
3,2026-05-15,LABORAL,17:00,26.0,45.78277
3,2026-05-16,SABADO,04:00,36.0,34.23191
3,2026-05-16,SABADO,04:30,111.0,87.63055
3,2026-05-16,SABADO,05:00,166.0,149.99715
3,2026-05-16,SABADO,05:30,109.0,142.96147
3,2026-05-16,SABADO,06:00,234.0,203.23332
3,2026-05-16,SABADO,06:30,229.0,163.01129
3,2026-05-16,SABADO,07:00,122.0,103.28675
3,2026-05-16,SABADO,07:30,56.0,94.46326
3,2026-05-16,SABADO,08:00,98.0,92.928345
3,2026-05-16,SABADO,08:30,152.0,93.74394
3,2026-05-16,SABADO,09:00,93.0,84.79274
3,2026-05-16,SABADO,09:30,59.0,81.83917
3,2026-05-16,SABADO,10:00,58.0,80.63695
3,2026-05-16,SABADO,10:30,155.0,78.65413
3,2026-05-16,SABADO,11:00,82.0,77.90918
3,2026-05-16,SABADO,11:30,100.0,74.90196
3,2026-05-16,SABADO,12:00,39.0,90.284836
3,2026-05-16,SABADO,12:30,112.0,70.62363
3,2026-05-16,SABADO,13:30,117.0,71.56422
3,2026-05-16,SABADO,14:00,44.0,78.08702
3,2026-05-16,SABADO,14:30,28.0,68.84163
3,2026-05-16,SABADO,15:00,87.0,77.73872
3,2026-05-16,SABADO,15:30,40.0,71.062
3,2026-05-16,SABADO,16:00,21.0,59.324608
3,2026-05-16,SABADO,16:30,38.0,45.026367
3,2026-05-16,SABADO,17:00,27.0,34.742203
3,2026-05-17,DOMINGO,07:00,48.0,68.914566
3,2026-05-17,DOMINGO,07:30,23.0,41.225937
3,2026-05-17,DOMINGO,08:00,68.0,51.202736
3,2026-05-17,DOMINGO,08:30,24.0,44.070953
3,2026-05-17,DOMINGO,09:00,50.0,38.060196
3,2026-05-17,DOMINGO,09:30,37.0,35.94001
3,2026-05-17,DOMINGO,10:00,16.0,38.730873
3,2026-05-17,DOMINGO,10:30,47.0,33.508995
3,2026-05-17,DOMINGO,11:00,25.0,50.650635
3,2026-05-17,DOMINGO,11:30,16.0,34.822975
3,2026-05-17,DOMINGO,12:30,28.0,34.469414
3,2026-05-17,DOMINGO,13:00,24.0,30.696297
3,2026-05-17,DOMINGO,14:00,25.0,22.48803
3,2026-05-17,DOMINGO,15:30,25.0,28.139969
3,2026-05-17,DOMINGO,16:30,19.0,26.782906
3,2026-05-18,FESTIVO_PUENTE,07:00,53.0,112.60889
3,2026-05-18,FESTIVO_PUENTE,07:30,23.0,96.646996
3,2026-05-18,FESTIVO_PUENTE,08:00,30.0,83.136734
3,2026-05-18,FESTIVO_PUENTE,09:00,19.0,93.28781
3,2026-05-18,FESTIVO_PUENTE,09:30,42.0,78.097565
3,2026-05-18,FESTIVO_PUENTE,10:30,21.0,78.157845
3,2026-05-18,FESTIVO_PUENTE,11:00,26.0,63.953796
3,2026-05-18,FESTIVO_PUENTE,11:30,19.0,81.11401
3,2026-05-18,FESTIVO_PUENTE,12:00,24.0,111.42074
3,2026-05-18,FESTIVO_PUENTE,12:30,29.0,86.86885
3,2026-05-18,FESTIVO_PUENTE,13:00,36.0,84.601
3,2026-05-18,FESTIVO_PUENTE,13:30,26.0,81.139275
3,2026-05-18,FESTIVO_PUENTE,14:00,28.0,73.7472
3,2026-05-19,LABORAL,04:00,51.0,54.839226
3,2026-05-19,LABORAL,04:30,183.0,141.25055
3,2026-05-19,LABORAL,05:00,212.0,250.78073
3,2026-05-19,LABORAL,05:30,247.0,233.08008
3,2026-05-19,LABORAL,06:00,312.0,249.50262
3,2026-05-19,LABORAL,06:30,178.0,197.04367
3,2026-05-19,LABORAL,07:00,223.0,152.23703
3,2026-05-19,LABORAL,07:30,108.0,130.58858
3,2026-05-19,LABORAL,08:00,167.0,133.69937
3,2026-05-19,LABORAL,08:30,129.0,132.66121
3,2026-05-19,LABORAL,09:00,178.0,132.41829
3,2026-05-19,LABORAL,09:30,124.0,113.64992
3,2026-05-19,LABORAL,10:00,168.0,128.12349
3,2026-05-19,LABORAL,10:30,120.0,112.272675
3,2026-05-19,LABORAL,11:00,95.0,100.43103
3,2026-05-19,LABORAL,11:30,184.0,124.21707
3,2026-05-19,LABORAL,12:00,141.0,155.02788
3,2026-05-19,LABORAL,12:30,142.0,143.8552
3,2026-05-19,LABORAL,13:00,197.0,133.93958
3,2026-05-19,LABORAL,13:30,84.0,142.48108
3,2026-05-19,LABORAL,14:00,142.0,103.11332
3,2026-05-19,LABORAL,14:30,114.0,147.77815
3,2026-05-19,LABORAL,15:00,169.0,135.63228
3,2026-05-19,LABORAL,15:30,195.0,133.58664
3,2026-05-19,LABORAL,16:00,51.0,114.17515
3,2026-05-19,LABORAL,16:30,58.0,84.86798
3,2026-05-19,LABORAL,17:00,44.0,59.91652
3,2026-05-20,LABORAL,04:00,45.0,48.688034
3,2026-05-20,LABORAL,04:30,133.0,153.98483
3,2026-05-20,LABORAL,05:00,268.0,285.06418
3,2026-05-20,LABORAL,05:30,285.0,273.45105
3,2026-05-20,LABORAL,06:00,241.0,299.13342
3,2026-05-20,LABORAL,06:30,284.0,233.27588
3,2026-05-20,LABORAL,07:00,139.0,185.6888
3,2026-05-20,LABORAL,07:30,139.0,162.72078
3,2026-05-20,LABORAL,08:00,158.0,148.5396
3,2026-05-20,LABORAL,08:30,101.0,148.07932
3,2026-05-20,LABORAL,09:00,175.0,136.54965
3,2026-05-20,LABORAL,09:30,80.0,119.24943
3,2026-05-20,LABORAL,10:00,139.0,131.3887
3,2026-05-20,LABORAL,10:30,99.0,118.75467
3,2026-05-20,LABORAL,11:00,87.0,116.01927
3,2026-05-20,LABORAL,11:30,70.0,132.33202
3,2026-05-20,LABORAL,12:00,201.0,167.42436
3,2026-05-20,LABORAL,12:30,151.0,137.98747
3,2026-05-20,LABORAL,13:00,132.0,139.37926
3,2026-05-20,LABORAL,13:30,153.0,136.70403
3,2026-05-20,LABORAL,14:00,104.0,124.36836
3,2026-05-20,LABORAL,14:30,194.0,146.68044
3,2026-05-20,LABORAL,15:00,100.0,145.80547
3,2026-05-20,LABORAL,15:30,71.0,146.85628
3,2026-05-20,LABORAL,16:00,120.0,113.35921
3,2026-05-20,LABORAL,16:30,41.0,83.512436
3,2026-05-20,LABORAL,17:00,12.0,48.85814
3,2026-05-23,SABADO,04:00,22.0,33.943886
3,2026-05-23,SABADO,04:30,120.0,86.04062
3,2026-05-23,SABADO,05:00,143.0,149.4875
3,2026-05-23,SABADO,05:30,176.0,145.89499
3,2026-05-23,SABADO,06:00,244.0,211.581
3,2026-05-23,SABADO,06:30,99.0,171.0606
3,2026-05-23,SABADO,07:00,131.0,91.61311
3,2026-05-23,SABADO,07:30,82.0,79.77346
3,2026-05-23,SABADO,08:00,158.0,82.28865
3,2026-05-23,SABADO,08:30,86.0,78.37112
3,2026-05-23,SABADO,09:00,97.0,74.67171
3,2026-05-23,SABADO,09:30,104.0,69.822556
3,2026-05-23,SABADO,10:00,53.0,70.70036
3,2026-05-23,SABADO,10:30,65.0,67.340805
3,2026-05-23,SABADO,11:00,68.0,68.61839
3,2026-05-23,SABADO,11:30,48.0,66.09476
3,2026-05-23,SABADO,12:00,85.0,78.59241
3,2026-05-23,SABADO,12:30,73.0,66.94139
3,2026-05-23,SABADO,13:00,50.0,65.07502
3,2026-05-23,SABADO,13:30,56.0,64.396065
3,2026-05-23,SABADO,14:00,32.0,65.49925
3,2026-05-23,SABADO,15:00,48.0,68.85507
3,2026-05-23,SABADO,15:30,44.0,59.182915
3,2026-05-23,SABADO,16:00,54.0,52.760017
3,2026-05-23,SABADO,16:30,30.0,44.736465
3,2026-05-24,DOMINGO,07:00,11.0,50.409813
3,2026-05-24,DOMINGO,08:00,24.0,39.80578
3,2026-05-24,DOMINGO,08:30,80.0,36.547813
3,2026-05-24,DOMINGO,09:30,24.0,32.899445
3,2026-05-24,DOMINGO,10:00,22.0,37.89334
3,2026-05-24,DOMINGO,11:00,74.0,44.84326
3,2026-05-24,DOMINGO,12:00,32.0,29.527885
3,2026-05-24,DOMINGO,12:30,40.0,32.148674
3,2026-05-24,DOMINGO,13:30,23.0,23.246704
3,2026-05-24,DOMINGO,14:00,25.0,23.664345
3,2026-05-24,DOMINGO,15:00,29.0,23.183502
3,2026-05-25,LABORAL,04:00,48.0,49.989594
3,2026-05-25,LABORAL,04:30,205.0,145.5525
3,2026-05-25,LABORAL,05:00,304.0,272.92828
3,2026-05-25,LABORAL,05:30,214.0,265.85544
3,2026-05-25,LABORAL,06:00,300.0,288.21967
3,2026-05-25,LABORAL,06:30,131.0,223.4688
3,2026-05-25,LABORAL,07:00,239.0,178.03316
3,2026-05-25,LABORAL,07:30,110.0,156.6313
3,2026-05-25,LABORAL,08:00,122.0,137.79764
3,2026-05-25,LABORAL,08:30,223.0,152.87022
3,2026-05-25,LABORAL,09:00,111.0,138.83444
3,2026-05-25,LABORAL,09:30,113.0,122.901955
3,2026-05-25,LABORAL,10:00,144.0,134.29291
3,2026-05-25,LABORAL,10:30,105.0,118.45986
3,2026-05-25,LABORAL,11:00,62.0,101.93751
3,2026-05-25,LABORAL,11:30,230.0,124.54898
3,2026-05-25,LABORAL,12:00,61.0,172.05667
3,2026-05-25,LABORAL,12:30,217.0,139.38498
3,2026-05-25,LABORAL,13:00,62.0,142.17743
3,2026-05-25,LABORAL,13:30,151.0,141.11928
3,2026-05-25,LABORAL,14:00,143.0,123.43526
3,2026-05-25,LABORAL,14:30,122.0,136.2332
3,2026-05-25,LABORAL,15:00,103.0,160.37834
3,2026-05-25,LABORAL,15:30,180.0,125.40384
3,2026-05-25,LABORAL,16:00,71.0,109.04197
3,2026-05-25,LABORAL,16:30,73.0,85.54771
3,2026-05-25,LABORAL,17:00,30.0,54.22605
3,2026-05-25,LABORAL,17:30,27.0,30.131546
3,2026-05-26,LABORAL,04:00,47.0,46.612167
3,2026-05-26,LABORAL,04:30,166.0,153.43477
3,2026-05-26,LABORAL,05:00,314.0,294.3506
3,2026-05-26,LABORAL,05:30,195.0,274.8293
3,2026-05-26,LABORAL,06:00,342.0,307.7141
3,2026-05-26,LABORAL,06:30,210.0,238.05438
3,2026-05-26,LABORAL,07:00,168.0,179.66693
3,2026-05-26,LABORAL,07:30,120.0,155.02292
3,2026-05-26,LABORAL,08:00,159.0,142.65648
3,2026-05-26,LABORAL,08:30,126.0,142.50485
3,2026-05-26,LABORAL,09:00,158.0,133.44514
3,2026-05-26,LABORAL,09:30,104.0,116.132645
3,2026-05-26,LABORAL,10:00,132.0,129.09262
3,2026-05-26,LABORAL,10:30,143.0,119.619736
3,2026-05-26,LABORAL,11:00,113.0,103.93636
3,2026-05-26,LABORAL,11:30,127.0,128.35892
3,2026-05-26,LABORAL,12:00,211.0,162.32959
3,2026-05-26,LABORAL,12:30,156.0,132.12569
3,2026-05-26,LABORAL,13:00,64.0,130.19608
3,2026-05-26,LABORAL,13:30,210.0,130.35274
3,2026-05-26,LABORAL,14:00,65.0,114.86754
3,2026-05-26,LABORAL,14:30,201.0,135.04802
3,2026-05-26,LABORAL,15:00,87.0,138.96696
3,2026-05-26,LABORAL,15:30,135.0,145.12291
3,2026-05-26,LABORAL,16:00,97.0,109.51623
3,2026-05-26,LABORAL,16:30,56.0,83.39009
3,2026-05-26,LABORAL,17:00,27.0,49.9151
3,2026-05-27,LABORAL,04:00,42.0,47.737373
3,2026-05-27,LABORAL,04:30,215.0,134.09636
3,2026-05-27,LABORAL,05:00,118.0,274.70782
3,2026-05-27,LABORAL,05:30,241.0,249.5648
3,2026-05-27,LABORAL,06:00,261.0,287.2354
3,2026-05-27,LABORAL,06:30,150.0,209.05583
3,2026-05-27,LABORAL,07:00,128.0,166.80591
3,2026-05-27,LABORAL,07:30,162.0,152.59738
3,2026-05-27,LABORAL,08:00,119.0,135.9475
3,2026-05-27,LABORAL,08:30,46.0,135.2732
3,2026-05-27,LABORAL,09:00,152.0,130.18214
3,2026-05-27,LABORAL,09:30,48.0,113.80139
3,2026-05-27,LABORAL,10:00,145.0,122.42004
3,2026-05-27,LABORAL,10:30,110.0,106.83011
3,2026-05-27,LABORAL,11:00,131.0,108.41665
3,2026-05-27,LABORAL,11:30,89.0,132.96655
3,2026-05-27,LABORAL,12:00,160.0,160.46127
3,2026-05-27,LABORAL,12:30,128.0,128.78754
3,2026-05-27,LABORAL,13:00,76.0,132.41963
3,2026-05-27,LABORAL,13:30,149.0,125.223595
3,2026-05-27,LABORAL,14:00,109.0,115.45476
3,2026-05-27,LABORAL,14:30,113.0,146.535
3,2026-05-27,LABORAL,15:00,164.0,135.98671
3,2026-05-27,LABORAL,15:30,69.0,129.27513
3,2026-05-27,LABORAL,16:00,86.0,118.19476
3,2026-05-27,LABORAL,16:30,54.0,73.531555
3,2026-05-28,LABORAL,04:00,50.0,47.361664
3,2026-05-28,LABORAL,04:30,148.0,135.6102
3,2026-05-28,LABORAL,05:00,237.0,253.52419
3,2026-05-28,LABORAL,05:30,214.0,244.9419
3,2026-05-28,LABORAL,06:00,329.0,268.98248
3,2026-05-28,LABORAL,06:30,157.0,213.23935
3,2026-05-28,LABORAL,07:00,208.0,164.89839
3,2026-05-28,LABORAL,07:30,60.0,152.26279
3,2026-05-28,LABORAL,08:00,173.0,140.98395
3,2026-05-28,LABORAL,08:30,74.0,141.53908
3,2026-05-28,LABORAL,09:00,169.0,128.64398
3,2026-05-28,LABORAL,09:30,94.0,109.40449
3,2026-05-28,LABORAL,10:00,75.0,124.45356
3,2026-05-28,LABORAL,10:30,164.0,107.707535
3,2026-05-28,LABORAL,11:00,119.0,114.97084
3,2026-05-28,LABORAL,11:30,143.0,123.77835
3,2026-05-28,LABORAL,12:00,103.0,156.67056
3,2026-05-28,LABORAL,12:30,145.0,134.22858
3,2026-05-28,LABORAL,13:00,93.0,137.54977
3,2026-05-28,LABORAL,13:30,123.0,131.61797
3,2026-05-28,LABORAL,14:00,115.0,118.27277
3,2026-05-28,LABORAL,14:30,168.0,136.00967
3,2026-05-28,LABORAL,15:00,101.0,138.64273
3,2026-05-28,LABORAL,15:30,128.0,126.95528
3,2026-05-28,LABORAL,16:00,130.0,108.42527
3,2026-05-28,LABORAL,16:30,40.0,75.0956
3,2026-05-28,LABORAL,17:00,36.0,44.347717
3,2026-05-29,LABORAL,04:00,116.0,48.03485
3,2026-05-29,LABORAL,04:30,69.0,123.69393
3,2026-05-29,LABORAL,05:00,243.0,261.99307
3,2026-05-29,LABORAL,05:30,317.0,218.37238
3,2026-05-29,LABORAL,06:00,215.0,264.2881
3,2026-05-29,LABORAL,06:30,257.0,193.80927
3,2026-05-29,LABORAL,07:00,146.0,165.2436
3,2026-05-29,LABORAL,07:30,173.0,148.61792
3,2026-05-29,LABORAL,08:00,122.0,136.13716
3,2026-05-29,LABORAL,08:30,88.0,148.6372
3,2026-05-29,LABORAL,09:00,146.0,136.27696
3,2026-05-29,LABORAL,09:30,138.0,108.68308
3,2026-05-29,LABORAL,10:00,86.0,121.05165
3,2026-05-29,LABORAL,10:30,87.0,102.44956
3,2026-05-29,LABORAL,11:00,145.0,102.07632
3,2026-05-29,LABORAL,11:30,74.0,120.434074
3,2026-05-29,LABORAL,12:00,190.0,156.51521
3,2026-05-29,LABORAL,12:30,149.0,115.70964
3,2026-05-29,LABORAL,13:00,174.0,141.95175
3,2026-05-29,LABORAL,13:30,56.0,115.362335
3,2026-05-29,LABORAL,14:00,118.0,118.58613
3,2026-05-29,LABORAL,14:30,168.0,117.993935
3,2026-05-29,LABORAL,15:00,138.0,133.4552
3,2026-05-29,LABORAL,15:30,84.0,96.65534
3,2026-05-29,LABORAL,16:00,72.0,93.675674
3,2026-05-29,LABORAL,16:30,75.0,64.74722
3,2026-05-29,LABORAL,17:00,19.0,45.004135
3,2026-05-30,SABADO,04:30,175.0,86.21538
3,2026-05-30,SABADO,05:00,105.0,150.69073
3,2026-05-30,SABADO,05:30,174.0,148.52101
3,2026-05-30,SABADO,06:00,122.0,211.45502
3,2026-05-30,SABADO,06:30,210.0,176.42819
3,2026-05-30,SABADO,07:00,142.0,94.11608
3,2026-05-30,SABADO,07:30,104.0,82.048004
3,2026-05-30,SABADO,08:00,49.0,85.33244
3,2026-05-30,SABADO,08:30,139.0,82.05624
3,2026-05-30,SABADO,09:00,80.0,76.282616
3,2026-05-30,SABADO,09:30,59.0,73.894554
3,2026-05-30,SABADO,10:00,99.0,72.76873
3,2026-05-30,SABADO,10:30,51.0,70.93707
3,2026-05-30,SABADO,11:00,30.0,71.13953
3,2026-05-30,SABADO,11:30,121.0,67.65962
3,2026-05-30,SABADO,12:00,105.0,80.75879
3,2026-05-30,SABADO,12:30,18.0,68.737946
3,2026-05-30,SABADO,13:00,36.0,67.141495
3,2026-05-30,SABADO,13:30,58.0,65.76416
3,2026-05-30,SABADO,14:00,54.0,67.65554
3,2026-05-30,SABADO,14:30,31.0,63.6588
3,2026-05-30,SABADO,15:00,81.0,73.19429
3,2026-05-30,SABADO,15:30,39.0,60.825317
3,2026-05-31,DOMINGO,07:00,29.0,37.357925
3,2026-05-31,DOMINGO,08:00,29.0,38.249924
3,2026-05-31,DOMINGO,08:30,37.0,35.384537
3,2026-05-31,DOMINGO,09:00,32.0,40.9609
3,2026-05-31,DOMINGO,10:00,61.0,37.6894
3,2026-05-31,DOMINGO,11:00,25.0,42.04747
3,2026-05-31,DOMINGO,11:30,42.0,34.887665
3,2026-05-31,DOMINGO,14:00,24.0,25.075249
3,2026-05-31,DOMINGO,14:30,23.0,24.457077
3,2026-06-01,LABORAL,04:00,49.0,55.052437
3,2026-06-01,LABORAL,04:30,131.0,148.90869
3,2026-06-01,LABORAL,05:00,236.0,275.72736
3,2026-06-01,LABORAL,05:30,237.0,257.4153
3,2026-06-01,LABORAL,06:00,226.0,282.75983
3,2026-06-01,LABORAL,06:30,187.0,224.47668
3,2026-06-01,LABORAL,07:00,167.0,171.73987
3,2026-06-01,LABORAL,07:30,106.0,155.77611
3,2026-06-01,LABORAL,08:00,77.0,140.6825
3,2026-06-01,LABORAL,08:30,156.0,138.63011
3,2026-06-01,LABORAL,09:00,43.0,143.81418
3,2026-06-01,LABORAL,09:30,143.0,125.14294
3,2026-06-01,LABORAL,10:00,139.0,130.90926
3,2026-06-01,LABORAL,11:00,74.0,105.56735
3,2026-06-01,LABORAL,11:30,150.0,131.55519
3,2026-06-01,LABORAL,12:00,136.0,162.88046
3,2026-06-01,LABORAL,12:30,172.0,140.09279
3,2026-06-01,LABORAL,13:00,70.0,137.22102
3,2026-06-01,LABORAL,13:30,110.0,135.20964
3,2026-06-01,LABORAL,14:00,82.0,121.72506
3,2026-06-01,LABORAL,14:30,178.0,142.06154
3,2026-06-01,LABORAL,15:00,47.0,142.32649
3,2026-06-01,LABORAL,15:30,117.0,141.63599
3,2026-06-01,LABORAL,16:00,63.0,119.66656
3,2026-06-01,LABORAL,16:30,52.0,92.08952
3,2026-06-02,LABORAL,04:30,167.0,140.92198
3,2026-06-02,LABORAL,05:00,224.0,269.66318
3,2026-06-02,LABORAL,05:30,286.0,250.3176
3,2026-06-02,LABORAL,06:00,279.0,285.40567
3,2026-06-02,LABORAL,06:30,120.0,227.83044
3,2026-06-02,LABORAL,07:00,227.0,162.33679
3,2026-06-02,LABORAL,07:30,65.0,143.30135
3,2026-06-02,LABORAL,08:00,173.0,131.60901
3,2026-06-02,LABORAL,08:30,84.0,131.03296
3,2026-06-02,LABORAL,09:00,121.0,124.94977
3,2026-06-02,LABORAL,09:30,194.0,105.95309
3,2026-06-02,LABORAL,10:00,72.0,121.68226
3,2026-06-02,LABORAL,10:30,161.0,106.99847
3,2026-06-02,LABORAL,11:00,94.0,103.223335
3,2026-06-02,LABORAL,11:30,101.0,123.41009
3,2026-06-02,LABORAL,12:00,188.0,151.14412
3,2026-06-02,LABORAL,12:30,135.0,129.46277
3,2026-06-02,LABORAL,13:00,105.0,126.42743
3,2026-06-02,LABORAL,13:30,103.0,124.16048
3,2026-06-02,LABORAL,14:00,120.0,103.332924
3,2026-06-02,LABORAL,14:30,152.0,130.97185
3,2026-06-02,LABORAL,15:00,174.0,130.04846
3,2026-06-02,LABORAL,15:30,97.0,131.89276
3,2026-06-02,LABORAL,16:00,102.0,108.246376
3,2026-06-02,LABORAL,16:30,76.0,78.795135
3,2026-06-03,LABORAL,04:30,170.0,143.6553
3,2026-06-03,LABORAL,05:00,253.0,270.7774
3,2026-06-03,LABORAL,05:30,311.0,257.11377
3,2026-06-03,LABORAL,06:00,202.0,287.46286
3,2026-06-03,LABORAL,06:30,215.0,224.05905
3,2026-06-03,LABORAL,07:00,135.0,171.02835
3,2026-06-03,LABORAL,07:30,155.0,154.53429
3,2026-06-03,LABORAL,08:00,105.0,141.31393
3,2026-06-03,LABORAL,08:30,153.0,141.58224
3,2026-06-03,LABORAL,09:00,68.0,131.32497
3,2026-06-03,LABORAL,09:30,114.0,108.913666
3,2026-06-03,LABORAL,10:00,127.0,126.663864
3,2026-06-03,LABORAL,10:30,121.0,109.76311
3,2026-06-03,LABORAL,11:00,101.0,113.89825
3,2026-06-03,LABORAL,11:30,84.0,128.48294
3,2026-06-03,LABORAL,12:00,163.0,161.4436
3,2026-06-03,LABORAL,12:30,82.0,136.20851
3,2026-06-03,LABORAL,13:00,146.0,139.08493
3,2026-06-03,LABORAL,13:30,116.0,132.88704
3,2026-06-03,LABORAL,14:00,93.0,116.07102
3,2026-06-03,LABORAL,14:30,152.0,142.25255
3,2026-06-03,LABORAL,15:00,53.0,140.35756
3,2026-06-03,LABORAL,15:30,122.0,135.96712
3,2026-06-03,LABORAL,16:00,109.0,111.89376
3,2026-06-03,LABORAL,16:30,46.0,78.53341
3,2026-06-03,LABORAL,17:00,29.0,45.472816
3,2026-06-04,LABORAL,04:30,157.0,135.51257
3,2026-06-04,LABORAL,05:00,293.0,256.73407
3,2026-06-04,LABORAL,05:30,240.0,242.4114
3,2026-06-04,LABORAL,06:00,278.0,272.60062
3,2026-06-04,LABORAL,06:30,128.0,212.39592
3,2026-06-04,LABORAL,07:00,157.0,162.03813
3,2026-06-04,LABORAL,07:30,117.0,147.82222
3,2026-06-04,LABORAL,08:00,67.0,135.86201
3,2026-06-04,LABORAL,08:30,183.0,138.00404
3,2026-06-04,LABORAL,09:00,64.0,128.00041
3,2026-06-04,LABORAL,09:30,85.0,108.97157
3,2026-06-04,LABORAL,10:00,129.0,125.51013
3,2026-06-04,LABORAL,10:30,90.0,105.98648
3,2026-06-04,LABORAL,11:00,92.0,111.372116
3,2026-06-04,LABORAL,11:30,106.0,121.639305
3,2026-06-04,LABORAL,12:00,133.0,156.5056
3,2026-06-04,LABORAL,12:30,123.0,127.59316
3,2026-06-04,LABORAL,13:00,84.0,138.5783
3,2026-06-04,LABORAL,13:30,134.0,129.97083
3,2026-06-04,LABORAL,14:00,97.0,114.217354
3,2026-06-04,LABORAL,14:30,123.0,133.34038
3,2026-06-04,LABORAL,15:00,119.0,139.0068
3,2026-06-04,LABORAL,15:30,112.0,122.158134
3,2026-06-04,LABORAL,16:00,77.0,108.39153
3,2026-06-04,LABORAL,16:30,73.0,71.07227
3,2026-06-04,LABORAL,17:00,58.0,42.933983
3,2026-06-05,LABORAL,04:30,142.0,122.39555
3,2026-06-05,LABORAL,05:00,269.0,228.87744
3,2026-06-05,LABORAL,05:30,193.0,215.57823
3,2026-06-05,LABORAL,06:00,329.0,246.44537
3,2026-06-05,LABORAL,06:30,178.0,199.63704
3,2026-06-05,LABORAL,07:00,132.0,144.33871
3,2026-06-05,LABORAL,07:30,125.0,138.10812
3,2026-06-05,LABORAL,08:00,138.0,128.69398
3,2026-06-05,LABORAL,08:30,108.0,130.85947
3,2026-06-05,LABORAL,09:00,118.0,122.09154
3,2026-06-05,LABORAL,09:30,59.0,105.62518
3,2026-06-05,LABORAL,10:00,140.0,117.09157
3,2026-06-05,LABORAL,10:30,112.0,101.37433
3,2026-06-05,LABORAL,11:00,109.0,104.52591
3,2026-06-05,LABORAL,11:30,90.0,111.85202
3,2026-06-05,LABORAL,12:00,178.0,143.23215
3,2026-06-05,LABORAL,12:30,114.0,116.98755
3,2026-06-05,LABORAL,13:00,45.0,130.8591
3,2026-06-05,LABORAL,13:30,158.0,118.961296
3,2026-06-05,LABORAL,14:00,125.0,111.525665
3,2026-06-05,LABORAL,14:30,110.0,117.059204
3,2026-06-05,LABORAL,15:00,126.0,130.99551
3,2026-06-05,LABORAL,15:30,110.0,103.36047
3,2026-06-05,LABORAL,16:00,110.0,98.52112
3,2026-06-05,LABORAL,16:30,41.0,67.32312
3,2026-06-06,SABADO,04:00,53.0,32.655922
3,2026-06-06,SABADO,04:30,93.0,78.39517
3,2026-06-06,SABADO,05:00,106.0,140.24973
3,2026-06-06,SABADO,05:30,188.0,123.59055
3,2026-06-06,SABADO,06:00,213.0,188.0759
3,2026-06-06,SABADO,06:30,181.0,161.77908
3,2026-06-06,SABADO,07:00,105.0,89.16248
3,2026-06-06,SABADO,07:30,138.0,84.91299
3,2026-06-06,SABADO,08:00,94.0,82.86195
3,2026-06-06,SABADO,08:30,92.0,83.218704
3,2026-06-06,SABADO,09:00,75.0,82.284195
3,2026-06-06,SABADO,09:30,93.0,69.78245
3,2026-06-06,SABADO,10:00,100.0,73.67115
3,2026-06-06,SABADO,10:30,96.0,69.59981
3,2026-06-06,SABADO,11:00,65.0,71.24765
3,2026-06-06,SABADO,11:30,48.0,72.56385
3,2026-06-06,SABADO,12:00,93.0,82.86948
3,2026-06-06,SABADO,12:30,72.0,68.01139
3,2026-06-06,SABADO,13:00,41.0,73.96654
3,2026-06-06,SABADO,13:30,82.0,64.37111
3,2026-06-06,SABADO,14:00,30.0,68.40745
3,2026-06-06,SABADO,14:30,48.0,60.3498
3,2026-06-06,SABADO,15:00,75.0,73.76404
3,2026-06-06,SABADO,16:00,52.0,50.396614
3,2026-06-07,DOMINGO,06:30,52.0,133.9008
3,2026-06-07,DOMINGO,07:00,23.0,29.857841
3,2026-06-07,DOMINGO,07:30,19.0,30.91143
3,2026-06-07,DOMINGO,08:00,38.0,37.936028
3,2026-06-07,DOMINGO,08:30,30.0,33.451668
3,2026-06-07,DOMINGO,09:00,25.0,38.76487
3,2026-06-07,DOMINGO,09:30,44.0,33.016754
3,2026-06-07,DOMINGO,10:00,26.0,36.527863
3,2026-06-07,DOMINGO,10:30,47.0,33.28871
3,2026-06-07,DOMINGO,11:00,27.0,37.06198
3,2026-06-07,DOMINGO,11:30,28.0,33.373055
3,2026-06-07,DOMINGO,12:00,25.0,25.84639
3,2026-06-07,DOMINGO,12:30,26.0,31.14595
3,2026-06-07,DOMINGO,13:00,20.0,26.402695
3,2026-06-07,DOMINGO,13:30,12.0,25.784248
3,2026-06-07,DOMINGO,14:00,26.0,24.56025
3,2026-06-07,DOMINGO,14:30,18.0,24.040054
3,2026-06-07,DOMINGO,15:00,18.0,26.412735
3,2026-06-08,FESTIVO_PUENTE,07:30,32.0,55.897606
3,2026-06-08,FESTIVO_PUENTE,08:00,19.0,54.683327
3,2026-06-08,FESTIVO_PUENTE,08:30,19.0,63.12037
3,2026-06-08,FESTIVO_PUENTE,10:30,33.0,56.62771
3,2026-06-08,FESTIVO_PUENTE,11:00,19.0,26.856361
3,2026-06-08,FESTIVO_PUENTE,11:30,46.0,50.57263
3,2026-06-08,FESTIVO_PUENTE,13:30,23.0,51.586136
3,2026-06-08,FESTIVO_PUENTE,15:00,31.0,50.177048
3,2026-06-08,FESTIVO_PUENTE,15:30,25.0,76.16354
3,2026-06-09,LABORAL,04:30,158.0,126.966896
3,2026-06-09,LABORAL,05:00,185.0,252.66284
3,2026-06-09,LABORAL,05:30,342.0,218.03427
3,2026-06-09,LABORAL,06:00,230.0,264.6059
3,2026-06-09,LABORAL,06:30,209.0,203.9407
3,2026-06-09,LABORAL,07:00,135.0,145.00516
3,2026-06-09,LABORAL,07:30,97.0,133.50887
3,2026-06-09,LABORAL,08:00,205.0,119.94172
3,2026-06-09,LABORAL,08:30,107.0,127.10933
3,2026-06-09,LABORAL,09:00,196.0,125.456055
3,2026-06-09,LABORAL,09:30,139.0,99.315735
3,2026-06-09,LABORAL,10:00,129.0,118.99783
3,2026-06-09,LABORAL,10:30,108.0,101.31142
3,2026-06-09,LABORAL,11:00,98.0,102.5664
3,2026-06-09,LABORAL,11:30,137.0,118.466064
3,2026-06-09,LABORAL,12:00,180.0,146.05414
3,2026-06-09,LABORAL,12:30,99.0,128.87495
3,2026-06-09,LABORAL,13:00,148.0,132.88817
3,2026-06-09,LABORAL,13:30,103.0,126.02385
3,2026-06-09,LABORAL,14:00,92.0,105.72048
3,2026-06-09,LABORAL,14:30,169.0,136.01198
3,2026-06-09,LABORAL,15:00,116.0,129.71559
3,2026-06-09,LABORAL,15:30,105.0,115.67406
3,2026-06-09,LABORAL,16:00,107.0,109.661255
3,2026-06-09,LABORAL,16:30,44.0,70.768265
3,2026-06-09,LABORAL,17:00,50.0,48.02388
3,2026-06-10,LABORAL,04:00,29.0,45.390762
3,2026-06-10,LABORAL,04:30,118.0,125.73026
3,2026-06-10,LABORAL,05:00,285.0,272.85196
3,2026-06-10,LABORAL,05:30,257.0,237.89697
3,2026-06-10,LABORAL,06:00,302.0,285.9563
3,2026-06-10,LABORAL,06:30,180.0,209.63464
3,2026-06-10,LABORAL,07:00,113.0,160.60559
3,2026-06-10,LABORAL,07:30,113.0,140.76129
3,2026-06-10,LABORAL,08:00,172.0,130.57547
3,2026-06-10,LABORAL,08:30,66.0,132.56926
3,2026-06-10,LABORAL,09:00,102.0,127.30116
3,2026-06-10,LABORAL,09:30,128.0,99.78926
3,2026-06-10,LABORAL,10:00,108.0,120.02185
3,2026-06-10,LABORAL,10:30,45.0,101.54689
3,2026-06-10,LABORAL,11:00,117.0,105.00591
3,2026-06-10,LABORAL,11:30,113.0,121.46043
3,2026-06-10,LABORAL,12:00,112.0,154.69089
3,2026-06-10,LABORAL,12:30,134.0,119.98746
3,2026-06-10,LABORAL,13:00,53.0,131.41971
3,2026-06-10,LABORAL,13:30,48.0,126.141945
3,2026-06-10,LABORAL,14:30,55.0,131.55005
3,2026-06-10,LABORAL,15:00,41.0,129.42516
