route,dia_op,tipo_dia,hora,real,pred_lstm,pred_media
1,2026-04-02,FESTIVO,07:00,65.0,13.671639036004933,26.8
1,2026-04-02,FESTIVO,07:30,23.0,35.073613235877815,27.0
1,2026-04-02,FESTIVO,08:00,11.0,16.374712674743705,30.833333333333332
1,2026-04-02,FESTIVO,09:00,20.0,18.082506610470617,41.0
1,2026-04-02,FESTIVO,09:30,25.0,23.47936782389101,33.333333333333336
1,2026-04-02,FESTIVO,10:00,21.0,15.646325377515765,25.25
1,2026-04-02,FESTIVO,10:30,19.0,4.784850027938219,36.166666666666664
1,2026-04-02,FESTIVO,11:00,23.0,21.37790260921784,42.4
1,2026-04-02,FESTIVO,11:30,33.0,17.029331993208956,26.75
1,2026-04-02,FESTIVO,12:00,18.0,24.925011994162134,32.0
1,2026-04-02,FESTIVO,12:30,45.0,5.179118956681947,43.8
1,2026-04-02,FESTIVO,13:00,21.0,19.3326357545307,19.333333333333332
1,2026-04-02,FESTIVO,13:30,49.0,12.242163541974506,32.6
1,2026-04-02,FESTIVO,15:00,27.0,16.426875292011488,21.333333333333332
1,2026-04-02,FESTIVO,15:30,30.0,41.30765328868782,40.333333333333336
1,2026-04-03,FESTIVO,08:00,14.0,27.184658716576394,28.0
1,2026-04-03,FESTIVO,08:30,30.0,21.03619208942041,36.166666666666664
1,2026-04-03,FESTIVO,09:00,16.0,22.353972763234538,37.5
1,2026-04-03,FESTIVO,11:00,12.0,26.7504981597298,39.166666666666664
1,2026-04-03,FESTIVO,11:30,28.0,32.90162799425107,28.0
1,2026-04-03,FESTIVO,12:00,19.0,13.130053522742969,29.2
1,2026-04-03,FESTIVO,12:30,18.0,16.81554105690863,44.0
1,2026-04-03,FESTIVO,14:30,31.0,37.874644733508035,31.75
1,2026-04-04,SABADO,04:30,37.0,44.358196982715626,86.25490196078431
1,2026-04-04,SABADO,05:00,48.0,35.12756885188523,62.01960784313726
1,2026-04-04,SABADO,05:30,51.0,45.006928613794884,98.17307692307692
1,2026-04-04,SABADO,06:00,42.0,70.1536958614663,99.34615384615384
1,2026-04-04,SABADO,06:30,66.0,47.870651873310536,114.75
1,2026-04-04,SABADO,07:00,38.0,51.1409747161785,105.5
1,2026-04-04,SABADO,07:30,63.0,56.67373372044985,110.15384615384616
1,2026-04-04,SABADO,08:00,80.0,45.52685472327522,104.36538461538461
1,2026-04-04,SABADO,08:30,23.0,80.46247260656114,102.57692307692308
1,2026-04-04,SABADO,09:00,89.0,54.70319727255985,98.42307692307692
1,2026-04-04,SABADO,09:30,54.0,53.59243174516072,95.26923076923077
1,2026-04-04,SABADO,10:00,73.0,48.74748691028447,90.90384615384616
1,2026-04-04,SABADO,10:30,30.0,58.7013601947533,96.48
1,2026-04-04,SABADO,11:00,17.0,65.2406582067542,102.17307692307692
1,2026-04-04,SABADO,11:30,104.0,66.69010697875416,83.3529411764706
1,2026-04-04,SABADO,12:00,71.0,63.980329773489714,94.86274509803921
1,2026-04-04,SABADO,13:00,99.0,69.95860725333286,76.68085106382979
1,2026-04-04,SABADO,13:30,21.0,52.777634622455956,82.63265306122449
1,2026-04-04,SABADO,14:30,36.0,107.98108626606489,73.3921568627451
1,2026-04-04,SABADO,15:00,124.0,97.755157763831,75.52
1,2026-04-04,SABADO,16:00,48.0,125.0364324414214,58.895833333333336
1,2026-04-04,SABADO,17:00,26.0,132.6937565730689,40.333333333333336
1,2026-04-05,DOMINGO,07:00,29.0,28.646303263333778,33.76190476190476
1,2026-04-05,DOMINGO,07:30,23.0,25.001850350914495,34.32608695652174
1,2026-04-05,DOMINGO,08:30,28.0,29.161909000031443,45.266666666666666
1,2026-04-05,DOMINGO,09:00,28.0,58.93266293257555,41.58974358974359
1,2026-04-05,DOMINGO,10:00,18.0,35.456360469901,34.78260869565217
1,2026-04-05,DOMINGO,10:30,28.0,41.59591426428234,35.26829268292683
1,2026-04-05,DOMINGO,11:00,30.0,45.54479891050181,37.1578947368421
1,2026-04-05,DOMINGO,12:30,23.0,35.99565070968505,39.23684210526316
1,2026-04-05,DOMINGO,13:30,21.0,71.24037647961143,31.52777777777778
1,2026-04-05,DOMINGO,14:00,21.0,47.909353067118616,32.54545454545455
1,2026-04-05,DOMINGO,15:00,23.0,40.09212133820506,35.0
1,2026-04-06,LABORAL,04:30,135.0,123.13596534016884,127.56198347107438
1,2026-04-06,LABORAL,05:00,73.0,108.88228767415809,124.78423236514523
1,2026-04-06,LABORAL,05:30,183.0,136.2173000310598,143.33471074380165
1,2026-04-06,LABORAL,06:00,106.0,141.80495364059544,145.44214876033058
1,2026-04-06,LABORAL,06:30,160.0,129.78865275112884,133.298755186722
1,2026-04-06,LABORAL,07:00,157.0,132.9533981055635,133.65289256198346
1,2026-04-06,LABORAL,07:30,54.0,143.41941926833042,137.95454545454547
1,2026-04-06,LABORAL,08:00,165.0,130.48520046610085,135.87966804979254
1,2026-04-06,LABORAL,08:30,123.0,137.75376798773945,138.09128630705393
1,2026-04-06,LABORAL,09:00,176.0,134.7146009535439,135.99585062240664
1,2026-04-06,LABORAL,09:30,155.0,115.69346626926708,123.4090909090909
1,2026-04-06,LABORAL,10:00,98.0,108.37283023590444,104.46280991735537
1,2026-04-06,LABORAL,10:30,80.0,93.34485989689824,98.14049586776859
1,2026-04-06,LABORAL,11:00,90.0,96.43959812566558,95.37603305785125
1,2026-04-06,LABORAL,11:30,84.0,102.12382020391127,101.76859504132231
1,2026-04-06,LABORAL,12:00,110.0,115.91947314949478,112.94628099173553
1,2026-04-06,LABORAL,12:30,165.0,131.3079105492078,136.1825726141079
1,2026-04-06,LABORAL,13:00,105.0,130.223258193876,136.8512396694215
1,2026-04-06,LABORAL,13:30,192.0,146.25057539808847,147.03305785123968
1,2026-04-06,LABORAL,14:00,174.0,137.9441724153612,152.26666666666668
1,2026-04-06,LABORAL,14:30,113.0,141.8914729555374,159.24380165289256
1,2026-04-06,LABORAL,15:00,217.0,173.55657308987955,179.05371900826447
1,2026-04-06,LABORAL,15:30,135.0,172.54056722116107,182.33609958506224
1,2026-04-06,LABORAL,16:00,151.0,155.81658035791042,153.0954356846473
1,2026-04-06,LABORAL,16:30,118.0,113.87725591717204,126.92116182572614
1,2026-04-06,LABORAL,17:00,50.0,76.79620292835364,76.45689655172414
1,2026-04-06,LABORAL,17:30,20.0,31.10275369436043,39.70625
1,2026-04-06,LABORAL,18:00,21.0,14.925198191581941,21.4
1,2026-04-07,LABORAL,04:30,120.0,118.092014609911,127.50826446280992
1,2026-04-07,LABORAL,05:00,126.0,125.25401810286748,124.6804979253112
1,2026-04-07,LABORAL,05:30,137.0,141.54093849683443,143.1900826446281
1,2026-04-07,LABORAL,06:00,143.0,135.14426933351945,145.1900826446281
1,2026-04-07,LABORAL,06:30,134.0,128.30167288968542,133.37759336099586
1,2026-04-07,LABORAL,07:00,107.0,138.79084683704303,133.79752066115702
1,2026-04-07,LABORAL,07:30,187.0,135.42998669358596,137.5495867768595
1,2026-04-07,LABORAL,08:00,164.0,131.38458375792777,135.90871369294607
1,2026-04-07,LABORAL,08:30,129.0,132.0116244027869,137.88796680497924
1,2026-04-07,LABORAL,09:00,152.0,136.26685401270066,136.04979253112035
1,2026-04-07,LABORAL,09:30,91.0,127.23800931087149,123.71487603305785
1,2026-04-07,LABORAL,10:00,176.0,90.43899886239029,104.24380165289256
1,2026-04-07,LABORAL,10:30,88.0,108.5795648448823,97.76859504132231
1,2026-04-07,LABORAL,11:00,84.0,90.5122412644123,95.24380165289256
1,2026-04-07,LABORAL,11:30,134.0,98.3319676500757,101.71900826446281
1,2026-04-07,LABORAL,12:00,113.0,97.5063298255709,112.62809917355372
1,2026-04-07,LABORAL,12:30,82.0,131.38428004091557,136.39834024896265
1,2026-04-07,LABORAL,13:00,149.0,123.10734385016866,136.77685950413223
1,2026-04-07,LABORAL,13:30,211.0,136.33565636125854,147.12809917355372
1,2026-04-07,LABORAL,14:00,180.0,149.31708390169925,152.3125
1,2026-04-07,LABORAL,14:30,114.0,136.74885451803414,159.0785123966942
1,2026-04-07,LABORAL,15:00,190.0,168.14699228901776,179.48347107438016
1,2026-04-07,LABORAL,15:30,194.0,172.24519859665457,182.11618257261412
1,2026-04-07,LABORAL,16:00,198.0,143.0868420192613,152.95850622406638
1,2026-04-07,LABORAL,16:30,148.0,112.60418169555807,126.86307053941908
1,2026-04-07,LABORAL,17:00,82.0,60.05779081758105,76.30603448275862
1,2026-04-08,LABORAL,04:30,126.0,128.0914493166934,127.34710743801652
1,2026-04-08,LABORAL,05:00,117.0,126.92366093036003,124.74688796680498
1,2026-04-08,LABORAL,05:30,125.0,152.39196161731098,143.35537190082644
1,2026-04-08,LABORAL,06:00,132.0,143.7921295828249,145.10743801652893
1,2026-04-08,LABORAL,06:30,189.0,130.8024024158443,133.30705394190872
1,2026-04-08,LABORAL,07:00,53.0,127.79516467266669,133.48347107438016
1,2026-04-08,LABORAL,07:30,118.0,137.93815017759977,137.72314049586777
1,2026-04-08,LABORAL,08:00,125.0,125.7292939741329,135.88796680497924
1,2026-04-08,LABORAL,08:30,184.0,132.8610314217289,138.07883817427387
1,2026-04-08,LABORAL,09:00,105.0,134.67278439584203,136.04149377593362
1,2026-04-08,LABORAL,09:30,120.0,125.25701323217478,123.3305785123967
1,2026-04-08,LABORAL,10:00,151.0,98.53627392725168,104.41322314049587
1,2026-04-08,LABORAL,10:30,70.0,100.3478606748868,97.76446280991736
1,2026-04-08,LABORAL,11:00,118.0,93.63335088398071,94.87603305785125
1,2026-04-08,LABORAL,11:30,88.0,99.22767328823895,102.10743801652893
1,2026-04-08,LABORAL,12:00,112.0,113.88912006854919,112.48347107438016
1,2026-04-08,LABORAL,12:30,146.0,132.29440149450414,136.19917012448133
1,2026-04-08,LABORAL,13:00,159.0,135.6643165036698,136.6198347107438
1,2026-04-08,LABORAL,13:30,60.0,140.01992240616667,147.73553719008265
1,2026-04-08,LABORAL,14:00,226.0,152.7334919844054,152.0875
1,2026-04-08,LABORAL,14:30,125.0,165.67388762967133,158.72314049586777
1,2026-04-08,LABORAL,15:00,173.0,184.71713664177548,179.48760330578511
1,2026-04-08,LABORAL,15:30,175.0,196.75481811819873,182.31120331950208
1,2026-04-08,LABORAL,16:00,92.0,161.18170298623758,153.0954356846473
1,2026-04-08,LABORAL,16:30,142.0,130.18723596310386,126.85892116182572
1,2026-04-08,LABORAL,17:00,48.0,75.71452040496135,75.95689655172414
1,2026-04-09,LABORAL,04:30,82.0,123.61870587792862,127.30165289256199
1,2026-04-09,LABORAL,05:00,150.0,121.43477250496935,124.40663900414938
1,2026-04-09,LABORAL,05:30,110.0,141.37318904311206,143.42561983471074
1,2026-04-09,LABORAL,06:00,147.0,128.90104151826492,145.02479338842974
1,2026-04-09,LABORAL,06:30,99.0,133.21964673590008,133.8423236514523
1,2026-04-09,LABORAL,07:00,153.0,129.19521234383996,132.77272727272728
1,2026-04-09,LABORAL,07:30,147.0,134.1605364675933,137.69834710743802
1,2026-04-09,LABORAL,08:00,103.0,131.0438313044662,135.94605809128632
1,2026-04-09,LABORAL,08:30,178.0,126.13426916291422,138.07883817427387
1,2026-04-09,LABORAL,09:00,140.0,127.8528549634795,135.9792531120332
1,2026-04-09,LABORAL,09:30,86.0,124.77886110586833,123.29338842975207
1,2026-04-09,LABORAL,10:00,78.0,103.46757326358343,104.36776859504133
1,2026-04-09,LABORAL,10:30,37.0,96.60040961921842,97.89256198347107
1,2026-04-09,LABORAL,11:00,148.0,91.65918646217708,94.80578512396694
1,2026-04-09,LABORAL,11:30,69.0,98.58322305789906,101.82644628099173
1,2026-04-09,LABORAL,12:00,84.0,111.06726012006483,112.4297520661157
1,2026-04-09,LABORAL,12:30,140.0,132.8400276121451,136.26970954356847
1,2026-04-09,LABORAL,13:00,160.0,133.73935072185992,136.8801652892562
1,2026-04-09,LABORAL,13:30,85.0,137.66171080912744,147.22314049586777
1,2026-04-09,LABORAL,14:00,111.0,140.1846928635759,152.02916666666667
1,2026-04-09,LABORAL,14:30,168.0,142.85359076284956,158.5909090909091
1,2026-04-09,LABORAL,15:00,189.0,161.3544027781722,179.4090909090909
1,2026-04-09,LABORAL,15:30,129.0,175.85688175480556,182.46473029045643
1,2026-04-09,LABORAL,16:00,109.0,137.0862063102441,152.76348547717842
1,2026-04-09,LABORAL,16:30,110.0,115.58892826391596,126.78008298755186
1,2026-04-09,LABORAL,17:00,91.0,69.55514346044203,75.79741379310344
1,2026-04-09,LABORAL,17:30,16.0,38.8295094149328,39.335443037974684
1,2026-04-10,LABORAL,04:30,113.0,105.00590843227154,127.03305785123968
1,2026-04-10,LABORAL,05:00,124.0,97.03477385598231,124.46473029045643
1,2026-04-10,LABORAL,05:30,139.0,118.48389025141002,142.98760330578511
1,2026-04-10,LABORAL,06:00,131.0,108.7951253803591,145.06198347107437
1,2026-04-10,LABORAL,06:30,93.0,111.39871025753666,133.85477178423236
1,2026-04-10,LABORAL,07:00,152.0,109.6166742163446,132.6818181818182
1,2026-04-10,LABORAL,07:30,98.0,110.38057744759587,137.71074380165288
1,2026-04-10,LABORAL,08:00,187.0,110.48227457343641,135.65145228215766
1,2026-04-10,LABORAL,08:30,81.0,102.71829926411213,138.21576763485479
1,2026-04-10,LABORAL,09:00,162.0,107.0756396514115,136.0124481327801
1,2026-04-10,LABORAL,09:30,144.0,100.26500375381627,123.12809917355372
1,2026-04-10,LABORAL,10:00,90.0,87.93897342303421,104.23140495867769
1,2026-04-10,LABORAL,10:30,87.0,83.6090028959622,97.45867768595042
1,2026-04-10,LABORAL,11:00,99.0,79.36765522145839,95.09917355371901
1,2026-04-10,LABORAL,11:30,100.0,87.75159622902277,101.67355371900827
1,2026-04-10,LABORAL,12:00,134.0,96.65259452250993,112.4504132231405
1,2026-04-10,LABORAL,12:30,88.0,108.9414696433384,136.09128630705393
1,2026-04-10,LABORAL,13:00,132.0,109.51052561270201,136.88429752066116
1,2026-04-10,LABORAL,13:30,162.0,124.80623812016991,146.9214876033058
1,2026-04-10,LABORAL,14:00,172.0,121.76483735576653,152.18333333333334
1,2026-04-10,LABORAL,14:30,205.0,126.61744751484852,158.34297520661158
1,2026-04-10,LABORAL,15:00,101.0,136.25052008088102,179.28925619834712
1,2026-04-10,LABORAL,15:30,211.0,164.92908790915084,182.08298755186723
1,2026-04-10,LABORAL,16:00,104.0,114.4790566897851,153.02489626556016
1,2026-04-10,LABORAL,16:30,165.0,101.97418672921148,126.90041493775934
1,2026-04-10,LABORAL,17:00,56.0,58.19620298770702,75.87931034482759
1,2026-04-11,SABADO,04:30,65.0,86.25431224033754,84.58823529411765
1,2026-04-11,SABADO,05:00,50.0,75.5608520940052,61.13725490196079
1,2026-04-11,SABADO,05:30,87.0,99.07975215030388,98.1923076923077
1,2026-04-11,SABADO,06:00,66.0,91.17328210000288,97.11538461538461
1,2026-04-11,SABADO,06:30,125.0,89.90396316443636,114.4423076923077
1,2026-04-11,SABADO,07:00,104.0,92.36615400641782,103.46153846153847
1,2026-04-11,SABADO,07:30,88.0,95.9095070802914,108.82692307692308
1,2026-04-11,SABADO,08:00,55.0,93.27520900112279,103.32692307692308
1,2026-04-11,SABADO,08:30,59.0,92.6701510096196,101.09615384615384
1,2026-04-11,SABADO,09:00,101.0,95.20326641471388,98.59615384615384
1,2026-04-11,SABADO,09:30,52.0,91.3822330370079,93.98076923076923
1,2026-04-11,SABADO,10:00,123.0,80.82209779231871,91.07692307692308
1,2026-04-11,SABADO,10:30,103.0,88.28382492359722,94.96
1,2026-04-11,SABADO,11:00,63.0,88.34044623552951,99.17307692307692
1,2026-04-11,SABADO,11:30,58.0,83.86368094885316,83.66666666666667
1,2026-04-11,SABADO,12:00,176.0,93.90254767369699,94.52941176470588
1,2026-04-11,SABADO,13:00,57.0,96.92777188756956,77.23404255319149
1,2026-04-11,SABADO,13:30,92.0,88.73580124688826,81.26530612244898
1,2026-04-11,SABADO,14:00,62.0,112.38017605302956,82.34693877551021
1,2026-04-11,SABADO,15:00,69.0,114.18487514095425,76.4
1,2026-04-11,SABADO,15:30,82.0,119.46618167018711,67.6938775510204
1,2026-04-11,SABADO,16:00,44.0,125.42981882393703,58.979166666666664
1,2026-04-11,SABADO,16:30,43.0,156.77939773431478,66.76190476190476
1,2026-04-11,SABADO,17:30,30.0,91.38015970698811,29.157894736842106
1,2026-04-12,DOMINGO,07:30,30.0,28.96089003687105,33.45652173913044
1,2026-04-12,DOMINGO,08:00,28.0,21.772169279129145,35.90243902439025
1,2026-04-12,DOMINGO,09:30,31.0,31.903608607631128,34.857142857142854
1,2026-04-12,DOMINGO,10:30,36.0,58.135086563136255,34.853658536585364
1,2026-04-12,DOMINGO,12:00,36.0,34.87562315653767,36.35897435897436
1,2026-04-12,DOMINGO,13:30,23.0,42.347615211605245,30.86111111111111
1,2026-04-12,DOMINGO,14:30,22.0,42.73001257269205,38.44117647058823
1,2026-04-12,DOMINGO,15:30,37.0,35.57076068739386,36.375
1,2026-04-13,LABORAL,04:30,117.0,124.42423695886202,126.84297520661157
1,2026-04-13,LABORAL,05:00,119.0,109.71673348813225,124.36929460580913
1,2026-04-13,LABORAL,05:30,79.0,137.69893049076433,142.9504132231405
1,2026-04-13,LABORAL,06:00,138.0,143.4109831314446,144.8388429752066
1,2026-04-13,LABORAL,06:30,215.0,130.41231586558357,133.86721991701245
1,2026-04-13,LABORAL,07:00,78.0,138.22723980806907,132.74380165289256
1,2026-04-13,LABORAL,07:30,206.0,144.22414385998843,137.54132231404958
1,2026-04-13,LABORAL,08:00,48.0,132.07723863730104,135.59751037344398
1,2026-04-13,LABORAL,08:30,132.0,140.00676552991976,137.56016597510373
1,2026-04-13,LABORAL,09:00,151.0,135.7709884872479,136.36514522821577
1,2026-04-13,LABORAL,09:30,100.0,117.29958617673925,123.19421487603306
1,2026-04-13,LABORAL,10:00,85.0,109.2285783016188,104.02066115702479
1,2026-04-13,LABORAL,10:30,74.0,92.04500151591604,97.18595041322314
1,2026-04-13,LABORAL,11:00,95.0,95.90440214780894,95.07851239669421
1,2026-04-13,LABORAL,11:30,118.0,102.68369126337059,101.84297520661157
1,2026-04-13,LABORAL,12:00,86.0,114.635823204717,112.2892561983471
1,2026-04-13,LABORAL,12:30,99.0,130.58273064273558,135.95850622406638
1,2026-04-13,LABORAL,13:00,139.0,129.08863204151447,136.65702479338842
1,2026-04-13,LABORAL,13:30,115.0,152.21385157422236,147.03305785123968
1,2026-04-13,LABORAL,14:00,189.0,142.2028633723522,152.2375
1,2026-04-13,LABORAL,14:30,80.0,141.93389514351855,158.37190082644628
1,2026-04-13,LABORAL,15:00,211.0,172.93685011240302,178.95867768595042
1,2026-04-13,LABORAL,15:30,176.0,167.0244873852788,182.11618257261412
1,2026-04-13,LABORAL,16:00,104.0,158.4031337165395,152.8298755186722
1,2026-04-13,LABORAL,16:30,131.0,113.220701537113,126.90041493775934
1,2026-04-13,LABORAL,17:00,76.0,73.4499048444833,75.65086206896552
1,2026-04-13,LABORAL,17:30,26.0,30.314386213504704,39.00636942675159
1,2026-04-14,LABORAL,04:30,71.0,122.8230749642027,126.89669421487604
1,2026-04-14,LABORAL,05:00,157.0,119.42679055069038,124.24896265560166
1,2026-04-14,LABORAL,05:30,129.0,136.20897294297384,142.93801652892563
1,2026-04-14,LABORAL,06:00,151.0,132.55004750690688,144.62809917355372
1,2026-04-14,LABORAL,06:30,89.0,111.48487851508703,134.2448132780083
1,2026-04-14,LABORAL,07:00,130.0,142.1752286536633,132.6198347107438
1,2026-04-14,LABORAL,07:30,179.0,132.21621119363206,137.50413223140495
1,2026-04-14,LABORAL,08:00,144.0,133.87549282076534,135.28215767634856
1,2026-04-14,LABORAL,08:30,88.0,128.4177831248033,137.49377593360995
1,2026-04-14,LABORAL,09:00,144.0,132.30919002857897,136.54771784232366
1,2026-04-14,LABORAL,09:30,130.0,128.85216994356375,123.01652892561984
1,2026-04-14,LABORAL,10:00,67.0,90.0068823767429,103.82644628099173
1,2026-04-14,LABORAL,10:30,141.0,105.25243221147791,97.15702479338843
1,2026-04-14,LABORAL,11:00,103.0,86.81685042861378,95.14049586776859
1,2026-04-14,LABORAL,11:30,88.0,96.4974191049266,102.0909090909091
1,2026-04-14,LABORAL,12:00,146.0,87.14967292158838,112.33471074380165
1,2026-04-14,LABORAL,12:30,143.0,141.37967714792018,135.71784232365144
1,2026-04-14,LABORAL,13:00,180.0,115.16709803166007,135.5909090909091
1,2026-04-14,LABORAL,13:30,62.0,136.3699129179198,146.78512396694214
1,2026-04-14,LABORAL,14:00,114.0,145.88653693735588,152.38333333333333
1,2026-04-14,LABORAL,14:30,186.0,125.36221828873346,157.78512396694214
1,2026-04-14,LABORAL,15:00,131.0,166.5300482319371,179.59504132231405
1,2026-04-14,LABORAL,15:30,107.0,169.33843280503064,181.8174273858921
1,2026-04-14,LABORAL,16:00,136.0,141.29778157559286,152.56846473029046
1,2026-04-14,LABORAL,16:30,110.0,116.30669061562028,126.87136929460581
1,2026-04-14,LABORAL,17:00,46.0,50.167214593912064,75.61206896551724
1,2026-04-15,LABORAL,04:30,76.0,102.21813015684461,126.63223140495867
1,2026-04-15,LABORAL,05:00,81.0,122.1904258135815,124.31535269709543
1,2026-04-15,LABORAL,05:30,157.0,126.01685486863957,142.9793388429752
1,2026-04-15,LABORAL,06:00,128.0,118.89985027740687,144.6198347107438
1,2026-04-15,LABORAL,06:30,99.0,124.16219746630857,134.02904564315352
1,2026-04-15,LABORAL,07:00,131.0,131.0505203122683,132.82644628099175
1,2026-04-15,LABORAL,07:30,126.0,126.53403345783545,137.4090909090909
1,2026-04-15,LABORAL,08:00,93.0,125.93837043662501,135.46473029045643
1,2026-04-15,LABORAL,08:30,224.0,122.13709685323178,137.13278008298755
1,2026-04-15,LABORAL,09:00,124.0,131.29512919265989,136.63070539419087
1,2026-04-15,LABORAL,09:30,114.0,108.65528943861344,123.04132231404958
1,2026-04-15,LABORAL,10:00,59.0,93.7522750242403,103.61570247933884
1,2026-04-15,LABORAL,10:30,76.0,91.1667130607897,97.38429752066116
1,2026-04-15,LABORAL,11:00,95.0,77.58366016924028,95.39256198347107
1,2026-04-15,LABORAL,11:30,78.0,96.68586271831856,101.82644628099173
1,2026-04-15,LABORAL,12:00,79.0,98.40697346711987,112.71900826446281
1,2026-04-15,LABORAL,12:30,102.0,118.32471696720489,135.7219917012448
1,2026-04-15,LABORAL,13:00,116.0,130.3991530913528,135.84710743801654
1,2026-04-15,LABORAL,13:30,162.0,126.61482517385525,146.58264462809916
1,2026-04-15,LABORAL,14:00,119.0,141.34022988620646,152.22083333333333
1,2026-04-15,LABORAL,14:30,58.0,153.49844616283002,157.61570247933884
1,2026-04-15,LABORAL,15:00,138.0,158.3052302782266,179.45867768595042
1,2026-04-15,LABORAL,15:30,176.0,165.76768389310536,181.78008298755188
1,2026-04-15,LABORAL,16:00,89.0,137.683119180981,152.49377593360995
1,2026-04-15,LABORAL,16:30,75.0,109.2232766441443,126.85892116182572
1,2026-04-15,LABORAL,17:00,46.0,59.274240724151056,75.1896551724138
1,2026-04-16,LABORAL,04:30,123.0,89.40953143102564,126.45454545454545
1,2026-04-16,LABORAL,05:00,49.0,111.10588778786472,124.14107883817428
1,2026-04-16,LABORAL,05:30,181.0,110.47016463567286,142.9917355371901
1,2026-04-16,LABORAL,06:00,34.0,102.55742403860128,144.55785123966942
1,2026-04-16,LABORAL,06:30,162.0,114.78964259808912,133.87551867219918
1,2026-04-16,LABORAL,07:00,96.0,116.3836656558966,132.91322314049586
1,2026-04-16,LABORAL,07:30,136.0,107.51746254742278,137.12396694214877
1,2026-04-16,LABORAL,08:00,142.0,115.86815183969954,135.43983402489627
1,2026-04-16,LABORAL,08:30,107.0,106.3963232579913,137.57261410788382
1,2026-04-16,LABORAL,09:00,115.0,115.52620256257836,136.69294605809128
1,2026-04-16,LABORAL,09:30,70.0,95.68976731275438,122.98760330578513
1,2026-04-16,LABORAL,10:00,140.0,93.34048141552401,103.5
1,2026-04-16,LABORAL,10:30,85.0,75.83284731569032,97.26446280991736
1,2026-04-16,LABORAL,11:00,40.0,68.14972680544804,95.4504132231405
1,2026-04-16,LABORAL,11:30,116.0,90.27488524554872,101.75206611570248
1,2026-04-16,LABORAL,12:00,115.0,93.28942049774858,112.90082644628099
1,2026-04-16,LABORAL,12:30,115.0,114.05733578121601,135.9875518672199
1,2026-04-16,LABORAL,13:00,108.0,121.83724967033821,135.94628099173553
1,2026-04-16,LABORAL,13:30,160.0,115.28165385777815,146.63223140495867
1,2026-04-16,LABORAL,14:00,117.0,129.45131893725625,152.12916666666666
1,2026-04-16,LABORAL,14:30,192.0,150.22554759583863,157.01652892561984
1,2026-04-16,LABORAL,15:00,145.0,148.1437971547752,179.26859504132233
1,2026-04-16,LABORAL,15:30,60.0,146.9270924419144,181.8091286307054
1,2026-04-16,LABORAL,16:00,207.0,120.49621696232501,152.18672199170123
1,2026-04-16,LABORAL,16:30,82.0,101.47974766765236,126.74273858921161
1,2026-04-17,LABORAL,04:30,136.0,108.4050352445886,126.440329218107
1,2026-04-17,LABORAL,05:00,100.0,99.07751807909595,123.8305785123967
1,2026-04-17,LABORAL,05:30,124.0,120.73280901004567,143.14814814814815
1,2026-04-17,LABORAL,06:00,166.0,117.31816736601877,144.10288065843622
1,2026-04-17,LABORAL,06:30,144.0,121.70571313059837,133.9917355371901
1,2026-04-17,LABORAL,07:30,137.0,119.99939511747168,137.119341563786
1,2026-04-17,LABORAL,08:00,172.0,117.91162240540834,135.46694214876032
1,2026-04-17,LABORAL,08:30,105.0,115.37851798299276,137.44628099173553
1,2026-04-17,LABORAL,09:00,180.0,114.21364058076897,136.60330578512398
1,2026-04-17,LABORAL,09:30,69.0,113.34947670400891,122.76954732510288
1,2026-04-17,LABORAL,10:00,102.0,102.60292024388812,103.65020576131687
1,2026-04-17,LABORAL,10:30,49.0,95.1007274616538,97.21399176954732
1,2026-04-17,LABORAL,11:00,148.0,81.67111244574919,95.22222222222223
1,2026-04-17,LABORAL,11:30,88.0,80.17507156926045,101.81069958847736
1,2026-04-17,LABORAL,12:00,122.0,89.3462877665004,112.90946502057614
1,2026-04-17,LABORAL,12:30,110.0,97.9457784446794,135.900826446281
1,2026-04-17,LABORAL,13:00,153.0,116.54904486105711,135.8312757201646
1,2026-04-17,LABORAL,13:30,107.0,117.9122251278538,146.6872427983539
1,2026-04-17,LABORAL,14:00,104.0,115.83608364265163,151.98340248962654
1,2026-04-17,LABORAL,14:30,185.0,116.45669031104033,157.1604938271605
1,2026-04-17,LABORAL,15:00,65.0,126.15204328087468,179.1275720164609
1,2026-04-17,LABORAL,15:30,163.0,133.07500343853937,181.30578512396696
1,2026-04-17,LABORAL,16:00,177.0,147.5567572415233,152.41322314049586
1,2026-04-17,LABORAL,16:30,140.0,111.20358764689448,126.55785123966942
1,2026-04-17,LABORAL,17:00,72.0,92.0882831835963,75.17241379310344
1,2026-04-18,SABADO,04:30,63.0,75.25086309987196,83.17647058823529
1,2026-04-18,SABADO,05:00,54.0,62.43744842144004,61.333333333333336
1,2026-04-18,SABADO,05:30,103.0,86.07739010369258,97.96153846153847
1,2026-04-18,SABADO,06:00,77.0,88.81452259287204,96.4423076923077
1,2026-04-18,SABADO,06:30,86.0,92.1832441915372,113.07692307692308
1,2026-04-18,SABADO,07:00,90.0,91.67112166071044,102.78846153846153
1,2026-04-18,SABADO,07:30,83.0,91.12726651826831,108.17307692307692
1,2026-04-18,SABADO,08:00,103.0,89.52032100047694,102.46153846153847
1,2026-04-18,SABADO,08:30,91.0,85.75897537380051,100.21153846153847
1,2026-04-18,SABADO,09:00,95.0,83.28229132724896,98.13461538461539
1,2026-04-18,SABADO,09:30,96.0,77.08692988546414,92.8076923076923
1,2026-04-18,SABADO,10:00,90.0,75.32927521320158,91.5576923076923
1,2026-04-18,SABADO,10:30,84.0,72.44291325420724,95.68
1,2026-04-18,SABADO,11:00,95.0,72.85069327554285,96.07692307692308
1,2026-04-18,SABADO,11:30,50.0,65.90689233024305,84.2156862745098
1,2026-04-18,SABADO,12:00,97.0,78.58671399074059,95.66666666666667
1,2026-04-18,SABADO,12:30,58.0,82.04423422707043,97.65306122448979
1,2026-04-18,SABADO,13:00,72.0,75.7652921510098,77.59574468085107
1,2026-04-18,SABADO,13:30,76.0,73.9404530912779,80.61224489795919
1,2026-04-18,SABADO,14:00,39.0,75.29435018593075,81.81632653061224
1,2026-04-18,SABADO,14:30,40.0,75.3108485900382,71.46
1,2026-04-18,SABADO,15:00,61.0,76.31363742607134,77.0
1,2026-04-18,SABADO,15:30,44.0,100.5639610006103,66.85714285714286
1,2026-04-18,SABADO,16:00,39.0,46.61719320959206,58.416666666666664
1,2026-04-18,SABADO,17:00,47.0,49.416801273149034,40.10344827586207
1,2026-04-18,SABADO,17:30,23.0,31.479185955058583,29.68421052631579
1,2026-04-19,DOMINGO,06:30,14.0,29.453616263689256,37.2
1,2026-04-19,DOMINGO,07:30,25.0,33.43507586923714,33.08695652173913
1,2026-04-19,DOMINGO,08:00,57.0,32.939097076073494,36.073170731707314
1,2026-04-19,DOMINGO,08:30,30.0,35.4864868121805,43.81818181818182
1,2026-04-19,DOMINGO,09:00,19.0,31.005247272101485,41.55263157894737
1,2026-04-19,DOMINGO,10:00,26.0,30.670045278825498,35.02173913043478
1,2026-04-19,DOMINGO,11:00,34.0,30.192689527260967,37.83783783783784
1,2026-04-19,DOMINGO,12:00,40.0,31.46007679663586,36.43589743589744
1,2026-04-19,DOMINGO,12:30,15.0,33.81194372921415,39.37837837837838
1,2026-04-19,DOMINGO,13:00,16.0,32.195604028998986,32.09090909090909
1,2026-04-19,DOMINGO,14:00,27.0,27.03894120999179,32.72727272727273
1,2026-04-19,DOMINGO,14:30,60.0,33.45239147127192,38.0
1,2026-04-19,DOMINGO,16:00,35.0,32.13160964564095,33.73913043478261
1,2026-04-20,LABORAL,04:30,86.0,124.41984142795452,126.47950819672131
1,2026-04-20,LABORAL,05:00,119.0,113.4418003488584,123.73251028806584
1,2026-04-20,LABORAL,05:30,195.0,137.06683347662369,143.06967213114754
1,2026-04-20,LABORAL,06:00,185.0,148.29518695332192,144.19262295081967
1,2026-04-20,LABORAL,06:30,126.0,132.0690277828034,134.03292181069958
1,2026-04-20,LABORAL,07:00,74.0,138.0701932325395,132.76131687242798
1,2026-04-20,LABORAL,07:30,137.0,147.5000089115843,137.11885245901638
1,2026-04-20,LABORAL,08:00,149.0,134.20142345290208,135.6172839506173
1,2026-04-20,LABORAL,08:30,134.0,146.68045382927954,137.3127572016461
1,2026-04-20,LABORAL,09:00,128.0,143.25897848193452,136.78189300411523
1,2026-04-20,LABORAL,09:30,121.0,120.51699534851697,122.54918032786885
1,2026-04-20,LABORAL,10:00,106.0,104.80870942136717,103.64344262295081
1,2026-04-20,LABORAL,10:30,72.0,92.1940075339181,97.01639344262296
1,2026-04-20,LABORAL,11:00,21.0,97.33422705280657,95.43852459016394
1,2026-04-20,LABORAL,11:30,108.0,104.19895060120642,101.75409836065573
1,2026-04-20,LABORAL,12:00,120.0,119.56671375721479,112.94672131147541
1,2026-04-20,LABORAL,12:30,89.0,136.7268877288037,135.79423868312756
1,2026-04-20,LABORAL,13:00,143.0,136.4427320753985,135.9016393442623
1,2026-04-20,LABORAL,13:30,97.0,157.56729569404067,146.52459016393442
1,2026-04-20,LABORAL,14:00,172.0,149.5296114284952,151.78512396694214
1,2026-04-20,LABORAL,14:30,206.0,144.49420743775514,157.27459016393442
1,2026-04-20,LABORAL,15:00,59.0,181.07191850015698,178.65983606557376
1,2026-04-20,LABORAL,15:30,226.0,175.06900522044307,181.23045267489712
1,2026-04-20,LABORAL,16:00,126.0,160.15875451828228,152.51440329218107
1,2026-04-20,LABORAL,16:30,80.0,123.10442538475495,126.61316872427983
1,2026-04-20,LABORAL,17:00,71.0,76.97612917851319,75.1587982832618
1,2026-04-21,LABORAL,04:30,79.0,112.61390179578873,126.26229508196721
1,2026-04-21,LABORAL,05:00,165.0,117.58484658915742,123.55555555555556
1,2026-04-21,LABORAL,05:30,168.0,130.47290419711868,143.20901639344262
1,2026-04-21,LABORAL,06:00,53.0,129.20165351297064,144.40573770491804
1,2026-04-21,LABORAL,06:30,183.0,121.94659044617916,134.0082304526749
1,2026-04-21,LABORAL,07:00,77.0,138.1403341881344,132.41152263374485
1,2026-04-21,LABORAL,07:30,164.0,131.87846903512576,137.05737704918033
1,2026-04-21,LABORAL,08:00,191.0,131.80254824534344,135.67078189300412
1,2026-04-21,LABORAL,08:30,88.0,129.61351450075807,137.64609053497944
1,2026-04-21,LABORAL,09:00,118.0,131.47404866458828,136.74074074074073
1,2026-04-21,LABORAL,09:30,144.0,120.34589613899723,122.47540983606558
1,2026-04-21,LABORAL,10:00,27.0,87.21334702731852,103.68442622950819
1,2026-04-21,LABORAL,10:30,96.0,106.23993421570535,96.84016393442623
1,2026-04-21,LABORAL,11:00,177.0,85.46819669533912,95.03688524590164
1,2026-04-21,LABORAL,11:30,48.0,93.273179152612,101.77049180327869
1,2026-04-21,LABORAL,12:00,74.0,91.04566710659374,113.11065573770492
1,2026-04-21,LABORAL,12:30,130.0,131.0573661185185,135.3991769547325
1,2026-04-21,LABORAL,13:00,107.0,113.66874634867766,135.90573770491804
1,2026-04-21,LABORAL,13:30,67.0,131.30837921976115,146.39754098360655
1,2026-04-21,LABORAL,14:00,222.0,139.54863140210284,151.60743801652893
1,2026-04-21,LABORAL,14:30,146.0,127.72091322371746,157.50819672131146
1,2026-04-21,LABORAL,15:00,129.0,159.54257544166103,177.94262295081967
1,2026-04-21,LABORAL,15:30,169.0,162.519080895927,181.8641975308642
1,2026-04-21,LABORAL,16:00,214.0,130.4584666545096,152.19341563786008
1,2026-04-21,LABORAL,16:30,38.0,107.03869094134915,126.19753086419753
1,2026-04-21,LABORAL,17:00,44.0,53.11713184683451,74.95708154506438
1,2026-04-21,LABORAL,17:30,47.0,34.86135557802261,38.90909090909091
1,2026-04-22,LABORAL,04:30,123.0,107.30921731533674,125.95901639344262
1,2026-04-22,LABORAL,05:00,112.0,121.88114023522023,123.60493827160494
1,2026-04-22,LABORAL,05:30,144.0,127.5634599523872,143.20901639344262
1,2026-04-22,LABORAL,06:00,115.0,124.12215374095024,143.75819672131146
1,2026-04-22,LABORAL,06:30,123.0,121.73645753581513,134.1769547325103
1,2026-04-22,LABORAL,07:00,147.0,131.34413072250237,132.119341563786
1,2026-04-22,LABORAL,07:30,93.0,125.72733468685065,137.00819672131146
1,2026-04-22,LABORAL,08:00,169.0,131.13472566900649,136.0164609053498
1,2026-04-22,LABORAL,08:30,96.0,120.77680888300117,137.7037037037037
1,2026-04-22,LABORAL,09:00,92.0,129.3412814645778,136.69135802469137
1,2026-04-22,LABORAL,09:30,161.0,114.79219797256216,122.37295081967213
1,2026-04-22,LABORAL,10:00,63.0,88.49693304953897,103.4139344262295
1,2026-04-22,LABORAL,10:30,89.0,91.43260564679416,96.56967213114754
1,2026-04-22,LABORAL,11:00,69.0,78.8728805387427,95.38934426229508
1,2026-04-22,LABORAL,11:30,129.0,93.34837998503991,101.49590163934427
1,2026-04-22,LABORAL,12:00,76.0,92.40292855555953,113.1188524590164
1,2026-04-22,LABORAL,12:30,122.0,129.95650777794762,135.40740740740742
1,2026-04-22,LABORAL,13:00,211.0,124.71553111184441,135.54918032786884
1,2026-04-22,LABORAL,13:30,107.0,126.35528805909595,145.99590163934425
1,2026-04-22,LABORAL,15:00,51.0,141.23665665336023,177.5983606557377
1,2026-04-22,LABORAL,15:30,202.0,145.06708474847323,181.66255144032922
1,2026-04-22,LABORAL,16:00,111.0,164.0454361416487,152.46913580246914
1,2026-04-22,LABORAL,16:30,127.0,170.39044246498446,125.90534979423869
1,2026-04-22,LABORAL,17:00,87.0,136.38029161069818,74.61802575107296
1,2026-04-23,LABORAL,04:30,122.0,102.53860079685889,125.71311475409836
1,2026-04-23,LABORAL,05:00,118.0,118.33204295314371,123.64609053497942
1,2026-04-23,LABORAL,05:30,133.0,118.20174800633372,143.25
1,2026-04-23,LABORAL,06:00,124.0,121.01630450392435,143.50409836065575
1,2026-04-23,LABORAL,06:30,82.0,131.1090903266788,134.18930041152262
1,2026-04-23,LABORAL,07:00,124.0,121.20474766818033,132.20576131687244
1,2026-04-23,LABORAL,07:30,159.0,117.2973953703057,136.84426229508196
1,2026-04-23,LABORAL,08:00,124.0,120.83050077629032,136.0411522633745
1,2026-04-23,LABORAL,08:30,117.0,116.2096529697713,137.43621399176953
1,2026-04-23,LABORAL,09:00,100.0,132.55254370252965,136.54320987654322
1,2026-04-23,LABORAL,09:30,55.0,93.43052835884784,122.43442622950819
1,2026-04-23,LABORAL,10:00,96.0,97.5434825534301,103.18442622950819
1,2026-04-23,LABORAL,10:30,102.0,79.35367617408932,96.63524590163935
1,2026-04-23,LABORAL,11:00,81.0,71.80028697782313,95.06557377049181
1,2026-04-23,LABORAL,11:30,92.0,101.78690888107275,101.77868852459017
1,2026-04-23,LABORAL,12:00,128.0,96.0699282665538,112.82377049180327
1,2026-04-23,LABORAL,12:30,51.0,109.91542788528113,135.34567901234567
1,2026-04-23,LABORAL,13:00,108.0,137.4319736908989,135.99180327868854
1,2026-04-23,LABORAL,13:30,94.0,131.1869772520468,145.85245901639345
1,2026-04-23,LABORAL,14:00,106.0,133.86857941279888,152.13278008298755
1,2026-04-23,LABORAL,14:30,40.0,177.03680720047248,157.2716049382716
1,2026-04-23,LABORAL,15:00,85.0,160.69847262857186,177.00819672131146
1,2026-04-23,LABORAL,16:30,38.0,171.21764678714646,125.80658436213992
1,2026-04-24,LABORAL,04:30,133.0,67.75915360388214,125.39754098360656
1,2026-04-24,LABORAL,05:00,111.0,83.18663822940321,123.58847736625515
1,2026-04-24,LABORAL,05:30,131.0,77.8014392468903,143.3237704918033
1,2026-04-24,LABORAL,06:00,86.0,75.67486653074167,143.2704918032787
1,2026-04-24,LABORAL,06:30,152.0,92.17286961502126,134.08641975308643
1,2026-04-24,LABORAL,07:00,119.0,84.48337366982379,132.2716049382716
1,2026-04-24,LABORAL,07:30,136.0,76.11442250365941,137.00819672131146
1,2026-04-24,LABORAL,08:00,143.0,84.19259598706269,136.02880658436214
1,2026-04-24,LABORAL,08:30,121.0,78.4843908342736,137.2551440329218
1,2026-04-24,LABORAL,09:00,82.0,82.75876340763472,136.56378600823047
1,2026-04-24,LABORAL,09:30,82.0,66.62657982753609,122.03688524590164
1,2026-04-24,LABORAL,10:00,109.0,81.22012600814145,103.1639344262295
1,2026-04-24,LABORAL,10:30,97.0,56.59350825102189,96.65163934426229
1,2026-04-24,LABORAL,11:00,122.0,57.54394543343756,94.95081967213115
1,2026-04-24,LABORAL,11:30,78.0,75.71199088871109,101.92622950819673
1,2026-04-24,LABORAL,12:00,117.0,77.06095639431128,112.82786885245902
1,2026-04-24,LABORAL,12:30,94.0,86.3899912673035,134.9506172839506
1,2026-04-24,LABORAL,13:00,82.0,105.65893295641271,136.11065573770492
1,2026-04-24,LABORAL,13:30,172.0,90.94587798757581,145.3237704918033
1,2026-04-24,LABORAL,14:00,128.0,91.30058284452255,152.0622406639004
1,2026-04-24,LABORAL,14:30,160.0,122.99776389131827,156.71604938271605
1,2026-04-24,LABORAL,15:00,204.0,105.93618196715803,177.01639344262296
1,2026-04-24,LABORAL,15:30,124.0,97.91506340692617,181.71074380165288
1,2026-04-24,LABORAL,16:00,141.0,79.86986472457224,152.43801652892563
1,2026-04-24,LABORAL,16:30,93.0,75.99560668535773,125.26748971193416
1,2026-04-25,SABADO,04:30,47.0,71.721574163427,82.92156862745098
1,2026-04-25,SABADO,05:00,105.0,61.51255113792689,61.72549019607843
1,2026-04-25,SABADO,05:30,87.0,86.83385183554444,99.13461538461539
1,2026-04-25,SABADO,06:00,107.0,85.39215974481986,97.09615384615384
1,2026-04-25,SABADO,06:30,122.0,105.08560590507325,113.17307692307692
1,2026-04-25,SABADO,07:00,115.0,96.5802213975144,103.46153846153847
1,2026-04-25,SABADO,07:30,34.0,94.70432973591085,108.1923076923077
1,2026-04-25,SABADO,08:00,124.0,98.89882501705411,103.23076923076923
1,2026-04-25,SABADO,08:30,111.0,94.14143487481851,100.84615384615384
1,2026-04-25,SABADO,09:00,86.0,88.6644499690155,98.90384615384616
1,2026-04-25,SABADO,09:30,43.0,78.88273967645465,93.98076923076923
1,2026-04-25,SABADO,10:00,99.0,78.18587786217913,91.9423076923077
1,2026-04-25,SABADO,10:30,113.0,88.02513434912122,96.44
1,2026-04-25,SABADO,11:00,50.0,82.1473977201108,96.67307692307692
1,2026-04-25,SABADO,11:30,44.0,79.00043039016869,84.09803921568627
1,2026-04-25,SABADO,12:00,77.0,88.48311146614765,95.6923076923077
1,2026-04-25,SABADO,12:30,74.0,85.73356974811131,97.6938775510204
1,2026-04-25,SABADO,13:00,60.0,71.59170898857639,77.91489361702128
1,2026-04-25,SABADO,13:30,81.0,78.28779987164181,81.44897959183673
1,2026-04-25,SABADO,14:00,36.0,73.73035386687023,81.81632653061224
1,2026-04-25,SABADO,14:30,96.0,68.89780462177507,71.6
1,2026-04-25,SABADO,15:00,28.0,69.85554592209401,76.9
1,2026-04-25,SABADO,15:30,37.0,54.7684550841659,67.08163265306122
1,2026-04-25,SABADO,16:00,18.0,49.64314739566736,58.729166666666664
1,2026-04-25,SABADO,16:30,84.0,41.29824057630863,65.39024390243902
1,2026-04-25,SABADO,17:30,26.0,31.228480107302047,29.473684210526315
1,2026-04-26,DOMINGO,07:30,25.0,27.24751344469719,33.21739130434783
1,2026-04-26,DOMINGO,08:00,27.0,26.598103083948118,37.048780487804876
1,2026-04-26,DOMINGO,08:30,12.0,28.257321739788367,43.88636363636363
1,2026-04-26,DOMINGO,10:00,55.0,33.38019841353214,34.608695652173914
1,2026-04-26,DOMINGO,11:00,20.0,33.03855592095316,38.2972972972973
1,2026-04-26,DOMINGO,12:30,30.0,30.976937348264542,38.73684210526316
1,2026-04-26,DOMINGO,13:00,32.0,27.46069392000271,31.151515151515152
1,2026-04-26,DOMINGO,13:30,24.0,33.43209484847874,30.257142857142856
1,2026-04-26,DOMINGO,15:00,27.0,37.457510244197564,34.96666666666667
1,2026-04-27,LABORAL,04:30,69.0,118.63568283988813,125.04918032786885
1,2026-04-27,LABORAL,05:00,137.0,106.99879831565553,123.58024691358025
1,2026-04-27,LABORAL,05:30,124.0,129.41357182597227,143.2827868852459
1,2026-04-27,LABORAL,06:00,129.0,134.9211078562471,143.077868852459
1,2026-04-27,LABORAL,06:30,144.0,127.06305641171181,134.13991769547326
1,2026-04-27,LABORAL,07:00,126.0,130.77545067958943,132.20576131687244
1,2026-04-27,LABORAL,07:30,88.0,134.40399306205117,136.89344262295083
1,2026-04-27,LABORAL,08:00,78.0,131.99703164270673,135.9506172839506
1,2026-04-27,LABORAL,08:30,118.0,128.3127926160171,137.18106995884773
1,2026-04-27,LABORAL,09:00,104.0,131.7016351876061,136.45267489711935
1,2026-04-27,LABORAL,09:30,177.0,113.33445900697977,121.85245901639344
1,2026-04-27,LABORAL,10:00,46.0,105.29150635856085,102.95491803278688
1,2026-04-27,LABORAL,10:30,162.0,86.75296370662039,96.62295081967213
1,2026-04-27,LABORAL,11:00,27.0,92.67455190321682,95.10245901639344
1,2026-04-27,LABORAL,11:30,110.0,100.0185433948335,101.87295081967213
1,2026-04-27,LABORAL,12:00,86.0,114.26553389177508,112.91803278688525
1,2026-04-27,LABORAL,12:30,72.0,124.05490589607595,134.67489711934155
1,2026-04-27,LABORAL,13:00,126.0,118.25979307095342,135.99590163934425
1,2026-04-27,LABORAL,13:30,148.0,148.15830111747619,145.0327868852459
1,2026-04-27,LABORAL,14:00,97.0,138.37956286260072,152.16182572614107
1,2026-04-27,LABORAL,14:30,211.0,130.16579460281616,156.69135802469137
1,2026-04-27,LABORAL,15:00,168.0,169.81819720025655,177.14344262295083
1,2026-04-27,LABORAL,15:30,160.0,155.10227740655284,181.51239669421489
1,2026-04-27,LABORAL,16:00,125.0,149.1222884891073,152.71487603305786
1,2026-04-27,LABORAL,16:30,84.0,103.29575750620872,125.12345679012346
1,2026-04-27,LABORAL,17:00,56.0,71.41968695755813,74.42857142857143
1,2026-04-27,LABORAL,18:00,25.0,27.17204574624921,21.5
1,2026-04-28,LABORAL,04:30,133.0,123.51562545242587,124.61475409836065
1,2026-04-28,LABORAL,05:00,129.0,125.2107250972853,123.4320987654321
1,2026-04-28,LABORAL,05:30,182.0,138.44261200409727,143.05327868852459
1,2026-04-28,LABORAL,06:00,156.0,140.2796446614317,143.0983606557377
1,2026-04-28,LABORAL,06:30,48.0,120.56257847086628,134.46502057613168
1,2026-04-28,LABORAL,07:00,148.0,130.0225704164639,131.9917695473251
1,2026-04-28,LABORAL,07:30,118.0,126.18949239166554,136.74590163934425
1,2026-04-28,LABORAL,08:00,113.0,138.5205847793316,135.67489711934155
1,2026-04-28,LABORAL,08:30,127.0,129.15363850787338,136.85185185185185
1,2026-04-28,LABORAL,09:00,202.0,128.85289593480485,136.50205761316872
1,2026-04-28,LABORAL,09:30,142.0,126.46969216498958,122.0327868852459
1,2026-04-28,LABORAL,10:00,43.0,77.36960926202815,102.67622950819673
1,2026-04-28,LABORAL,10:30,116.0,105.25131585025999,96.49590163934427
1,2026-04-28,LABORAL,11:00,82.0,83.49334887468567,94.70491803278688
1,2026-04-28,LABORAL,11:30,117.0,89.93547559344289,101.92213114754098
1,2026-04-28,LABORAL,12:00,88.0,84.83162153791329,112.85655737704919
1,2026-04-28,LABORAL,12:30,199.0,125.97293179964876,134.52674897119343
1,2026-04-28,LABORAL,13:00,90.0,120.84712405093066,135.8360655737705
1,2026-04-28,LABORAL,13:30,76.0,129.91933858559088,145.11065573770492
1,2026-04-28,LABORAL,14:00,148.0,135.25561801690023,151.45228215767634
1,2026-04-28,LABORAL,14:30,160.0,123.52887159883677,157.40329218106996
1,2026-04-28,LABORAL,15:00,159.0,173.20721766431038,176.69672131147541
1,2026-04-28,LABORAL,15:30,217.0,181.81964903250287,181.50413223140495
1,2026-04-28,LABORAL,16:00,103.0,136.27693597742305,152.52479338842974
1,2026-04-28,LABORAL,16:30,127.0,114.02134505181377,124.69135802469135
1,2026-04-28,LABORAL,17:30,49.0,51.41625702254119,38.7
1,2026-04-29,LABORAL,04:30,73.0,125.77419348307286,124.3811475409836
1,2026-04-29,LABORAL,05:00,128.0,126.42747652895888,123.44444444444444
1,2026-04-29,LABORAL,05:30,132.0,139.08118103190037,143.27868852459017
1,2026-04-29,LABORAL,06:00,127.0,142.5157085459557,143.04918032786884
1,2026-04-29,LABORAL,06:30,129.0,134.29015437608368,134.0781893004115
1,2026-04-29,LABORAL,07:00,108.0,133.4277502273487,131.8312757201646
1,2026-04-29,LABORAL,07:30,147.0,134.18485703448312,136.9795081967213
1,2026-04-29,LABORAL,08:00,134.0,131.96663006326287,135.440329218107
1,2026-04-29,LABORAL,08:30,112.0,132.94803616914143,136.58024691358025
1,2026-04-29,LABORAL,09:00,79.0,136.63446794778207,136.81069958847738
1,2026-04-29,LABORAL,09:30,138.0,121.00178868177127,122.11475409836065
1,2026-04-29,LABORAL,10:00,115.0,100.38795111102822,102.30737704918033
1,2026-04-29,LABORAL,10:30,86.0,96.81906203123422,96.5
1,2026-04-29,LABORAL,11:00,109.0,91.82298810161988,94.59016393442623
1,2026-04-29,LABORAL,11:30,78.0,100.46254753584253,101.72131147540983
1,2026-04-29,LABORAL,12:00,65.0,107.24934264607094,112.82377049180327
1,2026-04-29,LABORAL,12:30,127.0,138.4126784152929,134.74074074074073
1,2026-04-29,LABORAL,13:00,125.0,136.66689785490593,135.827868852459
1,2026-04-29,LABORAL,13:30,110.0,141.36915482089046,144.59016393442624
1,2026-04-29,LABORAL,14:00,179.0,152.15768851946996,151.1908713692946
1,2026-04-29,LABORAL,14:30,156.0,155.08680025148678,157.7530864197531
1,2026-04-29,LABORAL,15:00,220.0,174.02026767954828,176.4344262295082
1,2026-04-29,LABORAL,15:30,140.0,179.69795686302905,181.60743801652893
1,2026-04-29,LABORAL,16:00,138.0,146.31827468800927,152.12396694214877
1,2026-04-29,LABORAL,16:30,57.0,119.11024142564139,124.51851851851852
1,2026-04-29,LABORAL,17:00,76.0,67.33190760136556,74.46521739130435
1,2026-04-30,LABORAL,04:30,80.0,119.63348749762868,124.09016393442623
1,2026-04-30,LABORAL,05:00,114.0,124.0457201970199,123.34156378600824
1,2026-04-30,LABORAL,05:30,161.0,138.43729412257235,143.11065573770492
1,2026-04-30,LABORAL,06:00,143.0,135.35518374235247,142.9877049180328
1,2026-04-30,LABORAL,06:30,141.0,131.72171554580362,134.119341563786
1,2026-04-30,LABORAL,07:00,80.0,134.49673009728437,131.69135802469137
1,2026-04-30,LABORAL,07:30,164.0,129.93038997145462,136.97540983606558
1,2026-04-30,LABORAL,08:00,122.0,124.26580077238087,135.38683127572017
1,2026-04-30,LABORAL,08:30,217.0,127.39563022027457,136.48559670781893
1,2026-04-30,LABORAL,09:00,67.0,134.01532400575434,136.58024691358025
1,2026-04-30,LABORAL,09:30,178.0,114.18527290122071,122.16803278688525
1,2026-04-30,LABORAL,10:00,66.0,101.4641882226432,102.24180327868852
1,2026-04-30,LABORAL,10:30,86.0,88.82107679629593,96.54508196721312
1,2026-04-30,LABORAL,11:00,100.0,82.36464132072284,94.29918032786885
1,2026-04-30,LABORAL,11:30,125.0,98.84637033540196,101.37295081967213
1,2026-04-30,LABORAL,12:30,235.0,107.49226872900554,134.5514403292181
1,2026-04-30,LABORAL,13:00,90.0,130.62625290624374,135.84016393442624
1,2026-04-30,LABORAL,13:30,228.0,138.63834175045235,144.0327868852459
1,2026-04-30,LABORAL,14:00,104.0,139.93997187122747,151.2780082987552
1,2026-04-30,LABORAL,14:30,177.0,147.73866408396668,157.4320987654321
1,2026-04-30,LABORAL,15:00,194.0,161.48960463821538,176.88934426229508
1,2026-04-30,LABORAL,15:30,161.0,174.32589873301924,181.34297520661158
1,2026-04-30,LABORAL,16:00,52.0,178.6257680569779,151.68595041322314
1,2026-04-30,LABORAL,16:30,47.0,145.15300304022082,124.33333333333333
1,2026-04-30,LABORAL,17:00,105.0,116.78176217249933,74.05652173913043
1,2026-05-01,FESTIVO,07:00,15.0,66.0982854867797,47.333333333333336
1,2026-05-01,FESTIVO,07:30,56.0,64.7213584659948,16.5
1,2026-05-01,FESTIVO,08:00,21.0,77.22660700140781,24.8
1,2026-05-01,FESTIVO,08:30,24.0,78.0205199664062,36.25
1,2026-05-01,FESTIVO,09:00,52.0,77.70542271934082,21.75
1,2026-05-01,FESTIVO,09:30,32.0,69.87096454527165,26.5
1,2026-05-01,FESTIVO,10:00,21.0,67.93290213475163,25.5
1,2026-05-01,FESTIVO,10:30,73.0,68.68760179828865,30.75
1,2026-05-01,FESTIVO,11:00,32.0,76.15305991597134,30.75
1,2026-05-01,FESTIVO,11:30,47.0,82.070657980424,28.0
1,2026-05-01,FESTIVO,12:00,23.0,58.68765422657793,22.666666666666668
1,2026-05-01,FESTIVO,12:30,27.0,63.712678926290984,30.0
1,2026-05-01,FESTIVO,13:30,37.0,52.341853515047596,35.5
1,2026-05-01,FESTIVO,14:00,33.0,63.57532916992128,26.0
1,2026-05-01,FESTIVO,14:30,37.0,72.80279788343289,33.666666666666664
1,2026-05-01,FESTIVO,15:00,64.0,75.1044716571189,23.0
1,2026-05-01,FESTIVO,16:00,30.0,74.44314213822271,36.0
1,2026-05-02,SABADO,04:30,56.0,57.75431459986051,81.37254901960785
1,2026-05-02,SABADO,05:00,97.0,47.05600068639312,63.01960784313726
1,2026-05-02,SABADO,05:30,65.0,59.39912659822683,99.0
1,2026-05-02,SABADO,06:00,83.0,68.65573187104093,97.13461538461539
1,2026-05-02,SABADO,06:30,72.0,66.11941382644514,112.59615384615384
1,2026-05-02,SABADO,07:00,105.0,60.39108868178278,103.75
1,2026-05-02,SABADO,07:30,39.0,66.91629455375136,105.88461538461539
1,2026-05-02,SABADO,08:00,109.0,64.38506092100937,103.8076923076923
1,2026-05-02,SABADO,08:30,111.0,70.44064942703031,101.73076923076923
1,2026-05-02,SABADO,09:00,164.0,66.5823938277616,99.0576923076923
1,2026-05-02,SABADO,09:30,32.0,50.459673026969625,92.9423076923077
1,2026-05-02,SABADO,10:00,29.0,67.30749574387494,91.51923076923077
1,2026-05-02,SABADO,10:30,115.0,37.282763910789555,96.52
1,2026-05-02,SABADO,11:00,86.0,56.17600645448021,95.01923076923077
1,2026-05-02,SABADO,11:30,76.0,64.07115803477194,83.94117647058823
1,2026-05-02,SABADO,12:00,74.0,72.03313104530477,95.34615384615384
1,2026-05-02,SABADO,12:30,86.0,67.82950700536543,96.61224489795919
1,2026-05-02,SABADO,13:00,39.0,66.69590229027183,77.27659574468085
1,2026-05-02,SABADO,13:30,72.0,69.70960564047446,81.14285714285714
1,2026-05-02,SABADO,14:00,60.0,75.14538496930342,80.53061224489795
1,2026-05-02,SABADO,14:30,79.0,71.97977171490645,71.58
1,2026-05-02,SABADO,15:00,51.0,83.73860628975618,75.54
1,2026-05-02,SABADO,15:30,80.0,60.083667547321504,66.46938775510205
1,2026-05-02,SABADO,16:00,29.0,57.462181634458716,57.6875
1,2026-05-02,SABADO,16:30,62.0,42.73028089496623,64.73170731707317
1,2026-05-02,SABADO,17:00,29.0,45.58046054075628,41.51724137931034
1,2026-05-05,LABORAL,04:30,132.0,108.85411089421251,123.38524590163935
1,2026-05-05,LABORAL,05:00,163.0,120.67461688330046,123.36625514403292
1,2026-05-05,LABORAL,05:30,95.0,130.42750772998536,143.05327868852459
1,2026-05-05,LABORAL,06:00,96.0,131.26957499034657,142.6762295081967
1,2026-05-05,LABORAL,06:30,173.0,134.05255611862773,133.59670781893004
1,2026-05-05,LABORAL,07:00,61.0,134.24124145754703,131.0576131687243
1,2026-05-05,LABORAL,07:30,154.0,126.33965566825144,136.47131147540983
1,2026-05-05,LABORAL,08:00,123.0,130.43524900029695,135.21399176954733
1,2026-05-05,LABORAL,08:30,229.0,120.7387356232383,136.47736625514403
1,2026-05-05,LABORAL,09:00,115.0,141.9201123426483,136.49382716049382
1,2026-05-05,LABORAL,09:30,154.0,114.58347174040327,121.95491803278688
1,2026-05-05,LABORAL,10:00,101.0,87.95922538305763,102.14344262295081
1,2026-05-05,LABORAL,11:00,132.0,102.09671751520389,94.15983606557377
1,2026-05-05,LABORAL,11:30,94.0,88.01365683398484,101.24180327868852
1,2026-05-05,LABORAL,12:00,172.0,91.73657054263617,112.559670781893
1,2026-05-05,LABORAL,12:30,112.0,85.47786684834574,134.98765432098764
1,2026-05-05,LABORAL,13:00,90.0,105.87519738996275,135.20081967213116
1,2026-05-05,LABORAL,13:30,173.0,121.73977239808296,144.12704918032787
1,2026-05-05,LABORAL,14:00,115.0,130.6584236563631,150.448132780083
1,2026-05-05,LABORAL,14:30,140.0,133.53974095398408,157.02880658436214
1,2026-05-05,LABORAL,15:00,181.0,137.588487155637,176.90573770491804
1,2026-05-05,LABORAL,15:30,199.0,162.72924620294242,181.04132231404958
1,2026-05-05,LABORAL,16:00,156.0,172.86169868293808,151.09504132231405
1,2026-05-05,LABORAL,16:30,153.0,129.61743127315012,123.4074074074074
1,2026-05-05,LABORAL,17:00,36.0,104.9416993541097,74.22173913043478
1,2026-05-06,LABORAL,04:30,124.0,128.05715303783714,123.32377049180327
1,2026-05-06,LABORAL,05:00,91.0,125.24480505187722,123.20164609053498
1,2026-05-06,LABORAL,05:30,155.0,152.87256793751135,142.91803278688525
1,2026-05-06,LABORAL,06:00,107.0,140.42354056792496,142.25409836065575
1,2026-05-06,LABORAL,06:30,123.0,140.55626270872756,133.67489711934155
1,2026-05-06,LABORAL,07:00,96.0,128.96575374770683,130.7283950617284
1,2026-05-06,LABORAL,07:30,173.0,139.1254589333477,136.45491803278688
1,2026-05-06,LABORAL,08:00,123.0,129.6717123957909,135.03703703703704
1,2026-05-06,LABORAL,08:30,150.0,138.75244383536267,136.559670781893
1,2026-05-06,LABORAL,09:00,92.0,142.40194127405695,136.30864197530863
1,2026-05-06,LABORAL,09:30,30.0,118.76354843552019,121.9139344262295
1,2026-05-06,LABORAL,10:00,32.0,97.27734868929468,102.13524590163935
1,2026-05-06,LABORAL,10:30,57.0,94.77896107494124,95.81893004115226
1,2026-05-06,LABORAL,11:00,79.0,86.77146007825041,94.25
1,2026-05-06,LABORAL,11:30,117.0,96.20280408733481,101.06147540983606
1,2026-05-06,LABORAL,12:00,166.0,111.9235446208042,112.79012345679013
1,2026-05-06,LABORAL,12:30,64.0,119.37388893242978,134.8230452674897
1,2026-05-06,LABORAL,13:00,109.0,148.54915577307526,134.8360655737705
1,2026-05-06,LABORAL,13:30,157.0,137.85861750741788,144.172131147541
1,2026-05-06,LABORAL,14:00,198.0,147.91098807656164,150.05394190871368
1,2026-05-06,LABORAL,14:30,74.0,162.63283217251825,156.91358024691357
1,2026-05-06,LABORAL,15:00,137.0,180.5107220327504,177.03688524590163
1,2026-05-06,LABORAL,16:00,97.0,193.11683976191085,150.95867768595042
1,2026-05-06,LABORAL,16:30,81.0,158.89976119143333,123.44444444444444
1,2026-05-06,LABORAL,17:00,58.0,122.70164725572947,73.86521739130434
1,2026-05-07,LABORAL,04:30,111.0,90.4673315971578,123.15983606557377
1,2026-05-07,LABORAL,05:00,67.0,107.25052181027802,122.97942386831275
1,2026-05-07,LABORAL,05:30,166.0,129.22896777478923,142.9139344262295
1,2026-05-07,LABORAL,06:00,100.0,99.5017355167892,142.06967213114754
1,2026-05-07,LABORAL,06:30,131.0,110.46951436884619,133.65020576131687
1,2026-05-07,LABORAL,07:00,84.0,104.1078041589539,130.3827160493827
1,2026-05-07,LABORAL,07:30,113.0,98.76726411379947,136.422131147541
1,2026-05-07,LABORAL,08:00,134.0,116.43602109463922,135.06584362139918
1,2026-05-07,LABORAL,08:30,151.0,104.88445737531539,136.49382716049382
1,2026-05-07,LABORAL,09:00,117.0,109.11526511735276,136.2633744855967
1,2026-05-07,LABORAL,09:30,75.0,87.541141740099,121.22131147540983
1,2026-05-07,LABORAL,10:00,113.0,105.10937506901651,102.01639344262296
1,2026-05-07,LABORAL,10:30,108.0,67.90911900439913,95.47736625514403
1,2026-05-07,LABORAL,11:00,78.0,60.34806358726681,94.06557377049181
1,2026-05-07,LABORAL,11:30,88.0,103.6448039234535,101.05737704918033
1,2026-05-07,LABORAL,12:00,162.0,80.67440224803023,112.90946502057614
1,2026-05-07,LABORAL,12:30,105.0,112.56007762318302,134.320987654321
1,2026-05-07,LABORAL,13:00,137.0,136.33921104751155,134.88114754098362
1,2026-05-07,LABORAL,13:30,104.0,109.20890971662894,144.15983606557376
1,2026-05-07,LABORAL,14:00,156.0,121.20279080223689,149.90871369294607
1,2026-05-07,LABORAL,14:30,135.0,159.54333231122777,156.32510288065845
1,2026-05-07,LABORAL,15:00,226.0,135.0417310478707,176.89754098360655
1,2026-05-07,LABORAL,15:30,128.0,145.94327168543765,181.1701244813278
1,2026-05-07,LABORAL,16:00,121.0,127.43914841870003,150.59504132231405
1,2026-05-07,LABORAL,16:30,110.0,118.58804395394381,123.16460905349794
1,2026-05-07,LABORAL,17:00,30.0,78.14806536507362,73.51739130434783
1,2026-05-07,LABORAL,17:30,32.0,61.03292380794241,38.56164383561644
1,2026-05-08,LABORAL,04:30,128.0,110.83278281977985,123.00409836065573
1,2026-05-08,LABORAL,05:00,170.0,111.53554509540072,122.66666666666667
1,2026-05-08,LABORAL,05:30,43.0,124.62895416268735,142.74590163934425
1,2026-05-08,LABORAL,06:00,165.0,122.68351279852885,141.9344262295082
1,2026-05-08,LABORAL,06:30,106.0,138.5271317353266,133.31687242798353
1,2026-05-08,LABORAL,07:00,141.0,133.12264999537416,130.28395061728395
1,2026-05-08,LABORAL,07:30,97.0,130.2281520380451,136.19262295081967
1,2026-05-08,LABORAL,08:00,111.0,133.52784989413425,134.97119341563786
1,2026-05-08,LABORAL,08:30,156.0,118.73372278763055,136.43621399176953
1,2026-05-08,LABORAL,09:00,133.0,127.39364663265643,136.25102880658437
1,2026-05-08,LABORAL,09:30,71.0,110.07321876218985,121.01639344262296
1,2026-05-08,LABORAL,10:00,102.0,100.72829313289887,101.9139344262295
1,2026-05-08,LABORAL,10:30,85.0,93.828222477703,95.4320987654321
1,2026-05-08,LABORAL,11:00,65.0,86.7045839632306,94.09426229508196
1,2026-05-08,LABORAL,11:30,101.0,103.59547834628543,100.86475409836065
1,2026-05-08,LABORAL,12:00,94.0,109.81068831013725,113.21399176954732
1,2026-05-08,LABORAL,12:30,151.0,120.7754993946187,134.02469135802468
1,2026-05-08,LABORAL,13:00,107.0,129.63183407097546,134.79098360655738
1,2026-05-08,LABORAL,13:30,191.0,133.4632190606214,143.4877049180328
1,2026-05-08,LABORAL,14:00,155.0,136.25940094117047,150.0746887966805
1,2026-05-08,LABORAL,14:30,99.0,153.88604708605678,156.440329218107
1,2026-05-08,LABORAL,15:00,247.0,154.429921170071,176.6844262295082
1,2026-05-08,LABORAL,15:30,88.0,154.5883278129214,181.0746887966805
1,2026-05-08,LABORAL,16:00,94.0,125.04316978053662,150.25619834710744
1,2026-05-08,LABORAL,16:30,50.0,96.66780722824925,123.03292181069959
1,2026-05-08,LABORAL,17:00,79.0,61.675279950534,73.10434782608695
1,2026-05-09,SABADO,04:30,49.0,67.5718320977511,80.09803921568627
1,2026-05-09,SABADO,05:00,69.0,60.045070715464206,64.09803921568627
1,2026-05-09,SABADO,05:30,87.0,77.67592008435096,98.0576923076923
1,2026-05-09,SABADO,06:00,124.0,82.59404885554139,96.9423076923077
1,2026-05-09,SABADO,06:30,77.0,97.9929636288076,111.42307692307692
1,2026-05-09,SABADO,07:00,149.0,97.65602253469125,103.82692307692308
1,2026-05-09,SABADO,07:30,54.0,91.64005577990972,103.86538461538461
1,2026-05-09,SABADO,08:00,114.0,95.66735445482027,103.40384615384616
1,2026-05-09,SABADO,08:30,115.0,87.32500551871364,101.86538461538461
1,2026-05-09,SABADO,09:00,101.0,87.82744131875658,100.38461538461539
1,2026-05-09,SABADO,09:30,109.0,79.00413322410168,91.3076923076923
1,2026-05-09,SABADO,10:00,116.0,78.25522348113466,89.57692307692308
1,2026-05-09,SABADO,10:30,49.0,86.21881621044888,96.58
1,2026-05-09,SABADO,11:00,89.0,78.1967278502007,94.51923076923077
1,2026-05-09,SABADO,11:30,106.0,72.0658691254624,83.68627450980392
1,2026-05-09,SABADO,12:00,45.0,82.24063432693248,94.65384615384616
1,2026-05-09,SABADO,12:30,25.0,76.92969136478855,95.0204081632653
1,2026-05-09,SABADO,13:00,116.0,68.87681707835837,75.2127659574468
1,2026-05-09,SABADO,13:30,52.0,72.13688779142659,80.16326530612245
1,2026-05-09,SABADO,14:00,59.0,76.95526225782682,80.71428571428571
1,2026-05-09,SABADO,14:30,44.0,63.21985453305763,71.1
1,2026-05-09,SABADO,15:00,46.0,67.06985156583346,75.1
1,2026-05-09,SABADO,15:30,35.0,40.9250266623507,67.24489795918367
1,2026-05-09,SABADO,16:00,19.0,38.90684835552385,57.208333333333336
1,2026-05-09,SABADO,17:00,46.0,30.208204687598865,41.44827586206897
1,2026-05-10,DOMINGO,07:00,45.0,29.431266926187234,34.25
1,2026-05-10,DOMINGO,08:00,27.0,28.569171128456446,36.54761904761905
1,2026-05-10,DOMINGO,09:00,28.0,32.3676767183335,41.166666666666664
1,2026-05-10,DOMINGO,09:30,62.0,31.97575412750338,35.25
1,2026-05-10,DOMINGO,10:00,25.0,25.060677265716023,34.8
1,2026-05-10,DOMINGO,10:30,30.0,30.129218966516987,34.725
1,2026-05-10,DOMINGO,11:30,39.0,26.273230217639338,36.84375
1,2026-05-10,DOMINGO,12:00,31.0,31.368981834820318,36.0
1,2026-05-10,DOMINGO,13:00,62.0,33.648210248250805,31.060606060606062
1,2026-05-10,DOMINGO,14:30,23.0,25.99700661665348,37.96969696969697
1,2026-05-11,LABORAL,04:30,97.0,122.00125998603701,122.81967213114754
1,2026-05-11,LABORAL,05:00,109.0,110.15075997206569,122.90123456790124
1,2026-05-11,LABORAL,05:30,86.0,125.20779647924888,142.14344262295083
1,2026-05-11,LABORAL,06:00,106.0,138.42531044393675,142.06147540983608
1,2026-05-11,LABORAL,06:30,103.0,130.9948342511697,133.19753086419752
1,2026-05-11,LABORAL,07:00,102.0,133.34344351291338,130.07407407407408
1,2026-05-11,LABORAL,07:30,191.0,138.34545593419904,135.9795081967213
1,2026-05-11,LABORAL,08:00,96.0,136.3137541495769,134.84773662551441
1,2026-05-11,LABORAL,08:30,127.0,131.85081417775774,136.37860082304528
1,2026-05-11,LABORAL,09:00,144.0,133.70884954630318,136.36625514403292
1,2026-05-11,LABORAL,09:30,70.0,114.00440167657987,120.63524590163935
1,2026-05-11,LABORAL,10:00,107.0,102.84404823662454,101.95901639344262
1,2026-05-11,LABORAL,10:30,105.0,86.64639310305071,95.10699588477367
1,2026-05-11,LABORAL,11:00,39.0,96.68514238104235,93.96311475409836
1,2026-05-11,LABORAL,11:30,87.0,106.64380410469604,100.84016393442623
1,2026-05-11,LABORAL,12:00,43.0,119.49278291849707,113.15637860082305
1,2026-05-11,LABORAL,12:30,124.0,132.22583586834872,133.9917695473251
1,2026-05-11,LABORAL,13:00,98.0,122.57650964726241,134.66803278688525
1,2026-05-11,LABORAL,13:30,116.0,149.130090129726,143.51639344262296
1,2026-05-11,LABORAL,14:00,211.0,141.8694758011887,150.16597510373444
1,2026-05-11,LABORAL,14:30,40.0,128.55888145321217,155.76954732510288
1,2026-05-11,LABORAL,15:00,163.0,177.16723253744095,176.94262295081967
1,2026-05-11,LABORAL,15:30,170.0,169.16852883074242,180.45228215767634
1,2026-05-11,LABORAL,16:00,82.0,151.59183425008783,150.1198347107438
1,2026-05-11,LABORAL,16:30,100.0,103.34993671497747,122.39094650205762
1,2026-05-11,LABORAL,17:00,29.0,68.23417912172918,73.02608695652174
1,2026-05-12,LABORAL,04:30,128.0,95.17144258501565,122.6311475409836
1,2026-05-12,LABORAL,05:00,135.0,108.27925844255495,122.88477366255144
1,2026-05-12,LABORAL,05:30,137.0,114.811093046502,141.7295081967213
1,2026-05-12,LABORAL,06:00,139.0,118.20893080431485,141.64344262295083
1,2026-05-12,LABORAL,06:30,138.0,130.3993400123382,133.11111111111111
1,2026-05-12,LABORAL,07:00,113.0,122.15587750194992,129.87654320987653
1,2026-05-12,LABORAL,07:30,153.0,110.12259640223647,136.1762295081967
1,2026-05-12,LABORAL,08:00,147.0,124.30979930418206,134.53086419753086
1,2026-05-12,LABORAL,08:30,59.0,111.8544090925357,136.34156378600824
1,2026-05-12,LABORAL,09:00,103.0,117.13429222682005,136.45679012345678
1,2026-05-12,LABORAL,09:30,148.0,98.23547129030705,120.47540983606558
1,2026-05-12,LABORAL,10:00,96.0,90.65745022467819,101.93032786885246
1,2026-05-12,LABORAL,10:30,77.0,94.63451725835802,95.06584362139918
1,2026-05-12,LABORAL,11:00,99.0,73.17441850830699,93.7172131147541
1,2026-05-12,LABORAL,11:30,112.0,86.79992818439891,100.90573770491804
1,2026-05-12,LABORAL,12:00,91.0,98.54909669388131,112.75720164609054
1,2026-05-12,LABORAL,12:30,93.0,95.72619173559787,133.6378600823045
1,2026-05-12,LABORAL,13:00,155.0,115.90825062336782,134.59426229508196
1,2026-05-12,LABORAL,13:30,91.0,127.42703105016398,143.40983606557376
1,2026-05-12,LABORAL,14:00,118.0,118.63239268061281,150.0331950207469
1,2026-05-12,LABORAL,14:30,193.0,140.010117036758,155.5514403292181
1,2026-05-12,LABORAL,15:00,169.0,154.69587106825966,176.7377049180328
1,2026-05-12,LABORAL,15:30,137.0,144.47135005719542,180.43983402489627
1,2026-05-12,LABORAL,16:00,91.0,126.15756361347525,149.62809917355372
1,2026-05-12,LABORAL,16:30,45.0,92.15012284406798,122.30864197530865
1,2026-05-12,LABORAL,17:00,61.0,56.733099928566354,72.60434782608695
1,2026-05-13,LABORAL,04:30,63.0,97.56276567469969,122.55327868852459
1,2026-05-13,LABORAL,05:00,145.0,117.92255455551478,122.80658436213992
1,2026-05-13,LABORAL,05:30,93.0,130.85726072613414,141.63524590163934
1,2026-05-13,LABORAL,06:00,96.0,119.48528211653773,141.61475409836066
1,2026-05-13,LABORAL,06:30,183.0,122.77632829285952,133.06584362139918
1,2026-05-13,LABORAL,07:00,76.0,126.21707135712057,129.84362139917695
1,2026-05-13,LABORAL,07:30,173.0,127.12333072045634,135.98360655737704
1,2026-05-13,LABORAL,08:00,93.0,128.17131385583085,134.60493827160494
1,2026-05-13,LABORAL,08:30,150.0,119.52122543105007,135.88477366255145
1,2026-05-13,LABORAL,09:00,56.0,125.06629837294423,136.2962962962963
1,2026-05-13,LABORAL,09:30,119.0,108.67140623700092,120.36065573770492
1,2026-05-13,LABORAL,10:00,118.0,84.46825087184374,102.01229508196721
1,2026-05-13,LABORAL,10:30,62.0,93.6890682962543,94.83539094650206
1,2026-05-13,LABORAL,11:00,175.0,81.40344412720293,93.55737704918033
1,2026-05-13,LABORAL,11:30,63.0,89.56164013201516,100.9139344262295
1,2026-05-13,LABORAL,12:00,124.0,89.39567594191055,112.95473251028807
1,2026-05-13,LABORAL,12:30,73.0,116.06547646883116,133.41152263374485
1,2026-05-13,LABORAL,13:00,127.0,122.33778246333898,134.55737704918033
1,2026-05-13,LABORAL,13:30,141.0,114.55444084201783,143.15573770491804
1,2026-05-13,LABORAL,14:00,126.0,136.43194313990034,149.83817427385893
1,2026-05-13,LABORAL,14:30,180.0,148.62670518473837,155.56378600823047
1,2026-05-13,LABORAL,15:00,130.0,143.97400274909631,176.52868852459017
1,2026-05-13,LABORAL,15:30,214.0,165.99386346547465,180.1908713692946
1,2026-05-13,LABORAL,16:00,130.0,120.70829514380064,149.06198347107437
1,2026-05-13,LABORAL,16:30,69.0,98.77936439451358,122.07818930041152
1,2026-05-13,LABORAL,17:00,40.0,53.84390634433954,72.35217391304347
1,2026-05-14,LABORAL,04:30,88.0,130.18844532652633,122.01639344262296
1,2026-05-14,LABORAL,05:00,85.0,122.1634665678674,123.0082304526749
1,2026-05-14,LABORAL,05:30,201.0,128.90808633862687,141.40573770491804
1,2026-05-14,LABORAL,06:00,138.0,133.19480752469102,141.0860655737705
1,2026-05-14,LABORAL,06:30,72.0,133.35362524272412,133.30041152263374
1,2026-05-14,LABORAL,07:00,146.0,129.50920177802442,129.60493827160494
1,2026-05-14,LABORAL,07:30,105.0,131.40940273942198,136.04508196721312
1,2026-05-14,LABORAL,08:00,137.0,134.30469515258721,134.37037037037038
1,2026-05-14,LABORAL,08:30,124.0,119.00149680206488,136.0164609053498
1,2026-05-14,LABORAL,09:00,83.0,129.21496505173837,135.6954732510288
1,2026-05-14,LABORAL,09:30,113.0,113.15033999234932,120.33196721311475
1,2026-05-14,LABORAL,10:00,105.0,92.53043507115706,102.11065573770492
1,2026-05-14,LABORAL,10:30,105.0,89.17577825441302,94.53909465020575
1,2026-05-14,LABORAL,11:00,66.0,79.52652487174424,93.8811475409836
1,2026-05-14,LABORAL,11:30,101.0,92.80859818900679,100.60655737704919
1,2026-05-14,LABORAL,12:00,96.0,108.22323793904155,113.03703703703704
1,2026-05-14,LABORAL,12:30,116.0,118.67794942440402,133.09465020576133
1,2026-05-14,LABORAL,13:00,126.0,138.86954004881147,134.55737704918033
1,2026-05-14,LABORAL,13:30,127.0,136.09552085963838,142.68852459016392
1,2026-05-14,LABORAL,14:00,135.0,141.90720456298365,149.99585062240664
1,2026-05-14,LABORAL,14:30,151.0,165.58164837103715,155.6172839506173
1,2026-05-14,LABORAL,15:00,180.0,187.21554940085466,176.0655737704918
1,2026-05-14,LABORAL,15:30,121.0,190.27508045383513,180.23651452282158
1,2026-05-14,LABORAL,16:00,124.0,142.87101576704998,148.8512396694215
1,2026-05-14,LABORAL,16:30,82.0,117.38246891784911,121.78189300411523
1,2026-05-14,LABORAL,17:00,43.0,56.412366984041746,72.2695652173913
1,2026-05-14,LABORAL,17:30,5.0,31.53897101696832,38.429577464788736
1,2026-05-15,LABORAL,04:30,147.0,108.32762124422534,121.56967213114754
1,2026-05-15,LABORAL,05:00,89.0,100.52957912477356,122.77777777777777
1,2026-05-15,LABORAL,05:30,116.0,123.46376615689404,141.70081967213116
1,2026-05-15,LABORAL,06:00,137.0,119.15852326250636,140.95081967213116
1,2026-05-15,LABORAL,06:30,86.0,126.0891316308268,133.07407407407408
1,2026-05-15,LABORAL,07:00,183.0,127.65208992196533,129.65020576131687
1,2026-05-15,LABORAL,07:30,120.0,123.08010581052963,135.94672131147541
1,2026-05-15,LABORAL,08:00,112.0,117.71880844076088,134.1851851851852
1,2026-05-15,LABORAL,08:30,84.0,117.19783482008955,136.09876543209876
1,2026-05-15,LABORAL,09:00,136.0,117.98061768116553,135.21810699588477
1,2026-05-15,LABORAL,09:30,98.0,104.01219605199682,120.37704918032787
1,2026-05-15,LABORAL,10:00,90.0,99.78396338437607,102.00409836065573
1,2026-05-15,LABORAL,10:30,116.0,86.3191518080044,94.59670781893004
1,2026-05-15,LABORAL,11:00,55.0,82.63158245052236,93.72131147540983
1,2026-05-15,LABORAL,11:30,151.0,89.18160360059935,100.43852459016394
1,2026-05-15,LABORAL,12:00,117.0,102.04540114640733,112.95884773662551
1,2026-05-15,LABORAL,12:30,87.0,112.52899575704575,132.880658436214
1,2026-05-15,LABORAL,13:00,122.0,118.31229567137288,134.52868852459017
1,2026-05-15,LABORAL,13:30,93.0,118.11100105155964,142.827868852459
1,2026-05-15,LABORAL,14:00,218.0,120.02298632312078,149.91286307053943
1,2026-05-15,LABORAL,14:30,100.0,126.32813274470283,155.45679012345678
1,2026-05-15,LABORAL,15:00,161.0,127.83148968588898,176.36475409836066
1,2026-05-15,LABORAL,15:30,160.0,145.0512115246705,179.79253112033194
1,2026-05-15,LABORAL,16:00,163.0,107.78869957035056,148.41735537190084
1,2026-05-15,LABORAL,16:30,126.0,81.68572404570688,121.35802469135803
1,2026-05-15,LABORAL,17:00,80.0,52.68725843421847,72.15217391304348
1,2026-05-16,SABADO,04:30,26.0,83.0077407824874,78.7843137254902
1,2026-05-16,SABADO,05:00,103.0,66.34979654761612,63.94117647058823
1,2026-05-16,SABADO,05:30,81.0,95.58600018814485,97.51923076923077
1,2026-05-16,SABADO,06:00,33.0,96.3693749595037,97.75
1,2026-05-16,SABADO,06:30,120.0,101.24234867810874,109.5576923076923
1,2026-05-16,SABADO,07:00,145.0,104.88476249089072,104.34615384615384
1,2026-05-16,SABADO,07:30,128.0,101.77172153532494,102.98076923076923
1,2026-05-16,SABADO,08:00,77.0,99.19675986387797,102.78846153846153
1,2026-05-16,SABADO,08:30,108.0,94.98494415298356,101.84615384615384
1,2026-05-16,SABADO,09:00,113.0,94.19092749155207,99.63461538461539
1,2026-05-16,SABADO,09:30,85.0,83.28299016710736,91.17307692307692
1,2026-05-16,SABADO,10:00,83.0,85.52049609932497,88.51923076923077
1,2026-05-16,SABADO,10:30,90.0,84.81509081451071,95.5
1,2026-05-16,SABADO,11:00,100.0,80.13742048509943,94.1923076923077
1,2026-05-16,SABADO,11:30,103.0,71.36892615181887,83.74509803921569
1,2026-05-16,SABADO,12:00,118.0,85.2285253232721,93.46153846153847
1,2026-05-16,SABADO,12:30,110.0,86.4779694137931,93.61224489795919
1,2026-05-16,SABADO,13:00,35.0,81.98230839906118,75.42553191489361
1,2026-05-16,SABADO,13:30,48.0,81.25613082681542,79.18367346938776
1,2026-05-16,SABADO,14:00,25.0,85.23627980540186,80.0
1,2026-05-16,SABADO,14:30,147.0,73.55309791785731,70.2
1,2026-05-16,SABADO,15:00,42.0,77.54649834656536,74.42
1,2026-05-16,SABADO,15:30,39.0,94.61792918667813,65.59183673469387
1,2026-05-16,SABADO,16:00,45.0,53.90029122451964,57.083333333333336
1,2026-05-16,SABADO,17:00,1.0,42.23494843470847,40.37931034482759
1,2026-05-17,DOMINGO,07:00,20.0,26.1255745659943,34.45
1,2026-05-17,DOMINGO,07:30,40.0,25.411090817027528,32.13333333333333
1,2026-05-17,DOMINGO,08:00,16.0,30.29623026194443,36.166666666666664
1,2026-05-17,DOMINGO,08:30,59.0,34.609888621577156,43.86046511627907
1,2026-05-17,DOMINGO,10:30,24.0,30.775541045988035,34.8
1,2026-05-17,DOMINGO,11:30,38.0,29.481096796198884,36.71875
1,2026-05-17,DOMINGO,12:00,26.0,26.655440318960487,35.92307692307692
1,2026-05-17,DOMINGO,16:00,27.0,34.03777709647602,33.72727272727273
1,2026-05-18,FESTIVO_PUENTE,06:30,34.0,24.48819152086702,35.5
1,2026-05-18,FESTIVO_PUENTE,07:00,54.0,33.15899006605679,27.25
1,2026-05-18,FESTIVO_PUENTE,08:00,26.0,16.758926735052853,22.0
1,2026-05-18,FESTIVO_PUENTE,08:30,20.0,35.14047616501557,28.555555555555557
1,2026-05-18,FESTIVO_PUENTE,09:00,21.0,20.104559770611985,22.2
1,2026-05-18,FESTIVO_PUENTE,09:30,41.0,22.551197653211645,35.666666666666664
1,2026-05-18,FESTIVO_PUENTE,10:30,16.0,19.021904972202762,34.0
1,2026-05-18,FESTIVO_PUENTE,11:00,12.0,26.361182116409438,25.11111111111111
1,2026-05-18,FESTIVO_PUENTE,11:30,46.0,36.05971969462912,28.25
1,2026-05-18,FESTIVO_PUENTE,12:00,17.0,43.14568101313158,24.5
1,2026-05-18,FESTIVO_PUENTE,13:00,23.0,24.59937168299942,34.5
1,2026-05-18,FESTIVO_PUENTE,14:00,26.0,22.423424283569062,45.166666666666664
1,2026-05-18,FESTIVO_PUENTE,16:30,36.0,25.62039276722345,28.333333333333332
1,2026-05-19,LABORAL,04:30,82.0,88.33562602969104,121.19341563786008
1,2026-05-19,LABORAL,05:00,135.0,92.17993334892924,122.92561983471074
1,2026-05-19,LABORAL,05:30,156.0,101.33748919162824,141.3827160493827
1,2026-05-19,LABORAL,06:00,133.0,126.3491465594864,140.6172839506173
1,2026-05-19,LABORAL,06:30,155.0,106.02375831828057,132.58677685950414
1,2026-05-19,LABORAL,07:00,125.0,108.68416889409471,129.8099173553719
1,2026-05-19,LABORAL,07:30,122.0,111.50927734845192,135.75720164609052
1,2026-05-19,LABORAL,08:00,124.0,98.7840579657256,134.1404958677686
1,2026-05-19,LABORAL,08:30,130.0,120.81437850646904,135.4793388429752
1,2026-05-19,LABORAL,09:00,156.0,109.82017707242336,135.22727272727272
1,2026-05-19,LABORAL,09:30,125.0,94.74229048336936,120.07407407407408
1,2026-05-19,LABORAL,10:00,71.0,83.34115231310649,102.0
1,2026-05-19,LABORAL,10:30,146.0,76.79874451755477,94.40082644628099
1,2026-05-19,LABORAL,11:00,42.0,83.73301763152098,93.36625514403292
1,2026-05-19,LABORAL,11:30,184.0,85.54843636545118,100.68312757201646
1,2026-05-19,LABORAL,12:00,77.0,87.98448418577594,113.11157024793388
1,2026-05-19,LABORAL,12:30,131.0,117.91640941339438,132.23140495867767
1,2026-05-19,LABORAL,13:00,91.0,104.6050690037867,134.7283950617284
1,2026-05-19,LABORAL,13:30,153.0,137.43959578291577,142.20164609053498
1,2026-05-19,LABORAL,14:00,118.0,142.23441954704774,150.18333333333334
1,2026-05-19,LABORAL,14:30,158.0,148.7434550789911,155.08677685950414
1,2026-05-19,LABORAL,15:00,155.0,183.94209737983596,176.44444444444446
1,2026-05-19,LABORAL,15:30,122.0,173.8850053386256,179.325
1,2026-05-19,LABORAL,16:00,222.0,134.83861529521306,148.37759336099586
1,2026-05-19,LABORAL,16:30,143.0,107.42266008597525,121.13636363636364
1,2026-05-19,LABORAL,17:00,48.0,49.99236286885249,71.8471615720524
1,2026-05-20,LABORAL,04:30,82.0,117.11769713771065,120.93004115226337
1,2026-05-20,LABORAL,05:00,128.0,121.13241136563303,122.93388429752066
1,2026-05-20,LABORAL,05:30,88.0,138.49700983205497,141.08641975308643
1,2026-05-20,LABORAL,06:00,137.0,132.66448343385022,140.320987654321
1,2026-05-20,LABORAL,06:30,145.0,126.530598046571,132.65289256198346
1,2026-05-20,LABORAL,07:00,130.0,133.2515515292482,129.84710743801654
1,2026-05-20,LABORAL,07:30,101.0,135.74850015743937,135.7037037037037
1,2026-05-20,LABORAL,08:00,58.0,126.63158660620346,134.06611570247935
1,2026-05-20,LABORAL,08:30,185.0,129.63290837367754,135.0
1,2026-05-20,LABORAL,09:00,91.0,130.89260197777546,135.20247933884298
1,2026-05-20,LABORAL,09:30,104.0,118.31907702836845,119.8641975308642
1,2026-05-20,LABORAL,10:00,191.0,98.28385400265884,101.7448559670782
1,2026-05-20,LABORAL,10:30,67.0,95.46690421988191,94.49586776859505
1,2026-05-20,LABORAL,11:00,66.0,88.36929291558779,93.15637860082305
1,2026-05-20,LABORAL,11:30,92.0,91.69145065542531,100.95061728395062
1,2026-05-20,LABORAL,12:00,82.0,102.89140451554418,112.6694214876033
1,2026-05-20,LABORAL,12:30,104.0,131.64019270663547,131.99586776859505
1,2026-05-20,LABORAL,13:00,47.0,134.26081238917737,134.4238683127572
1,2026-05-20,LABORAL,13:30,178.0,131.20301728411812,142.20987654320987
1,2026-05-20,LABORAL,14:00,117.0,149.87581690977112,149.95
1,2026-05-20,LABORAL,14:30,130.0,156.6426373741017,155.099173553719
1,2026-05-20,LABORAL,15:00,270.0,175.4516027820132,176.40740740740742
1,2026-05-20,LABORAL,15:30,180.0,173.2079776807573,178.4
1,2026-05-20,LABORAL,16:00,104.0,139.4222428599827,148.47302904564316
1,2026-05-20,LABORAL,16:30,71.0,114.6748299092684,121.14049586776859
1,2026-05-20,LABORAL,17:00,95.0,65.98152113258242,71.73362445414847
1,2026-05-23,SABADO,04:30,94.0,63.13011424523041,76.96078431372548
1,2026-05-23,SABADO,05:00,32.0,58.97302352012101,65.29411764705883
1,2026-05-23,SABADO,05:30,145.0,74.36166384555972,97.1923076923077
1,2026-05-23,SABADO,06:00,78.0,77.24961594782238,95.82692307692308
1,2026-05-23,SABADO,06:30,148.0,69.31365744935805,110.38461538461539
1,2026-05-23,SABADO,07:00,66.0,72.79502501333687,104.90384615384616
1,2026-05-23,SABADO,07:30,119.0,73.80012677565816,104.26923076923077
1,2026-05-23,SABADO,08:00,70.0,75.79774184193695,102.23076923076923
1,2026-05-23,SABADO,08:30,76.0,80.61703013251797,101.21153846153847
1,2026-05-23,SABADO,09:00,82.0,81.5323396760879,99.92307692307692
1,2026-05-23,SABADO,09:30,98.0,76.97962291938761,90.82692307692308
1,2026-05-23,SABADO,10:00,52.0,68.91374511530653,88.5576923076923
1,2026-05-23,SABADO,10:30,44.0,79.4002359736896,94.74
1,2026-05-23,SABADO,11:00,129.0,83.68275214805755,95.0
1,2026-05-23,SABADO,11:30,50.0,77.5295872871211,83.74509803921569
1,2026-05-23,SABADO,12:00,84.0,81.55484355019517,93.42307692307692
1,2026-05-23,SABADO,12:30,110.0,80.18923639155827,92.38775510204081
1,2026-05-23,SABADO,13:00,79.0,71.53669806170042,74.42553191489361
1,2026-05-23,SABADO,14:00,85.0,107.11443699027656,78.28571428571429
1,2026-05-23,SABADO,15:00,89.0,110.08230264988315,72.96
1,2026-05-23,SABADO,15:30,47.0,117.21606159980462,65.51020408163265
1,2026-05-23,SABADO,16:00,24.0,125.99329186457842,56.791666666666664
1,2026-05-23,SABADO,16:30,38.0,146.56398852887298,63.205128205128204
1,2026-05-24,DOMINGO,08:00,28.0,28.840104998612915,35.833333333333336
1,2026-05-24,DOMINGO,08:30,26.0,23.95043309246266,44.627906976744185
1,2026-05-24,DOMINGO,09:00,44.0,34.469236696579515,39.8
1,2026-05-24,DOMINGO,10:00,35.0,59.645335112861844,34.8
1,2026-05-24,DOMINGO,11:00,27.0,36.44226848387022,37.44444444444444
1,2026-05-24,DOMINGO,12:00,10.0,41.787466566180925,35.92307692307692
1,2026-05-24,DOMINGO,12:30,35.0,42.425137887282844,37.22222222222222
1,2026-05-24,DOMINGO,13:30,32.0,45.26750163056708,29.91176470588235
1,2026-05-24,DOMINGO,14:00,16.0,64.56793673562552,32.96969696969697
1,2026-05-24,DOMINGO,15:00,25.0,55.572684494139246,35.03225806451613
1,2026-05-24,DOMINGO,15:30,21.0,49.13347234553237,36.857142857142854
1,2026-05-24,DOMINGO,16:30,32.0,46.63443819316324,32.2
1,2026-05-25,LABORAL,04:30,54.0,118.17869718603886,120.01652892561984
1,2026-05-25,LABORAL,05:00,152.0,109.76060750998057,122.6804979253112
1,2026-05-25,LABORAL,05:30,114.0,127.75123630566472,140.53719008264463
1,2026-05-25,LABORAL,06:00,128.0,136.1255096110724,140.02479338842974
1,2026-05-25,LABORAL,06:30,124.0,129.85447001728198,132.5767634854772
1,2026-05-25,LABORAL,07:00,145.0,128.67284750393196,129.5311203319502
1,2026-05-25,LABORAL,07:30,66.0,135.76881851919163,135.4090909090909
1,2026-05-25,LABORAL,08:00,144.0,124.982181003185,133.54771784232366
1,2026-05-25,LABORAL,08:30,210.0,137.4873363529765,135.09958506224066
1,2026-05-25,LABORAL,09:00,176.0,134.45604183013404,134.58091286307055
1,2026-05-25,LABORAL,09:30,50.0,107.00028378347228,119.72727272727273
1,2026-05-25,LABORAL,10:00,71.0,102.28162282175789,101.75206611570248
1,2026-05-25,LABORAL,10:30,110.0,86.05363067886353,94.08713692946058
1,2026-05-25,LABORAL,11:00,74.0,92.03109583162522,93.03305785123968
1,2026-05-25,LABORAL,11:30,72.0,103.01957481001072,100.6198347107438
1,2026-05-25,LABORAL,12:00,122.0,111.22969250356572,112.44813278008299
1,2026-05-25,LABORAL,12:30,120.0,126.96900902066264,131.6597510373444
1,2026-05-25,LABORAL,13:00,82.0,125.14151865203269,134.1694214876033
1,2026-05-25,LABORAL,13:30,114.0,148.82011860999867,141.98760330578511
1,2026-05-25,LABORAL,14:00,158.0,137.74050055154993,149.89121338912133
1,2026-05-25,LABORAL,14:30,134.0,140.65562191197455,154.71784232365144
1,2026-05-25,LABORAL,15:00,177.0,172.93071065868506,176.24380165289256
1,2026-05-25,LABORAL,15:30,164.0,170.30714322716642,178.6234309623431
1,2026-05-25,LABORAL,16:00,68.0,151.24080525661185,147.72083333333333
1,2026-05-25,LABORAL,16:30,138.0,111.81147881918537,121.04979253112033
1,2026-05-25,LABORAL,17:00,92.0,69.27394524241743,71.05701754385964
1,2026-05-25,LABORAL,17:30,29.0,29.596347395931005,37.97080291970803
1,2026-05-26,LABORAL,04:30,154.0,98.77401640781864,119.65289256198348
1,2026-05-26,LABORAL,05:00,112.0,128.6597817227495,122.65145228215768
1,2026-05-26,LABORAL,05:30,153.0,130.99251580564155,140.43801652892563
1,2026-05-26,LABORAL,06:00,69.0,137.7569537529226,139.64462809917356
1,2026-05-26,LABORAL,06:30,152.0,131.37158478024122,132.71784232365144
1,2026-05-26,LABORAL,07:00,149.0,138.34014355105109,129.52697095435684
1,2026-05-26,LABORAL,07:30,137.0,129.1808377617757,135.03305785123968
1,2026-05-26,LABORAL,08:00,110.0,133.612442757029,133.50207468879668
1,2026-05-26,LABORAL,08:30,108.0,120.59466693645605,135.48547717842322
1,2026-05-26,LABORAL,09:00,151.0,135.1710048278618,134.5311203319502
1,2026-05-26,LABORAL,09:30,83.0,128.45349990239603,119.50826446280992
1,2026-05-26,LABORAL,10:00,91.0,90.36608623272619,101.56611570247934
1,2026-05-26,LABORAL,10:30,80.0,103.75864866037126,94.17427385892117
1,2026-05-26,LABORAL,11:00,119.0,83.75850495402132,92.80578512396694
1,2026-05-26,LABORAL,11:30,101.0,95.03259017040884,100.60330578512396
1,2026-05-26,LABORAL,12:00,106.0,90.9373520992104,112.4896265560166
1,2026-05-26,LABORAL,12:30,89.0,135.73698668831202,131.5311203319502
1,2026-05-26,LABORAL,13:00,157.0,107.50161560848017,133.9090909090909
1,2026-05-26,LABORAL,13:30,171.0,130.21295307165576,141.80165289256198
1,2026-05-26,LABORAL,14:00,50.0,128.36911901839397,149.88702928870293
1,2026-05-26,LABORAL,14:30,214.0,138.1924236461012,154.66390041493776
1,2026-05-26,LABORAL,15:00,129.0,137.37274829131695,176.28099173553719
1,2026-05-26,LABORAL,15:30,138.0,150.83582756069924,178.163179916318
1,2026-05-26,LABORAL,16:00,148.0,122.66123196636629,147.24583333333334
1,2026-05-26,LABORAL,16:30,78.0,103.45084432343253,121.05809128630706
1,2026-05-26,LABORAL,17:00,117.0,41.43489721257099,70.98245614035088
1,2026-05-27,LABORAL,04:30,122.0,105.20316251307496,119.63636363636364
1,2026-05-27,LABORAL,05:00,130.0,125.8047099351968,122.51452282157676
1,2026-05-27,LABORAL,05:30,87.0,130.4218070244341,140.3099173553719
1,2026-05-27,LABORAL,06:00,175.0,130.88806528050492,139.02892561983472
1,2026-05-27,LABORAL,06:30,92.0,125.7931620054789,132.84647302904565
1,2026-05-27,LABORAL,07:00,58.0,135.536828933743,129.44398340248964
1,2026-05-27,LABORAL,07:30,194.0,130.4301485909536,134.7479338842975
1,2026-05-27,LABORAL,08:00,130.0,131.1296646690306,133.38589211618256
1,2026-05-27,LABORAL,08:30,80.0,120.73582952272207,135.23651452282158
1,2026-05-27,LABORAL,09:00,156.0,127.80811251962932,134.746887966805
1,2026-05-27,LABORAL,09:30,108.0,120.01209936015844,119.12396694214875
1,2026-05-27,LABORAL,10:00,39.0,95.42210056967248,101.74793388429752
1,2026-05-27,LABORAL,10:30,74.0,93.6039043035532,93.9460580912863
1,2026-05-27,LABORAL,11:00,108.0,85.42166248928079,92.88842975206612
1,2026-05-27,LABORAL,11:30,59.0,92.77432727363447,100.5909090909091
1,2026-05-27,LABORAL,12:00,155.0,98.24914927529801,112.4149377593361
1,2026-05-27,LABORAL,12:30,101.0,135.6105344819003,131.23651452282158
1,2026-05-27,LABORAL,13:00,112.0,120.915225779087,133.900826446281
1,2026-05-27,LABORAL,14:00,222.0,125.43980759773306,149.33891213389123
1,2026-05-27,LABORAL,14:30,143.0,133.33357559878772,154.6390041493776
1,2026-05-27,LABORAL,15:00,168.0,153.27433127252255,176.15702479338842
1,2026-05-27,LABORAL,15:30,143.0,152.74313906100895,177.86610878661088
1,2026-05-27,LABORAL,16:00,130.0,155.96278284939206,146.95416666666668
1,2026-05-27,LABORAL,16:30,34.0,130.01893996559556,120.88796680497926
1,2026-05-27,LABORAL,17:00,84.0,104.16436949974288,71.14912280701755
1,2026-05-28,LABORAL,04:30,101.0,105.68591052126096,119.58264462809917
1,2026-05-28,LABORAL,05:00,62.0,107.95097205888527,122.61410788381743
1,2026-05-28,LABORAL,05:30,193.0,121.77587765214564,140.10743801652893
1,2026-05-28,LABORAL,06:00,136.0,120.91867850793258,138.9793388429752
1,2026-05-28,LABORAL,06:30,145.0,135.68849806307114,132.72614107883817
1,2026-05-28,LABORAL,07:00,111.0,122.29714181070025,129.2780082987552
1,2026-05-28,LABORAL,07:30,134.0,128.14308450540722,134.91322314049586
1,2026-05-28,LABORAL,08:00,108.0,122.14199095685865,133.551867219917
1,2026-05-28,LABORAL,08:30,125.0,120.16710897622792,135.07883817427387
1,2026-05-28,LABORAL,09:00,88.0,124.88743758473606,134.95020746887965
1,2026-05-28,LABORAL,09:30,116.0,91.319100441677,119.28512396694215
1,2026-05-28,LABORAL,10:00,38.0,95.69899534533778,101.4504132231405
1,2026-05-28,LABORAL,10:30,120.0,82.50126380983335,93.84232365145228
1,2026-05-28,LABORAL,11:00,103.0,79.42690349572264,93.10743801652893
1,2026-05-28,LABORAL,11:30,74.0,95.81253893505806,100.59504132231405
1,2026-05-28,LABORAL,12:00,132.0,102.6453286792311,112.80912863070539
1,2026-05-28,LABORAL,12:30,143.0,89.55110694091047,131.3278008298755
1,2026-05-28,LABORAL,13:00,73.0,130.23668321026705,133.89669421487602
1,2026-05-28,LABORAL,13:30,200.0,122.8245495081123,141.97095435684648
1,2026-05-28,LABORAL,14:00,100.0,121.39380135292156,149.5439330543933
1,2026-05-28,LABORAL,14:30,94.0,159.27276254553396,154.77178423236515
1,2026-05-28,LABORAL,15:00,178.0,160.44458389510854,176.36776859504133
1,2026-05-28,LABORAL,15:30,103.0,159.85476647918966,177.81171548117155
1,2026-05-28,LABORAL,16:00,149.0,116.78129047740691,147.17083333333332
1,2026-05-28,LABORAL,16:30,47.0,95.6024322614844,120.58091286307054
1,2026-05-28,LABORAL,17:00,47.0,73.46192531937109,71.23245614035088
1,2026-05-29,LABORAL,04:30,129.0,120.31017295749413,119.4297520661157
1,2026-05-29,LABORAL,05:00,79.0,113.73879368040551,122.27800829875518
1,2026-05-29,LABORAL,05:30,120.0,132.4045483622576,140.29338842975207
1,2026-05-29,LABORAL,06:00,134.0,131.716481474259,139.03305785123968
1,2026-05-29,LABORAL,06:30,109.0,137.6626990799357,132.76763485477179
1,2026-05-29,LABORAL,07:00,155.0,124.31482518687415,129.13692946058092
1,2026-05-29,LABORAL,07:30,107.0,124.12751827260622,135.02479338842974
1,2026-05-29,LABORAL,08:00,122.0,137.9453905644951,133.56016597510373
1,2026-05-29,LABORAL,08:30,142.0,127.10254016334271,135.149377593361
1,2026-05-29,LABORAL,09:00,81.0,129.4664595001278,135.09958506224066
1,2026-05-29,LABORAL,09:30,153.0,111.7702948659365,119.28512396694215
1,2026-05-29,LABORAL,10:00,90.0,98.830615023859,101.2107438016529
1,2026-05-29,LABORAL,10:30,65.0,90.4090671839492,94.10788381742739
1,2026-05-29,LABORAL,11:00,95.0,83.15799813192149,93.26446280991736
1,2026-05-29,LABORAL,11:30,99.0,105.33854394451299,100.47107438016529
1,2026-05-29,LABORAL,12:00,59.0,109.6246424649148,113.03319502074689
1,2026-05-29,LABORAL,12:30,136.0,116.24375285365632,131.4813278008299
1,2026-05-29,LABORAL,13:00,184.0,133.6157643920739,133.8099173553719
1,2026-05-29,LABORAL,13:30,76.0,136.0423175520825,142.31950207468878
1,2026-05-29,LABORAL,14:00,109.0,131.16038862939828,149.33891213389123
1,2026-05-29,LABORAL,14:30,175.0,152.0574783620174,154.6721991701245
1,2026-05-29,LABORAL,15:00,141.0,167.37619987713754,176.7396694214876
1,2026-05-29,LABORAL,15:30,164.0,168.24549321307097,177.5857740585774
1,2026-05-29,LABORAL,16:00,131.0,132.29659498488132,146.89583333333334
1,2026-05-29,LABORAL,16:30,74.0,104.80233576193423,120.30705394190872
1,2026-05-29,LABORAL,17:00,58.0,55.3091830893484,71.0219298245614
1,2026-05-30,SABADO,04:30,46.0,64.87489526518044,76.72549019607843
1,2026-05-30,SABADO,05:00,45.0,62.80059542662991,64.68627450980392
1,2026-05-30,SABADO,05:30,107.0,83.72480304576771,97.3076923076923
1,2026-05-30,SABADO,06:00,105.0,88.87266215531585,95.53846153846153
1,2026-05-30,SABADO,06:30,93.0,105.85102341787065,109.98076923076923
1,2026-05-30,SABADO,07:00,82.0,108.77572880155124,103.65384615384616
1,2026-05-30,SABADO,07:30,87.0,93.11686099736237,104.23076923076923
1,2026-05-30,SABADO,08:00,80.0,100.64815172932494,101.71153846153847
1,2026-05-30,SABADO,08:30,120.0,91.88782097818205,99.88461538461539
1,2026-05-30,SABADO,09:00,84.0,90.28490671755718,99.90384615384616
1,2026-05-30,SABADO,09:30,75.0,78.80383038309782,91.6923076923077
1,2026-05-30,SABADO,10:00,43.0,87.92108936329839,87.0576923076923
1,2026-05-30,SABADO,10:30,55.0,91.51444713273412,92.44
1,2026-05-30,SABADO,11:00,58.0,80.80111002279659,94.57692307692308
1,2026-05-30,SABADO,11:30,54.0,77.06567743767039,83.11764705882354
1,2026-05-30,SABADO,12:00,105.0,85.8447879407614,93.21153846153847
1,2026-05-30,SABADO,12:30,57.0,78.1388684178177,92.51020408163265
1,2026-05-30,SABADO,13:00,84.0,62.741115754530895,74.19148936170212
1,2026-05-30,SABADO,13:30,42.0,71.48994210367015,77.8125
1,2026-05-30,SABADO,14:00,38.0,71.99385499001517,79.04081632653062
1,2026-05-30,SABADO,14:30,153.0,62.845656164556914,72.18367346938776
1,2026-05-30,SABADO,15:00,41.0,59.827722418436764,72.8
1,2026-05-30,SABADO,15:30,33.0,34.08388252209993,64.77551020408163
1,2026-05-31,DOMINGO,07:00,21.0,30.785177773406673,33.35897435897436
1,2026-05-31,DOMINGO,07:30,37.0,25.06395646812453,32.56818181818182
1,2026-05-31,DOMINGO,08:30,44.0,32.34452101623488,44.30232558139535
1,2026-05-31,DOMINGO,09:30,48.0,30.885853315931925,34.89473684210526
1,2026-05-31,DOMINGO,11:00,54.0,26.357765618237565,37.55555555555556
1,2026-05-31,DOMINGO,12:00,78.0,28.597768247766723,35.58974358974359
1,2026-05-31,DOMINGO,12:30,65.0,27.02621488469073,37.16216216216216
1,2026-05-31,DOMINGO,14:30,25.0,26.631976476752214,38.32258064516129
1,2026-05-31,DOMINGO,15:30,16.0,33.14861601055095,36.95238095238095
1,2026-06-01,LABORAL,04:30,87.0,120.71212641407399,119.32644628099173
1,2026-06-01,LABORAL,05:00,150.0,110.72160374869752,122.04149377593362
1,2026-06-01,LABORAL,05:30,155.0,133.2576047513973,140.14462809917356
1,2026-06-01,LABORAL,06:00,72.0,143.40495974945145,138.84297520661158
1,2026-06-01,LABORAL,06:30,104.0,128.7705141019106,132.5186721991701
1,2026-06-01,LABORAL,07:00,163.0,129.03267637331334,129.24066390041494
1,2026-06-01,LABORAL,07:30,151.0,137.85796505557514,134.86776859504133
1,2026-06-01,LABORAL,08:00,68.0,127.43071379056833,133.3941908713693
1,2026-06-01,LABORAL,08:30,117.0,138.74371309247007,135.00414937759336
1,2026-06-01,LABORAL,09:00,178.0,142.00646459327365,134.92946058091286
1,2026-06-01,LABORAL,09:30,117.0,112.99294815634514,119.4504132231405
1,2026-06-01,LABORAL,10:00,43.0,102.91413883144287,100.94214876033058
1,2026-06-01,LABORAL,10:30,91.0,88.14622721792261,93.89626556016597
1,2026-06-01,LABORAL,11:00,36.0,89.7536403940567,93.25619834710744
1,2026-06-01,LABORAL,11:30,148.0,96.83578485418373,100.4504132231405
1,2026-06-01,LABORAL,12:00,123.0,118.68463090236008,112.64315352697095
1,2026-06-01,LABORAL,12:30,86.0,126.09878725428267,131.3734439834025
1,2026-06-01,LABORAL,13:00,103.0,137.00409093671252,134.01652892561984
1,2026-06-01,LABORAL,13:30,137.0,152.75594579772437,141.91701244813277
1,2026-06-01,LABORAL,14:00,111.0,146.1042902052997,148.96234309623432
1,2026-06-01,LABORAL,14:30,179.0,145.28706123038842,154.68049792531122
1,2026-06-01,LABORAL,15:00,132.0,182.26190503261182,176.3512396694215
1,2026-06-01,LABORAL,15:30,133.0,173.43618900629622,177.47280334728035
1,2026-06-01,LABORAL,16:00,131.0,157.3114428030707,146.95
1,2026-06-01,LABORAL,16:30,45.0,115.96559487647204,119.77178423236515
1,2026-06-02,LABORAL,04:30,77.0,108.76345254963039,119.19341563786008
1,2026-06-02,LABORAL,05:00,100.0,115.2538950078377,122.15702479338843
1,2026-06-02,LABORAL,05:30,147.0,130.71940791828385,140.20576131687244
1,2026-06-02,LABORAL,06:00,150.0,127.02974009632165,138.5679012345679
1,2026-06-02,LABORAL,06:30,195.0,122.66820149073442,132.400826446281
1,2026-06-02,LABORAL,07:00,92.0,124.15675177386328,129.3801652892562
1,2026-06-02,LABORAL,07:30,155.0,128.98648930552125,134.93415637860082
1,2026-06-02,LABORAL,08:00,49.0,121.24235284127927,133.12396694214877
1,2026-06-02,LABORAL,08:30,158.0,122.27841758449182,134.9297520661157
1,2026-06-02,LABORAL,09:00,152.0,124.84315276098069,135.10743801652893
1,2026-06-02,LABORAL,09:30,85.0,109.49074890253749,119.440329218107
1,2026-06-02,LABORAL,10:00,113.0,93.557699914547,100.70370370370371
1,2026-06-02,LABORAL,10:30,157.0,90.07767076144603,93.88429752066116
1,2026-06-02,LABORAL,11:00,38.0,81.8087822154625,93.02057613168725
1,2026-06-02,LABORAL,11:30,71.0,90.78626797340691,100.64609053497942
1,2026-06-02,LABORAL,12:00,128.0,100.46565433303695,112.68595041322314
1,2026-06-02,LABORAL,12:30,108.0,118.3473249031981,131.18595041322314
1,2026-06-02,LABORAL,13:00,173.0,125.18356795955005,133.88888888888889
1,2026-06-02,LABORAL,13:30,120.0,131.65561940545277,141.89669421487602
1,2026-06-02,LABORAL,14:00,120.0,138.2259634965153,148.80416666666667
1,2026-06-02,LABORAL,14:30,137.0,145.77807669703535,154.78099173553719
1,2026-06-02,LABORAL,15:00,184.0,168.04727204076704,176.1687242798354
1,2026-06-02,LABORAL,15:30,146.0,165.87294720740337,177.2875
1,2026-06-02,LABORAL,16:00,143.0,129.1211199881497,146.88381742738588
1,2026-06-02,LABORAL,16:30,33.0,105.3106346401413,119.46280991735537
1,2026-06-02,LABORAL,17:00,44.0,59.761354924731805,71.04385964912281
1,2026-06-03,LABORAL,04:30,105.0,118.20083562123003,118.88065843621399
1,2026-06-03,LABORAL,05:00,98.0,119.68149600130454,121.85950413223141
1,2026-06-03,LABORAL,05:30,126.0,136.25086952600304,140.1440329218107
1,2026-06-03,LABORAL,06:00,111.0,134.16837650458268,138.3991769547325
1,2026-06-03,LABORAL,06:30,123.0,130.63787295319602,132.6818181818182
1,2026-06-03,LABORAL,07:00,111.0,130.24616077133408,129.0
1,2026-06-03,LABORAL,07:30,98.0,133.02116030408848,134.65020576131687
1,2026-06-03,LABORAL,08:00,110.0,128.40690256446285,132.51652892561984
1,2026-06-03,LABORAL,08:30,137.0,127.52298560307412,134.77272727272728
1,2026-06-03,LABORAL,09:00,92.0,129.77758318502362,135.1611570247934
1,2026-06-03,LABORAL,09:30,103.0,116.14823474498381,119.31687242798354
1,2026-06-03,LABORAL,10:00,137.0,98.25316524602648,100.8559670781893
1,2026-06-03,LABORAL,10:30,80.0,92.74213845920715,94.26859504132231
1,2026-06-03,LABORAL,11:00,114.0,88.54827803752482,92.60082304526749
1,2026-06-03,LABORAL,11:30,69.0,97.55460765833354,100.76131687242798
1,2026-06-03,LABORAL,12:00,82.0,108.64998810960189,112.52479338842976
1,2026-06-03,LABORAL,12:30,125.0,125.21994500247871,131.02479338842974
1,2026-06-03,LABORAL,13:00,117.0,133.02123693958643,133.83539094650206
1,2026-06-03,LABORAL,13:30,87.0,135.21749770370513,141.77272727272728
1,2026-06-03,LABORAL,14:00,197.0,143.77788770790025,148.59583333333333
1,2026-06-03,LABORAL,14:30,52.0,149.85357813756252,154.61157024793388
1,2026-06-03,LABORAL,15:00,136.0,162.64299174508312,176.2469135802469
1,2026-06-03,LABORAL,15:30,202.0,169.1375029910165,176.95416666666668
1,2026-06-03,LABORAL,16:00,156.0,135.7533581292403,146.60995850622407
1,2026-06-03,LABORAL,16:30,78.0,107.98792329034188,119.02892561983471
1,2026-06-04,LABORAL,04:30,121.0,113.01765274314444,118.7448559670782
1,2026-06-04,LABORAL,05:00,61.0,113.47097861571336,121.68181818181819
1,2026-06-04,LABORAL,05:30,137.0,132.59699227816773,139.74897119341563
1,2026-06-04,LABORAL,06:00,144.0,124.81286670850785,138.26748971193416
1,2026-06-04,LABORAL,06:30,121.0,127.8202620735782,132.62809917355372
1,2026-06-04,LABORAL,07:00,134.0,128.40379723442035,129.01239669421489
1,2026-06-04,LABORAL,07:30,131.0,127.20185872834469,134.50205761316872
1,2026-06-04,LABORAL,08:00,111.0,120.88374856312355,132.18595041322314
1,2026-06-04,LABORAL,08:30,88.0,123.12676650724347,134.69834710743802
1,2026-06-04,LABORAL,09:00,156.0,124.75328609122968,134.76446280991735
1,2026-06-04,LABORAL,09:30,84.0,107.74394655500303,119.32921810699588
1,2026-06-04,LABORAL,10:00,52.0,101.05659876389163,100.78600823045268
1,2026-06-04,LABORAL,10:30,130.0,85.69802105638144,94.5
1,2026-06-04,LABORAL,11:00,59.0,82.04066697533125,92.39094650205762
1,2026-06-04,LABORAL,11:30,69.0,97.89857356140784,100.5843621399177
1,2026-06-04,LABORAL,12:00,92.0,107.85161768862298,112.46694214876032
1,2026-06-04,LABORAL,12:30,126.0,118.40613838743556,130.8305785123967
1,2026-06-04,LABORAL,13:00,77.0,131.19925225886317,133.9506172839506
1,2026-06-04,LABORAL,13:30,120.0,131.51621144979362,141.4793388429752
1,2026-06-04,LABORAL,14:00,116.0,133.33216175153748,148.60833333333332
1,2026-06-04,LABORAL,14:30,84.0,144.27824834640478,153.8388429752066
1,2026-06-04,LABORAL,15:00,124.0,152.08547606199798,175.90534979423867
1,2026-06-04,LABORAL,15:30,179.0,161.10841414558246,176.86666666666667
1,2026-06-04,LABORAL,16:00,68.0,126.31176714296856,146.58091286307055
1,2026-06-04,LABORAL,16:30,72.0,98.42674690045136,118.77272727272727
1,2026-06-04,LABORAL,17:00,37.0,59.122175050728266,70.56387665198238
1,2026-06-05,LABORAL,04:30,107.0,91.69175545706014,118.66666666666667
1,2026-06-05,LABORAL,05:00,80.0,90.60324688086715,121.2603305785124
1,2026-06-05,LABORAL,05:30,137.0,107.6892059880261,139.559670781893
1,2026-06-05,LABORAL,06:00,104.0,102.70905058548784,138.02057613168725
1,2026-06-05,LABORAL,06:30,103.0,107.13839541000813,132.4793388429752
1,2026-06-05,LABORAL,07:00,147.0,107.32291857567603,128.94214876033058
1,2026-06-05,LABORAL,07:30,134.0,103.43473612034649,134.3744855967078
1,2026-06-05,LABORAL,08:00,70.0,101.29534815423392,132.02479338842974
1,2026-06-05,LABORAL,08:30,168.0,103.36096013454055,134.4793388429752
1,2026-06-05,LABORAL,09:00,164.0,101.29466223299097,134.77272727272728
1,2026-06-05,LABORAL,09:30,78.0,88.33942397336959,119.24691358024691
1,2026-06-05,LABORAL,10:00,87.0,90.29886659500255,100.24279835390946
1,2026-06-05,LABORAL,10:30,88.0,72.35168102482362,94.58264462809917
1,2026-06-05,LABORAL,11:00,85.0,70.77383092154352,92.32510288065843
1,2026-06-05,LABORAL,11:30,40.0,85.64333474854193,100.19753086419753
1,2026-06-05,LABORAL,12:00,120.0,93.18902934508196,112.44214876033058
1,2026-06-05,LABORAL,12:30,90.0,96.76050875973425,130.6694214876033
1,2026-06-05,LABORAL,13:00,100.0,108.42197768306023,133.66666666666666
1,2026-06-05,LABORAL,13:30,272.0,106.52176334515417,141.36776859504133
1,2026-06-05,LABORAL,14:00,119.0,102.85347841239526,148.4625
1,2026-06-05,LABORAL,14:30,150.0,116.78475447638614,153.44628099173553
1,2026-06-05,LABORAL,15:00,149.0,117.08851524568394,175.78189300411523
1,2026-06-05,LABORAL,15:30,132.0,124.22232194815363,176.49166666666667
1,2026-06-05,LABORAL,16:00,138.0,89.54089080983208,146.29460580912863
1,2026-06-05,LABORAL,16:30,94.0,71.49832625023629,118.32644628099173
1,2026-06-05,LABORAL,17:00,23.0,50.768505068970796,70.29074889867842
1,2026-06-06,SABADO,04:30,77.0,72.46557652440114,74.54901960784314
1,2026-06-06,SABADO,05:00,60.0,63.347591586995485,64.3921568627451
1,2026-06-06,SABADO,05:30,86.0,86.1785775183426,97.78846153846153
1,2026-06-06,SABADO,06:00,58.0,90.15740210652955,95.0576923076923
1,2026-06-06,SABADO,06:30,74.0,96.74823157522084,109.1923076923077
1,2026-06-06,SABADO,07:00,153.0,99.80701213515128,103.23076923076923
1,2026-06-06,SABADO,07:30,65.0,94.04040148039147,103.32692307692308
1,2026-06-06,SABADO,08:00,103.0,94.70667131833497,101.4423076923077
1,2026-06-06,SABADO,08:30,84.0,90.43079951183216,99.61538461538461
1,2026-06-06,SABADO,09:00,169.0,87.9302618107131,98.98076923076923
1,2026-06-06,SABADO,09:30,50.0,79.11718807665662,91.51923076923077
1,2026-06-06,SABADO,10:00,64.0,84.14428390262789,86.11538461538461
1,2026-06-06,SABADO,10:30,149.0,77.6393937637159,90.36
1,2026-06-06,SABADO,11:30,84.0,74.52274434434474,82.47058823529412
1,2026-06-06,SABADO,12:00,61.0,69.3939405616155,93.9423076923077
1,2026-06-06,SABADO,13:00,58.0,84.38780316873162,73.65957446808511
1,2026-06-06,SABADO,13:30,68.0,79.81891386939134,75.3125
1,2026-06-06,SABADO,14:00,113.0,75.00477582145642,78.10204081632654
1,2026-06-06,SABADO,14:30,52.0,75.58132523679691,74.3061224489796
1,2026-06-06,SABADO,15:00,71.0,77.89631417353314,71.58
1,2026-06-06,SABADO,16:00,82.0,67.58277833432223,55.170212765957444
1,2026-06-07,DOMINGO,06:30,16.0,30.533164450207536,33.72727272727273
1,2026-06-07,DOMINGO,07:00,25.0,26.618107127053875,32.46153846153846
1,2026-06-07,DOMINGO,07:30,32.0,33.061471213701466,32.666666666666664
1,2026-06-07,DOMINGO,08:00,19.0,40.04060214705024,36.170731707317074
1,2026-06-07,DOMINGO,08:30,67.0,35.55084673578125,44.51162790697674
1,2026-06-07,DOMINGO,09:30,53.0,34.203227321214285,35.55263157894737
1,2026-06-07,DOMINGO,10:00,23.0,33.11753170157861,34.68181818181818
1,2026-06-07,DOMINGO,10:30,15.0,37.41629164189193,35.21052631578947
1,2026-06-07,DOMINGO,11:00,37.0,42.56476715620245,38.0
1,2026-06-07,DOMINGO,11:30,19.0,34.5772720918999,36.06666666666667
1,2026-06-07,DOMINGO,12:00,22.0,29.618917469951015,37.0
1,2026-06-07,DOMINGO,12:30,40.0,35.8771645031928,37.567567567567565
1,2026-06-07,DOMINGO,13:00,28.0,36.58165630165175,32.333333333333336
1,2026-06-07,DOMINGO,13:30,21.0,34.4025937587128,30.21212121212121
1,2026-06-07,DOMINGO,14:30,30.0,39.794870550088376,37.903225806451616
1,2026-06-07,DOMINGO,15:00,25.0,37.13225350251166,35.266666666666666
1,2026-06-07,DOMINGO,16:00,32.0,37.551439022629,32.76190476190476
1,2026-06-08,FESTIVO_PUENTE,07:30,23.0,89.77170634445926,46.666666666666664
1,2026-06-08,FESTIVO_PUENTE,08:30,55.0,83.30439407012047,24.11111111111111
1,2026-06-08,FESTIVO_PUENTE,09:30,18.0,102.77081612287463,36.666666666666664
1,2026-06-08,FESTIVO_PUENTE,11:00,18.0,115.51117356221981,23.22222222222222
1,2026-06-08,FESTIVO_PUENTE,11:30,21.0,97.19352384256524,30.0
1,2026-06-08,FESTIVO_PUENTE,13:30,17.0,96.75888329437554,26.0
1,2026-06-08,FESTIVO_PUENTE,14:30,24.0,103.72647398533707,36.57142857142857
1,2026-06-08,FESTIVO_PUENTE,15:30,21.0,100.92262544367281,30.6
1,2026-06-09,LABORAL,04:30,88.0,107.19366173588051,118.53719008264463
1,2026-06-09,LABORAL,05:00,129.0,113.55665115672232,120.92116182572614
1,2026-06-09,LABORAL,05:30,140.0,132.373367868461,139.3099173553719
1,2026-06-09,LABORAL,06:00,110.0,138.18001901592427,137.62396694214877
1,2026-06-09,LABORAL,06:30,141.0,134.5093906812955,132.19502074688796
1,2026-06-09,LABORAL,07:00,54.0,134.22846842015423,129.149377593361
1,2026-06-09,LABORAL,07:30,168.0,135.26733567203448,134.22727272727272
1,2026-06-09,LABORAL,08:00,102.0,132.77475461517156,131.5643153526971
1,2026-06-09,LABORAL,08:30,66.0,141.10747531804907,134.48547717842322
1,2026-06-09,LABORAL,09:00,147.0,143.31458029077191,134.90871369294607
1,2026-06-09,LABORAL,09:30,129.0,120.78752607981545,119.14049586776859
1,2026-06-09,LABORAL,10:00,89.0,112.89323785674623,100.0495867768595
1,2026-06-09,LABORAL,10:30,81.0,95.32008414763156,94.76348547717842
1,2026-06-09,LABORAL,11:00,83.0,85.56075684567556,92.14876033057851
1,2026-06-09,LABORAL,11:30,92.0,105.45333456346508,99.6900826446281
1,2026-06-09,LABORAL,12:00,147.0,111.42128257489536,112.56846473029046
1,2026-06-09,LABORAL,12:30,106.0,137.23909256895197,130.2240663900415
1,2026-06-09,LABORAL,13:00,147.0,128.08523769598986,133.6487603305785
1,2026-06-09,LABORAL,13:30,152.0,138.5660200002064,141.4232365145228
1,2026-06-09,LABORAL,14:00,186.0,129.0487644241477,148.5020920502092
1,2026-06-09,LABORAL,14:30,49.0,146.76954532103397,153.4813278008299
1,2026-06-09,LABORAL,15:00,135.0,161.51093788695246,175.1694214876033
1,2026-06-09,LABORAL,15:30,116.0,145.46733328339806,175.81589958158995
1,2026-06-09,LABORAL,16:00,133.0,148.7778766233341,146.2875
1,2026-06-09,LABORAL,16:30,76.0,109.7078877168812,117.70954356846472
1,2026-06-10,LABORAL,04:30,121.0,99.38796792522132,118.35123966942149
1,2026-06-10,LABORAL,05:00,67.0,109.7288331544741,120.7551867219917
1,2026-06-10,LABORAL,05:30,145.0,120.29164223950079,139.28099173553719
1,2026-06-10,LABORAL,06:00,93.0,117.53333990059326,137.3388429752066
1,2026-06-10,LABORAL,06:30,136.0,121.26375394821436,132.3609958506224
1,2026-06-10,LABORAL,07:00,54.0,118.8346927067384,128.7344398340249
1,2026-06-10,LABORAL,07:30,154.0,119.5105838225883,134.48347107438016
1,2026-06-10,LABORAL,08:00,72.0,107.3552556415081,131.34854771784234
1,2026-06-10,LABORAL,08:30,112.0,126.75435547707394,134.07883817427387
1,2026-06-10,LABORAL,09:00,142.0,119.57457419404906,134.7759336099585
1,2026-06-10,LABORAL,09:30,100.0,104.26995731334412,119.02066115702479
1,2026-06-10,LABORAL,10:00,72.0,88.15179625617202,100.05785123966942
1,2026-06-10,LABORAL,10:30,76.0,91.43769334825033,94.82157676348548
1,2026-06-10,LABORAL,11:00,104.0,78.9998292386312,92.18181818181819
1,2026-06-10,LABORAL,11:30,65.0,90.28927370693866,99.53305785123968
1,2026-06-10,LABORAL,12:00,79.0,86.38510505597858,112.7883817427386
1,2026-06-10,LABORAL,12:30,87.0,95.45436640838601,130.31950207468878
1,2026-06-10,LABORAL,13:00,167.0,121.66578134714182,133.71900826446281
1,2026-06-10,LABORAL,13:30,101.0,116.30466629058317,141.33195020746888
1,2026-06-10,LABORAL,14:00,50.0,120.23671673416369,148.68200836820083
1,2026-06-10,LABORAL,14:30,57.0,142.9457605743461,153.23651452282158
1,2026-06-10,LABORAL,15:00,66.0,150.35090326344292,175.19421487603304
1,2026-06-10,LABORAL,15:30,47.0,153.53795227074824,175.61506276150627
1,2026-06-10,LABORAL,16:00,37.0,111.96744838470428,146.175
3,2026-04-02,FESTIVO,07:00,26.0,27.21807272244422,28.25
3,2026-04-02,FESTIVO,07:30,42.0,18.711793547840173,40.0
3,2026-04-02,FESTIVO,08:00,11.0,26.56355244706961,40.714285714285715
3,2026-04-02,FESTIVO,08:30,62.0,6.761563194365692,23.857142857142858
3,2026-04-02,FESTIVO,09:00,50.0,25.516635192212917,42.333333333333336
3,2026-04-02,FESTIVO,09:30,17.0,-3.4572591728150712,28.75
3,2026-04-02,FESTIVO,10:00,24.0,23.856579695963234,30.5
3,2026-04-02,FESTIVO,10:30,46.0,12.361941063380485,26.714285714285715
3,2026-04-02,FESTIVO,11:00,22.0,17.781050049672032,28.25
3,2026-04-02,FESTIVO,11:30,55.0,10.145712513644867,38.285714285714285
3,2026-04-02,FESTIVO,12:00,14.0,6.564145677413961,38.5
3,2026-04-02,FESTIVO,12:30,46.0,15.131311321370887,34.8
3,2026-04-02,FESTIVO,13:00,29.0,8.712247755883695,26.2
3,2026-04-02,FESTIVO,13:30,13.0,13.51991494169144,23.666666666666668
3,2026-04-02,FESTIVO,14:00,23.0,13.795693196377641,29.0
3,2026-04-02,FESTIVO,14:30,26.0,30.056403766901738,29.666666666666668
3,2026-04-02,FESTIVO,15:00,21.0,11.468537805552387,51.0
3,2026-04-02,FESTIVO,15:30,20.0,25.573275924208374,38.666666666666664
3,2026-04-02,FESTIVO,16:00,42.0,37.618442077415324,30.0
3,2026-04-03,FESTIVO,07:00,1.0,37.38755749395733,27.8
3,2026-04-03,FESTIVO,07:30,28.0,33.549376185285155,40.4
3,2026-04-03,FESTIVO,08:30,25.0,58.18994433159355,28.625
3,2026-04-03,FESTIVO,09:00,17.0,80.94257751688247,43.42857142857143
3,2026-04-03,FESTIVO,09:30,17.0,84.3247906680595,26.4
3,2026-04-03,FESTIVO,10:30,35.0,34.855376898406405,29.125
3,2026-04-03,FESTIVO,11:00,14.0,29.0233053315212,27.0
3,2026-04-03,FESTIVO,11:30,24.0,15.775910091859501,40.375
3,2026-04-03,FESTIVO,12:30,27.0,24.743691483199214,36.666666666666664
3,2026-04-03,FESTIVO,14:00,24.0,24.150371464534956,27.5
3,2026-04-03,FESTIVO,15:00,28.0,14.356199899176005,43.5
3,2026-04-04,SABADO,04:00,25.0,43.98302676268706,38.2
3,2026-04-04,SABADO,04:30,86.0,82.52088052560748,110.38461538461539
3,2026-04-04,SABADO,05:00,64.0,154.5196905094242,162.44230769230768
3,2026-04-04,SABADO,05:30,98.0,146.49352674372327,171.73076923076923
3,2026-04-04,SABADO,06:00,100.0,178.29562609436766,211.78846153846155
3,2026-04-04,SABADO,06:30,67.0,152.05705437068224,182.82692307692307
3,2026-04-04,SABADO,07:00,73.0,107.80243574100612,139.0
3,2026-04-04,SABADO,07:30,42.0,94.53989078936524,120.67307692307692
3,2026-04-04,SABADO,08:00,107.0,84.00717729749181,118.25
3,2026-04-04,SABADO,08:30,32.0,94.93834976506324,110.61538461538461
3,2026-04-04,SABADO,09:00,85.0,77.03096064522285,95.11538461538461
3,2026-04-04,SABADO,09:30,97.0,77.32204724607423,97.71153846153847
3,2026-04-04,SABADO,10:00,31.0,71.92470477223335,96.46153846153847
3,2026-04-04,SABADO,10:30,36.0,73.98108029928358,91.28846153846153
3,2026-04-04,SABADO,11:00,44.0,66.31088050639697,100.41176470588235
3,2026-04-04,SABADO,11:30,70.0,87.04062753930765,90.88235294117646
3,2026-04-04,SABADO,12:00,31.0,79.76687175304835,90.98076923076923
3,2026-04-04,SABADO,12:30,62.0,77.18712306425664,81.20408163265306
3,2026-04-04,SABADO,13:30,41.0,74.72885616591907,67.7843137254902
3,2026-04-04,SABADO,14:00,27.0,74.83665932725665,74.22448979591837
3,2026-04-04,SABADO,14:30,64.0,73.34115854722651,65.81632653061224
3,2026-04-04,SABADO,15:00,30.0,82.34606922041613,74.19565217391305
3,2026-04-04,SABADO,15:30,72.0,50.746911996034825,69.29787234042553
3,2026-04-05,DOMINGO,07:00,15.0,28.784264686081883,30.175
3,2026-04-05,DOMINGO,07:30,32.0,33.916852303066975,34.645833333333336
3,2026-04-05,DOMINGO,08:00,33.0,45.57496488647128,40.869565217391305
3,2026-04-05,DOMINGO,08:30,22.0,55.16797213817432,40.19047619047619
3,2026-04-05,DOMINGO,09:30,30.0,51.428178408146465,34.04761904761905
3,2026-04-05,DOMINGO,10:30,34.0,50.80388524275118,38.83720930232558
3,2026-04-05,DOMINGO,11:30,36.0,42.23225215325894,37.34285714285714
3,2026-04-05,DOMINGO,12:00,21.0,34.907280220674394,38.68571428571428
3,2026-04-05,DOMINGO,14:00,31.0,36.67648725213688,30.771428571428572
3,2026-04-05,DOMINGO,14:30,28.0,43.24566183409358,37.371428571428574
3,2026-04-05,DOMINGO,15:00,17.0,33.011974299881345,36.333333333333336
3,2026-04-06,LABORAL,04:00,35.0,53.62546921097828,54.611111111111114
3,2026-04-06,LABORAL,04:30,118.0,163.5431993435624,165.5850622406639
3,2026-04-06,LABORAL,05:00,262.0,281.5344216985784,278.1942148760331
3,2026-04-06,LABORAL,05:30,251.0,262.5516474652262,280.6487603305785
3,2026-04-06,LABORAL,06:00,180.0,299.42029392920745,300.1694214876033
3,2026-04-06,LABORAL,06:30,304.0,229.21987114977912,227.71487603305786
3,2026-04-06,LABORAL,07:00,186.0,182.12361801637405,181.47107438016528
3,2026-04-06,LABORAL,07:30,141.0,164.91361860082182,163.3609958506224
3,2026-04-06,LABORAL,08:00,172.0,148.76488205683575,149.61764705882354
3,2026-04-06,LABORAL,08:30,117.0,152.9550768703148,149.0954356846473
3,2026-04-06,LABORAL,09:00,134.0,148.39821191804987,141.8423236514523
3,2026-04-06,LABORAL,09:30,137.0,141.04115464691552,126.68333333333334
3,2026-04-06,LABORAL,10:00,145.0,140.60066894243005,133.3
3,2026-04-06,LABORAL,10:30,70.0,128.28057449871113,121.0
3,2026-04-06,LABORAL,11:00,185.0,104.14680301404027,113.87136929460581
3,2026-04-06,LABORAL,11:30,101.0,136.66984439820249,132.13278008298755
3,2026-04-06,LABORAL,12:00,198.0,176.10271570209332,172.04545454545453
3,2026-04-06,LABORAL,12:30,179.0,142.94170424423808,143.20833333333334
3,2026-04-06,LABORAL,13:00,124.0,147.30983317162529,144.5850622406639
3,2026-04-06,LABORAL,13:30,175.0,149.92627033392773,139.1701244813278
3,2026-04-06,LABORAL,14:00,113.0,139.03898677229182,133.69294605809128
3,2026-04-06,LABORAL,14:30,150.0,148.74129352552086,149.25416666666666
3,2026-04-06,LABORAL,15:00,117.0,170.50378458912184,156.82157676348547
3,2026-04-06,LABORAL,15:30,110.0,140.50429249668417,150.55
3,2026-04-06,LABORAL,16:00,125.0,112.54462568008623,118.59493670886076
3,2026-04-06,LABORAL,16:30,119.0,85.29568618409138,89.71308016877637
3,2026-04-06,LABORAL,17:30,17.0,49.00558423902616,34.025
3,2026-04-07,LABORAL,04:00,45.0,52.01558967454662,54.343434343434346
3,2026-04-07,LABORAL,04:30,72.0,163.1513142358303,165.39834024896265
3,2026-04-07,LABORAL,05:00,361.0,278.90417648426046,278.099173553719
3,2026-04-07,LABORAL,05:30,270.0,287.7254061958588,280.1528925619835
3,2026-04-07,LABORAL,06:00,358.0,297.0735255264396,299.71487603305786
3,2026-04-07,LABORAL,06:30,182.0,221.6271493545052,227.80165289256198
3,2026-04-07,LABORAL,07:00,214.0,175.25580438794685,181.4297520661157
3,2026-04-07,LABORAL,07:30,200.0,161.042970581247,162.94190871369295
3,2026-04-07,LABORAL,08:00,177.0,146.65565224327634,149.46218487394958
3,2026-04-07,LABORAL,08:30,130.0,144.03743580619434,148.8713692946058
3,2026-04-07,LABORAL,09:00,91.0,142.60169031486635,141.96265560165975
3,2026-04-07,LABORAL,09:30,144.0,129.37864021162133,126.65
3,2026-04-07,LABORAL,10:00,185.0,132.18820804501888,133.475
3,2026-04-07,LABORAL,10:30,96.0,122.64292085825868,120.34024896265561
3,2026-04-07,LABORAL,11:00,107.0,112.91970674561433,114.2116182572614
3,2026-04-07,LABORAL,11:30,183.0,138.6920362322314,132.2033195020747
3,2026-04-07,LABORAL,12:00,133.0,166.90923949214115,172.2396694214876
3,2026-04-07,LABORAL,12:30,194.0,135.3689954332387,143.12083333333334
3,2026-04-07,LABORAL,13:00,98.0,132.77131480533404,144.5186721991701
3,2026-04-07,LABORAL,13:30,150.0,131.80281908441282,139.30705394190872
3,2026-04-07,LABORAL,14:00,189.0,124.30653434369756,133.25726141078837
3,2026-04-07,LABORAL,14:30,168.0,154.504271428786,149.39583333333334
3,2026-04-07,LABORAL,15:00,111.0,148.19984503524964,156.41908713692945
3,2026-04-07,LABORAL,15:30,174.0,141.09174428269276,150.3125
3,2026-04-07,LABORAL,16:00,111.0,106.06174098209762,118.28270042194093
3,2026-04-07,LABORAL,16:30,108.0,80.41368107246034,89.80590717299577
3,2026-04-08,LABORAL,04:00,88.0,52.141265679695024,54.313131313131315
3,2026-04-08,LABORAL,04:30,146.0,173.165872387095,164.88381742738588
3,2026-04-08,LABORAL,05:00,229.0,297.1430864439559,278.56611570247935
3,2026-04-08,LABORAL,05:30,335.0,300.3389246666713,280.27685950413223
3,2026-04-08,LABORAL,06:00,278.0,313.3957142984018,299.5206611570248
3,2026-04-08,LABORAL,06:30,162.0,231.42494630602735,227.4793388429752
3,2026-04-08,LABORAL,07:00,154.0,183.3014693274492,181.4504132231405
3,2026-04-08,LABORAL,07:30,108.0,166.01403346556285,163.1825726141079
3,2026-04-08,LABORAL,08:00,168.0,155.30253817804035,149.18487394957984
3,2026-04-08,LABORAL,08:30,127.0,145.07529546823642,148.7219917012448
3,2026-04-08,LABORAL,09:00,147.0,144.70706130307096,141.64315352697096
3,2026-04-08,LABORAL,09:30,119.0,129.06125031717622,126.60416666666667
3,2026-04-08,LABORAL,10:00,126.0,135.69151930767768,133.4625
3,2026-04-08,LABORAL,10:30,155.0,124.11220451117636,120.21576763485477
3,2026-04-08,LABORAL,11:00,98.0,121.57689733622968,113.94190871369294
3,2026-04-08,LABORAL,11:30,121.0,147.05621706128136,132.4356846473029
3,2026-04-08,LABORAL,12:00,229.0,169.20757683893714,172.0495867768595
3,2026-04-08,LABORAL,12:30,98.0,148.35380037027014,143.19166666666666
3,2026-04-08,LABORAL,13:00,191.0,139.95888717975012,144.3278008298755
3,2026-04-08,LABORAL,13:30,186.0,137.842926091924,138.91701244813277
3,2026-04-08,LABORAL,14:00,91.0,132.1280831557771,133.3609958506224
3,2026-04-08,LABORAL,14:30,195.0,159.36256432801994,149.4625
3,2026-04-08,LABORAL,15:00,61.0,151.50470145989843,156.2033195020747
3,2026-04-08,LABORAL,15:30,106.0,147.407784043669,150.29583333333332
3,2026-04-08,LABORAL,16:00,140.0,106.20178652388904,117.94092827004219
3,2026-04-08,LABORAL,16:30,55.0,83.68562096093618,89.8902953586498
3,2026-04-08,LABORAL,17:00,40.0,45.79937658122114,58.44927536231884
3,2026-04-09,LABORAL,04:00,77.0,52.82721500511677,54.32828282828283
3,2026-04-09,LABORAL,04:30,66.0,150.1222767519749,164.83402489626556
3,2026-04-09,LABORAL,05:00,348.0,279.72901455152083,278.25206611570246
3,2026-04-09,LABORAL,05:30,236.0,264.1820690014466,280.57851239669424
3,2026-04-09,LABORAL,06:00,306.0,294.9737584503589,299.6818181818182
3,2026-04-09,LABORAL,06:30,126.0,214.4852267105133,226.8595041322314
3,2026-04-09,LABORAL,07:00,183.0,174.27816940733487,181.4297520661157
3,2026-04-09,LABORAL,07:30,230.0,150.01072043618996,162.67634854771785
3,2026-04-09,LABORAL,08:00,90.0,139.45414551023038,149.1218487394958
3,2026-04-09,LABORAL,08:30,120.0,139.53749068758881,148.6721991701245
3,2026-04-09,LABORAL,09:00,139.0,130.18218779370525,141.57261410788382
3,2026-04-09,LABORAL,09:30,145.0,109.76984052733837,126.47083333333333
3,2026-04-09,LABORAL,10:00,170.0,122.0221037169977,133.50416666666666
3,2026-04-09,LABORAL,10:30,38.0,108.77123642097209,120.53941908713693
3,2026-04-09,LABORAL,11:00,172.0,112.88764458322858,113.61410788381743
3,2026-04-09,LABORAL,11:30,78.0,134.80497580106308,132.29045643153526
3,2026-04-09,LABORAL,12:00,159.0,160.2944485363274,172.26859504132233
3,2026-04-09,LABORAL,12:30,43.0,146.28888544103262,142.97083333333333
3,2026-04-09,LABORAL,13:00,169.0,144.6032504056705,144.63485477178423
3,2026-04-09,LABORAL,13:30,141.0,128.20018923021763,138.8921161825726
3,2026-04-09,LABORAL,14:00,81.0,126.69732439543822,133.46473029045643
3,2026-04-09,LABORAL,14:30,162.0,152.99057433220725,149.5375
3,2026-04-09,LABORAL,15:00,126.0,145.98483122503,155.8091286307054
3,2026-04-09,LABORAL,15:30,144.0,133.71168707479256,150.00416666666666
3,2026-04-09,LABORAL,16:00,93.0,110.22177381774854,117.73417721518987
3,2026-04-09,LABORAL,16:30,78.0,82.14266243201659,89.71729957805907
3,2026-04-09,LABORAL,17:00,41.0,47.83878772375489,58.36057692307692
3,2026-04-10,LABORAL,04:00,93.0,51.19256970535284,54.45454545454545
3,2026-04-10,LABORAL,04:30,50.0,142.67343986699044,164.13692946058092
3,2026-04-10,LABORAL,05:00,298.0,251.09984459607475,278.71487603305786
3,2026-04-10,LABORAL,05:30,229.0,231.60155535983066,280.202479338843
3,2026-04-10,LABORAL,06:00,416.0,268.1465549435627,299.504132231405
3,2026-04-10,LABORAL,06:30,134.0,207.4404352006503,226.17768595041323
3,2026-04-10,LABORAL,07:00,192.0,171.14320407618462,181.43388429752065
3,2026-04-10,LABORAL,07:30,153.0,146.47940005359447,162.7344398340249
3,2026-04-10,LABORAL,08:00,186.0,138.4340593615008,148.99579831932772
3,2026-04-10,LABORAL,08:30,170.0,142.84353715506703,148.22821576763485
3,2026-04-10,LABORAL,09:00,142.0,130.961072823436,141.7759336099585
3,2026-04-10,LABORAL,09:30,78.0,114.09897898187133,126.51666666666667
3,2026-04-10,LABORAL,10:00,122.0,117.14537665769713,133.5875
3,2026-04-10,LABORAL,10:30,141.0,113.08202014687663,120.13278008298755
3,2026-04-10,LABORAL,11:00,110.0,109.86023286162624,113.9253112033195
3,2026-04-10,LABORAL,11:30,94.0,127.14051715409252,131.850622406639
3,2026-04-10,LABORAL,12:00,198.0,149.79447663565463,172.1694214876033
3,2026-04-10,LABORAL,12:30,109.0,129.89543676509078,142.69166666666666
3,2026-04-10,LABORAL,13:00,135.0,146.99465491349883,144.82157676348547
3,2026-04-10,LABORAL,13:30,178.0,115.50207967986651,138.16597510373444
3,2026-04-10,LABORAL,14:00,137.0,123.67058817381262,133.448132780083
3,2026-04-10,LABORAL,14:30,191.0,123.47010741466082,149.64166666666668
3,2026-04-10,LABORAL,15:00,83.0,124.23038577545546,155.746887966805
3,2026-04-10,LABORAL,15:30,61.0,107.33649814006331,149.98333333333332
3,2026-04-10,LABORAL,16:00,37.0,88.17924008273567,117.41772151898734
3,2026-04-10,LABORAL,16:30,68.0,63.89133993905362,89.37974683544304
3,2026-04-10,LABORAL,17:00,57.0,44.08453378985162,58.37980769230769
3,2026-04-11,SABADO,04:00,30.0,38.4193625318383,37.85
3,2026-04-11,SABADO,04:30,71.0,98.20662692557411,109.13461538461539
3,2026-04-11,SABADO,05:00,232.0,166.84572663372717,160.46153846153845
3,2026-04-11,SABADO,05:30,148.0,166.50064372705526,169.3846153846154
3,2026-04-11,SABADO,06:00,161.0,204.94007077780537,209.5
3,2026-04-11,SABADO,06:30,201.0,180.65795671165253,180.6153846153846
3,2026-04-11,SABADO,07:00,141.0,132.47684320682396,137.80769230769232
3,2026-04-11,SABADO,07:30,119.0,122.42824029170853,118.36538461538461
3,2026-04-11,SABADO,08:00,76.0,111.47688850280775,118.3076923076923
3,2026-04-11,SABADO,08:30,134.0,108.5332515841774,108.46153846153847
3,2026-04-11,SABADO,09:00,77.0,99.94704275069897,94.0
3,2026-04-11,SABADO,09:30,89.0,93.1269226283452,97.84615384615384
3,2026-04-11,SABADO,10:00,75.0,95.45711865680937,94.67307692307692
3,2026-04-11,SABADO,10:30,121.0,91.99530344518044,90.96153846153847
3,2026-04-11,SABADO,11:00,101.0,96.92425933126557,97.07843137254902
3,2026-04-11,SABADO,11:30,45.0,87.34045303103187,90.37254901960785
3,2026-04-11,SABADO,12:00,87.0,90.52526474134066,89.01923076923077
3,2026-04-11,SABADO,12:30,109.0,73.62955452800954,80.40816326530613
3,2026-04-11,SABADO,13:00,25.0,80.3760420378687,74.77083333333333
3,2026-04-11,SABADO,13:30,40.0,66.11725639313899,66.84313725490196
3,2026-04-11,SABADO,14:00,82.0,74.02036061335986,73.71428571428571
3,2026-04-11,SABADO,15:00,142.0,57.6773298137894,72.56521739130434
3,2026-04-11,SABADO,16:00,18.0,59.85518154900711,54.30232558139535
3,2026-04-11,SABADO,16:30,29.0,48.39962063946969,47.3125
3,2026-04-12,DOMINGO,08:00,34.0,31.90420498563759,40.41304347826087
3,2026-04-12,DOMINGO,08:30,24.0,24.093399316990528,39.333333333333336
3,2026-04-12,DOMINGO,09:30,32.0,31.86939925249993,34.095238095238095
3,2026-04-12,DOMINGO,10:00,38.0,29.18787945810621,41.52272727272727
3,2026-04-12,DOMINGO,11:00,25.0,28.564416103996706,36.5
3,2026-04-12,DOMINGO,12:00,28.0,35.722607346580645,37.34285714285714
3,2026-04-12,DOMINGO,13:00,21.0,38.928587726150994,31.605263157894736
3,2026-04-12,DOMINGO,14:00,25.0,31.664177553874822,31.085714285714285
3,2026-04-13,LABORAL,04:00,81.0,50.70813797610904,54.666666666666664
3,2026-04-13,LABORAL,04:30,93.0,160.96287776097023,163.6390041493776
3,2026-04-13,LABORAL,05:00,270.0,283.4791197800955,278.8471074380165
3,2026-04-13,LABORAL,05:30,294.0,269.53646732257505,279.46280991735534
3,2026-04-13,LABORAL,06:00,206.0,262.9493425543859,299.995867768595
3,2026-04-13,LABORAL,06:30,291.0,226.22751967341782,225.70247933884298
3,2026-04-13,LABORAL,07:00,188.0,179.20474174097723,181.77685950413223
3,2026-04-13,LABORAL,07:30,144.0,153.9751764070592,162.41078838174275
3,2026-04-13,LABORAL,08:00,111.0,141.83813992422375,149.19747899159663
3,2026-04-13,LABORAL,08:30,55.0,158.78533993516913,148.52282157676348
3,2026-04-13,LABORAL,09:00,66.0,149.11022177032083,141.90041493775934
3,2026-04-13,LABORAL,09:30,25.0,133.33852610956853,126.17916666666666
3,2026-04-13,LABORAL,10:00,114.0,144.09904034166954,133.59583333333333
3,2026-04-13,LABORAL,10:30,178.0,129.20433080024196,120.20331950207469
3,2026-04-13,LABORAL,11:00,48.0,101.98062048579847,113.81742738589212
3,2026-04-13,LABORAL,11:30,150.0,139.22166792096303,131.6597510373444
3,2026-04-13,LABORAL,12:00,126.0,175.16110566070097,172.06198347107437
3,2026-04-13,LABORAL,12:30,147.0,141.57287029692205,142.4
3,2026-04-13,LABORAL,13:00,194.0,149.78838112468964,144.94605809128632
3,2026-04-13,LABORAL,13:30,70.0,148.2270680957388,138.2655601659751
3,2026-04-13,LABORAL,14:00,121.0,133.72121256465107,133.09128630705393
3,2026-04-13,LABORAL,14:30,121.0,161.5184179304169,149.575
3,2026-04-13,LABORAL,15:00,134.0,165.13663376313042,155.36929460580913
3,2026-04-13,LABORAL,15:30,118.0,151.48386102779298,149.74166666666667
3,2026-04-13,LABORAL,16:00,105.0,119.54959308701831,116.61603375527426
3,2026-04-13,LABORAL,16:30,41.0,83.4101578568467,89.17721518987342
3,2026-04-13,LABORAL,17:00,48.0,42.67706988866277,58.25961538461539
3,2026-04-14,LABORAL,04:00,50.0,53.24875768733706,54.803030303030305
3,2026-04-14,LABORAL,04:30,113.0,164.70179430427484,163.22821576763485
3,2026-04-14,LABORAL,05:00,362.0,291.11461717679265,279.23553719008265
3,2026-04-14,LABORAL,05:30,148.0,269.989074203894,279.504132231405
3,2026-04-14,LABORAL,06:00,316.0,282.8221352092967,299.5082644628099
3,2026-04-14,LABORAL,06:30,252.0,227.78779334351134,225.95454545454547
3,2026-04-14,LABORAL,07:00,162.0,181.3157079076926,181.84297520661158
3,2026-04-14,LABORAL,07:30,163.0,158.79143434623123,162.2655601659751
3,2026-04-14,LABORAL,08:00,165.0,150.92141911295968,149.02100840336135
3,2026-04-14,LABORAL,08:30,139.0,149.46513492771382,148.13278008298755
3,2026-04-14,LABORAL,09:00,105.0,140.67458187044468,141.5186721991701
3,2026-04-14,LABORAL,09:30,134.0,132.65378576508016,125.90416666666667
3,2026-04-14,LABORAL,10:00,194.0,138.13425713849227,133.50416666666666
3,2026-04-14,LABORAL,10:30,62.0,123.13008085170928,120.30705394190872
3,2026-04-14,LABORAL,11:00,141.0,114.55914391523714,113.62240663900415
3,2026-04-14,LABORAL,11:30,145.0,141.39203550404483,131.70539419087137
3,2026-04-14,LABORAL,12:00,188.0,167.12935975393867,171.67355371900825
3,2026-04-14,LABORAL,12:30,141.0,143.48342414325168,142.57916666666668
3,2026-04-14,LABORAL,13:00,89.0,135.6296771990472,144.9668049792531
3,2026-04-14,LABORAL,13:30,188.0,137.0490677862425,138.17842323651453
3,2026-04-14,LABORAL,14:00,39.0,129.766452090685,133.09128630705393
3,2026-04-14,LABORAL,14:30,142.0,154.74173465569584,149.45416666666668
3,2026-04-14,LABORAL,15:00,105.0,150.41382398004905,155.35269709543567
3,2026-04-14,LABORAL,15:30,163.0,138.0974884231782,149.3125
3,2026-04-14,LABORAL,16:00,87.0,105.0901023726255,116.59071729957806
3,2026-04-14,LABORAL,16:30,83.0,75.98707332115933,88.9873417721519
3,2026-04-14,LABORAL,17:00,36.0,44.87966247366677,58.10096153846154
3,2026-04-14,LABORAL,17:30,10.0,24.740535859051988,33.87931034482759
3,2026-04-15,LABORAL,04:00,53.0,52.44265931321365,54.72727272727273
3,2026-04-15,LABORAL,04:30,128.0,174.38237827838395,162.97095435684648
3,2026-04-15,LABORAL,05:00,321.0,311.34364693901665,279.78512396694214
3,2026-04-15,LABORAL,05:30,297.0,287.9475523688701,278.93388429752065
3,2026-04-15,LABORAL,06:00,180.0,309.73934997163786,299.54545454545456
3,2026-04-15,LABORAL,06:30,204.0,241.9889723245368,226.1404958677686
3,2026-04-15,LABORAL,07:00,162.0,184.39714405098263,181.67355371900825
3,2026-04-15,LABORAL,07:30,186.0,167.68509059281624,162.1701244813278
3,2026-04-15,LABORAL,08:00,171.0,158.28993977505496,149.07563025210084
3,2026-04-15,LABORAL,08:30,175.0,148.52589454636214,148.04979253112035
3,2026-04-15,LABORAL,09:00,140.0,145.77015165792747,141.33195020746888
3,2026-04-15,LABORAL,09:30,146.0,131.68483847102627,125.90833333333333
3,2026-04-15,LABORAL,10:00,87.0,138.20886846689345,133.775
3,2026-04-15,LABORAL,10:30,62.0,125.02757379973802,120.15767634854772
3,2026-04-15,LABORAL,11:00,67.0,122.56944809524732,113.68879668049793
3,2026-04-15,LABORAL,11:30,124.0,147.73415276329143,131.76763485477179
3,2026-04-15,LABORAL,12:00,158.0,167.7375172379331,171.9090909090909
3,2026-04-15,LABORAL,12:30,119.0,148.85692475524257,142.63333333333333
3,2026-04-15,LABORAL,13:00,90.0,144.1483957158107,144.79253112033194
3,2026-04-15,LABORAL,13:30,148.0,140.50819890479343,138.448132780083
3,2026-04-15,LABORAL,14:00,131.0,136.56332714328758,132.63485477178423
3,2026-04-15,LABORAL,14:30,146.0,161.2070188994814,149.49583333333334
3,2026-04-15,LABORAL,15:00,103.0,154.9729820230549,155.3278008298755
3,2026-04-15,LABORAL,15:30,54.0,145.51547194258623,149.3125
3,2026-04-15,LABORAL,16:00,100.0,105.76007175104489,116.51054852320675
3,2026-04-15,LABORAL,16:30,56.0,79.77384190090939,89.0886075949367
3,2026-04-15,LABORAL,17:00,28.0,42.781318969226845,57.85576923076923
3,2026-04-16,LABORAL,04:00,51.0,55.93203443795319,54.75757575757576
3,2026-04-16,LABORAL,04:30,122.0,157.701666734032,162.75933609958506
3,2026-04-16,LABORAL,05:00,310.0,286.3901903243957,280.1900826446281
3,2026-04-16,LABORAL,05:30,197.0,257.66128702831804,279.1280991735537
3,2026-04-16,LABORAL,06:00,258.0,283.3277009014381,299.1570247933884
3,2026-04-16,LABORAL,06:30,213.0,220.1579396387628,226.15289256198346
3,2026-04-16,LABORAL,07:00,209.0,176.94406078022274,181.54132231404958
3,2026-04-16,LABORAL,07:30,136.0,157.22463314543458,162.30705394190872
3,2026-04-16,LABORAL,08:00,78.0,150.05326038831706,149.1638655462185
3,2026-04-16,LABORAL,08:30,115.0,143.1888301532045,147.90041493775934
3,2026-04-16,LABORAL,09:00,138.0,140.41361777227266,141.30290456431536
3,2026-04-16,LABORAL,09:30,84.0,122.47773024416382,126.05416666666666
3,2026-04-16,LABORAL,10:00,149.0,127.98705428571854,133.67916666666667
3,2026-04-16,LABORAL,10:30,75.0,118.22987913542542,119.92116182572614
3,2026-04-16,LABORAL,11:00,73.0,121.3277152471605,113.76763485477179
3,2026-04-16,LABORAL,11:30,170.0,141.2362825538289,131.56846473029046
3,2026-04-16,LABORAL,12:00,159.0,156.4444784233699,171.8595041322314
3,2026-04-16,LABORAL,12:30,98.0,146.5247313775822,143.12083333333334
3,2026-04-16,LABORAL,13:00,146.0,141.95748126781777,144.51452282157678
3,2026-04-16,LABORAL,13:30,140.0,132.01169841342605,138.41908713692945
3,2026-04-16,LABORAL,14:00,26.0,133.03846265572673,132.7136929460581
3,2026-04-16,LABORAL,14:30,100.0,143.39736845477609,149.50416666666666
3,2026-04-16,LABORAL,15:00,171.0,138.51683783987124,155.30290456431536
3,2026-04-16,LABORAL,15:30,109.0,129.63440125433505,148.9
3,2026-04-16,LABORAL,16:00,91.0,97.54033402950583,116.45147679324894
3,2026-04-16,LABORAL,16:30,53.0,73.50232147656254,88.88607594936708
3,2026-04-16,LABORAL,17:00,49.0,44.173349281248406,57.66826923076923
3,2026-04-17,LABORAL,04:00,51.0,54.10765214695998,54.73869346733668
3,2026-04-17,LABORAL,04:30,175.0,133.12262833743594,162.5909090909091
3,2026-04-17,LABORAL,05:00,273.0,241.2864894445198,280.3127572016461
3,2026-04-17,LABORAL,05:30,179.0,207.0185662205483,278.7901234567901
3,2026-04-17,LABORAL,06:00,288.0,230.77442013839283,298.98765432098764
3,2026-04-17,LABORAL,06:30,291.0,184.93586592271635,226.09876543209876
3,2026-04-17,LABORAL,07:00,120.0,156.44231246365567,181.65432098765433
3,2026-04-17,LABORAL,07:30,111.0,134.48016681310392,162.19834710743802
3,2026-04-17,LABORAL,08:00,143.0,130.7877011208219,148.86610878661088
3,2026-04-17,LABORAL,08:30,187.0,121.54970865876967,147.76446280991735
3,2026-04-17,LABORAL,09:00,111.0,117.52733157824093,141.28925619834712
3,2026-04-17,LABORAL,09:30,136.0,107.82506501104618,125.87966804979253
3,2026-04-17,LABORAL,10:00,139.0,107.2189676846051,133.74273858921163
3,2026-04-17,LABORAL,10:30,76.0,104.32468355538232,119.73553719008264
3,2026-04-17,LABORAL,11:00,105.0,106.13091628702384,113.59917355371901
3,2026-04-17,LABORAL,11:30,204.0,119.3091674353341,131.72727272727272
3,2026-04-17,LABORAL,12:00,196.0,127.88320186163044,171.80658436213992
3,2026-04-17,LABORAL,12:30,96.0,128.7483558543613,142.93360995850622
3,2026-04-17,LABORAL,13:00,114.0,124.87473548499788,144.5206611570248
3,2026-04-17,LABORAL,13:30,162.0,111.92070664164251,138.42561983471074
3,2026-04-17,LABORAL,14:30,106.0,117.9387402055437,149.298755186722
3,2026-04-17,LABORAL,15:00,166.0,114.6185382334885,155.36776859504133
3,2026-04-17,LABORAL,15:30,98.0,113.98987717675874,148.7344398340249
3,2026-04-17,LABORAL,16:00,107.0,100.64073586187583,116.34453781512605
3,2026-04-17,LABORAL,16:30,80.0,80.37466188865852,88.73529411764706
3,2026-04-17,LABORAL,17:00,56.0,61.41301964168325,57.6267942583732
3,2026-04-18,SABADO,04:00,36.0,39.78836592159834,37.675
3,2026-04-18,SABADO,04:30,99.0,89.11933939122405,108.13461538461539
3,2026-04-18,SABADO,05:00,163.0,161.13368877264116,160.6153846153846
3,2026-04-18,SABADO,05:30,123.0,152.29512934682938,168.26923076923077
3,2026-04-18,SABADO,06:00,222.0,170.56584682059537,208.25
3,2026-04-18,SABADO,06:30,96.0,137.9047667340302,181.84615384615384
3,2026-04-18,SABADO,07:00,123.0,118.47505455562558,137.78846153846155
3,2026-04-18,SABADO,07:30,117.0,107.68347099293594,117.78846153846153
3,2026-04-18,SABADO,08:00,107.0,93.81290677405582,117.42307692307692
3,2026-04-18,SABADO,08:30,118.0,93.3763510618029,109.38461538461539
3,2026-04-18,SABADO,09:00,90.0,85.83207115645409,92.76923076923077
3,2026-04-18,SABADO,09:30,53.0,85.74737801223343,96.96153846153847
3,2026-04-18,SABADO,10:00,50.0,80.70283336361385,94.4423076923077
3,2026-04-18,SABADO,10:30,64.0,87.0825663554698,90.65384615384616
3,2026-04-18,SABADO,11:00,47.0,82.61809115396198,97.50980392156863
3,2026-04-18,SABADO,11:30,125.0,82.18826420106569,88.98039215686275
3,2026-04-18,SABADO,12:00,83.0,79.49811499396895,89.84615384615384
3,2026-04-18,SABADO,12:30,46.0,76.09848040748352,80.87755102040816
3,2026-04-18,SABADO,13:00,68.0,85.66164931865111,74.39583333333333
3,2026-04-18,SABADO,13:30,26.0,66.69930738049081,65.33333333333333
3,2026-04-18,SABADO,14:00,98.0,80.8133597660171,73.14285714285714
3,2026-04-18,SABADO,14:30,29.0,66.04308344840378,65.20833333333333
3,2026-04-18,SABADO,15:00,35.0,68.89310021119346,74.8913043478261
3,2026-04-18,SABADO,15:30,42.0,51.94891453521879,68.56521739130434
3,2026-04-18,SABADO,16:00,39.0,48.50470509630021,52.23255813953488
3,2026-04-19,DOMINGO,07:00,26.0,29.12104324437061,29.804878048780488
3,2026-04-19,DOMINGO,07:30,51.0,20.333734580072857,33.765957446808514
3,2026-04-19,DOMINGO,08:00,47.0,28.693009395954192,39.76086956521739
3,2026-04-19,DOMINGO,09:00,45.0,26.090393984100487,34.611111111111114
3,2026-04-19,DOMINGO,09:30,36.0,25.65506195209464,34.38095238095238
3,2026-04-19,DOMINGO,11:30,27.0,31.297001300662117,36.55882352941177
3,2026-04-19,DOMINGO,12:00,23.0,32.02968350379824,37.22857142857143
3,2026-04-19,DOMINGO,13:00,24.0,26.280414665430797,31.473684210526315
3,2026-04-19,DOMINGO,14:00,22.0,28.302473430056125,30.916666666666668
3,2026-04-19,DOMINGO,14:30,25.0,35.366292944192764,36.8235294117647
3,2026-04-19,DOMINGO,15:30,22.0,23.63369605299995,33.68
3,2026-04-20,LABORAL,04:00,57.0,55.27633086473247,54.72
3,2026-04-20,LABORAL,04:30,82.0,157.8323135324023,162.64197530864197
3,2026-04-20,LABORAL,05:00,294.0,277.72785703871386,280.2827868852459
3,2026-04-20,LABORAL,05:30,278.0,265.44357653644295,278.3811475409836
3,2026-04-20,LABORAL,06:00,271.0,279.3069629861258,298.94262295081967
3,2026-04-20,LABORAL,06:30,261.0,223.64934660465372,226.36475409836066
3,2026-04-20,LABORAL,07:00,86.0,179.31695935477862,181.4016393442623
3,2026-04-20,LABORAL,07:30,107.0,158.84280979354213,161.98765432098764
3,2026-04-20,LABORAL,08:00,121.0,144.70268650692074,148.84166666666667
3,2026-04-20,LABORAL,08:30,84.0,150.4878418041348,147.92592592592592
3,2026-04-20,LABORAL,09:00,139.0,145.179983591104,141.16460905349794
3,2026-04-20,LABORAL,09:30,84.0,135.00276580427015,125.92148760330579
3,2026-04-20,LABORAL,10:00,127.0,136.24681657952775,133.76446280991735
3,2026-04-20,LABORAL,10:30,60.0,125.0507481640168,119.55555555555556
3,2026-04-20,LABORAL,11:00,177.0,103.92972864247142,113.56378600823045
3,2026-04-20,LABORAL,11:30,93.0,135.30314659831902,132.02469135802468
3,2026-04-20,LABORAL,12:00,147.0,166.03748257338162,171.90573770491804
3,2026-04-20,LABORAL,12:30,140.0,139.52353520673591,142.7396694214876
3,2026-04-20,LABORAL,13:00,133.0,143.32736592749043,144.39506172839506
3,2026-04-20,LABORAL,13:30,185.0,139.22014175962488,138.52263374485597
3,2026-04-20,LABORAL,14:00,147.0,126.7631158000523,132.27272727272728
3,2026-04-20,LABORAL,14:30,106.0,154.0829010948447,149.1198347107438
3,2026-04-20,LABORAL,15:00,110.0,168.2838293967775,155.41152263374485
3,2026-04-20,LABORAL,15:30,118.0,149.26341599825938,148.52479338842974
3,2026-04-20,LABORAL,16:00,138.0,113.91443108581069,116.30543933054393
3,2026-04-20,LABORAL,16:30,43.0,88.04002412205257,88.69874476987448
3,2026-04-20,LABORAL,17:00,80.0,58.95815086854272,57.61904761904762
3,2026-04-21,LABORAL,04:00,49.0,49.939690584284875,54.735
3,2026-04-21,LABORAL,04:30,182.0,140.4218170692483,162.0576131687243
3,2026-04-21,LABORAL,05:00,297.0,249.39357596540816,280.0532786885246
3,2026-04-21,LABORAL,05:30,350.0,246.58355569449893,278.405737704918
3,2026-04-21,LABORAL,06:00,273.0,255.44480879540484,299.12295081967216
3,2026-04-21,LABORAL,06:30,204.0,194.8516752175816,226.53688524590163
3,2026-04-21,LABORAL,07:00,171.0,161.15431410105168,181.0983606557377
3,2026-04-21,LABORAL,07:30,190.0,140.32516232429572,161.320987654321
3,2026-04-21,LABORAL,08:00,108.0,124.41649226376697,148.47916666666666
3,2026-04-21,LABORAL,08:30,167.0,133.91572536385604,147.76543209876544
3,2026-04-21,LABORAL,09:00,104.0,123.95209387640223,141.10699588477365
3,2026-04-21,LABORAL,09:30,65.0,115.54898315870142,125.62396694214875
3,2026-04-21,LABORAL,10:00,131.0,118.59844070816467,133.6900826446281
3,2026-04-21,LABORAL,10:30,154.0,101.7636258370383,119.10288065843622
3,2026-04-21,LABORAL,11:00,90.0,101.05401193595489,113.93004115226337
3,2026-04-21,LABORAL,11:30,135.0,120.43219543122152,132.06995884773661
3,2026-04-21,LABORAL,12:00,190.0,148.50933597703633,171.45081967213116
3,2026-04-21,LABORAL,12:30,73.0,126.03438656954661,143.21487603305786
3,2026-04-21,LABORAL,13:00,145.0,127.19519385382637,143.8641975308642
3,2026-04-21,LABORAL,13:30,199.0,122.78516214754114,138.54320987654322
3,2026-04-21,LABORAL,14:00,108.0,112.80968885549719,132.1487603305785
3,2026-04-21,LABORAL,14:30,101.0,131.88988759775268,148.54545454545453
3,2026-04-21,LABORAL,15:00,119.0,130.4020433972599,155.4814814814815
3,2026-04-21,LABORAL,15:30,204.0,116.22598644079505,147.95867768595042
3,2026-04-21,LABORAL,16:00,131.0,96.87458801406663,116.61924686192468
3,2026-04-21,LABORAL,16:30,34.0,70.63848528340449,88.32635983263599
3,2026-04-21,LABORAL,18:00,20.0,47.352130636166436,18.47826086956522
3,2026-04-22,LABORAL,04:00,42.0,51.17831135223808,54.68
3,2026-04-22,LABORAL,04:30,121.0,150.27956308037813,161.8724279835391
3,2026-04-22,LABORAL,05:00,295.0,280.45412376803006,280.11475409836066
3,2026-04-22,LABORAL,05:30,188.0,270.4003944462629,278.6106557377049
3,2026-04-22,LABORAL,06:00,525.0,294.3197733894967,298.9344262295082
3,2026-04-22,LABORAL,06:30,146.0,217.4853256033237,226.3360655737705
3,2026-04-22,LABORAL,07:00,154.0,170.39120225058366,181.077868852459
3,2026-04-22,LABORAL,07:30,158.0,153.65262039042705,161.47325102880657
3,2026-04-22,LABORAL,08:00,84.0,140.29491514448372,148.21666666666667
3,2026-04-22,LABORAL,08:30,111.0,136.3537642996361,147.44444444444446
3,2026-04-22,LABORAL,09:00,127.0,129.9091201159235,140.99588477366254
3,2026-04-22,LABORAL,09:30,137.0,118.93842809696153,125.29752066115702
3,2026-04-22,LABORAL,10:00,95.0,128.68031932235425,133.46280991735537
3,2026-04-22,LABORAL,10:30,114.0,108.16707323616568,119.08641975308642
3,2026-04-22,LABORAL,11:00,113.0,115.51499907526315,113.82304526748972
3,2026-04-22,LABORAL,11:30,105.0,135.9564573374594,131.96296296296296
3,2026-04-22,LABORAL,12:00,167.0,159.16514616964054,171.58196721311475
3,2026-04-22,LABORAL,12:30,124.0,143.02577697864547,142.62809917355372
3,2026-04-22,LABORAL,13:00,63.0,134.39921230630978,143.93415637860082
3,2026-04-22,LABORAL,13:30,149.0,128.03285664825498,138.68312757201647
3,2026-04-22,LABORAL,14:00,43.0,123.62814880156814,131.9504132231405
3,2026-04-22,LABORAL,14:30,43.0,154.76590052779224,148.51239669421489
3,2026-04-22,LABORAL,15:00,78.0,141.73395500513155,155.2633744855967
3,2026-04-22,LABORAL,15:30,107.0,138.71890678344147,148.03719008264463
3,2026-04-22,LABORAL,16:00,124.0,116.88660414445171,116.44769874476988
3,2026-04-22,LABORAL,16:30,55.0,78.14747854379478,88.25941422594143
3,2026-04-22,LABORAL,17:00,47.0,48.242605442013854,57.866028708133975
3,2026-04-23,LABORAL,04:00,43.0,48.41612936258332,54.645
3,2026-04-23,LABORAL,04:30,119.0,138.72251339951956,161.39506172839506
3,2026-04-23,LABORAL,05:00,288.0,262.39508544896375,279.9016393442623
3,2026-04-23,LABORAL,05:30,248.0,238.23048631382434,278.1188524590164
3,2026-04-23,LABORAL,06:00,152.0,269.33551698125706,299.8155737704918
3,2026-04-23,LABORAL,06:30,214.0,203.93410313710038,225.97131147540983
3,2026-04-23,LABORAL,07:00,175.0,170.4293405679909,181.09426229508196
3,2026-04-23,LABORAL,07:30,169.0,146.99529653799473,161.47736625514403
3,2026-04-23,LABORAL,08:00,119.0,135.47676509071695,147.53333333333333
3,2026-04-23,LABORAL,08:30,187.0,145.5247331599884,147.2962962962963
3,2026-04-23,LABORAL,09:00,137.0,133.19616098200476,140.8724279835391
3,2026-04-23,LABORAL,09:30,109.0,117.53716572078616,125.47520661157024
3,2026-04-23,LABORAL,10:00,93.0,111.07649600423579,133.26446280991735
3,2026-04-23,LABORAL,10:30,120.0,103.79446078893938,118.97119341563786
3,2026-04-23,LABORAL,11:00,82.0,112.50458530187467,113.77366255144032
3,2026-04-23,LABORAL,11:30,73.0,131.50412932128177,131.72427983539094
3,2026-04-23,LABORAL,12:00,151.0,155.58457276990515,171.56147540983608
3,2026-04-23,LABORAL,12:30,140.0,134.16645222716724,142.4297520661157
3,2026-04-23,LABORAL,13:00,104.0,151.58603624374064,143.66255144032922
3,2026-04-23,LABORAL,14:00,50.0,122.63050941764874,131.80578512396696
3,2026-04-23,LABORAL,15:00,59.0,127.7889948990362,155.20987654320987
3,2026-04-23,LABORAL,17:00,32.0,138.05231091610915,57.78947368421053
3,2026-04-24,LABORAL,04:00,45.0,49.538572888809256,54.6
3,2026-04-24,LABORAL,04:30,118.0,96.94148979539854,161.2798353909465
3,2026-04-24,LABORAL,05:00,248.0,180.538546602611,279.6639344262295
3,2026-04-24,LABORAL,05:30,285.0,146.08631491510164,278.2745901639344
3,2026-04-24,LABORAL,06:00,202.0,172.99054257607986,299.0
3,2026-04-24,LABORAL,06:30,320.0,138.3270390292614,226.11885245901638
3,2026-04-24,LABORAL,07:00,52.0,135.85909649348272,181.3155737704918
3,2026-04-24,LABORAL,07:30,171.0,95.62016452513113,161.3744855967078
3,2026-04-24,LABORAL,08:00,148.0,98.42304966173282,147.36666666666667
3,2026-04-24,LABORAL,08:30,150.0,114.54503594415486,147.34567901234567
3,2026-04-24,LABORAL,09:00,84.0,94.4954612356641,140.82716049382717
3,2026-04-24,LABORAL,09:30,78.0,87.94630406879935,125.28099173553719
3,2026-04-24,LABORAL,10:00,145.0,84.70354080235977,133.40495867768595
3,2026-04-24,LABORAL,10:30,92.0,76.7963364952154,118.91358024691358
3,2026-04-24,LABORAL,11:00,59.0,86.37325901854557,113.68312757201646
3,2026-04-24,LABORAL,11:30,126.0,89.59895200179585,131.67078189300412
3,2026-04-24,LABORAL,12:00,190.0,125.96302195797841,171.23360655737704
3,2026-04-24,LABORAL,12:30,116.0,94.51218780639458,142.3305785123967
3,2026-04-24,LABORAL,13:00,120.0,137.48897635957675,143.65432098765433
3,2026-04-24,LABORAL,13:30,144.0,101.77007314294355,138.3388429752066
3,2026-04-24,LABORAL,14:30,30.0,100.56172777264399,147.87966804979254
3,2026-04-24,LABORAL,15:00,175.0,100.79920078655238,154.69958847736626
3,2026-04-24,LABORAL,15:30,49.0,96.81899667274519,147.37759336099586
3,2026-04-24,LABORAL,16:00,59.0,82.09770209684316,116.61344537815125
3,2026-04-24,LABORAL,16:30,71.0,79.2073109977411,88.13025210084034
3,2026-04-25,SABADO,04:00,32.0,37.27512700417867,37.95
3,2026-04-25,SABADO,04:30,105.0,80.22448927449676,108.73076923076923
3,2026-04-25,SABADO,05:00,176.0,154.12460385951738,161.90384615384616
3,2026-04-25,SABADO,05:30,122.0,140.8539532703747,169.44230769230768
3,2026-04-25,SABADO,06:00,210.0,160.3567011757126,210.19230769230768
3,2026-04-25,SABADO,06:30,208.0,135.18433624596855,181.75
3,2026-04-25,SABADO,07:00,93.0,116.86309868446759,138.07692307692307
3,2026-04-25,SABADO,07:30,136.0,102.28692269938543,118.40384615384616
3,2026-04-25,SABADO,08:00,148.0,93.33748422014288,118.3076923076923
3,2026-04-25,SABADO,08:30,61.0,96.2325027422379,110.38461538461539
3,2026-04-25,SABADO,09:00,116.0,86.72421998077567,93.61538461538461
3,2026-04-25,SABADO,09:30,49.0,82.95325558761327,96.59615384615384
3,2026-04-25,SABADO,10:00,101.0,76.23827311482522,94.13461538461539
3,2026-04-25,SABADO,10:30,95.0,82.25329950543787,91.1923076923077
3,2026-04-25,SABADO,11:00,85.0,76.83139284725254,97.96078431372548
3,2026-04-25,SABADO,11:30,82.0,83.9994244209667,90.84313725490196
3,2026-04-25,SABADO,12:00,29.0,82.433299293455,91.0
3,2026-04-25,SABADO,12:30,76.0,69.66153288015494,80.10204081632654
3,2026-04-25,SABADO,13:00,63.0,77.00643842794526,74.77083333333333
3,2026-04-25,SABADO,14:00,93.0,58.859689502814064,73.75510204081633
3,2026-04-25,SABADO,14:30,34.0,76.36827834840733,65.375
3,2026-04-25,SABADO,15:00,56.0,45.96093747530763,74.15217391304348
3,2026-04-25,SABADO,15:30,45.0,49.06282531899333,68.71739130434783
3,2026-04-26,DOMINGO,07:00,28.0,30.657785892697632,29.585365853658537
3,2026-04-26,DOMINGO,07:30,33.0,26.142746287375402,34.276595744680854
3,2026-04-26,DOMINGO,08:00,23.0,32.79451803506059,39.891304347826086
3,2026-04-26,DOMINGO,09:00,39.0,28.683807580853284,34.916666666666664
3,2026-04-26,DOMINGO,10:30,34.0,31.450631925031274,38.68292682926829
3,2026-04-26,DOMINGO,11:00,24.0,34.138717807386556,36.67567567567568
3,2026-04-26,DOMINGO,11:30,27.0,38.76745999524715,36.38235294117647
3,2026-04-26,DOMINGO,12:00,27.0,31.52631679214241,36.833333333333336
3,2026-04-26,DOMINGO,13:30,48.0,32.787091618919135,30.033333333333335
3,2026-04-26,DOMINGO,14:30,25.0,39.056785787828744,36.029411764705884
3,2026-04-27,LABORAL,04:00,48.0,54.074397159538606,54.525
3,2026-04-27,LABORAL,04:30,124.0,156.7551324539949,160.78189300411523
3,2026-04-27,LABORAL,05:00,339.0,274.8850678744816,279.5327868852459
3,2026-04-27,LABORAL,05:30,244.0,265.10591421415415,278.4467213114754
3,2026-04-27,LABORAL,06:00,400.0,277.01787318377205,298.3811475409836
3,2026-04-27,LABORAL,06:30,222.0,222.35404663692896,226.8237704918033
3,2026-04-27,LABORAL,07:00,77.0,181.03250359272636,180.74180327868854
3,2026-04-27,LABORAL,07:30,213.0,156.67993352257707,161.24279835390948
3,2026-04-27,LABORAL,08:00,90.0,142.5343237275278,147.42083333333332
3,2026-04-27,LABORAL,08:30,102.0,148.2970684283217,147.32921810699588
3,2026-04-27,LABORAL,09:00,115.0,140.9751754287305,140.6090534979424
3,2026-04-27,LABORAL,09:30,113.0,136.71509509275845,125.17768595041322
3,2026-04-27,LABORAL,10:00,184.0,134.21244046126463,133.51652892561984
3,2026-04-27,LABORAL,10:30,79.0,124.08994525193076,118.64609053497942
3,2026-04-27,LABORAL,11:00,111.0,104.80606249798599,113.4156378600823
3,2026-04-27,LABORAL,11:30,92.0,131.10794766579997,131.56378600823047
3,2026-04-27,LABORAL,12:00,195.0,167.71019689580748,171.36885245901638
3,2026-04-27,LABORAL,12:30,105.0,141.10735517796874,142.12396694214877
3,2026-04-27,LABORAL,13:00,135.0,142.65896548367908,143.4897119341564
3,2026-04-27,LABORAL,13:30,143.0,144.73690836045114,138.24380165289256
3,2026-04-27,LABORAL,14:00,102.0,126.154081444416,131.65560165975103
3,2026-04-27,LABORAL,14:30,222.0,154.56612969712222,147.5186721991701
3,2026-04-27,LABORAL,15:00,95.0,161.87514118478302,154.23456790123456
3,2026-04-27,LABORAL,15:30,88.0,141.77078734005173,147.19502074688796
3,2026-04-27,LABORAL,16:00,114.0,117.07980478558108,116.0546218487395
3,2026-04-27,LABORAL,16:30,34.0,87.82816636625229,88.17647058823529
3,2026-04-27,LABORAL,17:00,30.0,55.45752810305177,57.53846153846154
3,2026-04-27,LABORAL,17:30,29.0,25.256609814377455,33.4054054054054
3,2026-04-28,LABORAL,04:00,35.0,50.774920158757965,54.475
3,2026-04-28,LABORAL,04:30,106.0,151.56214215666085,160.77366255144034
3,2026-04-28,LABORAL,05:00,354.0,269.9684989373389,279.3032786885246
3,2026-04-28,LABORAL,05:30,201.0,273.0153005195329,278.172131147541
3,2026-04-28,LABORAL,06:00,213.0,282.7149700398495,298.6516393442623
3,2026-04-28,LABORAL,06:30,209.0,213.49918624101718,226.65573770491804
3,2026-04-28,LABORAL,07:00,185.0,171.74832565570432,180.38524590163934
3,2026-04-28,LABORAL,07:30,124.0,150.34727502706818,161.679012345679
3,2026-04-28,LABORAL,08:00,171.0,139.90133939623956,147.04583333333332
3,2026-04-28,LABORAL,08:30,142.0,137.71686283715815,147.03703703703704
3,2026-04-28,LABORAL,09:00,133.0,132.18945202168035,140.50205761316872
3,2026-04-28,LABORAL,09:30,107.0,121.83926482097536,125.2892561983471
3,2026-04-28,LABORAL,10:00,76.0,130.47216666340464,133.45867768595042
3,2026-04-28,LABORAL,10:30,124.0,113.78970350921921,118.29629629629629
3,2026-04-28,LABORAL,11:00,89.0,109.29962350426473,113.5679012345679
3,2026-04-28,LABORAL,11:30,137.0,131.85395731338556,131.37037037037038
3,2026-04-28,LABORAL,12:00,174.0,158.17432347652755,171.18852459016392
3,2026-04-28,LABORAL,12:30,164.0,136.1567514839206,142.21487603305786
3,2026-04-28,LABORAL,13:00,99.0,128.95218157173122,143.28395061728395
3,2026-04-28,LABORAL,13:30,75.0,130.36554022981412,138.61157024793388
3,2026-04-28,LABORAL,14:00,195.0,121.34143886799684,131.54771784232366
3,2026-04-28,LABORAL,14:30,109.0,146.31178654799294,147.82572614107883
3,2026-04-28,LABORAL,15:00,97.0,140.94586673011423,153.90534979423867
3,2026-04-28,LABORAL,15:30,149.0,129.75783570117042,146.83817427385893
3,2026-04-28,LABORAL,16:00,128.0,102.18027388172315,115.97478991596638
3,2026-04-28,LABORAL,16:30,53.0,77.25189709071549,87.84033613445378
3,2026-04-28,LABORAL,17:00,30.0,49.33554177249998,57.53365384615385
3,2026-04-29,LABORAL,04:00,51.0,50.90085493832103,54.37810945273632
3,2026-04-29,LABORAL,04:30,134.0,147.46611612487683,160.0411522633745
3,2026-04-29,LABORAL,05:00,434.0,268.6682501069148,279.6967213114754
3,2026-04-29,LABORAL,05:30,237.0,256.948202164569,277.4139344262295
3,2026-04-29,LABORAL,06:00,291.0,275.7903142341732,297.922131147541
3,2026-04-29,LABORAL,06:30,175.0,207.43754274717512,226.53688524590163
3,2026-04-29,LABORAL,07:00,141.0,169.03044766408698,180.5204918032787
3,2026-04-29,LABORAL,07:30,197.0,147.85362441763678,161.5761316872428
3,2026-04-29,LABORAL,08:00,161.0,135.74644017427647,146.85416666666666
3,2026-04-29,LABORAL,08:30,102.0,137.73756457290003,146.91769547325103
3,2026-04-29,LABORAL,09:00,182.0,127.8726434959047,140.52674897119343
3,2026-04-29,LABORAL,09:30,82.0,116.77859374303831,125.24793388429752
3,2026-04-29,LABORAL,10:00,88.0,122.23725474436897,133.15289256198346
3,2026-04-29,LABORAL,10:30,170.0,103.50331165527999,118.17695473251028
3,2026-04-29,LABORAL,11:00,102.0,111.77081552910461,113.30041152263375
3,2026-04-29,LABORAL,11:30,196.0,132.63708497949463,131.37037037037038
3,2026-04-29,LABORAL,12:00,107.0,157.19811579848158,171.0327868852459
3,2026-04-29,LABORAL,12:30,134.0,139.13765973363084,142.3801652892562
3,2026-04-29,LABORAL,13:00,112.0,137.78605939771967,142.98765432098764
3,2026-04-29,LABORAL,13:30,59.0,130.31856091404188,138.37190082644628
3,2026-04-29,LABORAL,14:00,182.0,123.88446931930696,131.62240663900414
3,2026-04-29,LABORAL,14:30,119.0,146.401064600673,147.5311203319502
3,2026-04-29,LABORAL,15:00,145.0,134.03619660787064,153.58847736625515
3,2026-04-29,LABORAL,15:30,129.0,130.8103050656154,146.85892116182572
3,2026-04-29,LABORAL,16:00,96.0,103.05493376585925,115.89915966386555
3,2026-04-29,LABORAL,16:30,70.0,74.92872542105209,87.59243697478992
3,2026-04-30,LABORAL,04:00,45.0,57.32868500032204,54.398009950248756
3,2026-04-30,LABORAL,04:30,124.0,158.03156691350105,159.78600823045267
3,2026-04-30,LABORAL,05:00,353.0,281.8943025955501,280.422131147541
3,2026-04-30,LABORAL,05:30,268.0,266.182946565086,277.0204918032787
3,2026-04-30,LABORAL,06:00,175.0,286.38430718627876,297.89344262295083
3,2026-04-30,LABORAL,06:30,288.0,218.96493241553668,226.03688524590163
3,2026-04-30,LABORAL,07:00,130.0,181.89274363780393,180.59426229508196
3,2026-04-30,LABORAL,07:30,145.0,159.27539483773492,161.69135802469137
3,2026-04-30,LABORAL,08:00,195.0,149.89837061452928,146.77916666666667
3,2026-04-30,LABORAL,08:30,140.0,142.83399952312487,146.78189300411523
3,2026-04-30,LABORAL,09:00,160.0,137.38197950522581,140.66255144032922
3,2026-04-30,LABORAL,09:30,111.0,122.45919803128014,124.92148760330579
3,2026-04-30,LABORAL,10:00,146.0,129.94036447807056,132.8305785123967
3,2026-04-30,LABORAL,10:30,125.0,115.91425410879587,118.34979423868313
3,2026-04-30,LABORAL,11:00,86.0,124.08216206138124,113.27572016460906
3,2026-04-30,LABORAL,11:30,98.0,140.81406533852288,131.59670781893004
3,2026-04-30,LABORAL,12:00,162.0,160.0059635612079,170.6516393442623
3,2026-04-30,LABORAL,12:30,119.0,142.84731262028816,142.1487603305785
3,2026-04-30,LABORAL,13:00,204.0,145.7397616647904,142.86831275720164
3,2026-04-30,LABORAL,13:30,136.0,134.29212987087715,137.70661157024793
3,2026-04-30,LABORAL,14:00,139.0,133.60598743719024,131.94190871369295
3,2026-04-30,LABORAL,14:30,136.0,151.9133223146824,147.34854771784234
3,2026-04-30,LABORAL,15:00,193.0,137.66621994198553,153.3744855967078
3,2026-04-30,LABORAL,15:30,58.0,133.22059761701186,146.23236514522821
3,2026-04-30,LABORAL,16:00,139.0,99.0447265314722,115.71008403361344
3,2026-04-30,LABORAL,16:30,31.0,77.29642936753194,87.28991596638656
3,2026-04-30,LABORAL,17:00,47.0,43.953256714855044,57.169082125603865
3,2026-05-01,FESTIVO,07:00,40.0,45.933684166008945,16.0
3,2026-05-01,FESTIVO,07:30,24.0,106.62320460242535,40.0
3,2026-05-01,FESTIVO,08:00,50.0,197.58191165471618,29.2
3,2026-05-01,FESTIVO,08:30,26.0,202.18144521463734,32.0
3,2026-05-01,FESTIVO,09:00,60.0,214.21033500438338,33.4
3,2026-05-01,FESTIVO,09:30,41.0,158.80893138074012,17.0
3,2026-05-01,FESTIVO,10:00,6.0,127.984111877465,18.0
3,2026-05-01,FESTIVO,10:30,47.0,114.04905358970798,29.333333333333332
3,2026-05-01,FESTIVO,11:00,25.0,110.09309788637063,24.666666666666668
3,2026-05-01,FESTIVO,11:30,27.0,102.80342650263592,42.5
3,2026-05-01,FESTIVO,12:00,51.0,89.60604768870195,31.0
3,2026-05-01,FESTIVO,12:30,18.0,89.566780371216,34.6
3,2026-05-01,FESTIVO,13:00,23.0,91.59062260609679,28.25
3,2026-05-01,FESTIVO,13:30,52.0,85.571679241445,20.333333333333332
3,2026-05-01,FESTIVO,14:00,28.0,96.07641111575325,21.666666666666668
3,2026-05-01,FESTIVO,14:30,31.0,100.66071059396967,29.333333333333332
3,2026-05-01,FESTIVO,15:00,23.0,107.99896131161884,24.333333333333332
3,2026-05-01,FESTIVO,15:30,30.0,89.81080625789534,31.333333333333332
3,2026-05-02,SABADO,04:00,26.0,36.229072891204666,37.80487804878049
3,2026-05-02,SABADO,04:30,66.0,82.38665009851863,108.26923076923077
3,2026-05-02,SABADO,05:00,90.0,107.68914059390622,161.23076923076923
3,2026-05-02,SABADO,05:30,149.0,98.75060090781716,169.03846153846155
3,2026-05-02,SABADO,06:00,120.0,106.24370112584654,208.17307692307693
3,2026-05-02,SABADO,06:30,198.0,94.09396520285824,182.28846153846155
3,2026-05-02,SABADO,07:00,136.0,80.64529655144628,138.42307692307693
3,2026-05-02,SABADO,07:30,59.0,64.14761452270167,118.84615384615384
3,2026-05-02,SABADO,08:00,98.0,74.98598033201839,117.92307692307692
3,2026-05-02,SABADO,08:30,74.0,56.92822648939736,109.82692307692308
3,2026-05-02,SABADO,09:00,124.0,81.02026289952053,93.5
3,2026-05-02,SABADO,09:30,38.0,68.68291958965926,95.28846153846153
3,2026-05-02,SABADO,10:00,61.0,56.967601958358756,93.75
3,2026-05-02,SABADO,10:30,117.0,54.64483572957005,90.46153846153847
3,2026-05-02,SABADO,11:00,83.0,55.96440389040711,96.98039215686275
3,2026-05-02,SABADO,11:30,99.0,68.66337216967831,90.70588235294117
3,2026-05-02,SABADO,12:00,57.0,45.928632419159854,90.28846153846153
3,2026-05-02,SABADO,12:30,55.0,67.65901938240088,78.79591836734694
3,2026-05-02,SABADO,13:00,53.0,48.646887716788896,74.16666666666667
3,2026-05-02,SABADO,13:30,100.0,48.201662908383,65.02
3,2026-05-02,SABADO,14:00,40.0,60.420028723410795,73.79591836734694
3,2026-05-02,SABADO,14:30,79.0,45.949150539450514,64.91666666666667
3,2026-05-02,SABADO,15:00,45.0,41.63734576844837,72.73913043478261
3,2026-05-02,SABADO,15:30,75.0,46.017817235293236,68.76086956521739
3,2026-05-02,SABADO,16:00,39.0,56.879995105288074,51.23809523809524
3,2026-05-02,SABADO,16:30,45.0,26.051220337657625,47.43333333333333
3,2026-05-03,DOMINGO,08:00,32.0,23.49885228324038,39.95652173913044
3,2026-05-03,DOMINGO,09:00,17.0,27.53645283146595,35.388888888888886
3,2026-05-03,DOMINGO,10:30,33.0,42.678551319325905,37.97560975609756
3,2026-05-03,DOMINGO,11:30,27.0,38.66602389564919,35.55882352941177
3,2026-05-03,DOMINGO,13:00,26.0,41.71372792451153,31.83783783783784
3,2026-05-03,DOMINGO,13:30,41.0,43.29782163752873,30.612903225806452
3,2026-05-03,DOMINGO,14:30,23.0,43.46997755393973,35.714285714285715
3,2026-05-03,DOMINGO,15:00,29.0,34.26822359409543,36.166666666666664
3,2026-05-04,LABORAL,04:00,74.0,49.778636336299144,54.3681592039801
3,2026-05-04,LABORAL,04:30,106.0,146.74342304750394,159.46502057613168
3,2026-05-04,LABORAL,05:00,271.0,269.97577077589494,280.79918032786884
3,2026-05-04,LABORAL,05:30,195.0,245.0949501855689,276.7663934426229
3,2026-05-04,LABORAL,06:00,323.0,264.18289231319307,297.1106557377049
3,2026-05-04,LABORAL,06:30,190.0,219.6256323995955,226.00819672131146
3,2026-05-04,LABORAL,07:00,175.0,175.7719566633029,180.26639344262296
3,2026-05-04,LABORAL,07:30,129.0,151.29224162979958,161.4814814814815
3,2026-05-04,LABORAL,08:00,151.0,136.61772214256996,147.16666666666666
3,2026-05-04,LABORAL,08:30,125.0,136.12119257652105,146.7119341563786
3,2026-05-04,LABORAL,09:00,154.0,134.81564661063257,140.51440329218107
3,2026-05-04,LABORAL,09:30,85.0,128.84562438159386,124.5
3,2026-05-04,LABORAL,10:00,128.0,126.60434725359164,132.97107438016528
3,2026-05-04,LABORAL,10:30,154.0,121.5616112178856,118.38271604938272
3,2026-05-04,LABORAL,11:00,68.0,89.01886022575803,112.94650205761317
3,2026-05-04,LABORAL,11:30,195.0,134.88445005983618,131.21399176954733
3,2026-05-04,LABORAL,12:00,164.0,170.4841625073813,170.93032786885246
3,2026-05-04,LABORAL,12:30,87.0,144.4522950860252,141.69834710743802
3,2026-05-04,LABORAL,13:00,234.0,138.1542863387629,143.09876543209876
3,2026-05-04,LABORAL,13:30,81.0,125.13482095984203,137.46280991735537
3,2026-05-04,LABORAL,14:00,82.0,118.25951462947062,131.84647302904565
3,2026-05-04,LABORAL,14:30,135.0,137.70047300414552,147.17427385892117
3,2026-05-04,LABORAL,15:00,160.0,150.9194905700358,153.32510288065845
3,2026-05-04,LABORAL,15:30,111.0,116.494233390873,145.73029045643153
3,2026-05-04,LABORAL,16:00,126.0,104.26395649407377,115.65126050420169
3,2026-05-04,LABORAL,16:30,47.0,80.22619367733668,86.93697478991596
3,2026-05-04,LABORAL,17:00,80.0,45.32787686475827,56.966183574879224
3,2026-05-05,LABORAL,04:00,46.0,47.33432641235885,54.46268656716418
3,2026-05-05,LABORAL,04:30,136.0,127.11469080265304,158.9917695473251
3,2026-05-05,LABORAL,05:00,301.0,251.89291820869101,280.5327868852459
3,2026-05-05,LABORAL,05:30,298.0,244.9004046981032,276.0409836065574
3,2026-05-05,LABORAL,06:00,236.0,285.0787935250746,297.2950819672131
3,2026-05-05,LABORAL,06:30,194.0,213.52192615879372,225.89344262295083
3,2026-05-05,LABORAL,07:00,61.0,172.20439612233974,180.04508196721312
3,2026-05-05,LABORAL,07:30,187.0,158.29070065490035,161.2633744855967
3,2026-05-05,LABORAL,08:00,103.0,134.90454131668946,147.11666666666667
3,2026-05-05,LABORAL,08:30,237.0,148.03366147017675,146.67489711934155
3,2026-05-05,LABORAL,09:00,67.0,128.95445648871322,140.3991769547325
3,2026-05-05,LABORAL,09:30,177.0,121.8314842823859,124.28099173553719
3,2026-05-05,LABORAL,10:00,102.0,133.7514058605548,132.84297520661158
3,2026-05-05,LABORAL,10:30,71.0,113.28183850926366,118.48971193415638
3,2026-05-05,LABORAL,11:00,114.0,104.59259135461988,112.58847736625515
3,2026-05-05,LABORAL,11:30,147.0,131.66641987068553,131.24279835390948
3,2026-05-05,LABORAL,12:00,235.0,166.1996349096455,170.85655737704917
3,2026-05-05,LABORAL,12:30,100.0,122.46040539960964,141.5
3,2026-05-05,LABORAL,13:00,145.0,126.86714664195662,143.29218106995884
3,2026-05-05,LABORAL,13:30,49.0,117.91614660985134,137.04132231404958
3,2026-05-05,LABORAL,14:00,136.0,117.5214768129452,131.64730290456433
3,2026-05-05,LABORAL,14:30,120.0,130.80517608506418,146.99170124481327
3,2026-05-05,LABORAL,15:00,176.0,121.58547988503105,153.1851851851852
3,2026-05-05,LABORAL,15:30,86.0,111.79031630058277,145.7136929460581
3,2026-05-05,LABORAL,16:00,125.0,95.65182559513696,115.73529411764706
3,2026-05-05,LABORAL,16:30,95.0,73.97990491141198,86.78571428571429
3,2026-05-05,LABORAL,17:00,57.0,41.318413902221636,57.05314009661836
3,2026-05-06,LABORAL,04:00,44.0,45.99997520609588,54.46268656716418
3,2026-05-06,LABORAL,04:30,108.0,135.42104148379113,158.97530864197532
3,2026-05-06,LABORAL,05:00,282.0,258.8051169965065,280.30737704918033
3,2026-05-06,LABORAL,05:30,197.0,244.85006622949157,276.2049180327869
3,2026-05-06,LABORAL,06:00,251.0,279.87545792049957,296.67622950819674
3,2026-05-06,LABORAL,06:30,122.0,197.9323433293947,225.75
3,2026-05-06,LABORAL,07:00,86.0,163.72347359531682,179.69262295081967
3,2026-05-06,LABORAL,07:30,197.0,153.05815266728396,161.1275720164609
3,2026-05-06,LABORAL,08:00,122.0,133.32333910862343,146.8625
3,2026-05-06,LABORAL,08:30,171.0,140.05111532309724,146.81893004115227
3,2026-05-06,LABORAL,09:00,87.0,121.28574190808713,139.8395061728395
3,2026-05-06,LABORAL,09:30,99.0,112.31922555237567,124.36363636363636
3,2026-05-06,LABORAL,10:00,50.0,122.13574408502504,132.91322314049586
3,2026-05-06,LABORAL,10:30,72.0,100.48362621500748,118.21399176954732
3,2026-05-06,LABORAL,11:00,122.0,103.666719010187,112.31687242798354
3,2026-05-06,LABORAL,11:30,43.0,130.0465008937406,131.17283950617283
3,2026-05-06,LABORAL,12:00,190.0,154.57124598049478,171.11065573770492
3,2026-05-06,LABORAL,12:30,122.0,126.60325383834828,141.17355371900825
3,2026-05-06,LABORAL,13:00,143.0,129.072182547361,143.23868312757202
3,2026-05-06,LABORAL,13:30,144.0,113.5050884926388,136.63636363636363
3,2026-05-06,LABORAL,14:00,65.0,120.04040998679643,132.05809128630705
3,2026-05-06,LABORAL,14:30,90.0,137.545143071563,146.5435684647303
3,2026-05-06,LABORAL,17:00,50.0,123.04674453392879,57.00483091787439
3,2026-05-07,LABORAL,04:00,46.0,47.74896522807934,54.43781094527363
3,2026-05-07,LABORAL,04:30,109.0,118.87744052563714,158.48559670781893
3,2026-05-07,LABORAL,05:00,247.0,244.55272584380646,280.48770491803276
3,2026-05-07,LABORAL,05:30,297.0,208.1467123511034,275.44262295081967
3,2026-05-07,LABORAL,06:00,274.0,228.45098995610994,296.2295081967213
3,2026-05-07,LABORAL,06:30,214.0,153.26230655758027,225.20901639344262
3,2026-05-07,LABORAL,07:00,152.0,157.20100508460888,179.25819672131146
3,2026-05-07,LABORAL,07:30,136.0,122.81056430212831,161.16460905349794
3,2026-05-07,LABORAL,08:00,77.0,111.81792818389953,146.74583333333334
3,2026-05-07,LABORAL,08:30,142.0,137.1497525752647,146.94650205761317
3,2026-05-07,LABORAL,09:00,196.0,103.69115610008407,139.64609053497944
3,2026-05-07,LABORAL,09:30,45.0,102.14589912008638,124.43388429752066
3,2026-05-07,LABORAL,10:00,170.0,118.35850741090889,132.49586776859505
3,2026-05-07,LABORAL,10:30,62.0,94.58381262146173,117.91358024691358
3,2026-05-07,LABORAL,11:00,128.0,90.08974809529427,112.29629629629629
3,2026-05-07,LABORAL,11:30,122.0,118.8469867421017,130.7283950617284
3,2026-05-07,LABORAL,12:00,157.0,170.25847917708205,171.21311475409837
3,2026-05-07,LABORAL,12:30,160.0,137.9967717632705,140.88429752066116
3,2026-05-07,LABORAL,13:00,188.0,179.82957113910822,143.35802469135803
3,2026-05-07,LABORAL,13:30,124.0,154.70337899714082,136.36363636363637
3,2026-05-07,LABORAL,14:00,49.0,128.94448454622756,131.5186721991701
3,2026-05-07,LABORAL,14:30,100.0,163.30785079973555,146.21991701244812
3,2026-05-07,LABORAL,15:00,168.0,152.46830953069764,153.1611570247934
3,2026-05-07,LABORAL,15:30,166.0,139.76597794809442,145.4875
3,2026-05-07,LABORAL,16:00,121.0,102.53411909579702,115.59071729957806
3,2026-05-07,LABORAL,16:30,54.0,81.49802022067443,86.66244725738396
3,2026-05-08,LABORAL,04:00,48.0,50.81342537877232,54.396039603960396
3,2026-05-08,LABORAL,04:30,109.0,135.1991275562531,157.8559670781893
3,2026-05-08,LABORAL,05:00,312.0,252.31178694628136,280.5696721311475
3,2026-05-08,LABORAL,05:30,167.0,230.42518983526065,275.3032786885246
3,2026-05-08,LABORAL,06:00,345.0,273.27684679989704,296.0204918032787
3,2026-05-08,LABORAL,06:30,182.0,210.00053275715493,224.85655737704917
3,2026-05-08,LABORAL,07:00,197.0,174.55494328525054,179.38524590163934
3,2026-05-08,LABORAL,07:30,107.0,141.3717726898565,161.20164609053498
3,2026-05-08,LABORAL,08:00,111.0,140.56057156896927,146.25
3,2026-05-08,LABORAL,08:30,111.0,147.56970357074368,146.9917695473251
3,2026-05-08,LABORAL,09:00,113.0,126.8543218166297,139.86008230452674
3,2026-05-08,LABORAL,09:30,104.0,115.53042317109582,123.95867768595042
3,2026-05-08,LABORAL,10:00,86.0,115.94682062853408,132.6611570247934
3,2026-05-08,LABORAL,10:30,118.0,113.60722546342629,117.440329218107
3,2026-05-08,LABORAL,11:00,88.0,104.91249407159934,112.41152263374485
3,2026-05-08,LABORAL,11:30,140.0,125.8568664736157,130.6255144032922
3,2026-05-08,LABORAL,12:00,177.0,157.30922330505155,171.29098360655738
3,2026-05-08,LABORAL,12:30,50.0,121.03970259096556,140.76859504132233
3,2026-05-08,LABORAL,13:00,236.0,148.1235792205896,143.440329218107
3,2026-05-08,LABORAL,13:30,110.0,117.04176489123786,136.42561983471074
3,2026-05-08,LABORAL,14:00,129.0,125.74568369047026,130.9875518672199
3,2026-05-08,LABORAL,14:30,146.0,126.41957307828683,146.19917012448133
3,2026-05-08,LABORAL,15:00,104.0,129.60909125004787,153.0206611570248
3,2026-05-08,LABORAL,15:30,151.0,107.37025814602599,145.59583333333333
3,2026-05-08,LABORAL,16:00,49.0,81.49752932025291,115.21940928270043
3,2026-05-08,LABORAL,16:30,65.0,68.8319207769128,86.60759493670886
3,2026-05-09,SABADO,04:00,43.0,36.40767546568479,37.523809523809526
3,2026-05-09,SABADO,04:30,85.0,90.61800185590161,106.86538461538461
3,2026-05-09,SABADO,05:00,176.0,157.5197540809245,158.53846153846155
3,2026-05-09,SABADO,05:30,186.0,140.22313394730222,168.28846153846155
3,2026-05-09,SABADO,06:00,151.0,201.17670857021125,205.65384615384616
3,2026-05-09,SABADO,06:30,213.0,171.99425755698837,182.21153846153845
3,2026-05-09,SABADO,07:00,133.0,124.82977813955463,138.53846153846155
3,2026-05-09,SABADO,07:30,133.0,111.62062800770724,117.46153846153847
3,2026-05-09,SABADO,08:00,119.0,104.49413608597654,117.03846153846153
3,2026-05-09,SABADO,09:00,121.0,117.22235743139649,94.0
3,2026-05-09,SABADO,09:30,55.0,86.2151288827859,93.03846153846153
3,2026-05-09,SABADO,10:00,116.0,91.62817162637637,92.21153846153847
3,2026-05-09,SABADO,10:30,29.0,83.7445830150061,91.0
3,2026-05-09,SABADO,11:00,79.0,87.67404859641451,97.6078431372549
3,2026-05-09,SABADO,11:30,95.0,84.07272876923193,89.43137254901961
3,2026-05-09,SABADO,12:00,81.0,86.0481547239958,89.53846153846153
3,2026-05-09,SABADO,12:30,78.0,100.44586267531673,79.04081632653062
3,2026-05-09,SABADO,13:00,71.0,60.71405745051723,72.70833333333333
3,2026-05-09,SABADO,13:30,47.0,84.6824803198214,65.86
3,2026-05-09,SABADO,14:00,60.0,59.12017645335851,73.26530612244898
3,2026-05-09,SABADO,14:30,65.0,75.61804479734647,64.5625
3,2026-05-09,SABADO,15:00,39.0,53.96390747530788,70.91304347826087
3,2026-05-09,SABADO,15:30,51.0,48.78559518848893,69.34782608695652
3,2026-05-09,SABADO,16:00,30.0,42.41444494515365,51.07142857142857
3,2026-05-09,SABADO,17:00,37.0,40.83192098410899,37.148148148148145
3,2026-05-10,DOMINGO,07:00,28.0,30.70920086300096,29.15
3,2026-05-10,DOMINGO,07:30,21.0,26.532505213709285,33.80434782608695
3,2026-05-10,DOMINGO,08:00,44.0,33.68031703691304,39.41304347826087
3,2026-05-10,DOMINGO,08:30,25.0,30.204673952778336,39.282051282051285
3,2026-05-10,DOMINGO,10:30,45.0,30.090435556565495,37.1219512195122
3,2026-05-10,DOMINGO,11:30,70.0,32.77917747199359,34.529411764705884
3,2026-05-10,DOMINGO,12:30,43.0,36.32358755471631,31.647058823529413
3,2026-05-10,DOMINGO,14:00,25.0,28.384551383903784,31.02857142857143
3,2026-05-10,DOMINGO,14:30,23.0,31.332399493024,35.57142857142857
3,2026-05-11,LABORAL,04:00,51.0,51.83668091015696,54.37128712871287
3,2026-05-11,LABORAL,04:30,208.0,153.54573097971246,157.5185185185185
3,2026-05-11,LABORAL,05:00,251.0,271.37721523471515,280.6967213114754
3,2026-05-11,LABORAL,05:30,206.0,260.1897468125135,274.9795081967213
3,2026-05-11,LABORAL,06:00,217.0,274.1106232259938,295.9344262295082
3,2026-05-11,LABORAL,06:30,297.0,230.74185342008977,224.39754098360655
3,2026-05-11,LABORAL,07:00,128.0,178.22962800674304,179.29918032786884
3,2026-05-11,LABORAL,07:30,103.0,146.33213339059705,160.79423868312756
3,2026-05-11,LABORAL,08:00,198.0,137.4203079110666,146.20833333333334
3,2026-05-11,LABORAL,08:30,22.0,139.65593631205476,146.8641975308642
3,2026-05-11,LABORAL,09:00,157.0,137.93275821850503,139.67489711934155
3,2026-05-11,LABORAL,09:30,86.0,132.55131389782466,123.90495867768595
3,2026-05-11,LABORAL,10:00,75.0,130.82011763306772,132.58264462809916
3,2026-05-11,LABORAL,10:30,176.0,115.12489234399538,117.25102880658436
3,2026-05-11,LABORAL,11:00,85.0,96.74037679284015,112.49382716049382
3,2026-05-11,LABORAL,11:30,204.0,128.89735512820457,130.54732510288065
3,2026-05-11,LABORAL,12:00,95.0,158.71634398956368,171.66803278688525
3,2026-05-11,LABORAL,12:30,114.0,142.252627426607,140.20247933884298
3,2026-05-11,LABORAL,13:00,160.0,134.51238907691692,143.54732510288065
3,2026-05-11,LABORAL,13:30,135.0,131.87752328514253,136.20661157024793
3,2026-05-11,LABORAL,14:00,143.0,120.70492095630875,130.85892116182572
3,2026-05-11,LABORAL,14:30,115.0,134.06234382760974,146.30290456431536
3,2026-05-11,LABORAL,15:00,75.0,153.40564536939817,152.37603305785123
3,2026-05-11,LABORAL,15:30,80.0,120.77878521704339,145.65416666666667
3,2026-05-11,LABORAL,16:00,117.0,111.31864914340368,114.91983122362869
3,2026-05-11,LABORAL,16:30,31.0,78.34460573528727,86.36286919831224
3,2026-05-12,LABORAL,04:00,55.0,47.93993700697543,54.354679802955665
3,2026-05-12,LABORAL,04:30,151.0,122.94686851863814,157.91358024691357
3,2026-05-12,LABORAL,05:00,279.0,246.9854886906587,280.4385245901639
3,2026-05-12,LABORAL,05:30,161.0,233.98165955929187,274.2950819672131
3,2026-05-12,LABORAL,06:00,355.0,288.96196654989666,295.9303278688525
3,2026-05-12,LABORAL,06:30,236.0,218.26239633038043,224.45081967213116
3,2026-05-12,LABORAL,07:00,108.0,171.26050142141725,179.4016393442623
3,2026-05-12,LABORAL,07:30,153.0,157.58714278282338,160.27572016460906
3,2026-05-12,LABORAL,08:00,158.0,131.8930222632909,146.34583333333333
3,2026-05-12,LABORAL,08:30,232.0,157.28669523954105,146.33744855967078
3,2026-05-12,LABORAL,09:00,126.0,131.7239260894022,139.74897119341563
3,2026-05-12,LABORAL,09:30,33.0,118.36369709249706,123.57851239669421
3,2026-05-12,LABORAL,10:00,178.0,134.97686426947308,132.12809917355372
3,2026-05-12,LABORAL,10:30,78.0,99.77371714053854,117.50205761316873
3,2026-05-12,LABORAL,11:00,135.0,102.49772136984544,112.18106995884774
3,2026-05-12,LABORAL,11:30,68.0,131.5052473012748,131.01234567901236
3,2026-05-12,LABORAL,12:00,214.0,171.08483435463643,171.29508196721312
3,2026-05-12,LABORAL,12:30,145.0,115.14555529812877,140.05371900826447
3,2026-05-12,LABORAL,13:00,83.0,134.85412086147633,143.67078189300412
3,2026-05-12,LABORAL,13:30,218.0,117.96612253559465,135.89669421487602
3,2026-05-12,LABORAL,14:00,92.0,114.83292775886271,131.09128630705393
3,2026-05-12,LABORAL,14:30,149.0,123.9043537652666,146.19502074688796
3,2026-05-12,LABORAL,15:00,136.0,117.66708615231758,151.6900826446281
3,2026-05-12,LABORAL,15:30,169.0,106.09534483861154,145.45833333333334
3,2026-05-12,LABORAL,16:00,118.0,89.57967150807579,114.77215189873418
3,2026-05-12,LABORAL,16:30,63.0,61.94744824691411,85.9113924050633
3,2026-05-12,LABORAL,17:00,29.0,40.045419591317184,56.504901960784316
3,2026-05-13,LABORAL,04:00,45.0,49.15718544961463,54.330049261083744
3,2026-05-13,LABORAL,04:30,151.0,132.20575229451765,157.8395061728395
3,2026-05-13,LABORAL,05:00,311.0,256.1186366222506,280.1516393442623
3,2026-05-13,LABORAL,05:30,275.0,234.20365695629113,272.9549180327869
3,2026-05-13,LABORAL,06:00,137.0,271.5038284786646,295.79918032786884
3,2026-05-13,LABORAL,06:30,341.0,192.24753080749738,224.70901639344262
3,2026-05-13,LABORAL,07:00,53.0,157.51145563747195,178.8483606557377
3,2026-05-13,LABORAL,07:30,124.0,147.67270814020335,160.25925925925927
3,2026-05-13,LABORAL,08:00,171.0,124.8549003451935,146.3375
3,2026-05-13,LABORAL,08:30,162.0,133.73076914899417,146.4485596707819
3,2026-05-13,LABORAL,09:00,41.0,120.75514340368922,139.81893004115227
3,2026-05-13,LABORAL,09:30,115.0,110.57844716809461,122.98760330578513
3,2026-05-13,LABORAL,10:00,153.0,117.25526634109771,132.22314049586777
3,2026-05-13,LABORAL,10:30,105.0,93.53249834948075,117.18106995884774
3,2026-05-13,LABORAL,11:00,70.0,105.64226420800334,112.36213991769547
3,2026-05-13,LABORAL,11:30,157.0,121.25284549075157,130.44444444444446
3,2026-05-13,LABORAL,12:00,97.0,145.23249040910167,171.52459016393442
3,2026-05-13,LABORAL,12:30,130.0,122.80459391512377,140.03719008264463
3,2026-05-13,LABORAL,13:00,146.0,120.81064586266353,143.20576131687244
3,2026-05-13,LABORAL,13:30,80.0,110.38593818532937,136.34297520661158
3,2026-05-13,LABORAL,14:00,208.0,110.01036681343102,130.92116182572613
3,2026-05-13,LABORAL,14:30,118.0,130.9579799382963,146.17427385892117
3,2026-05-13,LABORAL,15:00,134.0,116.23186818865554,151.2396694214876
3,2026-05-13,LABORAL,15:30,102.0,107.38212293763317,145.49583333333334
3,2026-05-13,LABORAL,16:00,95.0,101.45664231054934,114.40928270042194
3,2026-05-13,LABORAL,16:30,83.0,54.998358949916806,85.63291139240506
3,2026-05-14,LABORAL,04:00,45.0,48.97331717903472,54.320197044334975
3,2026-05-14,LABORAL,04:30,210.0,134.08106848078737,157.53086419753086
3,2026-05-14,LABORAL,05:00,182.0,270.8860077964516,280.2909836065574
3,2026-05-14,LABORAL,05:30,231.0,237.95224167575498,272.7049180327869
3,2026-05-14,LABORAL,06:00,327.0,279.2382789147823,294.79918032786884
3,2026-05-14,LABORAL,06:30,182.0,205.02520378898083,224.88114754098362
3,2026-05-14,LABORAL,07:00,133.0,167.74025810363932,178.5
3,2026-05-14,LABORAL,07:30,172.0,149.35884325624096,159.68312757201647
3,2026-05-14,LABORAL,08:00,139.0,137.4638861766135,146.33333333333334
3,2026-05-14,LABORAL,08:30,123.0,145.6355043286291,146.7448559670782
3,2026-05-14,LABORAL,09:00,156.0,129.7024549888878,139.30864197530863
3,2026-05-14,LABORAL,09:30,57.0,107.66382992892324,122.90495867768595
3,2026-05-14,LABORAL,10:00,87.0,118.81959444361159,132.1818181818182
3,2026-05-14,LABORAL,10:30,99.0,105.07405070755321,117.23045267489712
3,2026-05-14,LABORAL,11:00,120.0,106.42768755609167,112.09876543209876
3,2026-05-14,LABORAL,11:30,84.0,132.07900266811532,130.440329218107
3,2026-05-14,LABORAL,12:00,128.0,159.01765931083472,171.0983606557377
3,2026-05-14,LABORAL,12:30,135.0,130.45986222045764,140.1900826446281
3,2026-05-14,LABORAL,13:00,155.0,143.75957973408492,143.18106995884773
3,2026-05-14,LABORAL,13:30,97.0,121.5239952443455,136.08264462809916
3,2026-05-14,LABORAL,14:00,94.0,126.26839405129589,131.1825726141079
3,2026-05-14,LABORAL,14:30,146.0,139.29805759112594,146.00829875518673
3,2026-05-14,LABORAL,15:00,179.0,125.37730038419994,151.05371900826447
3,2026-05-14,LABORAL,15:30,84.0,119.2323480070059,145.04583333333332
3,2026-05-14,LABORAL,16:00,149.0,95.44011056888287,114.38818565400844
3,2026-05-14,LABORAL,16:30,43.0,68.90311552189152,85.81012658227849
3,2026-05-14,LABORAL,17:00,85.0,42.681003196516,56.49261083743843
3,2026-05-15,LABORAL,04:00,53.0,51.532743689501885,54.32512315270936
3,2026-05-15,LABORAL,04:30,255.0,129.96337912367815,157.65432098765433
3,2026-05-15,LABORAL,05:00,190.0,265.928070019395,279.6844262295082
3,2026-05-15,LABORAL,05:30,234.0,240.95321629886098,272.30737704918033
3,2026-05-15,LABORAL,06:00,278.0,286.6449093466033,294.9590163934426
3,2026-05-15,LABORAL,06:30,202.0,212.8913758670082,224.80327868852459
3,2026-05-15,LABORAL,07:00,68.0,170.47389603659184,178.29918032786884
3,2026-05-15,LABORAL,07:30,180.0,143.03332093021567,159.7283950617284
3,2026-05-15,LABORAL,08:00,93.0,138.0704945827681,146.08333333333334
3,2026-05-15,LABORAL,08:30,181.0,145.79198812528637,146.53086419753086
3,2026-05-15,LABORAL,09:00,102.0,129.1794472627019,139.53909465020575
3,2026-05-15,LABORAL,09:30,110.0,110.82292311548883,122.47933884297521
3,2026-05-15,LABORAL,10:00,183.0,119.8274914155835,131.75619834710744
3,2026-05-15,LABORAL,10:30,108.0,113.1997133991918,117.11934156378601
3,2026-05-15,LABORAL,11:00,86.0,106.90602802540734,112.18930041152264
3,2026-05-15,LABORAL,11:30,117.0,124.89744915258284,130.30864197530863
3,2026-05-15,LABORAL,12:00,168.0,157.27235531099313,170.7704918032787
3,2026-05-15,LABORAL,12:30,105.0,128.08577266246613,140.4214876033058
3,2026-05-15,LABORAL,13:00,155.0,146.37680937429164,143.06995884773661
3,2026-05-15,LABORAL,13:30,157.0,125.05356911962602,136.08677685950414
3,2026-05-15,LABORAL,14:00,93.0,127.19578450360815,130.92116182572613
3,2026-05-15,LABORAL,14:30,140.0,130.97839401868472,145.82157676348547
3,2026-05-15,LABORAL,15:00,164.0,135.4742619621166,150.79338842975207
3,2026-05-15,LABORAL,15:30,152.0,111.3274666556028,144.70833333333334
3,2026-05-15,LABORAL,16:00,99.0,85.19583318696345,114.35864978902954
3,2026-05-15,LABORAL,16:30,84.0,69.09189010343826,85.59915611814345
3,2026-05-15,LABORAL,17:00,26.0,46.75512731780533,56.54187192118226
3,2026-05-16,SABADO,04:00,36.0,34.26107268512308,37.651162790697676
3,2026-05-16,SABADO,04:30,111.0,86.36748835405798,105.07692307692308
3,2026-05-16,SABADO,05:00,166.0,160.65539212052755,158.07692307692307
3,2026-05-16,SABADO,05:30,109.0,148.70300454930685,167.44230769230768
3,2026-05-16,SABADO,06:00,234.0,204.56843853703484,204.09615384615384
3,2026-05-16,SABADO,06:30,229.0,181.04608971958223,182.28846153846155
3,2026-05-16,SABADO,07:00,122.0,128.88707799189086,138.73076923076923
3,2026-05-16,SABADO,07:30,56.0,117.79716397879587,117.5
3,2026-05-16,SABADO,08:00,98.0,110.80759523266296,117.01923076923077
3,2026-05-16,SABADO,08:30,152.0,111.862510956378,108.37254901960785
3,2026-05-16,SABADO,09:00,93.0,96.22028693461192,94.26923076923077
3,2026-05-16,SABADO,09:30,59.0,85.69179804428592,91.76923076923077
3,2026-05-16,SABADO,10:00,58.0,91.91008136398068,92.8076923076923
3,2026-05-16,SABADO,10:30,155.0,90.29489614727248,87.8076923076923
3,2026-05-16,SABADO,11:00,82.0,89.44563207950125,97.07843137254902
3,2026-05-16,SABADO,11:30,100.0,85.871136193667,89.11764705882354
3,2026-05-16,SABADO,12:00,39.0,82.44650989792973,89.65384615384616
3,2026-05-16,SABADO,12:30,112.0,71.19086848614697,78.36734693877551
3,2026-05-16,SABADO,13:30,117.0,71.388948932726,65.6
3,2026-05-16,SABADO,14:00,44.0,55.60493097179652,73.20408163265306
3,2026-05-16,SABADO,14:30,28.0,73.27184587584043,63.875
3,2026-05-16,SABADO,15:00,87.0,46.3941214183849,69.43478260869566
3,2026-05-16,SABADO,15:30,40.0,51.77436678813093,69.06521739130434
3,2026-05-16,SABADO,16:00,21.0,41.378834937849064,51.04761904761905
3,2026-05-16,SABADO,16:30,38.0,43.17592178427445,47.206896551724135
3,2026-05-16,SABADO,17:00,27.0,38.39366896520457,37.370370370370374
3,2026-05-17,DOMINGO,07:00,48.0,26.95179883066956,29.121951219512194
3,2026-05-17,DOMINGO,07:30,23.0,28.26603519348882,33.47826086956522
3,2026-05-17,DOMINGO,08:00,68.0,35.24829729842217,39.15217391304348
3,2026-05-17,DOMINGO,08:30,24.0,32.67104810381906,39.205128205128204
3,2026-05-17,DOMINGO,09:00,50.0,30.612466942072103,35.111111111111114
3,2026-05-17,DOMINGO,09:30,37.0,33.49562782899828,34.55
3,2026-05-17,DOMINGO,10:00,16.0,35.8238426939146,41.6
3,2026-05-17,DOMINGO,10:30,47.0,29.02116534054329,37.58536585365854
3,2026-05-17,DOMINGO,11:00,25.0,33.840740642210335,36.457142857142856
3,2026-05-17,DOMINGO,11:30,16.0,36.366702161821465,35.35294117647059
3,2026-05-17,DOMINGO,12:30,28.0,24.887380568874377,31.794117647058822
3,2026-05-17,DOMINGO,13:00,24.0,30.44418069028943,31.43243243243243
3,2026-05-17,DOMINGO,14:00,25.0,28.59187732946161,30.86111111111111
3,2026-05-17,DOMINGO,15:30,25.0,28.666027743260983,33.68
3,2026-05-17,DOMINGO,16:30,19.0,29.459442668967668,32.46153846153846
3,2026-05-18,FESTIVO_PUENTE,07:00,53.0,30.419494999607053,36.0
3,2026-05-18,FESTIVO_PUENTE,07:30,23.0,33.75842286189115,28.0
3,2026-05-18,FESTIVO_PUENTE,08:00,30.0,29.014958155580388,36.55555555555556
3,2026-05-18,FESTIVO_PUENTE,09:00,19.0,27.34109648609916,25.88888888888889
3,2026-05-18,FESTIVO_PUENTE,09:30,42.0,32.29333465810706,30.77777777777778
3,2026-05-18,FESTIVO_PUENTE,10:30,21.0,25.60803942618176,34.0
3,2026-05-18,FESTIVO_PUENTE,11:00,26.0,25.791415952970198,23.142857142857142
3,2026-05-18,FESTIVO_PUENTE,11:30,19.0,29.169382904969297,26.375
3,2026-05-18,FESTIVO_PUENTE,12:00,24.0,24.090260819921525,30.5
3,2026-05-18,FESTIVO_PUENTE,12:30,29.0,19.64618131300449,28.571428571428573
3,2026-05-18,FESTIVO_PUENTE,13:00,36.0,35.72742774565978,26.4
3,2026-05-18,FESTIVO_PUENTE,13:30,26.0,32.87347880263718,33.0
3,2026-05-18,FESTIVO_PUENTE,14:00,28.0,21.602698452280862,30.22222222222222
3,2026-05-19,LABORAL,04:00,51.0,47.68233574894151,54.318627450980394
3,2026-05-19,LABORAL,04:30,183.0,163.95977885114488,157.82231404958677
3,2026-05-19,LABORAL,05:00,212.0,281.857615444608,279.2510288065844
3,2026-05-19,LABORAL,05:30,247.0,265.3880896667183,271.51851851851853
3,2026-05-19,LABORAL,06:00,312.0,287.64461150007344,294.9382716049383
3,2026-05-19,LABORAL,06:30,178.0,226.66226171089824,224.69135802469137
3,2026-05-19,LABORAL,07:00,223.0,179.34470334419936,177.42798353909464
3,2026-05-19,LABORAL,07:30,108.0,153.17312559321934,159.48760330578511
3,2026-05-19,LABORAL,08:00,167.0,141.78945918752737,145.744769874477
3,2026-05-19,LABORAL,08:30,129.0,150.11804354375124,146.44628099173553
3,2026-05-19,LABORAL,09:00,178.0,140.3673424702624,139.31404958677686
3,2026-05-19,LABORAL,09:30,124.0,136.2180577914221,122.31120331950207
3,2026-05-19,LABORAL,10:00,168.0,135.68901312507253,131.85892116182572
3,2026-05-19,LABORAL,10:30,120.0,114.29188913640394,116.85123966942149
3,2026-05-19,LABORAL,11:00,95.0,114.32986550005096,111.7396694214876
3,2026-05-19,LABORAL,11:30,184.0,133.35307492753637,130.3801652892562
3,2026-05-19,LABORAL,12:00,141.0,153.17379142372522,170.50617283950618
3,2026-05-19,LABORAL,12:30,142.0,149.97436830335434,140.08713692946057
3,2026-05-19,LABORAL,13:00,197.0,149.81339519826872,142.5082644628099
3,2026-05-19,LABORAL,13:30,84.0,142.54469860353302,136.1701244813278
3,2026-05-19,LABORAL,14:00,142.0,123.92966901701988,130.73333333333332
3,2026-05-19,LABORAL,14:30,114.0,147.959514854871,145.60416666666666
3,2026-05-19,LABORAL,15:00,169.0,157.4882975952518,150.58091286307055
3,2026-05-19,LABORAL,15:30,195.0,131.90847527632104,144.5774058577406
3,2026-05-19,LABORAL,16:00,51.0,114.64197755381585,113.94491525423729
3,2026-05-19,LABORAL,16:30,58.0,75.91267972870995,85.10169491525424
3,2026-05-19,LABORAL,17:00,44.0,52.79132872708301,56.351485148514854
3,2026-05-20,LABORAL,04:00,45.0,50.88053581070403,54.302439024390246
3,2026-05-20,LABORAL,04:30,133.0,166.3863443906757,157.58264462809916
3,2026-05-20,LABORAL,05:00,268.0,312.9306522285872,278.880658436214
3,2026-05-20,LABORAL,05:30,285.0,282.568940833679,270.9382716049383
3,2026-05-20,LABORAL,06:00,241.0,302.8323007712719,295.1934156378601
3,2026-05-20,LABORAL,06:30,284.0,244.78968495353107,224.01234567901236
3,2026-05-20,LABORAL,07:00,139.0,192.5546274365263,177.67078189300412
3,2026-05-20,LABORAL,07:30,139.0,170.48122334534816,159.3388429752066
3,2026-05-20,LABORAL,08:00,158.0,163.75791994117375,145.46861924686192
3,2026-05-20,LABORAL,08:30,101.0,150.23000199283433,146.50413223140495
3,2026-05-20,LABORAL,09:00,175.0,141.7688158993115,139.47107438016528
3,2026-05-20,LABORAL,09:30,80.0,130.368504001262,122.21576763485477
3,2026-05-20,LABORAL,10:00,139.0,136.37664624594166,131.8423236514523
3,2026-05-20,LABORAL,10:30,99.0,124.87869454699145,116.78099173553719
3,2026-05-20,LABORAL,11:00,87.0,125.3264023486441,111.72727272727273
3,2026-05-20,LABORAL,11:30,70.0,146.99686081407216,130.39256198347107
3,2026-05-20,LABORAL,12:00,201.0,170.11136696968813,170.45679012345678
3,2026-05-20,LABORAL,12:30,151.0,143.87719642496702,140.21576763485479
3,2026-05-20,LABORAL,13:00,132.0,143.0168787811845,142.61570247933884
3,2026-05-20,LABORAL,13:30,153.0,137.8390427407085,135.92946058091286
3,2026-05-20,LABORAL,14:00,104.0,139.59845266642495,130.48333333333332
3,2026-05-20,LABORAL,14:30,194.0,158.44893092540235,145.39583333333334
3,2026-05-20,LABORAL,15:00,100.0,147.5465742938371,150.47717842323652
3,2026-05-20,LABORAL,15:30,71.0,144.61175919633266,144.71966527196653
3,2026-05-20,LABORAL,16:00,120.0,104.857832461024,113.58474576271186
3,2026-05-20,LABORAL,16:30,41.0,79.81884488633051,85.0677966101695
3,2026-05-20,LABORAL,17:00,12.0,43.24464315226403,56.06435643564357
3,2026-05-23,SABADO,04:00,22.0,33.53977912511779,37.61363636363637
3,2026-05-23,SABADO,04:30,120.0,92.12329576517223,103.48076923076923
3,2026-05-23,SABADO,05:00,143.0,150.46332189497622,159.01923076923077
3,2026-05-23,SABADO,05:30,176.0,133.38126198192023,165.51923076923077
3,2026-05-23,SABADO,06:00,244.0,191.12735629885304,205.51923076923077
3,2026-05-23,SABADO,06:30,99.0,161.99854891619722,183.92307692307693
3,2026-05-23,SABADO,07:00,131.0,109.6686686418096,138.40384615384616
3,2026-05-23,SABADO,07:30,82.0,108.06835190825463,116.82692307692308
3,2026-05-23,SABADO,08:00,158.0,96.29528972276816,115.73076923076923
3,2026-05-23,SABADO,08:30,86.0,106.04329722101463,109.43137254901961
3,2026-05-23,SABADO,09:00,97.0,82.7821602608796,93.9423076923077
3,2026-05-23,SABADO,09:30,104.0,74.41781675464658,89.96153846153847
3,2026-05-23,SABADO,10:00,53.0,83.15107337158472,92.11538461538461
3,2026-05-23,SABADO,10:30,65.0,80.5146725856796,89.25
3,2026-05-23,SABADO,11:00,68.0,77.53382102973936,96.07843137254902
3,2026-05-23,SABADO,11:30,48.0,87.49860460906015,89.6078431372549
3,2026-05-23,SABADO,12:00,85.0,81.71071430766557,87.8076923076923
3,2026-05-23,SABADO,12:30,73.0,62.760727990963844,78.87755102040816
3,2026-05-23,SABADO,13:00,50.0,83.38406631715547,72.48936170212765
3,2026-05-23,SABADO,13:30,56.0,55.8682910602591,67.2
3,2026-05-23,SABADO,14:00,32.0,70.2165113854897,72.6734693877551
3,2026-05-23,SABADO,15:00,48.0,48.33165174979327,69.6304347826087
3,2026-05-23,SABADO,15:30,44.0,48.93099051653476,68.56521739130434
3,2026-05-23,SABADO,16:00,54.0,40.42046225516077,49.88095238095238
3,2026-05-23,SABADO,16:30,30.0,36.34293952748554,46.172413793103445
3,2026-05-24,DOMINGO,07:00,11.0,27.460828529609145,29.682926829268293
3,2026-05-24,DOMINGO,08:00,24.0,26.412703016179705,39.71739130434783
3,2026-05-24,DOMINGO,08:30,80.0,32.625513041103844,38.333333333333336
3,2026-05-24,DOMINGO,09:30,24.0,28.62100222165246,34.7
3,2026-05-24,DOMINGO,10:00,22.0,30.212210480737838,40.325
3,2026-05-24,DOMINGO,11:00,74.0,33.78454589887765,36.542857142857144
3,2026-05-24,DOMINGO,12:00,32.0,36.640957616194186,36.114285714285714
3,2026-05-24,DOMINGO,12:30,40.0,28.075281867165415,31.5
3,2026-05-24,DOMINGO,13:30,23.0,32.83047988930049,30.933333333333334
3,2026-05-24,DOMINGO,14:00,25.0,36.283593562939785,30.7027027027027
3,2026-05-24,DOMINGO,15:00,29.0,24.949332081998165,36.06896551724138
3,2026-05-25,LABORAL,04:00,48.0,51.11756358096369,54.193236714975846
3,2026-05-25,LABORAL,04:30,205.0,155.31994523728275,156.64730290456433
3,2026-05-25,LABORAL,05:00,304.0,272.1544670256399,277.6735537190083
3,2026-05-25,LABORAL,05:30,214.0,261.84634332229837,269.87603305785126
3,2026-05-25,LABORAL,06:00,300.0,285.5321396681063,294.7107438016529
3,2026-05-25,LABORAL,06:30,131.0,237.43095856379546,223.9214876033058
3,2026-05-25,LABORAL,07:00,239.0,179.27777178832412,177.16528925619835
3,2026-05-25,LABORAL,07:30,110.0,151.01858248887103,159.01659751037346
3,2026-05-25,LABORAL,08:00,122.0,140.19152651936628,145.2731092436975
3,2026-05-25,LABORAL,08:30,223.0,144.6142862870825,146.35269709543567
3,2026-05-25,LABORAL,09:00,111.0,140.4187367530684,139.58921161825725
3,2026-05-25,LABORAL,09:30,113.0,134.6379877161429,121.94583333333334
3,2026-05-25,LABORAL,10:00,144.0,134.8626285831229,131.55
3,2026-05-25,LABORAL,10:30,105.0,120.37826065632356,116.57676348547717
3,2026-05-25,LABORAL,11:00,62.0,102.7499929190296,111.4356846473029
3,2026-05-25,LABORAL,11:30,230.0,129.4322996650075,130.2625
3,2026-05-25,LABORAL,12:00,61.0,163.98106553598743,170.29338842975207
3,2026-05-25,LABORAL,12:30,217.0,143.87156656906757,140.275
3,2026-05-25,LABORAL,13:00,62.0,136.89944773278043,142.3278008298755
3,2026-05-25,LABORAL,13:30,151.0,139.22593718407305,136.03333333333333
3,2026-05-25,LABORAL,14:00,143.0,120.2384755909526,129.64853556485355
3,2026-05-25,LABORAL,14:30,122.0,143.1405996942616,145.6694560669456
3,2026-05-25,LABORAL,15:00,103.0,155.71279439706453,149.8375
3,2026-05-25,LABORAL,15:30,180.0,131.13721415560286,143.31932773109244
3,2026-05-25,LABORAL,16:00,71.0,113.0095033146585,112.91489361702128
3,2026-05-25,LABORAL,16:30,73.0,78.5391997578706,84.61702127659575
3,2026-05-25,LABORAL,17:00,30.0,54.20427431636149,55.2636815920398
3,2026-05-25,LABORAL,17:30,27.0,28.955568735854854,33.041666666666664
3,2026-05-26,LABORAL,04:00,47.0,50.35785997006374,54.16346153846154
3,2026-05-26,LABORAL,04:30,166.0,134.49771220468364,156.66390041493776
3,2026-05-26,LABORAL,05:00,314.0,278.4290510649839,277.3512396694215
3,2026-05-26,LABORAL,05:30,195.0,271.8382512579705,269.3347107438017
3,2026-05-26,LABORAL,06:00,342.0,287.1541792398108,294.79338842975204
3,2026-05-26,LABORAL,06:30,210.0,219.10420287939775,223.13223140495867
3,2026-05-26,LABORAL,07:00,168.0,176.52421533576188,177.53719008264463
3,2026-05-26,LABORAL,07:30,120.0,163.12168550558516,158.80082987551867
3,2026-05-26,LABORAL,08:00,159.0,137.9600323918396,145.52941176470588
3,2026-05-26,LABORAL,08:30,126.0,141.37973613592857,146.49377593360995
3,2026-05-26,LABORAL,09:00,158.0,138.59403793025086,139.4356846473029
3,2026-05-26,LABORAL,09:30,104.0,125.35982916193672,121.87083333333334
3,2026-05-26,LABORAL,10:00,132.0,134.17488149231414,131.55
3,2026-05-26,LABORAL,10:30,143.0,118.45745837218239,116.41908713692946
3,2026-05-26,LABORAL,11:00,113.0,114.7110807403902,111.14522821576763
3,2026-05-26,LABORAL,11:30,127.0,136.18745371693777,130.4375
3,2026-05-26,LABORAL,12:00,211.0,172.1655126377833,169.48760330578511
3,2026-05-26,LABORAL,12:30,156.0,138.25588574370576,140.56666666666666
3,2026-05-26,LABORAL,13:00,64.0,129.78344819694252,141.96265560165975
3,2026-05-26,LABORAL,13:30,210.0,139.6146963913134,136.17083333333332
3,2026-05-26,LABORAL,14:00,65.0,126.92981096723969,129.55648535564853
3,2026-05-26,LABORAL,14:30,201.0,142.79484884682307,145.64435146443515
3,2026-05-26,LABORAL,15:00,87.0,139.5193114205744,149.35833333333332
3,2026-05-26,LABORAL,15:30,135.0,133.2503934851009,143.08403361344537
3,2026-05-26,LABORAL,16:00,97.0,118.2799574033615,112.85531914893618
3,2026-05-26,LABORAL,16:30,56.0,74.12200714758882,84.34468085106383
3,2026-05-26,LABORAL,17:00,27.0,46.67733655920817,54.8955223880597
3,2026-05-27,LABORAL,04:00,42.0,50.32651050747974,54.12918660287081
3,2026-05-27,LABORAL,04:30,215.0,146.36252764941565,156.47717842323652
3,2026-05-27,LABORAL,05:00,118.0,281.38621662621676,277.10743801652893
3,2026-05-27,LABORAL,05:30,241.0,261.2461153309697,268.6404958677686
3,2026-05-27,LABORAL,06:00,261.0,278.7730706805096,294.87603305785126
3,2026-05-27,LABORAL,06:30,150.0,203.29615765223002,222.85537190082644
3,2026-05-27,LABORAL,07:00,128.0,163.52490003503894,177.52892561983472
3,2026-05-27,LABORAL,07:30,162.0,155.0574384937927,158.3402489626556
3,2026-05-27,LABORAL,08:00,119.0,132.8675529492608,145.5546218487395
3,2026-05-27,LABORAL,08:30,46.0,135.2389486092975,146.3609958506224
3,2026-05-27,LABORAL,09:00,152.0,133.30735577346726,139.4564315352697
3,2026-05-27,LABORAL,09:30,48.0,115.0159171583192,121.70833333333333
3,2026-05-27,LABORAL,10:00,145.0,126.1474185732623,131.28333333333333
3,2026-05-27,LABORAL,10:30,110.0,102.48602577694413,116.42738589211618
3,2026-05-27,LABORAL,11:00,131.0,117.56514664787494,111.05809128630706
3,2026-05-27,LABORAL,11:30,89.0,130.484054246175,130.4125
3,2026-05-27,LABORAL,12:00,160.0,163.38381059557662,169.30578512396696
3,2026-05-27,LABORAL,12:30,128.0,138.19130029915317,140.52916666666667
3,2026-05-27,LABORAL,13:00,76.0,132.750694362214,141.52697095435684
3,2026-05-27,LABORAL,13:30,149.0,134.8658027623506,136.60833333333332
3,2026-05-27,LABORAL,14:00,109.0,123.72032175765173,129.01673640167365
3,2026-05-27,LABORAL,14:30,113.0,148.73562136787243,145.34309623430963
3,2026-05-27,LABORAL,15:00,164.0,129.9256745649094,148.88333333333333
3,2026-05-27,LABORAL,15:30,69.0,128.30897677078923,142.6344537815126
3,2026-05-27,LABORAL,16:00,86.0,116.43378939166706,112.52340425531915
3,2026-05-27,LABORAL,16:30,54.0,64.10429406196302,84.1404255319149
3,2026-05-28,LABORAL,04:00,50.0,44.592528775775136,54.07142857142857
3,2026-05-28,LABORAL,04:30,148.0,129.93477026675725,156.49792531120332
3,2026-05-28,LABORAL,05:00,237.0,259.36955343644104,276.23553719008265
3,2026-05-28,LABORAL,05:30,214.0,220.62485898930686,268.40495867768595
3,2026-05-28,LABORAL,06:00,329.0,261.50968742796107,295.03719008264466
3,2026-05-28,LABORAL,06:30,157.0,193.5493769224596,222.8099173553719
3,2026-05-28,LABORAL,07:00,208.0,150.0077602858917,177.35537190082644
3,2026-05-28,LABORAL,07:30,60.0,140.55915991506953,158.25726141078837
3,2026-05-28,LABORAL,08:00,173.0,124.80462383806397,145.609243697479
3,2026-05-28,LABORAL,08:30,74.0,145.98820992115748,146.09958506224066
3,2026-05-28,LABORAL,09:00,169.0,116.63797563176591,139.33195020746888
3,2026-05-28,LABORAL,09:30,94.0,100.35002611773913,121.48333333333333
3,2026-05-28,LABORAL,10:00,75.0,127.87038429915164,131.5375
3,2026-05-28,LABORAL,10:30,164.0,87.69268480745481,116.52697095435684
3,2026-05-28,LABORAL,11:00,119.0,100.1610148416419,111.16597510373444
3,2026-05-28,LABORAL,11:30,143.0,119.70630825977773,130.57083333333333
3,2026-05-28,LABORAL,12:00,103.0,155.23797045685853,169.4090909090909
3,2026-05-28,LABORAL,12:30,145.0,125.98363949949729,140.5375
3,2026-05-28,LABORAL,13:00,93.0,160.1972495080912,141.47717842323652
3,2026-05-28,LABORAL,13:30,123.0,124.90047250371732,136.83333333333334
3,2026-05-28,LABORAL,14:00,115.0,114.88980184079884,128.97907949790795
3,2026-05-28,LABORAL,14:30,168.0,139.80100104410494,145.0836820083682
3,2026-05-28,LABORAL,15:00,101.0,137.0632166365483,148.94166666666666
3,2026-05-28,LABORAL,15:30,128.0,117.80449575525367,142.4327731092437
3,2026-05-28,LABORAL,16:00,130.0,95.7053270104757,112.43829787234043
3,2026-05-28,LABORAL,16:30,40.0,57.27683655425959,84.05531914893616
3,2026-05-28,LABORAL,17:00,36.0,42.446299483224294,54.845
3,2026-05-29,LABORAL,04:00,116.0,51.18913336304317,54.052132701421804
3,2026-05-29,LABORAL,04:30,69.0,131.7009297994168,155.78838174273858
3,2026-05-29,LABORAL,05:00,243.0,250.12050530888374,276.0289256198347
3,2026-05-29,LABORAL,05:30,317.0,219.80473631623664,268.8264462809917
3,2026-05-29,LABORAL,06:00,215.0,281.3773766679253,295.58677685950414
3,2026-05-29,LABORAL,06:30,257.0,207.28787824546876,222.16528925619835
3,2026-05-29,LABORAL,07:00,146.0,162.72399891204594,177.55371900826447
3,2026-05-29,LABORAL,07:30,173.0,146.7263929884745,157.92116182572613
3,2026-05-29,LABORAL,08:00,122.0,140.86524038978928,145.81512605042016
3,2026-05-29,LABORAL,08:30,88.0,148.76163789710782,146.00414937759336
3,2026-05-29,LABORAL,09:00,146.0,124.68523433216934,139.43153526970954
3,2026-05-29,LABORAL,09:30,138.0,108.41729402787803,121.52083333333333
3,2026-05-29,LABORAL,10:00,86.0,113.3214469224958,131.40833333333333
3,2026-05-29,LABORAL,10:30,87.0,108.40122261930668,116.8298755186722
3,2026-05-29,LABORAL,11:00,145.0,101.52251639826137,111.23236514522821
3,2026-05-29,LABORAL,11:30,74.0,121.18374644378943,130.7125
3,2026-05-29,LABORAL,12:00,190.0,152.21872462262422,169.19834710743802
3,2026-05-29,LABORAL,12:30,149.0,117.24702214794883,140.70416666666668
3,2026-05-29,LABORAL,13:00,174.0,141.07898352502224,141.2240663900415
3,2026-05-29,LABORAL,13:30,56.0,106.66590869500182,136.86666666666667
3,2026-05-29,LABORAL,14:00,118.0,121.97907125904699,129.06276150627616
3,2026-05-29,LABORAL,14:30,168.0,118.55510123752995,145.3723849372385
3,2026-05-29,LABORAL,15:00,138.0,119.223160315955,148.86666666666667
3,2026-05-29,LABORAL,15:30,84.0,102.34898909601662,142.1638655462185
3,2026-05-29,LABORAL,16:00,72.0,79.09144234259693,112.33191489361703
3,2026-05-29,LABORAL,16:30,75.0,64.3774955232197,83.88510638297872
3,2026-05-29,LABORAL,17:00,19.0,44.551329888261236,54.735
3,2026-05-30,SABADO,04:30,175.0,35.92773024698994,103.51923076923077
3,2026-05-30,SABADO,05:00,105.0,93.20133930705227,158.01923076923077
3,2026-05-30,SABADO,05:30,174.0,158.61438681669028,164.53846153846155
3,2026-05-30,SABADO,06:00,122.0,142.5916608689492,206.01923076923077
3,2026-05-30,SABADO,06:30,210.0,200.85032812591538,181.96153846153845
3,2026-05-30,SABADO,07:00,142.0,173.81219186683268,138.09615384615384
3,2026-05-30,SABADO,07:30,104.0,125.45566868649351,115.61538461538461
3,2026-05-30,SABADO,08:00,49.0,119.03672991014257,117.28846153846153
3,2026-05-30,SABADO,08:30,139.0,109.64259056215776,108.45098039215686
3,2026-05-30,SABADO,09:00,80.0,112.93462992744185,93.53846153846153
3,2026-05-30,SABADO,09:30,59.0,90.78081897969648,90.88461538461539
3,2026-05-30,SABADO,10:00,99.0,84.25103040519897,89.9423076923077
3,2026-05-30,SABADO,10:30,51.0,86.65560914371862,88.25
3,2026-05-30,SABADO,11:00,30.0,83.67907669273197,95.31372549019608
3,2026-05-30,SABADO,11:30,121.0,87.44676709885152,88.31372549019608
3,2026-05-30,SABADO,12:00,105.0,86.0094934759351,87.34615384615384
3,2026-05-30,SABADO,12:30,18.0,80.8325757196781,79.3265306122449
3,2026-05-30,SABADO,13:00,36.0,62.670088019130034,71.57446808510639
3,2026-05-30,SABADO,13:30,58.0,70.98886194694332,67.74
3,2026-05-30,SABADO,14:00,54.0,57.42167092838997,70.73469387755102
3,2026-05-30,SABADO,14:30,31.0,73.87319489327511,62.255319148936174
3,2026-05-30,SABADO,15:00,81.0,43.93351650944821,69.91304347826087
3,2026-05-30,SABADO,15:30,39.0,45.86306548532686,66.80434782608695
3,2026-05-31,DOMINGO,07:00,29.0,28.497472248633613,29.195121951219512
3,2026-05-31,DOMINGO,08:00,29.0,26.449459985068216,39.21739130434783
3,2026-05-31,DOMINGO,08:30,37.0,31.478107967940616,39.51282051282051
3,2026-05-31,DOMINGO,09:00,32.0,28.49017000076209,35.611111111111114
3,2026-05-31,DOMINGO,10:00,61.0,28.578024317931266,39.425
3,2026-05-31,DOMINGO,11:00,25.0,34.03736851959745,37.48571428571429
3,2026-05-31,DOMINGO,11:30,42.0,35.92768678522984,34.411764705882355
3,2026-05-31,DOMINGO,14:00,24.0,26.29864992441884,30.675675675675677
3,2026-05-31,DOMINGO,14:30,23.0,32.39093442042403,32.76470588235294
3,2026-06-01,LABORAL,04:00,49.0,53.9099512782456,54.344339622641506
3,2026-06-01,LABORAL,04:30,131.0,151.1125653562624,155.16597510373444
3,2026-06-01,LABORAL,05:00,236.0,272.41814598741814,275.9504132231405
3,2026-06-01,LABORAL,05:30,237.0,250.19071884327874,268.6198347107438
3,2026-06-01,LABORAL,06:00,226.0,275.7461736063077,295.2396694214876
3,2026-06-01,LABORAL,06:30,187.0,229.9642744082704,222.21074380165288
3,2026-06-01,LABORAL,07:00,167.0,179.58017953527352,177.16528925619835
3,2026-06-01,LABORAL,07:30,106.0,152.4077209452232,157.76763485477179
3,2026-06-01,LABORAL,08:00,77.0,142.6156195737591,145.74789915966386
3,2026-06-01,LABORAL,08:30,156.0,146.3907273325347,145.60995850622407
3,2026-06-01,LABORAL,09:00,43.0,142.52637993834685,139.1576763485477
3,2026-06-01,LABORAL,09:30,143.0,129.10251022504238,121.62916666666666
3,2026-06-01,LABORAL,10:00,139.0,134.6013381760936,131.33333333333334
3,2026-06-01,LABORAL,11:00,74.0,123.33749941512264,111.2655601659751
3,2026-06-01,LABORAL,11:30,150.0,104.42845683112634,130.525
3,2026-06-01,LABORAL,12:00,136.0,131.39243634398264,169.04132231404958
3,2026-06-01,LABORAL,12:30,172.0,170.06797861328909,140.7375
3,2026-06-01,LABORAL,13:00,70.0,139.82436407708056,141.29045643153526
3,2026-06-01,LABORAL,13:30,110.0,142.9851642704624,136.14166666666668
3,2026-06-01,LABORAL,14:00,82.0,141.245538060489,128.94142259414227
3,2026-06-01,LABORAL,14:30,178.0,121.8878684920131,145.53556485355648
3,2026-06-01,LABORAL,15:00,47.0,145.72265867752745,148.7
3,2026-06-01,LABORAL,15:30,117.0,158.31830619771608,141.5546218487395
3,2026-06-01,LABORAL,16:00,63.0,134.36716113440113,112.02127659574468
3,2026-06-01,LABORAL,16:30,52.0,113.87270797289787,83.65106382978723
3,2026-06-02,LABORAL,04:30,167.0,43.24569795750804,155.06611570247935
3,2026-06-02,LABORAL,05:00,224.0,127.63497440450737,275.7860082304527
3,2026-06-02,LABORAL,05:30,286.0,254.00969733157157,268.4897119341564
3,2026-06-02,LABORAL,06:00,279.0,224.357375817283,294.95473251028807
3,2026-06-02,LABORAL,06:30,120.0,250.78714874735078,222.06584362139918
3,2026-06-02,LABORAL,07:00,227.0,195.50120636225142,177.12345679012347
3,2026-06-02,LABORAL,07:30,65.0,153.31792880206973,157.55371900826447
3,2026-06-02,LABORAL,08:00,173.0,139.69470651052572,145.4602510460251
3,2026-06-02,LABORAL,08:30,84.0,117.80717920891888,145.65289256198346
3,2026-06-02,LABORAL,09:00,121.0,138.3281838078429,138.7603305785124
3,2026-06-02,LABORAL,09:30,194.0,118.53882131856251,121.71784232365145
3,2026-06-02,LABORAL,10:00,72.0,104.608432158643,131.36514522821577
3,2026-06-02,LABORAL,10:30,161.0,113.48103907181633,116.44813278008299
3,2026-06-02,LABORAL,11:00,94.0,94.13237756989099,111.11157024793388
3,2026-06-02,LABORAL,11:30,101.0,97.08330734636664,130.6058091286307
3,2026-06-02,LABORAL,12:00,188.0,118.83983594381237,168.90534979423867
3,2026-06-02,LABORAL,12:30,135.0,152.31189165089236,140.86721991701245
3,2026-06-02,LABORAL,13:00,105.0,123.56734462839786,140.99586776859505
3,2026-06-02,LABORAL,13:30,103.0,132.683585083492,136.0331950207469
3,2026-06-02,LABORAL,14:00,120.0,125.6606791460731,128.74583333333334
3,2026-06-02,LABORAL,14:30,152.0,102.36951774573912,145.67083333333332
3,2026-06-02,LABORAL,15:00,174.0,125.20904219442126,148.2780082987552
3,2026-06-02,LABORAL,15:30,97.0,131.33783898066682,141.4518828451883
3,2026-06-02,LABORAL,16:00,102.0,110.11984464519182,111.8135593220339
3,2026-06-02,LABORAL,16:30,76.0,104.11387405329063,83.51694915254237
3,2026-06-03,LABORAL,04:30,170.0,49.533989763503854,155.03719008264463
3,2026-06-03,LABORAL,05:00,253.0,142.1871723472543,275.38271604938274
3,2026-06-03,LABORAL,05:30,311.0,273.15643193961625,267.9382716049383
3,2026-06-03,LABORAL,06:00,202.0,257.17276158685786,295.13168724279836
3,2026-06-03,LABORAL,06:30,215.0,279.9251095072591,221.30041152263374
3,2026-06-03,LABORAL,07:00,135.0,210.90325813813683,177.2798353909465
3,2026-06-03,LABORAL,07:30,155.0,166.9187840722362,157.30578512396696
3,2026-06-03,LABORAL,08:00,105.0,151.05077783507448,145.35983263598325
3,2026-06-03,LABORAL,08:30,153.0,135.544313567891,145.08677685950414
3,2026-06-03,LABORAL,09:00,68.0,137.23806668486765,138.48347107438016
3,2026-06-03,LABORAL,09:30,114.0,130.3110591533886,121.86721991701245
3,2026-06-03,LABORAL,10:00,127.0,113.80295968659371,131.2655601659751
3,2026-06-03,LABORAL,10:30,121.0,121.57571951328003,116.2240663900415
3,2026-06-03,LABORAL,11:00,101.0,104.28495355605357,110.89256198347107
3,2026-06-03,LABORAL,11:30,84.0,112.42493509451086,130.52697095435684
3,2026-06-03,LABORAL,12:00,163.0,131.1489915224644,169.10288065843622
3,2026-06-03,LABORAL,12:30,82.0,156.69072229590668,140.38589211618256
3,2026-06-03,LABORAL,13:00,146.0,133.86145962185978,140.63636363636363
3,2026-06-03,LABORAL,13:30,116.0,138.85966841898698,135.79253112033194
3,2026-06-03,LABORAL,14:00,93.0,128.58930510223436,128.55416666666667
3,2026-06-03,LABORAL,14:30,152.0,121.37039171398048,145.51666666666668
3,2026-06-03,LABORAL,15:00,53.0,142.3762958937033,148.17842323651453
3,2026-06-03,LABORAL,15:30,122.0,136.89665935132948,140.69874476987448
3,2026-06-03,LABORAL,16:00,109.0,128.12854618865737,111.97457627118644
3,2026-06-03,LABORAL,16:30,46.0,105.73495822548875,83.21610169491525
3,2026-06-03,LABORAL,17:00,29.0,70.14753286498097,54.20603015075377
3,2026-06-04,LABORAL,04:30,157.0,50.80264030486107,154.8388429752066
3,2026-06-04,LABORAL,05:00,293.0,140.53837436538845,275.02880658436214
3,2026-06-04,LABORAL,05:30,240.0,265.9436923086977,267.6255144032922
3,2026-06-04,LABORAL,06:00,278.0,230.89022580889724,295.0
3,2026-06-04,LABORAL,06:30,128.0,256.8650966684616,221.2716049382716
3,2026-06-04,LABORAL,07:00,157.0,205.41598546053893,176.53086419753086
3,2026-06-04,LABORAL,07:30,117.0,167.45444600119617,156.9214876033058
3,2026-06-04,LABORAL,08:00,67.0,155.48760630506533,145.36820083682008
3,2026-06-04,LABORAL,08:30,183.0,135.93564932995315,145.02892561983472
3,2026-06-04,LABORAL,09:00,64.0,135.43401173169494,138.13636363636363
3,2026-06-04,LABORAL,09:30,85.0,135.56788913517727,121.79668049792531
3,2026-06-04,LABORAL,10:00,129.0,117.03859250718355,131.149377593361
3,2026-06-04,LABORAL,10:30,90.0,115.11798058709296,116.14522821576763
3,2026-06-04,LABORAL,11:00,92.0,102.97798085836622,110.72314049586777
3,2026-06-04,LABORAL,11:30,106.0,115.19979776738273,130.24066390041494
3,2026-06-04,LABORAL,12:00,133.0,130.9501524386063,168.9835390946502
3,2026-06-04,LABORAL,12:30,123.0,153.11850910712323,140.0622406639004
3,2026-06-04,LABORAL,13:00,84.0,133.70631563910845,140.63223140495867
3,2026-06-04,LABORAL,13:30,134.0,144.29732990468702,135.54771784232366
3,2026-06-04,LABORAL,14:00,97.0,127.17446378239208,128.18333333333334
3,2026-06-04,LABORAL,14:30,123.0,118.49628329045075,145.55833333333334
3,2026-06-04,LABORAL,15:00,119.0,132.73279881652525,147.45228215767634
3,2026-06-04,LABORAL,15:30,112.0,126.3860619714831,140.26359832635984
3,2026-06-04,LABORAL,16:00,77.0,116.14918105508326,111.70338983050847
3,2026-06-04,LABORAL,16:30,73.0,94.9113031144472,83.02542372881356
3,2026-06-04,LABORAL,17:00,58.0,64.01362299044405,53.949748743718594
3,2026-06-05,LABORAL,04:30,142.0,48.68304046593872,154.6487603305785
3,2026-06-05,LABORAL,05:00,269.0,121.63422518110492,274.7366255144033
3,2026-06-05,LABORAL,05:30,193.0,231.04039420591346,267.36213991769546
3,2026-06-05,LABORAL,06:00,329.0,204.72796337668376,294.5308641975309
3,2026-06-05,LABORAL,06:30,178.0,237.67208034568867,220.93004115226339
3,2026-06-05,LABORAL,07:00,132.0,180.90307527708777,176.5761316872428
3,2026-06-05,LABORAL,07:30,125.0,156.3614797793357,156.61570247933884
3,2026-06-05,LABORAL,08:00,138.0,131.2676037197616,144.93305439330544
3,2026-06-05,LABORAL,08:30,108.0,126.02733605872513,145.02892561983472
3,2026-06-05,LABORAL,09:00,118.0,129.4569681611316,137.6900826446281
3,2026-06-05,LABORAL,09:30,59.0,121.56585453832433,121.44398340248962
3,2026-06-05,LABORAL,10:00,140.0,98.92738258832483,130.91286307053943
3,2026-06-05,LABORAL,10:30,112.0,107.1777225973766,116.18257261410788
3,2026-06-05,LABORAL,11:00,109.0,97.03490403983014,110.52066115702479
3,2026-06-05,LABORAL,11:30,90.0,103.37343752578491,129.85892116182572
3,2026-06-05,LABORAL,12:00,178.0,118.34201702283978,168.8724279835391
3,2026-06-05,LABORAL,12:30,114.0,140.28939890076788,139.83817427385893
3,2026-06-05,LABORAL,13:00,45.0,116.94825731262121,140.28925619834712
3,2026-06-05,LABORAL,13:30,158.0,136.85915069226678,135.24896265560167
3,2026-06-05,LABORAL,14:00,125.0,115.9392910463651,128.05833333333334
3,2026-06-05,LABORAL,14:30,110.0,108.77979441928306,145.47083333333333
3,2026-06-05,LABORAL,15:00,126.0,112.71831727017224,147.21991701244812
3,2026-06-05,LABORAL,15:30,110.0,105.45458982190081,139.907949790795
3,2026-06-05,LABORAL,16:00,110.0,94.79980989747075,111.66525423728814
3,2026-06-05,LABORAL,16:30,41.0,76.72110984252441,82.88559322033899
3,2026-06-06,SABADO,04:00,53.0,38.36335052766972,37.266666666666666
3,2026-06-06,SABADO,04:30,93.0,75.41393372351388,103.86538461538461
3,2026-06-06,SABADO,05:00,106.0,143.83060764695188,157.1153846153846
3,2026-06-06,SABADO,05:30,188.0,132.50015313162228,163.65384615384616
3,2026-06-06,SABADO,06:00,213.0,147.82833970723237,203.34615384615384
3,2026-06-06,SABADO,06:30,181.0,117.17607650539117,183.6153846153846
3,2026-06-06,SABADO,07:00,105.0,103.9989439675531,137.84615384615384
3,2026-06-06,SABADO,07:30,138.0,92.53223848040598,114.13461538461539
3,2026-06-06,SABADO,08:00,94.0,81.5011706230915,116.3076923076923
3,2026-06-06,SABADO,08:30,92.0,85.67919631711501,108.80392156862744
3,2026-06-06,SABADO,09:00,75.0,73.67830737210694,93.1923076923077
3,2026-06-06,SABADO,09:30,93.0,68.98776175149614,89.38461538461539
3,2026-06-06,SABADO,10:00,100.0,66.74102570023683,89.51923076923077
3,2026-06-06,SABADO,10:30,96.0,71.36170841632988,86.98076923076923
3,2026-06-06,SABADO,11:00,65.0,69.97137449389803,93.52941176470588
3,2026-06-06,SABADO,11:30,48.0,80.92401606023523,88.56862745098039
3,2026-06-06,SABADO,12:00,93.0,80.76114620857888,87.23076923076923
3,2026-06-06,SABADO,12:30,72.0,73.2892435004558,78.73469387755102
3,2026-06-06,SABADO,13:00,41.0,75.58189127419463,70.25531914893617
3,2026-06-06,SABADO,13:30,82.0,73.98212281090719,66.84
3,2026-06-06,SABADO,14:00,30.0,73.75746144890724,71.06122448979592
3,2026-06-06,SABADO,14:30,48.0,59.579740167577626,61.51063829787234
3,2026-06-06,SABADO,15:00,75.0,62.620751284978695,70.82608695652173
3,2026-06-06,SABADO,16:00,52.0,41.3829679160181,49.51219512195122
3,2026-06-07,DOMINGO,06:30,52.0,28.686583912836525,32.75
3,2026-06-07,DOMINGO,07:00,23.0,31.80517078007665,29.341463414634145
3,2026-06-07,DOMINGO,07:30,19.0,32.102772660725265,33.18181818181818
3,2026-06-07,DOMINGO,08:00,38.0,41.198917521387855,38.95652173913044
3,2026-06-07,DOMINGO,08:30,30.0,41.84693768950949,38.53846153846154
3,2026-06-07,DOMINGO,09:00,25.0,37.41123827980422,35.861111111111114
3,2026-06-07,DOMINGO,09:30,44.0,44.492958136649946,34.12820512820513
3,2026-06-07,DOMINGO,10:00,26.0,35.23074508499283,40.375
3,2026-06-07,DOMINGO,10:30,47.0,38.269862737710895,38.64102564102564
3,2026-06-07,DOMINGO,11:00,27.0,38.74413232839082,36.74285714285714
3,2026-06-07,DOMINGO,11:30,28.0,26.819483164213196,34.628571428571426
3,2026-06-07,DOMINGO,12:00,25.0,32.504739036505455,35.0
3,2026-06-07,DOMINGO,12:30,26.0,30.70092738189159,31.941176470588236
3,2026-06-07,DOMINGO,13:00,20.0,28.362238630310443,30.914285714285715
3,2026-06-07,DOMINGO,13:30,12.0,36.80148509323084,30.733333333333334
3,2026-06-07,DOMINGO,14:00,26.0,44.33531520437698,30.64864864864865
3,2026-06-07,DOMINGO,14:30,18.0,33.756931789724675,32.76470588235294
3,2026-06-07,DOMINGO,15:00,18.0,38.067656528393485,37.32142857142857
3,2026-06-08,FESTIVO_PUENTE,07:30,32.0,40.81882070883536,28.875
3,2026-06-08,FESTIVO_PUENTE,08:00,19.0,98.57293497354539,32.888888888888886
3,2026-06-08,FESTIVO_PUENTE,08:30,19.0,193.49131254579117,31.0
3,2026-06-08,FESTIVO_PUENTE,10:30,33.0,206.19574068577424,34.22222222222222
3,2026-06-08,FESTIVO_PUENTE,11:00,19.0,202.3785569084531,21.571428571428573
3,2026-06-08,FESTIVO_PUENTE,11:30,46.0,157.89455572202067,25.125
3,2026-06-08,FESTIVO_PUENTE,13:30,23.0,111.8697065719764,31.125
3,2026-06-08,FESTIVO_PUENTE,15:00,31.0,96.86735387322246,33.833333333333336
3,2026-06-08,FESTIVO_PUENTE,15:30,25.0,98.46926232133171,53.0
3,2026-06-09,LABORAL,04:30,158.0,45.733408968230236,153.95435684647302
3,2026-06-09,LABORAL,05:00,185.0,135.20365882304927,274.75206611570246
3,2026-06-09,LABORAL,05:30,342.0,245.4097542324959,266.6528925619835
3,2026-06-09,LABORAL,06:00,230.0,229.77581421316597,294.4917355371901
3,2026-06-09,LABORAL,06:30,209.0,221.31145684267068,220.63223140495867
3,2026-06-09,LABORAL,07:00,135.0,193.0986180020843,176.3801652892562
3,2026-06-09,LABORAL,07:30,97.0,157.44577529961464,156.448132780083
3,2026-06-09,LABORAL,08:00,205.0,135.5600306449113,144.54621848739495
3,2026-06-09,LABORAL,08:30,107.0,128.38120148895828,144.5435684647303
3,2026-06-09,LABORAL,09:00,196.0,128.247730208799,137.7344398340249
3,2026-06-09,LABORAL,09:30,139.0,138.77718580388031,120.89166666666667
3,2026-06-09,LABORAL,10:00,129.0,110.60923795314274,130.68333333333334
3,2026-06-09,LABORAL,10:30,108.0,127.66610497603904,116.1875
3,2026-06-09,LABORAL,11:00,98.0,99.84093182502707,110.51867219917013
3,2026-06-09,LABORAL,11:30,137.0,94.55665077190682,129.53333333333333
3,2026-06-09,LABORAL,12:00,180.0,128.8655351560492,168.90495867768595
3,2026-06-09,LABORAL,12:30,99.0,162.5504561735853,139.04583333333332
3,2026-06-09,LABORAL,13:00,148.0,140.07472228180606,139.95435684647302
3,2026-06-09,LABORAL,13:30,103.0,140.96662807202625,135.5
3,2026-06-09,LABORAL,14:00,92.0,141.271529359298,128.1715481171548
3,2026-06-09,LABORAL,14:30,169.0,119.66462135118067,145.3765690376569
3,2026-06-09,LABORAL,15:00,116.0,136.98273070907968,146.99583333333334
3,2026-06-09,LABORAL,15:30,105.0,141.82967237740854,139.4579831932773
3,2026-06-09,LABORAL,16:00,107.0,128.59570251400788,111.87234042553192
3,2026-06-09,LABORAL,16:30,44.0,110.80635717469872,82.55319148936171
3,2026-06-09,LABORAL,17:00,50.0,70.4083112640514,53.58375634517766
3,2026-06-10,LABORAL,04:00,29.0,48.38160203787646,54.35377358490566
3,2026-06-10,LABORAL,04:30,118.0,155.35833673927561,154.02489626556016
3,2026-06-10,LABORAL,05:00,285.0,295.01399702761637,273.95454545454544
3,2026-06-10,LABORAL,05:30,257.0,267.53808947341184,266.68595041322317
3,2026-06-10,LABORAL,06:00,302.0,290.6635168956574,293.60330578512395
3,2026-06-10,LABORAL,06:30,180.0,230.93196565856,220.7479338842975
3,2026-06-10,LABORAL,07:00,113.0,178.21450650518548,176.4214876033058
3,2026-06-10,LABORAL,07:30,113.0,163.42900078523488,156.0954356846473
3,2026-06-10,LABORAL,08:00,172.0,150.57444954467266,144.6218487394958
3,2026-06-10,LABORAL,08:30,66.0,144.4969210432156,144.46058091286307
3,2026-06-10,LABORAL,09:00,102.0,141.11038612907876,137.91286307053943
3,2026-06-10,LABORAL,09:30,128.0,124.06293447262101,120.75416666666666
3,2026-06-10,LABORAL,10:00,108.0,130.4294551782301,130.80416666666667
3,2026-06-10,LABORAL,10:30,45.0,115.07349437698036,115.93333333333334
3,2026-06-10,LABORAL,11:00,117.0,118.76502733057679,110.55601659751038
3,2026-06-10,LABORAL,11:30,113.0,140.60134723427223,129.6625
3,2026-06-10,LABORAL,12:00,112.0,166.52701397200298,169.03305785123968
3,2026-06-10,LABORAL,12:30,134.0,141.3749107097124,138.89583333333334
3,2026-06-10,LABORAL,13:00,53.0,142.54543090331725,140.2033195020747
3,2026-06-10,LABORAL,13:30,48.0,136.25970821596897,135.075
3,2026-06-10,LABORAL,14:30,55.0,127.51545418023335,145.418410041841
3,2026-06-10,LABORAL,15:00,41.0,151.63601727963567,147.0375
