route,dia_op,tipo_dia,hora,real,pred_lstm,pred_media
1,2026-04-02,FESTIVO,07:00,65.0,102.13844711633932,26.8
1,2026-04-02,FESTIVO,07:30,23.0,97.29714606361826,27.0
1,2026-04-02,FESTIVO,08:00,11.0,112.76305376253343,30.833333333333332
1,2026-04-02,FESTIVO,09:00,20.0,113.27337972660632,41.0
1,2026-04-02,FESTIVO,09:30,25.0,101.532052621304,33.333333333333336
1,2026-04-02,FESTIVO,10:00,21.0,109.20395678834059,25.25
1,2026-04-02,FESTIVO,10:30,19.0,107.72909464866856,36.166666666666664
1,2026-04-02,FESTIVO,11:00,23.0,101.67423189244671,42.4
1,2026-04-02,FESTIVO,11:30,33.0,100.59029166199454,26.75
1,2026-04-02,FESTIVO,12:00,18.0,105.34935978037491,32.0
1,2026-04-02,FESTIVO,12:30,45.0,92.90228300647847,43.8
1,2026-04-02,FESTIVO,13:00,21.0,85.52482161328498,19.333333333333332
1,2026-04-02,FESTIVO,13:30,49.0,83.13744234404074,32.6
1,2026-04-02,FESTIVO,15:00,27.0,75.4038500220387,21.333333333333332
1,2026-04-02,FESTIVO,15:30,30.0,80.58575624692503,40.333333333333336
1,2026-04-03,FESTIVO,08:00,14.0,24.76191373131651,28.0
1,2026-04-03,FESTIVO,08:30,30.0,22.624231826492505,36.166666666666664
1,2026-04-03,FESTIVO,09:00,16.0,28.802709273392978,37.5
1,2026-04-03,FESTIVO,11:00,12.0,18.46378624378478,39.166666666666664
1,2026-04-03,FESTIVO,11:30,28.0,37.31282162347708,28.0
1,2026-04-03,FESTIVO,12:00,19.0,37.78242042535793,29.2
1,2026-04-03,FESTIVO,12:30,18.0,20.491294576102206,44.0
1,2026-04-03,FESTIVO,14:30,31.0,50.52089946674806,31.75
1,2026-04-04,SABADO,04:30,37.0,76.72266269587061,86.25490196078431
1,2026-04-04,SABADO,05:00,48.0,47.77298624865067,62.01960784313726
1,2026-04-04,SABADO,05:30,51.0,66.47357876503621,98.17307692307692
1,2026-04-04,SABADO,06:00,42.0,69.65610970980381,99.34615384615384
1,2026-04-04,SABADO,06:30,66.0,78.68494721913856,114.75
1,2026-04-04,SABADO,07:00,38.0,74.01640269316147,105.5
1,2026-04-04,SABADO,07:30,63.0,73.73669218784892,110.15384615384616
1,2026-04-04,SABADO,08:00,80.0,83.72741525871966,104.36538461538461
1,2026-04-04,SABADO,08:30,23.0,61.282250194956724,102.57692307692308
1,2026-04-04,SABADO,09:00,89.0,89.65374610618753,98.42307692307692
1,2026-04-04,SABADO,09:30,54.0,48.833623542662124,95.26923076923077
1,2026-04-04,SABADO,10:00,73.0,66.52645891125346,90.90384615384616
1,2026-04-04,SABADO,10:30,30.0,42.66054808232062,96.48
1,2026-04-04,SABADO,11:00,17.0,55.164999438288945,102.17307692307692
1,2026-04-04,SABADO,11:30,104.0,60.651098096750864,83.3529411764706
1,2026-04-04,SABADO,12:00,71.0,79.81126610687139,94.86274509803921
1,2026-04-04,SABADO,13:00,99.0,79.74821793545041,76.68085106382979
1,2026-04-04,SABADO,13:30,21.0,75.03842715203018,82.63265306122449
1,2026-04-04,SABADO,14:30,36.0,79.85360294115026,73.3921568627451
1,2026-04-04,SABADO,15:00,124.0,67.32155036850116,75.52
1,2026-04-04,SABADO,16:00,48.0,95.535807553072,58.895833333333336
1,2026-04-04,SABADO,17:00,26.0,102.86828166263722,40.333333333333336
1,2026-04-05,DOMINGO,07:00,29.0,30.311337859542334,33.76190476190476
1,2026-04-05,DOMINGO,07:30,23.0,29.764785153430495,34.32608695652174
1,2026-04-05,DOMINGO,08:30,28.0,32.75323164337421,45.266666666666666
1,2026-04-05,DOMINGO,09:00,28.0,36.66644872364486,41.58974358974359
1,2026-04-05,DOMINGO,10:00,18.0,34.93821121883853,34.78260869565217
1,2026-04-05,DOMINGO,10:30,28.0,32.422827261332884,35.26829268292683
1,2026-04-05,DOMINGO,11:00,30.0,32.96079970109433,37.1578947368421
1,2026-04-05,DOMINGO,12:30,23.0,34.83506846549045,39.23684210526316
1,2026-04-05,DOMINGO,13:30,21.0,37.637884932979134,31.52777777777778
1,2026-04-05,DOMINGO,14:00,21.0,32.85962566356805,32.54545454545455
1,2026-04-05,DOMINGO,15:00,23.0,29.779771762145657,35.0
1,2026-04-06,LABORAL,04:30,135.0,122.60084902900348,127.56198347107438
1,2026-04-06,LABORAL,05:00,73.0,106.13302666892704,124.78423236514523
1,2026-04-06,LABORAL,05:30,183.0,121.86018829675615,143.33471074380165
1,2026-04-06,LABORAL,06:00,106.0,129.73608396722318,145.44214876033058
1,2026-04-06,LABORAL,06:30,160.0,135.31304881944195,133.298755186722
1,2026-04-06,LABORAL,07:00,157.0,129.2642826448575,133.65289256198346
1,2026-04-06,LABORAL,07:30,54.0,136.50658183049154,137.95454545454547
1,2026-04-06,LABORAL,08:00,165.0,132.93856209316272,135.87966804979254
1,2026-04-06,LABORAL,08:30,123.0,122.88224606548718,138.09128630705393
1,2026-04-06,LABORAL,09:00,176.0,133.446737437433,135.99585062240664
1,2026-04-06,LABORAL,09:30,155.0,107.42771491175992,123.4090909090909
1,2026-04-06,LABORAL,10:00,98.0,108.50099176193895,104.46280991735537
1,2026-04-06,LABORAL,10:30,80.0,87.3740447997412,98.14049586776859
1,2026-04-06,LABORAL,11:00,90.0,93.62251711177329,95.37603305785125
1,2026-04-06,LABORAL,11:30,84.0,106.68613264873204,101.76859504132231
1,2026-04-06,LABORAL,12:00,110.0,117.29033318267692,112.94628099173553
1,2026-04-06,LABORAL,12:30,165.0,139.07740269289278,136.1825726141079
1,2026-04-06,LABORAL,13:00,105.0,116.63129363365876,136.8512396694215
1,2026-04-06,LABORAL,13:30,192.0,153.210518005827,147.03305785123968
1,2026-04-06,LABORAL,14:00,174.0,118.5548589217316,152.26666666666668
1,2026-04-06,LABORAL,14:30,113.0,110.5896739302774,159.24380165289256
1,2026-04-06,LABORAL,15:00,217.0,174.8999549358346,179.05371900826447
1,2026-04-06,LABORAL,15:30,135.0,146.94599983957792,182.33609958506224
1,2026-04-06,LABORAL,16:00,151.0,142.69436773463502,153.0954356846473
1,2026-04-06,LABORAL,16:30,118.0,114.15016616345866,126.92116182572614
1,2026-04-06,LABORAL,17:00,50.0,65.70544568400945,76.45689655172414
1,2026-04-06,LABORAL,17:30,20.0,37.198844572006934,39.70625
1,2026-04-06,LABORAL,18:00,21.0,-26.472342216280197,21.4
1,2026-04-07,LABORAL,04:30,120.0,110.5036818226121,127.50826446280992
1,2026-04-07,LABORAL,05:00,126.0,129.72060328688383,124.6804979253112
1,2026-04-07,LABORAL,05:30,137.0,138.81789906860203,143.1900826446281
1,2026-04-07,LABORAL,06:00,143.0,136.62188283708917,145.1900826446281
1,2026-04-07,LABORAL,06:30,134.0,131.86808515211032,133.37759336099586
1,2026-04-07,LABORAL,07:00,107.0,138.29090965382252,133.79752066115702
1,2026-04-07,LABORAL,07:30,187.0,136.4352829485891,137.5495867768595
1,2026-04-07,LABORAL,08:00,164.0,133.45439251323933,135.90871369294607
1,2026-04-07,LABORAL,08:30,129.0,124.98973239753458,137.88796680497924
1,2026-04-07,LABORAL,09:00,152.0,137.74976164481717,136.04979253112035
1,2026-04-07,LABORAL,09:30,91.0,126.57084806046396,123.71487603305785
1,2026-04-07,LABORAL,10:00,176.0,87.33501675134876,104.24380165289256
1,2026-04-07,LABORAL,10:30,88.0,113.39825707064149,97.76859504132231
1,2026-04-07,LABORAL,11:00,84.0,84.4014428765348,95.24380165289256
1,2026-04-07,LABORAL,11:30,134.0,98.90961625493516,101.71900826446281
1,2026-04-07,LABORAL,12:00,113.0,102.90200813479048,112.62809917355372
1,2026-04-07,LABORAL,12:30,82.0,135.2863136681132,136.39834024896265
1,2026-04-07,LABORAL,13:00,149.0,133.85266466731636,136.77685950413223
1,2026-04-07,LABORAL,13:30,211.0,127.40175692404668,147.12809917355372
1,2026-04-07,LABORAL,14:00,180.0,147.03605446951283,152.3125
1,2026-04-07,LABORAL,14:30,114.0,136.2849672619507,159.0785123966942
1,2026-04-07,LABORAL,15:00,190.0,171.2968281087405,179.48347107438016
1,2026-04-07,LABORAL,15:30,194.0,173.52045167614256,182.11618257261412
1,2026-04-07,LABORAL,16:00,198.0,127.22765717062535,152.95850622406638
1,2026-04-07,LABORAL,16:30,148.0,113.92076383859587,126.86307053941908
1,2026-04-07,LABORAL,17:00,82.0,50.86167203048273,76.30603448275862
1,2026-04-08,LABORAL,04:30,126.0,111.94634276960977,127.34710743801652
1,2026-04-08,LABORAL,05:00,117.0,116.6746077245756,124.74688796680498
1,2026-04-08,LABORAL,05:30,125.0,130.18989285951025,143.35537190082644
1,2026-04-08,LABORAL,06:00,132.0,138.7444681716059,145.10743801652893
1,2026-04-08,LABORAL,06:30,189.0,134.96508349233127,133.30705394190872
1,2026-04-08,LABORAL,07:00,53.0,135.58166826930375,133.48347107438016
1,2026-04-08,LABORAL,07:30,118.0,130.52019354115288,137.72314049586777
1,2026-04-08,LABORAL,08:00,125.0,130.57157400331607,135.88796680497924
1,2026-04-08,LABORAL,08:30,184.0,120.10601040724403,138.07883817427387
1,2026-04-08,LABORAL,09:00,105.0,144.43108387545942,136.04149377593362
1,2026-04-08,LABORAL,09:30,120.0,114.15709769244799,123.3305785123967
1,2026-04-08,LABORAL,10:00,151.0,103.21397152292424,104.41322314049587
1,2026-04-08,LABORAL,10:30,70.0,104.2021443664216,97.76446280991736
1,2026-04-08,LABORAL,11:00,118.0,89.55165727158145,94.87603305785125
1,2026-04-08,LABORAL,11:30,88.0,94.20027738192387,102.10743801652893
1,2026-04-08,LABORAL,12:00,112.0,107.99590983784934,112.48347107438016
1,2026-04-08,LABORAL,12:30,146.0,148.74755552421243,136.19917012448133
1,2026-04-08,LABORAL,13:00,159.0,123.21233202603801,136.6198347107438
1,2026-04-08,LABORAL,13:30,60.0,133.93592454984065,147.73553719008265
1,2026-04-08,LABORAL,14:00,226.0,133.03490345748514,152.0875
1,2026-04-08,LABORAL,14:30,125.0,141.15324404627034,158.72314049586777
1,2026-04-08,LABORAL,15:00,173.0,152.80295653982375,179.48760330578511
1,2026-04-08,LABORAL,15:30,175.0,164.3332252042406,182.31120331950208
1,2026-04-08,LABORAL,16:00,92.0,124.88087491411608,153.0954356846473
1,2026-04-08,LABORAL,16:30,142.0,102.35916015379148,126.85892116182572
1,2026-04-08,LABORAL,17:00,48.0,48.77588147016293,75.95689655172414
1,2026-04-09,LABORAL,04:30,82.0,134.41942233179333,127.30165289256199
1,2026-04-09,LABORAL,05:00,150.0,114.71825893258303,124.40663900414938
1,2026-04-09,LABORAL,05:30,110.0,126.08737768032248,143.42561983471074
1,2026-04-09,LABORAL,06:00,147.0,148.04004014138897,145.02479338842974
1,2026-04-09,LABORAL,06:30,99.0,132.4554246349153,133.8423236514523
1,2026-04-09,LABORAL,07:00,153.0,119.54028375535593,132.77272727272728
1,2026-04-09,LABORAL,07:30,147.0,134.1195846180534,137.69834710743802
1,2026-04-09,LABORAL,08:00,103.0,119.38109259996561,135.94605809128632
1,2026-04-09,LABORAL,08:30,178.0,137.01247282930063,138.07883817427387
1,2026-04-09,LABORAL,09:00,140.0,114.26619971579379,135.9792531120332
1,2026-04-09,LABORAL,09:30,86.0,119.69332677331434,123.29338842975207
1,2026-04-09,LABORAL,10:00,78.0,117.50570550487788,104.36776859504133
1,2026-04-09,LABORAL,10:30,37.0,94.51547131657517,97.89256198347107
1,2026-04-09,LABORAL,11:00,148.0,102.67226159137945,94.80578512396694
1,2026-04-09,LABORAL,11:30,69.0,91.72438683581943,101.82644628099173
1,2026-04-09,LABORAL,12:00,84.0,100.1256679623512,112.4297520661157
1,2026-04-09,LABORAL,12:30,140.0,155.19017570126778,136.26970954356847
1,2026-04-09,LABORAL,13:00,160.0,107.136109119697,136.8801652892562
1,2026-04-09,LABORAL,13:30,85.0,148.26813435700882,147.22314049586777
1,2026-04-09,LABORAL,14:00,111.0,120.48202997620503,152.02916666666667
1,2026-04-09,LABORAL,14:30,168.0,171.10056795418197,158.5909090909091
1,2026-04-09,LABORAL,15:00,189.0,139.25297881945613,179.4090909090909
1,2026-04-09,LABORAL,15:30,129.0,145.0986192337461,182.46473029045643
1,2026-04-09,LABORAL,16:00,109.0,119.76928364107067,152.76348547717842
1,2026-04-09,LABORAL,16:30,110.0,133.51072265019496,126.78008298755186
1,2026-04-09,LABORAL,17:00,91.0,90.05208864547447,75.79741379310344
1,2026-04-09,LABORAL,17:30,16.0,34.027030409809015,39.335443037974684
1,2026-04-10,LABORAL,04:30,113.0,67.12506493889586,127.03305785123968
1,2026-04-10,LABORAL,05:00,124.0,59.4741858236171,124.46473029045643
1,2026-04-10,LABORAL,05:30,139.0,74.50759912036958,142.98760330578511
1,2026-04-10,LABORAL,06:00,131.0,78.86399781000833,145.06198347107437
1,2026-04-10,LABORAL,06:30,93.0,83.25213546628373,133.85477178423236
1,2026-04-10,LABORAL,07:00,152.0,81.09948691727267,132.6818181818182
1,2026-04-10,LABORAL,07:30,98.0,79.77991426840046,137.71074380165288
1,2026-04-10,LABORAL,08:00,187.0,73.8866196165092,135.65145228215766
1,2026-04-10,LABORAL,08:30,81.0,73.94524169901099,138.21576763485479
1,2026-04-10,LABORAL,09:00,162.0,88.03206478701065,136.0124481327801
1,2026-04-10,LABORAL,09:30,144.0,69.49152446653952,123.12809917355372
1,2026-04-10,LABORAL,10:00,90.0,66.28716517646228,104.23140495867769
1,2026-04-10,LABORAL,10:30,87.0,49.404821122099825,97.45867768595042
1,2026-04-10,LABORAL,11:00,99.0,60.389696028354436,95.09917355371901
1,2026-04-10,LABORAL,11:30,100.0,64.5650751268825,101.67355371900827
1,2026-04-10,LABORAL,12:00,134.0,63.037510203299526,112.4504132231405
1,2026-04-10,LABORAL,12:30,88.0,77.27077014018971,136.09128630705393
1,2026-04-10,LABORAL,13:00,132.0,76.15738881478697,136.88429752066116
1,2026-04-10,LABORAL,13:30,162.0,73.51724547656781,146.9214876033058
1,2026-04-10,LABORAL,14:00,172.0,69.90430057174251,152.18333333333334
1,2026-04-10,LABORAL,14:30,205.0,82.24052228083039,158.34297520661158
1,2026-04-10,LABORAL,15:00,101.0,102.54277037934278,179.28925619834712
1,2026-04-10,LABORAL,15:30,211.0,98.87548345020555,182.08298755186723
1,2026-04-10,LABORAL,16:00,104.0,81.93105616015637,153.02489626556016
1,2026-04-10,LABORAL,16:30,165.0,55.89874420893975,126.90041493775934
1,2026-04-10,LABORAL,17:00,56.0,38.52197026360865,75.87931034482759
1,2026-04-11,SABADO,04:30,65.0,71.70638552068914,84.58823529411765
1,2026-04-11,SABADO,05:00,50.0,57.082071844033756,61.13725490196079
1,2026-04-11,SABADO,05:30,87.0,77.5322451262089,98.1923076923077
1,2026-04-11,SABADO,06:00,66.0,81.51211235553035,97.11538461538461
1,2026-04-11,SABADO,06:30,125.0,78.66430376571114,114.4423076923077
1,2026-04-11,SABADO,07:00,104.0,80.61520549695896,103.46153846153847
1,2026-04-11,SABADO,07:30,88.0,82.42079706577579,108.82692307692308
1,2026-04-11,SABADO,08:00,55.0,83.3786992195922,103.32692307692308
1,2026-04-11,SABADO,08:30,59.0,80.95694188954428,101.09615384615384
1,2026-04-11,SABADO,09:00,101.0,82.43228773060326,98.59615384615384
1,2026-04-11,SABADO,09:30,52.0,79.47325167511016,93.98076923076923
1,2026-04-11,SABADO,10:00,123.0,72.91805554502363,91.07692307692308
1,2026-04-11,SABADO,10:30,103.0,69.35631321850833,94.96
1,2026-04-11,SABADO,11:00,63.0,81.95254210341956,99.17307692307692
1,2026-04-11,SABADO,11:30,58.0,69.0530662452924,83.66666666666667
1,2026-04-11,SABADO,12:00,176.0,76.68208909529304,94.52941176470588
1,2026-04-11,SABADO,13:00,57.0,82.738141722193,77.23404255319149
1,2026-04-11,SABADO,13:30,92.0,82.33967316355162,81.26530612244898
1,2026-04-11,SABADO,14:00,62.0,97.4269543736215,82.34693877551021
1,2026-04-11,SABADO,15:00,69.0,88.67952702319022,76.4
1,2026-04-11,SABADO,15:30,82.0,81.9860472355186,67.6938775510204
1,2026-04-11,SABADO,16:00,44.0,113.55445705498079,58.979166666666664
1,2026-04-11,SABADO,16:30,43.0,125.28746889051683,66.76190476190476
1,2026-04-11,SABADO,17:30,30.0,87.43380142530079,29.157894736842106
1,2026-04-12,DOMINGO,07:30,30.0,26.098313369125407,33.45652173913044
1,2026-04-12,DOMINGO,08:00,28.0,20.298714254401077,35.90243902439025
1,2026-04-12,DOMINGO,09:30,31.0,35.353348067920734,34.857142857142854
1,2026-04-12,DOMINGO,10:30,36.0,39.73146874527127,34.853658536585364
1,2026-04-12,DOMINGO,12:00,36.0,32.22969517022213,36.35897435897436
1,2026-04-12,DOMINGO,13:30,23.0,40.55879206683093,30.86111111111111
1,2026-04-12,DOMINGO,14:30,22.0,33.665887332004544,38.44117647058823
1,2026-04-12,DOMINGO,15:30,37.0,33.06529695484308,36.375
1,2026-04-13,LABORAL,04:30,117.0,119.27233572377105,126.84297520661157
1,2026-04-13,LABORAL,05:00,119.0,119.92615765264937,124.36929460580913
1,2026-04-13,LABORAL,05:30,79.0,127.15093684453241,142.9504132231405
1,2026-04-13,LABORAL,06:00,138.0,138.8131226561469,144.8388429752066
1,2026-04-13,LABORAL,06:30,215.0,119.46147102782201,133.86721991701245
1,2026-04-13,LABORAL,07:00,78.0,131.19669695740217,132.74380165289256
1,2026-04-13,LABORAL,07:30,206.0,140.12386036757096,137.54132231404958
1,2026-04-13,LABORAL,08:00,48.0,124.28714672404705,135.59751037344398
1,2026-04-13,LABORAL,08:30,132.0,131.37309759652504,137.56016597510373
1,2026-04-13,LABORAL,09:00,151.0,126.05314133843575,136.36514522821577
1,2026-04-13,LABORAL,09:30,100.0,109.79165050789193,123.19421487603306
1,2026-04-13,LABORAL,10:00,85.0,99.34259307693526,104.02066115702479
1,2026-04-13,LABORAL,10:30,74.0,94.98573339210087,97.18595041322314
1,2026-04-13,LABORAL,11:00,95.0,97.31258058853902,95.07851239669421
1,2026-04-13,LABORAL,11:30,118.0,92.69943447761054,101.84297520661157
1,2026-04-13,LABORAL,12:00,86.0,105.03511097061507,112.2892561983471
1,2026-04-13,LABORAL,12:30,99.0,133.96616755547518,135.95850622406638
1,2026-04-13,LABORAL,13:00,139.0,130.8184932606566,136.65702479338842
1,2026-04-13,LABORAL,13:30,115.0,142.70460589193254,147.03305785123968
1,2026-04-13,LABORAL,14:00,189.0,152.0598362974751,152.2375
1,2026-04-13,LABORAL,14:30,80.0,139.4835346185811,158.37190082644628
1,2026-04-13,LABORAL,15:00,211.0,173.65188246357945,178.95867768595042
1,2026-04-13,LABORAL,15:30,176.0,174.43643404805323,182.11618257261412
1,2026-04-13,LABORAL,16:00,104.0,163.55782323373532,152.8298755186722
1,2026-04-13,LABORAL,16:30,131.0,119.08729754545085,126.90041493775934
1,2026-04-13,LABORAL,17:00,76.0,71.6082883182664,75.65086206896552
1,2026-04-13,LABORAL,17:30,26.0,22.157587417100146,39.00636942675159
1,2026-04-14,LABORAL,04:30,71.0,134.96971941009085,126.89669421487604
1,2026-04-14,LABORAL,05:00,157.0,129.54244012866508,124.24896265560166
1,2026-04-14,LABORAL,05:30,129.0,144.75706210991916,142.93801652892563
1,2026-04-14,LABORAL,06:00,151.0,150.04359675156604,144.62809917355372
1,2026-04-14,LABORAL,06:30,89.0,132.87868166581427,134.2448132780083
1,2026-04-14,LABORAL,07:00,130.0,143.929022652544,132.6198347107438
1,2026-04-14,LABORAL,07:30,179.0,146.90386209201574,137.50413223140495
1,2026-04-14,LABORAL,08:00,144.0,139.31637167752663,135.28215767634856
1,2026-04-14,LABORAL,08:30,88.0,143.17232039188195,137.49377593360995
1,2026-04-14,LABORAL,09:00,144.0,136.60681763735755,136.54771784232366
1,2026-04-14,LABORAL,09:30,130.0,124.0394570256269,123.01652892561984
1,2026-04-14,LABORAL,10:00,67.0,101.33266044865063,103.82644628099173
1,2026-04-14,LABORAL,10:30,141.0,101.12357593991533,97.15702479338843
1,2026-04-14,LABORAL,11:00,103.0,90.61060606353018,95.14049586776859
1,2026-04-14,LABORAL,11:30,88.0,98.80616312606722,102.0909090909091
1,2026-04-14,LABORAL,12:00,146.0,112.99413566727384,112.33471074380165
1,2026-04-14,LABORAL,12:30,143.0,142.67262883604627,135.71784232365144
1,2026-04-14,LABORAL,13:00,180.0,140.8989718785212,135.5909090909091
1,2026-04-14,LABORAL,13:30,62.0,149.29457210813797,146.78512396694214
1,2026-04-14,LABORAL,14:00,114.0,161.24993411915392,152.38333333333333
1,2026-04-14,LABORAL,14:30,186.0,156.26959979386933,157.78512396694214
1,2026-04-14,LABORAL,15:00,131.0,183.32836023742956,179.59504132231405
1,2026-04-14,LABORAL,15:30,107.0,188.1361663071691,181.8174273858921
1,2026-04-14,LABORAL,16:00,136.0,162.62850426929566,152.56846473029046
1,2026-04-14,LABORAL,16:30,110.0,127.35027342158975,126.87136929460581
1,2026-04-14,LABORAL,17:00,46.0,76.15800112649826,75.61206896551724
1,2026-04-15,LABORAL,04:30,76.0,131.27244827840383,126.63223140495867
1,2026-04-15,LABORAL,05:00,81.0,122.56698239008266,124.31535269709543
1,2026-04-15,LABORAL,05:30,157.0,140.2600799033125,142.9793388429752
1,2026-04-15,LABORAL,06:00,128.0,144.3853829189771,144.6198347107438
1,2026-04-15,LABORAL,06:30,99.0,128.03375951879272,134.02904564315352
1,2026-04-15,LABORAL,07:00,131.0,136.92300753725806,132.82644628099175
1,2026-04-15,LABORAL,07:30,126.0,138.63662944267895,137.4090909090909
1,2026-04-15,LABORAL,08:00,93.0,136.2465545934122,135.46473029045643
1,2026-04-15,LABORAL,08:30,224.0,136.55336477248855,137.13278008298755
1,2026-04-15,LABORAL,09:00,124.0,135.37825377615232,136.63070539419087
1,2026-04-15,LABORAL,09:30,114.0,121.53969189505773,123.04132231404958
1,2026-04-15,LABORAL,10:00,59.0,99.9363258642218,103.61570247933884
1,2026-04-15,LABORAL,10:30,76.0,98.81230374410993,97.38429752066116
1,2026-04-15,LABORAL,11:00,95.0,89.9466768309348,95.39256198347107
1,2026-04-15,LABORAL,11:30,78.0,99.10344397286369,101.82644628099173
1,2026-04-15,LABORAL,12:00,79.0,111.27330097148622,112.71900826446281
1,2026-04-15,LABORAL,12:30,102.0,137.62902585456953,135.7219917012448
1,2026-04-15,LABORAL,13:00,116.0,134.40532747298894,135.84710743801654
1,2026-04-15,LABORAL,13:30,162.0,142.1905681281225,146.58264462809916
1,2026-04-15,LABORAL,14:00,119.0,151.08682194806258,152.22083333333333
1,2026-04-15,LABORAL,14:30,58.0,150.4730615375406,157.61570247933884
1,2026-04-15,LABORAL,15:00,138.0,172.15144311869687,179.45867768595042
1,2026-04-15,LABORAL,15:30,176.0,183.98164129161927,181.78008298755188
1,2026-04-15,LABORAL,16:00,89.0,151.5568345165131,152.49377593360995
1,2026-04-15,LABORAL,16:30,75.0,119.0674397265846,126.85892116182572
1,2026-04-15,LABORAL,17:00,46.0,71.68858418727987,75.1896551724138
1,2026-04-16,LABORAL,04:30,123.0,131.54093958725434,126.45454545454545
1,2026-04-16,LABORAL,05:00,49.0,117.22888898685967,124.14107883817428
1,2026-04-16,LABORAL,05:30,181.0,138.29207425001982,142.9917355371901
1,2026-04-16,LABORAL,06:00,34.0,139.18877583692168,144.55785123966942
1,2026-04-16,LABORAL,06:30,162.0,127.82325200333719,133.87551867219918
1,2026-04-16,LABORAL,07:00,96.0,129.71118971424573,132.91322314049586
1,2026-04-16,LABORAL,07:30,136.0,133.16739028788913,137.12396694214877
1,2026-04-16,LABORAL,08:00,142.0,131.9598047638535,135.43983402489627
1,2026-04-16,LABORAL,08:30,107.0,130.62178383851838,137.57261410788382
1,2026-04-16,LABORAL,09:00,115.0,133.0507964713878,136.69294605809128
1,2026-04-16,LABORAL,09:30,70.0,120.16054078700881,122.98760330578513
1,2026-04-16,LABORAL,10:00,140.0,100.0384590932286,103.5
1,2026-04-16,LABORAL,10:30,85.0,97.69319656702136,97.26446280991736
1,2026-04-16,LABORAL,11:00,40.0,88.90034932926496,95.4504132231405
1,2026-04-16,LABORAL,11:30,116.0,100.86281917292521,101.75206611570248
1,2026-04-16,LABORAL,12:00,115.0,110.53310036187125,112.90082644628099
1,2026-04-16,LABORAL,12:30,115.0,134.42314032343515,135.9875518672199
1,2026-04-16,LABORAL,13:00,108.0,130.2155596767257,135.94628099173553
1,2026-04-16,LABORAL,13:30,160.0,139.42399361148856,146.63223140495867
1,2026-04-16,LABORAL,14:00,117.0,146.90966215300688,152.12916666666666
1,2026-04-16,LABORAL,14:30,192.0,145.50995995401345,157.01652892561984
1,2026-04-16,LABORAL,15:00,145.0,166.75003025746219,179.26859504132233
1,2026-04-16,LABORAL,15:30,60.0,182.26112704917966,181.8091286307054
1,2026-04-16,LABORAL,16:00,207.0,144.6771433395345,152.18672199170123
1,2026-04-16,LABORAL,16:30,82.0,115.84423053492402,126.74273858921161
1,2026-04-17,LABORAL,04:30,136.0,124.15222110781465,126.440329218107
1,2026-04-17,LABORAL,05:00,100.0,106.61637102167315,123.8305785123967
1,2026-04-17,LABORAL,05:30,124.0,129.95667563551658,143.14814814814815
1,2026-04-17,LABORAL,06:00,166.0,132.09707475313687,144.10288065843622
1,2026-04-17,LABORAL,06:30,144.0,121.62008468405256,133.9917355371901
1,2026-04-17,LABORAL,07:30,137.0,121.02978916798327,137.119341563786
1,2026-04-17,LABORAL,08:00,172.0,123.5705557830823,135.46694214876032
1,2026-04-17,LABORAL,08:30,105.0,124.27336363003687,137.44628099173553
1,2026-04-17,LABORAL,09:00,180.0,123.40311730931023,136.60330578512398
1,2026-04-17,LABORAL,09:30,69.0,125.64661211835889,122.76954732510288
1,2026-04-17,LABORAL,10:00,102.0,114.79138836044648,103.65020576131687
1,2026-04-17,LABORAL,10:30,49.0,99.25102914132272,97.21399176954732
1,2026-04-17,LABORAL,11:00,148.0,92.33203565218405,95.22222222222223
1,2026-04-17,LABORAL,11:30,88.0,91.41744594075718,101.81069958847736
1,2026-04-17,LABORAL,12:00,122.0,97.78049398962287,112.90946502057614
1,2026-04-17,LABORAL,12:30,110.0,105.82383590490784,135.900826446281
1,2026-04-17,LABORAL,13:00,153.0,127.67918090353638,135.8312757201646
1,2026-04-17,LABORAL,13:30,107.0,121.38439750862285,146.6872427983539
1,2026-04-17,LABORAL,14:00,104.0,132.6087509808791,151.98340248962654
1,2026-04-17,LABORAL,14:30,185.0,138.31977611001886,157.1604938271605
1,2026-04-17,LABORAL,15:00,65.0,135.96333985336227,179.1275720164609
1,2026-04-17,LABORAL,15:30,163.0,157.33592893779664,181.30578512396696
1,2026-04-17,LABORAL,16:00,177.0,173.34158388595182,152.41322314049586
1,2026-04-17,LABORAL,16:30,140.0,134.05319934534555,126.55785123966942
1,2026-04-17,LABORAL,17:00,72.0,109.41019526570796,75.17241379310344
1,2026-04-18,SABADO,04:30,63.0,78.01905055927841,83.17647058823529
1,2026-04-18,SABADO,05:00,54.0,55.71838661964932,61.333333333333336
1,2026-04-18,SABADO,05:30,103.0,79.96616719769018,97.96153846153847
1,2026-04-18,SABADO,06:00,77.0,87.0442844327707,96.4423076923077
1,2026-04-18,SABADO,06:30,86.0,104.39189648944898,113.07692307692308
1,2026-04-18,SABADO,07:00,90.0,101.50874557785173,102.78846153846153
1,2026-04-18,SABADO,07:30,83.0,95.0116396980535,108.17307692307692
1,2026-04-18,SABADO,08:00,103.0,95.72474911246017,102.46153846153847
1,2026-04-18,SABADO,08:30,91.0,98.74531941379018,100.21153846153847
1,2026-04-18,SABADO,09:00,95.0,83.41947835861508,98.13461538461539
1,2026-04-18,SABADO,09:30,96.0,79.47746731167075,92.8076923076923
1,2026-04-18,SABADO,10:00,90.0,86.3469305654512,91.5576923076923
1,2026-04-18,SABADO,10:30,84.0,85.69887188205344,95.68
1,2026-04-18,SABADO,11:00,95.0,86.0854082900475,96.07692307692308
1,2026-04-18,SABADO,11:30,50.0,73.31903860858384,84.2156862745098
1,2026-04-18,SABADO,12:00,97.0,88.75815859719589,95.66666666666667
1,2026-04-18,SABADO,12:30,58.0,87.88020213928444,97.65306122448979
1,2026-04-18,SABADO,13:00,72.0,71.31248407294908,77.59574468085107
1,2026-04-18,SABADO,13:30,76.0,73.15603642080552,80.61224489795919
1,2026-04-18,SABADO,14:00,39.0,75.00508979300992,81.81632653061224
1,2026-04-18,SABADO,14:30,40.0,53.99943470946277,71.46
1,2026-04-18,SABADO,15:00,61.0,68.72988092380004,77.0
1,2026-04-18,SABADO,15:30,44.0,54.45568110747359,66.85714285714286
1,2026-04-18,SABADO,16:00,39.0,44.718727451160774,58.416666666666664
1,2026-04-18,SABADO,17:00,47.0,35.90885293069117,40.10344827586207
1,2026-04-18,SABADO,17:30,23.0,32.09135926297709,29.68421052631579
1,2026-04-19,DOMINGO,06:30,14.0,30.784349599251684,37.2
1,2026-04-19,DOMINGO,07:30,25.0,29.69342126980176,33.08695652173913
1,2026-04-19,DOMINGO,08:00,57.0,31.203144689362617,36.073170731707314
1,2026-04-19,DOMINGO,08:30,30.0,37.449331318284905,43.81818181818182
1,2026-04-19,DOMINGO,09:00,19.0,34.22970492953833,41.55263157894737
1,2026-04-19,DOMINGO,10:00,26.0,31.261049820964075,35.02173913043478
1,2026-04-19,DOMINGO,11:00,34.0,30.988341727139314,37.83783783783784
1,2026-04-19,DOMINGO,12:00,40.0,32.83185765299315,36.43589743589744
1,2026-04-19,DOMINGO,12:30,15.0,36.2080364374183,39.37837837837838
1,2026-04-19,DOMINGO,13:00,16.0,32.24620469139609,32.09090909090909
1,2026-04-19,DOMINGO,14:00,27.0,27.889387278575,32.72727272727273
1,2026-04-19,DOMINGO,14:30,60.0,35.54970140497991,38.0
1,2026-04-19,DOMINGO,16:00,35.0,29.478330445125735,33.73913043478261
1,2026-04-20,LABORAL,04:30,86.0,94.37281139054187,126.47950819672131
1,2026-04-20,LABORAL,05:00,119.0,85.94128763156431,123.73251028806584
1,2026-04-20,LABORAL,05:30,195.0,93.30315970540877,143.06967213114754
1,2026-04-20,LABORAL,06:00,185.0,111.52941604731939,144.19262295081967
1,2026-04-20,LABORAL,06:30,126.0,113.92614102135781,134.03292181069958
1,2026-04-20,LABORAL,07:00,74.0,109.93991499387081,132.76131687242798
1,2026-04-20,LABORAL,07:30,137.0,121.06831233072825,137.11885245901638
1,2026-04-20,LABORAL,08:00,149.0,94.89830744255612,135.6172839506173
1,2026-04-20,LABORAL,08:30,134.0,106.44626330013631,137.3127572016461
1,2026-04-20,LABORAL,09:00,128.0,110.06215805448264,136.78189300411523
1,2026-04-20,LABORAL,09:30,121.0,95.04674713076548,122.54918032786885
1,2026-04-20,LABORAL,10:00,106.0,77.20298659658552,103.64344262295081
1,2026-04-20,LABORAL,10:30,72.0,74.89413068617912,97.01639344262296
1,2026-04-20,LABORAL,11:00,21.0,74.77055817042128,95.43852459016394
1,2026-04-20,LABORAL,11:30,108.0,87.66688600450276,101.75409836065573
1,2026-04-20,LABORAL,12:00,120.0,99.16183848979557,112.94672131147541
1,2026-04-20,LABORAL,12:30,89.0,108.15667595866678,135.79423868312756
1,2026-04-20,LABORAL,13:00,143.0,104.83526572112314,135.9016393442623
1,2026-04-20,LABORAL,13:30,97.0,132.13536589462748,146.52459016393442
1,2026-04-20,LABORAL,14:00,172.0,109.65275428263634,151.78512396694214
1,2026-04-20,LABORAL,14:30,206.0,100.34311399752035,157.27459016393442
1,2026-04-20,LABORAL,15:00,59.0,164.59258381050955,178.65983606557376
1,2026-04-20,LABORAL,15:30,226.0,146.53897500272336,181.23045267489712
1,2026-04-20,LABORAL,16:00,126.0,131.06384024984828,152.51440329218107
1,2026-04-20,LABORAL,16:30,80.0,92.777217167706,126.61316872427983
1,2026-04-20,LABORAL,17:00,71.0,55.17330911068784,75.1587982832618
1,2026-04-21,LABORAL,04:30,79.0,116.54341218901635,126.26229508196721
1,2026-04-21,LABORAL,05:00,165.0,113.84627915770596,123.55555555555556
1,2026-04-21,LABORAL,05:30,168.0,125.81855436767574,143.20901639344262
1,2026-04-21,LABORAL,06:00,53.0,129.79374232928083,144.40573770491804
1,2026-04-21,LABORAL,06:30,183.0,125.66074359013292,134.0082304526749
1,2026-04-21,LABORAL,07:00,77.0,131.2909057612395,132.41152263374485
1,2026-04-21,LABORAL,07:30,164.0,128.899303817125,137.05737704918033
1,2026-04-21,LABORAL,08:00,191.0,118.25512025304806,135.67078189300412
1,2026-04-21,LABORAL,08:30,88.0,123.88217563587094,137.64609053497944
1,2026-04-21,LABORAL,09:00,118.0,131.6004240399335,136.74074074074073
1,2026-04-21,LABORAL,09:30,144.0,114.50437276754494,122.47540983606558
1,2026-04-21,LABORAL,10:00,27.0,87.54035703457444,103.68442622950819
1,2026-04-21,LABORAL,10:30,96.0,104.00131707942826,96.84016393442623
1,2026-04-21,LABORAL,11:00,177.0,86.40434515198811,95.03688524590164
1,2026-04-21,LABORAL,11:30,48.0,90.29928254224359,101.77049180327869
1,2026-04-21,LABORAL,12:00,74.0,96.44999440366416,113.11065573770492
1,2026-04-21,LABORAL,12:30,130.0,127.64370416427722,135.3991769547325
1,2026-04-21,LABORAL,13:00,107.0,124.65773773397127,135.90573770491804
1,2026-04-21,LABORAL,13:30,67.0,131.52609610845582,146.39754098360655
1,2026-04-21,LABORAL,14:00,222.0,142.36604569968395,151.60743801652893
1,2026-04-21,LABORAL,14:30,146.0,131.75789912128926,157.50819672131146
1,2026-04-21,LABORAL,15:00,129.0,167.33840193124345,177.94262295081967
1,2026-04-21,LABORAL,15:30,169.0,168.5206343831299,181.8641975308642
1,2026-04-21,LABORAL,16:00,214.0,138.67097862210497,152.19341563786008
1,2026-04-21,LABORAL,16:30,38.0,107.25964701437069,126.19753086419753
1,2026-04-21,LABORAL,17:00,44.0,63.11077517946644,74.95708154506438
1,2026-04-21,LABORAL,17:30,47.0,26.846619091772553,38.90909090909091
1,2026-04-22,LABORAL,04:30,123.0,115.54479901436369,125.95901639344262
1,2026-04-22,LABORAL,05:00,112.0,107.33776335134506,123.60493827160494
1,2026-04-22,LABORAL,05:30,144.0,127.01476135481101,143.20901639344262
1,2026-04-22,LABORAL,06:00,115.0,131.84639503964942,143.75819672131146
1,2026-04-22,LABORAL,06:30,123.0,126.6648859420941,134.1769547325103
1,2026-04-22,LABORAL,07:00,147.0,132.64927065457653,132.119341563786
1,2026-04-22,LABORAL,07:30,93.0,133.8221683718915,137.00819672131146
1,2026-04-22,LABORAL,08:00,169.0,123.93978498555332,136.0164609053498
1,2026-04-22,LABORAL,08:30,96.0,123.70709726928484,137.7037037037037
1,2026-04-22,LABORAL,09:00,92.0,130.11695061115165,136.69135802469137
1,2026-04-22,LABORAL,09:30,161.0,112.46409189271188,122.37295081967213
1,2026-04-22,LABORAL,10:00,63.0,96.63595745149453,103.4139344262295
1,2026-04-22,LABORAL,10:30,89.0,102.84295254185427,96.56967213114754
1,2026-04-22,LABORAL,11:00,69.0,90.3274270068003,95.38934426229508
1,2026-04-22,LABORAL,11:30,129.0,95.90163840813493,101.49590163934427
1,2026-04-22,LABORAL,12:00,76.0,101.73099249058936,113.1188524590164
1,2026-04-22,LABORAL,12:30,122.0,129.97544455677377,135.40740740740742
1,2026-04-22,LABORAL,13:00,211.0,118.88906403765439,135.54918032786884
1,2026-04-22,LABORAL,13:30,107.0,126.4980894983354,145.99590163934425
1,2026-04-22,LABORAL,15:00,51.0,132.8447935430191,177.5983606557377
1,2026-04-22,LABORAL,15:30,202.0,130.1438432150694,181.66255144032922
1,2026-04-22,LABORAL,16:00,111.0,156.0746855092337,152.46913580246914
1,2026-04-22,LABORAL,16:30,127.0,155.09191618535505,125.90534979423869
1,2026-04-22,LABORAL,17:00,87.0,129.43046797509356,74.61802575107296
1,2026-04-23,LABORAL,04:30,122.0,114.82442874900777,125.71311475409836
1,2026-04-23,LABORAL,05:00,118.0,102.83178779427337,123.64609053497942
1,2026-04-23,LABORAL,05:30,133.0,121.73282568169117,143.25
1,2026-04-23,LABORAL,06:00,124.0,130.09588661372564,143.50409836065575
1,2026-04-23,LABORAL,06:30,82.0,123.8207983030655,134.18930041152262
1,2026-04-23,LABORAL,07:00,124.0,126.3111711199147,132.20576131687244
1,2026-04-23,LABORAL,07:30,159.0,126.33801242862366,136.84426229508196
1,2026-04-23,LABORAL,08:00,124.0,121.45731885435478,136.0411522633745
1,2026-04-23,LABORAL,08:30,117.0,120.03890833616278,137.43621399176953
1,2026-04-23,LABORAL,09:00,100.0,124.23795012688042,136.54320987654322
1,2026-04-23,LABORAL,09:30,55.0,110.22712092122006,122.43442622950819
1,2026-04-23,LABORAL,10:00,96.0,97.17971101103413,103.18442622950819
1,2026-04-23,LABORAL,10:30,102.0,96.24828935154368,96.63524590163935
1,2026-04-23,LABORAL,11:00,81.0,90.24080102096394,95.06557377049181
1,2026-04-23,LABORAL,11:30,92.0,94.70440102147843,101.77868852459017
1,2026-04-23,LABORAL,12:00,128.0,101.86101223430677,112.82377049180327
1,2026-04-23,LABORAL,12:30,51.0,125.78158231626858,135.34567901234567
1,2026-04-23,LABORAL,13:00,108.0,116.27924395913236,135.99180327868854
1,2026-04-23,LABORAL,13:30,94.0,123.16420920651228,145.85245901639345
1,2026-04-23,LABORAL,14:00,106.0,131.19319646611518,152.13278008298755
1,2026-04-23,LABORAL,14:30,40.0,128.38372423211808,157.2716049382716
1,2026-04-23,LABORAL,15:00,85.0,151.0811268275047,177.00819672131146
1,2026-04-23,LABORAL,16:30,38.0,149.92021748438032,125.80658436213992
1,2026-04-24,LABORAL,04:30,133.0,103.51278142519004,125.39754098360656
1,2026-04-24,LABORAL,05:00,111.0,91.27802200810089,123.58847736625515
1,2026-04-24,LABORAL,05:30,131.0,109.34290853434294,143.3237704918033
1,2026-04-24,LABORAL,06:00,86.0,124.14730054574517,143.2704918032787
1,2026-04-24,LABORAL,06:30,152.0,114.83204053404805,134.08641975308643
1,2026-04-24,LABORAL,07:00,119.0,118.60578619220283,132.2716049382716
1,2026-04-24,LABORAL,07:30,136.0,115.61436588652701,137.00819672131146
1,2026-04-24,LABORAL,08:00,143.0,115.9258484355322,136.02880658436214
1,2026-04-24,LABORAL,08:30,121.0,114.25197714634442,137.2551440329218
1,2026-04-24,LABORAL,09:00,82.0,113.68154504355736,136.56378600823047
1,2026-04-24,LABORAL,09:30,82.0,101.45197299049497,122.03688524590164
1,2026-04-24,LABORAL,10:00,109.0,97.31432755880653,103.1639344262295
1,2026-04-24,LABORAL,10:30,97.0,88.9549708315446,96.65163934426229
1,2026-04-24,LABORAL,11:00,122.0,94.88092877727993,94.95081967213115
1,2026-04-24,LABORAL,11:30,78.0,90.31006900686678,101.92622950819673
1,2026-04-24,LABORAL,12:00,117.0,97.82492534141083,112.82786885245902
1,2026-04-24,LABORAL,12:30,94.0,117.66775543221796,134.9506172839506
1,2026-04-24,LABORAL,13:00,82.0,106.90303237247535,136.11065573770492
1,2026-04-24,LABORAL,13:30,172.0,113.467299715927,145.3237704918033
1,2026-04-24,LABORAL,14:00,128.0,119.73201506903892,152.0622406639004
1,2026-04-24,LABORAL,14:30,160.0,118.07949301184723,156.71604938271605
1,2026-04-24,LABORAL,15:00,204.0,134.25929806623543,177.01639344262296
1,2026-04-24,LABORAL,15:30,124.0,130.56261265046788,181.71074380165288
1,2026-04-24,LABORAL,16:00,141.0,99.76429211053738,152.43801652892563
1,2026-04-24,LABORAL,16:30,93.0,89.01321564599073,125.26748971193416
1,2026-04-25,SABADO,04:30,47.0,73.96753968757969,82.92156862745098
1,2026-04-25,SABADO,05:00,105.0,56.11787894758512,61.72549019607843
1,2026-04-25,SABADO,05:30,87.0,76.19276791891784,99.13461538461539
1,2026-04-25,SABADO,06:00,107.0,82.97484965916824,97.09615384615384
1,2026-04-25,SABADO,06:30,122.0,90.06473934374387,113.17307692307692
1,2026-04-25,SABADO,07:00,115.0,93.43058275687706,103.46153846153847
1,2026-04-25,SABADO,07:30,34.0,87.39940020030706,108.1923076923077
1,2026-04-25,SABADO,08:00,124.0,90.39470073559824,103.23076923076923
1,2026-04-25,SABADO,08:30,111.0,89.23667006242546,100.84615384615384
1,2026-04-25,SABADO,09:00,86.0,84.08107008132119,98.90384615384616
1,2026-04-25,SABADO,09:30,43.0,74.64415994578974,93.98076923076923
1,2026-04-25,SABADO,10:00,99.0,80.92554352283338,91.9423076923077
1,2026-04-25,SABADO,10:30,113.0,80.74737344594642,96.44
1,2026-04-25,SABADO,11:00,50.0,77.53355219577861,96.67307692307692
1,2026-04-25,SABADO,11:30,44.0,69.41925143541964,84.09803921568627
1,2026-04-25,SABADO,12:00,77.0,84.52144209046581,95.6923076923077
1,2026-04-25,SABADO,12:30,74.0,83.14107613825688,97.6938775510204
1,2026-04-25,SABADO,13:00,60.0,70.35206202560924,77.91489361702128
1,2026-04-25,SABADO,13:30,81.0,68.20448150845661,81.44897959183673
1,2026-04-25,SABADO,14:00,36.0,71.30234064499682,81.81632653061224
1,2026-04-25,SABADO,14:30,96.0,57.1718767764322,71.6
1,2026-04-25,SABADO,15:00,28.0,66.90965986401886,76.9
1,2026-04-25,SABADO,15:30,37.0,54.46027569420258,67.08163265306122
1,2026-04-25,SABADO,16:00,18.0,45.21170886802027,58.729166666666664
1,2026-04-25,SABADO,16:30,84.0,37.19022173928575,65.39024390243902
1,2026-04-25,SABADO,17:30,26.0,32.7531958539257,29.473684210526315
1,2026-04-26,DOMINGO,07:30,25.0,28.194215994837876,33.21739130434783
1,2026-04-26,DOMINGO,08:00,27.0,27.768782351899503,37.048780487804876
1,2026-04-26,DOMINGO,08:30,12.0,31.409551405026548,43.88636363636363
1,2026-04-26,DOMINGO,10:00,55.0,33.21128757108268,34.608695652173914
1,2026-04-26,DOMINGO,11:00,20.0,32.44788345331165,38.2972972972973
1,2026-04-26,DOMINGO,12:30,30.0,28.504930683455783,38.73684210526316
1,2026-04-26,DOMINGO,13:00,32.0,28.959276612004857,31.151515151515152
1,2026-04-26,DOMINGO,13:30,24.0,28.725117680085518,30.257142857142856
1,2026-04-26,DOMINGO,15:00,27.0,33.57770523746488,34.96666666666667
1,2026-04-27,LABORAL,04:30,69.0,121.82714201873947,125.04918032786885
1,2026-04-27,LABORAL,05:00,137.0,104.76578100487743,123.58024691358025
1,2026-04-27,LABORAL,05:30,124.0,125.4934956012998,143.2827868852459
1,2026-04-27,LABORAL,06:00,129.0,141.46119417154821,143.077868852459
1,2026-04-27,LABORAL,06:30,144.0,125.52064798496772,134.13991769547326
1,2026-04-27,LABORAL,07:00,126.0,131.42011117253935,132.20576131687244
1,2026-04-27,LABORAL,07:30,88.0,137.84770756810744,136.89344262295083
1,2026-04-27,LABORAL,08:00,78.0,122.02597316204114,135.9506172839506
1,2026-04-27,LABORAL,08:30,118.0,142.55978219417298,137.18106995884773
1,2026-04-27,LABORAL,09:00,104.0,135.18710196906386,136.45267489711935
1,2026-04-27,LABORAL,09:30,177.0,102.1987216011699,121.85245901639344
1,2026-04-27,LABORAL,10:00,46.0,102.22187508660396,102.95491803278688
1,2026-04-27,LABORAL,10:30,162.0,85.40653985793116,96.62295081967213
1,2026-04-27,LABORAL,11:00,27.0,92.54370464116845,95.10245901639344
1,2026-04-27,LABORAL,11:30,110.0,100.37189941982456,101.87295081967213
1,2026-04-27,LABORAL,12:00,86.0,117.99350464323861,112.91803278688525
1,2026-04-27,LABORAL,12:30,72.0,134.20144321469965,134.67489711934155
1,2026-04-27,LABORAL,13:00,126.0,125.78804793296459,135.99590163934425
1,2026-04-27,LABORAL,13:30,148.0,156.9555356026997,145.0327868852459
1,2026-04-27,LABORAL,14:00,97.0,140.5146359323856,152.16182572614107
1,2026-04-27,LABORAL,14:30,211.0,134.7268712154099,156.69135802469137
1,2026-04-27,LABORAL,15:00,168.0,178.66338628634549,177.14344262295083
1,2026-04-27,LABORAL,15:30,160.0,179.33408662512488,181.51239669421489
1,2026-04-27,LABORAL,16:00,125.0,156.50232182874575,152.71487603305786
1,2026-04-27,LABORAL,16:30,84.0,115.90080070998081,125.12345679012346
1,2026-04-27,LABORAL,17:00,56.0,76.4258423868925,74.42857142857143
1,2026-04-27,LABORAL,18:00,25.0,30.59995577438106,21.5
1,2026-04-28,LABORAL,04:30,133.0,119.92745488777385,124.61475409836065
1,2026-04-28,LABORAL,05:00,129.0,121.6621292231513,123.4320987654321
1,2026-04-28,LABORAL,05:30,182.0,131.22607032749013,143.05327868852459
1,2026-04-28,LABORAL,06:00,156.0,135.75417420981813,143.0983606557377
1,2026-04-28,LABORAL,06:30,48.0,126.98140224080049,134.46502057613168
1,2026-04-28,LABORAL,07:00,148.0,132.5757631535202,131.9917695473251
1,2026-04-28,LABORAL,07:30,118.0,136.05578326889508,136.74590163934425
1,2026-04-28,LABORAL,08:00,113.0,129.37414528352699,135.67489711934155
1,2026-04-28,LABORAL,08:30,127.0,129.06193475651605,136.85185185185185
1,2026-04-28,LABORAL,09:00,202.0,135.2193646637783,136.50205761316872
1,2026-04-28,LABORAL,09:30,142.0,121.39787896733014,122.0327868852459
1,2026-04-28,LABORAL,10:00,43.0,91.97137599398205,102.67622950819673
1,2026-04-28,LABORAL,10:30,116.0,103.34887742416655,96.49590163934427
1,2026-04-28,LABORAL,11:00,82.0,89.6520655313509,94.70491803278688
1,2026-04-28,LABORAL,11:30,117.0,93.36899648842768,101.92213114754098
1,2026-04-28,LABORAL,12:00,88.0,102.64680292357822,112.85655737704919
1,2026-04-28,LABORAL,12:30,199.0,133.38327661616773,134.52674897119343
1,2026-04-28,LABORAL,13:00,90.0,129.80843172970143,135.8360655737705
1,2026-04-28,LABORAL,13:30,76.0,134.16133625551237,145.11065573770492
1,2026-04-28,LABORAL,14:00,148.0,148.46917661887068,151.45228215767634
1,2026-04-28,LABORAL,14:30,160.0,138.04956695923912,157.40329218106996
1,2026-04-28,LABORAL,15:00,159.0,174.33848552961464,176.69672131147541
1,2026-04-28,LABORAL,15:30,217.0,175.48630038757761,181.50413223140495
1,2026-04-28,LABORAL,16:00,103.0,143.86616428452376,152.52479338842974
1,2026-04-28,LABORAL,16:30,127.0,114.54695306503552,124.69135802469135
1,2026-04-28,LABORAL,17:30,49.0,65.86587191218882,38.7
1,2026-04-29,LABORAL,04:30,73.0,112.91885575158302,124.3811475409836
1,2026-04-29,LABORAL,05:00,128.0,106.78620567250256,123.44444444444444
1,2026-04-29,LABORAL,05:30,132.0,126.73576435711725,143.27868852459017
1,2026-04-29,LABORAL,06:00,127.0,135.93225925755556,143.04918032786884
1,2026-04-29,LABORAL,06:30,129.0,137.33168383699962,134.0781893004115
1,2026-04-29,LABORAL,07:00,108.0,135.03885797532405,131.8312757201646
1,2026-04-29,LABORAL,07:30,147.0,128.8366982325385,136.9795081967213
1,2026-04-29,LABORAL,08:00,134.0,118.38426040727019,135.440329218107
1,2026-04-29,LABORAL,08:30,112.0,127.16125921221672,136.58024691358025
1,2026-04-29,LABORAL,09:00,79.0,141.06904533169688,136.81069958847738
1,2026-04-29,LABORAL,09:30,138.0,108.76725492107143,122.11475409836065
1,2026-04-29,LABORAL,10:00,115.0,97.23308288479876,102.30737704918033
1,2026-04-29,LABORAL,10:30,86.0,97.25106406940493,96.5
1,2026-04-29,LABORAL,11:00,109.0,87.40108649374498,94.59016393442623
1,2026-04-29,LABORAL,11:30,78.0,84.97996455418715,101.72131147540983
1,2026-04-29,LABORAL,12:00,65.0,100.01362514176661,112.82377049180327
1,2026-04-29,LABORAL,12:30,127.0,143.01974567091148,134.74074074074073
1,2026-04-29,LABORAL,13:00,125.0,119.95875804307119,135.827868852459
1,2026-04-29,LABORAL,13:30,110.0,117.31425201957535,144.59016393442624
1,2026-04-29,LABORAL,14:00,179.0,128.40981947607014,151.1908713692946
1,2026-04-29,LABORAL,14:30,156.0,135.1240004812435,157.7530864197531
1,2026-04-29,LABORAL,15:00,220.0,149.18421435942227,176.4344262295082
1,2026-04-29,LABORAL,15:30,140.0,152.914325863366,181.60743801652893
1,2026-04-29,LABORAL,16:00,138.0,117.80307227878961,152.12396694214877
1,2026-04-29,LABORAL,16:30,57.0,96.13076810613485,124.51851851851852
1,2026-04-29,LABORAL,17:00,76.0,45.79545667242367,74.46521739130435
1,2026-04-30,LABORAL,04:30,80.0,94.83453929418854,124.09016393442623
1,2026-04-30,LABORAL,05:00,114.0,83.81222164896768,123.34156378600824
1,2026-04-30,LABORAL,05:30,161.0,105.59993348335675,143.11065573770492
1,2026-04-30,LABORAL,06:00,143.0,118.75808377630433,142.9877049180328
1,2026-04-30,LABORAL,06:30,141.0,118.81973048553434,134.119341563786
1,2026-04-30,LABORAL,07:00,80.0,125.6047033155038,131.69135802469137
1,2026-04-30,LABORAL,07:30,164.0,121.93835383318944,136.97540983606558
1,2026-04-30,LABORAL,08:00,122.0,111.20447563822687,135.38683127572017
1,2026-04-30,LABORAL,08:30,217.0,114.1909012499807,136.48559670781893
1,2026-04-30,LABORAL,09:00,67.0,120.68531623584796,136.58024691358025
1,2026-04-30,LABORAL,09:30,178.0,97.00511741037369,122.16803278688525
1,2026-04-30,LABORAL,10:00,66.0,97.33587335004097,102.24180327868852
1,2026-04-30,LABORAL,10:30,86.0,98.79658774838285,96.54508196721312
1,2026-04-30,LABORAL,11:00,100.0,88.42112762553204,94.29918032786885
1,2026-04-30,LABORAL,11:30,125.0,84.22401344462911,101.37295081967213
1,2026-04-30,LABORAL,12:30,235.0,96.87544480310886,134.5514403292181
1,2026-04-30,LABORAL,13:00,90.0,121.15933885158294,135.84016393442624
1,2026-04-30,LABORAL,13:30,228.0,100.07214853287043,144.0327868852459
1,2026-04-30,LABORAL,14:00,104.0,100.91345941211728,151.2780082987552
1,2026-04-30,LABORAL,14:30,177.0,104.87727845230606,157.4320987654321
1,2026-04-30,LABORAL,15:00,194.0,104.51949468806345,176.88934426229508
1,2026-04-30,LABORAL,15:30,161.0,112.18347775236812,181.34297520661158
1,2026-04-30,LABORAL,16:00,52.0,102.47888837722468,151.68595041322314
1,2026-04-30,LABORAL,16:30,47.0,95.20690360791136,124.33333333333333
1,2026-04-30,LABORAL,17:00,105.0,70.54207722850413,74.05652173913043
1,2026-05-01,FESTIVO,07:00,15.0,99.93406803885068,47.333333333333336
1,2026-05-01,FESTIVO,07:30,56.0,91.98205545172317,16.5
1,2026-05-01,FESTIVO,08:00,21.0,109.5583867039359,24.8
1,2026-05-01,FESTIVO,08:30,24.0,117.43321968364975,36.25
1,2026-05-01,FESTIVO,09:00,52.0,108.67815151467674,21.75
1,2026-05-01,FESTIVO,09:30,32.0,111.86198862605828,26.5
1,2026-05-01,FESTIVO,10:00,21.0,113.66026553208525,25.5
1,2026-05-01,FESTIVO,10:30,73.0,108.27535948327174,30.75
1,2026-05-01,FESTIVO,11:00,32.0,106.85913567445306,30.75
1,2026-05-01,FESTIVO,11:30,47.0,106.08820918057144,28.0
1,2026-05-01,FESTIVO,12:00,23.0,97.23265712896719,22.666666666666668
1,2026-05-01,FESTIVO,12:30,27.0,93.10610802361825,30.0
1,2026-05-01,FESTIVO,13:30,37.0,85.76478809451584,35.5
1,2026-05-01,FESTIVO,14:00,33.0,89.11197767996521,26.0
1,2026-05-01,FESTIVO,14:30,37.0,86.20201019299584,33.666666666666664
1,2026-05-01,FESTIVO,15:00,64.0,94.63040214882339,23.0
1,2026-05-01,FESTIVO,16:00,30.0,110.99102037204968,36.0
1,2026-05-02,SABADO,04:30,56.0,53.741383535894094,81.37254901960785
1,2026-05-02,SABADO,05:00,97.0,47.5891668346507,63.01960784313726
1,2026-05-02,SABADO,05:30,65.0,55.52862268032235,99.0
1,2026-05-02,SABADO,06:00,83.0,42.197115987952344,97.13461538461539
1,2026-05-02,SABADO,06:30,72.0,66.65425872006966,112.59615384615384
1,2026-05-02,SABADO,07:00,105.0,42.12938044336168,103.75
1,2026-05-02,SABADO,07:30,39.0,58.92641786196132,105.88461538461539
1,2026-05-02,SABADO,08:00,109.0,60.354555376242224,103.8076923076923
1,2026-05-02,SABADO,08:30,111.0,49.442412348087686,101.73076923076923
1,2026-05-02,SABADO,09:00,164.0,59.82308407686744,99.0576923076923
1,2026-05-02,SABADO,09:30,32.0,53.034955137895444,92.9423076923077
1,2026-05-02,SABADO,10:00,29.0,61.59206553406149,91.51923076923077
1,2026-05-02,SABADO,10:30,115.0,29.31321241224485,96.52
1,2026-05-02,SABADO,11:00,86.0,45.335588671100666,95.01923076923077
1,2026-05-02,SABADO,11:30,76.0,68.53689388442314,83.94117647058823
1,2026-05-02,SABADO,12:00,74.0,69.10669207554264,95.34615384615384
1,2026-05-02,SABADO,12:30,86.0,63.449114600381094,96.61224489795919
1,2026-05-02,SABADO,13:00,39.0,53.00704763747778,77.27659574468085
1,2026-05-02,SABADO,13:30,72.0,56.66553979050586,81.14285714285714
1,2026-05-02,SABADO,14:00,60.0,68.78426416927599,80.53061224489795
1,2026-05-02,SABADO,14:30,79.0,59.532858107079065,71.58
1,2026-05-02,SABADO,15:00,51.0,103.57803374115142,75.54
1,2026-05-02,SABADO,15:30,80.0,102.80006228694417,66.46938775510205
1,2026-05-02,SABADO,16:00,29.0,77.00412832117554,57.6875
1,2026-05-02,SABADO,16:30,62.0,55.10368886551976,64.73170731707317
1,2026-05-02,SABADO,17:00,29.0,33.49850138999766,41.51724137931034
1,2026-05-05,LABORAL,04:30,132.0,121.10386598780993,123.38524590163935
1,2026-05-05,LABORAL,05:00,163.0,131.0886217737477,123.36625514403292
1,2026-05-05,LABORAL,05:30,95.0,140.82474280205287,143.05327868852459
1,2026-05-05,LABORAL,06:00,96.0,132.4659384734697,142.6762295081967
1,2026-05-05,LABORAL,06:30,173.0,134.66912255830457,133.59670781893004
1,2026-05-05,LABORAL,07:00,61.0,145.2435750179324,131.0576131687243
1,2026-05-05,LABORAL,07:30,154.0,135.7251820303876,136.47131147540983
1,2026-05-05,LABORAL,08:00,123.0,140.21062166576465,135.21399176954733
1,2026-05-05,LABORAL,08:30,229.0,130.90180995230895,136.47736625514403
1,2026-05-05,LABORAL,09:00,115.0,140.78059758933978,136.49382716049382
1,2026-05-05,LABORAL,09:30,154.0,131.49621033848226,121.95491803278688
1,2026-05-05,LABORAL,10:00,101.0,92.39460480716401,102.14344262295081
1,2026-05-05,LABORAL,11:00,132.0,112.92523305020148,94.15983606557377
1,2026-05-05,LABORAL,11:30,94.0,88.4272418838888,101.24180327868852
1,2026-05-05,LABORAL,12:00,172.0,100.23026920182417,112.559670781893
1,2026-05-05,LABORAL,12:30,112.0,109.38675249309694,134.98765432098764
1,2026-05-05,LABORAL,13:00,90.0,139.46111279703797,135.20081967213116
1,2026-05-05,LABORAL,13:30,173.0,136.59211583458813,144.12704918032787
1,2026-05-05,LABORAL,14:00,115.0,135.48159148967727,150.448132780083
1,2026-05-05,LABORAL,14:30,140.0,146.02749542364083,157.02880658436214
1,2026-05-05,LABORAL,15:00,181.0,137.79742711287338,176.90573770491804
1,2026-05-05,LABORAL,15:30,199.0,169.72426677703345,181.04132231404958
1,2026-05-05,LABORAL,16:00,156.0,179.52108945249608,151.09504132231405
1,2026-05-05,LABORAL,16:30,153.0,131.45240087898347,123.4074074074074
1,2026-05-05,LABORAL,17:00,36.0,113.37900965631556,74.22173913043478
1,2026-05-06,LABORAL,04:30,124.0,119.27759116239527,123.32377049180327
1,2026-05-06,LABORAL,05:00,91.0,126.22812703864358,123.20164609053498
1,2026-05-06,LABORAL,05:30,155.0,131.52247407559946,142.91803278688525
1,2026-05-06,LABORAL,06:00,107.0,132.73126244157908,142.25409836065575
1,2026-05-06,LABORAL,06:30,123.0,129.74430177171254,133.67489711934155
1,2026-05-06,LABORAL,07:00,96.0,130.416067333419,130.7283950617284
1,2026-05-06,LABORAL,07:30,173.0,131.52661286675925,136.45491803278688
1,2026-05-06,LABORAL,08:00,123.0,127.24315883891138,135.03703703703704
1,2026-05-06,LABORAL,08:30,150.0,124.14726543914661,136.559670781893
1,2026-05-06,LABORAL,09:00,92.0,131.89513159191102,136.30864197530863
1,2026-05-06,LABORAL,09:30,30.0,117.41929373068392,121.9139344262295
1,2026-05-06,LABORAL,10:00,32.0,95.32884200245275,102.13524590163935
1,2026-05-06,LABORAL,10:30,57.0,95.74415140102651,95.81893004115226
1,2026-05-06,LABORAL,11:00,79.0,83.04564636442313,94.25
1,2026-05-06,LABORAL,11:30,117.0,93.56904003912129,101.06147540983606
1,2026-05-06,LABORAL,12:00,166.0,106.27712068305593,112.79012345679013
1,2026-05-06,LABORAL,12:30,64.0,133.72663933962644,134.8230452674897
1,2026-05-06,LABORAL,13:00,109.0,141.16073348658367,134.8360655737705
1,2026-05-06,LABORAL,13:30,157.0,129.6013146943456,144.172131147541
1,2026-05-06,LABORAL,14:00,198.0,151.18492368977655,150.05394190871368
1,2026-05-06,LABORAL,14:30,74.0,153.08701263644792,156.91358024691357
1,2026-05-06,LABORAL,15:00,137.0,176.2097656789214,177.03688524590163
1,2026-05-06,LABORAL,16:00,97.0,192.10783663644622,150.95867768595042
1,2026-05-06,LABORAL,16:30,81.0,142.75437240919177,123.44444444444444
1,2026-05-06,LABORAL,17:00,58.0,111.88233995853396,73.86521739130434
1,2026-05-07,LABORAL,04:30,111.0,111.11022068708874,123.15983606557377
1,2026-05-07,LABORAL,05:00,67.0,100.02901637821927,122.97942386831275
1,2026-05-07,LABORAL,05:30,166.0,115.82712178346787,142.9139344262295
1,2026-05-07,LABORAL,06:00,100.0,124.32946160304117,142.06967213114754
1,2026-05-07,LABORAL,06:30,131.0,121.1509120804811,133.65020576131687
1,2026-05-07,LABORAL,07:00,84.0,116.34552953810504,130.3827160493827
1,2026-05-07,LABORAL,07:30,113.0,112.07173734036738,136.422131147541
1,2026-05-07,LABORAL,08:00,134.0,117.86139211728613,135.06584362139918
1,2026-05-07,LABORAL,08:30,151.0,117.34332491322026,136.49382716049382
1,2026-05-07,LABORAL,09:00,117.0,113.17189149837796,136.2633744855967
1,2026-05-07,LABORAL,09:30,75.0,101.17329398484458,121.22131147540983
1,2026-05-07,LABORAL,10:00,113.0,83.9945949814064,102.01639344262296
1,2026-05-07,LABORAL,10:30,108.0,83.71743348879961,95.47736625514403
1,2026-05-07,LABORAL,11:00,78.0,75.40088951750171,94.06557377049181
1,2026-05-07,LABORAL,11:30,88.0,84.75999761828692,101.05737704918033
1,2026-05-07,LABORAL,12:00,162.0,86.41472849344079,112.90946502057614
1,2026-05-07,LABORAL,12:30,105.0,124.13029370631664,134.320987654321
1,2026-05-07,LABORAL,13:00,137.0,121.16165702452302,134.88114754098362
1,2026-05-07,LABORAL,13:30,104.0,116.10396606172135,144.15983606557376
1,2026-05-07,LABORAL,14:00,156.0,125.74068418513409,149.90871369294607
1,2026-05-07,LABORAL,14:30,135.0,158.6185074318357,156.32510288065845
1,2026-05-07,LABORAL,15:00,226.0,147.87653144042767,176.89754098360655
1,2026-05-07,LABORAL,15:30,128.0,149.12837160880014,181.1701244813278
1,2026-05-07,LABORAL,16:00,121.0,102.09909950057215,150.59504132231405
1,2026-05-07,LABORAL,16:30,110.0,82.32381669884369,123.16460905349794
1,2026-05-07,LABORAL,17:00,30.0,46.900510433887106,73.51739130434783
1,2026-05-07,LABORAL,17:30,32.0,29.682868424467955,38.56164383561644
1,2026-05-08,LABORAL,04:30,128.0,105.0889988710127,123.00409836065573
1,2026-05-08,LABORAL,05:00,170.0,90.8621219627904,122.66666666666667
1,2026-05-08,LABORAL,05:30,43.0,117.37315717857811,142.74590163934425
1,2026-05-08,LABORAL,06:00,165.0,136.61876967552078,141.9344262295082
1,2026-05-08,LABORAL,06:30,106.0,124.6949121200515,133.31687242798353
1,2026-05-08,LABORAL,07:00,141.0,144.47317567703624,130.28395061728395
1,2026-05-08,LABORAL,07:30,97.0,111.11415958966293,136.19262295081967
1,2026-05-08,LABORAL,08:00,111.0,114.61230293104482,134.97119341563786
1,2026-05-08,LABORAL,08:30,156.0,116.50794412277284,136.43621399176953
1,2026-05-08,LABORAL,09:00,133.0,133.1614153221971,136.25102880658437
1,2026-05-08,LABORAL,09:30,71.0,98.09895714259359,121.01639344262296
1,2026-05-08,LABORAL,10:00,102.0,105.95330426672373,101.9139344262295
1,2026-05-08,LABORAL,10:30,85.0,79.38092434755205,95.4320987654321
1,2026-05-08,LABORAL,11:00,65.0,92.61837351328658,94.09426229508196
1,2026-05-08,LABORAL,11:30,101.0,90.64581514248695,100.86475409836065
1,2026-05-08,LABORAL,12:00,94.0,108.03711007403037,113.21399176954732
1,2026-05-08,LABORAL,12:30,151.0,113.72387677457033,134.02469135802468
1,2026-05-08,LABORAL,13:00,107.0,125.25637634992071,134.79098360655738
1,2026-05-08,LABORAL,13:30,191.0,110.37291148559042,143.4877049180328
1,2026-05-08,LABORAL,14:00,155.0,100.23467778802977,150.0746887966805
1,2026-05-08,LABORAL,14:30,99.0,162.24940107494442,156.440329218107
1,2026-05-08,LABORAL,15:00,247.0,106.9978914259366,176.6844262295082
1,2026-05-08,LABORAL,15:30,88.0,116.27802477195694,181.0746887966805
1,2026-05-08,LABORAL,16:00,94.0,98.98036819691163,150.25619834710744
1,2026-05-08,LABORAL,16:30,50.0,105.84714873616998,123.03292181069959
1,2026-05-08,LABORAL,17:00,79.0,61.88719343463524,73.10434782608695
1,2026-05-09,SABADO,04:30,49.0,83.96636870972733,80.09803921568627
1,2026-05-09,SABADO,05:00,69.0,79.87129367820815,64.09803921568627
1,2026-05-09,SABADO,05:30,87.0,79.0178897214829,98.0576923076923
1,2026-05-09,SABADO,06:00,124.0,87.53835370617577,96.9423076923077
1,2026-05-09,SABADO,06:30,77.0,97.28142982636179,111.42307692307692
1,2026-05-09,SABADO,07:00,149.0,99.07170997369926,103.82692307692308
1,2026-05-09,SABADO,07:30,54.0,102.23561542066878,103.86538461538461
1,2026-05-09,SABADO,08:00,114.0,83.41944998381813,103.40384615384616
1,2026-05-09,SABADO,08:30,115.0,88.3459517122603,101.86538461538461
1,2026-05-09,SABADO,09:00,101.0,64.73313804830053,100.38461538461539
1,2026-05-09,SABADO,09:30,109.0,72.34342559294242,91.3076923076923
1,2026-05-09,SABADO,10:00,116.0,86.37371361716907,89.57692307692308
1,2026-05-09,SABADO,10:30,49.0,74.21674865682515,96.58
1,2026-05-09,SABADO,11:00,89.0,92.23291516237711,94.51923076923077
1,2026-05-09,SABADO,11:30,106.0,77.8624894255588,83.68627450980392
1,2026-05-09,SABADO,12:00,45.0,90.32339843686515,94.65384615384616
1,2026-05-09,SABADO,12:30,25.0,96.35545387678621,95.0204081632653
1,2026-05-09,SABADO,13:00,116.0,109.13304282740204,75.2127659574468
1,2026-05-09,SABADO,13:30,52.0,123.11810810965622,80.16326530612245
1,2026-05-09,SABADO,14:00,59.0,113.46837339250604,80.71428571428571
1,2026-05-09,SABADO,14:30,44.0,106.51000975558134,71.1
1,2026-05-09,SABADO,15:00,46.0,145.734540147556,75.1
1,2026-05-09,SABADO,15:30,35.0,142.43831420291107,67.24489795918367
1,2026-05-09,SABADO,16:00,19.0,120.07076389933829,57.208333333333336
1,2026-05-09,SABADO,17:00,46.0,83.6218131322846,41.44827586206897
1,2026-05-11,LABORAL,04:30,97.0,109.34596477407392,122.81967213114754
1,2026-05-11,LABORAL,05:00,109.0,107.91542227404933,122.90123456790124
1,2026-05-11,LABORAL,05:30,86.0,121.18307914000592,142.14344262295083
1,2026-05-11,LABORAL,06:00,106.0,120.49278793832917,142.06147540983608
1,2026-05-11,LABORAL,06:30,103.0,103.48816523767397,133.19753086419752
1,2026-05-11,LABORAL,07:00,102.0,117.57213857534079,130.07407407407408
1,2026-05-11,LABORAL,07:30,191.0,120.18858563667223,135.9795081967213
1,2026-05-11,LABORAL,08:00,96.0,123.87030731200703,134.84773662551441
1,2026-05-11,LABORAL,08:30,127.0,120.68015141927222,136.37860082304528
1,2026-05-11,LABORAL,09:00,144.0,124.51497558577105,136.36625514403292
1,2026-05-11,LABORAL,09:30,70.0,105.2975580281295,120.63524590163935
1,2026-05-11,LABORAL,10:00,107.0,96.38537495846478,101.95901639344262
1,2026-05-11,LABORAL,10:30,105.0,92.32984401928192,95.10699588477367
1,2026-05-11,LABORAL,11:00,39.0,97.59919513657319,93.96311475409836
1,2026-05-11,LABORAL,11:30,87.0,98.88189316854326,100.84016393442623
1,2026-05-11,LABORAL,12:00,43.0,100.80142077065764,113.15637860082305
1,2026-05-11,LABORAL,12:30,124.0,119.56669410742032,133.9917695473251
1,2026-05-11,LABORAL,13:00,98.0,122.34270147654794,134.66803278688525
1,2026-05-11,LABORAL,13:30,116.0,118.38045221514935,143.51639344262296
1,2026-05-11,LABORAL,14:00,211.0,124.11168951374721,150.16597510373444
1,2026-05-11,LABORAL,14:30,40.0,112.1364170101698,155.76954732510288
1,2026-05-11,LABORAL,15:00,163.0,123.88355909261803,176.94262295081967
1,2026-05-11,LABORAL,15:30,170.0,118.53974660356565,180.45228215767634
1,2026-05-11,LABORAL,16:00,82.0,124.9384849449974,150.1198347107438
1,2026-05-11,LABORAL,16:30,100.0,116.7996214716414,122.39094650205762
1,2026-05-11,LABORAL,17:00,29.0,99.61667102541152,73.02608695652174
1,2026-05-12,LABORAL,04:30,128.0,114.1135316941328,122.6311475409836
1,2026-05-12,LABORAL,05:00,135.0,111.94199719647118,122.88477366255144
1,2026-05-12,LABORAL,05:30,137.0,136.73303434151353,141.7295081967213
1,2026-05-12,LABORAL,06:00,139.0,136.40089811166337,141.64344262295083
1,2026-05-12,LABORAL,06:30,138.0,121.52417575849901,133.11111111111111
1,2026-05-12,LABORAL,07:00,113.0,130.93114040022112,129.87654320987653
1,2026-05-12,LABORAL,07:30,153.0,126.9284644836143,136.1762295081967
1,2026-05-12,LABORAL,08:00,147.0,126.19010469287878,134.53086419753086
1,2026-05-12,LABORAL,08:30,59.0,126.30532134145597,136.34156378600824
1,2026-05-12,LABORAL,09:00,103.0,134.48298960921892,136.45679012345678
1,2026-05-12,LABORAL,09:30,148.0,114.38181029453071,120.47540983606558
1,2026-05-12,LABORAL,10:00,96.0,95.00994430756617,101.93032786885246
1,2026-05-12,LABORAL,10:30,77.0,90.82529367055545,95.06584362139918
1,2026-05-12,LABORAL,11:00,99.0,78.09986106236218,93.7172131147541
1,2026-05-12,LABORAL,11:30,112.0,89.85353765709482,100.90573770491804
1,2026-05-12,LABORAL,12:00,91.0,112.63229873654954,112.75720164609054
1,2026-05-12,LABORAL,12:30,93.0,131.7269374256101,133.6378600823045
1,2026-05-12,LABORAL,13:00,155.0,126.52367902178189,134.59426229508196
1,2026-05-12,LABORAL,13:30,91.0,138.4742395765519,143.40983606557376
1,2026-05-12,LABORAL,14:00,118.0,150.0332950096474,150.0331950207469
1,2026-05-12,LABORAL,14:30,193.0,144.21351628824684,155.5514403292181
1,2026-05-12,LABORAL,15:00,169.0,171.8379199980559,176.7377049180328
1,2026-05-12,LABORAL,15:30,137.0,156.6047580141053,180.43983402489627
1,2026-05-12,LABORAL,16:00,91.0,150.79159265611275,149.62809917355372
1,2026-05-12,LABORAL,16:30,45.0,115.78715317245782,122.30864197530865
1,2026-05-12,LABORAL,17:00,61.0,58.275816996200504,72.60434782608695
1,2026-05-13,LABORAL,04:30,63.0,113.10329165434379,122.55327868852459
1,2026-05-13,LABORAL,05:00,145.0,105.90125958733236,122.80658436213992
1,2026-05-13,LABORAL,05:30,93.0,116.715260640701,141.63524590163934
1,2026-05-13,LABORAL,06:00,96.0,118.72033895992314,141.61475409836066
1,2026-05-13,LABORAL,06:30,183.0,105.40027215154704,133.06584362139918
1,2026-05-13,LABORAL,07:00,76.0,110.9065625824481,129.84362139917695
1,2026-05-13,LABORAL,07:30,173.0,117.92425681794579,135.98360655737704
1,2026-05-13,LABORAL,08:00,93.0,118.58587155963015,134.60493827160494
1,2026-05-13,LABORAL,08:30,150.0,119.4797793688658,135.88477366255145
1,2026-05-13,LABORAL,09:00,56.0,125.94083493299354,136.2962962962963
1,2026-05-13,LABORAL,09:30,119.0,104.00574286738909,120.36065573770492
1,2026-05-13,LABORAL,10:00,118.0,88.87898040156587,102.01229508196721
1,2026-05-13,LABORAL,10:30,62.0,84.5039206450338,94.83539094650206
1,2026-05-13,LABORAL,11:00,175.0,86.73936227689074,93.55737704918033
1,2026-05-13,LABORAL,11:30,63.0,97.53057380614999,100.9139344262295
1,2026-05-13,LABORAL,12:00,124.0,98.999381733821,112.95473251028807
1,2026-05-13,LABORAL,12:30,73.0,122.00607725051077,133.41152263374485
1,2026-05-13,LABORAL,13:00,127.0,126.96274876900497,134.55737704918033
1,2026-05-13,LABORAL,13:30,141.0,119.25286395846959,143.15573770491804
1,2026-05-13,LABORAL,14:00,126.0,127.01418791310796,149.83817427385893
1,2026-05-13,LABORAL,14:30,180.0,113.43061610088628,155.56378600823047
1,2026-05-13,LABORAL,15:00,130.0,131.59078743249475,176.52868852459017
1,2026-05-13,LABORAL,15:30,214.0,129.1479632561763,180.1908713692946
1,2026-05-13,LABORAL,16:00,130.0,129.41205005909282,149.06198347107437
1,2026-05-13,LABORAL,16:30,69.0,115.8896155505977,122.07818930041152
1,2026-05-13,LABORAL,17:00,40.0,95.82306495426788,72.35217391304347
1,2026-05-14,LABORAL,04:30,88.0,124.31048201605596,122.01639344262296
1,2026-05-14,LABORAL,05:00,85.0,108.96024107646578,123.0082304526749
1,2026-05-14,LABORAL,05:30,201.0,137.67245117282027,141.40573770491804
1,2026-05-14,LABORAL,06:00,138.0,134.60696597958147,141.0860655737705
1,2026-05-14,LABORAL,06:30,72.0,132.09248792567027,133.30041152263374
1,2026-05-14,LABORAL,07:00,146.0,127.5764764971619,129.60493827160494
1,2026-05-14,LABORAL,07:30,105.0,127.09283556889687,136.04508196721312
1,2026-05-14,LABORAL,08:00,137.0,125.91522667652443,134.37037037037038
1,2026-05-14,LABORAL,08:30,124.0,126.3099712722656,136.0164609053498
1,2026-05-14,LABORAL,09:00,83.0,130.99096776031274,135.6954732510288
1,2026-05-14,LABORAL,09:30,113.0,116.09728829458278,120.33196721311475
1,2026-05-14,LABORAL,10:00,105.0,103.27891929850857,102.11065573770492
1,2026-05-14,LABORAL,10:30,105.0,101.49552278235372,94.53909465020575
1,2026-05-14,LABORAL,11:00,66.0,88.68902194707917,93.8811475409836
1,2026-05-14,LABORAL,11:30,101.0,100.12945372797503,100.60655737704919
1,2026-05-14,LABORAL,12:00,96.0,112.97449540046857,113.03703703703704
1,2026-05-14,LABORAL,12:30,116.0,128.84049699308676,133.09465020576133
1,2026-05-14,LABORAL,13:00,126.0,124.59494965068863,134.55737704918033
1,2026-05-14,LABORAL,13:30,127.0,136.84009214513196,142.68852459016392
1,2026-05-14,LABORAL,14:00,135.0,140.56868525190242,149.99585062240664
1,2026-05-14,LABORAL,14:30,151.0,154.02335887552303,155.6172839506173
1,2026-05-14,LABORAL,15:00,180.0,176.72455403006694,176.0655737704918
1,2026-05-14,LABORAL,15:30,121.0,173.9908737842659,180.23651452282158
1,2026-05-14,LABORAL,16:00,124.0,143.777875587086,148.8512396694215
1,2026-05-14,LABORAL,16:30,82.0,111.93483420727694,121.78189300411523
1,2026-05-14,LABORAL,17:00,43.0,55.454767991239706,72.2695652173913
1,2026-05-14,LABORAL,17:30,5.0,30.974934914847267,38.429577464788736
1,2026-05-15,LABORAL,04:30,147.0,111.46966436771129,121.56967213114754
1,2026-05-15,LABORAL,05:00,89.0,99.0719219255204,122.77777777777777
1,2026-05-15,LABORAL,05:30,116.0,121.18096787696683,141.70081967213116
1,2026-05-15,LABORAL,06:00,137.0,120.4445860301075,140.95081967213116
1,2026-05-15,LABORAL,06:30,86.0,124.28542488819083,133.07407407407408
1,2026-05-15,LABORAL,07:00,183.0,117.51302623958239,129.65020576131687
1,2026-05-15,LABORAL,07:30,120.0,117.47163347943274,135.94672131147541
1,2026-05-15,LABORAL,08:00,112.0,112.62544995466273,134.1851851851852
1,2026-05-15,LABORAL,08:30,84.0,114.00476038184351,136.09876543209876
1,2026-05-15,LABORAL,09:00,136.0,110.96707039844253,135.21810699588477
1,2026-05-15,LABORAL,09:30,98.0,103.9374303360781,120.37704918032787
1,2026-05-15,LABORAL,10:00,90.0,100.1119474915053,102.00409836065573
1,2026-05-15,LABORAL,10:30,116.0,93.36494962547056,94.59670781893004
1,2026-05-15,LABORAL,11:00,55.0,91.19285843671464,93.72131147540983
1,2026-05-15,LABORAL,11:30,151.0,94.54529106006468,100.43852459016394
1,2026-05-15,LABORAL,12:00,117.0,106.02068922986555,112.95884773662551
1,2026-05-15,LABORAL,12:30,87.0,117.91331839371568,132.880658436214
1,2026-05-15,LABORAL,13:00,122.0,119.72423866337306,134.52868852459017
1,2026-05-15,LABORAL,13:30,93.0,133.24908967179525,142.827868852459
1,2026-05-15,LABORAL,14:00,218.0,132.24208465090558,149.91286307053943
1,2026-05-15,LABORAL,14:30,100.0,142.79497326062614,155.45679012345678
1,2026-05-15,LABORAL,15:00,161.0,167.67244556188848,176.36475409836066
1,2026-05-15,LABORAL,15:30,160.0,167.01030622299407,179.79253112033194
1,2026-05-15,LABORAL,16:00,163.0,135.4664995968869,148.41735537190084
1,2026-05-15,LABORAL,16:30,126.0,103.4603470952127,121.35802469135803
1,2026-05-15,LABORAL,17:00,80.0,56.44030298932701,72.15217391304348
1,2026-05-16,SABADO,04:30,26.0,67.67916762747998,78.7843137254902
1,2026-05-16,SABADO,05:00,103.0,63.462753071372525,63.94117647058823
1,2026-05-16,SABADO,05:30,81.0,86.08628021044926,97.51923076923077
1,2026-05-16,SABADO,06:00,33.0,81.85558274456358,97.75
1,2026-05-16,SABADO,06:30,120.0,102.68868001452384,109.5576923076923
1,2026-05-16,SABADO,07:00,145.0,109.2989080433645,104.34615384615384
1,2026-05-16,SABADO,07:30,128.0,96.17905478896775,102.98076923076923
1,2026-05-16,SABADO,08:00,77.0,105.13276810056459,102.78846153846153
1,2026-05-16,SABADO,08:30,108.0,96.8088359328101,101.84615384615384
1,2026-05-16,SABADO,09:00,113.0,89.98550512519971,99.63461538461539
1,2026-05-16,SABADO,09:30,85.0,77.68914576640475,91.17307692307692
1,2026-05-16,SABADO,10:00,83.0,91.10360767174345,88.51923076923077
1,2026-05-16,SABADO,10:30,90.0,93.21069929444381,95.5
1,2026-05-16,SABADO,11:00,100.0,84.45302065291602,94.1923076923077
1,2026-05-16,SABADO,11:30,103.0,82.04158833483523,83.74509803921569
1,2026-05-16,SABADO,12:00,118.0,93.91065957220972,93.46153846153847
1,2026-05-16,SABADO,12:30,110.0,80.62122040096244,93.61224489795919
1,2026-05-16,SABADO,13:00,35.0,71.74755299729364,75.42553191489361
1,2026-05-16,SABADO,13:30,48.0,74.10236738197507,79.18367346938776
1,2026-05-16,SABADO,14:00,25.0,66.45892746364855,80.0
1,2026-05-16,SABADO,14:30,147.0,57.309535609256486,70.2
1,2026-05-16,SABADO,15:00,42.0,59.36227527652097,74.42
1,2026-05-16,SABADO,15:30,39.0,46.222738899216026,65.59183673469387
1,2026-05-16,SABADO,16:00,45.0,47.01044200379917,57.083333333333336
1,2026-05-16,SABADO,17:00,1.0,46.24573904828078,40.37931034482759
1,2026-05-17,DOMINGO,07:00,20.0,63.95751546866167,34.45
1,2026-05-17,DOMINGO,07:30,40.0,67.77575116644567,32.13333333333333
1,2026-05-17,DOMINGO,08:00,16.0,52.80868824715703,36.166666666666664
1,2026-05-17,DOMINGO,08:30,59.0,61.595341872012774,43.86046511627907
1,2026-05-17,DOMINGO,10:30,24.0,75.5138598412465,34.8
1,2026-05-17,DOMINGO,11:30,38.0,90.99920572134107,36.71875
1,2026-05-17,DOMINGO,12:00,26.0,85.20360103735254,35.92307692307692
1,2026-05-17,DOMINGO,16:00,27.0,66.20865207989488,33.72727272727273
1,2026-05-18,FESTIVO_PUENTE,06:30,34.0,64.59469067321658,35.5
1,2026-05-18,FESTIVO_PUENTE,07:00,54.0,49.18812637510192,27.25
1,2026-05-18,FESTIVO_PUENTE,08:00,26.0,53.01872623734665,22.0
1,2026-05-18,FESTIVO_PUENTE,08:30,20.0,60.379301668914145,28.555555555555557
1,2026-05-18,FESTIVO_PUENTE,09:00,21.0,64.79291051512621,22.2
1,2026-05-18,FESTIVO_PUENTE,09:30,41.0,56.602778084448474,35.666666666666664
1,2026-05-18,FESTIVO_PUENTE,10:30,16.0,76.03849594922809,34.0
1,2026-05-18,FESTIVO_PUENTE,11:00,12.0,31.397374297244326,25.11111111111111
1,2026-05-18,FESTIVO_PUENTE,11:30,46.0,62.04659214899813,28.25
1,2026-05-18,FESTIVO_PUENTE,12:00,17.0,58.57724412181345,24.5
1,2026-05-18,FESTIVO_PUENTE,13:00,23.0,52.39738920723257,34.5
1,2026-05-18,FESTIVO_PUENTE,14:00,26.0,45.66316819237721,45.166666666666664
1,2026-05-18,FESTIVO_PUENTE,16:30,36.0,41.938427943164925,28.333333333333332
1,2026-05-19,LABORAL,04:30,82.0,137.29482897489953,121.19341563786008
1,2026-05-19,LABORAL,05:00,135.0,123.7023351060229,122.92561983471074
1,2026-05-19,LABORAL,05:30,156.0,151.18512012192048,141.3827160493827
1,2026-05-19,LABORAL,06:00,133.0,148.49326641749693,140.6172839506173
1,2026-05-19,LABORAL,06:30,155.0,151.26720452211376,132.58677685950414
1,2026-05-19,LABORAL,07:00,125.0,156.83981974694495,129.8099173553719
1,2026-05-19,LABORAL,07:30,122.0,153.05996586782288,135.75720164609052
1,2026-05-19,LABORAL,08:00,124.0,153.99952879947534,134.1404958677686
1,2026-05-19,LABORAL,08:30,130.0,137.97837537709222,135.4793388429752
1,2026-05-19,LABORAL,09:00,156.0,158.4689728963129,135.22727272727272
1,2026-05-19,LABORAL,09:30,125.0,133.85383819497537,120.07407407407408
1,2026-05-19,LABORAL,10:00,71.0,113.68356348898733,102.0
1,2026-05-19,LABORAL,10:30,146.0,97.84644586337237,94.40082644628099
1,2026-05-19,LABORAL,11:00,42.0,90.46267407891084,93.36625514403292
1,2026-05-19,LABORAL,11:30,184.0,116.79349179391087,100.68312757201646
1,2026-05-19,LABORAL,12:00,77.0,124.51181900238463,113.11157024793388
1,2026-05-19,LABORAL,12:30,131.0,147.12039120284592,132.23140495867767
1,2026-05-19,LABORAL,13:00,91.0,134.6279725418697,134.7283950617284
1,2026-05-19,LABORAL,13:30,153.0,157.6187853669044,142.20164609053498
1,2026-05-19,LABORAL,14:00,118.0,130.38922960754442,150.18333333333334
1,2026-05-19,LABORAL,14:30,158.0,129.70714455522284,155.08677685950414
1,2026-05-19,LABORAL,15:00,155.0,178.458141591562,176.44444444444446
1,2026-05-19,LABORAL,15:30,122.0,163.86144210546456,179.325
1,2026-05-19,LABORAL,16:00,222.0,148.7965909995717,148.37759336099586
1,2026-05-19,LABORAL,16:30,143.0,121.20922025987338,121.13636363636364
1,2026-05-19,LABORAL,17:00,48.0,57.345029467111196,71.8471615720524
1,2026-05-20,LABORAL,04:30,82.0,121.88611404146548,120.93004115226337
1,2026-05-20,LABORAL,05:00,128.0,124.543226612274,122.93388429752066
1,2026-05-20,LABORAL,05:30,88.0,132.28878366385268,141.08641975308643
1,2026-05-20,LABORAL,06:00,137.0,131.541594801381,140.320987654321
1,2026-05-20,LABORAL,06:30,145.0,129.24051188802017,132.65289256198346
1,2026-05-20,LABORAL,07:00,130.0,130.72439700490256,129.84710743801654
1,2026-05-20,LABORAL,07:30,101.0,132.62611574232346,135.7037037037037
1,2026-05-20,LABORAL,08:00,58.0,130.0272655450503,134.06611570247935
1,2026-05-20,LABORAL,08:30,185.0,124.28797098975147,135.0
1,2026-05-20,LABORAL,09:00,91.0,131.35489749288735,135.20247933884298
1,2026-05-20,LABORAL,09:30,104.0,120.89935497498442,119.8641975308642
1,2026-05-20,LABORAL,10:00,191.0,87.0070690259216,101.7448559670782
1,2026-05-20,LABORAL,10:30,67.0,98.4649128548296,94.49586776859505
1,2026-05-20,LABORAL,11:00,66.0,84.39619378690152,93.15637860082305
1,2026-05-20,LABORAL,11:30,92.0,90.37388562083719,100.95061728395062
1,2026-05-20,LABORAL,12:00,82.0,100.80891649812061,112.6694214876033
1,2026-05-20,LABORAL,12:30,104.0,135.73863015908373,131.99586776859505
1,2026-05-20,LABORAL,13:00,47.0,129.71650561495898,134.4238683127572
1,2026-05-20,LABORAL,13:30,178.0,126.27521966560585,142.20987654320987
1,2026-05-20,LABORAL,14:00,117.0,148.08129789422912,149.95
1,2026-05-20,LABORAL,14:30,130.0,153.58005385441626,155.099173553719
1,2026-05-20,LABORAL,15:00,270.0,173.8037668617393,176.40740740740742
1,2026-05-20,LABORAL,15:30,180.0,185.02684546864697,178.4
1,2026-05-20,LABORAL,16:00,104.0,139.6163167206875,148.47302904564316
1,2026-05-20,LABORAL,16:30,71.0,108.34019282819416,121.14049586776859
1,2026-05-20,LABORAL,17:00,95.0,56.24403233027237,71.73362445414847
1,2026-05-23,SABADO,04:30,94.0,61.26418442648746,76.96078431372548
1,2026-05-23,SABADO,05:00,32.0,61.10947724728269,65.29411764705883
1,2026-05-23,SABADO,05:30,145.0,81.50616691158274,97.1923076923077
1,2026-05-23,SABADO,06:00,78.0,79.13447791116815,95.82692307692308
1,2026-05-23,SABADO,06:30,148.0,103.33193991375516,110.38461538461539
1,2026-05-23,SABADO,07:00,66.0,105.48712492709707,104.90384615384616
1,2026-05-23,SABADO,07:30,119.0,90.30855982749112,104.26923076923077
1,2026-05-23,SABADO,08:00,70.0,101.62498216656547,102.23076923076923
1,2026-05-23,SABADO,08:30,76.0,95.11071453580497,101.21153846153847
1,2026-05-23,SABADO,09:00,82.0,86.98815809517376,99.92307692307692
1,2026-05-23,SABADO,09:30,98.0,69.5536842123461,90.82692307692308
1,2026-05-23,SABADO,10:00,52.0,90.6078841084025,88.5576923076923
1,2026-05-23,SABADO,10:30,44.0,88.95931680423064,94.74
1,2026-05-23,SABADO,11:00,129.0,79.526582759675,95.0
1,2026-05-23,SABADO,11:30,50.0,84.5579519947573,83.74509803921569
1,2026-05-23,SABADO,12:00,84.0,89.56246994922464,93.42307692307692
1,2026-05-23,SABADO,12:30,110.0,77.33308518869715,92.38775510204081
1,2026-05-23,SABADO,13:00,79.0,61.43648512613267,74.42553191489361
1,2026-05-23,SABADO,14:00,85.0,65.95609406381747,78.28571428571429
1,2026-05-23,SABADO,15:00,89.0,57.467908017789,72.96
1,2026-05-23,SABADO,15:30,47.0,54.8566909933347,65.51020408163265
1,2026-05-23,SABADO,16:00,24.0,54.85723852911661,56.791666666666664
1,2026-05-23,SABADO,16:30,38.0,37.27168567832865,63.205128205128204
1,2026-05-24,DOMINGO,08:00,28.0,30.37566397932011,35.833333333333336
1,2026-05-24,DOMINGO,08:30,26.0,28.218411135913186,44.627906976744185
1,2026-05-24,DOMINGO,09:00,44.0,37.24636432898498,39.8
1,2026-05-24,DOMINGO,10:00,35.0,29.134415102325633,34.8
1,2026-05-24,DOMINGO,11:00,27.0,35.714584404921496,37.44444444444444
1,2026-05-24,DOMINGO,12:00,10.0,27.354059232333583,35.92307692307692
1,2026-05-24,DOMINGO,12:30,35.0,29.73653975286689,37.22222222222222
1,2026-05-24,DOMINGO,13:30,32.0,37.660229394669955,29.91176470588235
1,2026-05-24,DOMINGO,14:00,16.0,32.32999215749311,32.96969696969697
1,2026-05-24,DOMINGO,15:00,25.0,31.959366725536412,35.03225806451613
1,2026-05-24,DOMINGO,15:30,21.0,27.606986217566956,36.857142857142854
1,2026-05-24,DOMINGO,16:30,32.0,36.86431033503369,32.2
1,2026-05-25,LABORAL,04:30,54.0,137.95819332828358,120.01652892561984
1,2026-05-25,LABORAL,05:00,152.0,110.99211912597245,122.6804979253112
1,2026-05-25,LABORAL,05:30,114.0,154.15088858737272,140.53719008264463
1,2026-05-25,LABORAL,06:00,128.0,148.88393881678152,140.02479338842974
1,2026-05-25,LABORAL,06:30,124.0,145.8653175221459,132.5767634854772
1,2026-05-25,LABORAL,07:00,145.0,137.4341077442417,129.5311203319502
1,2026-05-25,LABORAL,07:30,66.0,148.45177303157956,135.4090909090909
1,2026-05-25,LABORAL,08:00,144.0,122.49370263604578,133.54771784232366
1,2026-05-25,LABORAL,08:30,210.0,141.81299933105439,135.09958506224066
1,2026-05-25,LABORAL,09:00,176.0,145.28960368252734,134.58091286307055
1,2026-05-25,LABORAL,09:30,50.0,131.1724950816545,119.72727272727273
1,2026-05-25,LABORAL,10:00,71.0,96.93225683528077,101.75206611570248
1,2026-05-25,LABORAL,10:30,110.0,85.52237462668029,94.08713692946058
1,2026-05-25,LABORAL,11:00,74.0,94.33338313016277,93.03305785123968
1,2026-05-25,LABORAL,11:30,72.0,111.7555225969139,100.6198347107438
1,2026-05-25,LABORAL,12:00,122.0,112.35881858528228,112.44813278008299
1,2026-05-25,LABORAL,12:30,120.0,140.52168617916584,131.6597510373444
1,2026-05-25,LABORAL,13:00,82.0,123.41607590992406,134.1694214876033
1,2026-05-25,LABORAL,13:30,114.0,166.10961731905553,141.98760330578511
1,2026-05-25,LABORAL,14:00,158.0,127.49003791574684,149.89121338912133
1,2026-05-25,LABORAL,14:30,134.0,122.73473195466069,154.71784232365144
1,2026-05-25,LABORAL,15:00,177.0,193.5609097248402,176.24380165289256
1,2026-05-25,LABORAL,15:30,164.0,176.14566353563646,178.6234309623431
1,2026-05-25,LABORAL,16:00,68.0,152.05163819272204,147.72083333333333
1,2026-05-25,LABORAL,16:30,138.0,126.7247705365101,121.04979253112033
1,2026-05-25,LABORAL,17:00,92.0,65.23630253456624,71.05701754385964
1,2026-05-25,LABORAL,17:30,29.0,35.567381318865856,37.97080291970803
1,2026-05-26,LABORAL,04:30,154.0,121.65895711302181,119.65289256198348
1,2026-05-26,LABORAL,05:00,112.0,122.9293420657964,122.65145228215768
1,2026-05-26,LABORAL,05:30,153.0,134.77566048668487,140.43801652892563
1,2026-05-26,LABORAL,06:00,69.0,138.68122475726787,139.64462809917356
1,2026-05-26,LABORAL,06:30,152.0,129.5257621146447,132.71784232365144
1,2026-05-26,LABORAL,07:00,149.0,134.31033307937204,129.52697095435684
1,2026-05-26,LABORAL,07:30,137.0,137.15474283761716,135.03305785123968
1,2026-05-26,LABORAL,08:00,110.0,131.51212290386178,133.50207468879668
1,2026-05-26,LABORAL,08:30,108.0,129.44703764903747,135.48547717842322
1,2026-05-26,LABORAL,09:00,151.0,133.82602366958773,134.5311203319502
1,2026-05-26,LABORAL,09:30,83.0,124.71633533500778,119.50826446280992
1,2026-05-26,LABORAL,10:00,91.0,96.31675820643528,101.56611570247934
1,2026-05-26,LABORAL,10:30,80.0,99.65994377573651,94.17427385892117
1,2026-05-26,LABORAL,11:00,119.0,92.93788173326413,92.80578512396694
1,2026-05-26,LABORAL,11:30,101.0,94.60555798908966,100.60330578512396
1,2026-05-26,LABORAL,12:00,106.0,104.82558636493965,112.4896265560166
1,2026-05-26,LABORAL,12:30,89.0,130.60432150375271,131.5311203319502
1,2026-05-26,LABORAL,13:00,157.0,135.37627389358974,133.9090909090909
1,2026-05-26,LABORAL,13:30,171.0,139.94396731982783,141.80165289256198
1,2026-05-26,LABORAL,14:00,50.0,149.15720925717636,149.88702928870293
1,2026-05-26,LABORAL,14:30,214.0,149.79406987746472,154.66390041493776
1,2026-05-26,LABORAL,15:00,129.0,178.08462603417053,176.28099173553719
1,2026-05-26,LABORAL,15:30,138.0,176.78335452611782,178.163179916318
1,2026-05-26,LABORAL,16:00,148.0,147.7554975964959,147.24583333333334
1,2026-05-26,LABORAL,16:30,78.0,120.23504328873626,121.05809128630706
1,2026-05-26,LABORAL,17:00,117.0,72.1728829469445,70.98245614035088
1,2026-05-27,LABORAL,04:30,122.0,121.63951290117484,119.63636363636364
1,2026-05-27,LABORAL,05:00,130.0,119.42596045396616,122.51452282157676
1,2026-05-27,LABORAL,05:30,87.0,134.68401021376286,140.3099173553719
1,2026-05-27,LABORAL,06:00,175.0,133.68842178339176,139.02892561983472
1,2026-05-27,LABORAL,06:30,92.0,127.6649098108951,132.84647302904565
1,2026-05-27,LABORAL,07:00,58.0,131.9121732051895,129.44398340248964
1,2026-05-27,LABORAL,07:30,194.0,137.8500419659625,134.7479338842975
1,2026-05-27,LABORAL,08:00,130.0,129.6668541600832,133.38589211618256
1,2026-05-27,LABORAL,08:30,80.0,125.74192599906777,135.23651452282158
1,2026-05-27,LABORAL,09:00,156.0,131.55902089351204,134.746887966805
1,2026-05-27,LABORAL,09:30,108.0,119.57315712899796,119.12396694214875
1,2026-05-27,LABORAL,10:00,39.0,95.39034405104654,101.74793388429752
1,2026-05-27,LABORAL,10:30,74.0,97.88152832217652,93.9460580912863
1,2026-05-27,LABORAL,11:00,108.0,88.87254607154685,92.88842975206612
1,2026-05-27,LABORAL,11:30,59.0,98.07969351171025,100.5909090909091
1,2026-05-27,LABORAL,12:00,155.0,106.8766450027931,112.4149377593361
1,2026-05-27,LABORAL,12:30,101.0,127.41405960750083,131.23651452282158
1,2026-05-27,LABORAL,13:00,112.0,134.38537849695794,133.900826446281
1,2026-05-27,LABORAL,14:00,222.0,134.03765223482765,149.33891213389123
1,2026-05-27,LABORAL,14:30,143.0,143.33284332214825,154.6390041493776
1,2026-05-27,LABORAL,15:00,168.0,148.4268368126584,176.15702479338842
1,2026-05-27,LABORAL,15:30,143.0,173.7034814684348,177.86610878661088
1,2026-05-27,LABORAL,16:00,130.0,176.00783054260273,146.95416666666668
1,2026-05-27,LABORAL,16:30,34.0,142.41694245396897,120.88796680497926
1,2026-05-27,LABORAL,17:00,84.0,114.64198194620381,71.14912280701755
1,2026-05-29,LABORAL,04:30,129.0,103.52735250186555,119.4297520661157
1,2026-05-29,LABORAL,05:00,79.0,93.1883645940596,122.27800829875518
1,2026-05-29,LABORAL,05:30,120.0,117.42426716131877,140.29338842975207
1,2026-05-29,LABORAL,06:00,134.0,117.52395239135751,139.03305785123968
1,2026-05-29,LABORAL,06:30,109.0,122.7253135374921,132.76763485477179
1,2026-05-29,LABORAL,07:00,155.0,123.59050241278099,129.13692946058092
1,2026-05-29,LABORAL,07:30,107.0,123.858125541458,135.02479338842974
1,2026-05-29,LABORAL,08:00,122.0,121.07850059213334,133.56016597510373
1,2026-05-29,LABORAL,08:30,142.0,116.85967394496072,135.149377593361
1,2026-05-29,LABORAL,09:00,81.0,116.67125993305862,135.09958506224066
1,2026-05-29,LABORAL,09:30,153.0,102.16137358516697,119.28512396694215
1,2026-05-29,LABORAL,10:00,90.0,100.17616070075388,101.2107438016529
1,2026-05-29,LABORAL,10:30,65.0,94.91773393866237,94.10788381742739
1,2026-05-29,LABORAL,11:00,95.0,92.27271477109532,93.26446280991736
1,2026-05-29,LABORAL,11:30,99.0,93.66097242445193,100.47107438016529
1,2026-05-29,LABORAL,12:00,59.0,106.26400919442243,113.03319502074689
1,2026-05-29,LABORAL,12:30,136.0,110.47365622038188,131.4813278008299
1,2026-05-29,LABORAL,13:00,184.0,101.94136363442342,133.8099173553719
1,2026-05-29,LABORAL,13:30,76.0,106.08401419984689,142.31950207468878
1,2026-05-29,LABORAL,14:00,109.0,112.56421391565492,149.33891213389123
1,2026-05-29,LABORAL,14:30,175.0,112.71890163337956,154.6721991701245
1,2026-05-29,LABORAL,15:00,141.0,121.11236583527365,176.7396694214876
1,2026-05-29,LABORAL,15:30,164.0,121.52961764960628,177.5857740585774
1,2026-05-29,LABORAL,16:00,131.0,94.04811276734361,146.89583333333334
1,2026-05-29,LABORAL,16:30,74.0,78.68458340172232,120.30705394190872
1,2026-05-29,LABORAL,17:00,58.0,46.62810164294171,71.0219298245614
1,2026-05-30,SABADO,04:30,46.0,69.75659019979574,76.72549019607843
1,2026-05-30,SABADO,05:00,45.0,56.608378542618595,64.68627450980392
1,2026-05-30,SABADO,05:30,107.0,76.32212921492076,97.3076923076923
1,2026-05-30,SABADO,06:00,105.0,86.5006246178178,95.53846153846153
1,2026-05-30,SABADO,06:30,93.0,92.5905579435491,109.98076923076923
1,2026-05-30,SABADO,07:00,82.0,90.4686533313607,103.65384615384616
1,2026-05-30,SABADO,07:30,87.0,89.95113473738728,104.23076923076923
1,2026-05-30,SABADO,08:00,80.0,97.78376822773926,101.71153846153847
1,2026-05-30,SABADO,08:30,120.0,92.33005312123848,99.88461538461539
1,2026-05-30,SABADO,09:00,84.0,76.87221949879329,99.90384615384616
1,2026-05-30,SABADO,09:30,75.0,76.065771186224,91.6923076923077
1,2026-05-30,SABADO,10:00,43.0,78.99764482619223,87.0576923076923
1,2026-05-30,SABADO,10:30,55.0,68.53414479473892,92.44
1,2026-05-30,SABADO,11:00,58.0,80.36525298841796,94.57692307692308
1,2026-05-30,SABADO,11:30,54.0,72.36083591841481,83.11764705882354
1,2026-05-30,SABADO,12:00,105.0,79.20190251494398,93.21153846153847
1,2026-05-30,SABADO,12:30,57.0,76.26422711101904,92.51020408163265
1,2026-05-30,SABADO,13:00,84.0,63.27741877846987,74.19148936170212
1,2026-05-30,SABADO,13:30,42.0,71.70600474735167,77.8125
1,2026-05-30,SABADO,14:00,38.0,72.04876159570313,79.04081632653062
1,2026-05-30,SABADO,14:30,153.0,57.07160786417464,72.18367346938776
1,2026-05-30,SABADO,15:00,41.0,75.2706859624806,72.8
1,2026-05-30,SABADO,15:30,33.0,65.7139223237892,64.77551020408163
1,2026-05-31,DOMINGO,07:00,21.0,31.330225241300127,33.35897435897436
1,2026-05-31,DOMINGO,07:30,37.0,32.487626708039215,32.56818181818182
1,2026-05-31,DOMINGO,08:30,44.0,36.07380828953731,44.30232558139535
1,2026-05-31,DOMINGO,09:30,48.0,38.19324141047021,34.89473684210526
1,2026-05-31,DOMINGO,11:00,54.0,37.420673853485,37.55555555555556
1,2026-05-31,DOMINGO,12:00,78.0,31.01196030484394,35.58974358974359
1,2026-05-31,DOMINGO,12:30,65.0,30.148550972055574,37.16216216216216
1,2026-05-31,DOMINGO,14:30,25.0,32.28847598779163,38.32258064516129
1,2026-05-31,DOMINGO,15:30,16.0,36.21427682247122,36.95238095238095
1,2026-06-01,LABORAL,04:30,87.0,116.28549434224203,119.32644628099173
1,2026-06-01,LABORAL,05:00,150.0,113.16559872911239,122.04149377593362
1,2026-06-01,LABORAL,05:30,155.0,125.88653942137874,140.14462809917356
1,2026-06-01,LABORAL,06:00,72.0,138.8460331244916,138.84297520661158
1,2026-06-01,LABORAL,06:30,104.0,132.80378249378055,132.5186721991701
1,2026-06-01,LABORAL,07:00,163.0,131.94552458574708,129.24066390041494
1,2026-06-01,LABORAL,07:30,151.0,138.9602071903195,134.86776859504133
1,2026-06-01,LABORAL,08:00,68.0,122.39527195574244,133.3941908713693
1,2026-06-01,LABORAL,08:30,117.0,134.0584008147758,135.00414937759336
1,2026-06-01,LABORAL,09:00,178.0,139.27301520371725,134.92946058091286
1,2026-06-01,LABORAL,09:30,117.0,108.92459986759575,119.4504132231405
1,2026-06-01,LABORAL,10:00,43.0,103.53957211821213,100.94214876033058
1,2026-06-01,LABORAL,10:30,91.0,94.26454821165497,93.89626556016597
1,2026-06-01,LABORAL,11:00,36.0,90.45414300538121,93.25619834710744
1,2026-06-01,LABORAL,11:30,148.0,103.11311640988836,100.4504132231405
1,2026-06-01,LABORAL,12:00,123.0,120.59784965200392,112.64315352697095
1,2026-06-01,LABORAL,12:30,86.0,125.51734412036092,131.3734439834025
1,2026-06-01,LABORAL,13:00,103.0,129.349959991989,134.01652892561984
1,2026-06-01,LABORAL,13:30,137.0,151.849318699935,141.91701244813277
1,2026-06-01,LABORAL,14:00,111.0,145.6611649277274,148.96234309623432
1,2026-06-01,LABORAL,14:30,179.0,142.14916828872612,154.68049792531122
1,2026-06-01,LABORAL,15:00,132.0,175.1388101133761,176.3512396694215
1,2026-06-01,LABORAL,15:30,133.0,170.64335270247778,177.47280334728035
1,2026-06-01,LABORAL,16:00,131.0,157.16482136570966,146.95
1,2026-06-01,LABORAL,16:30,45.0,119.41906544626548,119.77178423236515
1,2026-06-02,LABORAL,04:30,77.0,121.16910884211256,119.19341563786008
1,2026-06-02,LABORAL,05:00,100.0,121.62800067796678,122.15702479338843
1,2026-06-02,LABORAL,05:30,147.0,134.47186012198873,140.20576131687244
1,2026-06-02,LABORAL,06:00,150.0,137.58920019592514,138.5679012345679
1,2026-06-02,LABORAL,06:30,195.0,129.6166382080888,132.400826446281
1,2026-06-02,LABORAL,07:00,92.0,135.58360115369467,129.3801652892562
1,2026-06-02,LABORAL,07:30,155.0,140.21441756714535,134.93415637860082
1,2026-06-02,LABORAL,08:00,49.0,130.47313622048623,133.12396694214877
1,2026-06-02,LABORAL,08:30,158.0,130.13709483596784,134.9297520661157
1,2026-06-02,LABORAL,09:00,152.0,134.48892396609585,135.10743801652893
1,2026-06-02,LABORAL,09:30,85.0,123.70038828158056,119.440329218107
1,2026-06-02,LABORAL,10:00,113.0,99.32707406750426,100.70370370370371
1,2026-06-02,LABORAL,10:30,157.0,98.11032127596283,93.88429752066116
1,2026-06-02,LABORAL,11:00,38.0,93.740306297682,93.02057613168725
1,2026-06-02,LABORAL,11:30,71.0,95.17013821294358,100.64609053497942
1,2026-06-02,LABORAL,12:00,128.0,108.24452120700137,112.68595041322314
1,2026-06-02,LABORAL,12:30,108.0,129.9612553001845,131.18595041322314
1,2026-06-02,LABORAL,13:00,173.0,134.23233923323858,133.88888888888889
1,2026-06-02,LABORAL,13:30,120.0,139.52007298682662,141.89669421487602
1,2026-06-02,LABORAL,14:00,120.0,144.81759906004427,148.80416666666667
1,2026-06-02,LABORAL,14:30,137.0,147.96609409788704,154.78099173553719
1,2026-06-02,LABORAL,15:00,184.0,174.7063575533155,176.1687242798354
1,2026-06-02,LABORAL,15:30,146.0,172.95694448292258,177.2875
1,2026-06-02,LABORAL,16:00,143.0,147.50170796068838,146.88381742738588
1,2026-06-02,LABORAL,16:30,33.0,116.09873776566943,119.46280991735537
1,2026-06-02,LABORAL,17:00,44.0,71.50343399902238,71.04385964912281
1,2026-06-03,LABORAL,04:30,105.0,116.19819625103796,118.88065843621399
1,2026-06-03,LABORAL,05:00,98.0,113.38172696138565,121.85950413223141
1,2026-06-03,LABORAL,05:30,126.0,127.48830255252682,140.1440329218107
1,2026-06-03,LABORAL,06:00,111.0,130.25031617416286,138.3991769547325
1,2026-06-03,LABORAL,06:30,123.0,128.06426389183665,132.6818181818182
1,2026-06-03,LABORAL,07:00,111.0,128.90198206055763,129.0
1,2026-06-03,LABORAL,07:30,98.0,138.37108367816447,134.65020576131687
1,2026-06-03,LABORAL,08:00,110.0,127.60966208222143,132.51652892561984
1,2026-06-03,LABORAL,08:30,137.0,122.12892012354915,134.77272727272728
1,2026-06-03,LABORAL,09:00,92.0,127.38330868797834,135.1611570247934
1,2026-06-03,LABORAL,09:30,103.0,117.82028469477878,119.31687242798354
1,2026-06-03,LABORAL,10:00,137.0,98.6107916732039,100.8559670781893
1,2026-06-03,LABORAL,10:30,80.0,96.64792503527977,94.26859504132231
1,2026-06-03,LABORAL,11:00,114.0,93.57212124417345,92.60082304526749
1,2026-06-03,LABORAL,11:30,69.0,96.43521673129466,100.76131687242798
1,2026-06-03,LABORAL,12:00,82.0,105.94203935425804,112.52479338842976
1,2026-06-03,LABORAL,12:30,125.0,123.9974047025374,131.02479338842974
1,2026-06-03,LABORAL,13:00,117.0,123.40107032254214,133.83539094650206
1,2026-06-03,LABORAL,13:30,87.0,126.86821786646775,141.77272727272728
1,2026-06-03,LABORAL,14:00,197.0,134.00146828317983,148.59583333333333
1,2026-06-03,LABORAL,14:30,52.0,141.72485829959584,154.61157024793388
1,2026-06-03,LABORAL,15:00,136.0,159.83425559417037,176.2469135802469
1,2026-06-03,LABORAL,15:30,202.0,160.6393768977947,176.95416666666668
1,2026-06-03,LABORAL,16:00,156.0,132.9579104802919,146.60995850622407
1,2026-06-03,LABORAL,16:30,78.0,103.982994811342,119.02892561983471
1,2026-06-04,LABORAL,04:30,121.0,112.45748564363134,118.7448559670782
1,2026-06-04,LABORAL,05:00,61.0,105.91971021795372,121.68181818181819
1,2026-06-04,LABORAL,05:30,137.0,125.35778941507361,139.74897119341563
1,2026-06-04,LABORAL,06:00,144.0,128.42680152058682,138.26748971193416
1,2026-06-04,LABORAL,06:30,121.0,128.4516211518052,132.62809917355372
1,2026-06-04,LABORAL,07:00,134.0,126.10124229133429,129.01239669421489
1,2026-06-04,LABORAL,07:30,131.0,133.3562970003928,134.50205761316872
1,2026-06-04,LABORAL,08:00,111.0,126.6341656698024,132.18595041322314
1,2026-06-04,LABORAL,08:30,88.0,122.16092123502895,134.69834710743802
1,2026-06-04,LABORAL,09:00,156.0,122.2255178422107,134.76446280991735
1,2026-06-04,LABORAL,09:30,84.0,111.33853863066736,119.32921810699588
1,2026-06-04,LABORAL,10:00,52.0,97.99071747327693,100.78600823045268
1,2026-06-04,LABORAL,10:30,130.0,93.69894380407708,94.5
1,2026-06-04,LABORAL,11:00,59.0,91.43550798188394,92.39094650205762
1,2026-06-04,LABORAL,11:30,69.0,98.81599798686632,100.5843621399177
1,2026-06-04,LABORAL,12:00,92.0,105.63589661612446,112.46694214876032
1,2026-06-04,LABORAL,12:30,126.0,118.35562861185096,130.8305785123967
1,2026-06-04,LABORAL,13:00,77.0,115.1341512690577,133.9506172839506
1,2026-06-04,LABORAL,13:30,120.0,121.34631123813323,141.4793388429752
1,2026-06-04,LABORAL,14:00,116.0,125.86437059116294,148.60833333333332
1,2026-06-04,LABORAL,14:30,84.0,133.04900364561456,153.8388429752066
1,2026-06-04,LABORAL,15:00,124.0,147.59274733353848,175.90534979423867
1,2026-06-04,LABORAL,15:30,179.0,149.63118375504035,176.86666666666667
1,2026-06-04,LABORAL,16:00,68.0,119.3471025403056,146.58091286307055
1,2026-06-04,LABORAL,16:30,72.0,92.576333153159,118.77272727272727
1,2026-06-04,LABORAL,17:00,37.0,60.5421213296034,70.56387665198238
1,2026-06-05,LABORAL,04:30,107.0,109.88212779639734,118.66666666666667
1,2026-06-05,LABORAL,05:00,80.0,99.94378245379438,121.2603305785124
1,2026-06-05,LABORAL,05:30,137.0,121.23804007378357,139.559670781893
1,2026-06-05,LABORAL,06:00,104.0,125.25257987406684,138.02057613168725
1,2026-06-05,LABORAL,06:30,103.0,122.47403769569787,132.4793388429752
1,2026-06-05,LABORAL,07:00,147.0,121.3317210598592,128.94214876033058
1,2026-06-05,LABORAL,07:30,134.0,124.44236813982766,134.3744855967078
1,2026-06-05,LABORAL,08:00,70.0,123.99854230081468,132.02479338842974
1,2026-06-05,LABORAL,08:30,168.0,118.78924989596561,134.4793388429752
1,2026-06-05,LABORAL,09:00,164.0,117.02022824580563,134.77272727272728
1,2026-06-05,LABORAL,09:30,78.0,104.93975390121308,119.24691358024691
1,2026-06-05,LABORAL,10:00,87.0,98.75376695030859,100.24279835390946
1,2026-06-05,LABORAL,10:30,88.0,91.17110161465075,94.58264462809917
1,2026-06-05,LABORAL,11:00,85.0,91.3239486332773,92.32510288065843
1,2026-06-05,LABORAL,11:30,40.0,97.78207124307865,100.19753086419753
1,2026-06-05,LABORAL,12:00,120.0,105.49128853925377,112.44214876033058
1,2026-06-05,LABORAL,12:30,90.0,113.01213271050743,130.6694214876033
1,2026-06-05,LABORAL,13:00,100.0,111.50754384390457,133.66666666666666
1,2026-06-05,LABORAL,13:30,272.0,120.41449106040523,141.36776859504133
1,2026-06-05,LABORAL,14:00,119.0,123.72340233078523,148.4625
1,2026-06-05,LABORAL,14:30,150.0,126.79168858466053,153.44628099173553
1,2026-06-05,LABORAL,15:00,149.0,143.0353959818789,175.78189300411523
1,2026-06-05,LABORAL,15:30,132.0,147.24076802905574,176.49166666666667
1,2026-06-05,LABORAL,16:00,138.0,113.20997221284313,146.29460580912863
1,2026-06-05,LABORAL,16:30,94.0,88.84993773494222,118.32644628099173
1,2026-06-05,LABORAL,17:00,23.0,56.896482025868835,70.29074889867842
1,2026-06-06,SABADO,04:30,77.0,67.33920403411878,74.54901960784314
1,2026-06-06,SABADO,05:00,60.0,61.02996969986294,64.3921568627451
1,2026-06-06,SABADO,05:30,86.0,83.27617031263244,97.78846153846153
1,2026-06-06,SABADO,06:00,58.0,88.80001954651952,95.0576923076923
1,2026-06-06,SABADO,06:30,74.0,95.66056205971299,109.1923076923077
1,2026-06-06,SABADO,07:00,153.0,100.17372031131315,103.23076923076923
1,2026-06-06,SABADO,07:30,65.0,89.70704453949966,103.32692307692308
1,2026-06-06,SABADO,08:00,103.0,96.90952147517837,101.4423076923077
1,2026-06-06,SABADO,08:30,84.0,99.4657694399095,99.61538461538461
1,2026-06-06,SABADO,09:00,169.0,87.85196029501138,98.98076923076923
1,2026-06-06,SABADO,09:30,50.0,77.01519703524758,91.51923076923077
1,2026-06-06,SABADO,10:00,64.0,86.02128820348807,86.11538461538461
1,2026-06-06,SABADO,10:30,149.0,81.26041770948707,90.36
1,2026-06-06,SABADO,11:30,84.0,80.53152648973482,82.47058823529412
1,2026-06-06,SABADO,12:00,61.0,81.31034035108206,93.9423076923077
1,2026-06-06,SABADO,13:00,58.0,86.4610151792594,73.65957446808511
1,2026-06-06,SABADO,13:30,68.0,82.73848337343804,75.3125
1,2026-06-06,SABADO,14:00,113.0,66.29626078488192,78.10204081632654
1,2026-06-06,SABADO,14:30,52.0,67.98280682969448,74.3061224489796
1,2026-06-06,SABADO,15:00,71.0,68.20177928886045,71.58
1,2026-06-06,SABADO,16:00,82.0,56.81324942800824,55.170212765957444
1,2026-06-07,DOMINGO,06:30,16.0,32.31455383487592,33.72727272727273
1,2026-06-07,DOMINGO,07:00,25.0,32.584725658943114,32.46153846153846
1,2026-06-07,DOMINGO,07:30,32.0,32.57292379834878,32.666666666666664
1,2026-06-07,DOMINGO,08:00,19.0,35.76422829519858,36.170731707317074
1,2026-06-07,DOMINGO,08:30,67.0,38.54711954521039,44.51162790697674
1,2026-06-07,DOMINGO,09:30,53.0,32.86922876094158,35.55263157894737
1,2026-06-07,DOMINGO,10:00,23.0,28.75073002582336,34.68181818181818
1,2026-06-07,DOMINGO,10:30,15.0,30.61481042819581,35.21052631578947
1,2026-06-07,DOMINGO,11:00,37.0,41.1837303331925,38.0
1,2026-06-07,DOMINGO,11:30,19.0,39.863875358035884,36.06666666666667
1,2026-06-07,DOMINGO,12:00,22.0,26.93924146907021,37.0
1,2026-06-07,DOMINGO,12:30,40.0,36.23337260185883,37.567567567567565
1,2026-06-07,DOMINGO,13:00,28.0,34.22279886570058,32.333333333333336
1,2026-06-07,DOMINGO,13:30,21.0,38.69827101389389,30.21212121212121
1,2026-06-07,DOMINGO,14:30,30.0,35.46178135634952,37.903225806451616
1,2026-06-07,DOMINGO,15:00,25.0,39.52224123326644,35.266666666666666
1,2026-06-07,DOMINGO,16:00,32.0,38.38197488903175,32.76190476190476
1,2026-06-08,FESTIVO_PUENTE,07:30,23.0,88.15574091446337,46.666666666666664
1,2026-06-08,FESTIVO_PUENTE,08:30,55.0,87.25115361585979,24.11111111111111
1,2026-06-08,FESTIVO_PUENTE,09:30,18.0,94.44076089644932,36.666666666666664
1,2026-06-08,FESTIVO_PUENTE,11:00,18.0,113.285871063105,23.22222222222222
1,2026-06-08,FESTIVO_PUENTE,11:30,21.0,107.82966754044648,30.0
1,2026-06-08,FESTIVO_PUENTE,13:30,17.0,103.276062378091,26.0
1,2026-06-08,FESTIVO_PUENTE,14:30,24.0,112.29166256474008,36.57142857142857
1,2026-06-08,FESTIVO_PUENTE,15:30,21.0,91.45842579730474,30.6
1,2026-06-09,LABORAL,04:30,88.0,120.78980995248098,118.53719008264463
1,2026-06-09,LABORAL,05:00,129.0,115.18700481567296,120.92116182572614
1,2026-06-09,LABORAL,05:30,140.0,140.05692300432852,139.3099173553719
1,2026-06-09,LABORAL,06:00,110.0,135.45159958291026,137.62396694214877
1,2026-06-09,LABORAL,06:30,141.0,135.68105065609106,132.19502074688796
1,2026-06-09,LABORAL,07:00,54.0,143.8275636533215,129.149377593361
1,2026-06-09,LABORAL,07:30,168.0,138.58809438634734,134.22727272727272
1,2026-06-09,LABORAL,08:00,102.0,138.63206491948685,131.5643153526971
1,2026-06-09,LABORAL,08:30,66.0,127.19649188712644,134.48547717842322
1,2026-06-09,LABORAL,09:00,147.0,148.48113260775605,134.90871369294607
1,2026-06-09,LABORAL,09:30,129.0,120.6620231333242,119.14049586776859
1,2026-06-09,LABORAL,10:00,89.0,104.14579543638447,100.0495867768595
1,2026-06-09,LABORAL,10:30,81.0,93.63620623302317,94.76348547717842
1,2026-06-09,LABORAL,11:00,83.0,75.47377380452943,92.14876033057851
1,2026-06-09,LABORAL,11:30,92.0,108.67885266067287,99.6900826446281
1,2026-06-09,LABORAL,12:00,147.0,113.17758822370685,112.56846473029046
1,2026-06-09,LABORAL,12:30,106.0,132.5205488804324,130.2240663900415
1,2026-06-09,LABORAL,13:00,147.0,113.44767683231943,133.6487603305785
1,2026-06-09,LABORAL,13:30,152.0,147.29428185499933,141.4232365145228
1,2026-06-09,LABORAL,14:00,186.0,129.40546663128293,148.5020920502092
1,2026-06-09,LABORAL,14:30,49.0,134.43683791743297,153.4813278008299
1,2026-06-09,LABORAL,15:00,135.0,169.32603200687439,175.1694214876033
1,2026-06-09,LABORAL,15:30,116.0,158.6413958763665,175.81589958158995
1,2026-06-09,LABORAL,16:00,133.0,145.1646434098004,146.2875
1,2026-06-09,LABORAL,16:30,76.0,109.4901559407267,117.70954356846472
1,2026-06-10,LABORAL,04:30,121.0,93.85027072681476,118.35123966942149
1,2026-06-10,LABORAL,05:00,67.0,108.31255650503716,120.7551867219917
1,2026-06-10,LABORAL,05:30,145.0,118.6227208000141,139.28099173553719
1,2026-06-10,LABORAL,06:00,93.0,115.21698551288867,137.3388429752066
1,2026-06-10,LABORAL,06:30,136.0,113.13873869097283,132.3609958506224
1,2026-06-10,LABORAL,07:00,54.0,112.40306835250692,128.7344398340249
1,2026-06-10,LABORAL,07:30,154.0,117.19635147595503,134.48347107438016
1,2026-06-10,LABORAL,08:00,72.0,108.38782230381656,131.34854771784234
1,2026-06-10,LABORAL,08:30,112.0,117.23254646286018,134.07883817427387
1,2026-06-10,LABORAL,09:00,142.0,100.44139034753132,134.7759336099585
1,2026-06-10,LABORAL,09:30,100.0,96.30426895473464,119.02066115702479
1,2026-06-10,LABORAL,10:00,72.0,103.83951265106897,100.05785123966942
1,2026-06-10,LABORAL,10:30,76.0,97.62695304541376,94.82157676348548
1,2026-06-10,LABORAL,11:00,104.0,86.58375859045863,92.18181818181819
1,2026-06-10,LABORAL,11:30,65.0,89.58920397430352,99.53305785123968
1,2026-06-10,LABORAL,12:00,79.0,94.41730884794781,112.7883817427386
1,2026-06-10,LABORAL,12:30,87.0,102.50004568511854,130.31950207468878
1,2026-06-10,LABORAL,13:00,167.0,119.73413668263127,133.71900826446281
1,2026-06-10,LABORAL,13:30,101.0,93.27126973654825,141.33195020746888
1,2026-06-10,LABORAL,14:00,50.0,112.7063742924944,148.68200836820083
1,2026-06-10,LABORAL,14:30,57.0,150.84314408708514,153.23651452282158
1,2026-06-10,LABORAL,15:00,66.0,126.79332055756743,175.19421487603304
1,2026-06-10,LABORAL,15:30,47.0,138.81143022837173,175.61506276150627
1,2026-06-10,LABORAL,16:00,37.0,120.04120007024447,146.175
3,2026-04-02,FESTIVO,07:00,26.0,30.41541217773552,28.25
3,2026-04-02,FESTIVO,07:30,42.0,96.1651673575907,40.0
3,2026-04-02,FESTIVO,08:00,11.0,196.90860004911838,40.714285714285715
3,2026-04-02,FESTIVO,08:30,62.0,174.0363204635252,23.857142857142858
3,2026-04-02,FESTIVO,09:00,50.0,228.93702835365485,42.333333333333336
3,2026-04-02,FESTIVO,09:30,17.0,161.8352006935566,28.75
3,2026-04-02,FESTIVO,10:00,24.0,121.36208104686017,30.5
3,2026-04-02,FESTIVO,10:30,46.0,91.92851121422873,26.714285714285715
3,2026-04-02,FESTIVO,11:00,22.0,89.51455866903947,28.25
3,2026-04-02,FESTIVO,11:30,55.0,110.22831156439267,38.285714285714285
3,2026-04-02,FESTIVO,12:00,14.0,93.18798080643538,38.5
3,2026-04-02,FESTIVO,12:30,46.0,81.49711830780439,34.8
3,2026-04-02,FESTIVO,13:00,29.0,90.32777375029556,26.2
3,2026-04-02,FESTIVO,13:30,13.0,79.210389492597,23.666666666666668
3,2026-04-02,FESTIVO,14:00,23.0,84.40170239985854,29.0
3,2026-04-02,FESTIVO,14:30,26.0,87.39350011206207,29.666666666666668
3,2026-04-02,FESTIVO,15:00,21.0,109.1244761645955,51.0
3,2026-04-02,FESTIVO,15:30,20.0,81.52239466809166,38.666666666666664
3,2026-04-02,FESTIVO,16:00,42.0,80.87820368130429,30.0
3,2026-04-03,FESTIVO,07:00,1.0,25.065664935811753,27.8
3,2026-04-03,FESTIVO,07:30,28.0,46.29221108146483,40.4
3,2026-04-03,FESTIVO,08:30,25.0,156.90816542924554,28.625
3,2026-04-03,FESTIVO,09:00,17.0,127.13569007005803,43.42857142857143
3,2026-04-03,FESTIVO,09:30,17.0,185.25752244102634,26.4
3,2026-04-03,FESTIVO,10:30,35.0,128.97308149760707,29.125
3,2026-04-03,FESTIVO,11:00,14.0,72.73389214008131,27.0
3,2026-04-03,FESTIVO,11:30,24.0,28.189367187502583,40.375
3,2026-04-03,FESTIVO,12:30,27.0,38.62621939846565,36.666666666666664
3,2026-04-03,FESTIVO,14:00,24.0,55.02019478169625,27.5
3,2026-04-03,FESTIVO,15:00,28.0,23.999374029475774,43.5
3,2026-04-04,SABADO,04:00,25.0,31.738466320347584,38.2
3,2026-04-04,SABADO,04:30,86.0,70.27217907725509,110.38461538461539
3,2026-04-04,SABADO,05:00,64.0,95.41304792171655,162.44230769230768
3,2026-04-04,SABADO,05:30,98.0,100.83343926607262,171.73076923076923
3,2026-04-04,SABADO,06:00,100.0,103.04397385508955,211.78846153846155
3,2026-04-04,SABADO,06:30,67.0,82.33539471936105,182.82692307692307
3,2026-04-04,SABADO,07:00,73.0,80.72207633993007,139.0
3,2026-04-04,SABADO,07:30,42.0,68.57740333895057,120.67307692307692
3,2026-04-04,SABADO,08:00,107.0,61.286634950849205,118.25
3,2026-04-04,SABADO,08:30,32.0,64.61168915469902,110.61538461538461
3,2026-04-04,SABADO,09:00,85.0,35.44278369683141,95.11538461538461
3,2026-04-04,SABADO,09:30,97.0,64.17231071903147,97.71153846153847
3,2026-04-04,SABADO,10:00,31.0,33.57088518606332,96.46153846153847
3,2026-04-04,SABADO,10:30,36.0,55.53915590160992,91.28846153846153
3,2026-04-04,SABADO,11:00,44.0,47.14910334766401,100.41176470588235
3,2026-04-04,SABADO,11:30,70.0,56.1941070517704,90.88235294117646
3,2026-04-04,SABADO,12:00,31.0,34.14238421633709,90.98076923076923
3,2026-04-04,SABADO,12:30,62.0,64.35288738324934,81.20408163265306
3,2026-04-04,SABADO,13:30,41.0,55.586983990902596,67.7843137254902
3,2026-04-04,SABADO,14:00,27.0,52.921313739464765,74.22448979591837
3,2026-04-04,SABADO,14:30,64.0,53.01646199279212,65.81632653061224
3,2026-04-04,SABADO,15:00,30.0,33.46579083268416,74.19565217391305
3,2026-04-04,SABADO,15:30,72.0,86.77467994414715,69.29787234042553
3,2026-04-05,DOMINGO,07:00,15.0,32.544166469709054,30.175
3,2026-04-05,DOMINGO,07:30,32.0,26.158730665116423,34.645833333333336
3,2026-04-05,DOMINGO,08:00,33.0,31.319119200044966,40.869565217391305
3,2026-04-05,DOMINGO,08:30,22.0,32.63739044417294,40.19047619047619
3,2026-04-05,DOMINGO,09:30,30.0,28.682345776457893,34.04761904761905
3,2026-04-05,DOMINGO,10:30,34.0,39.404303703525244,38.83720930232558
3,2026-04-05,DOMINGO,11:30,36.0,42.03874929897468,37.34285714285714
3,2026-04-05,DOMINGO,12:00,21.0,34.50667338833759,38.68571428571428
3,2026-04-05,DOMINGO,14:00,31.0,37.15818048604969,30.771428571428572
3,2026-04-05,DOMINGO,14:30,28.0,39.70606228198456,37.371428571428574
3,2026-04-05,DOMINGO,15:00,17.0,28.07297209954224,36.333333333333336
3,2026-04-06,LABORAL,04:00,35.0,59.40371004802746,54.611111111111114
3,2026-04-06,LABORAL,04:30,118.0,171.28167882013562,165.5850622406639
3,2026-04-06,LABORAL,05:00,262.0,248.8501113884878,278.1942148760331
3,2026-04-06,LABORAL,05:30,251.0,173.06806347523178,280.6487603305785
3,2026-04-06,LABORAL,06:00,180.0,306.63479470887546,300.1694214876033
3,2026-04-06,LABORAL,06:30,304.0,228.8065987390932,227.71487603305786
3,2026-04-06,LABORAL,07:00,186.0,136.84631066115833,181.47107438016528
3,2026-04-06,LABORAL,07:30,141.0,166.3049192150604,163.3609958506224
3,2026-04-06,LABORAL,08:00,172.0,125.31394499354947,149.61764705882354
3,2026-04-06,LABORAL,08:30,117.0,133.5909154710291,149.0954356846473
3,2026-04-06,LABORAL,09:00,134.0,172.83375330738394,141.8423236514523
3,2026-04-06,LABORAL,09:30,137.0,137.70171979860598,126.68333333333334
3,2026-04-06,LABORAL,10:00,145.0,137.56827912566064,133.3
3,2026-04-06,LABORAL,10:30,70.0,84.49184989364575,121.0
3,2026-04-06,LABORAL,11:00,185.0,103.55573291881635,113.87136929460581
3,2026-04-06,LABORAL,11:30,101.0,122.59408418668258,132.13278008298755
3,2026-04-06,LABORAL,12:00,198.0,144.81903202777983,172.04545454545453
3,2026-04-06,LABORAL,12:30,179.0,158.79669106967933,143.20833333333334
3,2026-04-06,LABORAL,13:00,124.0,106.35099959415794,144.5850622406639
3,2026-04-06,LABORAL,13:30,175.0,135.35113527131105,139.1701244813278
3,2026-04-06,LABORAL,14:00,113.0,131.46157932552103,133.69294605809128
3,2026-04-06,LABORAL,14:30,150.0,147.99635125419115,149.25416666666666
3,2026-04-06,LABORAL,15:00,117.0,112.00441427963317,156.82157676348547
3,2026-04-06,LABORAL,15:30,110.0,103.9164108508131,150.55
3,2026-04-06,LABORAL,16:00,125.0,83.01284634889885,118.59493670886076
3,2026-04-06,LABORAL,16:30,119.0,46.58407959850902,89.71308016877637
3,2026-04-06,LABORAL,17:30,17.0,48.328728895283376,34.025
3,2026-04-07,LABORAL,04:00,45.0,46.9216267060532,54.343434343434346
3,2026-04-07,LABORAL,04:30,72.0,146.6305286880345,165.39834024896265
3,2026-04-07,LABORAL,05:00,361.0,259.34991588570676,278.099173553719
3,2026-04-07,LABORAL,05:30,270.0,248.7949743980875,280.1528925619835
3,2026-04-07,LABORAL,06:00,358.0,273.4358913989885,299.71487603305786
3,2026-04-07,LABORAL,06:30,182.0,219.46096172961688,227.80165289256198
3,2026-04-07,LABORAL,07:00,214.0,169.26674504023487,181.4297520661157
3,2026-04-07,LABORAL,07:30,200.0,154.55183444614633,162.94190871369295
3,2026-04-07,LABORAL,08:00,177.0,140.70632846495758,149.46218487394958
3,2026-04-07,LABORAL,08:30,130.0,147.13969733730076,148.8713692946058
3,2026-04-07,LABORAL,09:00,91.0,136.98981229281384,141.96265560165975
3,2026-04-07,LABORAL,09:30,144.0,118.03025395535315,126.65
3,2026-04-07,LABORAL,10:00,185.0,128.30961180856272,133.475
3,2026-04-07,LABORAL,10:30,96.0,118.25419070119781,120.34024896265561
3,2026-04-07,LABORAL,11:00,107.0,111.47986621390388,114.2116182572614
3,2026-04-07,LABORAL,11:30,183.0,128.3282717585729,132.2033195020747
3,2026-04-07,LABORAL,12:00,133.0,157.18470233834046,172.2396694214876
3,2026-04-07,LABORAL,12:30,194.0,128.2658589582801,143.12083333333334
3,2026-04-07,LABORAL,13:00,98.0,120.43333034218836,144.5186721991701
3,2026-04-07,LABORAL,13:30,150.0,115.92849589493035,139.30705394190872
3,2026-04-07,LABORAL,14:00,189.0,116.24566011698245,133.25726141078837
3,2026-04-07,LABORAL,14:30,168.0,136.53999463473434,149.39583333333334
3,2026-04-07,LABORAL,15:00,111.0,128.3811409423792,156.41908713692945
3,2026-04-07,LABORAL,15:30,174.0,127.12069956650917,150.3125
3,2026-04-07,LABORAL,16:00,111.0,86.11811649470903,118.28270042194093
3,2026-04-07,LABORAL,16:30,108.0,74.5702272206834,89.80590717299577
3,2026-04-08,LABORAL,04:00,88.0,51.019735894141036,54.313131313131315
3,2026-04-08,LABORAL,04:30,146.0,150.15859844108326,164.88381742738588
3,2026-04-08,LABORAL,05:00,229.0,259.2753824464339,278.56611570247935
3,2026-04-08,LABORAL,05:30,335.0,246.51099135947334,280.27685950413223
3,2026-04-08,LABORAL,06:00,278.0,265.72233200155574,299.5206611570248
3,2026-04-08,LABORAL,06:30,162.0,210.59156128450743,227.4793388429752
3,2026-04-08,LABORAL,07:00,154.0,170.97798817189744,181.4504132231405
3,2026-04-08,LABORAL,07:30,108.0,152.09137407097663,163.1825726141079
3,2026-04-08,LABORAL,08:00,168.0,141.6782997095701,149.18487394957984
3,2026-04-08,LABORAL,08:30,127.0,143.81104793615984,148.7219917012448
3,2026-04-08,LABORAL,09:00,147.0,133.88361825293947,141.64315352697096
3,2026-04-08,LABORAL,09:30,119.0,113.29993448925242,126.60416666666667
3,2026-04-08,LABORAL,10:00,126.0,125.37224770425557,133.4625
3,2026-04-08,LABORAL,10:30,155.0,110.53020620381862,120.21576763485477
3,2026-04-08,LABORAL,11:00,98.0,116.52517534839824,113.94190871369294
3,2026-04-08,LABORAL,11:30,121.0,134.33192236284125,132.4356846473029
3,2026-04-08,LABORAL,12:00,229.0,154.99243313318254,172.0495867768595
3,2026-04-08,LABORAL,12:30,98.0,134.1873571061634,143.19166666666666
3,2026-04-08,LABORAL,13:00,191.0,125.130126246263,144.3278008298755
3,2026-04-08,LABORAL,13:30,186.0,114.25856519274522,138.91701244813277
3,2026-04-08,LABORAL,14:00,91.0,121.0467605708082,133.3609958506224
3,2026-04-08,LABORAL,14:30,195.0,138.5957309474464,149.4625
3,2026-04-08,LABORAL,15:00,61.0,133.51412958175794,156.2033195020747
3,2026-04-08,LABORAL,15:30,106.0,129.18850886453646,150.29583333333332
3,2026-04-08,LABORAL,16:00,140.0,87.24154874462403,117.94092827004219
3,2026-04-08,LABORAL,16:30,55.0,68.8202283254465,89.8902953586498
3,2026-04-08,LABORAL,17:00,40.0,48.91717586564485,58.44927536231884
3,2026-04-09,LABORAL,04:00,77.0,44.12583405020911,54.32828282828283
3,2026-04-09,LABORAL,04:30,66.0,156.91431835798056,164.83402489626556
3,2026-04-09,LABORAL,05:00,348.0,263.76622971929106,278.25206611570246
3,2026-04-09,LABORAL,05:30,236.0,223.43056151577912,280.57851239669424
3,2026-04-09,LABORAL,06:00,306.0,292.74898063227755,299.6818181818182
3,2026-04-09,LABORAL,06:30,126.0,218.89243076969976,226.8595041322314
3,2026-04-09,LABORAL,07:00,183.0,169.14127705657955,181.4297520661157
3,2026-04-09,LABORAL,07:30,230.0,186.69269941143298,162.67634854771785
3,2026-04-09,LABORAL,08:00,90.0,144.04763042570517,149.1218487394958
3,2026-04-09,LABORAL,08:30,120.0,164.04138314123958,148.6721991701245
3,2026-04-09,LABORAL,09:00,139.0,136.10877982979187,141.57261410788382
3,2026-04-09,LABORAL,09:30,145.0,126.05989737917798,126.47083333333333
3,2026-04-09,LABORAL,10:00,170.0,117.4510414198027,133.50416666666666
3,2026-04-09,LABORAL,10:30,38.0,110.62360301010628,120.53941908713693
3,2026-04-09,LABORAL,11:00,172.0,115.93485627346976,113.61410788381743
3,2026-04-09,LABORAL,11:30,78.0,129.31894085329301,132.29045643153526
3,2026-04-09,LABORAL,12:00,159.0,168.4746471427717,172.26859504132233
3,2026-04-09,LABORAL,12:30,43.0,165.8379641959936,142.97083333333333
3,2026-04-09,LABORAL,13:00,169.0,142.98557913155264,144.63485477178423
3,2026-04-09,LABORAL,13:30,141.0,132.12179849324366,138.8921161825726
3,2026-04-09,LABORAL,14:00,81.0,129.20749608704057,133.46473029045643
3,2026-04-09,LABORAL,14:30,162.0,157.3420580209334,149.5375
3,2026-04-09,LABORAL,15:00,126.0,157.5164735986418,155.8091286307054
3,2026-04-09,LABORAL,15:30,144.0,135.0059473450854,150.00416666666666
3,2026-04-09,LABORAL,16:00,93.0,90.49540471251083,117.73417721518987
3,2026-04-09,LABORAL,16:30,78.0,61.62773593367234,89.71729957805907
3,2026-04-09,LABORAL,17:00,41.0,55.993443234345804,58.36057692307692
3,2026-04-10,LABORAL,04:00,93.0,42.17937613007925,54.45454545454545
3,2026-04-10,LABORAL,04:30,50.0,108.02815999959739,164.13692946058092
3,2026-04-10,LABORAL,05:00,298.0,159.8927707569077,278.71487603305786
3,2026-04-10,LABORAL,05:30,229.0,149.50436527331436,280.202479338843
3,2026-04-10,LABORAL,06:00,416.0,157.73582544358996,299.504132231405
3,2026-04-10,LABORAL,06:30,134.0,135.26420422768982,226.17768595041323
3,2026-04-10,LABORAL,07:00,192.0,116.37463607274783,181.43388429752065
3,2026-04-10,LABORAL,07:30,153.0,115.92365889664705,162.7344398340249
3,2026-04-10,LABORAL,08:00,186.0,100.33214446267624,148.99579831932772
3,2026-04-10,LABORAL,08:30,170.0,102.99691811541723,148.22821576763485
3,2026-04-10,LABORAL,09:00,142.0,109.79249736448696,141.7759336099585
3,2026-04-10,LABORAL,09:30,78.0,92.69499377717673,126.51666666666667
3,2026-04-10,LABORAL,10:00,122.0,93.980653335126,133.5875
3,2026-04-10,LABORAL,10:30,141.0,80.3791525903637,120.13278008298755
3,2026-04-10,LABORAL,11:00,110.0,90.14899421858226,113.9253112033195
3,2026-04-10,LABORAL,11:30,94.0,95.07328534998518,131.850622406639
3,2026-04-10,LABORAL,12:00,198.0,108.0191255527039,172.1694214876033
3,2026-04-10,LABORAL,12:30,109.0,100.68496849636986,142.69166666666666
3,2026-04-10,LABORAL,13:00,135.0,90.44054113421569,144.82157676348547
3,2026-04-10,LABORAL,13:30,178.0,83.37262298921218,138.16597510373444
3,2026-04-10,LABORAL,14:00,137.0,103.09254461647451,133.448132780083
3,2026-04-10,LABORAL,14:30,191.0,97.62205069705318,149.64166666666668
3,2026-04-10,LABORAL,15:00,83.0,98.06115485387974,155.746887966805
3,2026-04-10,LABORAL,15:30,61.0,74.88350085565432,149.98333333333332
3,2026-04-10,LABORAL,16:00,37.0,59.37288053568378,117.41772151898734
3,2026-04-10,LABORAL,16:30,68.0,48.95246630712484,89.37974683544304
3,2026-04-10,LABORAL,17:00,57.0,41.87582795685891,58.37980769230769
3,2026-04-11,SABADO,04:00,30.0,38.70617203311073,37.85
3,2026-04-11,SABADO,04:30,71.0,103.41261140416557,109.13461538461539
3,2026-04-11,SABADO,05:00,232.0,163.3850893287227,160.46153846153845
3,2026-04-11,SABADO,05:30,148.0,155.70532532888325,169.3846153846154
3,2026-04-11,SABADO,06:00,161.0,190.0988663698375,209.5
3,2026-04-11,SABADO,06:30,201.0,157.80173318959567,180.6153846153846
3,2026-04-11,SABADO,07:00,141.0,123.88745468942345,137.80769230769232
3,2026-04-11,SABADO,07:30,119.0,120.86990120809995,118.36538461538461
3,2026-04-11,SABADO,08:00,76.0,109.84231268874314,118.3076923076923
3,2026-04-11,SABADO,08:30,134.0,110.28083572624156,108.46153846153847
3,2026-04-11,SABADO,09:00,77.0,97.68812656161082,94.0
3,2026-04-11,SABADO,09:30,89.0,91.26486603148354,97.84615384615384
3,2026-04-11,SABADO,10:00,75.0,85.8335463250952,94.67307692307692
3,2026-04-11,SABADO,10:30,121.0,90.42769261271079,90.96153846153847
3,2026-04-11,SABADO,11:00,101.0,95.96250069947604,97.07843137254902
3,2026-04-11,SABADO,11:30,45.0,87.14034539237306,90.37254901960785
3,2026-04-11,SABADO,12:00,87.0,81.56890811175025,89.01923076923077
3,2026-04-11,SABADO,12:30,109.0,80.03621170182808,80.40816326530613
3,2026-04-11,SABADO,13:00,25.0,77.99170847303684,74.77083333333333
3,2026-04-11,SABADO,13:30,40.0,64.8095756271258,66.84313725490196
3,2026-04-11,SABADO,14:00,82.0,75.08176176131579,73.71428571428571
3,2026-04-11,SABADO,15:00,142.0,67.98117394848968,72.56521739130434
3,2026-04-11,SABADO,16:00,18.0,61.54131058466835,54.30232558139535
3,2026-04-11,SABADO,16:30,29.0,50.02505694643774,47.3125
3,2026-04-12,DOMINGO,08:00,34.0,41.73517130417615,40.41304347826087
3,2026-04-12,DOMINGO,08:30,24.0,89.77487780473267,39.333333333333336
3,2026-04-12,DOMINGO,09:30,32.0,189.1593463359003,34.095238095238095
3,2026-04-12,DOMINGO,10:00,38.0,183.29836575695458,41.52272727272727
3,2026-04-12,DOMINGO,11:00,25.0,228.7758639734143,36.5
3,2026-04-12,DOMINGO,12:00,28.0,179.08085714956422,37.34285714285714
3,2026-04-12,DOMINGO,13:00,21.0,116.48716884589095,31.605263157894736
3,2026-04-12,DOMINGO,14:00,25.0,86.98180445262336,31.085714285714285
3,2026-04-13,LABORAL,04:00,81.0,47.54417254833771,54.666666666666664
3,2026-04-13,LABORAL,04:30,93.0,147.95285599288778,163.6390041493776
3,2026-04-13,LABORAL,05:00,270.0,248.13537283485087,278.8471074380165
3,2026-04-13,LABORAL,05:30,294.0,241.51148542158217,279.46280991735534
3,2026-04-13,LABORAL,06:00,206.0,237.67868827246883,299.995867768595
3,2026-04-13,LABORAL,06:30,291.0,205.91088600166688,225.70247933884298
3,2026-04-13,LABORAL,07:00,188.0,169.43952048269725,181.77685950413223
3,2026-04-13,LABORAL,07:30,144.0,161.96089915596417,162.41078838174275
3,2026-04-13,LABORAL,08:00,111.0,142.92606522398555,149.19747899159663
3,2026-04-13,LABORAL,08:30,55.0,141.99270821306217,148.52282157676348
3,2026-04-13,LABORAL,09:00,66.0,142.44803001044994,141.90041493775934
3,2026-04-13,LABORAL,09:30,25.0,129.249232230806,126.17916666666666
3,2026-04-13,LABORAL,10:00,114.0,132.8892960309965,133.59583333333333
3,2026-04-13,LABORAL,10:30,178.0,122.83214640354916,120.20331950207469
3,2026-04-13,LABORAL,11:00,48.0,106.70488171896952,113.81742738589212
3,2026-04-13,LABORAL,11:30,150.0,126.81921903041176,131.6597510373444
3,2026-04-13,LABORAL,12:00,126.0,154.83502281552944,172.06198347107437
3,2026-04-13,LABORAL,12:30,147.0,139.0421921517182,142.4
3,2026-04-13,LABORAL,13:00,194.0,138.99138896715516,144.94605809128632
3,2026-04-13,LABORAL,13:30,70.0,146.41801697729178,138.2655601659751
3,2026-04-13,LABORAL,14:00,121.0,138.0755039478719,133.09128630705393
3,2026-04-13,LABORAL,14:30,121.0,152.30335827008926,149.575
3,2026-04-13,LABORAL,15:00,134.0,146.19218481103204,155.36929460580913
3,2026-04-13,LABORAL,15:30,118.0,143.3888080481516,149.74166666666667
3,2026-04-13,LABORAL,16:00,105.0,113.31372641688536,116.61603375527426
3,2026-04-13,LABORAL,16:30,41.0,85.75230512436741,89.17721518987342
3,2026-04-13,LABORAL,17:00,48.0,52.48610817180737,58.25961538461539
3,2026-04-14,LABORAL,04:00,50.0,49.58941251914834,54.803030303030305
3,2026-04-14,LABORAL,04:30,113.0,154.17360726258235,163.22821576763485
3,2026-04-14,LABORAL,05:00,362.0,261.7594331229442,279.23553719008265
3,2026-04-14,LABORAL,05:30,148.0,253.0317859549101,279.504132231405
3,2026-04-14,LABORAL,06:00,316.0,257.7868644020782,299.5082644628099
3,2026-04-14,LABORAL,06:30,252.0,208.8761222048505,225.95454545454547
3,2026-04-14,LABORAL,07:00,162.0,172.58787757569124,181.84297520661158
3,2026-04-14,LABORAL,07:30,163.0,166.65208149785713,162.2655601659751
3,2026-04-14,LABORAL,08:00,165.0,148.7541747125829,149.02100840336135
3,2026-04-14,LABORAL,08:30,139.0,154.96996547487842,148.13278008298755
3,2026-04-14,LABORAL,09:00,105.0,146.05663777899176,141.5186721991701
3,2026-04-14,LABORAL,09:30,134.0,124.32247229153657,125.90416666666667
3,2026-04-14,LABORAL,10:00,194.0,133.92023105435268,133.50416666666666
3,2026-04-14,LABORAL,10:30,62.0,114.45072615206625,120.30705394190872
3,2026-04-14,LABORAL,11:00,141.0,110.91301509686689,113.62240663900415
3,2026-04-14,LABORAL,11:30,145.0,134.01615200740974,131.70539419087137
3,2026-04-14,LABORAL,12:00,188.0,159.56889999620444,171.67355371900825
3,2026-04-14,LABORAL,12:30,141.0,139.0180808405497,142.57916666666668
3,2026-04-14,LABORAL,13:00,89.0,136.01117504242353,144.9668049792531
3,2026-04-14,LABORAL,13:30,188.0,145.07897175992383,138.17842323651453
3,2026-04-14,LABORAL,14:00,39.0,143.07358611894261,133.09128630705393
3,2026-04-14,LABORAL,14:30,142.0,153.6123899377396,149.45416666666668
3,2026-04-14,LABORAL,15:00,105.0,152.74960921676106,155.35269709543567
3,2026-04-14,LABORAL,15:30,163.0,143.3443503992891,149.3125
3,2026-04-14,LABORAL,16:00,87.0,106.8744846387706,116.59071729957806
3,2026-04-14,LABORAL,16:30,83.0,79.1430169961931,88.9873417721519
3,2026-04-14,LABORAL,17:00,36.0,50.085230247932344,58.10096153846154
3,2026-04-14,LABORAL,17:30,10.0,21.86238901722669,33.87931034482759
3,2026-04-15,LABORAL,04:00,53.0,49.498631907938375,54.72727272727273
3,2026-04-15,LABORAL,04:30,128.0,150.9039344160239,162.97095435684648
3,2026-04-15,LABORAL,05:00,321.0,264.44198233979694,279.78512396694214
3,2026-04-15,LABORAL,05:30,297.0,257.11297426182284,278.93388429752065
3,2026-04-15,LABORAL,06:00,180.0,265.7122396127303,299.54545454545456
3,2026-04-15,LABORAL,06:30,204.0,204.0369348835988,226.1404958677686
3,2026-04-15,LABORAL,07:00,162.0,168.9918977757966,181.67355371900825
3,2026-04-15,LABORAL,07:30,186.0,163.4275702853984,162.1701244813278
3,2026-04-15,LABORAL,08:00,171.0,146.54682262429574,149.07563025210084
3,2026-04-15,LABORAL,08:30,175.0,151.33253722975076,148.04979253112035
3,2026-04-15,LABORAL,09:00,140.0,141.6189999952246,141.33195020746888
3,2026-04-15,LABORAL,09:30,146.0,117.8795142776837,125.90833333333333
3,2026-04-15,LABORAL,10:00,87.0,132.5471686123387,133.775
3,2026-04-15,LABORAL,10:30,62.0,109.07312334397601,120.15767634854772
3,2026-04-15,LABORAL,11:00,67.0,113.32787877145063,113.68879668049793
3,2026-04-15,LABORAL,11:30,124.0,134.3405855203836,131.76763485477179
3,2026-04-15,LABORAL,12:00,158.0,157.37975560430075,171.9090909090909
3,2026-04-15,LABORAL,12:30,119.0,135.96629078021581,142.63333333333333
3,2026-04-15,LABORAL,13:00,90.0,130.8694929489275,144.79253112033194
3,2026-04-15,LABORAL,13:30,148.0,137.5294968831427,138.448132780083
3,2026-04-15,LABORAL,14:00,131.0,141.1753341097297,132.63485477178423
3,2026-04-15,LABORAL,14:30,146.0,149.13717711606975,149.49583333333334
3,2026-04-15,LABORAL,15:00,103.0,148.2400730549585,155.3278008298755
3,2026-04-15,LABORAL,15:30,54.0,136.77242470885477,149.3125
3,2026-04-15,LABORAL,16:00,100.0,102.98035543761716,116.51054852320675
3,2026-04-15,LABORAL,16:30,56.0,73.70914741983646,89.0886075949367
3,2026-04-15,LABORAL,17:00,28.0,48.627462576965655,57.85576923076923
3,2026-04-16,LABORAL,04:00,51.0,50.813549694931226,54.75757575757576
3,2026-04-16,LABORAL,04:30,122.0,140.41112276516057,162.75933609958506
3,2026-04-16,LABORAL,05:00,310.0,255.95470504663194,280.1900826446281
3,2026-04-16,LABORAL,05:30,197.0,250.01193037806178,279.1280991735537
3,2026-04-16,LABORAL,06:00,258.0,265.6780039369178,299.1570247933884
3,2026-04-16,LABORAL,06:30,213.0,195.0145158535783,226.15289256198346
3,2026-04-16,LABORAL,07:00,209.0,159.31750877242334,181.54132231404958
3,2026-04-16,LABORAL,07:30,136.0,151.27488458086972,162.30705394190872
3,2026-04-16,LABORAL,08:00,78.0,137.0704803104602,149.1638655462185
3,2026-04-16,LABORAL,08:30,115.0,135.59829190889312,147.90041493775934
3,2026-04-16,LABORAL,09:00,138.0,127.87221339345626,141.30290456431536
3,2026-04-16,LABORAL,09:30,84.0,108.81535797070232,126.05416666666666
3,2026-04-16,LABORAL,10:00,149.0,122.79118411868083,133.67916666666667
3,2026-04-16,LABORAL,10:30,75.0,110.25464434407087,119.92116182572614
3,2026-04-16,LABORAL,11:00,73.0,110.92593509684205,113.76763485477179
3,2026-04-16,LABORAL,11:30,170.0,127.44614545726914,131.56846473029046
3,2026-04-16,LABORAL,12:00,159.0,147.34408879351736,171.8595041322314
3,2026-04-16,LABORAL,12:30,98.0,129.9241890031049,143.12083333333334
3,2026-04-16,LABORAL,13:00,146.0,124.66842034725886,144.51452282157678
3,2026-04-16,LABORAL,13:30,140.0,123.32178637056921,138.41908713692945
3,2026-04-16,LABORAL,14:00,26.0,131.9399494622099,132.7136929460581
3,2026-04-16,LABORAL,14:30,100.0,136.08718608862387,149.50416666666666
3,2026-04-16,LABORAL,15:00,171.0,136.06929563056153,155.30290456431536
3,2026-04-16,LABORAL,15:30,109.0,122.9711561682865,148.9
3,2026-04-16,LABORAL,16:00,91.0,98.16050144523678,116.45147679324894
3,2026-04-16,LABORAL,16:30,53.0,70.68087289047409,88.88607594936708
3,2026-04-16,LABORAL,17:00,49.0,48.86885126713504,57.66826923076923
3,2026-04-17,LABORAL,04:00,51.0,49.22256528204977,54.73869346733668
3,2026-04-17,LABORAL,04:30,175.0,127.36601642442749,162.5909090909091
3,2026-04-17,LABORAL,05:00,273.0,247.23844678544063,280.3127572016461
3,2026-04-17,LABORAL,05:30,179.0,241.68994034416625,278.7901234567901
3,2026-04-17,LABORAL,06:00,288.0,264.24147667112214,298.98765432098764
3,2026-04-17,LABORAL,06:30,291.0,190.26631731960578,226.09876543209876
3,2026-04-17,LABORAL,07:00,120.0,149.01945737928696,181.65432098765433
3,2026-04-17,LABORAL,07:30,111.0,136.14653712514178,162.19834710743802
3,2026-04-17,LABORAL,08:00,143.0,127.77681804747337,148.86610878661088
3,2026-04-17,LABORAL,08:30,187.0,117.0266720224073,147.76446280991735
3,2026-04-17,LABORAL,09:00,111.0,111.06560804623362,141.28925619834712
3,2026-04-17,LABORAL,09:30,136.0,100.9900752953214,125.87966804979253
3,2026-04-17,LABORAL,10:00,139.0,110.7522152014736,133.74273858921163
3,2026-04-17,LABORAL,10:30,76.0,113.17735399745575,119.73553719008264
3,2026-04-17,LABORAL,11:00,105.0,105.23439173663822,113.59917355371901
3,2026-04-17,LABORAL,11:30,204.0,118.41010833928972,131.72727272727272
3,2026-04-17,LABORAL,12:00,196.0,135.00844084237832,171.80658436213992
3,2026-04-17,LABORAL,12:30,96.0,124.15749338704208,142.93360995850622
3,2026-04-17,LABORAL,13:00,114.0,117.03519942121798,144.5206611570248
3,2026-04-17,LABORAL,13:30,162.0,107.91468697756306,138.42561983471074
3,2026-04-17,LABORAL,14:30,106.0,118.74236831298734,149.298755186722
3,2026-04-17,LABORAL,15:00,166.0,121.12156094070839,155.36776859504133
3,2026-04-17,LABORAL,15:30,98.0,122.34996348223791,148.7344398340249
3,2026-04-17,LABORAL,16:00,107.0,111.93420985628092,116.34453781512605
3,2026-04-17,LABORAL,16:30,80.0,93.29629822772739,88.73529411764706
3,2026-04-17,LABORAL,17:00,56.0,71.12522251840821,57.6267942583732
3,2026-04-18,SABADO,04:00,36.0,38.492899047494944,37.675
3,2026-04-18,SABADO,04:30,99.0,100.33284316211333,108.13461538461539
3,2026-04-18,SABADO,05:00,163.0,165.48733624693386,160.6153846153846
3,2026-04-18,SABADO,05:30,123.0,155.98838704643313,168.26923076923077
3,2026-04-18,SABADO,06:00,222.0,178.04256218417996,208.25
3,2026-04-18,SABADO,06:30,96.0,151.64177924473256,181.84615384615384
3,2026-04-18,SABADO,07:00,123.0,127.03364167635294,137.78846153846155
3,2026-04-18,SABADO,07:30,117.0,120.37359227202705,117.78846153846153
3,2026-04-18,SABADO,08:00,107.0,112.77633871615804,117.42307692307692
3,2026-04-18,SABADO,08:30,118.0,107.34873415668096,109.38461538461539
3,2026-04-18,SABADO,09:00,90.0,95.0474941210552,92.76923076923077
3,2026-04-18,SABADO,09:30,53.0,86.75540082523607,96.96153846153847
3,2026-04-18,SABADO,10:00,50.0,85.49471227985683,94.4423076923077
3,2026-04-18,SABADO,10:30,64.0,90.15118500165534,90.65384615384616
3,2026-04-18,SABADO,11:00,47.0,90.89786861651021,97.50980392156863
3,2026-04-18,SABADO,11:30,125.0,93.312774146245,88.98039215686275
3,2026-04-18,SABADO,12:00,83.0,81.28246945882911,89.84615384615384
3,2026-04-18,SABADO,12:30,46.0,79.6000335145047,80.87755102040816
3,2026-04-18,SABADO,13:00,68.0,80.44211336199315,74.39583333333333
3,2026-04-18,SABADO,13:30,26.0,62.436321031712126,65.33333333333333
3,2026-04-18,SABADO,14:00,98.0,73.11103870868331,73.14285714285714
3,2026-04-18,SABADO,14:30,29.0,66.03004155979248,65.20833333333333
3,2026-04-18,SABADO,15:00,35.0,58.57555281230789,74.8913043478261
3,2026-04-18,SABADO,15:30,42.0,49.42251059100235,68.56521739130434
3,2026-04-18,SABADO,16:00,39.0,37.279019089352474,52.23255813953488
3,2026-04-19,DOMINGO,07:00,26.0,36.04426800192718,29.804878048780488
3,2026-04-19,DOMINGO,07:30,51.0,34.965084014249896,33.765957446808514
3,2026-04-19,DOMINGO,08:00,47.0,45.403326539254394,39.76086956521739
3,2026-04-19,DOMINGO,09:00,45.0,43.87026581728519,34.611111111111114
3,2026-04-19,DOMINGO,09:30,36.0,39.55103026092266,34.38095238095238
3,2026-04-19,DOMINGO,11:30,27.0,42.82760743251386,36.55882352941177
3,2026-04-19,DOMINGO,12:00,23.0,43.9363624007256,37.22857142857143
3,2026-04-19,DOMINGO,13:00,24.0,37.623142529359484,31.473684210526315
3,2026-04-19,DOMINGO,14:00,22.0,38.75892275426679,30.916666666666668
3,2026-04-19,DOMINGO,14:30,25.0,41.795934399525606,36.8235294117647
3,2026-04-19,DOMINGO,15:30,22.0,30.54190729143606,33.68
3,2026-04-20,LABORAL,04:00,57.0,43.87978506143388,54.72
3,2026-04-20,LABORAL,04:30,82.0,132.44891942202278,162.64197530864197
3,2026-04-20,LABORAL,05:00,294.0,212.90032676061915,280.2827868852459
3,2026-04-20,LABORAL,05:30,278.0,198.34679873248237,278.3811475409836
3,2026-04-20,LABORAL,06:00,271.0,211.03428158825727,298.94262295081967
3,2026-04-20,LABORAL,06:30,261.0,185.6325944441108,226.36475409836066
3,2026-04-20,LABORAL,07:00,86.0,160.45769819536315,181.4016393442623
3,2026-04-20,LABORAL,07:30,107.0,132.20266365324395,161.98765432098764
3,2026-04-20,LABORAL,08:00,121.0,118.29779304004047,148.84166666666667
3,2026-04-20,LABORAL,08:30,84.0,119.14953639810174,147.92592592592592
3,2026-04-20,LABORAL,09:00,139.0,128.25781791015956,141.16460905349794
3,2026-04-20,LABORAL,09:30,84.0,119.08722828026622,125.92148760330579
3,2026-04-20,LABORAL,10:00,127.0,118.50876391573533,133.76446280991735
3,2026-04-20,LABORAL,10:30,60.0,98.28034888945083,119.55555555555556
3,2026-04-20,LABORAL,11:00,177.0,86.52780025841595,113.56378600823045
3,2026-04-20,LABORAL,11:30,93.0,112.74507219798717,132.02469135802468
3,2026-04-20,LABORAL,12:00,147.0,145.2914853971264,171.90573770491804
3,2026-04-20,LABORAL,12:30,140.0,114.16913685046909,142.7396694214876
3,2026-04-20,LABORAL,13:00,133.0,104.63066460145401,144.39506172839506
3,2026-04-20,LABORAL,13:30,185.0,105.91918047494931,138.52263374485597
3,2026-04-20,LABORAL,14:00,147.0,97.07497661051067,132.27272727272728
3,2026-04-20,LABORAL,14:30,106.0,125.98776614539818,149.1198347107438
3,2026-04-20,LABORAL,15:00,110.0,123.1375170892336,155.41152263374485
3,2026-04-20,LABORAL,15:30,118.0,122.90172316024697,148.52479338842974
3,2026-04-20,LABORAL,16:00,138.0,90.1379193004328,116.30543933054393
3,2026-04-20,LABORAL,16:30,43.0,85.1441059994851,88.69874476987448
3,2026-04-20,LABORAL,17:00,80.0,59.42216751265447,57.61904761904762
3,2026-04-21,LABORAL,04:00,49.0,48.1694500668867,54.735
3,2026-04-21,LABORAL,04:30,182.0,158.40860787872063,162.0576131687243
3,2026-04-21,LABORAL,05:00,297.0,280.73568879689424,280.0532786885246
3,2026-04-21,LABORAL,05:30,350.0,272.97274915000617,278.405737704918
3,2026-04-21,LABORAL,06:00,273.0,282.48278667407163,299.12295081967216
3,2026-04-21,LABORAL,06:30,204.0,223.8539525327493,226.53688524590163
3,2026-04-21,LABORAL,07:00,171.0,178.67474932443685,181.0983606557377
3,2026-04-21,LABORAL,07:30,190.0,150.94520760918502,161.320987654321
3,2026-04-21,LABORAL,08:00,108.0,138.3638547388161,148.47916666666666
3,2026-04-21,LABORAL,08:30,167.0,139.77402594935063,147.76543209876544
3,2026-04-21,LABORAL,09:00,104.0,139.02660721811475,141.10699588477365
3,2026-04-21,LABORAL,09:30,65.0,121.76452476464068,125.62396694214875
3,2026-04-21,LABORAL,10:00,131.0,128.8369091268363,133.6900826446281
3,2026-04-21,LABORAL,10:30,154.0,117.78537387507464,119.10288065843622
3,2026-04-21,LABORAL,11:00,90.0,109.28786966285162,113.93004115226337
3,2026-04-21,LABORAL,11:30,135.0,135.92339167148143,132.06995884773661
3,2026-04-21,LABORAL,12:00,190.0,162.11685163666044,171.45081967213116
3,2026-04-21,LABORAL,12:30,73.0,138.20828616531685,143.21487603305786
3,2026-04-21,LABORAL,13:00,145.0,134.55549888588698,143.8641975308642
3,2026-04-21,LABORAL,13:30,199.0,129.90804825693047,138.54320987654322
3,2026-04-21,LABORAL,14:00,108.0,127.11805223908122,132.1487603305785
3,2026-04-21,LABORAL,14:30,101.0,152.76242529531643,148.54545454545453
3,2026-04-21,LABORAL,15:00,119.0,145.56827154934138,155.4814814814815
3,2026-04-21,LABORAL,15:30,204.0,140.745301442285,147.95867768595042
3,2026-04-21,LABORAL,16:00,131.0,104.66699855155122,116.61924686192468
3,2026-04-21,LABORAL,16:30,34.0,79.6302756132893,88.32635983263599
3,2026-04-21,LABORAL,18:00,20.0,43.33869744297324,18.47826086956522
3,2026-04-22,LABORAL,04:00,42.0,51.78444400101094,54.68
3,2026-04-22,LABORAL,04:30,121.0,155.5540434486183,161.8724279835391
3,2026-04-22,LABORAL,05:00,295.0,272.62863329753384,280.11475409836066
3,2026-04-22,LABORAL,05:30,188.0,262.3204668360013,278.6106557377049
3,2026-04-22,LABORAL,06:00,525.0,271.5837848507206,298.9344262295082
3,2026-04-22,LABORAL,06:30,146.0,215.1418588385301,226.3360655737705
3,2026-04-22,LABORAL,07:00,154.0,176.82745579087242,181.077868852459
3,2026-04-22,LABORAL,07:30,158.0,157.61659107769597,161.47325102880657
3,2026-04-22,LABORAL,08:00,84.0,143.09316520941675,148.21666666666667
3,2026-04-22,LABORAL,08:30,111.0,142.55158296038616,147.44444444444446
3,2026-04-22,LABORAL,09:00,127.0,135.08384154557595,140.99588477366254
3,2026-04-22,LABORAL,09:30,137.0,117.03560426287667,125.29752066115702
3,2026-04-22,LABORAL,10:00,95.0,128.79764388152705,133.46280991735537
3,2026-04-22,LABORAL,10:30,114.0,112.79427635974334,119.08641975308642
3,2026-04-22,LABORAL,11:00,113.0,116.03224856606295,113.82304526748972
3,2026-04-22,LABORAL,11:30,105.0,138.76910617237994,131.96296296296296
3,2026-04-22,LABORAL,12:00,167.0,156.37127682596096,171.58196721311475
3,2026-04-22,LABORAL,12:30,124.0,134.54580027977346,142.62809917355372
3,2026-04-22,LABORAL,13:00,63.0,130.81152126299077,143.93415637860082
3,2026-04-22,LABORAL,13:30,149.0,122.40522995687935,138.68312757201647
3,2026-04-22,LABORAL,14:00,43.0,125.62990779402087,131.9504132231405
3,2026-04-22,LABORAL,14:30,43.0,143.8903048161771,148.51239669421489
3,2026-04-22,LABORAL,15:00,78.0,137.75382461900253,155.2633744855967
3,2026-04-22,LABORAL,15:30,107.0,132.48834169907647,148.03719008264463
3,2026-04-22,LABORAL,16:00,124.0,95.93375437081502,116.44769874476988
3,2026-04-22,LABORAL,16:30,55.0,72.67877950005109,88.25941422594143
3,2026-04-22,LABORAL,17:00,47.0,45.47960855330757,57.866028708133975
3,2026-04-23,LABORAL,04:00,43.0,52.91229292561923,54.645
3,2026-04-23,LABORAL,04:30,119.0,146.94794934460398,161.39506172839506
3,2026-04-23,LABORAL,05:00,288.0,254.6109283541752,279.9016393442623
3,2026-04-23,LABORAL,05:30,248.0,243.298331440359,278.1188524590164
3,2026-04-23,LABORAL,06:00,152.0,256.40809599698997,299.8155737704918
3,2026-04-23,LABORAL,06:30,214.0,195.09163941083267,225.97131147540983
3,2026-04-23,LABORAL,07:00,175.0,168.2838542273076,181.09426229508196
3,2026-04-23,LABORAL,07:30,169.0,152.46593706040858,161.47736625514403
3,2026-04-23,LABORAL,08:00,119.0,140.39711642009937,147.53333333333333
3,2026-04-23,LABORAL,08:30,187.0,139.3465978527071,147.2962962962963
3,2026-04-23,LABORAL,09:00,137.0,131.81742091575876,140.8724279835391
3,2026-04-23,LABORAL,09:30,109.0,113.16835029100875,125.47520661157024
3,2026-04-23,LABORAL,10:00,93.0,121.07853288367838,133.26446280991735
3,2026-04-23,LABORAL,10:30,120.0,108.02483347117465,118.97119341563786
3,2026-04-23,LABORAL,11:00,82.0,115.92296348433382,113.77366255144032
3,2026-04-23,LABORAL,11:30,73.0,133.06768895867157,131.72427983539094
3,2026-04-23,LABORAL,12:00,151.0,146.23527687850105,171.56147540983608
3,2026-04-23,LABORAL,12:30,140.0,124.79883815955732,142.4297520661157
3,2026-04-23,LABORAL,13:00,104.0,123.14066055995553,143.66255144032922
3,2026-04-23,LABORAL,14:00,50.0,111.86472295235859,131.80578512396696
3,2026-04-23,LABORAL,15:00,59.0,127.3868121032755,155.20987654320987
3,2026-04-23,LABORAL,17:00,32.0,129.60781537105404,57.78947368421053
3,2026-04-24,LABORAL,04:00,45.0,52.654423599278886,54.6
3,2026-04-24,LABORAL,04:30,118.0,138.6374088823716,161.2798353909465
3,2026-04-24,LABORAL,05:00,248.0,237.78303777701754,279.6639344262295
3,2026-04-24,LABORAL,05:30,285.0,226.65839602952985,278.2745901639344
3,2026-04-24,LABORAL,06:00,202.0,242.71463775337372,299.0
3,2026-04-24,LABORAL,06:30,320.0,190.19283949604255,226.11885245901638
3,2026-04-24,LABORAL,07:00,52.0,161.81850857284365,181.3155737704918
3,2026-04-24,LABORAL,07:30,171.0,144.70136167776457,161.3744855967078
3,2026-04-24,LABORAL,08:00,148.0,135.28056711037408,147.36666666666667
3,2026-04-24,LABORAL,08:30,150.0,130.96021647459168,147.34567901234567
3,2026-04-24,LABORAL,09:00,84.0,124.59769482492955,140.82716049382717
3,2026-04-24,LABORAL,09:30,78.0,111.74681346326486,125.28099173553719
3,2026-04-24,LABORAL,10:00,145.0,112.87095332740634,133.40495867768595
3,2026-04-24,LABORAL,10:30,92.0,106.57983217752688,118.91358024691358
3,2026-04-24,LABORAL,11:00,59.0,112.98641537574228,113.68312757201646
3,2026-04-24,LABORAL,11:30,126.0,119.84007448802605,131.67078189300412
3,2026-04-24,LABORAL,12:00,190.0,129.72904600782863,171.23360655737704
3,2026-04-24,LABORAL,12:30,116.0,113.66023646207907,142.3305785123967
3,2026-04-24,LABORAL,13:00,120.0,119.73971935490422,143.65432098765433
3,2026-04-24,LABORAL,13:30,144.0,101.57758146988307,138.3388429752066
3,2026-04-24,LABORAL,14:30,30.0,113.09000992274537,147.87966804979254
3,2026-04-24,LABORAL,15:00,175.0,111.00678275902685,154.69958847736626
3,2026-04-24,LABORAL,15:30,49.0,107.39452464451074,147.37759336099586
3,2026-04-24,LABORAL,16:00,59.0,96.4684864517898,116.61344537815125
3,2026-04-24,LABORAL,16:30,71.0,74.92886803700254,88.13025210084034
3,2026-04-25,SABADO,04:00,32.0,35.09149918721228,37.95
3,2026-04-25,SABADO,04:30,105.0,96.56036700354491,108.73076923076923
3,2026-04-25,SABADO,05:00,176.0,164.4093720566106,161.90384615384616
3,2026-04-25,SABADO,05:30,122.0,154.5860293631062,169.44230769230768
3,2026-04-25,SABADO,06:00,210.0,181.36533956119735,210.19230769230768
3,2026-04-25,SABADO,06:30,208.0,141.09785168765922,181.75
3,2026-04-25,SABADO,07:00,93.0,118.15285401854334,138.07692307692307
3,2026-04-25,SABADO,07:30,136.0,109.67832368942484,118.40384615384616
3,2026-04-25,SABADO,08:00,148.0,106.23717373219966,118.3076923076923
3,2026-04-25,SABADO,08:30,61.0,98.80981465789245,110.38461538461539
3,2026-04-25,SABADO,09:00,116.0,92.21503636452348,93.61538461538461
3,2026-04-25,SABADO,09:30,49.0,83.9019432223561,96.59615384615384
3,2026-04-25,SABADO,10:00,101.0,74.26719146260388,94.13461538461539
3,2026-04-25,SABADO,10:30,95.0,79.29154511053942,91.1923076923077
3,2026-04-25,SABADO,11:00,85.0,78.97085039387409,97.96078431372548
3,2026-04-25,SABADO,11:30,82.0,88.41932423166766,90.84313725490196
3,2026-04-25,SABADO,12:00,29.0,84.67933131134171,91.0
3,2026-04-25,SABADO,12:30,76.0,76.82640795683446,80.10204081632654
3,2026-04-25,SABADO,13:00,63.0,79.02119403823963,74.77083333333333
3,2026-04-25,SABADO,14:00,93.0,67.67089568634847,73.75510204081633
3,2026-04-25,SABADO,14:30,34.0,74.86043990097083,65.375
3,2026-04-25,SABADO,15:00,56.0,64.87144785589722,74.15217391304348
3,2026-04-25,SABADO,15:30,45.0,63.27767236774474,68.71739130434783
3,2026-04-26,DOMINGO,07:00,28.0,35.55252225444228,29.585365853658537
3,2026-04-26,DOMINGO,07:30,33.0,30.969594468015572,34.276595744680854
3,2026-04-26,DOMINGO,08:00,23.0,41.09127949229223,39.891304347826086
3,2026-04-26,DOMINGO,09:00,39.0,41.91673135241821,34.916666666666664
3,2026-04-26,DOMINGO,10:30,34.0,44.33774958347736,38.68292682926829
3,2026-04-26,DOMINGO,11:00,24.0,39.52465117005535,36.67567567567568
3,2026-04-26,DOMINGO,11:30,27.0,41.6006388205049,36.38235294117647
3,2026-04-26,DOMINGO,12:00,27.0,33.38545241766384,36.833333333333336
3,2026-04-26,DOMINGO,13:30,48.0,34.56514241934825,30.033333333333335
3,2026-04-26,DOMINGO,14:30,25.0,39.07471326414975,36.029411764705884
3,2026-04-27,LABORAL,04:00,48.0,49.92677506053826,54.525
3,2026-04-27,LABORAL,04:30,124.0,151.68670407076155,160.78189300411523
3,2026-04-27,LABORAL,05:00,339.0,247.85759407659776,279.5327868852459
3,2026-04-27,LABORAL,05:30,244.0,245.72119918469036,278.4467213114754
3,2026-04-27,LABORAL,06:00,400.0,243.2602562429389,298.3811475409836
3,2026-04-27,LABORAL,06:30,222.0,207.36136192430985,226.8237704918033
3,2026-04-27,LABORAL,07:00,77.0,170.37710541110147,180.74180327868854
3,2026-04-27,LABORAL,07:30,213.0,139.34947833005003,161.24279835390948
3,2026-04-27,LABORAL,08:00,90.0,128.19093143195073,147.42083333333332
3,2026-04-27,LABORAL,08:30,102.0,125.4208327171155,147.32921810699588
3,2026-04-27,LABORAL,09:00,115.0,136.16940796509653,140.6090534979424
3,2026-04-27,LABORAL,09:30,113.0,131.1075042781613,125.17768595041322
3,2026-04-27,LABORAL,10:00,184.0,129.49697126057188,133.51652892561984
3,2026-04-27,LABORAL,10:30,79.0,112.67595167047824,118.64609053497942
3,2026-04-27,LABORAL,11:00,111.0,96.22986190998172,113.4156378600823
3,2026-04-27,LABORAL,11:30,92.0,126.32668657308207,131.56378600823047
3,2026-04-27,LABORAL,12:00,195.0,157.91875654352447,171.36885245901638
3,2026-04-27,LABORAL,12:30,105.0,134.81427647247506,142.12396694214877
3,2026-04-27,LABORAL,13:00,135.0,129.0176202438307,143.4897119341564
3,2026-04-27,LABORAL,13:30,143.0,132.33848282661899,138.24380165289256
3,2026-04-27,LABORAL,14:00,102.0,114.27488686940391,131.65560165975103
3,2026-04-27,LABORAL,14:30,222.0,155.91428921045338,147.5186721991701
3,2026-04-27,LABORAL,15:00,95.0,144.06184286123263,154.23456790123456
3,2026-04-27,LABORAL,15:30,88.0,136.3375300548303,147.19502074688796
3,2026-04-27,LABORAL,16:00,114.0,113.21218448867542,116.0546218487395
3,2026-04-27,LABORAL,16:30,34.0,90.68168347011496,88.17647058823529
3,2026-04-27,LABORAL,17:00,30.0,56.54757091512323,57.53846153846154
3,2026-04-27,LABORAL,17:30,29.0,28.754177213763384,33.4054054054054
3,2026-04-28,LABORAL,04:00,35.0,48.35927431149135,54.475
3,2026-04-28,LABORAL,04:30,106.0,155.89217024701733,160.77366255144034
3,2026-04-28,LABORAL,05:00,354.0,285.96242818975793,279.3032786885246
3,2026-04-28,LABORAL,05:30,201.0,273.1379440406702,278.172131147541
3,2026-04-28,LABORAL,06:00,213.0,288.80921115345336,298.6516393442623
3,2026-04-28,LABORAL,06:30,209.0,226.56253152052608,226.65573770491804
3,2026-04-28,LABORAL,07:00,185.0,181.7303266311735,180.38524590163934
3,2026-04-28,LABORAL,07:30,124.0,154.3671365115432,161.679012345679
3,2026-04-28,LABORAL,08:00,171.0,140.02776400501736,147.04583333333332
3,2026-04-28,LABORAL,08:30,142.0,141.3829856257031,147.03703703703704
3,2026-04-28,LABORAL,09:00,133.0,137.91533667026394,140.50205761316872
3,2026-04-28,LABORAL,09:30,107.0,123.64383580043247,125.2892561983471
3,2026-04-28,LABORAL,10:00,76.0,131.78956304335458,133.45867768595042
3,2026-04-28,LABORAL,10:30,124.0,119.64772217067448,118.29629629629629
3,2026-04-28,LABORAL,11:00,89.0,113.02549329563973,113.5679012345679
3,2026-04-28,LABORAL,11:30,137.0,137.36375414087354,131.37037037037038
3,2026-04-28,LABORAL,12:00,174.0,164.31455096236814,171.18852459016392
3,2026-04-28,LABORAL,12:30,164.0,138.96988079777412,142.21487603305786
3,2026-04-28,LABORAL,13:00,99.0,135.13691606329246,143.28395061728395
3,2026-04-28,LABORAL,13:30,75.0,131.94834717359004,138.61157024793388
3,2026-04-28,LABORAL,14:00,195.0,129.4484331679647,131.54771784232366
3,2026-04-28,LABORAL,14:30,109.0,154.30547127653477,147.82572614107883
3,2026-04-28,LABORAL,15:00,97.0,149.97046432572182,153.90534979423867
3,2026-04-28,LABORAL,15:30,149.0,145.49137645792584,146.83817427385893
3,2026-04-28,LABORAL,16:00,128.0,107.42255542804918,115.97478991596638
3,2026-04-28,LABORAL,16:30,53.0,82.27752557114385,87.84033613445378
3,2026-04-28,LABORAL,17:00,30.0,43.621424140870616,57.53365384615385
3,2026-04-29,LABORAL,04:00,51.0,52.56501090618343,54.37810945273632
3,2026-04-29,LABORAL,04:30,134.0,151.51048342817793,160.0411522633745
3,2026-04-29,LABORAL,05:00,434.0,270.5721236433071,279.6967213114754
3,2026-04-29,LABORAL,05:30,237.0,258.17183491864535,277.4139344262295
3,2026-04-29,LABORAL,06:00,291.0,273.3380670655128,297.922131147541
3,2026-04-29,LABORAL,06:30,175.0,216.42883743829907,226.53688524590163
3,2026-04-29,LABORAL,07:00,141.0,178.21347804061196,180.5204918032787
3,2026-04-29,LABORAL,07:30,197.0,154.88575317287933,161.5761316872428
3,2026-04-29,LABORAL,08:00,161.0,142.77704429596395,146.85416666666666
3,2026-04-29,LABORAL,08:30,102.0,143.66852795341842,146.91769547325103
3,2026-04-29,LABORAL,09:00,182.0,135.37312367083268,140.52674897119343
3,2026-04-29,LABORAL,09:30,82.0,116.74143766077171,125.24793388429752
3,2026-04-29,LABORAL,10:00,88.0,128.8348006379899,133.15289256198346
3,2026-04-29,LABORAL,10:30,170.0,110.34305295656033,118.17695473251028
3,2026-04-29,LABORAL,11:00,102.0,118.05540666698793,113.30041152263375
3,2026-04-29,LABORAL,11:30,196.0,137.6902330536047,131.37037037037038
3,2026-04-29,LABORAL,12:00,107.0,157.51653987868173,171.0327868852459
3,2026-04-29,LABORAL,12:30,134.0,134.5879175264104,142.3801652892562
3,2026-04-29,LABORAL,13:00,112.0,132.00588310623442,142.98765432098764
3,2026-04-29,LABORAL,13:30,59.0,120.68303224208303,138.37190082644628
3,2026-04-29,LABORAL,14:00,182.0,124.57438816308218,131.62240663900414
3,2026-04-29,LABORAL,14:30,119.0,143.05736606156574,147.5311203319502
3,2026-04-29,LABORAL,15:00,145.0,134.2755967787308,153.58847736625515
3,2026-04-29,LABORAL,15:30,129.0,130.14127602994319,146.85892116182572
3,2026-04-29,LABORAL,16:00,96.0,93.0656013145663,115.89915966386555
3,2026-04-29,LABORAL,16:30,70.0,72.27716955412714,87.59243697478992
3,2026-04-30,LABORAL,04:00,45.0,55.40920339343555,54.398009950248756
3,2026-04-30,LABORAL,04:30,124.0,141.6300880100342,159.78600823045267
3,2026-04-30,LABORAL,05:00,353.0,244.99843978417312,280.422131147541
3,2026-04-30,LABORAL,05:30,268.0,230.38439208098538,277.0204918032787
3,2026-04-30,LABORAL,06:00,175.0,246.42480885006577,297.89344262295083
3,2026-04-30,LABORAL,06:30,288.0,192.1477872035746,226.03688524590163
3,2026-04-30,LABORAL,07:00,130.0,165.25826744463905,180.59426229508196
3,2026-04-30,LABORAL,07:30,145.0,148.7103377939883,161.69135802469137
3,2026-04-30,LABORAL,08:00,195.0,139.4770406419182,146.77916666666667
3,2026-04-30,LABORAL,08:30,140.0,142.15567867411858,146.78189300411523
3,2026-04-30,LABORAL,09:00,160.0,131.8367847976427,140.66255144032922
3,2026-04-30,LABORAL,09:30,111.0,112.53293686158447,124.92148760330579
3,2026-04-30,LABORAL,10:00,146.0,119.59445457792495,132.8305785123967
3,2026-04-30,LABORAL,10:30,125.0,104.69294384657289,118.34979423868313
3,2026-04-30,LABORAL,11:00,86.0,117.58979849645542,113.27572016460906
3,2026-04-30,LABORAL,11:30,98.0,129.69008586027894,131.59670781893004
3,2026-04-30,LABORAL,12:00,162.0,142.9418883113877,170.6516393442623
3,2026-04-30,LABORAL,12:30,119.0,123.3073394329014,142.1487603305785
3,2026-04-30,LABORAL,13:00,204.0,123.52534952381284,142.86831275720164
3,2026-04-30,LABORAL,13:30,136.0,108.4540248342123,137.70661157024793
3,2026-04-30,LABORAL,14:00,139.0,119.706269605703,131.94190871369295
3,2026-04-30,LABORAL,14:30,136.0,126.16007239927804,147.34854771784234
3,2026-04-30,LABORAL,15:00,193.0,116.07260203218894,153.3744855967078
3,2026-04-30,LABORAL,15:30,58.0,109.5994737229363,146.23236514522821
3,2026-04-30,LABORAL,16:00,139.0,78.15794330342662,115.71008403361344
3,2026-04-30,LABORAL,16:30,31.0,64.02390210664986,87.28991596638656
3,2026-04-30,LABORAL,17:00,47.0,48.459028930880265,57.169082125603865
3,2026-05-01,FESTIVO,07:00,40.0,35.27040120807678,16.0
3,2026-05-01,FESTIVO,07:30,24.0,87.81044219915155,40.0
3,2026-05-01,FESTIVO,08:00,50.0,187.4154164475452,29.2
3,2026-05-01,FESTIVO,08:30,26.0,161.17785120727896,32.0
3,2026-05-01,FESTIVO,09:00,60.0,221.1117302140488,33.4
3,2026-05-01,FESTIVO,09:30,41.0,156.26340473917725,17.0
3,2026-05-01,FESTIVO,10:00,6.0,125.32771475168896,18.0
3,2026-05-01,FESTIVO,10:30,47.0,92.39033823495782,29.333333333333332
3,2026-05-01,FESTIVO,11:00,25.0,89.44353778731872,24.666666666666668
3,2026-05-01,FESTIVO,11:30,27.0,96.82763716170281,42.5
3,2026-05-01,FESTIVO,12:00,51.0,81.84733332874042,31.0
3,2026-05-01,FESTIVO,12:30,18.0,74.06389001286293,34.6
3,2026-05-01,FESTIVO,13:00,23.0,83.78808739314957,28.25
3,2026-05-01,FESTIVO,13:30,52.0,78.47866732788833,20.333333333333332
3,2026-05-01,FESTIVO,14:00,28.0,80.07845653335764,21.666666666666668
3,2026-05-01,FESTIVO,14:30,31.0,82.59744500651682,29.333333333333332
3,2026-05-01,FESTIVO,15:00,23.0,88.30628013173569,24.333333333333332
3,2026-05-01,FESTIVO,15:30,30.0,69.9266995344319,31.333333333333332
3,2026-05-02,SABADO,04:00,26.0,38.76744602099701,37.80487804878049
3,2026-05-02,SABADO,04:30,66.0,55.77611009426677,108.26923076923077
3,2026-05-02,SABADO,05:00,90.0,76.73097054071627,161.23076923076923
3,2026-05-02,SABADO,05:30,149.0,75.09852717933039,169.03846153846155
3,2026-05-02,SABADO,06:00,120.0,64.70284980401257,208.17307692307693
3,2026-05-02,SABADO,06:30,198.0,57.17851108881729,182.28846153846155
3,2026-05-02,SABADO,07:00,136.0,63.43691524202643,138.42307692307693
3,2026-05-02,SABADO,07:30,59.0,47.180448899516946,118.84615384615384
3,2026-05-02,SABADO,08:00,98.0,52.00115933149564,117.92307692307692
3,2026-05-02,SABADO,08:30,74.0,51.848360211853986,109.82692307692308
3,2026-05-02,SABADO,09:00,124.0,46.927443563315194,93.5
3,2026-05-02,SABADO,09:30,38.0,52.354792727943945,95.28846153846153
3,2026-05-02,SABADO,10:00,61.0,44.46337205616625,93.75
3,2026-05-02,SABADO,10:30,117.0,47.70936751819731,90.46153846153847
3,2026-05-02,SABADO,11:00,83.0,40.87079532366242,96.98039215686275
3,2026-05-02,SABADO,11:30,99.0,54.57317696979942,90.70588235294117
3,2026-05-02,SABADO,12:00,57.0,50.6258021854521,90.28846153846153
3,2026-05-02,SABADO,12:30,55.0,52.88256503225898,78.79591836734694
3,2026-05-02,SABADO,13:00,53.0,55.54493058358099,74.16666666666667
3,2026-05-02,SABADO,13:30,100.0,57.34477252436544,65.02
3,2026-05-02,SABADO,14:00,40.0,57.36891849015686,73.79591836734694
3,2026-05-02,SABADO,14:30,79.0,61.75971976781787,64.91666666666667
3,2026-05-02,SABADO,15:00,45.0,48.74062860331213,72.73913043478261
3,2026-05-02,SABADO,15:30,75.0,2.618926888486868,68.76086956521739
3,2026-05-02,SABADO,16:00,39.0,26.75697852551947,51.23809523809524
3,2026-05-02,SABADO,16:30,45.0,37.59966348022829,47.43333333333333
3,2026-05-03,DOMINGO,08:00,32.0,30.46104171214482,39.95652173913044
3,2026-05-03,DOMINGO,09:00,17.0,26.290274941569777,35.388888888888886
3,2026-05-03,DOMINGO,10:30,33.0,37.129473105305635,37.97560975609756
3,2026-05-03,DOMINGO,11:30,27.0,35.0206537051273,35.55882352941177
3,2026-05-03,DOMINGO,13:00,26.0,33.58009552954964,31.83783783783784
3,2026-05-03,DOMINGO,13:30,41.0,33.96275841378237,30.612903225806452
3,2026-05-03,DOMINGO,14:30,23.0,40.22274272002629,35.714285714285715
3,2026-05-03,DOMINGO,15:00,29.0,32.98001430443365,36.166666666666664
3,2026-05-04,LABORAL,04:00,74.0,50.59019563015353,54.3681592039801
3,2026-05-04,LABORAL,04:30,106.0,154.26287318430246,159.46502057613168
3,2026-05-04,LABORAL,05:00,271.0,268.54855130191896,280.79918032786884
3,2026-05-04,LABORAL,05:30,195.0,264.1947206055711,276.7663934426229
3,2026-05-04,LABORAL,06:00,323.0,262.32758910259923,297.1106557377049
3,2026-05-04,LABORAL,06:30,190.0,220.56548929774033,226.00819672131146
3,2026-05-04,LABORAL,07:00,175.0,180.30326056541298,180.26639344262296
3,2026-05-04,LABORAL,07:30,129.0,146.26541607658393,161.4814814814815
3,2026-05-04,LABORAL,08:00,151.0,132.76015478880302,147.16666666666666
3,2026-05-04,LABORAL,08:30,125.0,128.1696900241116,146.7119341563786
3,2026-05-04,LABORAL,09:00,154.0,137.9106379431246,140.51440329218107
3,2026-05-04,LABORAL,09:30,85.0,133.24479649342823,124.5
3,2026-05-04,LABORAL,10:00,128.0,132.9591698726584,132.97107438016528
3,2026-05-04,LABORAL,10:30,154.0,118.76539100332587,118.38271604938272
3,2026-05-04,LABORAL,11:00,68.0,97.83334175170813,112.94650205761317
3,2026-05-04,LABORAL,11:30,195.0,129.44531832478702,131.21399176954733
3,2026-05-04,LABORAL,12:00,164.0,161.95397307665127,170.93032786885246
3,2026-05-04,LABORAL,12:30,87.0,137.29970962455604,141.69834710743802
3,2026-05-04,LABORAL,13:00,234.0,133.22362452964614,143.09876543209876
3,2026-05-04,LABORAL,13:30,81.0,135.7293496008069,137.46280991735537
3,2026-05-04,LABORAL,14:00,82.0,117.37942757219498,131.84647302904565
3,2026-05-04,LABORAL,14:30,135.0,152.52736370351755,147.17427385892117
3,2026-05-04,LABORAL,15:00,160.0,145.50382954032264,153.32510288065845
3,2026-05-04,LABORAL,15:30,111.0,145.46970998292161,145.73029045643153
3,2026-05-04,LABORAL,16:00,126.0,117.11987841840323,115.65126050420169
3,2026-05-04,LABORAL,16:30,47.0,88.8696334983413,86.93697478991596
3,2026-05-04,LABORAL,17:00,80.0,49.52469144636571,56.966183574879224
3,2026-05-05,LABORAL,04:00,46.0,46.39896980929197,54.46268656716418
3,2026-05-05,LABORAL,04:30,136.0,122.44743085474654,158.9917695473251
3,2026-05-05,LABORAL,05:00,301.0,251.02026219636247,280.5327868852459
3,2026-05-05,LABORAL,05:30,298.0,234.2181385779739,276.0409836065574
3,2026-05-05,LABORAL,06:00,236.0,292.2971142578591,297.2950819672131
3,2026-05-05,LABORAL,06:30,194.0,216.49490164151268,225.89344262295083
3,2026-05-05,LABORAL,07:00,61.0,167.2057560336957,180.04508196721312
3,2026-05-05,LABORAL,07:30,187.0,153.7603082301454,161.2633744855967
3,2026-05-05,LABORAL,08:00,103.0,134.1554335659118,147.11666666666667
3,2026-05-05,LABORAL,08:30,237.0,142.13505534878144,146.67489711934155
3,2026-05-05,LABORAL,09:00,67.0,141.87606670211832,140.3991769547325
3,2026-05-05,LABORAL,09:30,177.0,116.82744470709886,124.28099173553719
3,2026-05-05,LABORAL,10:00,102.0,135.01797190200017,132.84297520661158
3,2026-05-05,LABORAL,10:30,71.0,111.60669959165484,118.48971193415638
3,2026-05-05,LABORAL,11:00,114.0,109.24902777970637,112.58847736625515
3,2026-05-05,LABORAL,11:30,147.0,122.83134283702273,131.24279835390948
3,2026-05-05,LABORAL,12:00,235.0,170.04402145999342,170.85655737704917
3,2026-05-05,LABORAL,12:30,100.0,128.46286329557705,141.5
3,2026-05-05,LABORAL,13:00,145.0,129.88802668772234,143.29218106995884
3,2026-05-05,LABORAL,13:30,49.0,131.4443978791067,137.04132231404958
3,2026-05-05,LABORAL,14:00,136.0,117.22527130532873,131.64730290456433
3,2026-05-05,LABORAL,14:30,120.0,137.67607258352095,146.99170124481327
3,2026-05-05,LABORAL,15:00,176.0,124.4561711432581,153.1851851851852
3,2026-05-05,LABORAL,15:30,86.0,126.50825016994379,145.7136929460581
3,2026-05-05,LABORAL,16:00,125.0,101.06313867223713,115.73529411764706
3,2026-05-05,LABORAL,16:30,95.0,76.28763133154622,86.78571428571429
3,2026-05-05,LABORAL,17:00,57.0,45.46065184111765,57.05314009661836
3,2026-05-06,LABORAL,04:00,44.0,50.89096025832362,54.46268656716418
3,2026-05-06,LABORAL,04:30,108.0,144.04624589124927,158.97530864197532
3,2026-05-06,LABORAL,05:00,282.0,269.73785758037343,280.30737704918033
3,2026-05-06,LABORAL,05:30,197.0,255.60098243465143,276.2049180327869
3,2026-05-06,LABORAL,06:00,251.0,284.947318630254,296.67622950819674
3,2026-05-06,LABORAL,06:30,122.0,212.7410101867573,225.75
3,2026-05-06,LABORAL,07:00,86.0,169.99058550085294,179.69262295081967
3,2026-05-06,LABORAL,07:30,197.0,157.23592290892276,161.1275720164609
3,2026-05-06,LABORAL,08:00,122.0,140.271778327857,146.8625
3,2026-05-06,LABORAL,08:30,171.0,143.626861178442,146.81893004115227
3,2026-05-06,LABORAL,09:00,87.0,137.1313941009724,139.8395061728395
3,2026-05-06,LABORAL,09:30,99.0,116.47317624850342,124.36363636363636
3,2026-05-06,LABORAL,10:00,50.0,130.07481094806772,132.91322314049586
3,2026-05-06,LABORAL,10:30,72.0,109.48331281880401,118.21399176954732
3,2026-05-06,LABORAL,11:00,122.0,113.94746863616844,112.31687242798354
3,2026-05-06,LABORAL,11:30,43.0,133.74013808049727,131.17283950617283
3,2026-05-06,LABORAL,12:00,190.0,163.27145176281385,171.11065573770492
3,2026-05-06,LABORAL,12:30,122.0,134.79514613474018,141.17355371900825
3,2026-05-06,LABORAL,13:00,143.0,136.05696116332416,143.23868312757202
3,2026-05-06,LABORAL,13:30,144.0,130.38445361409538,136.63636363636363
3,2026-05-06,LABORAL,14:00,65.0,126.37614611958145,132.05809128630705
3,2026-05-06,LABORAL,14:30,90.0,149.39753606938302,146.5435684647303
3,2026-05-06,LABORAL,17:00,50.0,133.96643557686022,57.00483091787439
3,2026-05-07,LABORAL,04:00,46.0,49.08456284773398,54.43781094527363
3,2026-05-07,LABORAL,04:30,109.0,131.33996677434044,158.48559670781893
3,2026-05-07,LABORAL,05:00,247.0,251.7216969748065,280.48770491803276
3,2026-05-07,LABORAL,05:30,297.0,217.48999510798137,275.44262295081967
3,2026-05-07,LABORAL,06:00,274.0,284.9309557614687,296.2295081967213
3,2026-05-07,LABORAL,06:30,214.0,207.3763209644382,225.20901639344262
3,2026-05-07,LABORAL,07:00,152.0,169.66691907097513,179.25819672131146
3,2026-05-07,LABORAL,07:30,136.0,153.00018384612642,161.16460905349794
3,2026-05-07,LABORAL,08:00,77.0,132.37838080808197,146.74583333333334
3,2026-05-07,LABORAL,08:30,142.0,150.1755389602094,146.94650205761317
3,2026-05-07,LABORAL,09:00,196.0,129.62294424577212,139.64609053497944
3,2026-05-07,LABORAL,09:30,45.0,113.1917359650181,124.43388429752066
3,2026-05-07,LABORAL,10:00,170.0,119.66485303605081,132.49586776859505
3,2026-05-07,LABORAL,10:30,62.0,100.12804168918653,117.91358024691358
3,2026-05-07,LABORAL,11:00,128.0,106.19290576438986,112.29629629629629
3,2026-05-07,LABORAL,11:30,122.0,115.96012039529207,130.7283950617284
3,2026-05-07,LABORAL,12:00,157.0,160.26875142785886,171.21311475409837
3,2026-05-07,LABORAL,12:30,160.0,127.84005855267147,140.88429752066116
3,2026-05-07,LABORAL,13:00,188.0,150.9878825957453,143.35802469135803
3,2026-05-07,LABORAL,13:30,124.0,116.97001920043272,136.36363636363637
3,2026-05-07,LABORAL,14:00,49.0,122.45400863021496,131.5186721991701
3,2026-05-07,LABORAL,14:30,100.0,140.7021199686229,146.21991701244812
3,2026-05-07,LABORAL,15:00,168.0,124.08273983963652,153.1611570247934
3,2026-05-07,LABORAL,15:30,166.0,112.6466171943561,145.4875
3,2026-05-07,LABORAL,16:00,121.0,89.2454780842543,115.59071729957806
3,2026-05-07,LABORAL,16:30,54.0,63.4347420903908,86.66244725738396
3,2026-05-08,LABORAL,04:00,48.0,47.127717989180084,54.396039603960396
3,2026-05-08,LABORAL,04:30,109.0,122.65128016799848,157.8559670781893
3,2026-05-08,LABORAL,05:00,312.0,235.76886430006994,280.5696721311475
3,2026-05-08,LABORAL,05:30,167.0,203.27898683924502,275.3032786885246
3,2026-05-08,LABORAL,06:00,345.0,232.43598043414497,296.0204918032787
3,2026-05-08,LABORAL,06:30,182.0,194.53745518489882,224.85655737704917
3,2026-05-08,LABORAL,07:00,197.0,162.75788683166712,179.38524590163934
3,2026-05-08,LABORAL,07:30,107.0,148.87350985817343,161.20164609053498
3,2026-05-08,LABORAL,08:00,111.0,137.562377095944,146.25
3,2026-05-08,LABORAL,08:30,111.0,154.12069704282962,146.9917695473251
3,2026-05-08,LABORAL,09:00,113.0,130.90720992589345,139.86008230452674
3,2026-05-08,LABORAL,09:30,104.0,121.02782193799933,123.95867768595042
3,2026-05-08,LABORAL,10:00,86.0,118.6788835790301,132.6611570247934
3,2026-05-08,LABORAL,10:30,118.0,109.95182599957276,117.440329218107
3,2026-05-08,LABORAL,11:00,88.0,100.26014645491566,112.41152263374485
3,2026-05-08,LABORAL,11:30,140.0,95.81692792327833,130.6255144032922
3,2026-05-08,LABORAL,12:00,177.0,158.44114550616882,171.29098360655738
3,2026-05-08,LABORAL,12:30,50.0,116.32695389600418,140.76859504132233
3,2026-05-08,LABORAL,13:00,236.0,155.372781133374,143.440329218107
3,2026-05-08,LABORAL,13:30,110.0,124.50176056921333,136.42561983471074
3,2026-05-08,LABORAL,14:00,129.0,116.09443333727836,130.9875518672199
3,2026-05-08,LABORAL,14:30,146.0,149.50775288820648,146.19917012448133
3,2026-05-08,LABORAL,15:00,104.0,116.9263221582986,153.0206611570248
3,2026-05-08,LABORAL,15:30,151.0,82.72883775455705,145.59583333333333
3,2026-05-08,LABORAL,16:00,49.0,73.6614301597441,115.21940928270043
3,2026-05-08,LABORAL,16:30,65.0,65.4018492941607,86.60759493670886
3,2026-05-09,SABADO,04:00,43.0,45.99808346919421,37.523809523809526
3,2026-05-09,SABADO,04:30,85.0,98.19446891393324,106.86538461538461
3,2026-05-09,SABADO,05:00,176.0,214.1497900918024,158.53846153846155
3,2026-05-09,SABADO,05:30,186.0,199.21287037222294,168.28846153846155
3,2026-05-09,SABADO,06:00,151.0,248.7400258754284,205.65384615384616
3,2026-05-09,SABADO,06:30,213.0,181.8319920868105,182.21153846153845
3,2026-05-09,SABADO,07:00,133.0,132.56794339344393,138.53846153846155
3,2026-05-09,SABADO,07:30,133.0,103.53579159262738,117.46153846153847
3,2026-05-09,SABADO,08:00,119.0,106.86546985725832,117.03846153846153
3,2026-05-09,SABADO,09:00,121.0,82.49525668816781,94.0
3,2026-05-09,SABADO,09:30,55.0,79.92182293097409,93.03846153846153
3,2026-05-09,SABADO,10:00,116.0,77.45295438466135,92.21153846153847
3,2026-05-09,SABADO,10:30,29.0,82.0752123138218,91.0
3,2026-05-09,SABADO,11:00,79.0,103.4115915366592,97.6078431372549
3,2026-05-09,SABADO,11:30,95.0,97.16212926210417,89.43137254901961
3,2026-05-09,SABADO,12:00,81.0,102.27162723261611,89.53846153846153
3,2026-05-09,SABADO,12:30,78.0,108.02684339089859,79.04081632653062
3,2026-05-09,SABADO,13:00,71.0,109.67644476757637,72.70833333333333
3,2026-05-09,SABADO,13:30,47.0,97.03245513845943,65.86
3,2026-05-09,SABADO,14:00,60.0,70.15847338339567,73.26530612244898
3,2026-05-09,SABADO,14:30,65.0,85.30436803743476,64.5625
3,2026-05-09,SABADO,15:00,39.0,89.7203034625887,70.91304347826087
3,2026-05-09,SABADO,15:30,51.0,90.11892260129171,69.34782608695652
3,2026-05-09,SABADO,16:00,30.0,91.01680689492646,51.07142857142857
3,2026-05-09,SABADO,17:00,37.0,72.26059311484661,37.148148148148145
3,2026-05-10,DOMINGO,07:00,28.0,32.452171975303415,29.15
3,2026-05-10,DOMINGO,07:30,21.0,30.809770308556892,33.80434782608695
3,2026-05-10,DOMINGO,08:00,44.0,41.896985673420275,39.41304347826087
3,2026-05-10,DOMINGO,08:30,25.0,40.580484292283174,39.282051282051285
3,2026-05-10,DOMINGO,10:30,45.0,35.76726799697629,37.1219512195122
3,2026-05-10,DOMINGO,11:30,70.0,37.971497931842876,34.529411764705884
3,2026-05-10,DOMINGO,12:30,43.0,38.13759994147874,31.647058823529413
3,2026-05-10,DOMINGO,14:00,25.0,31.746172103336377,31.02857142857143
3,2026-05-10,DOMINGO,14:30,23.0,33.971280296863895,35.57142857142857
3,2026-05-11,LABORAL,04:00,51.0,50.83427623880824,54.37128712871287
3,2026-05-11,LABORAL,04:30,208.0,127.11521809176864,157.5185185185185
3,2026-05-11,LABORAL,05:00,251.0,243.86439725905717,280.6967213114754
3,2026-05-11,LABORAL,05:30,206.0,224.30795942548798,274.9795081967213
3,2026-05-11,LABORAL,06:00,217.0,241.6820288880537,295.9344262295082
3,2026-05-11,LABORAL,06:30,297.0,212.3560684909328,224.39754098360655
3,2026-05-11,LABORAL,07:00,128.0,148.83553939927353,179.29918032786884
3,2026-05-11,LABORAL,07:30,103.0,141.81189837458913,160.79423868312756
3,2026-05-11,LABORAL,08:00,198.0,122.8374385919876,146.20833333333334
3,2026-05-11,LABORAL,08:30,22.0,128.57171687461482,146.8641975308642
3,2026-05-11,LABORAL,09:00,157.0,136.69079848309718,139.67489711934155
3,2026-05-11,LABORAL,09:30,86.0,111.68282449559841,123.90495867768595
3,2026-05-11,LABORAL,10:00,75.0,125.97383202284891,132.58264462809916
3,2026-05-11,LABORAL,10:30,176.0,98.18946949720785,117.25102880658436
3,2026-05-11,LABORAL,11:00,85.0,95.11828213259446,112.49382716049382
3,2026-05-11,LABORAL,11:30,204.0,116.54412026243052,130.54732510288065
3,2026-05-11,LABORAL,12:00,95.0,149.12770210078384,171.66803278688525
3,2026-05-11,LABORAL,12:30,114.0,130.31740943038207,140.20247933884298
3,2026-05-11,LABORAL,13:00,160.0,117.51558892140524,143.54732510288065
3,2026-05-11,LABORAL,13:30,135.0,129.0082300049158,136.20661157024793
3,2026-05-11,LABORAL,14:00,143.0,106.92917869419298,130.85892116182572
3,2026-05-11,LABORAL,14:30,115.0,129.00029689849234,146.30290456431536
3,2026-05-11,LABORAL,15:00,75.0,120.78793034718005,152.37603305785123
3,2026-05-11,LABORAL,15:30,80.0,113.46856413540925,145.65416666666667
3,2026-05-11,LABORAL,16:00,117.0,96.5064392328755,114.91983122362869
3,2026-05-11,LABORAL,16:30,31.0,75.84734864065632,86.36286919831224
3,2026-05-12,LABORAL,04:00,55.0,44.51065083554862,54.354679802955665
3,2026-05-12,LABORAL,04:30,151.0,115.43895407121674,157.91358024691357
3,2026-05-12,LABORAL,05:00,279.0,250.42673924832036,280.4385245901639
3,2026-05-12,LABORAL,05:30,161.0,223.02394067185563,274.2950819672131
3,2026-05-12,LABORAL,06:00,355.0,280.64956209182697,295.9303278688525
3,2026-05-12,LABORAL,06:30,236.0,208.0991939111276,224.45081967213116
3,2026-05-12,LABORAL,07:00,108.0,156.6296820718731,179.4016393442623
3,2026-05-12,LABORAL,07:30,153.0,146.28407707864264,160.27572016460906
3,2026-05-12,LABORAL,08:00,158.0,123.60196149585005,146.34583333333333
3,2026-05-12,LABORAL,08:30,232.0,130.78478589404332,146.33744855967078
3,2026-05-12,LABORAL,09:00,126.0,125.68564763068495,139.74897119341563
3,2026-05-12,LABORAL,09:30,33.0,105.26504845355002,123.57851239669421
3,2026-05-12,LABORAL,10:00,178.0,126.96895230829894,132.12809917355372
3,2026-05-12,LABORAL,10:30,78.0,101.06335986714132,117.50205761316873
3,2026-05-12,LABORAL,11:00,135.0,102.19018433615796,112.18106995884774
3,2026-05-12,LABORAL,11:30,68.0,111.9541559506604,131.01234567901236
3,2026-05-12,LABORAL,12:00,214.0,156.98529458188256,171.29508196721312
3,2026-05-12,LABORAL,12:30,145.0,115.61640809422374,140.05371900826447
3,2026-05-12,LABORAL,13:00,83.0,116.63398918148009,143.67078189300412
3,2026-05-12,LABORAL,13:30,218.0,120.93836826215905,135.89669421487602
3,2026-05-12,LABORAL,14:00,92.0,103.23836271919023,131.09128630705393
3,2026-05-12,LABORAL,14:30,149.0,125.08506577153416,146.19502074688796
3,2026-05-12,LABORAL,15:00,136.0,113.47297803760678,151.6900826446281
3,2026-05-12,LABORAL,15:30,169.0,116.91059422462442,145.45833333333334
3,2026-05-12,LABORAL,16:00,118.0,93.24516355245751,114.77215189873418
3,2026-05-12,LABORAL,16:30,63.0,69.08955974187958,85.9113924050633
3,2026-05-12,LABORAL,17:00,29.0,40.562560138615,56.504901960784316
3,2026-05-13,LABORAL,04:00,45.0,46.52979690646906,54.330049261083744
3,2026-05-13,LABORAL,04:30,151.0,124.28920613660175,157.8395061728395
3,2026-05-13,LABORAL,05:00,311.0,244.43462666120928,280.1516393442623
3,2026-05-13,LABORAL,05:30,275.0,217.96391518510083,272.9549180327869
3,2026-05-13,LABORAL,06:00,137.0,271.2696368325312,295.79918032786884
3,2026-05-13,LABORAL,06:30,341.0,201.7652862813515,224.70901639344262
3,2026-05-13,LABORAL,07:00,53.0,159.5163508365837,178.8483606557377
3,2026-05-13,LABORAL,07:30,124.0,149.55901501600147,160.25925925925927
3,2026-05-13,LABORAL,08:00,171.0,127.6711259905294,146.3375
3,2026-05-13,LABORAL,08:30,162.0,134.44250965131621,146.4485596707819
3,2026-05-13,LABORAL,09:00,41.0,123.39042153224014,139.81893004115227
3,2026-05-13,LABORAL,09:30,115.0,102.39756412807135,122.98760330578513
3,2026-05-13,LABORAL,10:00,153.0,123.07230223678343,132.22314049586777
3,2026-05-13,LABORAL,10:30,105.0,98.0016796486304,117.18106995884774
3,2026-05-13,LABORAL,11:00,70.0,107.43541321093359,112.36213991769547
3,2026-05-13,LABORAL,11:30,157.0,117.3602014715923,130.44444444444446
3,2026-05-13,LABORAL,12:00,97.0,149.40313883472427,171.52459016393442
3,2026-05-13,LABORAL,12:30,130.0,117.84981552713609,140.03719008264463
3,2026-05-13,LABORAL,13:00,146.0,115.99411335343869,143.20576131687244
3,2026-05-13,LABORAL,13:30,80.0,112.12932681624807,136.34297520661158
3,2026-05-13,LABORAL,14:00,208.0,106.4133611068602,130.92116182572613
3,2026-05-13,LABORAL,14:30,118.0,125.76160763922039,146.17427385892117
3,2026-05-13,LABORAL,15:00,134.0,112.49162734787883,151.2396694214876
3,2026-05-13,LABORAL,15:30,102.0,113.50411591430192,145.49583333333334
3,2026-05-13,LABORAL,16:00,95.0,85.29916524769622,114.40928270042194
3,2026-05-13,LABORAL,16:30,83.0,61.356527137472796,85.63291139240506
3,2026-05-14,LABORAL,04:00,45.0,54.48954142229029,54.320197044334975
3,2026-05-14,LABORAL,04:30,210.0,148.50607736669087,157.53086419753086
3,2026-05-14,LABORAL,05:00,182.0,269.233921872648,280.2909836065574
3,2026-05-14,LABORAL,05:30,231.0,254.18466589216843,272.7049180327869
3,2026-05-14,LABORAL,06:00,327.0,273.316434845042,294.79918032786884
3,2026-05-14,LABORAL,06:30,182.0,213.61288443078752,224.88114754098362
3,2026-05-14,LABORAL,07:00,133.0,173.3233554504941,178.5
3,2026-05-14,LABORAL,07:30,172.0,158.0153048229333,159.68312757201647
3,2026-05-14,LABORAL,08:00,139.0,143.29565105743436,146.33333333333334
3,2026-05-14,LABORAL,08:30,123.0,142.89126842946902,146.7448559670782
3,2026-05-14,LABORAL,09:00,156.0,138.1626575321483,139.30864197530863
3,2026-05-14,LABORAL,09:30,57.0,118.9253557409337,122.90495867768595
3,2026-05-14,LABORAL,10:00,87.0,128.5653341208968,132.1818181818182
3,2026-05-14,LABORAL,10:30,99.0,113.69793461017615,117.23045267489712
3,2026-05-14,LABORAL,11:00,120.0,121.47144112668454,112.09876543209876
3,2026-05-14,LABORAL,11:30,84.0,133.68200619793595,130.440329218107
3,2026-05-14,LABORAL,12:00,128.0,152.8053194332291,171.0983606557377
3,2026-05-14,LABORAL,12:30,135.0,133.20638136505147,140.1900826446281
3,2026-05-14,LABORAL,13:00,155.0,133.63672398836854,143.18106995884773
3,2026-05-14,LABORAL,13:30,97.0,120.69505261632624,136.08264462809916
3,2026-05-14,LABORAL,14:00,94.0,128.25063835650656,131.1825726141079
3,2026-05-14,LABORAL,14:30,146.0,139.86896194138728,146.00829875518673
3,2026-05-14,LABORAL,15:00,179.0,130.76415623615335,151.05371900826447
3,2026-05-14,LABORAL,15:30,84.0,120.95660129719153,145.04583333333332
3,2026-05-14,LABORAL,16:00,149.0,90.90710222781509,114.38818565400844
3,2026-05-14,LABORAL,16:30,43.0,69.77601669103191,85.81012658227849
3,2026-05-14,LABORAL,17:00,85.0,44.89881467014409,56.49261083743843
3,2026-05-15,LABORAL,04:00,53.0,53.25382985080043,54.32512315270936
3,2026-05-15,LABORAL,04:30,255.0,132.1927844010243,157.65432098765433
3,2026-05-15,LABORAL,05:00,190.0,248.6968393273488,279.6844262295082
3,2026-05-15,LABORAL,05:30,234.0,226.1434554149135,272.30737704918033
3,2026-05-15,LABORAL,06:00,278.0,253.60797291061164,294.9590163934426
3,2026-05-15,LABORAL,06:30,202.0,198.66870443113464,224.80327868852459
3,2026-05-15,LABORAL,07:00,68.0,157.7177054278725,178.29918032786884
3,2026-05-15,LABORAL,07:30,180.0,142.59029483780458,159.7283950617284
3,2026-05-15,LABORAL,08:00,93.0,134.29811794027705,146.08333333333334
3,2026-05-15,LABORAL,08:30,181.0,134.2046580189011,146.53086419753086
3,2026-05-15,LABORAL,09:00,102.0,130.3378953329409,139.53909465020575
3,2026-05-15,LABORAL,09:30,110.0,114.48436459364513,122.47933884297521
3,2026-05-15,LABORAL,10:00,183.0,119.25305131069241,131.75619834710744
3,2026-05-15,LABORAL,10:30,108.0,106.52275424845544,117.11934156378601
3,2026-05-15,LABORAL,11:00,86.0,106.96377146325632,112.18930041152264
3,2026-05-15,LABORAL,11:30,117.0,121.63315126502195,130.30864197530863
3,2026-05-15,LABORAL,12:00,168.0,146.3387813367122,170.7704918032787
3,2026-05-15,LABORAL,12:30,105.0,119.93560806968786,140.4214876033058
3,2026-05-15,LABORAL,13:00,155.0,126.0461106800042,143.06995884773661
3,2026-05-15,LABORAL,13:30,157.0,109.86653848747589,136.08677685950414
3,2026-05-15,LABORAL,14:00,93.0,115.87408574612725,130.92116182572613
3,2026-05-15,LABORAL,14:30,140.0,121.8917603221329,145.82157676348547
3,2026-05-15,LABORAL,15:00,164.0,118.13871304847268,150.79338842975207
3,2026-05-15,LABORAL,15:30,152.0,96.85365376665018,144.70833333333334
3,2026-05-15,LABORAL,16:00,99.0,82.27562759604308,114.35864978902954
3,2026-05-15,LABORAL,16:30,84.0,63.385841549460494,85.59915611814345
3,2026-05-15,LABORAL,17:00,26.0,44.187626117806076,56.54187192118226
3,2026-05-16,SABADO,04:00,36.0,37.84097719126207,37.651162790697676
3,2026-05-16,SABADO,04:30,111.0,102.03308013400647,105.07692307692308
3,2026-05-16,SABADO,05:00,166.0,168.1043879723668,158.07692307692307
3,2026-05-16,SABADO,05:30,109.0,153.08811385299992,167.44230769230768
3,2026-05-16,SABADO,06:00,234.0,195.1284757563128,204.09615384615384
3,2026-05-16,SABADO,06:30,229.0,182.49637008944865,182.28846153846155
3,2026-05-16,SABADO,07:00,122.0,125.92624940397197,138.73076923076923
3,2026-05-16,SABADO,07:30,56.0,120.95369848970577,117.5
3,2026-05-16,SABADO,08:00,98.0,112.44050717231927,117.01923076923077
3,2026-05-16,SABADO,08:30,152.0,111.20837690814366,108.37254901960785
3,2026-05-16,SABADO,09:00,93.0,92.97291386317355,94.26923076923077
3,2026-05-16,SABADO,09:30,59.0,88.96823926758958,91.76923076923077
3,2026-05-16,SABADO,10:00,58.0,92.47141052515099,92.8076923076923
3,2026-05-16,SABADO,10:30,155.0,92.6332528411354,87.8076923076923
3,2026-05-16,SABADO,11:00,82.0,89.58467440327871,97.07843137254902
3,2026-05-16,SABADO,11:30,100.0,96.08834418628095,89.11764705882354
3,2026-05-16,SABADO,12:00,39.0,80.62188074685963,89.65384615384616
3,2026-05-16,SABADO,12:30,112.0,71.7866149983619,78.36734693877551
3,2026-05-16,SABADO,13:30,117.0,71.2773164610103,65.6
3,2026-05-16,SABADO,14:00,44.0,61.867531046523496,73.20408163265306
3,2026-05-16,SABADO,14:30,28.0,74.10995440201316,63.875
3,2026-05-16,SABADO,15:00,87.0,57.3882309053881,69.43478260869566
3,2026-05-16,SABADO,15:30,40.0,58.931694076372466,69.06521739130434
3,2026-05-16,SABADO,16:00,21.0,49.11010835745451,51.04761904761905
3,2026-05-16,SABADO,16:30,38.0,37.577187463249984,47.206896551724135
3,2026-05-16,SABADO,17:00,27.0,40.00025425732099,37.370370370370374
3,2026-05-17,DOMINGO,07:00,48.0,30.257090187128995,29.121951219512194
3,2026-05-17,DOMINGO,07:30,23.0,31.577205812819898,33.47826086956522
3,2026-05-17,DOMINGO,08:00,68.0,42.56810120823906,39.15217391304348
3,2026-05-17,DOMINGO,08:30,24.0,40.80055581109394,39.205128205128204
3,2026-05-17,DOMINGO,09:00,50.0,35.010071060118875,35.111111111111114
3,2026-05-17,DOMINGO,09:30,37.0,37.34374444183017,34.55
3,2026-05-17,DOMINGO,10:00,16.0,37.811018157163616,41.6
3,2026-05-17,DOMINGO,10:30,47.0,32.55386223857863,37.58536585365854
3,2026-05-17,DOMINGO,11:00,25.0,36.933353044448936,36.457142857142856
3,2026-05-17,DOMINGO,11:30,16.0,40.438230246469956,35.35294117647059
3,2026-05-17,DOMINGO,12:30,28.0,27.252322397633876,31.794117647058822
3,2026-05-17,DOMINGO,13:00,24.0,33.92547892856389,31.43243243243243
3,2026-05-17,DOMINGO,14:00,25.0,28.90625847519405,30.86111111111111
3,2026-05-17,DOMINGO,15:30,25.0,33.446510807997726,33.68
3,2026-05-17,DOMINGO,16:30,19.0,36.4532885733922,32.46153846153846
3,2026-05-18,FESTIVO_PUENTE,07:00,53.0,30.48156624260254,36.0
3,2026-05-18,FESTIVO_PUENTE,07:30,23.0,87.04958493093088,28.0
3,2026-05-18,FESTIVO_PUENTE,08:00,30.0,205.74973254528913,36.55555555555556
3,2026-05-18,FESTIVO_PUENTE,09:00,19.0,183.77897615676022,25.88888888888889
3,2026-05-18,FESTIVO_PUENTE,09:30,42.0,229.75237830878984,30.77777777777778
3,2026-05-18,FESTIVO_PUENTE,10:30,21.0,186.86539976262856,34.0
3,2026-05-18,FESTIVO_PUENTE,11:00,26.0,135.04462393396474,23.142857142857142
3,2026-05-18,FESTIVO_PUENTE,11:30,19.0,103.06201899476753,26.375
3,2026-05-18,FESTIVO_PUENTE,12:00,24.0,91.31860826113036,30.5
3,2026-05-18,FESTIVO_PUENTE,12:30,29.0,95.92574851683872,28.571428571428573
3,2026-05-18,FESTIVO_PUENTE,13:00,36.0,101.84339642604903,26.4
3,2026-05-18,FESTIVO_PUENTE,13:30,26.0,89.87569867162696,33.0
3,2026-05-18,FESTIVO_PUENTE,14:00,28.0,99.16476740342596,30.22222222222222
3,2026-05-19,LABORAL,04:00,51.0,47.112051217307,54.318627450980394
3,2026-05-19,LABORAL,04:30,183.0,158.97821807693558,157.82231404958677
3,2026-05-19,LABORAL,05:00,212.0,285.9341375907747,279.2510288065844
3,2026-05-19,LABORAL,05:30,247.0,273.5902036704624,271.51851851851853
3,2026-05-19,LABORAL,06:00,312.0,291.5865898305102,294.9382716049383
3,2026-05-19,LABORAL,06:30,178.0,263.75323795635563,224.69135802469137
3,2026-05-19,LABORAL,07:00,223.0,173.2282540058043,177.42798353909464
3,2026-05-19,LABORAL,07:30,108.0,159.16436368391,159.48760330578511
3,2026-05-19,LABORAL,08:00,167.0,138.3689219627573,145.744769874477
3,2026-05-19,LABORAL,08:30,129.0,146.9990853518763,146.44628099173553
3,2026-05-19,LABORAL,09:00,178.0,151.79254795014637,139.31404958677686
3,2026-05-19,LABORAL,09:30,124.0,107.53704104283483,122.31120331950207
3,2026-05-19,LABORAL,10:00,168.0,145.76183893430377,131.85892116182572
3,2026-05-19,LABORAL,10:30,120.0,109.27394775921866,116.85123966942149
3,2026-05-19,LABORAL,11:00,95.0,118.16052599221257,111.7396694214876
3,2026-05-19,LABORAL,11:30,184.0,139.45146340671354,130.3801652892562
3,2026-05-19,LABORAL,12:00,141.0,167.89518054165546,170.50617283950618
3,2026-05-19,LABORAL,12:30,142.0,156.1351077742624,140.08713692946057
3,2026-05-19,LABORAL,13:00,197.0,138.73412964174682,142.5082644628099
3,2026-05-19,LABORAL,13:30,84.0,145.52030892054992,136.1701244813278
3,2026-05-19,LABORAL,14:00,142.0,138.07202521543,130.73333333333332
3,2026-05-19,LABORAL,14:30,114.0,155.70584498562047,145.60416666666666
3,2026-05-19,LABORAL,15:00,169.0,131.92615844487088,150.58091286307055
3,2026-05-19,LABORAL,15:30,195.0,135.17990027145842,144.5774058577406
3,2026-05-19,LABORAL,16:00,51.0,114.52622616707426,113.94491525423729
3,2026-05-19,LABORAL,16:30,58.0,71.4410047505651,85.10169491525424
3,2026-05-19,LABORAL,17:00,44.0,64.21416403539548,56.351485148514854
3,2026-05-20,LABORAL,04:00,45.0,48.4325595517286,54.302439024390246
3,2026-05-20,LABORAL,04:30,133.0,131.4909891399992,157.58264462809916
3,2026-05-20,LABORAL,05:00,268.0,269.03308107200655,278.880658436214
3,2026-05-20,LABORAL,05:30,285.0,235.1996873925015,270.9382716049383
3,2026-05-20,LABORAL,06:00,241.0,286.738364084662,295.1934156378601
3,2026-05-20,LABORAL,06:30,284.0,198.19227421764828,224.01234567901236
3,2026-05-20,LABORAL,07:00,139.0,160.8268684246723,177.67078189300412
3,2026-05-20,LABORAL,07:30,139.0,149.451958068525,159.3388429752066
3,2026-05-20,LABORAL,08:00,158.0,131.3151985259563,145.46861924686192
3,2026-05-20,LABORAL,08:30,101.0,138.004553803009,146.50413223140495
3,2026-05-20,LABORAL,09:00,175.0,131.72399893369288,139.47107438016528
3,2026-05-20,LABORAL,09:30,80.0,111.64766752164799,122.21576763485477
3,2026-05-20,LABORAL,10:00,139.0,125.96565411699503,131.8423236514523
3,2026-05-20,LABORAL,10:30,99.0,106.30652760133134,116.78099173553719
3,2026-05-20,LABORAL,11:00,87.0,106.82733832907742,111.72727272727273
3,2026-05-20,LABORAL,11:30,70.0,132.53290463588863,130.39256198347107
3,2026-05-20,LABORAL,12:00,201.0,161.45071227392913,170.45679012345678
3,2026-05-20,LABORAL,12:30,151.0,131.13090265821492,140.21576763485479
3,2026-05-20,LABORAL,13:00,132.0,132.6893998807059,142.61570247933884
3,2026-05-20,LABORAL,13:30,153.0,129.1165534407767,135.92946058091286
3,2026-05-20,LABORAL,14:00,104.0,114.53557119344899,130.48333333333332
3,2026-05-20,LABORAL,14:30,194.0,139.33510510273322,145.39583333333334
3,2026-05-20,LABORAL,15:00,100.0,121.08614908098772,150.47717842323652
3,2026-05-20,LABORAL,15:30,71.0,118.33847279074688,144.71966527196653
3,2026-05-20,LABORAL,16:00,120.0,104.32928269547638,113.58474576271186
3,2026-05-20,LABORAL,16:30,41.0,63.80225207807082,85.0677966101695
3,2026-05-20,LABORAL,17:00,12.0,41.557928082512234,56.06435643564357
3,2026-05-23,SABADO,04:00,22.0,34.98571196518063,37.61363636363637
3,2026-05-23,SABADO,04:30,120.0,96.38005573550326,103.48076923076923
3,2026-05-23,SABADO,05:00,143.0,144.57651252525207,159.01923076923077
3,2026-05-23,SABADO,05:30,176.0,143.17571857287183,165.51923076923077
3,2026-05-23,SABADO,06:00,244.0,179.15862986307891,205.51923076923077
3,2026-05-23,SABADO,06:30,99.0,182.33031127936712,183.92307692307693
3,2026-05-23,SABADO,07:00,131.0,125.05174301571559,138.40384615384616
3,2026-05-23,SABADO,07:30,82.0,115.66621124534001,116.82692307692308
3,2026-05-23,SABADO,08:00,158.0,108.03082036861832,115.73076923076923
3,2026-05-23,SABADO,08:30,86.0,102.23474787271535,109.43137254901961
3,2026-05-23,SABADO,09:00,97.0,94.5665351846408,93.9423076923077
3,2026-05-23,SABADO,09:30,104.0,76.94045569783191,89.96153846153847
3,2026-05-23,SABADO,10:00,53.0,87.98829787728377,92.11538461538461
3,2026-05-23,SABADO,10:30,65.0,82.19939953536316,89.25
3,2026-05-23,SABADO,11:00,68.0,86.81989600133502,96.07843137254902
3,2026-05-23,SABADO,11:30,48.0,79.58422131634927,89.6078431372549
3,2026-05-23,SABADO,12:00,85.0,71.04010654387069,87.8076923076923
3,2026-05-23,SABADO,12:30,73.0,58.928232435558854,78.87755102040816
3,2026-05-23,SABADO,13:00,50.0,67.10811042735351,72.48936170212765
3,2026-05-23,SABADO,13:30,56.0,51.46824541432281,67.2
3,2026-05-23,SABADO,14:00,32.0,61.59517924049304,72.6734693877551
3,2026-05-23,SABADO,15:00,48.0,52.28112507024494,69.6304347826087
3,2026-05-23,SABADO,15:30,44.0,47.868790561529735,68.56521739130434
3,2026-05-23,SABADO,16:00,54.0,37.811896319211414,49.88095238095238
3,2026-05-23,SABADO,16:30,30.0,29.975472132371237,46.172413793103445
3,2026-05-24,DOMINGO,07:00,11.0,30.929862698542365,29.682926829268293
3,2026-05-24,DOMINGO,08:00,24.0,27.608991575707307,39.71739130434783
3,2026-05-24,DOMINGO,08:30,80.0,32.784164814221555,38.333333333333336
3,2026-05-24,DOMINGO,09:30,24.0,34.05749086641926,34.7
3,2026-05-24,DOMINGO,10:00,22.0,29.64278104711059,40.325
3,2026-05-24,DOMINGO,11:00,74.0,33.73592300953945,36.542857142857144
3,2026-05-24,DOMINGO,12:00,32.0,38.33116710311087,36.114285714285714
3,2026-05-24,DOMINGO,12:30,40.0,29.373313318898298,31.5
3,2026-05-24,DOMINGO,13:30,23.0,35.13984076988598,30.933333333333334
3,2026-05-24,DOMINGO,14:00,25.0,34.35913996014608,30.7027027027027
3,2026-05-24,DOMINGO,15:00,29.0,25.605271425462306,36.06896551724138
3,2026-05-25,LABORAL,04:00,48.0,47.99909640221095,54.193236714975846
3,2026-05-25,LABORAL,04:30,205.0,138.18931344448853,156.64730290456433
3,2026-05-25,LABORAL,05:00,304.0,254.10059088998676,277.6735537190083
3,2026-05-25,LABORAL,05:30,214.0,254.77552198394739,269.87603305785126
3,2026-05-25,LABORAL,06:00,300.0,271.3336143104948,294.7107438016529
3,2026-05-25,LABORAL,06:30,131.0,197.42755846259902,223.9214876033058
3,2026-05-25,LABORAL,07:00,239.0,150.15031694835287,177.16528925619835
3,2026-05-25,LABORAL,07:30,110.0,156.2821315910528,159.01659751037346
3,2026-05-25,LABORAL,08:00,122.0,149.53812575489357,145.2731092436975
3,2026-05-25,LABORAL,08:30,223.0,140.9314962785051,146.35269709543567
3,2026-05-25,LABORAL,09:00,111.0,134.07273630021007,139.58921161825725
3,2026-05-25,LABORAL,09:30,113.0,133.2016068066043,121.94583333333334
3,2026-05-25,LABORAL,10:00,144.0,112.27569223185087,131.55
3,2026-05-25,LABORAL,10:30,105.0,114.11627762609199,116.57676348547717
3,2026-05-25,LABORAL,11:00,62.0,97.82826784304947,111.4356846473029
3,2026-05-25,LABORAL,11:30,230.0,110.15967369234345,130.2625
3,2026-05-25,LABORAL,12:00,61.0,154.19970559444948,170.29338842975207
3,2026-05-25,LABORAL,12:30,217.0,151.50469484396822,140.275
3,2026-05-25,LABORAL,13:00,62.0,135.39849404994513,142.3278008298755
3,2026-05-25,LABORAL,13:30,151.0,126.2626822108896,136.03333333333333
3,2026-05-25,LABORAL,14:00,143.0,122.49523467519069,129.64853556485355
3,2026-05-25,LABORAL,14:30,122.0,155.93383972018523,145.6694560669456
3,2026-05-25,LABORAL,15:00,103.0,148.54549471914157,149.8375
3,2026-05-25,LABORAL,15:30,180.0,128.89124039842278,143.31932773109244
3,2026-05-25,LABORAL,16:00,71.0,99.37671652338759,112.91489361702128
3,2026-05-25,LABORAL,16:30,73.0,72.96620992648735,84.61702127659575
3,2026-05-25,LABORAL,17:00,30.0,61.605481038838704,55.2636815920398
3,2026-05-25,LABORAL,17:30,27.0,12.07220788503777,33.041666666666664
3,2026-05-26,LABORAL,04:00,47.0,48.022130093761305,54.16346153846154
3,2026-05-26,LABORAL,04:30,166.0,138.30823927468649,156.66390041493776
3,2026-05-26,LABORAL,05:00,314.0,276.95257094823955,277.3512396694215
3,2026-05-26,LABORAL,05:30,195.0,254.44249977091724,269.3347107438017
3,2026-05-26,LABORAL,06:00,342.0,285.9398352822713,294.79338842975204
3,2026-05-26,LABORAL,06:30,210.0,211.56530202045923,223.13223140495867
3,2026-05-26,LABORAL,07:00,168.0,174.3668238503737,177.53719008264463
3,2026-05-26,LABORAL,07:30,120.0,153.28783952531538,158.80082987551867
3,2026-05-26,LABORAL,08:00,159.0,134.85479208042418,145.52941176470588
3,2026-05-26,LABORAL,08:30,126.0,137.09753619834444,146.49377593360995
3,2026-05-26,LABORAL,09:00,158.0,126.84466201315038,139.4356846473029
3,2026-05-26,LABORAL,09:30,104.0,115.43031872392913,121.87083333333334
3,2026-05-26,LABORAL,10:00,132.0,129.27619070417245,131.55
3,2026-05-26,LABORAL,10:30,143.0,113.74429546810583,116.41908713692946
3,2026-05-26,LABORAL,11:00,113.0,107.3645433836119,111.14522821576763
3,2026-05-26,LABORAL,11:30,127.0,126.81171987971513,130.4375
3,2026-05-26,LABORAL,12:00,211.0,166.56086809109792,169.48760330578511
3,2026-05-26,LABORAL,12:30,156.0,123.6983079434995,140.56666666666666
3,2026-05-26,LABORAL,13:00,64.0,127.90352303789344,141.96265560165975
3,2026-05-26,LABORAL,13:30,210.0,127.81098580207167,136.17083333333332
3,2026-05-26,LABORAL,14:00,65.0,118.06020065272362,129.55648535564853
3,2026-05-26,LABORAL,14:30,201.0,134.89861456498954,145.64435146443515
3,2026-05-26,LABORAL,15:00,87.0,136.95119084582836,149.35833333333332
3,2026-05-26,LABORAL,15:30,135.0,134.53275516022828,143.08403361344537
3,2026-05-26,LABORAL,16:00,97.0,104.72006304917119,112.85531914893618
3,2026-05-26,LABORAL,16:30,56.0,75.87207514362436,84.34468085106383
3,2026-05-26,LABORAL,17:00,27.0,43.53685999893439,54.8955223880597
3,2026-05-27,LABORAL,04:00,42.0,50.5379252050036,54.12918660287081
3,2026-05-27,LABORAL,04:30,215.0,151.24071835839177,156.47717842323652
3,2026-05-27,LABORAL,05:00,118.0,280.80726945239786,277.10743801652893
3,2026-05-27,LABORAL,05:30,241.0,269.45235148096714,268.6404958677686
3,2026-05-27,LABORAL,06:00,261.0,288.7760679340628,294.87603305785126
3,2026-05-27,LABORAL,06:30,150.0,224.10761720388356,222.85537190082644
3,2026-05-27,LABORAL,07:00,128.0,177.85417136286713,177.52892561983472
3,2026-05-27,LABORAL,07:30,162.0,157.65997705123988,158.3402489626556
3,2026-05-27,LABORAL,08:00,119.0,142.54747003270407,145.5546218487395
3,2026-05-27,LABORAL,08:30,46.0,143.40380856990606,146.3609958506224
3,2026-05-27,LABORAL,09:00,152.0,135.43063857642142,139.4564315352697
3,2026-05-27,LABORAL,09:30,48.0,117.99577271287895,121.70833333333333
3,2026-05-27,LABORAL,10:00,145.0,128.92721239289108,131.28333333333333
3,2026-05-27,LABORAL,10:30,110.0,114.69230793465324,116.42738589211618
3,2026-05-27,LABORAL,11:00,131.0,116.93279853169487,111.05809128630706
3,2026-05-27,LABORAL,11:30,89.0,134.10345774503006,130.4125
3,2026-05-27,LABORAL,12:00,160.0,163.41810699910255,169.30578512396696
3,2026-05-27,LABORAL,12:30,128.0,133.3433750295138,140.52916666666667
3,2026-05-27,LABORAL,13:00,76.0,134.02085325140226,141.52697095435684
3,2026-05-27,LABORAL,13:30,149.0,126.86807030941448,136.60833333333332
3,2026-05-27,LABORAL,14:00,109.0,127.06458860451997,129.01673640167365
3,2026-05-27,LABORAL,14:30,113.0,144.48322471974117,145.34309623430963
3,2026-05-27,LABORAL,15:00,164.0,140.03990525755006,148.88333333333333
3,2026-05-27,LABORAL,15:30,69.0,131.4699620503665,142.6344537815126
3,2026-05-27,LABORAL,16:00,86.0,102.5567119456227,112.52340425531915
3,2026-05-27,LABORAL,16:30,54.0,71.37876507526036,84.1404255319149
3,2026-05-29,LABORAL,04:00,116.0,46.20206552121938,54.052132701421804
3,2026-05-29,LABORAL,04:30,69.0,124.57886290035384,155.78838174273858
3,2026-05-29,LABORAL,05:00,243.0,227.70533762835788,276.0289256198347
3,2026-05-29,LABORAL,05:30,317.0,207.200093982791,268.8264462809917
3,2026-05-29,LABORAL,06:00,215.0,235.04606312214116,295.58677685950414
3,2026-05-29,LABORAL,06:30,257.0,197.64681771085935,222.16528925619835
3,2026-05-29,LABORAL,07:00,146.0,153.14578062169454,177.55371900826447
3,2026-05-29,LABORAL,07:30,173.0,139.22040458509258,157.92116182572613
3,2026-05-29,LABORAL,08:00,122.0,128.21432064748745,145.81512605042016
3,2026-05-29,LABORAL,08:30,88.0,127.58296177246848,146.00414937759336
3,2026-05-29,LABORAL,09:00,146.0,117.521277692433,139.43153526970954
3,2026-05-29,LABORAL,09:30,138.0,106.50162455789672,121.52083333333333
3,2026-05-29,LABORAL,10:00,86.0,110.38824974246393,131.40833333333333
3,2026-05-29,LABORAL,10:30,87.0,103.55078309940596,116.8298755186722
3,2026-05-29,LABORAL,11:00,145.0,106.81909405709091,111.23236514522821
3,2026-05-29,LABORAL,11:30,74.0,116.1062573556191,130.7125
3,2026-05-29,LABORAL,12:00,190.0,124.95518320746746,169.19834710743802
3,2026-05-29,LABORAL,12:30,149.0,105.21844629098572,140.70416666666668
3,2026-05-29,LABORAL,13:00,174.0,111.66577092189061,141.2240663900415
3,2026-05-29,LABORAL,13:30,56.0,92.94667904847448,136.86666666666667
3,2026-05-29,LABORAL,14:00,118.0,102.18191286559403,129.06276150627616
3,2026-05-29,LABORAL,14:30,168.0,102.47343177812583,145.3723849372385
3,2026-05-29,LABORAL,15:00,138.0,98.02836056713073,148.86666666666667
3,2026-05-29,LABORAL,15:30,84.0,84.08083175640087,142.1638655462185
3,2026-05-29,LABORAL,16:00,72.0,70.99381434436422,112.33191489361703
3,2026-05-29,LABORAL,16:30,75.0,54.73058009779584,83.88510638297872
3,2026-05-29,LABORAL,17:00,19.0,42.77175985499673,54.735
3,2026-05-30,SABADO,04:30,175.0,35.714788040143574,103.51923076923077
3,2026-05-30,SABADO,05:00,105.0,97.10013457343314,158.01923076923077
3,2026-05-30,SABADO,05:30,174.0,165.46704666463387,164.53846153846155
3,2026-05-30,SABADO,06:00,122.0,146.83150511602994,206.01923076923077
3,2026-05-30,SABADO,06:30,210.0,190.90344056790838,181.96153846153845
3,2026-05-30,SABADO,07:00,142.0,175.04690485366427,138.09615384615384
3,2026-05-30,SABADO,07:30,104.0,126.91570436141262,115.61538461538461
3,2026-05-30,SABADO,08:00,49.0,115.59685510344828,117.28846153846153
3,2026-05-30,SABADO,08:30,139.0,107.08529060098147,108.45098039215686
3,2026-05-30,SABADO,09:00,80.0,106.08041652462748,93.53846153846153
3,2026-05-30,SABADO,09:30,59.0,92.96555238406944,90.88461538461539
3,2026-05-30,SABADO,10:00,99.0,89.6881765821592,89.9423076923077
3,2026-05-30,SABADO,10:30,51.0,85.07985078670856,88.25
3,2026-05-30,SABADO,11:00,30.0,92.96602966543884,95.31372549019608
3,2026-05-30,SABADO,11:30,121.0,86.8302655060495,88.31372549019608
3,2026-05-30,SABADO,12:00,105.0,88.03584205323409,87.34615384615384
3,2026-05-30,SABADO,12:30,18.0,79.85299548046305,79.3265306122449
3,2026-05-30,SABADO,13:00,36.0,71.02845654750004,71.57446808510639
3,2026-05-30,SABADO,13:30,58.0,74.80838927342887,67.74
3,2026-05-30,SABADO,14:00,54.0,60.98371047068247,70.73469387755102
3,2026-05-30,SABADO,14:30,31.0,72.10927491151594,62.255319148936174
3,2026-05-30,SABADO,15:00,81.0,62.03728534269264,69.91304347826087
3,2026-05-30,SABADO,15:30,39.0,55.830465071183085,66.80434782608695
3,2026-05-31,DOMINGO,07:00,29.0,31.72084705642527,29.195121951219512
3,2026-05-31,DOMINGO,08:00,29.0,25.04670683296611,39.21739130434783
3,2026-05-31,DOMINGO,08:30,37.0,32.32363308910112,39.51282051282051
3,2026-05-31,DOMINGO,09:00,32.0,29.573155352869335,35.611111111111114
3,2026-05-31,DOMINGO,10:00,61.0,27.119793660914766,39.425
3,2026-05-31,DOMINGO,11:00,25.0,30.346947853632102,37.48571428571429
3,2026-05-31,DOMINGO,11:30,42.0,36.748846359211626,34.411764705882355
3,2026-05-31,DOMINGO,14:00,24.0,27.141689947507103,30.675675675675677
3,2026-05-31,DOMINGO,14:30,23.0,31.19535428179485,32.76470588235294
3,2026-06-01,LABORAL,04:00,49.0,50.391712521167975,54.344339622641506
3,2026-06-01,LABORAL,04:30,131.0,144.95834696168234,155.16597510373444
3,2026-06-01,LABORAL,05:00,236.0,272.95479710481317,275.9504132231405
3,2026-06-01,LABORAL,05:30,237.0,257.9912844239425,268.6198347107438
3,2026-06-01,LABORAL,06:00,226.0,268.16855766460037,295.2396694214876
3,2026-06-01,LABORAL,06:30,187.0,219.02553353793036,222.21074380165288
3,2026-06-01,LABORAL,07:00,167.0,170.7208186020698,177.16528925619835
3,2026-06-01,LABORAL,07:30,106.0,143.10828385573384,157.76763485477179
3,2026-06-01,LABORAL,08:00,77.0,131.6008059409037,145.74789915966386
3,2026-06-01,LABORAL,08:30,156.0,132.24444165785724,145.60995850622407
3,2026-06-01,LABORAL,09:00,43.0,138.31199728154365,139.1576763485477
3,2026-06-01,LABORAL,09:30,143.0,120.79708108398479,121.62916666666666
3,2026-06-01,LABORAL,10:00,139.0,129.33002412010634,131.33333333333334
3,2026-06-01,LABORAL,11:00,74.0,113.56671409354658,111.2655601659751
3,2026-06-01,LABORAL,11:30,150.0,100.0097085285206,130.525
3,2026-06-01,LABORAL,12:00,136.0,129.7551668463939,169.04132231404958
3,2026-06-01,LABORAL,12:30,172.0,174.17436718186912,140.7375
3,2026-06-01,LABORAL,13:00,70.0,136.08699466300914,141.29045643153526
3,2026-06-01,LABORAL,13:30,110.0,136.4445240836846,136.14166666666668
3,2026-06-01,LABORAL,14:00,82.0,139.80764562926134,128.94142259414227
3,2026-06-01,LABORAL,14:30,178.0,118.39079108217905,145.53556485355648
3,2026-06-01,LABORAL,15:00,47.0,137.05957714414106,148.7
3,2026-06-01,LABORAL,15:30,117.0,144.51368901690324,141.5546218487395
3,2026-06-01,LABORAL,16:00,63.0,131.88334644082872,112.02127659574468
3,2026-06-01,LABORAL,16:30,52.0,114.18483712732072,83.65106382978723
3,2026-06-02,LABORAL,04:30,167.0,46.6112156527705,155.06611570247935
3,2026-06-02,LABORAL,05:00,224.0,135.75558745506973,275.7860082304527
3,2026-06-02,LABORAL,05:30,286.0,264.8086503906721,268.4897119341564
3,2026-06-02,LABORAL,06:00,279.0,245.63199330770945,294.95473251028807
3,2026-06-02,LABORAL,06:30,120.0,273.98992855179114,222.06584362139918
3,2026-06-02,LABORAL,07:00,227.0,212.84326030912922,177.12345679012347
3,2026-06-02,LABORAL,07:30,65.0,162.47544345742952,157.55371900826447
3,2026-06-02,LABORAL,08:00,173.0,142.52212472083957,145.4602510460251
3,2026-06-02,LABORAL,08:30,84.0,129.27019897724693,145.65289256198346
3,2026-06-02,LABORAL,09:00,121.0,131.38221067160143,138.7603305785124
3,2026-06-02,LABORAL,09:30,194.0,120.90428388723683,121.71784232365145
3,2026-06-02,LABORAL,10:00,72.0,107.71563102712031,131.36514522821577
3,2026-06-02,LABORAL,10:30,161.0,124.41600363987845,116.44813278008299
3,2026-06-02,LABORAL,11:00,94.0,103.52358088493801,111.11157024793388
3,2026-06-02,LABORAL,11:30,101.0,102.30886922498728,130.6058091286307
3,2026-06-02,LABORAL,12:00,188.0,125.64938390811564,168.90534979423867
3,2026-06-02,LABORAL,12:30,135.0,160.13168742612933,140.86721991701245
3,2026-06-02,LABORAL,13:00,105.0,122.90515452979702,140.99586776859505
3,2026-06-02,LABORAL,13:30,103.0,126.29827767455757,136.0331950207469
3,2026-06-02,LABORAL,14:00,120.0,123.0747156458182,128.74583333333334
3,2026-06-02,LABORAL,14:30,152.0,108.7029570003317,145.67083333333332
3,2026-06-02,LABORAL,15:00,174.0,129.98837886627433,148.2780082987552
3,2026-06-02,LABORAL,15:30,97.0,126.05876814754293,141.4518828451883
3,2026-06-02,LABORAL,16:00,102.0,122.55929506986423,111.8135593220339
3,2026-06-02,LABORAL,16:30,76.0,105.59130642896207,83.51694915254237
3,2026-06-03,LABORAL,04:30,170.0,44.741267130260326,155.03719008264463
3,2026-06-03,LABORAL,05:00,253.0,135.749232738661,275.38271604938274
3,2026-06-03,LABORAL,05:30,311.0,253.49450619314064,267.9382716049383
3,2026-06-03,LABORAL,06:00,202.0,233.70672248902548,295.13168724279836
3,2026-06-03,LABORAL,06:30,215.0,267.93175866394955,221.30041152263374
3,2026-06-03,LABORAL,07:00,135.0,215.68965742157167,177.2798353909465
3,2026-06-03,LABORAL,07:30,155.0,168.65826122853534,157.30578512396696
3,2026-06-03,LABORAL,08:00,105.0,152.75343979985726,145.35983263598325
3,2026-06-03,LABORAL,08:30,153.0,134.46964961625733,145.08677685950414
3,2026-06-03,LABORAL,09:00,68.0,136.88141387455516,138.48347107438016
3,2026-06-03,LABORAL,09:30,114.0,125.93226620292309,121.86721991701245
3,2026-06-03,LABORAL,10:00,127.0,107.15864685334793,131.2655601659751
3,2026-06-03,LABORAL,10:30,121.0,120.26583610036084,116.2240663900415
3,2026-06-03,LABORAL,11:00,101.0,105.89016966980404,110.89256198347107
3,2026-06-03,LABORAL,11:30,84.0,112.75021771616875,130.52697095435684
3,2026-06-03,LABORAL,12:00,163.0,124.2809549217288,169.10288065843622
3,2026-06-03,LABORAL,12:30,82.0,146.92055119269926,140.38589211618256
3,2026-06-03,LABORAL,13:00,146.0,121.25135858509445,140.63636363636363
3,2026-06-03,LABORAL,13:30,116.0,121.52443738133341,135.79253112033194
3,2026-06-03,LABORAL,14:00,93.0,108.73903320204688,128.55416666666667
3,2026-06-03,LABORAL,14:30,152.0,109.95184898244301,145.51666666666668
3,2026-06-03,LABORAL,15:00,53.0,122.10637795043378,148.17842323651453
3,2026-06-03,LABORAL,15:30,122.0,117.23633868668168,140.69874476987448
3,2026-06-03,LABORAL,16:00,109.0,114.33639247093092,111.97457627118644
3,2026-06-03,LABORAL,16:30,46.0,87.39359847070378,83.21610169491525
3,2026-06-03,LABORAL,17:00,29.0,64.03285781337489,54.20603015075377
3,2026-06-04,LABORAL,04:30,157.0,47.846221172589466,154.8388429752066
3,2026-06-04,LABORAL,05:00,293.0,139.75910302523704,275.02880658436214
3,2026-06-04,LABORAL,05:30,240.0,256.11992922593146,267.6255144032922
3,2026-06-04,LABORAL,06:00,278.0,241.55072595028122,295.0
3,2026-06-04,LABORAL,06:30,128.0,265.18099906841553,221.2716049382716
3,2026-06-04,LABORAL,07:00,157.0,213.1406420512199,176.53086419753086
3,2026-06-04,LABORAL,07:30,117.0,168.01975281343266,156.9214876033058
3,2026-06-04,LABORAL,08:00,67.0,151.640642054022,145.36820083682008
3,2026-06-04,LABORAL,08:30,183.0,138.68643326158164,145.02892561983472
3,2026-06-04,LABORAL,09:00,64.0,136.9991700164545,138.13636363636363
3,2026-06-04,LABORAL,09:30,85.0,128.14886460282617,121.79668049792531
3,2026-06-04,LABORAL,10:00,129.0,112.36011006722207,131.149377593361
3,2026-06-04,LABORAL,10:30,90.0,123.81250451881263,116.14522821576763
3,2026-06-04,LABORAL,11:00,92.0,106.16272490142978,110.72314049586777
3,2026-06-04,LABORAL,11:30,106.0,116.50059394791279,130.24066390041494
3,2026-06-04,LABORAL,12:00,133.0,125.40510757673172,168.9835390946502
3,2026-06-04,LABORAL,12:30,123.0,146.76343668693983,140.0622406639004
3,2026-06-04,LABORAL,13:00,84.0,124.91302658969252,140.63223140495867
3,2026-06-04,LABORAL,13:30,134.0,130.21016687928528,135.54771784232366
3,2026-06-04,LABORAL,14:00,97.0,111.78337353626902,128.18333333333334
3,2026-06-04,LABORAL,14:30,123.0,114.81978107978918,145.55833333333334
3,2026-06-04,LABORAL,15:00,119.0,129.69977005579136,147.45228215767634
3,2026-06-04,LABORAL,15:30,112.0,119.79816825472801,140.26359832635984
3,2026-06-04,LABORAL,16:00,77.0,109.7338861136561,111.70338983050847
3,2026-06-04,LABORAL,16:30,73.0,88.32567514341542,83.02542372881356
3,2026-06-04,LABORAL,17:00,58.0,62.74301403657972,53.949748743718594
3,2026-06-05,LABORAL,04:30,142.0,47.372849118795074,154.6487603305785
3,2026-06-05,LABORAL,05:00,269.0,130.56732650414475,274.7366255144033
3,2026-06-05,LABORAL,05:30,193.0,236.80910985162024,267.36213991769546
3,2026-06-05,LABORAL,06:00,329.0,221.41341974831735,294.5308641975309
3,2026-06-05,LABORAL,06:30,178.0,249.6570386814968,220.93004115226339
3,2026-06-05,LABORAL,07:00,132.0,202.97018622618862,176.5761316872428
3,2026-06-05,LABORAL,07:30,125.0,156.02006802987862,156.61570247933884
3,2026-06-05,LABORAL,08:00,138.0,138.67554960507164,144.93305439330544
3,2026-06-05,LABORAL,08:30,108.0,130.87617542521852,145.02892561983472
3,2026-06-05,LABORAL,09:00,118.0,129.47488954304248,137.6900826446281
3,2026-06-05,LABORAL,09:30,59.0,121.44002930109693,121.44398340248962
3,2026-06-05,LABORAL,10:00,140.0,110.83249870943179,130.91286307053943
3,2026-06-05,LABORAL,10:30,112.0,113.97178837386811,116.18257261410788
3,2026-06-05,LABORAL,11:00,109.0,104.90461557241333,110.52066115702479
3,2026-06-05,LABORAL,11:30,90.0,106.74678622699992,129.85892116182572
3,2026-06-05,LABORAL,12:00,178.0,118.7657105679774,168.8724279835391
3,2026-06-05,LABORAL,12:30,114.0,129.538341645079,139.83817427385893
3,2026-06-05,LABORAL,13:00,45.0,111.28422609664563,140.28925619834712
3,2026-06-05,LABORAL,13:30,158.0,117.91932534041945,135.24896265560167
3,2026-06-05,LABORAL,14:00,125.0,101.58294571168592,128.05833333333334
3,2026-06-05,LABORAL,14:30,110.0,105.71336250294192,145.47083333333333
3,2026-06-05,LABORAL,15:00,126.0,113.87308237227937,147.21991701244812
3,2026-06-05,LABORAL,15:30,110.0,106.75351877639196,139.907949790795
3,2026-06-05,LABORAL,16:00,110.0,91.16231797079769,111.66525423728814
3,2026-06-05,LABORAL,16:30,41.0,80.48695886565545,82.88559322033899
3,2026-06-06,SABADO,04:00,53.0,33.78250874368986,37.266666666666666
3,2026-06-06,SABADO,04:30,93.0,89.5641656763654,103.86538461538461
3,2026-06-06,SABADO,05:00,106.0,147.17226660571717,157.1153846153846
3,2026-06-06,SABADO,05:30,188.0,128.8696309919734,163.65384615384616
3,2026-06-06,SABADO,06:00,213.0,170.5101445371942,203.34615384615384
3,2026-06-06,SABADO,06:30,181.0,166.36759318911118,183.6153846153846
3,2026-06-06,SABADO,07:00,105.0,114.41084772565341,137.84615384615384
3,2026-06-06,SABADO,07:30,138.0,104.33748301087735,114.13461538461539
3,2026-06-06,SABADO,08:00,94.0,97.03174319205175,116.3076923076923
3,2026-06-06,SABADO,08:30,92.0,98.1557708050684,108.80392156862744
3,2026-06-06,SABADO,09:00,75.0,86.64724881668234,93.1923076923077
3,2026-06-06,SABADO,09:30,93.0,78.06226919136648,89.38461538461539
3,2026-06-06,SABADO,10:00,100.0,76.3138641757323,89.51923076923077
3,2026-06-06,SABADO,10:30,96.0,88.40995370759015,86.98076923076923
3,2026-06-06,SABADO,11:00,65.0,83.00252120109434,93.52941176470588
3,2026-06-06,SABADO,11:30,48.0,81.4837189251526,88.56862745098039
3,2026-06-06,SABADO,12:00,93.0,71.32483525979916,87.23076923076923
3,2026-06-06,SABADO,12:30,72.0,64.91403344608517,78.73469387755102
3,2026-06-06,SABADO,13:00,41.0,71.6512277654522,70.25531914893617
3,2026-06-06,SABADO,13:30,82.0,56.62359146673913,66.84
3,2026-06-06,SABADO,14:00,30.0,69.70275108356455,71.06122448979592
3,2026-06-06,SABADO,14:30,48.0,57.956350692606364,61.51063829787234
3,2026-06-06,SABADO,15:00,75.0,51.914000107172896,70.82608695652173
3,2026-06-06,SABADO,16:00,52.0,40.024379435217654,49.51219512195122
3,2026-06-07,DOMINGO,06:30,52.0,30.9974659462235,32.75
3,2026-06-07,DOMINGO,07:00,23.0,29.49239965169498,29.341463414634145
3,2026-06-07,DOMINGO,07:30,19.0,42.59560748428349,33.18181818181818
3,2026-06-07,DOMINGO,08:00,38.0,39.87812139838566,38.95652173913044
3,2026-06-07,DOMINGO,08:30,30.0,40.11296040319256,38.53846153846154
3,2026-06-07,DOMINGO,09:00,25.0,38.72157344512026,35.861111111111114
3,2026-06-07,DOMINGO,09:30,44.0,39.90984270909158,34.12820512820513
3,2026-06-07,DOMINGO,10:00,26.0,31.86378244906949,40.375
3,2026-06-07,DOMINGO,10:30,47.0,35.92325997614056,38.64102564102564
3,2026-06-07,DOMINGO,11:00,27.0,41.86402740695088,36.74285714285714
3,2026-06-07,DOMINGO,11:30,28.0,26.24618887346641,34.628571428571426
3,2026-06-07,DOMINGO,12:00,25.0,31.393109473907458,35.0
3,2026-06-07,DOMINGO,12:30,26.0,26.432265521268576,31.941176470588236
3,2026-06-07,DOMINGO,13:00,20.0,32.838061759040045,30.914285714285715
3,2026-06-07,DOMINGO,13:30,12.0,34.43683571792937,30.733333333333334
3,2026-06-07,DOMINGO,14:00,26.0,32.411293899979114,30.64864864864865
3,2026-06-07,DOMINGO,14:30,18.0,33.719302745109516,32.76470588235294
3,2026-06-07,DOMINGO,15:00,18.0,36.19665841851214,37.32142857142857
3,2026-06-08,FESTIVO_PUENTE,07:30,32.0,37.452732621295226,28.875
3,2026-06-08,FESTIVO_PUENTE,08:00,19.0,76.7528949922752,32.888888888888886
3,2026-06-08,FESTIVO_PUENTE,08:30,19.0,167.75303793348064,31.0
3,2026-06-08,FESTIVO_PUENTE,10:30,33.0,138.17762062824377,34.22222222222222
3,2026-06-08,FESTIVO_PUENTE,11:00,19.0,204.01280551623972,21.571428571428573
3,2026-06-08,FESTIVO_PUENTE,11:30,46.0,155.88144940081366,25.125
3,2026-06-08,FESTIVO_PUENTE,13:30,23.0,104.4551398183435,31.125
3,2026-06-08,FESTIVO_PUENTE,15:00,31.0,72.07623601003056,33.833333333333336
3,2026-06-08,FESTIVO_PUENTE,15:30,25.0,74.01806197421253,53.0
3,2026-06-09,LABORAL,04:30,158.0,48.666602706692174,153.95435684647302
3,2026-06-09,LABORAL,05:00,185.0,141.8820547215639,274.75206611570246
3,2026-06-09,LABORAL,05:30,342.0,245.10604798769748,266.6528925619835
3,2026-06-09,LABORAL,06:00,230.0,229.3139536010981,294.4917355371901
3,2026-06-09,LABORAL,06:30,209.0,269.7514019909739,220.63223140495867
3,2026-06-09,LABORAL,07:00,135.0,209.34189340603518,176.3801652892562
3,2026-06-09,LABORAL,07:30,97.0,156.2478970351135,156.448132780083
3,2026-06-09,LABORAL,08:00,205.0,157.07426394269896,144.54621848739495
3,2026-06-09,LABORAL,08:30,107.0,140.6944443931224,144.5435684647303
3,2026-06-09,LABORAL,09:00,196.0,138.54557320611332,137.7344398340249
3,2026-06-09,LABORAL,09:30,139.0,139.58382555681362,120.89166666666667
3,2026-06-09,LABORAL,10:00,129.0,114.09977393312847,130.68333333333334
3,2026-06-09,LABORAL,10:30,108.0,131.35384972697287,116.1875
3,2026-06-09,LABORAL,11:00,98.0,101.93031002344503,110.51867219917013
3,2026-06-09,LABORAL,11:30,137.0,105.74329156941717,129.53333333333333
3,2026-06-09,LABORAL,12:00,180.0,125.4410024484181,168.90495867768595
3,2026-06-09,LABORAL,12:30,99.0,149.18401637870005,139.04583333333332
3,2026-06-09,LABORAL,13:00,148.0,134.88581662268223,139.95435684647302
3,2026-06-09,LABORAL,13:30,103.0,130.94731606256553,135.5
3,2026-06-09,LABORAL,14:00,92.0,125.43507591689725,128.1715481171548
3,2026-06-09,LABORAL,14:30,169.0,123.2444174398239,145.3765690376569
3,2026-06-09,LABORAL,15:00,116.0,135.9300658805221,146.99583333333334
3,2026-06-09,LABORAL,15:30,105.0,128.09062046897424,139.4579831932773
3,2026-06-09,LABORAL,16:00,107.0,120.85125863126152,111.87234042553192
3,2026-06-09,LABORAL,16:30,44.0,94.53276640551695,82.55319148936171
3,2026-06-09,LABORAL,17:00,50.0,73.44763411964573,53.58375634517766
3,2026-06-10,LABORAL,04:00,29.0,47.04037205840255,54.35377358490566
3,2026-06-10,LABORAL,04:30,118.0,143.81828437184646,154.02489626556016
3,2026-06-10,LABORAL,05:00,285.0,262.102787941836,273.95454545454544
3,2026-06-10,LABORAL,05:30,257.0,243.6702951989531,266.68595041322317
3,2026-06-10,LABORAL,06:00,302.0,264.03335397427674,293.60330578512395
3,2026-06-10,LABORAL,06:30,180.0,214.81400360217643,220.7479338842975
3,2026-06-10,LABORAL,07:00,113.0,170.77149548324934,176.4214876033058
3,2026-06-10,LABORAL,07:30,113.0,154.25307473396074,156.0954356846473
3,2026-06-10,LABORAL,08:00,172.0,141.21844820481752,144.6218487394958
3,2026-06-10,LABORAL,08:30,66.0,139.6793151694548,144.46058091286307
3,2026-06-10,LABORAL,09:00,102.0,132.65876713072913,137.91286307053943
3,2026-06-10,LABORAL,09:30,128.0,110.29846818647793,120.75416666666666
3,2026-06-10,LABORAL,10:00,108.0,123.70405416509664,130.80416666666667
3,2026-06-10,LABORAL,10:30,45.0,108.02912042393673,115.93333333333334
3,2026-06-10,LABORAL,11:00,117.0,111.28513675635176,110.55601659751038
3,2026-06-10,LABORAL,11:30,113.0,128.73439139918017,129.6625
3,2026-06-10,LABORAL,12:00,112.0,154.599454067411,169.03305785123968
3,2026-06-10,LABORAL,12:30,134.0,128.62505697965096,138.89583333333334
3,2026-06-10,LABORAL,13:00,53.0,124.4209027800643,140.2033195020747
3,2026-06-10,LABORAL,13:30,48.0,118.56578214429962,135.075
3,2026-06-10,LABORAL,14:30,55.0,120.1912598466592,145.418410041841
3,2026-06-10,LABORAL,15:00,41.0,133.17957115086332,147.0375
