route,dia_op,tipo_dia,hora,real,pred_decoder,pred_hibrido,pred_media
1,2026-04-02,FESTIVO,07:00,65.0,24.765457,26.8,26.8
1,2026-04-02,FESTIVO,07:30,23.0,22.817749,27.0,27.0
1,2026-04-02,FESTIVO,08:00,11.0,20.900063,30.833333333333332,30.833333333333332
1,2026-04-02,FESTIVO,09:00,20.0,20.957123,41.0,41.0
1,2026-04-02,FESTIVO,09:30,25.0,21.344162,33.333333333333336,33.333333333333336
1,2026-04-02,FESTIVO,10:00,21.0,22.091415,25.25,25.25
1,2026-04-02,FESTIVO,10:30,19.0,23.299988,36.166666666666664,36.166666666666664
1,2026-04-02,FESTIVO,11:00,23.0,26.368713,42.4,42.4
1,2026-04-02,FESTIVO,11:30,33.0,29.851585,26.75,26.75
1,2026-04-02,FESTIVO,12:00,18.0,33.57038,32.0,32.0
1,2026-04-02,FESTIVO,12:30,45.0,34.64456,43.8,43.8
1,2026-04-02,FESTIVO,13:00,21.0,35.41217,19.333333333333332,19.333333333333332
1,2026-04-02,FESTIVO,13:30,49.0,36.36463,32.6,32.6
1,2026-04-02,FESTIVO,15:00,27.0,36.031403,21.333333333333332,21.333333333333332
1,2026-04-02,FESTIVO,15:30,30.0,31.6128,40.333333333333336,40.333333333333336
1,2026-04-03,FESTIVO,08:00,14.0,17.365974,28.0,28.0
1,2026-04-03,FESTIVO,08:30,30.0,19.932709,36.166666666666664,36.166666666666664
1,2026-04-03,FESTIVO,09:00,16.0,22.043633,37.5,37.5
1,2026-04-03,FESTIVO,11:00,12.0,34.109566,39.166666666666664,39.166666666666664
1,2026-04-03,FESTIVO,11:30,28.0,38.627243,28.0,28.0
1,2026-04-03,FESTIVO,12:00,19.0,42.3527,29.2,29.2
1,2026-04-03,FESTIVO,12:30,18.0,45.005165,44.0,44.0
1,2026-04-03,FESTIVO,14:30,31.0,48.129402,31.75,31.75
1,2026-04-04,SABADO,04:30,37.0,54.917664,54.91766357421875,86.25490196078431
1,2026-04-04,SABADO,05:00,48.0,64.53552,64.5355224609375,62.01960784313726
1,2026-04-04,SABADO,05:30,51.0,72.6633,72.66329956054688,98.17307692307692
1,2026-04-04,SABADO,06:00,42.0,79.62337,79.62336730957031,99.34615384615384
1,2026-04-04,SABADO,06:30,66.0,84.356125,84.35612487792969,114.75
1,2026-04-04,SABADO,07:00,38.0,86.46678,86.46678161621094,105.5
1,2026-04-04,SABADO,07:30,63.0,87.034485,87.03448486328125,110.15384615384616
1,2026-04-04,SABADO,08:00,80.0,86.958305,86.95830535888672,104.36538461538461
1,2026-04-04,SABADO,08:30,23.0,85.48294,85.48294067382812,102.57692307692308
1,2026-04-04,SABADO,09:00,89.0,84.28071,84.28070831298828,98.42307692307692
1,2026-04-04,SABADO,09:30,54.0,83.31099,83.31098937988281,95.26923076923077
1,2026-04-04,SABADO,10:00,73.0,82.53204,82.53204345703125,90.90384615384616
1,2026-04-04,SABADO,10:30,30.0,81.85986,81.85986328125,96.48
1,2026-04-04,SABADO,11:00,17.0,80.9435,80.94349670410156,102.17307692307692
1,2026-04-04,SABADO,11:30,104.0,80.056076,80.05607604980469,83.3529411764706
1,2026-04-04,SABADO,12:00,71.0,79.86781,79.86781311035156,94.86274509803921
1,2026-04-04,SABADO,13:00,99.0,76.868195,76.86819458007812,76.68085106382979
1,2026-04-04,SABADO,13:30,21.0,72.56551,72.56551361083984,82.63265306122449
1,2026-04-04,SABADO,14:30,36.0,63.080975,63.08097457885742,73.3921568627451
1,2026-04-04,SABADO,15:00,124.0,57.358852,57.35885238647461,75.52
1,2026-04-04,SABADO,16:00,48.0,42.414948,42.414947509765625,58.895833333333336
1,2026-04-04,SABADO,17:00,26.0,24.160309,24.160308837890625,40.333333333333336
1,2026-04-05,DOMINGO,07:00,29.0,28.969795,28.96979522705078,33.76190476190476
1,2026-04-05,DOMINGO,07:30,23.0,29.71608,29.716079711914062,34.32608695652174
1,2026-04-05,DOMINGO,08:30,28.0,30.566376,30.566375732421875,45.266666666666666
1,2026-04-05,DOMINGO,09:00,28.0,31.050247,31.050247192382812,41.58974358974359
1,2026-04-05,DOMINGO,10:00,18.0,33.96601,33.96601104736328,34.78260869565217
1,2026-04-05,DOMINGO,10:30,28.0,35.509743,35.509742736816406,35.26829268292683
1,2026-04-05,DOMINGO,11:00,30.0,37.035683,37.035682678222656,37.1578947368421
1,2026-04-05,DOMINGO,12:30,23.0,40.77836,40.778358459472656,39.23684210526316
1,2026-04-05,DOMINGO,13:30,21.0,41.170067,41.170066833496094,31.52777777777778
1,2026-04-05,DOMINGO,14:00,21.0,40.95166,40.95166015625,32.54545454545455
1,2026-04-05,DOMINGO,15:00,23.0,38.297333,38.297332763671875,35.0
1,2026-04-06,LABORAL,04:30,135.0,122.768814,122.76881408691406,127.56198347107438
1,2026-04-06,LABORAL,05:00,73.0,127.13471,127.13471221923828,124.78423236514523
1,2026-04-06,LABORAL,05:30,183.0,130.69063,130.6906280517578,143.33471074380165
1,2026-04-06,LABORAL,06:00,106.0,132.15659,132.15658569335938,145.44214876033058
1,2026-04-06,LABORAL,06:30,160.0,130.66406,130.6640625,133.298755186722
1,2026-04-06,LABORAL,07:00,157.0,128.45232,128.4523162841797,133.65289256198346
1,2026-04-06,LABORAL,07:30,54.0,125.631035,125.63103485107422,137.95454545454547
1,2026-04-06,LABORAL,08:00,165.0,123.33291,123.3329086303711,135.87966804979254
1,2026-04-06,LABORAL,08:30,123.0,121.59726,121.59725952148438,138.09128630705393
1,2026-04-06,LABORAL,09:00,176.0,120.45378,120.45378112792969,135.99585062240664
1,2026-04-06,LABORAL,09:30,155.0,119.92205,119.92205047607422,123.4090909090909
1,2026-04-06,LABORAL,10:00,98.0,120.011154,120.01115417480469,104.46280991735537
1,2026-04-06,LABORAL,10:30,80.0,120.719574,120.71957397460938,98.14049586776859
1,2026-04-06,LABORAL,11:00,90.0,122.131226,122.1312255859375,95.37603305785125
1,2026-04-06,LABORAL,11:30,84.0,124.47976,124.4797592163086,101.76859504132231
1,2026-04-06,LABORAL,12:00,110.0,127.55463,127.55462646484375,112.94628099173553
1,2026-04-06,LABORAL,12:30,165.0,131.07239,131.0723876953125,136.1825726141079
1,2026-04-06,LABORAL,13:00,105.0,134.97287,134.97286987304688,136.8512396694215
1,2026-04-06,LABORAL,13:30,192.0,138.61191,138.61190795898438,147.03305785123968
1,2026-04-06,LABORAL,14:00,174.0,141.01227,141.01226806640625,152.26666666666668
1,2026-04-06,LABORAL,14:30,113.0,141.36298,141.36297607421875,159.24380165289256
1,2026-04-06,LABORAL,15:00,217.0,139.20476,139.2047576904297,179.05371900826447
1,2026-04-06,LABORAL,15:30,135.0,132.92921,132.92921447753906,182.33609958506224
1,2026-04-06,LABORAL,16:00,151.0,125.26252,125.26251983642578,153.0954356846473
1,2026-04-06,LABORAL,16:30,118.0,117.11058,117.11058044433594,126.92116182572614
1,2026-04-06,LABORAL,17:00,50.0,108.934135,108.93413543701172,76.45689655172414
1,2026-04-06,LABORAL,17:30,20.0,100.91667,100.91667175292969,39.70625
1,2026-04-06,LABORAL,18:00,21.0,93.19539,93.19538879394531,21.4
1,2026-04-07,LABORAL,04:30,120.0,132.36528,132.3652801513672,127.50826446280992
1,2026-04-07,LABORAL,05:00,126.0,135.48563,135.48562622070312,124.6804979253112
1,2026-04-07,LABORAL,05:30,137.0,138.42676,138.4267578125,143.1900826446281
1,2026-04-07,LABORAL,06:00,143.0,140.52429,140.5242919921875,145.1900826446281
1,2026-04-07,LABORAL,06:30,134.0,138.91438,138.9143829345703,133.37759336099586
1,2026-04-07,LABORAL,07:00,107.0,134.59743,134.59742736816406,133.79752066115702
1,2026-04-07,LABORAL,07:30,187.0,130.34099,130.3409881591797,137.5495867768595
1,2026-04-07,LABORAL,08:00,164.0,126.41875,126.41874694824219,135.90871369294607
1,2026-04-07,LABORAL,08:30,129.0,122.629196,122.62919616699219,137.88796680497924
1,2026-04-07,LABORAL,09:00,152.0,119.22032,119.22032165527344,136.04979253112035
1,2026-04-07,LABORAL,09:30,91.0,116.06985,116.0698471069336,123.71487603305785
1,2026-04-07,LABORAL,10:00,176.0,113.66204,113.66204071044922,104.24380165289256
1,2026-04-07,LABORAL,10:30,88.0,112.03933,112.0393295288086,97.76859504132231
1,2026-04-07,LABORAL,11:00,84.0,111.69145,111.69145202636719,95.24380165289256
1,2026-04-07,LABORAL,11:30,134.0,114.77004,114.7700424194336,101.71900826446281
1,2026-04-07,LABORAL,12:00,113.0,118.64586,118.64585876464844,112.62809917355372
1,2026-04-07,LABORAL,12:30,82.0,123.08548,123.08547973632812,136.39834024896265
1,2026-04-07,LABORAL,13:00,149.0,128.18939,128.18939208984375,136.77685950413223
1,2026-04-07,LABORAL,13:30,211.0,133.46298,133.46298217773438,147.12809917355372
1,2026-04-07,LABORAL,14:00,180.0,138.93074,138.9307403564453,152.3125
1,2026-04-07,LABORAL,14:30,114.0,143.64377,143.64376831054688,159.0785123966942
1,2026-04-07,LABORAL,15:00,190.0,146.26183,146.26182556152344,179.48347107438016
1,2026-04-07,LABORAL,15:30,194.0,141.85536,141.85536193847656,182.11618257261412
1,2026-04-07,LABORAL,16:00,198.0,130.64561,130.64561462402344,152.95850622406638
1,2026-04-07,LABORAL,16:30,148.0,119.04215,119.04215240478516,126.86307053941908
1,2026-04-07,LABORAL,17:00,82.0,107.25753,107.25753021240234,76.30603448275862
1,2026-04-08,LABORAL,04:30,126.0,134.44342,134.44342041015625,127.34710743801652
1,2026-04-08,LABORAL,05:00,117.0,137.36594,137.36593627929688,124.74688796680498
1,2026-04-08,LABORAL,05:30,125.0,139.74966,139.74966430664062,143.35537190082644
1,2026-04-08,LABORAL,06:00,132.0,140.62599,140.62599182128906,145.10743801652893
1,2026-04-08,LABORAL,06:30,189.0,139.27689,139.27688598632812,133.30705394190872
1,2026-04-08,LABORAL,07:00,53.0,136.44293,136.44293212890625,133.48347107438016
1,2026-04-08,LABORAL,07:30,118.0,133.14357,133.14356994628906,137.72314049586777
1,2026-04-08,LABORAL,08:00,125.0,130.01,130.00999450683594,135.88796680497924
1,2026-04-08,LABORAL,08:30,184.0,127.114235,127.1142349243164,138.07883817427387
1,2026-04-08,LABORAL,09:00,105.0,124.58838,124.58837890625,136.04149377593362
1,2026-04-08,LABORAL,09:30,120.0,122.49603,122.49603271484375,123.3305785123967
1,2026-04-08,LABORAL,10:00,151.0,121.10426,121.10426330566406,104.41322314049587
1,2026-04-08,LABORAL,10:30,70.0,120.744026,120.74402618408203,97.76446280991736
1,2026-04-08,LABORAL,11:00,118.0,121.82904,121.82904052734375,94.87603305785125
1,2026-04-08,LABORAL,11:30,88.0,124.465164,124.46516418457031,102.10743801652893
1,2026-04-08,LABORAL,12:00,112.0,127.69838,127.69837951660156,112.48347107438016
1,2026-04-08,LABORAL,12:30,146.0,131.21144,131.21144104003906,136.19917012448133
1,2026-04-08,LABORAL,13:00,159.0,134.94426,134.9442596435547,136.6198347107438
1,2026-04-08,LABORAL,13:30,60.0,138.83295,138.83294677734375,147.73553719008265
1,2026-04-08,LABORAL,14:00,226.0,142.81096,142.8109588623047,152.0875
1,2026-04-08,LABORAL,14:30,125.0,146.0091,146.00909423828125,158.72314049586777
1,2026-04-08,LABORAL,15:00,173.0,146.72375,146.7237548828125,179.48760330578511
1,2026-04-08,LABORAL,15:30,175.0,139.16081,139.1608123779297,182.31120331950208
1,2026-04-08,LABORAL,16:00,92.0,130.86078,130.86077880859375,153.0954356846473
1,2026-04-08,LABORAL,16:30,142.0,122.28519,122.28518676757812,126.85892116182572
1,2026-04-08,LABORAL,17:00,48.0,113.62514,113.62513732910156,75.95689655172414
1,2026-04-09,LABORAL,04:30,82.0,119.94689,119.94689178466797,127.30165289256199
1,2026-04-09,LABORAL,05:00,150.0,124.348755,124.3487548828125,124.40663900414938
1,2026-04-09,LABORAL,05:30,110.0,126.926025,126.926025390625,143.42561983471074
1,2026-04-09,LABORAL,06:00,147.0,128.34442,128.34442138671875,145.02479338842974
1,2026-04-09,LABORAL,06:30,99.0,128.11873,128.1187286376953,133.8423236514523
1,2026-04-09,LABORAL,07:00,153.0,126.69116,126.691162109375,132.77272727272728
1,2026-04-09,LABORAL,07:30,147.0,123.3475,123.34750366210938,137.69834710743802
1,2026-04-09,LABORAL,08:00,103.0,119.720955,119.72095489501953,135.94605809128632
1,2026-04-09,LABORAL,08:30,178.0,116.27449,116.27449035644531,138.07883817427387
1,2026-04-09,LABORAL,09:00,140.0,113.358894,113.35889434814453,135.9792531120332
1,2026-04-09,LABORAL,09:30,86.0,110.98519,110.98519134521484,123.29338842975207
1,2026-04-09,LABORAL,10:00,78.0,109.19618,109.19618225097656,104.36776859504133
1,2026-04-09,LABORAL,10:30,37.0,108.21855,108.21855163574219,97.89256198347107
1,2026-04-09,LABORAL,11:00,148.0,108.672066,108.67206573486328,94.80578512396694
1,2026-04-09,LABORAL,11:30,69.0,112.28328,112.28327941894531,101.82644628099173
1,2026-04-09,LABORAL,12:00,84.0,116.31553,116.3155288696289,112.4297520661157
1,2026-04-09,LABORAL,12:30,140.0,120.699814,120.69981384277344,136.26970954356847
1,2026-04-09,LABORAL,13:00,160.0,125.36113,125.36112976074219,136.8801652892562
1,2026-04-09,LABORAL,13:30,85.0,130.21971,130.21971130371094,147.22314049586777
1,2026-04-09,LABORAL,14:00,111.0,135.00911,135.0091094970703,152.02916666666667
1,2026-04-09,LABORAL,14:30,168.0,138.89742,138.8974151611328,158.5909090909091
1,2026-04-09,LABORAL,15:00,189.0,138.12892,138.12892150878906,179.4090909090909
1,2026-04-09,LABORAL,15:30,129.0,130.24002,130.24002075195312,182.46473029045643
1,2026-04-09,LABORAL,16:00,109.0,119.09236,119.09236145019531,152.76348547717842
1,2026-04-09,LABORAL,16:30,110.0,107.58516,107.58515930175781,126.78008298755186
1,2026-04-09,LABORAL,17:00,91.0,95.91528,95.915283203125,75.79741379310344
1,2026-04-09,LABORAL,17:30,16.0,84.28242,84.28241729736328,39.335443037974684
1,2026-04-10,LABORAL,04:30,113.0,118.603966,118.60396575927734,127.03305785123968
1,2026-04-10,LABORAL,05:00,124.0,121.58233,121.58232879638672,124.46473029045643
1,2026-04-10,LABORAL,05:30,139.0,124.0706,124.07060241699219,142.98760330578511
1,2026-04-10,LABORAL,06:00,131.0,126.07755,126.07755279541016,145.06198347107437
1,2026-04-10,LABORAL,06:30,93.0,125.88943,125.8894271850586,133.85477178423236
1,2026-04-10,LABORAL,07:00,152.0,122.749146,122.7491455078125,132.6818181818182
1,2026-04-10,LABORAL,07:30,98.0,119.45546,119.45545959472656,137.71074380165288
1,2026-04-10,LABORAL,08:00,187.0,116.402145,116.40214538574219,135.65145228215766
1,2026-04-10,LABORAL,08:30,81.0,113.67253,113.67253112792969,138.21576763485479
1,2026-04-10,LABORAL,09:00,162.0,111.3133,111.31330108642578,136.0124481327801
1,2026-04-10,LABORAL,09:30,144.0,109.36877,109.36876678466797,123.12809917355372
1,2026-04-10,LABORAL,10:00,90.0,108.07653,108.07653045654297,104.23140495867769
1,2026-04-10,LABORAL,10:30,87.0,107.253204,107.25320434570312,97.45867768595042
1,2026-04-10,LABORAL,11:00,99.0,108.30799,108.30799102783203,95.09917355371901
1,2026-04-10,LABORAL,11:30,100.0,110.71737,110.71736907958984,101.67355371900827
1,2026-04-10,LABORAL,12:00,134.0,113.6544,113.65440368652344,112.4504132231405
1,2026-04-10,LABORAL,12:30,88.0,117.207596,117.20759582519531,136.09128630705393
1,2026-04-10,LABORAL,13:00,132.0,120.97891,120.97891235351562,136.88429752066116
1,2026-04-10,LABORAL,13:30,162.0,124.89096,124.89096069335938,146.9214876033058
1,2026-04-10,LABORAL,14:00,172.0,128.74718,128.74717712402344,152.18333333333334
1,2026-04-10,LABORAL,14:30,205.0,132.23233,132.23233032226562,158.34297520661158
1,2026-04-10,LABORAL,15:00,101.0,132.4738,132.4738006591797,179.28925619834712
1,2026-04-10,LABORAL,15:30,211.0,124.9123,124.91230010986328,182.08298755186723
1,2026-04-10,LABORAL,16:00,104.0,116.47057,116.47057342529297,153.02489626556016
1,2026-04-10,LABORAL,16:30,165.0,107.771454,107.77145385742188,126.90041493775934
1,2026-04-10,LABORAL,17:00,56.0,98.96376,98.96376037597656,75.87931034482759
1,2026-04-11,SABADO,04:30,65.0,66.32391,66.32391357421875,84.58823529411765
1,2026-04-11,SABADO,05:00,50.0,77.18566,77.18566131591797,61.13725490196079
1,2026-04-11,SABADO,05:30,87.0,87.51932,87.51931762695312,98.1923076923077
1,2026-04-11,SABADO,06:00,66.0,96.991264,96.99126434326172,97.11538461538461
1,2026-04-11,SABADO,06:30,125.0,103.67893,103.6789321899414,114.4423076923077
1,2026-04-11,SABADO,07:00,104.0,105.41047,105.41046905517578,103.46153846153847
1,2026-04-11,SABADO,07:30,88.0,102.79292,102.79292297363281,108.82692307692308
1,2026-04-11,SABADO,08:00,55.0,100.18768,100.18768310546875,103.32692307692308
1,2026-04-11,SABADO,08:30,59.0,97.73186,97.73185729980469,101.09615384615384
1,2026-04-11,SABADO,09:00,101.0,95.46747,95.46746826171875,98.59615384615384
1,2026-04-11,SABADO,09:30,52.0,93.76586,93.76586151123047,93.98076923076923
1,2026-04-11,SABADO,10:00,123.0,93.1839,93.18389892578125,91.07692307692308
1,2026-04-11,SABADO,10:30,103.0,92.80322,92.80322265625,94.96
1,2026-04-11,SABADO,11:00,63.0,92.65961,92.65960693359375,99.17307692307692
1,2026-04-11,SABADO,11:30,58.0,92.834885,92.83488464355469,83.66666666666667
1,2026-04-11,SABADO,12:00,176.0,93.63165,93.63165283203125,94.52941176470588
1,2026-04-11,SABADO,13:00,57.0,89.725685,89.7256851196289,77.23404255319149
1,2026-04-11,SABADO,13:30,92.0,85.91198,85.91197967529297,81.26530612244898
1,2026-04-11,SABADO,14:00,62.0,81.37128,81.37127685546875,82.34693877551021
1,2026-04-11,SABADO,15:00,69.0,69.37723,69.37722778320312,76.4
1,2026-04-11,SABADO,15:30,82.0,62.44777,62.44776916503906,67.6938775510204
1,2026-04-11,SABADO,16:00,44.0,52.37521,52.37520980834961,58.979166666666664
1,2026-04-11,SABADO,16:30,43.0,41.157806,41.157806396484375,66.76190476190476
1,2026-04-11,SABADO,17:30,30.0,17.485474,17.4854736328125,29.157894736842106
1,2026-04-12,DOMINGO,07:30,30.0,34.423973,34.423973083496094,33.45652173913044
1,2026-04-12,DOMINGO,08:00,28.0,35.651215,35.651214599609375,35.90243902439025
1,2026-04-12,DOMINGO,09:30,31.0,35.678253,35.678253173828125,34.857142857142854
1,2026-04-12,DOMINGO,10:30,36.0,34.669205,34.66920471191406,34.853658536585364
1,2026-04-12,DOMINGO,12:00,36.0,34.976906,34.976905822753906,36.35897435897436
1,2026-04-12,DOMINGO,13:30,23.0,34.83023,34.830230712890625,30.86111111111111
1,2026-04-12,DOMINGO,14:30,22.0,33.46322,33.463218688964844,38.44117647058823
1,2026-04-12,DOMINGO,15:30,37.0,30.101181,30.101181030273438,36.375
1,2026-04-13,LABORAL,04:30,117.0,123.85999,123.85999298095703,126.84297520661157
1,2026-04-13,LABORAL,05:00,119.0,129.26477,129.2647705078125,124.36929460580913
1,2026-04-13,LABORAL,05:30,79.0,133.37965,133.37965393066406,142.9504132231405
1,2026-04-13,LABORAL,06:00,138.0,134.8905,134.8905029296875,144.8388429752066
1,2026-04-13,LABORAL,06:30,215.0,132.55574,132.5557403564453,133.86721991701245
1,2026-04-13,LABORAL,07:00,78.0,127.451096,127.45109558105469,132.74380165289256
1,2026-04-13,LABORAL,07:30,206.0,120.89673,120.896728515625,137.54132231404958
1,2026-04-13,LABORAL,08:00,48.0,114.83619,114.83618927001953,135.59751037344398
1,2026-04-13,LABORAL,08:30,132.0,109.355225,109.355224609375,137.56016597510373
1,2026-04-13,LABORAL,09:00,151.0,104.58887,104.5888671875,136.36514522821577
1,2026-04-13,LABORAL,09:30,100.0,100.61867,100.61866760253906,123.19421487603306
1,2026-04-13,LABORAL,10:00,85.0,97.512566,97.51256561279297,104.02066115702479
1,2026-04-13,LABORAL,10:30,74.0,96.4845,96.4844970703125,97.18595041322314
1,2026-04-13,LABORAL,11:00,95.0,96.919655,96.9196548461914,95.07851239669421
1,2026-04-13,LABORAL,11:30,118.0,98.73002,98.73001861572266,101.84297520661157
1,2026-04-13,LABORAL,12:00,86.0,102.292725,102.292724609375,112.2892561983471
1,2026-04-13,LABORAL,12:30,99.0,107.306076,107.30607604980469,135.95850622406638
1,2026-04-13,LABORAL,13:00,139.0,113.02404,113.02404022216797,136.65702479338842
1,2026-04-13,LABORAL,13:30,115.0,119.466995,119.46699523925781,147.03305785123968
1,2026-04-13,LABORAL,14:00,189.0,126.21245,126.21244812011719,152.2375
1,2026-04-13,LABORAL,14:30,80.0,132.11401,132.114013671875,158.37190082644628
1,2026-04-13,LABORAL,15:00,211.0,134.78026,134.78025817871094,178.95867768595042
1,2026-04-13,LABORAL,15:30,176.0,132.90776,132.9077606201172,182.11618257261412
1,2026-04-13,LABORAL,16:00,104.0,124.19405,124.19405364990234,152.8298755186722
1,2026-04-13,LABORAL,16:30,131.0,111.795364,111.79536437988281,126.90041493775934
1,2026-04-13,LABORAL,17:00,76.0,99.10193,99.1019287109375,75.65086206896552
1,2026-04-13,LABORAL,17:30,26.0,86.40217,86.40216827392578,39.00636942675159
1,2026-04-14,LABORAL,04:30,71.0,127.05081,127.05081176757812,126.89669421487604
1,2026-04-14,LABORAL,05:00,157.0,131.06473,131.06472778320312,124.24896265560166
1,2026-04-14,LABORAL,05:30,129.0,133.20345,133.2034454345703,142.93801652892563
1,2026-04-14,LABORAL,06:00,151.0,135.1801,135.1800994873047,144.62809917355372
1,2026-04-14,LABORAL,06:30,89.0,135.8544,135.85440063476562,134.2448132780083
1,2026-04-14,LABORAL,07:00,130.0,131.96326,131.9632568359375,132.6198347107438
1,2026-04-14,LABORAL,07:30,179.0,128.0704,128.07040405273438,137.50413223140495
1,2026-04-14,LABORAL,08:00,144.0,124.49031,124.49031066894531,135.28215767634856
1,2026-04-14,LABORAL,08:30,88.0,120.68111,120.68110656738281,137.49377593360995
1,2026-04-14,LABORAL,09:00,144.0,116.98422,116.98422241210938,136.54771784232366
1,2026-04-14,LABORAL,09:30,130.0,113.86642,113.86641693115234,123.01652892561984
1,2026-04-14,LABORAL,10:00,67.0,111.45358,111.45358276367188,103.82644628099173
1,2026-04-14,LABORAL,10:30,141.0,109.787,109.78700256347656,97.15702479338843
1,2026-04-14,LABORAL,11:00,103.0,109.564735,109.56473541259766,95.14049586776859
1,2026-04-14,LABORAL,11:30,88.0,111.72477,111.72476959228516,102.0909090909091
1,2026-04-14,LABORAL,12:00,146.0,115.44307,115.44306945800781,112.33471074380165
1,2026-04-14,LABORAL,12:30,143.0,119.72315,119.72315216064453,135.71784232365144
1,2026-04-14,LABORAL,13:00,180.0,124.491776,124.49177551269531,135.5909090909091
1,2026-04-14,LABORAL,13:30,62.0,129.44804,129.4480438232422,146.78512396694214
1,2026-04-14,LABORAL,14:00,114.0,134.46213,134.46212768554688,152.38333333333333
1,2026-04-14,LABORAL,14:30,186.0,139.04597,139.0459747314453,157.78512396694214
1,2026-04-14,LABORAL,15:00,131.0,140.13487,140.13487243652344,179.59504132231405
1,2026-04-14,LABORAL,15:30,107.0,132.23897,132.2389678955078,181.8174273858921
1,2026-04-14,LABORAL,16:00,136.0,121.8849,121.88490295410156,152.56846473029046
1,2026-04-14,LABORAL,16:30,110.0,111.26831,111.268310546875,126.87136929460581
1,2026-04-14,LABORAL,17:00,46.0,100.57085,100.57084655761719,75.61206896551724
1,2026-04-15,LABORAL,04:30,76.0,113.232544,113.2325439453125,126.63223140495867
1,2026-04-15,LABORAL,05:00,81.0,117.120056,117.12005615234375,124.31535269709543
1,2026-04-15,LABORAL,05:30,157.0,120.33836,120.33836364746094,142.9793388429752
1,2026-04-15,LABORAL,06:00,128.0,123.07118,123.07118225097656,144.6198347107438
1,2026-04-15,LABORAL,06:30,99.0,122.7759,122.7759017944336,134.02904564315352
1,2026-04-15,LABORAL,07:00,131.0,120.35693,120.35693359375,132.82644628099175
1,2026-04-15,LABORAL,07:30,126.0,117.086395,117.08639526367188,137.4090909090909
1,2026-04-15,LABORAL,08:00,93.0,113.841644,113.84164428710938,135.46473029045643
1,2026-04-15,LABORAL,08:30,224.0,110.78017,110.78016662597656,137.13278008298755
1,2026-04-15,LABORAL,09:00,124.0,107.925026,107.9250259399414,136.63070539419087
1,2026-04-15,LABORAL,09:30,114.0,105.77586,105.77586364746094,123.04132231404958
1,2026-04-15,LABORAL,10:00,59.0,104.24676,104.24675750732422,103.61570247933884
1,2026-04-15,LABORAL,10:30,76.0,103.295685,103.29568481445312,97.38429752066116
1,2026-04-15,LABORAL,11:00,95.0,103.79791,103.79791259765625,95.39256198347107
1,2026-04-15,LABORAL,11:30,78.0,106.05093,106.0509262084961,101.82644628099173
1,2026-04-15,LABORAL,12:00,79.0,109.75126,109.75125885009766,112.71900826446281
1,2026-04-15,LABORAL,12:30,102.0,113.83199,113.83199310302734,135.7219917012448
1,2026-04-15,LABORAL,13:00,116.0,118.23102,118.23101806640625,135.84710743801654
1,2026-04-15,LABORAL,13:30,162.0,122.564995,122.56499481201172,146.58264462809916
1,2026-04-15,LABORAL,14:00,119.0,126.416275,126.41627502441406,152.22083333333333
1,2026-04-15,LABORAL,14:30,58.0,129.46935,129.46934509277344,157.61570247933884
1,2026-04-15,LABORAL,15:00,138.0,129.09358,129.0935821533203,179.45867768595042
1,2026-04-15,LABORAL,15:30,176.0,122.12587,122.12586975097656,181.78008298755188
1,2026-04-15,LABORAL,16:00,89.0,111.578896,111.57889556884766,152.49377593360995
1,2026-04-15,LABORAL,16:30,75.0,100.652306,100.65230560302734,126.85892116182572
1,2026-04-15,LABORAL,17:00,46.0,89.61942,89.61942291259766,75.1896551724138
1,2026-04-16,LABORAL,04:30,123.0,105.623665,105.62366485595703,126.45454545454545
1,2026-04-16,LABORAL,05:00,49.0,109.487305,109.4873046875,124.14107883817428
1,2026-04-16,LABORAL,05:30,181.0,112.698784,112.69878387451172,142.9917355371901
1,2026-04-16,LABORAL,06:00,34.0,114.961975,114.96197509765625,144.55785123966942
1,2026-04-16,LABORAL,06:30,162.0,115.64097,115.6409683227539,133.87551867219918
1,2026-04-16,LABORAL,07:00,96.0,113.96725,113.96724700927734,132.91322314049586
1,2026-04-16,LABORAL,07:30,136.0,111.47176,111.47176361083984,137.12396694214877
1,2026-04-16,LABORAL,08:00,142.0,107.5938,107.59380340576172,135.43983402489627
1,2026-04-16,LABORAL,08:30,107.0,104.274666,104.27466583251953,137.57261410788382
1,2026-04-16,LABORAL,09:00,115.0,101.50409,101.50408935546875,136.69294605809128
1,2026-04-16,LABORAL,09:30,70.0,99.27784,99.27783966064453,122.98760330578513
1,2026-04-16,LABORAL,10:00,140.0,97.63398,97.63397979736328,103.5
1,2026-04-16,LABORAL,10:30,85.0,96.60066,96.60066223144531,97.26446280991736
1,2026-04-16,LABORAL,11:00,40.0,97.50235,97.50234985351562,95.4504132231405
1,2026-04-16,LABORAL,11:30,116.0,100.78991,100.78990936279297,101.75206611570248
1,2026-04-16,LABORAL,12:00,115.0,104.65172,104.65171813964844,112.90082644628099
1,2026-04-16,LABORAL,12:30,115.0,108.93062,108.93061828613281,135.9875518672199
1,2026-04-16,LABORAL,13:00,108.0,113.54996,113.54995727539062,135.94628099173553
1,2026-04-16,LABORAL,13:30,160.0,118.41357,118.41356658935547,146.63223140495867
1,2026-04-16,LABORAL,14:00,117.0,123.415955,123.41595458984375,152.12916666666666
1,2026-04-16,LABORAL,14:30,192.0,126.68565,126.68565368652344,157.01652892561984
1,2026-04-16,LABORAL,15:00,145.0,126.225174,126.22517395019531,179.26859504132233
1,2026-04-16,LABORAL,15:30,60.0,116.763275,116.76327514648438,181.8091286307054
1,2026-04-16,LABORAL,16:00,207.0,105.01536,105.0153579711914,152.18672199170123
1,2026-04-16,LABORAL,16:30,82.0,92.76593,92.76593017578125,126.74273858921161
1,2026-04-17,LABORAL,04:30,136.0,110.15932,110.15931701660156,126.440329218107
1,2026-04-17,LABORAL,05:00,100.0,119.331436,119.33143615722656,123.8305785123967
1,2026-04-17,LABORAL,05:30,124.0,127.70669,127.7066879272461,143.14814814814815
1,2026-04-17,LABORAL,06:00,166.0,131.7515,131.75149536132812,144.10288065843622
1,2026-04-17,LABORAL,06:30,144.0,132.38593,132.38592529296875,133.9917355371901
1,2026-04-17,LABORAL,07:30,137.0,125.91501,125.91500854492188,137.119341563786
1,2026-04-17,LABORAL,08:00,172.0,121.763245,121.76324462890625,135.46694214876032
1,2026-04-17,LABORAL,08:30,105.0,116.193726,116.1937255859375,137.44628099173553
1,2026-04-17,LABORAL,09:00,180.0,109.540474,109.54047393798828,136.60330578512398
1,2026-04-17,LABORAL,09:30,69.0,104.00403,104.0040283203125,122.76954732510288
1,2026-04-17,LABORAL,10:00,102.0,99.67913,99.67913055419922,103.65020576131687
1,2026-04-17,LABORAL,10:30,49.0,96.6398,96.63980102539062,97.21399176954732
1,2026-04-17,LABORAL,11:00,148.0,97.759224,97.75922393798828,95.22222222222223
1,2026-04-17,LABORAL,11:30,88.0,104.2552,104.25520324707031,101.81069958847736
1,2026-04-17,LABORAL,12:00,122.0,111.74845,111.74845123291016,112.90946502057614
1,2026-04-17,LABORAL,12:30,110.0,120.00448,120.00447845458984,135.900826446281
1,2026-04-17,LABORAL,13:00,153.0,128.88203,128.8820343017578,135.8312757201646
1,2026-04-17,LABORAL,13:30,107.0,138.22922,138.22921752929688,146.6872427983539
1,2026-04-17,LABORAL,14:00,104.0,147.8861,147.88609313964844,151.98340248962654
1,2026-04-17,LABORAL,14:30,185.0,157.31468,157.31468200683594,157.1604938271605
1,2026-04-17,LABORAL,15:00,65.0,160.7376,160.7375946044922,179.1275720164609
1,2026-04-17,LABORAL,15:30,163.0,146.91112,146.91111755371094,181.30578512396696
1,2026-04-17,LABORAL,16:00,177.0,125.881195,125.88119506835938,152.41322314049586
1,2026-04-17,LABORAL,16:30,140.0,103.24499,103.24498748779297,126.55785123966942
1,2026-04-17,LABORAL,17:00,72.0,80.04647,80.04647064208984,75.17241379310344
1,2026-04-18,SABADO,04:30,63.0,60.11543,60.11542892456055,83.17647058823529
1,2026-04-18,SABADO,05:00,54.0,72.215065,72.2150650024414,61.333333333333336
1,2026-04-18,SABADO,05:30,103.0,83.671234,83.67123413085938,97.96153846153847
1,2026-04-18,SABADO,06:00,77.0,94.29713,94.29712677001953,96.4423076923077
1,2026-04-18,SABADO,06:30,86.0,102.94624,102.94624328613281,113.07692307692308
1,2026-04-18,SABADO,07:00,90.0,106.20153,106.20153045654297,102.78846153846153
1,2026-04-18,SABADO,07:30,83.0,105.32618,105.32617950439453,108.17307692307692
1,2026-04-18,SABADO,08:00,103.0,101.07313,101.07312774658203,102.46153846153847
1,2026-04-18,SABADO,08:30,91.0,96.73719,96.73719024658203,100.21153846153847
1,2026-04-18,SABADO,09:00,95.0,93.21168,93.21167755126953,98.13461538461539
1,2026-04-18,SABADO,09:30,96.0,90.940384,90.94038391113281,92.8076923076923
1,2026-04-18,SABADO,10:00,90.0,89.38095,89.38095092773438,91.5576923076923
1,2026-04-18,SABADO,10:30,84.0,88.70238,88.70237731933594,95.68
1,2026-04-18,SABADO,11:00,95.0,88.36019,88.36019134521484,96.07692307692308
1,2026-04-18,SABADO,11:30,50.0,88.991806,88.99180603027344,84.2156862745098
1,2026-04-18,SABADO,12:00,97.0,90.948555,90.94855499267578,95.66666666666667
1,2026-04-18,SABADO,12:30,58.0,89.06771,89.06771087646484,97.65306122448979
1,2026-04-18,SABADO,13:00,72.0,85.38469,85.38468933105469,77.59574468085107
1,2026-04-18,SABADO,13:30,76.0,81.663284,81.66328430175781,80.61224489795919
1,2026-04-18,SABADO,14:00,39.0,77.5238,77.5238037109375,81.81632653061224
1,2026-04-18,SABADO,14:30,40.0,72.29076,72.29075622558594,71.46
1,2026-04-18,SABADO,15:00,61.0,65.234055,65.23405456542969,77.0
1,2026-04-18,SABADO,15:30,44.0,56.83116,56.83116149902344,66.85714285714286
1,2026-04-18,SABADO,16:00,39.0,48.202713,48.20271301269531,58.416666666666664
1,2026-04-18,SABADO,17:00,47.0,26.820877,26.820877075195312,40.10344827586207
1,2026-04-18,SABADO,17:30,23.0,12.829254,12.829254150390625,29.68421052631579
1,2026-04-19,DOMINGO,06:30,14.0,30.97828,30.97827911376953,37.2
1,2026-04-19,DOMINGO,07:30,25.0,32.57287,32.57286834716797,33.08695652173913
1,2026-04-19,DOMINGO,08:00,57.0,33.046356,33.046356201171875,36.073170731707314
1,2026-04-19,DOMINGO,08:30,30.0,33.7427,33.742698669433594,43.81818181818182
1,2026-04-19,DOMINGO,09:00,19.0,34.2576,34.257598876953125,41.55263157894737
1,2026-04-19,DOMINGO,10:00,26.0,35.702293,35.702293395996094,35.02173913043478
1,2026-04-19,DOMINGO,11:00,34.0,39.298775,39.29877471923828,37.83783783783784
1,2026-04-19,DOMINGO,12:00,40.0,41.799805,41.7998046875,36.43589743589744
1,2026-04-19,DOMINGO,12:30,15.0,42.583008,42.5830078125,39.37837837837838
1,2026-04-19,DOMINGO,13:00,16.0,43.293915,43.293914794921875,32.09090909090909
1,2026-04-19,DOMINGO,14:00,27.0,45.3295,45.329498291015625,32.72727272727273
1,2026-04-19,DOMINGO,14:30,60.0,45.27552,45.27552032470703,38.0
1,2026-04-19,DOMINGO,16:00,35.0,40.840332,40.84033203125,33.73913043478261
1,2026-04-20,LABORAL,04:30,86.0,121.909,121.90899658203125,126.47950819672131
1,2026-04-20,LABORAL,05:00,119.0,133.16734,133.16734313964844,123.73251028806584
1,2026-04-20,LABORAL,05:30,195.0,140.745,140.7449951171875,143.06967213114754
1,2026-04-20,LABORAL,06:00,185.0,142.75183,142.7518310546875,144.19262295081967
1,2026-04-20,LABORAL,06:30,126.0,144.10077,144.10076904296875,134.03292181069958
1,2026-04-20,LABORAL,07:00,74.0,145.44016,145.44015502929688,132.76131687242798
1,2026-04-20,LABORAL,07:30,137.0,143.55292,143.55291748046875,137.11885245901638
1,2026-04-20,LABORAL,08:00,149.0,140.694,140.69400024414062,135.6172839506173
1,2026-04-20,LABORAL,08:30,134.0,135.28658,135.2865753173828,137.3127572016461
1,2026-04-20,LABORAL,09:00,128.0,127.97186,127.97186279296875,136.78189300411523
1,2026-04-20,LABORAL,09:30,121.0,121.8931,121.89309692382812,122.54918032786885
1,2026-04-20,LABORAL,10:00,106.0,117.15429,117.15428924560547,103.64344262295081
1,2026-04-20,LABORAL,10:30,72.0,113.83653,113.83653259277344,97.01639344262296
1,2026-04-20,LABORAL,11:00,21.0,111.99658,111.99658203125,95.43852459016394
1,2026-04-20,LABORAL,11:30,108.0,114.707634,114.70763397216797,101.75409836065573
1,2026-04-20,LABORAL,12:00,120.0,121.150665,121.15066528320312,112.94672131147541
1,2026-04-20,LABORAL,12:30,89.0,128.57513,128.57513427734375,135.79423868312756
1,2026-04-20,LABORAL,13:00,143.0,136.85402,136.85401916503906,135.9016393442623
1,2026-04-20,LABORAL,13:30,97.0,145.84567,145.84567260742188,146.52459016393442
1,2026-04-20,LABORAL,14:00,172.0,155.39621,155.39620971679688,151.78512396694214
1,2026-04-20,LABORAL,14:30,206.0,163.51941,163.5194091796875,157.27459016393442
1,2026-04-20,LABORAL,15:00,59.0,169.32713,169.32713317871094,178.65983606557376
1,2026-04-20,LABORAL,15:30,226.0,165.89313,165.89312744140625,181.23045267489712
1,2026-04-20,LABORAL,16:00,126.0,141.65562,141.65562438964844,152.51440329218107
1,2026-04-20,LABORAL,16:30,80.0,111.93481,111.93480682373047,126.61316872427983
1,2026-04-20,LABORAL,17:00,71.0,81.744835,81.74483489990234,75.1587982832618
1,2026-04-21,LABORAL,04:30,79.0,124.15673,124.15673065185547,126.26229508196721
1,2026-04-21,LABORAL,05:00,165.0,131.59587,131.5958709716797,123.55555555555556
1,2026-04-21,LABORAL,05:30,168.0,138.16096,138.1609649658203,143.20901639344262
1,2026-04-21,LABORAL,06:00,53.0,140.07501,140.07501220703125,144.40573770491804
1,2026-04-21,LABORAL,06:30,183.0,140.03119,140.03118896484375,134.0082304526749
1,2026-04-21,LABORAL,07:00,77.0,138.36124,138.36123657226562,132.41152263374485
1,2026-04-21,LABORAL,07:30,164.0,136.53429,136.53428649902344,137.05737704918033
1,2026-04-21,LABORAL,08:00,191.0,134.51482,134.5148162841797,135.67078189300412
1,2026-04-21,LABORAL,08:30,88.0,130.54684,130.54684448242188,137.64609053497944
1,2026-04-21,LABORAL,09:00,118.0,124.1674,124.16739654541016,136.74074074074073
1,2026-04-21,LABORAL,09:30,144.0,114.64288,114.64288330078125,122.47540983606558
1,2026-04-21,LABORAL,10:00,27.0,106.727455,106.72745513916016,103.68442622950819
1,2026-04-21,LABORAL,10:30,96.0,100.48126,100.48126220703125,96.84016393442623
1,2026-04-21,LABORAL,11:00,177.0,95.9085,95.90850067138672,95.03688524590164
1,2026-04-21,LABORAL,11:30,48.0,99.63906,99.6390609741211,101.77049180327869
1,2026-04-21,LABORAL,12:00,74.0,107.30989,107.30989074707031,113.11065573770492
1,2026-04-21,LABORAL,12:30,130.0,116.321625,116.32162475585938,135.3991769547325
1,2026-04-21,LABORAL,13:00,107.0,126.28819,126.28819274902344,135.90573770491804
1,2026-04-21,LABORAL,13:30,67.0,137.03906,137.0390625,146.39754098360655
1,2026-04-21,LABORAL,14:00,222.0,148.39026,148.3902587890625,151.60743801652893
1,2026-04-21,LABORAL,14:30,146.0,159.81421,159.814208984375,157.50819672131146
1,2026-04-21,LABORAL,15:00,129.0,168.50511,168.50511169433594,177.94262295081967
1,2026-04-21,LABORAL,15:30,169.0,167.38486,167.38485717773438,181.8641975308642
1,2026-04-21,LABORAL,16:00,214.0,138.97612,138.9761199951172,152.19341563786008
1,2026-04-21,LABORAL,16:30,38.0,107.6325,107.63249969482422,126.19753086419753
1,2026-04-21,LABORAL,17:00,44.0,75.6518,75.65180206298828,74.95708154506438
1,2026-04-21,LABORAL,17:30,47.0,43.659515,43.659515380859375,38.90909090909091
1,2026-04-22,LABORAL,04:30,123.0,108.416534,108.41653442382812,125.95901639344262
1,2026-04-22,LABORAL,05:00,112.0,119.10581,119.1058120727539,123.60493827160494
1,2026-04-22,LABORAL,05:30,144.0,128.19913,128.19912719726562,143.20901639344262
1,2026-04-22,LABORAL,06:00,115.0,129.70229,129.70228576660156,143.75819672131146
1,2026-04-22,LABORAL,06:30,123.0,130.0638,130.0637969970703,134.1769547325103
1,2026-04-22,LABORAL,07:00,147.0,126.54605,126.54605102539062,132.119341563786
1,2026-04-22,LABORAL,07:30,93.0,122.895966,122.89596557617188,137.00819672131146
1,2026-04-22,LABORAL,08:00,169.0,119.191216,119.19121551513672,136.0164609053498
1,2026-04-22,LABORAL,08:30,96.0,115.3532,115.35320281982422,137.7037037037037
1,2026-04-22,LABORAL,09:00,92.0,109.696365,109.69636535644531,136.69135802469137
1,2026-04-22,LABORAL,09:30,161.0,102.88523,102.8852310180664,122.37295081967213
1,2026-04-22,LABORAL,10:00,63.0,96.75614,96.75614166259766,103.4139344262295
1,2026-04-22,LABORAL,10:30,89.0,92.22268,92.2226791381836,96.56967213114754
1,2026-04-22,LABORAL,11:00,69.0,89.982124,89.98212432861328,95.38934426229508
1,2026-04-22,LABORAL,11:30,129.0,91.8947,91.89469909667969,101.49590163934427
1,2026-04-22,LABORAL,12:00,76.0,100.706184,100.70618438720703,113.1188524590164
1,2026-04-22,LABORAL,12:30,122.0,110.28036,110.28035736083984,135.40740740740742
1,2026-04-22,LABORAL,13:00,211.0,120.3967,120.39669799804688,135.54918032786884
1,2026-04-22,LABORAL,13:30,107.0,130.88211,130.88211059570312,145.99590163934425
1,2026-04-22,LABORAL,15:00,51.0,158.18748,158.18748474121094,177.5983606557377
1,2026-04-22,LABORAL,15:30,202.0,154.82745,154.82745361328125,181.66255144032922
1,2026-04-22,LABORAL,16:00,111.0,130.70436,130.70436096191406,152.46913580246914
1,2026-04-22,LABORAL,16:30,127.0,101.75709,101.75708770751953,125.90534979423869
1,2026-04-22,LABORAL,17:00,87.0,72.10144,72.1014404296875,74.61802575107296
1,2026-04-23,LABORAL,04:30,122.0,105.363976,105.36397552490234,125.71311475409836
1,2026-04-23,LABORAL,05:00,118.0,114.2722,114.27220153808594,123.64609053497942
1,2026-04-23,LABORAL,05:30,133.0,122.14154,122.14154052734375,143.25
1,2026-04-23,LABORAL,06:00,124.0,125.750435,125.75043487548828,143.50409836065575
1,2026-04-23,LABORAL,06:30,82.0,124.4444,124.44439697265625,134.18930041152262
1,2026-04-23,LABORAL,07:00,124.0,123.10285,123.10285186767578,132.20576131687244
1,2026-04-23,LABORAL,07:30,159.0,121.6304,121.63040161132812,136.84426229508196
1,2026-04-23,LABORAL,08:00,124.0,120.0412,120.04119873046875,136.0411522633745
1,2026-04-23,LABORAL,08:30,117.0,114.16857,114.16857147216797,137.43621399176953
1,2026-04-23,LABORAL,09:00,100.0,106.831,106.83100128173828,136.54320987654322
1,2026-04-23,LABORAL,09:30,55.0,100.51683,100.51683044433594,122.43442622950819
1,2026-04-23,LABORAL,10:00,96.0,95.33408,95.3340835571289,103.18442622950819
1,2026-04-23,LABORAL,10:30,102.0,91.435585,91.43558502197266,96.63524590163935
1,2026-04-23,LABORAL,11:00,81.0,90.86582,90.8658218383789,95.06557377049181
1,2026-04-23,LABORAL,11:30,92.0,96.70457,96.7045669555664,101.77868852459017
1,2026-04-23,LABORAL,12:00,128.0,104.03703,104.03703308105469,112.82377049180327
1,2026-04-23,LABORAL,12:30,51.0,112.166,112.16600036621094,135.34567901234567
1,2026-04-23,LABORAL,13:00,108.0,120.95236,120.95236206054688,135.99180327868854
1,2026-04-23,LABORAL,13:30,94.0,130.24579,130.24578857421875,145.85245901639345
1,2026-04-23,LABORAL,14:00,106.0,139.88725,139.8872528076172,152.13278008298755
1,2026-04-23,LABORAL,14:30,40.0,149.7118,149.71180725097656,157.2716049382716
1,2026-04-23,LABORAL,15:00,85.0,151.98477,151.98477172851562,177.00819672131146
1,2026-04-23,LABORAL,16:30,38.0,91.36894,91.36894226074219,125.80658436213992
1,2026-04-24,LABORAL,04:30,133.0,103.27312,103.27311706542969,125.39754098360656
1,2026-04-24,LABORAL,05:00,111.0,111.61849,111.61849212646484,123.58847736625515
1,2026-04-24,LABORAL,05:30,131.0,118.829,118.8290023803711,143.3237704918033
1,2026-04-24,LABORAL,06:00,86.0,122.87987,122.87986755371094,143.2704918032787
1,2026-04-24,LABORAL,06:30,152.0,123.912735,123.91273498535156,134.08641975308643
1,2026-04-24,LABORAL,07:00,119.0,119.62559,119.6255874633789,132.2716049382716
1,2026-04-24,LABORAL,07:30,136.0,113.57518,113.57518005371094,137.00819672131146
1,2026-04-24,LABORAL,08:00,143.0,108.00408,108.00408172607422,136.02880658436214
1,2026-04-24,LABORAL,08:30,121.0,103.1054,103.10540008544922,137.2551440329218
1,2026-04-24,LABORAL,09:00,82.0,99.11957,99.11956787109375,136.56378600823047
1,2026-04-24,LABORAL,09:30,82.0,95.92593,95.9259262084961,122.03688524590164
1,2026-04-24,LABORAL,10:00,109.0,93.971825,93.9718246459961,103.1639344262295
1,2026-04-24,LABORAL,10:30,97.0,94.731476,94.73147583007812,96.65163934426229
1,2026-04-24,LABORAL,11:00,122.0,96.66116,96.66116333007812,94.95081967213115
1,2026-04-24,LABORAL,11:30,78.0,101.96538,101.96537780761719,101.92622950819673
1,2026-04-24,LABORAL,12:00,117.0,107.98021,107.98020935058594,112.82786885245902
1,2026-04-24,LABORAL,12:30,94.0,114.418434,114.4184341430664,134.9506172839506
1,2026-04-24,LABORAL,13:00,82.0,121.169876,121.16987609863281,136.11065573770492
1,2026-04-24,LABORAL,13:30,172.0,128.11902,128.1190185546875,145.3237704918033
1,2026-04-24,LABORAL,14:00,128.0,135.14696,135.14695739746094,152.0622406639004
1,2026-04-24,LABORAL,14:30,160.0,140.15514,140.15513610839844,156.71604938271605
1,2026-04-24,LABORAL,15:00,204.0,140.71791,140.71791076660156,177.01639344262296
1,2026-04-24,LABORAL,15:30,124.0,134.54976,134.5497589111328,181.71074380165288
1,2026-04-24,LABORAL,16:00,141.0,121.60771,121.60771179199219,152.43801652892563
1,2026-04-24,LABORAL,16:30,93.0,103.62864,103.6286392211914,125.26748971193416
1,2026-04-25,SABADO,04:30,47.0,59.89697,59.896968841552734,82.92156862745098
1,2026-04-25,SABADO,05:00,105.0,71.11196,71.1119613647461,61.72549019607843
1,2026-04-25,SABADO,05:30,87.0,81.22298,81.22297668457031,99.13461538461539
1,2026-04-25,SABADO,06:00,107.0,89.687,89.68699645996094,97.09615384615384
1,2026-04-25,SABADO,06:30,122.0,97.073494,97.07349395751953,113.17307692307692
1,2026-04-25,SABADO,07:00,115.0,102.16438,102.16438293457031,103.46153846153847
1,2026-04-25,SABADO,07:30,34.0,102.13102,102.13101959228516,108.1923076923077
1,2026-04-25,SABADO,08:00,124.0,98.16913,98.16912841796875,103.23076923076923
1,2026-04-25,SABADO,08:30,111.0,93.01069,93.01068878173828,100.84615384615384
1,2026-04-25,SABADO,09:00,86.0,89.6798,89.67980194091797,98.90384615384616
1,2026-04-25,SABADO,09:30,43.0,86.968445,86.96844482421875,93.98076923076923
1,2026-04-25,SABADO,10:00,99.0,84.769646,84.76964569091797,91.9423076923077
1,2026-04-25,SABADO,10:30,113.0,83.31021,83.31021118164062,96.44
1,2026-04-25,SABADO,11:00,50.0,83.76489,83.764892578125,96.67307692307692
1,2026-04-25,SABADO,11:30,44.0,86.14534,86.14533996582031,84.09803921568627
1,2026-04-25,SABADO,12:00,77.0,88.23964,88.23963928222656,95.6923076923077
1,2026-04-25,SABADO,12:30,74.0,86.91245,86.9124526977539,97.6938775510204
1,2026-04-25,SABADO,13:00,60.0,82.81299,82.81298828125,77.91489361702128
1,2026-04-25,SABADO,13:30,81.0,78.838715,78.83871459960938,81.44897959183673
1,2026-04-25,SABADO,14:00,36.0,74.26918,74.26918029785156,81.81632653061224
1,2026-04-25,SABADO,14:30,96.0,68.67891,68.67890930175781,71.6
1,2026-04-25,SABADO,15:00,28.0,62.16355,62.163551330566406,76.9
1,2026-04-25,SABADO,15:30,37.0,54.83459,54.834590911865234,67.08163265306122
1,2026-04-25,SABADO,16:00,18.0,45.995827,45.995826721191406,58.729166666666664
1,2026-04-25,SABADO,16:30,84.0,36.21376,36.21376037597656,65.39024390243902
1,2026-04-25,SABADO,17:30,26.0,6.4727325,6.4727325439453125,29.473684210526315
1,2026-04-26,DOMINGO,07:30,25.0,30.436584,30.43658447265625,33.21739130434783
1,2026-04-26,DOMINGO,08:00,27.0,31.709305,31.709304809570312,37.048780487804876
1,2026-04-26,DOMINGO,08:30,12.0,32.678055,32.67805480957031,43.88636363636363
1,2026-04-26,DOMINGO,10:00,55.0,31.593529,31.593528747558594,34.608695652173914
1,2026-04-26,DOMINGO,11:00,20.0,28.166443,28.16644287109375,38.2972972972973
1,2026-04-26,DOMINGO,12:30,30.0,31.70005,31.700050354003906,38.73684210526316
1,2026-04-26,DOMINGO,13:00,32.0,32.334244,32.33424377441406,31.151515151515152
1,2026-04-26,DOMINGO,13:30,24.0,32.518288,32.518287658691406,30.257142857142856
1,2026-04-26,DOMINGO,15:00,27.0,30.987473,30.987472534179688,34.96666666666667
1,2026-04-27,LABORAL,04:30,69.0,103.62938,103.62937927246094,125.04918032786885
1,2026-04-27,LABORAL,05:00,137.0,113.70607,113.70606994628906,123.58024691358025
1,2026-04-27,LABORAL,05:30,124.0,120.564125,120.56412506103516,143.2827868852459
1,2026-04-27,LABORAL,06:00,129.0,125.96005,125.96005249023438,143.077868852459
1,2026-04-27,LABORAL,06:30,144.0,127.51582,127.51582336425781,134.13991769547326
1,2026-04-27,LABORAL,07:00,126.0,125.28392,125.28392028808594,132.20576131687244
1,2026-04-27,LABORAL,07:30,88.0,121.498726,121.49872589111328,136.89344262295083
1,2026-04-27,LABORAL,08:00,78.0,116.22063,116.22062683105469,135.9506172839506
1,2026-04-27,LABORAL,08:30,118.0,110.34356,110.34355926513672,137.18106995884773
1,2026-04-27,LABORAL,09:00,104.0,105.38041,105.38040924072266,136.45267489711935
1,2026-04-27,LABORAL,09:30,177.0,101.41609,101.41609191894531,121.85245901639344
1,2026-04-27,LABORAL,10:00,46.0,98.51845,98.51844787597656,102.95491803278688
1,2026-04-27,LABORAL,10:30,162.0,96.94638,96.94638061523438,96.62295081967213
1,2026-04-27,LABORAL,11:00,27.0,97.791595,97.79159545898438,95.10245901639344
1,2026-04-27,LABORAL,11:30,110.0,101.38951,101.38951110839844,101.87295081967213
1,2026-04-27,LABORAL,12:00,86.0,107.603096,107.60309600830078,112.91803278688525
1,2026-04-27,LABORAL,12:30,72.0,114.52156,114.52156066894531,134.67489711934155
1,2026-04-27,LABORAL,13:00,126.0,122.026535,122.02653503417969,135.99590163934425
1,2026-04-27,LABORAL,13:30,148.0,129.9896,129.98959350585938,145.0327868852459
1,2026-04-27,LABORAL,14:00,97.0,138.2745,138.27450561523438,152.16182572614107
1,2026-04-27,LABORAL,14:30,211.0,146.83475,146.83474731445312,156.69135802469137
1,2026-04-27,LABORAL,15:00,168.0,152.05609,152.05609130859375,177.14344262295083
1,2026-04-27,LABORAL,15:30,160.0,142.41106,142.4110565185547,181.51239669421489
1,2026-04-27,LABORAL,16:00,125.0,122.50069,122.50068664550781,152.71487603305786
1,2026-04-27,LABORAL,16:30,84.0,101.63561,101.63561248779297,125.12345679012346
1,2026-04-27,LABORAL,17:00,56.0,80.322914,80.32291412353516,74.42857142857143
1,2026-04-27,LABORAL,18:00,25.0,38.03675,38.03675079345703,21.5
1,2026-04-28,LABORAL,04:30,133.0,117.49084,117.49083709716797,124.61475409836065
1,2026-04-28,LABORAL,05:00,129.0,124.468506,124.468505859375,123.4320987654321
1,2026-04-28,LABORAL,05:30,182.0,130.625,130.625,143.05327868852459
1,2026-04-28,LABORAL,06:00,156.0,134.81583,134.81582641601562,143.0983606557377
1,2026-04-28,LABORAL,06:30,48.0,136.21648,136.2164764404297,134.46502057613168
1,2026-04-28,LABORAL,07:00,148.0,133.18538,133.1853790283203,131.9917695473251
1,2026-04-28,LABORAL,07:30,118.0,128.42175,128.4217529296875,136.74590163934425
1,2026-04-28,LABORAL,08:00,113.0,123.325745,123.32574462890625,135.67489711934155
1,2026-04-28,LABORAL,08:30,127.0,117.98023,117.98023223876953,136.85185185185185
1,2026-04-28,LABORAL,09:00,202.0,112.5552,112.5551986694336,136.50205761316872
1,2026-04-28,LABORAL,09:30,142.0,107.403694,107.40369415283203,122.0327868852459
1,2026-04-28,LABORAL,10:00,43.0,103.30294,103.30294036865234,102.67622950819673
1,2026-04-28,LABORAL,10:30,116.0,100.32308,100.32308197021484,96.49590163934427
1,2026-04-28,LABORAL,11:00,82.0,98.51512,98.51512145996094,94.70491803278688
1,2026-04-28,LABORAL,11:30,117.0,101.332855,101.33285522460938,101.92213114754098
1,2026-04-28,LABORAL,12:00,88.0,107.0646,107.0645980834961,112.85655737704919
1,2026-04-28,LABORAL,12:30,199.0,113.68271,113.68270874023438,134.52674897119343
1,2026-04-28,LABORAL,13:00,90.0,120.97334,120.97334289550781,135.8360655737705
1,2026-04-28,LABORAL,13:30,76.0,128.81175,128.81175231933594,145.11065573770492
1,2026-04-28,LABORAL,14:00,148.0,137.0874,137.08740234375,151.45228215767634
1,2026-04-28,LABORAL,14:30,160.0,144.80408,144.8040771484375,157.40329218106996
1,2026-04-28,LABORAL,15:00,159.0,148.76787,148.7678680419922,176.69672131147541
1,2026-04-28,LABORAL,15:30,217.0,141.65067,141.65066528320312,181.50413223140495
1,2026-04-28,LABORAL,16:00,103.0,122.686554,122.68655395507812,152.52479338842974
1,2026-04-28,LABORAL,16:30,127.0,102.72125,102.72125244140625,124.69135802469135
1,2026-04-28,LABORAL,17:30,49.0,62.149643,62.14964294433594,38.7
1,2026-04-29,LABORAL,04:30,73.0,113.30211,113.30210876464844,124.3811475409836
1,2026-04-29,LABORAL,05:00,128.0,122.12272,122.12271881103516,123.44444444444444
1,2026-04-29,LABORAL,05:30,132.0,130.01392,130.013916015625,143.27868852459017
1,2026-04-29,LABORAL,06:00,127.0,131.1301,131.13009643554688,143.04918032786884
1,2026-04-29,LABORAL,06:30,129.0,130.09671,130.09671020507812,134.0781893004115
1,2026-04-29,LABORAL,07:00,108.0,128.21516,128.2151641845703,131.8312757201646
1,2026-04-29,LABORAL,07:30,147.0,125.30452,125.30451965332031,136.9795081967213
1,2026-04-29,LABORAL,08:00,134.0,121.3017,121.30169677734375,135.440329218107
1,2026-04-29,LABORAL,08:30,112.0,116.956314,116.95631408691406,136.58024691358025
1,2026-04-29,LABORAL,09:00,79.0,111.12456,111.12455749511719,136.81069958847738
1,2026-04-29,LABORAL,09:30,138.0,106.10985,106.10984802246094,122.11475409836065
1,2026-04-29,LABORAL,10:00,115.0,102.071236,102.07123565673828,102.30737704918033
1,2026-04-29,LABORAL,10:30,86.0,99.093735,99.09373474121094,96.5
1,2026-04-29,LABORAL,11:00,109.0,97.6908,97.69080352783203,94.59016393442623
1,2026-04-29,LABORAL,11:30,78.0,100.66505,100.66504669189453,101.72131147540983
1,2026-04-29,LABORAL,12:00,65.0,108.273674,108.27367401123047,112.82377049180327
1,2026-04-29,LABORAL,12:30,127.0,116.31616,116.316162109375,134.74074074074073
1,2026-04-29,LABORAL,13:00,125.0,124.65492,124.65492248535156,135.827868852459
1,2026-04-29,LABORAL,13:30,110.0,133.14726,133.1472625732422,144.59016393442624
1,2026-04-29,LABORAL,14:00,179.0,141.64789,141.64788818359375,151.1908713692946
1,2026-04-29,LABORAL,14:30,156.0,149.87341,149.8734130859375,157.7530864197531
1,2026-04-29,LABORAL,15:00,220.0,154.94926,154.9492645263672,176.4344262295082
1,2026-04-29,LABORAL,15:30,140.0,149.5516,149.55160522460938,181.60743801652893
1,2026-04-29,LABORAL,16:00,138.0,126.583565,126.58356475830078,152.12396694214877
1,2026-04-29,LABORAL,16:30,57.0,102.3427,102.34269714355469,124.51851851851852
1,2026-04-29,LABORAL,17:00,76.0,77.52437,77.52436828613281,74.46521739130435
1,2026-04-30,LABORAL,04:30,80.0,112.06449,112.06449127197266,124.09016393442623
1,2026-04-30,LABORAL,05:00,114.0,119.02479,119.02478790283203,123.34156378600824
1,2026-04-30,LABORAL,05:30,161.0,125.15565,125.15564727783203,143.11065573770492
1,2026-04-30,LABORAL,06:00,143.0,127.49323,127.49323272705078,142.9877049180328
1,2026-04-30,LABORAL,06:30,141.0,126.66671,126.66670989990234,134.119341563786
1,2026-04-30,LABORAL,07:00,80.0,124.74611,124.74610900878906,131.69135802469137
1,2026-04-30,LABORAL,07:30,164.0,122.62139,122.62139129638672,136.97540983606558
1,2026-04-30,LABORAL,08:00,122.0,117.18268,117.18267822265625,135.38683127572017
1,2026-04-30,LABORAL,08:30,217.0,112.25501,112.25501251220703,136.48559670781893
1,2026-04-30,LABORAL,09:00,67.0,108.13979,108.1397933959961,136.58024691358025
1,2026-04-30,LABORAL,09:30,178.0,104.7446,104.74459838867188,122.16803278688525
1,2026-04-30,LABORAL,10:00,66.0,102.12751,102.12751007080078,102.24180327868852
1,2026-04-30,LABORAL,10:30,86.0,100.41773,100.41773223876953,96.54508196721312
1,2026-04-30,LABORAL,11:00,100.0,100.49602,100.49601745605469,94.29918032786885
1,2026-04-30,LABORAL,11:30,125.0,105.3094,105.30940246582031,101.37295081967213
1,2026-04-30,LABORAL,12:30,235.0,117.10006,117.10005950927734,134.5514403292181
1,2026-04-30,LABORAL,13:00,90.0,123.64057,123.64057159423828,135.84016393442624
1,2026-04-30,LABORAL,13:30,228.0,130.46425,130.46424865722656,144.0327868852459
1,2026-04-30,LABORAL,14:00,104.0,137.45433,137.45433044433594,151.2780082987552
1,2026-04-30,LABORAL,14:30,177.0,143.98663,143.98663330078125,157.4320987654321
1,2026-04-30,LABORAL,15:00,194.0,147.16045,147.1604461669922,176.88934426229508
1,2026-04-30,LABORAL,15:30,161.0,136.65773,136.65773010253906,181.34297520661158
1,2026-04-30,LABORAL,16:00,52.0,118.66069,118.66069030761719,151.68595041322314
1,2026-04-30,LABORAL,16:30,47.0,99.8682,99.86820220947266,124.33333333333333
1,2026-04-30,LABORAL,17:00,105.0,80.82277,80.82276916503906,74.05652173913043
1,2026-05-01,FESTIVO,07:00,15.0,33.11966,47.333333333333336,47.333333333333336
1,2026-05-01,FESTIVO,07:30,56.0,32.29426,16.5,16.5
1,2026-05-01,FESTIVO,08:00,21.0,31.01046,24.8,24.8
1,2026-05-01,FESTIVO,08:30,24.0,29.734451,36.25,36.25
1,2026-05-01,FESTIVO,09:00,52.0,27.835182,21.75,21.75
1,2026-05-01,FESTIVO,09:30,32.0,27.46952,26.5,26.5
1,2026-05-01,FESTIVO,10:00,21.0,27.431084,25.5,25.5
1,2026-05-01,FESTIVO,10:30,73.0,27.789787,30.75,30.75
1,2026-05-01,FESTIVO,11:00,32.0,28.633194,30.75,30.75
1,2026-05-01,FESTIVO,11:30,47.0,29.877937,28.0,28.0
1,2026-05-01,FESTIVO,12:00,23.0,31.920723,22.666666666666668,22.666666666666668
1,2026-05-01,FESTIVO,12:30,27.0,35.499977,30.0,30.0
1,2026-05-01,FESTIVO,13:30,37.0,40.044968,35.5,35.5
1,2026-05-01,FESTIVO,14:00,33.0,41.556923,26.0,26.0
1,2026-05-01,FESTIVO,14:30,37.0,42.361908,33.666666666666664,33.666666666666664
1,2026-05-01,FESTIVO,15:00,64.0,42.508255,23.0,23.0
1,2026-05-01,FESTIVO,16:00,30.0,25.990456,36.0,36.0
1,2026-05-02,SABADO,04:30,56.0,39.80542,39.805419921875,81.37254901960785
1,2026-05-02,SABADO,05:00,97.0,53.131935,53.131935119628906,63.01960784313726
1,2026-05-02,SABADO,05:30,65.0,64.92139,64.92138671875,99.0
1,2026-05-02,SABADO,06:00,83.0,73.13374,73.13374328613281,97.13461538461539
1,2026-05-02,SABADO,06:30,72.0,76.2842,76.2842025756836,112.59615384615384
1,2026-05-02,SABADO,07:00,105.0,75.77131,75.77130889892578,103.75
1,2026-05-02,SABADO,07:30,39.0,74.397,74.39700317382812,105.88461538461539
1,2026-05-02,SABADO,08:00,109.0,72.807465,72.80746459960938,103.8076923076923
1,2026-05-02,SABADO,08:30,111.0,71.11589,71.11589050292969,101.73076923076923
1,2026-05-02,SABADO,09:00,164.0,70.86496,70.86495971679688,99.0576923076923
1,2026-05-02,SABADO,09:30,32.0,70.55993,70.55992889404297,92.9423076923077
1,2026-05-02,SABADO,10:00,29.0,70.15903,70.15902709960938,91.51923076923077
1,2026-05-02,SABADO,10:30,115.0,69.66911,69.66911315917969,96.52
1,2026-05-02,SABADO,11:00,86.0,69.09858,69.09857940673828,95.01923076923077
1,2026-05-02,SABADO,11:30,76.0,68.53204,68.53204345703125,83.94117647058823
1,2026-05-02,SABADO,12:00,74.0,69.76085,69.76084899902344,95.34615384615384
1,2026-05-02,SABADO,12:30,86.0,72.6762,72.67620086669922,96.61224489795919
1,2026-05-02,SABADO,13:00,39.0,74.77964,74.7796401977539,77.27659574468085
1,2026-05-02,SABADO,13:30,72.0,71.72786,71.72785949707031,81.14285714285714
1,2026-05-02,SABADO,14:00,60.0,65.59575,65.59574890136719,80.53061224489795
1,2026-05-02,SABADO,14:30,79.0,58.557278,58.55727767944336,71.58
1,2026-05-02,SABADO,15:00,51.0,50.348953,50.34895324707031,75.54
1,2026-05-02,SABADO,15:30,80.0,41.186653,41.18665313720703,66.46938775510205
1,2026-05-02,SABADO,16:00,29.0,31.209976,31.209976196289062,57.6875
1,2026-05-02,SABADO,16:30,62.0,20.522934,20.522933959960938,64.73170731707317
1,2026-05-02,SABADO,17:00,29.0,9.307999,9.307998657226562,41.51724137931034
1,2026-05-05,LABORAL,04:30,132.0,115.56915,115.56915283203125,123.38524590163935
1,2026-05-05,LABORAL,05:00,163.0,126.92242,126.92241668701172,123.36625514403292
1,2026-05-05,LABORAL,05:30,95.0,136.99232,136.99232482910156,143.05327868852459
1,2026-05-05,LABORAL,06:00,96.0,139.52933,139.52932739257812,142.6762295081967
1,2026-05-05,LABORAL,06:30,173.0,138.06537,138.06536865234375,133.59670781893004
1,2026-05-05,LABORAL,07:00,61.0,136.38185,136.38185119628906,131.0576131687243
1,2026-05-05,LABORAL,07:30,154.0,134.32314,134.32313537597656,136.47131147540983
1,2026-05-05,LABORAL,08:00,123.0,129.90475,129.90475463867188,135.21399176954733
1,2026-05-05,LABORAL,08:30,229.0,124.47738,124.47737884521484,136.47736625514403
1,2026-05-05,LABORAL,09:00,115.0,119.1767,119.17669677734375,136.49382716049382
1,2026-05-05,LABORAL,09:30,154.0,112.9346,112.93460083007812,121.95491803278688
1,2026-05-05,LABORAL,10:00,101.0,107.79118,107.79118347167969,102.14344262295081
1,2026-05-05,LABORAL,11:00,132.0,101.1929,101.19290161132812,94.15983606557377
1,2026-05-05,LABORAL,11:30,94.0,103.12369,103.12368774414062,101.24180327868852
1,2026-05-05,LABORAL,12:00,172.0,110.33887,110.3388671875,112.559670781893
1,2026-05-05,LABORAL,12:30,112.0,118.236145,118.23614501953125,134.98765432098764
1,2026-05-05,LABORAL,13:00,90.0,126.66203,126.66203308105469,135.20081967213116
1,2026-05-05,LABORAL,13:30,173.0,135.73315,135.733154296875,144.12704918032787
1,2026-05-05,LABORAL,14:00,115.0,145.17651,145.176513671875,150.448132780083
1,2026-05-05,LABORAL,14:30,140.0,152.18192,152.18191528320312,157.02880658436214
1,2026-05-05,LABORAL,15:00,181.0,156.03801,156.0380096435547,176.90573770491804
1,2026-05-05,LABORAL,15:30,199.0,150.07095,150.07095336914062,181.04132231404958
1,2026-05-05,LABORAL,16:00,156.0,128.35553,128.35552978515625,151.09504132231405
1,2026-05-05,LABORAL,16:30,153.0,104.62044,104.62043762207031,123.4074074074074
1,2026-05-05,LABORAL,17:00,36.0,80.21823,80.21823120117188,74.22173913043478
1,2026-05-06,LABORAL,04:30,124.0,118.36725,118.36724853515625,123.32377049180327
1,2026-05-06,LABORAL,05:00,91.0,129.03296,129.032958984375,123.20164609053498
1,2026-05-06,LABORAL,05:30,155.0,137.83896,137.83895874023438,142.91803278688525
1,2026-05-06,LABORAL,06:00,107.0,139.66899,139.6689910888672,142.25409836065575
1,2026-05-06,LABORAL,06:30,123.0,137.16956,137.1695556640625,133.67489711934155
1,2026-05-06,LABORAL,07:00,96.0,133.65894,133.658935546875,130.7283950617284
1,2026-05-06,LABORAL,07:30,173.0,130.22508,130.22508239746094,136.45491803278688
1,2026-05-06,LABORAL,08:00,123.0,126.92678,126.9267807006836,135.03703703703704
1,2026-05-06,LABORAL,08:30,150.0,123.69215,123.69214630126953,136.559670781893
1,2026-05-06,LABORAL,09:00,92.0,117.50176,117.50176239013672,136.30864197530863
1,2026-05-06,LABORAL,09:30,30.0,110.64927,110.6492691040039,121.9139344262295
1,2026-05-06,LABORAL,10:00,32.0,104.86443,104.86443328857422,102.13524590163935
1,2026-05-06,LABORAL,10:30,57.0,100.464,100.46399688720703,95.81893004115226
1,2026-05-06,LABORAL,11:00,79.0,97.780815,97.78081512451172,94.25
1,2026-05-06,LABORAL,11:30,117.0,100.0546,100.05460357666016,101.06147540983606
1,2026-05-06,LABORAL,12:00,166.0,108.77211,108.77210998535156,112.79012345679013
1,2026-05-06,LABORAL,12:30,64.0,118.395615,118.39561462402344,134.8230452674897
1,2026-05-06,LABORAL,13:00,109.0,128.46541,128.4654083251953,134.8360655737705
1,2026-05-06,LABORAL,13:30,157.0,138.80919,138.80918884277344,144.172131147541
1,2026-05-06,LABORAL,14:00,198.0,149.24998,149.24998474121094,150.05394190871368
1,2026-05-06,LABORAL,14:30,74.0,159.60913,159.609130859375,156.91358024691357
1,2026-05-06,LABORAL,15:00,137.0,168.66118,168.6611785888672,177.03688524590163
1,2026-05-06,LABORAL,16:00,97.0,139.298,139.29800415039062,150.95867768595042
1,2026-05-06,LABORAL,16:30,81.0,111.393265,111.39326477050781,123.44444444444444
1,2026-05-06,LABORAL,17:00,58.0,82.6799,82.67990112304688,73.86521739130434
1,2026-05-07,LABORAL,04:30,111.0,102.161964,102.1619644165039,123.15983606557377
1,2026-05-07,LABORAL,05:00,67.0,110.30205,110.30204772949219,122.97942386831275
1,2026-05-07,LABORAL,05:30,166.0,117.81084,117.81083679199219,142.9139344262295
1,2026-05-07,LABORAL,06:00,100.0,121.859406,121.85940551757812,142.06967213114754
1,2026-05-07,LABORAL,06:30,131.0,123.61657,123.61656951904297,133.65020576131687
1,2026-05-07,LABORAL,07:00,84.0,122.26343,122.263427734375,130.3827160493827
1,2026-05-07,LABORAL,07:30,113.0,118.296906,118.29690551757812,136.422131147541
1,2026-05-07,LABORAL,08:00,134.0,112.22744,112.2274398803711,135.06584362139918
1,2026-05-07,LABORAL,08:30,151.0,106.73166,106.73165893554688,136.49382716049382
1,2026-05-07,LABORAL,09:00,117.0,101.90358,101.90357971191406,136.2633744855967
1,2026-05-07,LABORAL,09:30,75.0,98.07555,98.07554626464844,121.22131147540983
1,2026-05-07,LABORAL,10:00,113.0,95.07582,95.07582092285156,102.01639344262296
1,2026-05-07,LABORAL,10:30,108.0,92.9522,92.95220184326172,95.47736625514403
1,2026-05-07,LABORAL,11:00,78.0,92.563774,92.56377410888672,94.06557377049181
1,2026-05-07,LABORAL,11:30,88.0,98.19389,98.19389343261719,101.05737704918033
1,2026-05-07,LABORAL,12:00,162.0,105.24979,105.24978637695312,112.90946502057614
1,2026-05-07,LABORAL,12:30,105.0,112.70484,112.70484161376953,134.320987654321
1,2026-05-07,LABORAL,13:00,137.0,120.31601,120.31600952148438,134.88114754098362
1,2026-05-07,LABORAL,13:30,104.0,128.2703,128.27029418945312,144.15983606557376
1,2026-05-07,LABORAL,14:00,156.0,136.24734,136.24734497070312,149.90871369294607
1,2026-05-07,LABORAL,14:30,135.0,143.29056,143.29055786132812,156.32510288065845
1,2026-05-07,LABORAL,15:00,226.0,145.37573,145.375732421875,176.89754098360655
1,2026-05-07,LABORAL,15:30,128.0,135.29332,135.29331970214844,181.1701244813278
1,2026-05-07,LABORAL,16:00,121.0,116.45274,116.45274353027344,150.59504132231405
1,2026-05-07,LABORAL,16:30,110.0,96.0628,96.06279754638672,123.16460905349794
1,2026-05-07,LABORAL,17:00,30.0,75.03898,75.03897857666016,73.51739130434783
1,2026-05-07,LABORAL,17:30,32.0,53.810783,53.81078338623047,38.56164383561644
1,2026-05-08,LABORAL,04:30,128.0,111.43556,111.43556213378906,123.00409836065573
1,2026-05-08,LABORAL,05:00,170.0,121.84452,121.84452056884766,122.66666666666667
1,2026-05-08,LABORAL,05:30,43.0,131.54807,131.54806518554688,142.74590163934425
1,2026-05-08,LABORAL,06:00,165.0,136.05124,136.05123901367188,141.9344262295082
1,2026-05-08,LABORAL,06:30,106.0,134.63663,134.63662719726562,133.31687242798353
1,2026-05-08,LABORAL,07:00,141.0,132.0798,132.07980346679688,130.28395061728395
1,2026-05-08,LABORAL,07:30,97.0,128.29758,128.29757690429688,136.19262295081967
1,2026-05-08,LABORAL,08:00,111.0,122.72557,122.72557067871094,134.97119341563786
1,2026-05-08,LABORAL,08:30,156.0,116.50556,116.50556182861328,136.43621399176953
1,2026-05-08,LABORAL,09:00,133.0,111.01699,111.0169906616211,136.25102880658437
1,2026-05-08,LABORAL,09:30,71.0,106.353775,106.35377502441406,121.01639344262296
1,2026-05-08,LABORAL,10:00,102.0,102.59568,102.5956802368164,101.9139344262295
1,2026-05-08,LABORAL,10:30,85.0,99.898315,99.8983154296875,95.4320987654321
1,2026-05-08,LABORAL,11:00,65.0,100.42176,100.42176055908203,94.09426229508196
1,2026-05-08,LABORAL,11:30,101.0,107.25957,107.25956726074219,100.86475409836065
1,2026-05-08,LABORAL,12:00,94.0,114.91891,114.91890716552734,113.21399176954732
1,2026-05-08,LABORAL,12:30,151.0,122.999756,122.999755859375,134.02469135802468
1,2026-05-08,LABORAL,13:00,107.0,131.36386,131.36386108398438,134.79098360655738
1,2026-05-08,LABORAL,13:30,191.0,139.80276,139.80276489257812,143.4877049180328
1,2026-05-08,LABORAL,14:00,155.0,148.07944,148.07943725585938,150.0746887966805
1,2026-05-08,LABORAL,14:30,99.0,156.19116,156.191162109375,156.440329218107
1,2026-05-08,LABORAL,15:00,247.0,161.91016,161.91015625,176.6844262295082
1,2026-05-08,LABORAL,15:30,88.0,151.84833,151.84832763671875,181.0746887966805
1,2026-05-08,LABORAL,16:00,94.0,130.64929,130.6492919921875,150.25619834710744
1,2026-05-08,LABORAL,16:30,50.0,107.990585,107.99058532714844,123.03292181069959
1,2026-05-08,LABORAL,17:00,79.0,84.653305,84.65330505371094,73.10434782608695
1,2026-05-09,SABADO,04:30,49.0,53.786514,53.78651428222656,80.09803921568627
1,2026-05-09,SABADO,05:00,69.0,67.4094,67.4094009399414,64.09803921568627
1,2026-05-09,SABADO,05:30,87.0,78.81313,78.8131332397461,98.0576923076923
1,2026-05-09,SABADO,06:00,124.0,85.916664,85.91666412353516,96.9423076923077
1,2026-05-09,SABADO,06:30,77.0,91.85928,91.85928344726562,111.42307692307692
1,2026-05-09,SABADO,07:00,149.0,94.83432,94.83432006835938,103.82692307692308
1,2026-05-09,SABADO,07:30,54.0,93.11694,93.116943359375,103.86538461538461
1,2026-05-09,SABADO,08:00,114.0,88.98986,88.98986053466797,103.40384615384616
1,2026-05-09,SABADO,08:30,115.0,86.84827,86.8482666015625,101.86538461538461
1,2026-05-09,SABADO,09:00,101.0,85.07077,85.07077026367188,100.38461538461539
1,2026-05-09,SABADO,09:30,109.0,83.72445,83.72444915771484,91.3076923076923
1,2026-05-09,SABADO,10:00,116.0,82.193855,82.19385528564453,89.57692307692308
1,2026-05-09,SABADO,10:30,49.0,81.21317,81.21317291259766,96.58
1,2026-05-09,SABADO,11:00,89.0,81.05072,81.05072021484375,94.51923076923077
1,2026-05-09,SABADO,11:30,106.0,81.9205,81.92050170898438,83.68627450980392
1,2026-05-09,SABADO,12:00,45.0,82.77047,82.77046966552734,94.65384615384616
1,2026-05-09,SABADO,12:30,25.0,83.349495,83.34949493408203,95.0204081632653
1,2026-05-09,SABADO,13:00,116.0,79.31943,79.31942749023438,75.2127659574468
1,2026-05-09,SABADO,13:30,52.0,76.30701,76.3070068359375,80.16326530612245
1,2026-05-09,SABADO,14:00,59.0,72.09375,72.09375,80.71428571428571
1,2026-05-09,SABADO,14:30,44.0,66.350266,66.35026550292969,71.1
1,2026-05-09,SABADO,15:00,46.0,59.174812,59.17481231689453,75.1
1,2026-05-09,SABADO,15:30,35.0,50.690178,50.69017791748047,67.24489795918367
1,2026-05-09,SABADO,16:00,19.0,41.041527,41.041526794433594,57.208333333333336
1,2026-05-09,SABADO,17:00,46.0,18.929657,18.929656982421875,41.44827586206897
1,2026-05-10,DOMINGO,07:00,45.0,55.564102,55.56410217285156,34.25
1,2026-05-10,DOMINGO,08:00,27.0,55.652523,55.652523040771484,36.54761904761905
1,2026-05-10,DOMINGO,09:00,28.0,55.709305,55.70930480957031,41.166666666666664
1,2026-05-10,DOMINGO,09:30,62.0,55.704063,55.704063415527344,35.25
1,2026-05-10,DOMINGO,10:00,25.0,55.656803,55.656803131103516,34.8
1,2026-05-10,DOMINGO,10:30,30.0,55.56834,55.56834030151367,34.725
1,2026-05-10,DOMINGO,11:30,39.0,55.27453,55.27452850341797,36.84375
1,2026-05-10,DOMINGO,12:00,31.0,55.0742,55.07419967651367,36.0
1,2026-05-10,DOMINGO,13:00,62.0,54.583782,54.58378219604492,31.060606060606062
1,2026-05-10,DOMINGO,14:30,23.0,53.68976,53.68975830078125,37.96969696969697
1,2026-05-11,LABORAL,04:30,97.0,107.16715,107.16715240478516,122.81967213114754
1,2026-05-11,LABORAL,05:00,109.0,119.44537,119.44537353515625,122.90123456790124
1,2026-05-11,LABORAL,05:30,86.0,130.94717,130.94717407226562,142.14344262295083
1,2026-05-11,LABORAL,06:00,106.0,135.77672,135.77671813964844,142.06147540983608
1,2026-05-11,LABORAL,06:30,103.0,136.6282,136.62820434570312,133.19753086419752
1,2026-05-11,LABORAL,07:00,102.0,135.28496,135.2849578857422,130.07407407407408
1,2026-05-11,LABORAL,07:30,191.0,129.91376,129.91375732421875,135.9795081967213
1,2026-05-11,LABORAL,08:00,96.0,124.30321,124.30320739746094,134.84773662551441
1,2026-05-11,LABORAL,08:30,127.0,117.08751,117.08750915527344,136.37860082304528
1,2026-05-11,LABORAL,09:00,144.0,110.397125,110.39712524414062,136.36625514403292
1,2026-05-11,LABORAL,09:30,70.0,104.86276,104.86276245117188,120.63524590163935
1,2026-05-11,LABORAL,10:00,107.0,100.57911,100.57910919189453,101.95901639344262
1,2026-05-11,LABORAL,10:30,105.0,97.61947,97.61946868896484,95.10699588477367
1,2026-05-11,LABORAL,11:00,39.0,96.02919,96.02919006347656,93.96311475409836
1,2026-05-11,LABORAL,11:30,87.0,100.85943,100.85942840576172,100.84016393442623
1,2026-05-11,LABORAL,12:00,43.0,108.489685,108.48968505859375,113.15637860082305
1,2026-05-11,LABORAL,12:30,124.0,116.932434,116.93243408203125,133.9917695473251
1,2026-05-11,LABORAL,13:00,98.0,125.844086,125.84408569335938,134.66803278688525
1,2026-05-11,LABORAL,13:30,116.0,134.73187,134.73187255859375,143.51639344262296
1,2026-05-11,LABORAL,14:00,211.0,143.465,143.46499633789062,150.16597510373444
1,2026-05-11,LABORAL,14:30,40.0,150.69196,150.69195556640625,155.76954732510288
1,2026-05-11,LABORAL,15:00,163.0,156.70792,156.70791625976562,176.94262295081967
1,2026-05-11,LABORAL,15:30,170.0,147.24875,147.24874877929688,180.45228215767634
1,2026-05-11,LABORAL,16:00,82.0,125.25808,125.2580795288086,150.1198347107438
1,2026-05-11,LABORAL,16:30,100.0,100.056786,100.0567855834961,122.39094650205762
1,2026-05-11,LABORAL,17:00,29.0,74.14949,74.14949035644531,73.02608695652174
1,2026-05-12,LABORAL,04:30,128.0,101.95084,101.95084381103516,122.6311475409836
1,2026-05-12,LABORAL,05:00,135.0,116.19471,116.19470977783203,122.88477366255144
1,2026-05-12,LABORAL,05:30,137.0,127.50607,127.50607299804688,141.7295081967213
1,2026-05-12,LABORAL,06:00,139.0,130.02878,130.02877807617188,141.64344262295083
1,2026-05-12,LABORAL,06:30,138.0,132.22943,132.22943115234375,133.11111111111111
1,2026-05-12,LABORAL,07:00,113.0,131.92047,131.92047119140625,129.87654320987653
1,2026-05-12,LABORAL,07:30,153.0,129.06635,129.06634521484375,136.1762295081967
1,2026-05-12,LABORAL,08:00,147.0,125.54229,125.54228973388672,134.53086419753086
1,2026-05-12,LABORAL,08:30,59.0,118.164406,118.1644058227539,136.34156378600824
1,2026-05-12,LABORAL,09:00,103.0,110.92347,110.92346954345703,136.45679012345678
1,2026-05-12,LABORAL,09:30,148.0,103.58057,103.58056640625,120.47540983606558
1,2026-05-12,LABORAL,10:00,96.0,97.6574,97.65740203857422,101.93032786885246
1,2026-05-12,LABORAL,10:30,77.0,93.07989,93.07988739013672,95.06584362139918
1,2026-05-12,LABORAL,11:00,99.0,89.926346,89.92634582519531,93.7172131147541
1,2026-05-12,LABORAL,11:30,112.0,90.093735,90.09373474121094,100.90573770491804
1,2026-05-12,LABORAL,12:00,91.0,96.84393,96.84393310546875,112.75720164609054
1,2026-05-12,LABORAL,12:30,93.0,106.45335,106.4533462524414,133.6378600823045
1,2026-05-12,LABORAL,13:00,155.0,116.840904,116.84090423583984,134.59426229508196
1,2026-05-12,LABORAL,13:30,91.0,127.368324,127.36832427978516,143.40983606557376
1,2026-05-12,LABORAL,14:00,118.0,137.3107,137.31069946289062,150.0331950207469
1,2026-05-12,LABORAL,14:30,193.0,144.15707,144.15707397460938,155.5514403292181
1,2026-05-12,LABORAL,15:00,169.0,148.45956,148.45956420898438,176.7377049180328
1,2026-05-12,LABORAL,15:30,137.0,143.41418,143.4141845703125,180.43983402489627
1,2026-05-12,LABORAL,16:00,91.0,120.69931,120.69931030273438,149.62809917355372
1,2026-05-12,LABORAL,16:30,45.0,93.5933,93.59329986572266,122.30864197530865
1,2026-05-12,LABORAL,17:00,61.0,64.83106,64.83106231689453,72.60434782608695
1,2026-05-13,LABORAL,04:30,63.0,96.50121,96.50121307373047,122.55327868852459
1,2026-05-13,LABORAL,05:00,145.0,109.43921,109.439208984375,122.80658436213992
1,2026-05-13,LABORAL,05:30,93.0,118.381645,118.38164520263672,141.63524590163934
1,2026-05-13,LABORAL,06:00,96.0,120.040344,120.04034423828125,141.61475409836066
1,2026-05-13,LABORAL,06:30,183.0,121.41026,121.41026306152344,133.06584362139918
1,2026-05-13,LABORAL,07:00,76.0,120.622284,120.62228393554688,129.84362139917695
1,2026-05-13,LABORAL,07:30,173.0,119.04852,119.04852294921875,135.98360655737704
1,2026-05-13,LABORAL,08:00,93.0,116.05395,116.05394744873047,134.60493827160494
1,2026-05-13,LABORAL,08:30,150.0,109.436195,109.43619537353516,135.88477366255145
1,2026-05-13,LABORAL,09:00,56.0,101.971664,101.97166442871094,136.2962962962963
1,2026-05-13,LABORAL,09:30,119.0,95.82535,95.82534790039062,120.36065573770492
1,2026-05-13,LABORAL,10:00,118.0,90.83838,90.83837890625,102.01229508196721
1,2026-05-13,LABORAL,10:30,62.0,87.09609,87.0960922241211,94.83539094650206
1,2026-05-13,LABORAL,11:00,175.0,84.662506,84.66250610351562,93.55737704918033
1,2026-05-13,LABORAL,11:30,63.0,84.44223,84.44223022460938,100.9139344262295
1,2026-05-13,LABORAL,12:00,124.0,92.6255,92.62550354003906,112.95473251028807
1,2026-05-13,LABORAL,12:30,73.0,102.31613,102.31613159179688,133.41152263374485
1,2026-05-13,LABORAL,13:00,127.0,112.450516,112.45051574707031,134.55737704918033
1,2026-05-13,LABORAL,13:30,141.0,122.855225,122.855224609375,143.15573770491804
1,2026-05-13,LABORAL,14:00,126.0,133.35838,133.35838317871094,149.83817427385893
1,2026-05-13,LABORAL,14:30,180.0,141.88031,141.88031005859375,155.56378600823047
1,2026-05-13,LABORAL,15:00,130.0,145.67645,145.67645263671875,176.52868852459017
1,2026-05-13,LABORAL,15:30,214.0,138.83693,138.83692932128906,180.1908713692946
1,2026-05-13,LABORAL,16:00,130.0,115.62633,115.62632751464844,149.06198347107437
1,2026-05-13,LABORAL,16:30,69.0,89.27289,89.27288818359375,122.07818930041152
1,2026-05-13,LABORAL,17:00,40.0,62.04963,62.04962921142578,72.35217391304347
1,2026-05-14,LABORAL,04:30,88.0,105.67537,105.67536926269531,122.01639344262296
1,2026-05-14,LABORAL,05:00,85.0,117.48211,117.48210906982422,123.0082304526749
1,2026-05-14,LABORAL,05:30,201.0,124.83652,124.83651733398438,141.40573770491804
1,2026-05-14,LABORAL,06:00,138.0,126.126755,126.12675476074219,141.0860655737705
1,2026-05-14,LABORAL,06:30,72.0,127.07557,127.07556915283203,133.30041152263374
1,2026-05-14,LABORAL,07:00,146.0,126.34596,126.34596252441406,129.60493827160494
1,2026-05-14,LABORAL,07:30,105.0,124.57174,124.57173919677734,136.04508196721312
1,2026-05-14,LABORAL,08:00,137.0,121.54422,121.54421997070312,134.37037037037038
1,2026-05-14,LABORAL,08:30,124.0,114.90683,114.90682983398438,136.0164609053498
1,2026-05-14,LABORAL,09:00,83.0,107.55474,107.55474090576172,135.6954732510288
1,2026-05-14,LABORAL,09:30,113.0,101.244965,101.24496459960938,120.33196721311475
1,2026-05-14,LABORAL,10:00,105.0,96.08545,96.08544921875,102.11065573770492
1,2026-05-14,LABORAL,10:30,105.0,92.16449,92.16448974609375,94.53909465020575
1,2026-05-14,LABORAL,11:00,66.0,89.78457,89.7845687866211,93.8811475409836
1,2026-05-14,LABORAL,11:30,101.0,92.4793,92.47930145263672,100.60655737704919
1,2026-05-14,LABORAL,12:00,96.0,100.94969,100.94969177246094,113.03703703703704
1,2026-05-14,LABORAL,12:30,116.0,110.49324,110.49324035644531,133.09465020576133
1,2026-05-14,LABORAL,13:00,126.0,120.57655,120.57655334472656,134.55737704918033
1,2026-05-14,LABORAL,13:30,127.0,130.92924,130.9292449951172,142.68852459016392
1,2026-05-14,LABORAL,14:00,135.0,141.54053,141.54052734375,149.99585062240664
1,2026-05-14,LABORAL,14:30,151.0,151.2557,151.25570678710938,155.6172839506173
1,2026-05-14,LABORAL,15:00,180.0,155.21413,155.21412658691406,176.0655737704918
1,2026-05-14,LABORAL,15:30,121.0,147.22662,147.22662353515625,180.23651452282158
1,2026-05-14,LABORAL,16:00,124.0,124.21006,124.2100601196289,148.8512396694215
1,2026-05-14,LABORAL,16:30,82.0,97.19003,97.19003295898438,121.78189300411523
1,2026-05-14,LABORAL,17:00,43.0,69.26894,69.2689437866211,72.2695652173913
1,2026-05-14,LABORAL,17:30,5.0,40.92456,40.924560546875,38.429577464788736
1,2026-05-15,LABORAL,04:30,147.0,98.52327,98.52326965332031,121.56967213114754
1,2026-05-15,LABORAL,05:00,89.0,98.86659,98.86659240722656,122.77777777777777
1,2026-05-15,LABORAL,05:30,116.0,99.16175,99.16175079345703,141.70081967213116
1,2026-05-15,LABORAL,06:00,137.0,99.40367,99.40367126464844,140.95081967213116
1,2026-05-15,LABORAL,06:30,86.0,99.58823,99.58822631835938,133.07407407407408
1,2026-05-15,LABORAL,07:00,183.0,99.715485,99.71548461914062,129.65020576131687
1,2026-05-15,LABORAL,07:30,120.0,99.78441,99.78440856933594,135.94672131147541
1,2026-05-15,LABORAL,08:00,112.0,99.7903,99.79029846191406,134.1851851851852
1,2026-05-15,LABORAL,08:30,84.0,99.73306,99.73306274414062,136.09876543209876
1,2026-05-15,LABORAL,09:00,136.0,99.613686,99.61368560791016,135.21810699588477
1,2026-05-15,LABORAL,09:30,98.0,99.434204,99.4342041015625,120.37704918032787
1,2026-05-15,LABORAL,10:00,90.0,99.197105,99.19710540771484,102.00409836065573
1,2026-05-15,LABORAL,10:30,116.0,98.90225,98.90225219726562,94.59670781893004
1,2026-05-15,LABORAL,11:00,55.0,98.55909,98.55908966064453,93.72131147540983
1,2026-05-15,LABORAL,11:30,151.0,98.173485,98.1734848022461,100.43852459016394
1,2026-05-15,LABORAL,12:00,117.0,97.83316,97.83316040039062,112.95884773662551
1,2026-05-15,LABORAL,12:30,87.0,97.48209,97.48209381103516,132.880658436214
1,2026-05-15,LABORAL,13:00,122.0,97.10761,97.10761260986328,134.52868852459017
1,2026-05-15,LABORAL,13:30,93.0,96.716125,96.71612548828125,142.827868852459
1,2026-05-15,LABORAL,14:00,218.0,96.31432,96.31432342529297,149.91286307053943
1,2026-05-15,LABORAL,14:30,100.0,95.90782,95.90782165527344,155.45679012345678
1,2026-05-15,LABORAL,15:00,161.0,95.50134,95.5013427734375,176.36475409836066
1,2026-05-15,LABORAL,15:30,160.0,95.04642,95.04641723632812,179.79253112033194
1,2026-05-15,LABORAL,16:00,163.0,94.44704,94.44703674316406,148.41735537190084
1,2026-05-15,LABORAL,16:30,126.0,93.86073,93.86073303222656,121.35802469135803
1,2026-05-15,LABORAL,17:00,80.0,93.31999,93.31999206542969,72.15217391304348
1,2026-05-16,SABADO,04:30,26.0,81.58085,81.58084869384766,78.7843137254902
1,2026-05-16,SABADO,05:00,103.0,81.77023,81.77023315429688,63.94117647058823
1,2026-05-16,SABADO,05:30,81.0,81.8943,81.89430236816406,97.51923076923077
1,2026-05-16,SABADO,06:00,33.0,81.95094,81.95094299316406,97.75
1,2026-05-16,SABADO,06:30,120.0,81.93918,81.93917846679688,109.5576923076923
1,2026-05-16,SABADO,07:00,145.0,81.85922,81.85922241210938,104.34615384615384
1,2026-05-16,SABADO,07:30,128.0,81.7493,81.74929809570312,102.98076923076923
1,2026-05-16,SABADO,08:00,77.0,81.621216,81.6212158203125,102.78846153846153
1,2026-05-16,SABADO,08:30,108.0,81.42733,81.42733001708984,101.84615384615384
1,2026-05-16,SABADO,09:00,113.0,81.16016,81.16015625,99.63461538461539
1,2026-05-16,SABADO,09:30,85.0,80.824265,80.82426452636719,91.17307692307692
1,2026-05-16,SABADO,10:00,83.0,80.42541,80.42540740966797,88.51923076923077
1,2026-05-16,SABADO,10:30,90.0,79.98104,79.98104095458984,95.5
1,2026-05-16,SABADO,11:00,100.0,79.57804,79.57804107666016,94.1923076923077
1,2026-05-16,SABADO,11:30,103.0,79.21582,79.2158203125,83.74509803921569
1,2026-05-16,SABADO,12:00,118.0,78.86484,78.86483764648438,93.46153846153847
1,2026-05-16,SABADO,12:30,110.0,78.49469,78.49468994140625,93.61224489795919
1,2026-05-16,SABADO,13:00,35.0,78.11171,78.11170959472656,75.42553191489361
1,2026-05-16,SABADO,13:30,48.0,77.72246,77.72245788574219,79.18367346938776
1,2026-05-16,SABADO,14:00,25.0,77.33358,77.33358001708984,80.0
1,2026-05-16,SABADO,14:30,147.0,76.95174,76.95173645019531,70.2
1,2026-05-16,SABADO,15:00,42.0,76.58347,76.5834732055664,74.42
1,2026-05-16,SABADO,15:30,39.0,76.13826,76.13825988769531,65.59183673469387
1,2026-05-16,SABADO,16:00,45.0,75.64811,75.64810943603516,57.083333333333336
1,2026-05-16,SABADO,17:00,1.0,74.636345,74.63634490966797,40.37931034482759
1,2026-05-17,DOMINGO,07:00,20.0,34.17565,34.17565155029297,34.45
1,2026-05-17,DOMINGO,07:30,40.0,34.130142,34.13014221191406,32.13333333333333
1,2026-05-17,DOMINGO,08:00,16.0,34.010864,34.0108642578125,36.166666666666664
1,2026-05-17,DOMINGO,08:30,59.0,33.846657,33.846656799316406,43.86046511627907
1,2026-05-17,DOMINGO,10:30,24.0,32.600044,32.60004425048828,34.8
1,2026-05-17,DOMINGO,11:30,38.0,31.710495,31.710494995117188,36.71875
1,2026-05-17,DOMINGO,12:00,26.0,31.238144,31.238143920898438,35.92307692307692
1,2026-05-17,DOMINGO,16:00,27.0,28.856049,28.856048583984375,33.72727272727273
1,2026-05-18,FESTIVO_PUENTE,06:30,34.0,85.510414,35.5,35.5
1,2026-05-18,FESTIVO_PUENTE,07:00,54.0,85.56802,27.25,27.25
1,2026-05-18,FESTIVO_PUENTE,08:00,26.0,85.47531,22.0,22.0
1,2026-05-18,FESTIVO_PUENTE,08:30,20.0,85.32658,28.555555555555557,28.555555555555557
1,2026-05-18,FESTIVO_PUENTE,09:00,21.0,85.11259,22.2,22.2
1,2026-05-18,FESTIVO_PUENTE,09:30,41.0,84.83701,35.666666666666664,35.666666666666664
1,2026-05-18,FESTIVO_PUENTE,10:30,16.0,84.18695,34.0,34.0
1,2026-05-18,FESTIVO_PUENTE,11:00,12.0,83.79986,25.11111111111111,25.11111111111111
1,2026-05-18,FESTIVO_PUENTE,11:30,46.0,83.37146,28.25,28.25
1,2026-05-18,FESTIVO_PUENTE,12:00,17.0,82.909065,24.5,24.5
1,2026-05-18,FESTIVO_PUENTE,13:00,23.0,81.914444,34.5,34.5
1,2026-05-18,FESTIVO_PUENTE,14:00,26.0,80.883606,45.166666666666664,45.166666666666664
1,2026-05-18,FESTIVO_PUENTE,16:30,36.0,78.02626,28.333333333333332,28.333333333333332
1,2026-05-19,LABORAL,04:30,82.0,103.90815,103.90814971923828,121.19341563786008
1,2026-05-19,LABORAL,05:00,135.0,121.927246,121.92724609375,122.92561983471074
1,2026-05-19,LABORAL,05:30,156.0,135.90034,135.9003448486328,141.3827160493827
1,2026-05-19,LABORAL,06:00,133.0,144.28075,144.28074645996094,140.6172839506173
1,2026-05-19,LABORAL,06:30,155.0,147.80717,147.8071746826172,132.58677685950414
1,2026-05-19,LABORAL,07:00,125.0,146.77733,146.77732849121094,129.8099173553719
1,2026-05-19,LABORAL,07:30,122.0,143.74152,143.74151611328125,135.75720164609052
1,2026-05-19,LABORAL,08:00,124.0,139.83556,139.83555603027344,134.1404958677686
1,2026-05-19,LABORAL,08:30,130.0,133.04332,133.04331970214844,135.4793388429752
1,2026-05-19,LABORAL,09:00,156.0,127.30299,127.30299377441406,135.22727272727272
1,2026-05-19,LABORAL,09:30,125.0,122.71279,122.7127914428711,120.07407407407408
1,2026-05-19,LABORAL,10:00,71.0,119.35127,119.35127258300781,102.0
1,2026-05-19,LABORAL,10:30,146.0,117.27594,117.27593994140625,94.40082644628099
1,2026-05-19,LABORAL,11:00,42.0,116.52229,116.52229309082031,93.36625514403292
1,2026-05-19,LABORAL,11:30,184.0,118.83275,118.83274841308594,100.68312757201646
1,2026-05-19,LABORAL,12:00,77.0,124.63403,124.634033203125,113.11157024793388
1,2026-05-19,LABORAL,12:30,131.0,132.28337,132.2833709716797,132.23140495867767
1,2026-05-19,LABORAL,13:00,91.0,140.66013,140.66012573242188,134.7283950617284
1,2026-05-19,LABORAL,13:30,153.0,149.62099,149.62098693847656,142.20164609053498
1,2026-05-19,LABORAL,14:00,118.0,159.0126,159.01260375976562,150.18333333333334
1,2026-05-19,LABORAL,14:30,158.0,164.14548,164.14547729492188,155.08677685950414
1,2026-05-19,LABORAL,15:00,155.0,159.97412,159.97412109375,176.44444444444446
1,2026-05-19,LABORAL,15:30,122.0,146.73701,146.7370147705078,179.325
1,2026-05-19,LABORAL,16:00,222.0,124.32347,124.32347106933594,148.37759336099586
1,2026-05-19,LABORAL,16:30,143.0,100.05988,100.05988311767578,121.13636363636364
1,2026-05-19,LABORAL,17:00,48.0,75.28293,75.28292846679688,71.8471615720524
1,2026-05-20,LABORAL,04:30,82.0,111.69889,111.69889068603516,120.93004115226337
1,2026-05-20,LABORAL,05:00,128.0,122.68713,122.6871337890625,122.93388429752066
1,2026-05-20,LABORAL,05:30,88.0,131.65295,131.6529541015625,141.08641975308643
1,2026-05-20,LABORAL,06:00,137.0,135.82828,135.82827758789062,140.320987654321
1,2026-05-20,LABORAL,06:30,145.0,134.7774,134.77740478515625,132.65289256198346
1,2026-05-20,LABORAL,07:00,130.0,131.80295,131.80294799804688,129.84710743801654
1,2026-05-20,LABORAL,07:30,101.0,128.95003,128.9500274658203,135.7037037037037
1,2026-05-20,LABORAL,08:00,58.0,125.86656,125.86656188964844,134.06611570247935
1,2026-05-20,LABORAL,08:30,185.0,119.08648,119.08647918701172,135.0
1,2026-05-20,LABORAL,09:00,91.0,113.16594,113.16593933105469,135.20247933884298
1,2026-05-20,LABORAL,09:30,104.0,108.7452,108.74520111083984,119.8641975308642
1,2026-05-20,LABORAL,10:00,191.0,105.3958,105.39579772949219,101.7448559670782
1,2026-05-20,LABORAL,10:30,67.0,103.17506,103.17505645751953,94.49586776859505
1,2026-05-20,LABORAL,11:00,66.0,102.120964,102.12096405029297,93.15637860082305
1,2026-05-20,LABORAL,11:30,92.0,104.80245,104.80245208740234,100.95061728395062
1,2026-05-20,LABORAL,12:00,82.0,111.05278,111.05278015136719,112.6694214876033
1,2026-05-20,LABORAL,12:30,104.0,118.085686,118.08568572998047,131.99586776859505
1,2026-05-20,LABORAL,13:00,47.0,125.73682,125.73681640625,134.4238683127572
1,2026-05-20,LABORAL,13:30,178.0,133.87526,133.87525939941406,142.20987654320987
1,2026-05-20,LABORAL,14:00,117.0,142.12929,142.12928771972656,149.95
1,2026-05-20,LABORAL,14:30,130.0,150.23058,150.23057556152344,155.099173553719
1,2026-05-20,LABORAL,15:00,270.0,154.03973,154.03973388671875,176.40740740740742
1,2026-05-20,LABORAL,15:30,180.0,139.78592,139.78591918945312,178.4
1,2026-05-20,LABORAL,16:00,104.0,119.15479,119.15479278564453,148.47302904564316
1,2026-05-20,LABORAL,16:30,71.0,97.76875,97.76875305175781,121.14049586776859
1,2026-05-20,LABORAL,17:00,95.0,75.94592,75.9459228515625,71.73362445414847
1,2026-05-23,SABADO,04:30,94.0,56.665318,56.66531753540039,76.96078431372548
1,2026-05-23,SABADO,05:00,32.0,69.78291,69.78291320800781,65.29411764705883
1,2026-05-23,SABADO,05:30,145.0,81.25102,81.25102233886719,97.1923076923077
1,2026-05-23,SABADO,06:00,78.0,89.136986,89.1369857788086,95.82692307692308
1,2026-05-23,SABADO,06:30,148.0,95.28541,95.28540802001953,110.38461538461539
1,2026-05-23,SABADO,07:00,66.0,99.89367,99.89366912841797,104.90384615384616
1,2026-05-23,SABADO,07:30,119.0,99.059235,99.05923461914062,104.26923076923077
1,2026-05-23,SABADO,08:00,70.0,96.63766,96.63765716552734,102.23076923076923
1,2026-05-23,SABADO,08:30,76.0,92.607834,92.60783386230469,101.21153846153847
1,2026-05-23,SABADO,09:00,82.0,88.248726,88.24872589111328,99.92307692307692
1,2026-05-23,SABADO,09:30,98.0,85.38492,85.38491821289062,90.82692307692308
1,2026-05-23,SABADO,10:00,52.0,83.28784,83.287841796875,88.5576923076923
1,2026-05-23,SABADO,10:30,44.0,81.9182,81.91819763183594,94.74
1,2026-05-23,SABADO,11:00,129.0,81.705154,81.70515441894531,95.0
1,2026-05-23,SABADO,11:30,50.0,82.38072,82.38072204589844,83.74509803921569
1,2026-05-23,SABADO,12:00,84.0,84.436584,84.43658447265625,93.42307692307692
1,2026-05-23,SABADO,12:30,110.0,82.899475,82.89947509765625,92.38775510204081
1,2026-05-23,SABADO,13:00,79.0,78.81628,78.81627655029297,74.42553191489361
1,2026-05-23,SABADO,14:00,85.0,71.27582,71.27581787109375,78.28571428571429
1,2026-05-23,SABADO,15:00,89.0,58.75273,58.75273132324219,72.96
1,2026-05-23,SABADO,15:30,47.0,50.97483,50.974830627441406,65.51020408163265
1,2026-05-23,SABADO,16:00,24.0,42.36219,42.36219024658203,56.791666666666664
1,2026-05-23,SABADO,16:30,38.0,33.16313,33.16313171386719,63.205128205128204
1,2026-05-24,DOMINGO,08:00,28.0,30.958786,30.958786010742188,35.833333333333336
1,2026-05-24,DOMINGO,08:30,26.0,32.540016,32.540016174316406,44.627906976744185
1,2026-05-24,DOMINGO,09:00,44.0,32.68451,32.68450927734375,39.8
1,2026-05-24,DOMINGO,10:00,35.0,31.071,31.070999145507812,34.8
1,2026-05-24,DOMINGO,11:00,27.0,29.437378,29.4373779296875,37.44444444444444
1,2026-05-24,DOMINGO,12:00,10.0,27.610344,27.61034393310547,35.92307692307692
1,2026-05-24,DOMINGO,12:30,35.0,26.31897,26.3189697265625,37.22222222222222
1,2026-05-24,DOMINGO,13:30,32.0,24.177185,24.17718505859375,29.91176470588235
1,2026-05-24,DOMINGO,14:00,16.0,25.720695,25.72069549560547,32.96969696969697
1,2026-05-24,DOMINGO,15:00,25.0,28.946884,28.946884155273438,35.03225806451613
1,2026-05-24,DOMINGO,15:30,21.0,29.29058,29.29058074951172,36.857142857142854
1,2026-05-24,DOMINGO,16:30,32.0,24.145622,24.14562225341797,32.2
1,2026-05-25,LABORAL,04:30,54.0,133.8944,133.89439392089844,120.01652892561984
1,2026-05-25,LABORAL,05:00,152.0,134.42886,134.42886352539062,122.6804979253112
1,2026-05-25,LABORAL,05:30,114.0,134.57751,134.5775146484375,140.53719008264463
1,2026-05-25,LABORAL,06:00,128.0,134.5056,134.50559997558594,140.02479338842974
1,2026-05-25,LABORAL,06:30,124.0,133.96056,133.96055603027344,132.5767634854772
1,2026-05-25,LABORAL,07:00,145.0,133.16638,133.1663818359375,129.5311203319502
1,2026-05-25,LABORAL,07:30,66.0,132.45886,132.4588623046875,135.4090909090909
1,2026-05-25,LABORAL,08:00,144.0,131.85007,131.85006713867188,133.54771784232366
1,2026-05-25,LABORAL,08:30,210.0,131.35045,131.35044860839844,135.09958506224066
1,2026-05-25,LABORAL,09:00,176.0,130.96855,130.9685516357422,134.58091286307055
1,2026-05-25,LABORAL,09:30,50.0,130.71089,130.7108917236328,119.72727272727273
1,2026-05-25,LABORAL,10:00,71.0,130.58188,130.58187866210938,101.75206611570248
1,2026-05-25,LABORAL,10:30,110.0,130.58374,130.583740234375,94.08713692946058
1,2026-05-25,LABORAL,11:00,74.0,130.71645,130.71644592285156,93.03305785123968
1,2026-05-25,LABORAL,11:30,72.0,131.01326,131.0132598876953,100.6198347107438
1,2026-05-25,LABORAL,12:00,122.0,131.47469,131.4746856689453,112.44813278008299
1,2026-05-25,LABORAL,12:30,120.0,132.0386,132.03860473632812,131.6597510373444
1,2026-05-25,LABORAL,13:00,82.0,132.69536,132.6953582763672,134.1694214876033
1,2026-05-25,LABORAL,13:30,114.0,133.43369,133.43368530273438,141.98760330578511
1,2026-05-25,LABORAL,14:00,158.0,134.13075,134.13075256347656,149.89121338912133
1,2026-05-25,LABORAL,14:30,134.0,134.08017,134.08016967773438,154.71784232365144
1,2026-05-25,LABORAL,15:00,177.0,132.42,132.4199981689453,176.24380165289256
1,2026-05-25,LABORAL,15:30,164.0,130.2625,130.2624969482422,178.6234309623431
1,2026-05-25,LABORAL,16:00,68.0,127.92616,127.92616271972656,147.72083333333333
1,2026-05-25,LABORAL,16:30,138.0,125.41765,125.41764831542969,121.04979253112033
1,2026-05-25,LABORAL,17:00,92.0,123.0074,123.00740051269531,71.05701754385964
1,2026-05-25,LABORAL,17:30,29.0,120.775024,120.7750244140625,37.97080291970803
1,2026-05-26,LABORAL,04:30,154.0,124.33919,124.33918762207031,119.65289256198348
1,2026-05-26,LABORAL,05:00,112.0,124.97161,124.97161102294922,122.65145228215768
1,2026-05-26,LABORAL,05:30,153.0,125.34187,125.34187316894531,140.43801652892563
1,2026-05-26,LABORAL,06:00,69.0,125.3389,125.33889770507812,139.64462809917356
1,2026-05-26,LABORAL,06:30,152.0,124.868034,124.86803436279297,132.71784232365144
1,2026-05-26,LABORAL,07:00,149.0,124.2302,124.2302017211914,129.52697095435684
1,2026-05-26,LABORAL,07:30,137.0,123.652084,123.65208435058594,135.03305785123968
1,2026-05-26,LABORAL,08:00,110.0,123.14357,123.14356994628906,133.50207468879668
1,2026-05-26,LABORAL,08:30,108.0,122.71336,122.71336364746094,135.48547717842322
1,2026-05-26,LABORAL,09:00,151.0,122.36882,122.36882019042969,134.5311203319502
1,2026-05-26,LABORAL,09:30,83.0,122.115845,122.1158447265625,119.50826446280992
1,2026-05-26,LABORAL,10:00,91.0,121.95875,121.95874786376953,101.56611570247934
1,2026-05-26,LABORAL,10:30,80.0,121.90024,121.90023803710938,94.17427385892117
1,2026-05-26,LABORAL,11:00,119.0,121.9413,121.94129943847656,92.80578512396694
1,2026-05-26,LABORAL,11:30,101.0,122.16202,122.16201782226562,100.60330578512396
1,2026-05-26,LABORAL,12:00,106.0,122.46915,122.46914672851562,112.4896265560166
1,2026-05-26,LABORAL,12:30,89.0,122.83263,122.83262634277344,131.5311203319502
1,2026-05-26,LABORAL,13:00,157.0,123.12904,123.12904357910156,133.9090909090909
1,2026-05-26,LABORAL,13:30,171.0,123.35726,123.35726165771484,141.80165289256198
1,2026-05-26,LABORAL,14:00,50.0,123.44708,123.44708251953125,149.88702928870293
1,2026-05-26,LABORAL,14:30,214.0,123.273834,123.27383422851562,154.66390041493776
1,2026-05-26,LABORAL,15:00,129.0,122.411995,122.41199493408203,176.28099173553719
1,2026-05-26,LABORAL,15:30,138.0,120.53113,120.5311279296875,178.163179916318
1,2026-05-26,LABORAL,16:00,148.0,118.45994,118.4599380493164,147.24583333333334
1,2026-05-26,LABORAL,16:30,78.0,116.32877,116.32877349853516,121.05809128630706
1,2026-05-26,LABORAL,17:00,117.0,114.28539,114.28539276123047,70.98245614035088
1,2026-05-27,LABORAL,04:30,122.0,122.31269,122.31269073486328,119.63636363636364
1,2026-05-27,LABORAL,05:00,130.0,122.307495,122.3074951171875,122.51452282157676
1,2026-05-27,LABORAL,05:30,87.0,122.19494,122.19493865966797,140.3099173553719
1,2026-05-27,LABORAL,06:00,175.0,121.84235,121.84234619140625,139.02892561983472
1,2026-05-27,LABORAL,06:30,92.0,121.20628,121.20628356933594,132.84647302904565
1,2026-05-27,LABORAL,07:00,58.0,120.559456,120.55945587158203,129.44398340248964
1,2026-05-27,LABORAL,07:30,194.0,120.035164,120.03516387939453,134.7479338842975
1,2026-05-27,LABORAL,08:00,130.0,119.54652,119.54651641845703,133.38589211618256
1,2026-05-27,LABORAL,08:30,80.0,119.13355,119.13355255126953,135.23651452282158
1,2026-05-27,LABORAL,09:00,156.0,118.83881,118.83881378173828,134.746887966805
1,2026-05-27,LABORAL,09:30,108.0,118.60535,118.6053466796875,119.12396694214875
1,2026-05-27,LABORAL,10:00,39.0,118.437164,118.43716430664062,101.74793388429752
1,2026-05-27,LABORAL,10:30,74.0,118.33713,118.33712768554688,93.9460580912863
1,2026-05-27,LABORAL,11:00,108.0,118.31101,118.3110122680664,92.88842975206612
1,2026-05-27,LABORAL,11:30,59.0,118.358315,118.35831451416016,100.5909090909091
1,2026-05-27,LABORAL,12:00,155.0,118.47919,118.47918701171875,112.4149377593361
1,2026-05-27,LABORAL,12:30,101.0,118.73186,118.73185729980469,131.23651452282158
1,2026-05-27,LABORAL,13:00,112.0,119.05786,119.057861328125,133.900826446281
1,2026-05-27,LABORAL,14:00,222.0,119.90638,119.90637969970703,149.33891213389123
1,2026-05-27,LABORAL,14:30,143.0,120.374374,120.37437438964844,154.6390041493776
1,2026-05-27,LABORAL,15:00,168.0,119.931984,119.9319839477539,176.15702479338842
1,2026-05-27,LABORAL,15:30,143.0,118.42758,118.42758178710938,177.86610878661088
1,2026-05-27,LABORAL,16:00,130.0,116.741035,116.74103546142578,146.95416666666668
1,2026-05-27,LABORAL,16:30,34.0,115.1014,115.10140228271484,120.88796680497926
1,2026-05-27,LABORAL,17:00,84.0,113.53676,113.53675842285156,71.14912280701755
1,2026-05-28,LABORAL,04:30,101.0,122.308525,122.30852508544922,119.58264462809917
1,2026-05-28,LABORAL,05:00,62.0,122.44699,122.44699096679688,122.61410788381743
1,2026-05-28,LABORAL,05:30,193.0,122.453835,122.4538345336914,140.10743801652893
1,2026-05-28,LABORAL,06:00,136.0,122.30485,122.30484771728516,138.9793388429752
1,2026-05-28,LABORAL,06:30,145.0,121.87963,121.87963104248047,132.72614107883817
1,2026-05-28,LABORAL,07:00,111.0,121.21381,121.21381378173828,129.2780082987552
1,2026-05-28,LABORAL,07:30,134.0,120.53743,120.53742980957031,134.91322314049586
1,2026-05-28,LABORAL,08:00,108.0,119.87886,119.87886047363281,133.551867219917
1,2026-05-28,LABORAL,08:30,125.0,119.230255,119.23025512695312,135.07883817427387
1,2026-05-28,LABORAL,09:00,88.0,118.83853,118.83853149414062,134.95020746887965
1,2026-05-28,LABORAL,09:30,116.0,118.52087,118.52086639404297,119.28512396694215
1,2026-05-28,LABORAL,10:00,38.0,118.296455,118.29645538330078,101.4504132231405
1,2026-05-28,LABORAL,10:30,120.0,118.2122,118.21219635009766,93.84232365145228
1,2026-05-28,LABORAL,11:00,103.0,118.19307,118.19306945800781,93.10743801652893
1,2026-05-28,LABORAL,11:30,74.0,118.2394,118.2394027709961,100.59504132231405
1,2026-05-28,LABORAL,12:00,132.0,118.35042,118.35041809082031,112.80912863070539
1,2026-05-28,LABORAL,12:30,143.0,118.52419,118.5241928100586,131.3278008298755
1,2026-05-28,LABORAL,13:00,73.0,118.75777,118.75776672363281,133.89669421487602
1,2026-05-28,LABORAL,13:30,200.0,119.04714,119.0471420288086,141.97095435684648
1,2026-05-28,LABORAL,14:00,100.0,119.38737,119.38736724853516,149.5439330543933
1,2026-05-28,LABORAL,14:30,94.0,119.75348,119.75347900390625,154.77178423236515
1,2026-05-28,LABORAL,15:00,178.0,118.90028,118.90028381347656,176.36776859504133
1,2026-05-28,LABORAL,15:30,103.0,117.25932,117.25932312011719,177.81171548117155
1,2026-05-28,LABORAL,16:00,149.0,115.094666,115.09466552734375,147.17083333333332
1,2026-05-28,LABORAL,16:30,47.0,112.845116,112.8451156616211,120.58091286307054
1,2026-05-28,LABORAL,17:00,47.0,110.618454,110.61845397949219,71.23245614035088
1,2026-05-29,LABORAL,04:30,129.0,112.951996,112.95199584960938,119.4297520661157
1,2026-05-29,LABORAL,05:00,79.0,113.86341,113.86341094970703,122.27800829875518
1,2026-05-29,LABORAL,05:30,120.0,114.46591,114.46591186523438,140.29338842975207
1,2026-05-29,LABORAL,06:00,134.0,114.741165,114.74116516113281,139.03305785123968
1,2026-05-29,LABORAL,06:30,109.0,114.59785,114.59784698486328,132.76763485477179
1,2026-05-29,LABORAL,07:00,155.0,114.24049,114.24049377441406,129.13692946058092
1,2026-05-29,LABORAL,07:30,107.0,113.77146,113.7714614868164,135.02479338842974
1,2026-05-29,LABORAL,08:00,122.0,113.300255,113.30025482177734,133.56016597510373
1,2026-05-29,LABORAL,08:30,142.0,112.90449,112.90448760986328,135.149377593361
1,2026-05-29,LABORAL,09:00,81.0,112.56407,112.56407165527344,135.09958506224066
1,2026-05-29,LABORAL,09:30,153.0,112.32576,112.32575988769531,119.28512396694215
1,2026-05-29,LABORAL,10:00,90.0,112.133354,112.13335418701172,101.2107438016529
1,2026-05-29,LABORAL,10:30,65.0,111.98675,111.98674774169922,94.10788381742739
1,2026-05-29,LABORAL,11:00,95.0,111.860054,111.86005401611328,93.26446280991736
1,2026-05-29,LABORAL,11:30,99.0,111.772446,111.77244567871094,100.47107438016529
1,2026-05-29,LABORAL,12:00,59.0,111.72548,111.72547912597656,113.03319502074689
1,2026-05-29,LABORAL,12:30,136.0,111.71996,111.71996307373047,131.4813278008299
1,2026-05-29,LABORAL,13:00,184.0,111.75407,111.75406646728516,133.8099173553719
1,2026-05-29,LABORAL,13:30,76.0,111.81893,111.81893157958984,142.31950207468878
1,2026-05-29,LABORAL,14:00,109.0,111.57309,111.57308959960938,149.33891213389123
1,2026-05-29,LABORAL,14:30,175.0,110.915504,110.9155044555664,154.6721991701245
1,2026-05-29,LABORAL,15:00,141.0,109.610405,109.61040496826172,176.7396694214876
1,2026-05-29,LABORAL,15:30,164.0,107.09823,107.09822845458984,177.5857740585774
1,2026-05-29,LABORAL,16:00,131.0,104.48861,104.48860931396484,146.89583333333334
1,2026-05-29,LABORAL,16:30,74.0,101.93993,101.93993377685547,120.30705394190872
1,2026-05-29,LABORAL,17:00,58.0,99.39956,99.3995590209961,71.0219298245614
1,2026-05-30,SABADO,04:30,46.0,71.6087,71.60870361328125,76.72549019607843
1,2026-05-30,SABADO,05:00,45.0,73.73534,73.73533630371094,64.68627450980392
1,2026-05-30,SABADO,05:30,107.0,75.659706,75.65970611572266,97.3076923076923
1,2026-05-30,SABADO,06:00,105.0,77.34891,77.34890747070312,95.53846153846153
1,2026-05-30,SABADO,06:30,93.0,78.77403,78.77403259277344,109.98076923076923
1,2026-05-30,SABADO,07:00,82.0,79.910706,79.91070556640625,103.65384615384616
1,2026-05-30,SABADO,07:30,87.0,80.739456,80.73945617675781,104.23076923076923
1,2026-05-30,SABADO,08:00,80.0,81.162964,81.1629638671875,101.71153846153847
1,2026-05-30,SABADO,08:30,120.0,81.13629,81.13629150390625,99.88461538461539
1,2026-05-30,SABADO,09:00,84.0,80.80721,80.80721282958984,99.90384615384616
1,2026-05-30,SABADO,09:30,75.0,80.28491,80.284912109375,91.6923076923077
1,2026-05-30,SABADO,10:00,43.0,79.56954,79.56954193115234,87.0576923076923
1,2026-05-30,SABADO,10:30,55.0,78.62235,78.62235260009766,92.44
1,2026-05-30,SABADO,11:00,58.0,77.40315,77.40315246582031,94.57692307692308
1,2026-05-30,SABADO,11:30,54.0,75.953125,75.953125,83.11764705882354
1,2026-05-30,SABADO,12:00,105.0,74.19522,74.19522094726562,93.21153846153847
1,2026-05-30,SABADO,12:30,57.0,72.212326,72.21232604980469,92.51020408163265
1,2026-05-30,SABADO,13:00,84.0,70.038376,70.03837585449219,74.19148936170212
1,2026-05-30,SABADO,13:30,42.0,67.71059,67.71058654785156,77.8125
1,2026-05-30,SABADO,14:00,38.0,65.26875,65.26875305175781,79.04081632653062
1,2026-05-30,SABADO,14:30,153.0,62.754673,62.75467300415039,72.18367346938776
1,2026-05-30,SABADO,15:00,41.0,60.389038,60.3890380859375,72.8
1,2026-05-30,SABADO,15:30,33.0,57.984417,57.98441696166992,64.77551020408163
1,2026-05-31,DOMINGO,07:00,21.0,32.49819,32.498191833496094,33.35897435897436
1,2026-05-31,DOMINGO,07:30,37.0,32.639107,32.63910675048828,32.56818181818182
1,2026-05-31,DOMINGO,08:30,44.0,32.844604,32.8446044921875,44.30232558139535
1,2026-05-31,DOMINGO,09:30,48.0,32.937393,32.93739318847656,34.89473684210526
1,2026-05-31,DOMINGO,11:00,54.0,32.920815,32.920814514160156,37.55555555555556
1,2026-05-31,DOMINGO,12:00,78.0,33.02205,33.02204895019531,35.58974358974359
1,2026-05-31,DOMINGO,12:30,65.0,33.029655,33.02965545654297,37.16216216216216
1,2026-05-31,DOMINGO,14:30,25.0,32.875877,32.875877380371094,38.32258064516129
1,2026-05-31,DOMINGO,15:30,16.0,32.388603,32.38860321044922,36.95238095238095
1,2026-06-01,LABORAL,04:30,87.0,109.43334,109.43334197998047,119.32644628099173
1,2026-06-01,LABORAL,05:00,150.0,119.06836,119.068359375,122.04149377593362
1,2026-06-01,LABORAL,05:30,155.0,127.11746,127.11746215820312,140.14462809917356
1,2026-06-01,LABORAL,06:00,72.0,132.73466,132.7346649169922,138.84297520661158
1,2026-06-01,LABORAL,06:30,104.0,129.4317,129.43170166015625,132.5186721991701
1,2026-06-01,LABORAL,07:00,163.0,123.75008,123.75007629394531,129.24066390041494
1,2026-06-01,LABORAL,07:30,151.0,118.2865,118.2864990234375,134.86776859504133
1,2026-06-01,LABORAL,08:00,68.0,112.4442,112.44419860839844,133.3941908713693
1,2026-06-01,LABORAL,08:30,117.0,104.30106,104.30106353759766,135.00414937759336
1,2026-06-01,LABORAL,09:00,178.0,96.665634,96.66563415527344,134.92946058091286
1,2026-06-01,LABORAL,09:30,117.0,90.06122,90.06121826171875,119.4504132231405
1,2026-06-01,LABORAL,10:00,43.0,86.135925,86.13592529296875,100.94214876033058
1,2026-06-01,LABORAL,10:30,91.0,84.02019,84.02018737792969,93.89626556016597
1,2026-06-01,LABORAL,11:00,36.0,85.80675,85.80674743652344,93.25619834710744
1,2026-06-01,LABORAL,11:30,148.0,90.56398,90.56398010253906,100.4504132231405
1,2026-06-01,LABORAL,12:00,123.0,97.686035,97.68603515625,112.64315352697095
1,2026-06-01,LABORAL,12:30,86.0,105.74162,105.74162292480469,131.3734439834025
1,2026-06-01,LABORAL,13:00,103.0,114.59291,114.59291076660156,134.01652892561984
1,2026-06-01,LABORAL,13:30,137.0,123.92533,123.92533111572266,141.91701244813277
1,2026-06-01,LABORAL,14:00,111.0,133.80864,133.8086395263672,148.96234309623432
1,2026-06-01,LABORAL,14:30,179.0,143.85852,143.8585205078125,154.68049792531122
1,2026-06-01,LABORAL,15:00,132.0,153.16322,153.16322326660156,176.3512396694215
1,2026-06-01,LABORAL,15:30,133.0,148.59256,148.59255981445312,177.47280334728035
1,2026-06-01,LABORAL,16:00,131.0,125.691795,125.6917953491211,146.95
1,2026-06-01,LABORAL,16:30,45.0,100.930244,100.93024444580078,119.77178423236515
1,2026-06-02,LABORAL,04:30,77.0,105.43112,105.43112182617188,119.19341563786008
1,2026-06-02,LABORAL,05:00,100.0,118.061,118.06099700927734,122.15702479338843
1,2026-06-02,LABORAL,05:30,147.0,127.02225,127.02224731445312,140.20576131687244
1,2026-06-02,LABORAL,06:00,150.0,131.3904,131.39039611816406,138.5679012345679
1,2026-06-02,LABORAL,06:30,195.0,129.94035,129.9403533935547,132.400826446281
1,2026-06-02,LABORAL,07:00,92.0,128.28339,128.28338623046875,129.3801652892562
1,2026-06-02,LABORAL,07:30,155.0,126.447845,126.44784545898438,134.93415637860082
1,2026-06-02,LABORAL,08:00,49.0,124.46513,124.46513366699219,133.12396694214877
1,2026-06-02,LABORAL,08:30,158.0,117.937874,117.93787384033203,134.9297520661157
1,2026-06-02,LABORAL,09:00,152.0,109.423164,109.42316436767578,135.10743801652893
1,2026-06-02,LABORAL,09:30,85.0,101.166664,101.16666412353516,119.440329218107
1,2026-06-02,LABORAL,10:00,113.0,93.856735,93.85673522949219,100.70370370370371
1,2026-06-02,LABORAL,10:30,157.0,87.772705,87.772705078125,93.88429752066116
1,2026-06-02,LABORAL,11:00,38.0,83.38714,83.38713836669922,93.02057613168725
1,2026-06-02,LABORAL,11:30,71.0,85.17936,85.17935943603516,100.64609053497942
1,2026-06-02,LABORAL,12:00,128.0,92.664734,92.66473388671875,112.68595041322314
1,2026-06-02,LABORAL,12:30,108.0,101.98407,101.98406982421875,131.18595041322314
1,2026-06-02,LABORAL,13:00,173.0,112.15829,112.15828704833984,133.88888888888889
1,2026-06-02,LABORAL,13:30,120.0,122.80735,122.8073501586914,141.89669421487602
1,2026-06-02,LABORAL,14:00,120.0,133.95743,133.95742797851562,148.80416666666667
1,2026-06-02,LABORAL,14:30,137.0,145.23053,145.23052978515625,154.78099173553719
1,2026-06-02,LABORAL,15:00,184.0,152.25531,152.25531005859375,176.1687242798354
1,2026-06-02,LABORAL,15:30,146.0,140.7849,140.78489685058594,177.2875
1,2026-06-02,LABORAL,16:00,143.0,114.15377,114.15377044677734,146.88381742738588
1,2026-06-02,LABORAL,16:30,33.0,84.876656,84.87665557861328,119.46280991735537
1,2026-06-02,LABORAL,17:00,44.0,54.767235,54.767234802246094,71.04385964912281
1,2026-06-03,LABORAL,04:30,105.0,91.49568,91.49568176269531,118.88065843621399
1,2026-06-03,LABORAL,05:00,98.0,104.68913,104.68913269042969,121.85950413223141
1,2026-06-03,LABORAL,05:30,126.0,113.30694,113.30693817138672,140.1440329218107
1,2026-06-03,LABORAL,06:00,111.0,114.73157,114.7315673828125,138.3991769547325
1,2026-06-03,LABORAL,06:30,123.0,115.130585,115.13058471679688,132.6818181818182
1,2026-06-03,LABORAL,07:00,111.0,114.79279,114.79279327392578,129.0
1,2026-06-03,LABORAL,07:30,98.0,114.011925,114.01192474365234,134.65020576131687
1,2026-06-03,LABORAL,08:00,110.0,110.178024,110.17802429199219,132.51652892561984
1,2026-06-03,LABORAL,08:30,137.0,106.50771,106.5077133178711,134.77272727272728
1,2026-06-03,LABORAL,09:00,92.0,101.3113,101.3113021850586,135.1611570247934
1,2026-06-03,LABORAL,09:30,103.0,95.44942,95.44941711425781,119.31687242798354
1,2026-06-03,LABORAL,10:00,137.0,90.062386,90.06238555908203,100.8559670781893
1,2026-06-03,LABORAL,10:30,80.0,85.69813,85.69812774658203,94.26859504132231
1,2026-06-03,LABORAL,11:00,114.0,83.251526,83.25152587890625,92.60082304526749
1,2026-06-03,LABORAL,11:30,69.0,86.39241,86.39241027832031,100.76131687242798
1,2026-06-03,LABORAL,12:00,82.0,94.503075,94.5030746459961,112.52479338842976
1,2026-06-03,LABORAL,12:30,125.0,103.83197,103.83197021484375,131.02479338842974
1,2026-06-03,LABORAL,13:00,117.0,113.5305,113.53050231933594,133.83539094650206
1,2026-06-03,LABORAL,13:30,87.0,123.43274,123.4327392578125,141.77272727272728
1,2026-06-03,LABORAL,14:00,197.0,133.04987,133.04986572265625,148.59583333333333
1,2026-06-03,LABORAL,14:30,52.0,138.8685,138.86849975585938,154.61157024793388
1,2026-06-03,LABORAL,15:00,136.0,143.41406,143.4140625,176.2469135802469
1,2026-06-03,LABORAL,15:30,202.0,133.93764,133.93763732910156,176.95416666666668
1,2026-06-03,LABORAL,16:00,156.0,110.38264,110.38263702392578,146.60995850622407
1,2026-06-03,LABORAL,16:30,78.0,83.05069,83.05068969726562,119.02892561983471
1,2026-06-04,LABORAL,04:30,121.0,111.117325,111.11732482910156,118.7448559670782
1,2026-06-04,LABORAL,05:00,61.0,123.70621,123.70620727539062,121.68181818181819
1,2026-06-04,LABORAL,05:30,137.0,134.0425,134.04249572753906,139.74897119341563
1,2026-06-04,LABORAL,06:00,144.0,135.5287,135.52870178222656,138.26748971193416
1,2026-06-04,LABORAL,06:30,121.0,136.24257,136.24256896972656,132.62809917355372
1,2026-06-04,LABORAL,07:00,134.0,133.53311,133.53311157226562,129.01239669421489
1,2026-06-04,LABORAL,07:30,131.0,130.72916,130.72915649414062,134.50205761316872
1,2026-06-04,LABORAL,08:00,111.0,127.87869,127.87869262695312,132.18595041322314
1,2026-06-04,LABORAL,08:30,88.0,120.64557,120.64556884765625,134.69834710743802
1,2026-06-04,LABORAL,09:00,156.0,112.073944,112.07394409179688,134.76446280991735
1,2026-06-04,LABORAL,09:30,84.0,104.38515,104.38514709472656,119.32921810699588
1,2026-06-04,LABORAL,10:00,52.0,97.894516,97.89451599121094,100.78600823045268
1,2026-06-04,LABORAL,10:30,130.0,92.506714,92.5067138671875,94.5
1,2026-06-04,LABORAL,11:00,59.0,88.682434,88.68243408203125,92.39094650205762
1,2026-06-04,LABORAL,11:30,69.0,93.96236,93.96235656738281,100.5843621399177
1,2026-06-04,LABORAL,12:00,92.0,103.73577,103.73577117919922,112.46694214876032
1,2026-06-04,LABORAL,12:30,126.0,113.99804,113.99803924560547,130.8305785123967
1,2026-06-04,LABORAL,13:00,77.0,124.57357,124.57357025146484,133.9506172839506
1,2026-06-04,LABORAL,13:30,120.0,135.2814,135.28140258789062,141.4793388429752
1,2026-06-04,LABORAL,14:00,116.0,145.93832,145.93832397460938,148.60833333333332
1,2026-06-04,LABORAL,14:30,84.0,156.36201,156.3620147705078,153.8388429752066
1,2026-06-04,LABORAL,15:00,124.0,160.68546,160.68545532226562,175.90534979423867
1,2026-06-04,LABORAL,15:30,179.0,151.81891,151.81890869140625,176.86666666666667
1,2026-06-04,LABORAL,16:00,68.0,126.201706,126.20170593261719,146.58091286307055
1,2026-06-04,LABORAL,16:30,72.0,96.75574,96.7557373046875,118.77272727272727
1,2026-06-04,LABORAL,17:00,37.0,66.55826,66.55825805664062,70.56387665198238
1,2026-06-05,LABORAL,04:30,107.0,106.49744,106.4974365234375,118.66666666666667
1,2026-06-05,LABORAL,05:00,80.0,120.01727,120.01727294921875,121.2603305785124
1,2026-06-05,LABORAL,05:30,137.0,131.9506,131.9506072998047,139.559670781893
1,2026-06-05,LABORAL,06:00,104.0,139.57442,139.5744171142578,138.02057613168725
1,2026-06-05,LABORAL,06:30,103.0,139.73364,139.733642578125,132.4793388429752
1,2026-06-05,LABORAL,07:00,147.0,136.3277,136.32769775390625,128.94214876033058
1,2026-06-05,LABORAL,07:30,134.0,131.27097,131.27096557617188,134.3744855967078
1,2026-06-05,LABORAL,08:00,70.0,124.31225,124.31224822998047,132.02479338842974
1,2026-06-05,LABORAL,08:30,168.0,116.48725,116.48725128173828,134.4793388429752
1,2026-06-05,LABORAL,09:00,164.0,109.32997,109.32997131347656,134.77272727272728
1,2026-06-05,LABORAL,09:30,78.0,103.21065,103.21064758300781,119.24691358024691
1,2026-06-05,LABORAL,10:00,87.0,98.23397,98.23397064208984,100.24279835390946
1,2026-06-05,LABORAL,10:30,88.0,94.714714,94.71471405029297,94.58264462809917
1,2026-06-05,LABORAL,11:00,85.0,94.96891,94.96891021728516,92.32510288065843
1,2026-06-05,LABORAL,11:30,40.0,100.71915,100.71914672851562,100.19753086419753
1,2026-06-05,LABORAL,12:00,120.0,107.96983,107.96983337402344,112.44214876033058
1,2026-06-05,LABORAL,12:30,90.0,117.46704,117.467041015625,130.6694214876033
1,2026-06-05,LABORAL,13:00,100.0,127.47385,127.47384643554688,133.66666666666666
1,2026-06-05,LABORAL,13:30,272.0,137.819,137.81900024414062,141.36776859504133
1,2026-06-05,LABORAL,14:00,119.0,148.32553,148.32553100585938,148.4625
1,2026-06-05,LABORAL,14:30,150.0,157.03638,157.036376953125,153.44628099173553
1,2026-06-05,LABORAL,15:00,149.0,157.80484,157.80484008789062,175.78189300411523
1,2026-06-05,LABORAL,15:30,132.0,145.40758,145.40757751464844,176.49166666666667
1,2026-06-05,LABORAL,16:00,138.0,123.94496,123.94496154785156,146.29460580912863
1,2026-06-05,LABORAL,16:30,94.0,100.957886,100.9578857421875,118.32644628099173
1,2026-06-05,LABORAL,17:00,23.0,76.94602,76.9460220336914,70.29074889867842
1,2026-06-06,SABADO,04:30,77.0,52.210804,52.2108039855957,74.54901960784314
1,2026-06-06,SABADO,05:00,60.0,66.09868,66.09867858886719,64.3921568627451
1,2026-06-06,SABADO,05:30,86.0,76.72987,76.72987365722656,97.78846153846153
1,2026-06-06,SABADO,06:00,58.0,86.251015,86.25101470947266,95.0576923076923
1,2026-06-06,SABADO,06:30,74.0,94.084595,94.0845947265625,109.1923076923077
1,2026-06-06,SABADO,07:00,153.0,97.952484,97.95248413085938,103.23076923076923
1,2026-06-06,SABADO,07:30,65.0,96.80164,96.80164337158203,103.32692307692308
1,2026-06-06,SABADO,08:00,103.0,92.320114,92.32011413574219,101.4423076923077
1,2026-06-06,SABADO,08:30,84.0,89.65425,89.65425109863281,99.61538461538461
1,2026-06-06,SABADO,09:00,169.0,86.7077,86.70770263671875,98.98076923076923
1,2026-06-06,SABADO,09:30,50.0,83.20743,83.20742797851562,91.51923076923077
1,2026-06-06,SABADO,10:00,64.0,79.32575,79.32575225830078,86.11538461538461
1,2026-06-06,SABADO,10:30,149.0,77.941574,77.94157409667969,90.36
1,2026-06-06,SABADO,11:30,84.0,78.28748,78.28748321533203,82.47058823529412
1,2026-06-06,SABADO,12:00,61.0,79.94444,79.94444274902344,93.9423076923077
1,2026-06-06,SABADO,13:00,58.0,73.43982,73.4398193359375,73.65957446808511
1,2026-06-06,SABADO,13:30,68.0,70.559265,70.55926513671875,75.3125
1,2026-06-06,SABADO,14:00,113.0,66.47438,66.47438049316406,78.10204081632654
1,2026-06-06,SABADO,14:30,52.0,61.034534,61.0345344543457,74.3061224489796
1,2026-06-06,SABADO,15:00,71.0,54.307487,54.30748748779297,71.58
1,2026-06-06,SABADO,16:00,82.0,37.47222,37.47222137451172,55.170212765957444
1,2026-06-07,DOMINGO,06:30,16.0,51.207233,51.20723342895508,33.72727272727273
1,2026-06-07,DOMINGO,07:00,25.0,51.28198,51.281978607177734,32.46153846153846
1,2026-06-07,DOMINGO,07:30,32.0,51.315926,51.31592559814453,32.666666666666664
1,2026-06-07,DOMINGO,08:00,19.0,51.29103,51.29103088378906,36.170731707317074
1,2026-06-07,DOMINGO,08:30,67.0,51.20771,51.20771026611328,44.51162790697674
1,2026-06-07,DOMINGO,09:30,53.0,50.893955,50.89395523071289,35.55263157894737
1,2026-06-07,DOMINGO,10:00,23.0,50.69542,50.69541931152344,34.68181818181818
1,2026-06-07,DOMINGO,10:30,15.0,50.447388,50.4473876953125,35.21052631578947
1,2026-06-07,DOMINGO,11:00,37.0,50.15784,50.157840728759766,38.0
1,2026-06-07,DOMINGO,11:30,19.0,49.83214,49.8321418762207,36.06666666666667
1,2026-06-07,DOMINGO,12:00,22.0,49.56614,49.566139221191406,37.0
1,2026-06-07,DOMINGO,12:30,40.0,49.27394,49.27394104003906,37.567567567567565
1,2026-06-07,DOMINGO,13:00,28.0,48.95645,48.956451416015625,32.333333333333336
1,2026-06-07,DOMINGO,13:30,21.0,48.619083,48.619083404541016,30.21212121212121
1,2026-06-07,DOMINGO,14:30,30.0,47.9081,47.90810012817383,37.903225806451616
1,2026-06-07,DOMINGO,15:00,25.0,47.55061,47.55060958862305,35.266666666666666
1,2026-06-07,DOMINGO,16:00,32.0,46.84952,46.84952163696289,32.76190476190476
1,2026-06-08,FESTIVO_PUENTE,07:30,23.0,30.987862,46.666666666666664,46.666666666666664
1,2026-06-08,FESTIVO_PUENTE,08:30,55.0,28.180458,24.11111111111111,24.11111111111111
1,2026-06-08,FESTIVO_PUENTE,09:30,18.0,24.532982,36.666666666666664,36.666666666666664
1,2026-06-08,FESTIVO_PUENTE,11:00,18.0,25.232948,23.22222222222222,23.22222222222222
1,2026-06-08,FESTIVO_PUENTE,11:30,21.0,26.780418,30.0,30.0
1,2026-06-08,FESTIVO_PUENTE,13:30,17.0,31.809967,26.0,26.0
1,2026-06-08,FESTIVO_PUENTE,14:30,24.0,31.509636,36.57142857142857,36.57142857142857
1,2026-06-08,FESTIVO_PUENTE,15:30,21.0,28.442337,30.6,30.6
1,2026-06-09,LABORAL,04:30,88.0,108.63746,108.63745880126953,118.53719008264463
1,2026-06-09,LABORAL,05:00,129.0,117.132484,117.13248443603516,120.92116182572614
1,2026-06-09,LABORAL,05:30,140.0,125.11851,125.1185073852539,139.3099173553719
1,2026-06-09,LABORAL,06:00,110.0,132.40245,132.40245056152344,137.62396694214877
1,2026-06-09,LABORAL,06:30,141.0,135.27238,135.2723846435547,132.19502074688796
1,2026-06-09,LABORAL,07:00,54.0,133.94418,133.94418334960938,129.149377593361
1,2026-06-09,LABORAL,07:30,168.0,128.08975,128.08975219726562,134.22727272727272
1,2026-06-09,LABORAL,08:00,102.0,120.807884,120.8078842163086,131.5643153526971
1,2026-06-09,LABORAL,08:30,66.0,114.022606,114.0226058959961,134.48547717842322
1,2026-06-09,LABORAL,09:00,147.0,107.900696,107.90069580078125,134.90871369294607
1,2026-06-09,LABORAL,09:30,129.0,103.14775,103.14775085449219,119.14049586776859
1,2026-06-09,LABORAL,10:00,89.0,100.56955,100.56954956054688,100.0495867768595
1,2026-06-09,LABORAL,10:30,81.0,100.98467,100.98467254638672,94.76348547717842
1,2026-06-09,LABORAL,11:00,83.0,103.22623,103.22622680664062,92.14876033057851
1,2026-06-09,LABORAL,11:30,92.0,106.40641,106.40641021728516,99.6900826446281
1,2026-06-09,LABORAL,12:00,147.0,110.82432,110.8243179321289,112.56846473029046
1,2026-06-09,LABORAL,12:30,106.0,116.27821,116.27821350097656,130.2240663900415
1,2026-06-09,LABORAL,13:00,147.0,122.597984,122.59798431396484,133.6487603305785
1,2026-06-09,LABORAL,13:30,152.0,129.4758,129.47579956054688,141.4232365145228
1,2026-06-09,LABORAL,14:00,186.0,135.54468,135.544677734375,148.5020920502092
1,2026-06-09,LABORAL,14:30,49.0,138.72171,138.72171020507812,153.4813278008299
1,2026-06-09,LABORAL,15:00,135.0,138.62688,138.6268768310547,175.1694214876033
1,2026-06-09,LABORAL,15:30,116.0,135.24074,135.24073791503906,175.81589958158995
1,2026-06-09,LABORAL,16:00,133.0,126.19265,126.1926498413086,146.2875
1,2026-06-09,LABORAL,16:30,76.0,111.01285,111.01284790039062,117.70954356846472
1,2026-06-10,LABORAL,04:30,121.0,93.800224,93.80022430419922,118.35123966942149
1,2026-06-10,LABORAL,05:00,67.0,105.063354,105.0633544921875,120.7551867219917
1,2026-06-10,LABORAL,05:30,145.0,114.823586,114.8235855102539,139.28099173553719
1,2026-06-10,LABORAL,06:00,93.0,117.36786,117.36785888671875,137.3388429752066
1,2026-06-10,LABORAL,06:30,136.0,117.37832,117.3783187866211,132.3609958506224
1,2026-06-10,LABORAL,07:00,54.0,117.273766,117.27376556396484,128.7344398340249
1,2026-06-10,LABORAL,07:30,154.0,116.36463,116.36463165283203,134.48347107438016
1,2026-06-10,LABORAL,08:00,72.0,112.26564,112.26564025878906,131.34854771784234
1,2026-06-10,LABORAL,08:30,112.0,106.96859,106.96858978271484,134.07883817427387
1,2026-06-10,LABORAL,09:00,142.0,101.6738,101.67379760742188,134.7759336099585
1,2026-06-10,LABORAL,09:30,100.0,97.19893,97.19892883300781,119.02066115702479
1,2026-06-10,LABORAL,10:00,72.0,93.638596,93.63859558105469,100.05785123966942
1,2026-06-10,LABORAL,10:30,76.0,91.11217,91.11216735839844,94.82157676348548
1,2026-06-10,LABORAL,11:00,104.0,89.66286,89.66285705566406,92.18181818181819
1,2026-06-10,LABORAL,11:30,65.0,91.28262,91.28262329101562,99.53305785123968
1,2026-06-10,LABORAL,12:00,79.0,96.30166,96.3016586303711,112.7883817427386
1,2026-06-10,LABORAL,12:30,87.0,103.483,103.48300170898438,130.31950207468878
1,2026-06-10,LABORAL,13:00,167.0,111.107216,111.10721588134766,133.71900826446281
1,2026-06-10,LABORAL,13:30,101.0,119.26629,119.26628875732422,141.33195020746888
1,2026-06-10,LABORAL,14:00,50.0,127.39449,127.39449310302734,148.68200836820083
1,2026-06-10,LABORAL,14:30,57.0,134.4537,134.45370483398438,153.23651452282158
1,2026-06-10,LABORAL,15:00,66.0,133.37868,133.37867736816406,175.19421487603304
1,2026-06-10,LABORAL,15:30,47.0,117.72308,117.72308349609375,175.61506276150627
1,2026-06-10,LABORAL,16:00,37.0,98.66791,98.66790771484375,146.175
3,2026-04-02,FESTIVO,07:00,26.0,19.081093,28.25,28.25
3,2026-04-02,FESTIVO,07:30,42.0,20.215637,40.0,40.0
3,2026-04-02,FESTIVO,08:00,11.0,21.018303,40.714285714285715,40.714285714285715
3,2026-04-02,FESTIVO,08:30,62.0,21.655334,23.857142857142858,23.857142857142858
3,2026-04-02,FESTIVO,09:00,50.0,22.189217,42.333333333333336,42.333333333333336
3,2026-04-02,FESTIVO,09:30,17.0,18.475197,28.75,28.75
3,2026-04-02,FESTIVO,10:00,24.0,16.153496,30.5,30.5
3,2026-04-02,FESTIVO,10:30,46.0,15.424301,26.714285714285715,26.714285714285715
3,2026-04-02,FESTIVO,11:00,22.0,16.300095,28.25,28.25
3,2026-04-02,FESTIVO,11:30,55.0,18.751732,38.285714285714285,38.285714285714285
3,2026-04-02,FESTIVO,12:00,14.0,22.129242,38.5,38.5
3,2026-04-02,FESTIVO,12:30,46.0,25.505898,34.8,34.8
3,2026-04-02,FESTIVO,13:00,29.0,26.733704,26.2,26.2
3,2026-04-02,FESTIVO,13:30,13.0,26.76152,23.666666666666668,23.666666666666668
3,2026-04-02,FESTIVO,14:00,23.0,26.435211,29.0,29.0
3,2026-04-02,FESTIVO,14:30,26.0,25.95105,29.666666666666668,29.666666666666668
3,2026-04-02,FESTIVO,15:00,21.0,27.112175,51.0,51.0
3,2026-04-02,FESTIVO,15:30,20.0,30.429863,38.666666666666664,38.666666666666664
3,2026-04-02,FESTIVO,16:00,42.0,26.871933,30.0,30.0
3,2026-04-03,FESTIVO,07:00,1.0,32.79866,27.8,27.8
3,2026-04-03,FESTIVO,07:30,28.0,32.779144,40.4,40.4
3,2026-04-03,FESTIVO,08:30,25.0,28.282341,28.625,28.625
3,2026-04-03,FESTIVO,09:00,17.0,24.904297,43.42857142857143,43.42857142857143
3,2026-04-03,FESTIVO,09:30,17.0,22.417229,26.4,26.4
3,2026-04-03,FESTIVO,10:30,35.0,20.27031,29.125,29.125
3,2026-04-03,FESTIVO,11:00,14.0,20.647194,27.0,27.0
3,2026-04-03,FESTIVO,11:30,24.0,21.987923,40.375,40.375
3,2026-04-03,FESTIVO,12:30,27.0,27.45301,36.666666666666664,36.666666666666664
3,2026-04-03,FESTIVO,14:00,24.0,36.192047,27.5,27.5
3,2026-04-03,FESTIVO,15:00,28.0,39.04857,43.5,43.5
3,2026-04-04,SABADO,04:00,25.0,92.109955,92.10995483398438,38.2
3,2026-04-04,SABADO,04:30,86.0,109.82579,109.82579040527344,110.38461538461539
3,2026-04-04,SABADO,05:00,64.0,126.07679,126.07678985595703,162.44230769230768
3,2026-04-04,SABADO,05:30,98.0,137.76978,137.769775390625,171.73076923076923
3,2026-04-04,SABADO,06:00,100.0,137.78331,137.78330993652344,211.78846153846155
3,2026-04-04,SABADO,06:30,67.0,126.649994,126.64999389648438,182.82692307692307
3,2026-04-04,SABADO,07:00,73.0,115.64897,115.64897155761719,139.0
3,2026-04-04,SABADO,07:30,42.0,104.4609,104.46089935302734,120.67307692307692
3,2026-04-04,SABADO,08:00,107.0,93.34914,93.34913635253906,118.25
3,2026-04-04,SABADO,08:30,32.0,86.91638,86.9163818359375,110.61538461538461
3,2026-04-04,SABADO,09:00,85.0,82.73357,82.73356628417969,95.11538461538461
3,2026-04-04,SABADO,09:30,97.0,79.10443,79.10443115234375,97.71153846153847
3,2026-04-04,SABADO,10:00,31.0,75.99983,75.99983215332031,96.46153846153847
3,2026-04-04,SABADO,10:30,36.0,74.20506,74.20506286621094,91.28846153846153
3,2026-04-04,SABADO,11:00,44.0,74.40485,74.40484619140625,100.41176470588235
3,2026-04-04,SABADO,11:30,70.0,75.470024,75.47002410888672,90.88235294117646
3,2026-04-04,SABADO,12:00,31.0,77.172806,77.17280578613281,90.98076923076923
3,2026-04-04,SABADO,12:30,62.0,79.484055,79.48405456542969,81.20408163265306
3,2026-04-04,SABADO,13:30,41.0,76.80072,76.80072021484375,67.7843137254902
3,2026-04-04,SABADO,14:00,27.0,74.35493,74.35492706298828,74.22448979591837
3,2026-04-04,SABADO,14:30,64.0,71.97992,71.97991943359375,65.81632653061224
3,2026-04-04,SABADO,15:00,30.0,69.716354,69.71635437011719,74.19565217391305
3,2026-04-04,SABADO,15:30,72.0,66.25741,66.25740814208984,69.29787234042553
3,2026-04-05,DOMINGO,07:00,15.0,41.870094,41.870094299316406,30.175
3,2026-04-05,DOMINGO,07:30,32.0,42.270195,42.27019500732422,34.645833333333336
3,2026-04-05,DOMINGO,08:00,33.0,39.421776,39.421775817871094,40.869565217391305
3,2026-04-05,DOMINGO,08:30,22.0,37.592552,37.592552185058594,40.19047619047619
3,2026-04-05,DOMINGO,09:30,30.0,37.10434,37.104339599609375,34.04761904761905
3,2026-04-05,DOMINGO,10:30,34.0,39.247536,39.247535705566406,38.83720930232558
3,2026-04-05,DOMINGO,11:30,36.0,42.11225,42.11225128173828,37.34285714285714
3,2026-04-05,DOMINGO,12:00,21.0,41.1746,41.174598693847656,38.68571428571428
3,2026-04-05,DOMINGO,14:00,31.0,38.051804,38.05180358886719,30.771428571428572
3,2026-04-05,DOMINGO,14:30,28.0,37.02027,37.02027130126953,37.371428571428574
3,2026-04-05,DOMINGO,15:00,17.0,35.677277,35.677276611328125,36.333333333333336
3,2026-04-06,LABORAL,04:00,35.0,175.40747,175.407470703125,54.611111111111114
3,2026-04-06,LABORAL,04:30,118.0,182.56937,182.56936645507812,165.5850622406639
3,2026-04-06,LABORAL,05:00,262.0,188.56358,188.56358337402344,278.1942148760331
3,2026-04-06,LABORAL,05:30,251.0,192.85677,192.8567657470703,280.6487603305785
3,2026-04-06,LABORAL,06:00,180.0,192.60982,192.6098175048828,300.1694214876033
3,2026-04-06,LABORAL,06:30,304.0,184.49445,184.49444580078125,227.71487603305786
3,2026-04-06,LABORAL,07:00,186.0,176.13739,176.13739013671875,181.47107438016528
3,2026-04-06,LABORAL,07:30,141.0,168.50455,168.50454711914062,163.3609958506224
3,2026-04-06,LABORAL,08:00,172.0,161.16124,161.16123962402344,149.61764705882354
3,2026-04-06,LABORAL,08:30,117.0,154.2331,154.23309326171875,149.0954356846473
3,2026-04-06,LABORAL,09:00,134.0,147.80498,147.8049774169922,141.8423236514523
3,2026-04-06,LABORAL,09:30,137.0,142.02307,142.0230712890625,126.68333333333334
3,2026-04-06,LABORAL,10:00,145.0,137.29547,137.29547119140625,133.3
3,2026-04-06,LABORAL,10:30,70.0,134.53221,134.53221130371094,121.0
3,2026-04-06,LABORAL,11:00,185.0,133.66484,133.6648406982422,113.87136929460581
3,2026-04-06,LABORAL,11:30,101.0,133.63881,133.63880920410156,132.13278008298755
3,2026-04-06,LABORAL,12:00,198.0,134.32317,134.3231658935547,172.04545454545453
3,2026-04-06,LABORAL,12:30,179.0,135.74515,135.74514770507812,143.20833333333334
3,2026-04-06,LABORAL,13:00,124.0,136.71681,136.71681213378906,144.5850622406639
3,2026-04-06,LABORAL,13:30,175.0,136.15323,136.15322875976562,139.1701244813278
3,2026-04-06,LABORAL,14:00,113.0,133.66272,133.6627197265625,133.69294605809128
3,2026-04-06,LABORAL,14:30,150.0,129.33957,129.33956909179688,149.25416666666666
3,2026-04-06,LABORAL,15:00,117.0,120.59629,120.5962905883789,156.82157676348547
3,2026-04-06,LABORAL,15:30,110.0,111.20665,111.20664978027344,150.55
3,2026-04-06,LABORAL,16:00,125.0,101.92742,101.92742156982422,118.59493670886076
3,2026-04-06,LABORAL,16:30,119.0,92.9174,92.91739654541016,89.71308016877637
3,2026-04-06,LABORAL,17:30,17.0,76.3143,76.31430053710938,34.025
3,2026-04-07,LABORAL,04:00,45.0,160.32729,160.32728576660156,54.343434343434346
3,2026-04-07,LABORAL,04:30,72.0,173.39624,173.396240234375,165.39834024896265
3,2026-04-07,LABORAL,05:00,361.0,185.12827,185.12826538085938,278.099173553719
3,2026-04-07,LABORAL,05:30,270.0,195.31833,195.31832885742188,280.1528925619835
3,2026-04-07,LABORAL,06:00,358.0,202.67294,202.67294311523438,299.71487603305786
3,2026-04-07,LABORAL,06:30,182.0,191.55704,191.55703735351562,227.80165289256198
3,2026-04-07,LABORAL,07:00,214.0,177.62334,177.6233367919922,181.4297520661157
3,2026-04-07,LABORAL,07:30,200.0,164.48746,164.48745727539062,162.94190871369295
3,2026-04-07,LABORAL,08:00,177.0,152.85036,152.85035705566406,149.46218487394958
3,2026-04-07,LABORAL,08:30,130.0,142.0481,142.048095703125,148.8713692946058
3,2026-04-07,LABORAL,09:00,91.0,135.13402,135.13401794433594,141.96265560165975
3,2026-04-07,LABORAL,09:30,144.0,129.40897,129.40896606445312,126.65
3,2026-04-07,LABORAL,10:00,185.0,127.95995,127.95995330810547,133.475
3,2026-04-07,LABORAL,10:30,96.0,127.24232,127.24231719970703,120.34024896265561
3,2026-04-07,LABORAL,11:00,107.0,127.268364,127.26836395263672,114.2116182572614
3,2026-04-07,LABORAL,11:30,183.0,128.03763,128.03762817382812,132.2033195020747
3,2026-04-07,LABORAL,12:00,133.0,129.53697,129.53697204589844,172.2396694214876
3,2026-04-07,LABORAL,12:30,194.0,131.7407,131.74070739746094,143.12083333333334
3,2026-04-07,LABORAL,13:00,98.0,134.61116,134.6111602783203,144.5186721991701
3,2026-04-07,LABORAL,13:30,150.0,138.0992,138.0991973876953,139.30705394190872
3,2026-04-07,LABORAL,14:00,189.0,140.44322,140.44322204589844,133.25726141078837
3,2026-04-07,LABORAL,14:30,168.0,135.54169,135.54168701171875,149.39583333333334
3,2026-04-07,LABORAL,15:00,111.0,123.41874,123.41873931884766,156.41908713692945
3,2026-04-07,LABORAL,15:30,174.0,107.93927,107.93927001953125,150.3125
3,2026-04-07,LABORAL,16:00,111.0,92.20662,92.20661926269531,118.28270042194093
3,2026-04-07,LABORAL,16:30,108.0,76.51256,76.51255798339844,89.80590717299577
3,2026-04-08,LABORAL,04:00,88.0,186.51917,186.5191650390625,54.313131313131315
3,2026-04-08,LABORAL,04:30,146.0,192.01572,192.01571655273438,164.88381742738588
3,2026-04-08,LABORAL,05:00,229.0,196.4805,196.48049926757812,278.56611570247935
3,2026-04-08,LABORAL,05:30,335.0,199.80774,199.8077392578125,280.27685950413223
3,2026-04-08,LABORAL,06:00,278.0,196.73257,196.73257446289062,299.5206611570248
3,2026-04-08,LABORAL,06:30,162.0,188.49492,188.4949188232422,227.4793388429752
3,2026-04-08,LABORAL,07:00,154.0,179.9404,179.94039916992188,181.4504132231405
3,2026-04-08,LABORAL,07:30,108.0,171.29549,171.2954864501953,163.1825726141079
3,2026-04-08,LABORAL,08:00,168.0,162.65608,162.6560821533203,149.18487394957984
3,2026-04-08,LABORAL,08:30,127.0,154.21527,154.21527099609375,148.7219917012448
3,2026-04-08,LABORAL,09:00,147.0,146.21428,146.2142791748047,141.64315352697096
3,2026-04-08,LABORAL,09:30,119.0,141.11278,141.11277770996094,126.60416666666667
3,2026-04-08,LABORAL,10:00,126.0,137.87839,137.87838745117188,133.4625
3,2026-04-08,LABORAL,10:30,155.0,135.39621,135.39620971679688,120.21576763485477
3,2026-04-08,LABORAL,11:00,98.0,133.54318,133.54318237304688,113.94190871369294
3,2026-04-08,LABORAL,11:30,121.0,132.351,132.3509979248047,132.4356846473029
3,2026-04-08,LABORAL,12:00,229.0,131.84007,131.84007263183594,172.0495867768595
3,2026-04-08,LABORAL,12:30,98.0,132.00839,132.00839233398438,143.19166666666666
3,2026-04-08,LABORAL,13:00,191.0,132.79024,132.7902374267578,144.3278008298755
3,2026-04-08,LABORAL,13:30,186.0,131.61397,131.6139678955078,138.91701244813277
3,2026-04-08,LABORAL,14:00,91.0,128.24704,128.24703979492188,133.3609958506224
3,2026-04-08,LABORAL,14:30,195.0,123.78412,123.78411865234375,149.4625
3,2026-04-08,LABORAL,15:00,61.0,116.27151,116.2715072631836,156.2033195020747
3,2026-04-08,LABORAL,15:30,106.0,108.61241,108.61241149902344,150.29583333333332
3,2026-04-08,LABORAL,16:00,140.0,101.21947,101.21946716308594,117.94092827004219
3,2026-04-08,LABORAL,16:30,55.0,94.31346,94.31346130371094,89.8902953586498
3,2026-04-08,LABORAL,17:00,40.0,87.98096,87.98095703125,58.44927536231884
3,2026-04-09,LABORAL,04:00,77.0,181.88771,181.88771057128906,54.32828282828283
3,2026-04-09,LABORAL,04:30,66.0,186.38031,186.38031005859375,164.83402489626556
3,2026-04-09,LABORAL,05:00,348.0,189.92715,189.92715454101562,278.25206611570246
3,2026-04-09,LABORAL,05:30,236.0,191.45901,191.45901489257812,280.57851239669424
3,2026-04-09,LABORAL,06:00,306.0,185.669,185.66900634765625,299.6818181818182
3,2026-04-09,LABORAL,06:30,126.0,178.63043,178.63043212890625,226.8595041322314
3,2026-04-09,LABORAL,07:00,183.0,171.21518,171.21517944335938,181.4297520661157
3,2026-04-09,LABORAL,07:30,230.0,163.65659,163.65658569335938,162.67634854771785
3,2026-04-09,LABORAL,08:00,90.0,156.08398,156.083984375,149.1218487394958
3,2026-04-09,LABORAL,08:30,120.0,148.73819,148.73818969726562,148.6721991701245
3,2026-04-09,LABORAL,09:00,139.0,141.86494,141.8649444580078,141.57261410788382
3,2026-04-09,LABORAL,09:30,145.0,135.6205,135.62049865722656,126.47083333333333
3,2026-04-09,LABORAL,10:00,170.0,131.60603,131.6060333251953,133.50416666666666
3,2026-04-09,LABORAL,10:30,38.0,128.82755,128.82754516601562,120.53941908713693
3,2026-04-09,LABORAL,11:00,172.0,126.55814,126.55814361572266,113.61410788381743
3,2026-04-09,LABORAL,11:30,78.0,124.836655,124.83665466308594,132.29045643153526
3,2026-04-09,LABORAL,12:00,159.0,123.69251,123.69251251220703,172.26859504132233
3,2026-04-09,LABORAL,12:30,43.0,123.14531,123.14530944824219,142.97083333333333
3,2026-04-09,LABORAL,13:00,169.0,123.09599,123.09599304199219,144.63485477178423
3,2026-04-09,LABORAL,13:30,141.0,122.17558,122.17558288574219,138.8921161825726
3,2026-04-09,LABORAL,14:00,81.0,119.96846,119.96846008300781,133.46473029045643
3,2026-04-09,LABORAL,14:30,162.0,116.876526,116.87652587890625,149.5375
3,2026-04-09,LABORAL,15:00,126.0,110.841644,110.84164428710938,155.8091286307054
3,2026-04-09,LABORAL,15:30,144.0,104.37669,104.37669372558594,150.00416666666666
3,2026-04-09,LABORAL,16:00,93.0,98.29057,98.29057312011719,117.73417721518987
3,2026-04-09,LABORAL,16:30,78.0,92.68738,92.6873779296875,89.71729957805907
3,2026-04-09,LABORAL,17:00,41.0,87.66298,87.66297912597656,58.36057692307692
3,2026-04-10,LABORAL,04:00,93.0,168.81894,168.81893920898438,54.45454545454545
3,2026-04-10,LABORAL,04:30,50.0,181.6457,181.6457061767578,164.13692946058092
3,2026-04-10,LABORAL,05:00,298.0,193.07983,193.079833984375,278.71487603305786
3,2026-04-10,LABORAL,05:30,229.0,202.48773,202.48773193359375,280.202479338843
3,2026-04-10,LABORAL,06:00,416.0,205.78088,205.7808837890625,299.504132231405
3,2026-04-10,LABORAL,06:30,134.0,192.87689,192.87689208984375,226.17768595041323
3,2026-04-10,LABORAL,07:00,192.0,179.36708,179.36708068847656,181.43388429752065
3,2026-04-10,LABORAL,07:30,153.0,165.90935,165.9093475341797,162.7344398340249
3,2026-04-10,LABORAL,08:00,186.0,153.6196,153.61959838867188,148.99579831932772
3,2026-04-10,LABORAL,08:30,170.0,141.89923,141.89923095703125,148.22821576763485
3,2026-04-10,LABORAL,09:00,142.0,132.56877,132.5687713623047,141.7759336099585
3,2026-04-10,LABORAL,09:30,78.0,126.84818,126.84818267822266,126.51666666666667
3,2026-04-10,LABORAL,10:00,122.0,124.679474,124.67947387695312,133.5875
3,2026-04-10,LABORAL,10:30,141.0,123.75861,123.75861358642578,120.13278008298755
3,2026-04-10,LABORAL,11:00,110.0,123.852844,123.85284423828125,113.9253112033195
3,2026-04-10,LABORAL,11:30,94.0,124.960526,124.96052551269531,131.850622406639
3,2026-04-10,LABORAL,12:00,198.0,127.06275,127.06275177001953,172.1694214876033
3,2026-04-10,LABORAL,12:30,109.0,130.1235,130.12350463867188,142.69166666666666
3,2026-04-10,LABORAL,13:00,135.0,133.93399,133.93399047851562,144.82157676348547
3,2026-04-10,LABORAL,13:30,178.0,134.1752,134.17520141601562,138.16597510373444
3,2026-04-10,LABORAL,14:00,137.0,133.17326,133.1732635498047,133.448132780083
3,2026-04-10,LABORAL,14:30,191.0,129.48042,129.4804229736328,149.64166666666668
3,2026-04-10,LABORAL,15:00,83.0,122.345535,122.34553527832031,155.746887966805
3,2026-04-10,LABORAL,15:30,61.0,108.02568,108.02568054199219,149.98333333333332
3,2026-04-10,LABORAL,16:00,37.0,92.67553,92.67552947998047,117.41772151898734
3,2026-04-10,LABORAL,16:30,68.0,77.42388,77.42388153076172,89.37974683544304
3,2026-04-10,LABORAL,17:00,57.0,62.531708,62.531707763671875,58.37980769230769
3,2026-04-11,SABADO,04:00,30.0,115.74184,115.74183654785156,37.85
3,2026-04-11,SABADO,04:30,71.0,121.776955,121.7769546508789,109.13461538461539
3,2026-04-11,SABADO,05:00,232.0,127.100136,127.10013580322266,160.46153846153845
3,2026-04-11,SABADO,05:30,148.0,131.46817,131.46817016601562,169.3846153846154
3,2026-04-11,SABADO,06:00,161.0,134.13925,134.13925170898438,209.5
3,2026-04-11,SABADO,06:30,201.0,131.95442,131.9544219970703,180.6153846153846
3,2026-04-11,SABADO,07:00,141.0,125.97292,125.9729232788086,137.80769230769232
3,2026-04-11,SABADO,07:30,119.0,117.976036,117.97603607177734,118.36538461538461
3,2026-04-11,SABADO,08:00,76.0,110.157074,110.15707397460938,118.3076923076923
3,2026-04-11,SABADO,08:30,134.0,102.599815,102.59981536865234,108.46153846153847
3,2026-04-11,SABADO,09:00,77.0,96.024994,96.02499389648438,94.0
3,2026-04-11,SABADO,09:30,89.0,90.64474,90.64473724365234,97.84615384615384
3,2026-04-11,SABADO,10:00,75.0,85.79463,85.79463195800781,94.67307692307692
3,2026-04-11,SABADO,10:30,121.0,81.75923,81.75923156738281,90.96153846153847
3,2026-04-11,SABADO,11:00,101.0,78.77008,78.77008056640625,97.07843137254902
3,2026-04-11,SABADO,11:30,45.0,76.4566,76.45659637451172,90.37254901960785
3,2026-04-11,SABADO,12:00,87.0,75.40744,75.40744018554688,89.01923076923077
3,2026-04-11,SABADO,12:30,109.0,74.04732,74.04731750488281,80.40816326530613
3,2026-04-11,SABADO,13:00,25.0,71.07818,71.07817840576172,74.77083333333333
3,2026-04-11,SABADO,13:30,40.0,67.57717,67.5771713256836,66.84313725490196
3,2026-04-11,SABADO,14:00,82.0,64.14734,64.1473388671875,73.71428571428571
3,2026-04-11,SABADO,15:00,142.0,51.159195,51.15919494628906,72.56521739130434
3,2026-04-11,SABADO,16:00,18.0,35.492043,35.492042541503906,54.30232558139535
3,2026-04-11,SABADO,16:30,29.0,28.065475,28.065475463867188,47.3125
3,2026-04-12,DOMINGO,08:00,34.0,29.495186,29.49518585205078,40.41304347826087
3,2026-04-12,DOMINGO,08:30,24.0,30.808212,30.808212280273438,39.333333333333336
3,2026-04-12,DOMINGO,09:30,32.0,30.779572,30.779571533203125,34.095238095238095
3,2026-04-12,DOMINGO,10:00,38.0,31.575668,31.575668334960938,41.52272727272727
3,2026-04-12,DOMINGO,11:00,25.0,31.338188,31.33818817138672,36.5
3,2026-04-12,DOMINGO,12:00,28.0,30.156693,30.156692504882812,37.34285714285714
3,2026-04-12,DOMINGO,13:00,21.0,29.590584,29.59058380126953,31.605263157894736
3,2026-04-12,DOMINGO,14:00,25.0,27.984154,27.984153747558594,31.085714285714285
3,2026-04-13,LABORAL,04:00,81.0,138.08475,138.08474731445312,54.666666666666664
3,2026-04-13,LABORAL,04:30,93.0,164.88074,164.8807373046875,163.6390041493776
3,2026-04-13,LABORAL,05:00,270.0,190.52417,190.524169921875,278.8471074380165
3,2026-04-13,LABORAL,05:30,294.0,214.44287,214.44287109375,279.46280991735534
3,2026-04-13,LABORAL,06:00,206.0,226.37335,226.37335205078125,299.995867768595
3,2026-04-13,LABORAL,06:30,291.0,211.40408,211.40408325195312,225.70247933884298
3,2026-04-13,LABORAL,07:00,188.0,195.12271,195.12271118164062,181.77685950413223
3,2026-04-13,LABORAL,07:30,144.0,180.16145,180.1614532470703,162.41078838174275
3,2026-04-13,LABORAL,08:00,111.0,165.99869,165.99868774414062,149.19747899159663
3,2026-04-13,LABORAL,08:30,55.0,152.91211,152.912109375,148.52282157676348
3,2026-04-13,LABORAL,09:00,66.0,141.97537,141.97537231445312,141.90041493775934
3,2026-04-13,LABORAL,09:30,25.0,133.2424,133.24240112304688,126.17916666666666
3,2026-04-13,LABORAL,10:00,114.0,128.30013,128.3001251220703,133.59583333333333
3,2026-04-13,LABORAL,10:30,178.0,127.005486,127.00548553466797,120.20331950207469
3,2026-04-13,LABORAL,11:00,48.0,127.49413,127.49413299560547,113.81742738589212
3,2026-04-13,LABORAL,11:30,150.0,129.73781,129.73780822753906,131.6597510373444
3,2026-04-13,LABORAL,12:00,126.0,133.71523,133.71522521972656,172.06198347107437
3,2026-04-13,LABORAL,12:30,147.0,139.35834,139.35833740234375,142.4
3,2026-04-13,LABORAL,13:00,194.0,139.83691,139.8369140625,144.94605809128632
3,2026-04-13,LABORAL,13:30,70.0,140.74933,140.74932861328125,138.2655601659751
3,2026-04-13,LABORAL,14:00,121.0,142.73737,142.73736572265625,133.09128630705393
3,2026-04-13,LABORAL,14:30,121.0,145.4371,145.43710327148438,149.575
3,2026-04-13,LABORAL,15:00,134.0,146.1031,146.1031036376953,155.36929460580913
3,2026-04-13,LABORAL,15:30,118.0,136.94307,136.9430694580078,149.74166666666667
3,2026-04-13,LABORAL,16:00,105.0,110.91766,110.91766357421875,116.61603375527426
3,2026-04-13,LABORAL,16:30,41.0,83.28395,83.28395080566406,89.17721518987342
3,2026-04-13,LABORAL,17:00,48.0,55.962303,55.962303161621094,58.25961538461539
3,2026-04-14,LABORAL,04:00,50.0,140.1138,140.11380004882812,54.803030303030305
3,2026-04-14,LABORAL,04:30,113.0,164.90685,164.90684509277344,163.22821576763485
3,2026-04-14,LABORAL,05:00,362.0,188.01718,188.01718139648438,279.23553719008265
3,2026-04-14,LABORAL,05:30,148.0,208.54663,208.546630859375,279.504132231405
3,2026-04-14,LABORAL,06:00,316.0,219.33893,219.33892822265625,299.5082644628099
3,2026-04-14,LABORAL,06:30,252.0,200.20914,200.20913696289062,225.95454545454547
3,2026-04-14,LABORAL,07:00,162.0,180.77032,180.77032470703125,181.84297520661158
3,2026-04-14,LABORAL,07:30,163.0,163.031,163.031005859375,162.2655601659751
3,2026-04-14,LABORAL,08:00,165.0,148.67902,148.67901611328125,149.02100840336135
3,2026-04-14,LABORAL,08:30,139.0,135.79008,135.7900848388672,148.13278008298755
3,2026-04-14,LABORAL,09:00,105.0,127.36239,127.36238861083984,141.5186721991701
3,2026-04-14,LABORAL,09:30,134.0,122.61319,122.61318969726562,125.90416666666667
3,2026-04-14,LABORAL,10:00,194.0,119.77539,119.775390625,133.50416666666666
3,2026-04-14,LABORAL,10:30,62.0,118.76704,118.76703643798828,120.30705394190872
3,2026-04-14,LABORAL,11:00,141.0,119.60535,119.6053466796875,113.62240663900415
3,2026-04-14,LABORAL,11:30,145.0,122.27599,122.27599334716797,131.70539419087137
3,2026-04-14,LABORAL,12:00,188.0,126.7333,126.7332992553711,171.67355371900825
3,2026-04-14,LABORAL,12:30,141.0,132.07248,132.07247924804688,142.57916666666668
3,2026-04-14,LABORAL,13:00,89.0,137.08356,137.08355712890625,144.9668049792531
3,2026-04-14,LABORAL,13:30,188.0,136.29254,136.29254150390625,138.17842323651453
3,2026-04-14,LABORAL,14:00,39.0,136.08205,136.08204650878906,133.09128630705393
3,2026-04-14,LABORAL,14:30,142.0,136.45567,136.45567321777344,149.45416666666668
3,2026-04-14,LABORAL,15:00,105.0,136.2112,136.21119689941406,155.35269709543567
3,2026-04-14,LABORAL,15:30,163.0,123.88381,123.8838119506836,149.3125
3,2026-04-14,LABORAL,16:00,87.0,97.98167,97.9816665649414,116.59071729957806
3,2026-04-14,LABORAL,16:30,83.0,71.05963,71.05963134765625,88.9873417721519
3,2026-04-14,LABORAL,17:00,36.0,44.443787,44.44378662109375,58.10096153846154
3,2026-04-14,LABORAL,17:30,10.0,18.672493,18.67249298095703,33.87931034482759
3,2026-04-15,LABORAL,04:00,53.0,158.24857,158.24856567382812,54.72727272727273
3,2026-04-15,LABORAL,04:30,128.0,172.91948,172.9194793701172,162.97095435684648
3,2026-04-15,LABORAL,05:00,321.0,186.13788,186.13787841796875,279.78512396694214
3,2026-04-15,LABORAL,05:30,297.0,197.67764,197.67764282226562,278.93388429752065
3,2026-04-15,LABORAL,06:00,180.0,201.35794,201.35794067382812,299.54545454545456
3,2026-04-15,LABORAL,06:30,204.0,186.81393,186.81393432617188,226.1404958677686
3,2026-04-15,LABORAL,07:00,162.0,171.90363,171.90362548828125,181.67355371900825
3,2026-04-15,LABORAL,07:30,186.0,157.0752,157.0751953125,162.1701244813278
3,2026-04-15,LABORAL,08:00,171.0,142.58232,142.5823211669922,149.07563025210084
3,2026-04-15,LABORAL,08:30,175.0,130.19531,130.1953125,148.04979253112035
3,2026-04-15,LABORAL,09:00,140.0,123.11749,123.11749267578125,141.33195020746888
3,2026-04-15,LABORAL,09:30,146.0,117.80393,117.8039321899414,125.90833333333333
3,2026-04-15,LABORAL,10:00,87.0,115.31521,115.3152084350586,133.775
3,2026-04-15,LABORAL,10:30,62.0,114.52488,114.5248794555664,120.15767634854772
3,2026-04-15,LABORAL,11:00,67.0,114.84172,114.84172058105469,113.68879668049793
3,2026-04-15,LABORAL,11:30,124.0,116.26031,116.26030731201172,131.76763485477179
3,2026-04-15,LABORAL,12:00,158.0,118.75634,118.75634002685547,171.9090909090909
3,2026-04-15,LABORAL,12:30,119.0,122.28715,122.28714752197266,142.63333333333333
3,2026-04-15,LABORAL,13:00,90.0,126.792305,126.79230499267578,144.79253112033194
3,2026-04-15,LABORAL,13:30,148.0,126.948044,126.94804382324219,138.448132780083
3,2026-04-15,LABORAL,14:00,131.0,126.74449,126.74449157714844,132.63485477178423
3,2026-04-15,LABORAL,14:30,146.0,125.93618,125.9361801147461,149.49583333333334
3,2026-04-15,LABORAL,15:00,103.0,119.610405,119.61040496826172,155.3278008298755
3,2026-04-15,LABORAL,15:30,54.0,103.24007,103.24006652832031,149.3125
3,2026-04-15,LABORAL,16:00,100.0,85.45603,85.4560317993164,116.51054852320675
3,2026-04-15,LABORAL,16:30,56.0,67.7491,67.74909973144531,89.0886075949367
3,2026-04-15,LABORAL,17:00,28.0,50.693092,50.693092346191406,57.85576923076923
3,2026-04-16,LABORAL,04:00,51.0,151.83168,151.83168029785156,54.75757575757576
3,2026-04-16,LABORAL,04:30,122.0,169.18735,169.18734741210938,162.75933609958506
3,2026-04-16,LABORAL,05:00,310.0,185.20052,185.2005157470703,280.1900826446281
3,2026-04-16,LABORAL,05:30,197.0,199.42606,199.42605590820312,279.1280991735537
3,2026-04-16,LABORAL,06:00,258.0,201.86916,201.86915588378906,299.1570247933884
3,2026-04-16,LABORAL,06:30,213.0,188.68306,188.6830596923828,226.15289256198346
3,2026-04-16,LABORAL,07:00,209.0,173.83163,173.83163452148438,181.54132231404958
3,2026-04-16,LABORAL,07:30,136.0,158.96071,158.96070861816406,162.30705394190872
3,2026-04-16,LABORAL,08:00,78.0,144.67622,144.6762237548828,149.1638655462185
3,2026-04-16,LABORAL,08:30,115.0,134.11298,134.11297607421875,147.90041493775934
3,2026-04-16,LABORAL,09:00,138.0,126.819374,126.81937408447266,141.30290456431536
3,2026-04-16,LABORAL,09:30,84.0,121.32268,121.32267761230469,126.05416666666666
3,2026-04-16,LABORAL,10:00,149.0,117.390205,117.39020538330078,133.67916666666667
3,2026-04-16,LABORAL,10:30,75.0,115.560745,115.56074523925781,119.92116182572614
3,2026-04-16,LABORAL,11:00,73.0,114.96828,114.96827697753906,113.76763485477179
3,2026-04-16,LABORAL,11:30,170.0,115.622955,115.62295532226562,131.56846473029046
3,2026-04-16,LABORAL,12:00,159.0,117.467964,117.46796417236328,171.8595041322314
3,2026-04-16,LABORAL,12:30,98.0,120.44644,120.44644165039062,143.12083333333334
3,2026-04-16,LABORAL,13:00,146.0,124.5355,124.5354995727539,144.51452282157678
3,2026-04-16,LABORAL,13:30,140.0,128.62732,128.6273193359375,138.41908713692945
3,2026-04-16,LABORAL,14:00,26.0,127.11742,127.11741638183594,132.7136929460581
3,2026-04-16,LABORAL,14:30,100.0,125.747284,125.74728393554688,149.50416666666666
3,2026-04-16,LABORAL,15:00,171.0,122.488976,122.48897552490234,155.30290456431536
3,2026-04-16,LABORAL,15:30,109.0,106.640656,106.64065551757812,148.9
3,2026-04-16,LABORAL,16:00,91.0,86.25915,86.25914764404297,116.45147679324894
3,2026-04-16,LABORAL,16:30,53.0,65.98744,65.98744201660156,88.88607594936708
3,2026-04-16,LABORAL,17:00,49.0,46.172363,46.17236328125,57.66826923076923
3,2026-04-17,LABORAL,04:00,51.0,152.61565,152.6156463623047,54.73869346733668
3,2026-04-17,LABORAL,04:30,175.0,153.66144,153.66143798828125,162.5909090909091
3,2026-04-17,LABORAL,05:00,273.0,154.19023,154.1902313232422,280.3127572016461
3,2026-04-17,LABORAL,05:30,179.0,154.19295,154.1929473876953,278.7901234567901
3,2026-04-17,LABORAL,06:00,288.0,153.6182,153.61819458007812,298.98765432098764
3,2026-04-17,LABORAL,06:30,291.0,152.4841,152.48410034179688,226.09876543209876
3,2026-04-17,LABORAL,07:00,120.0,150.85869,150.8586883544922,181.65432098765433
3,2026-04-17,LABORAL,07:30,111.0,148.76979,148.76979064941406,162.19834710743802
3,2026-04-17,LABORAL,08:00,143.0,146.20425,146.20425415039062,148.86610878661088
3,2026-04-17,LABORAL,08:30,187.0,143.36896,143.36895751953125,147.76446280991735
3,2026-04-17,LABORAL,09:00,111.0,140.24855,140.24855041503906,141.28925619834712
3,2026-04-17,LABORAL,09:30,136.0,136.86552,136.8655242919922,125.87966804979253
3,2026-04-17,LABORAL,10:00,139.0,133.27773,133.27772521972656,133.74273858921163
3,2026-04-17,LABORAL,10:30,76.0,129.54655,129.5465545654297,119.73553719008264
3,2026-04-17,LABORAL,11:00,105.0,125.73588,125.73587799072266,113.59917355371901
3,2026-04-17,LABORAL,11:30,204.0,121.91087,121.91087341308594,131.72727272727272
3,2026-04-17,LABORAL,12:00,196.0,118.13699,118.13699340820312,171.80658436213992
3,2026-04-17,LABORAL,12:30,96.0,114.43701,114.43701171875,142.93360995850622
3,2026-04-17,LABORAL,13:00,114.0,110.8764,110.87640380859375,144.5206611570248
3,2026-04-17,LABORAL,13:30,162.0,107.54287,107.5428695678711,138.42561983471074
3,2026-04-17,LABORAL,14:30,106.0,101.78034,101.78034210205078,149.298755186722
3,2026-04-17,LABORAL,15:00,166.0,99.382416,99.38241577148438,155.36776859504133
3,2026-04-17,LABORAL,15:30,98.0,97.36921,97.36920928955078,148.7344398340249
3,2026-04-17,LABORAL,16:00,107.0,95.808624,95.80862426757812,116.34453781512605
3,2026-04-17,LABORAL,16:30,80.0,94.72737,94.72737121582031,88.73529411764706
3,2026-04-17,LABORAL,17:00,56.0,94.14394,94.1439437866211,57.6267942583732
3,2026-04-18,SABADO,04:00,36.0,53.854134,53.85413360595703,37.675
3,2026-04-18,SABADO,04:30,99.0,89.70521,89.70520782470703,108.13461538461539
3,2026-04-18,SABADO,05:00,163.0,122.62952,122.6295166015625,160.6153846153846
3,2026-04-18,SABADO,05:30,123.0,149.1901,149.19009399414062,168.26923076923077
3,2026-04-18,SABADO,06:00,222.0,156.69423,156.69422912597656,208.25
3,2026-04-18,SABADO,06:30,96.0,152.96039,152.96038818359375,181.84615384615384
3,2026-04-18,SABADO,07:00,123.0,139.10126,139.10125732421875,137.78846153846155
3,2026-04-18,SABADO,07:30,117.0,125.42428,125.42427825927734,117.78846153846153
3,2026-04-18,SABADO,08:00,107.0,113.24938,113.24938201904297,117.42307692307692
3,2026-04-18,SABADO,08:30,118.0,103.189735,103.18973541259766,109.38461538461539
3,2026-04-18,SABADO,09:00,90.0,94.40971,94.40971374511719,92.76923076923077
3,2026-04-18,SABADO,09:30,53.0,86.93506,86.93505859375,96.96153846153847
3,2026-04-18,SABADO,10:00,50.0,80.906105,80.9061050415039,94.4423076923077
3,2026-04-18,SABADO,10:30,64.0,78.357285,78.35728454589844,90.65384615384616
3,2026-04-18,SABADO,11:00,47.0,79.48185,79.48184967041016,97.50980392156863
3,2026-04-18,SABADO,11:30,125.0,81.278564,81.278564453125,88.98039215686275
3,2026-04-18,SABADO,12:00,83.0,82.75406,82.75405883789062,89.84615384615384
3,2026-04-18,SABADO,12:30,46.0,79.93326,79.93325805664062,80.87755102040816
3,2026-04-18,SABADO,13:00,68.0,74.70264,74.70263671875,74.39583333333333
3,2026-04-18,SABADO,13:30,26.0,69.875946,69.87594604492188,65.33333333333333
3,2026-04-18,SABADO,14:00,98.0,66.04411,66.04411315917969,73.14285714285714
3,2026-04-18,SABADO,14:30,29.0,62.54374,62.543739318847656,65.20833333333333
3,2026-04-18,SABADO,15:00,35.0,59.434746,59.43474578857422,74.8913043478261
3,2026-04-18,SABADO,15:30,42.0,56.770325,56.77032470703125,68.56521739130434
3,2026-04-18,SABADO,16:00,39.0,45.385284,45.385284423828125,52.23255813953488
3,2026-04-19,DOMINGO,07:00,26.0,27.946335,27.946334838867188,29.804878048780488
3,2026-04-19,DOMINGO,07:30,51.0,29.408401,29.408401489257812,33.765957446808514
3,2026-04-19,DOMINGO,08:00,47.0,30.685364,30.68536376953125,39.76086956521739
3,2026-04-19,DOMINGO,09:00,45.0,32.60012,32.600120544433594,34.611111111111114
3,2026-04-19,DOMINGO,09:30,36.0,33.20517,33.205169677734375,34.38095238095238
3,2026-04-19,DOMINGO,11:30,27.0,33.085808,33.08580780029297,36.55882352941177
3,2026-04-19,DOMINGO,12:00,23.0,32.423683,32.423683166503906,37.22857142857143
3,2026-04-19,DOMINGO,13:00,24.0,30.404678,30.404678344726562,31.473684210526315
3,2026-04-19,DOMINGO,14:00,22.0,27.778343,27.778343200683594,30.916666666666668
3,2026-04-19,DOMINGO,14:30,25.0,26.694801,26.694801330566406,36.8235294117647
3,2026-04-19,DOMINGO,15:30,22.0,25.382889,25.382888793945312,33.68
3,2026-04-20,LABORAL,04:00,57.0,106.50542,106.50541687011719,54.72
3,2026-04-20,LABORAL,04:30,82.0,155.12387,155.12387084960938,162.64197530864197
3,2026-04-20,LABORAL,05:00,294.0,202.50836,202.50836181640625,280.2827868852459
3,2026-04-20,LABORAL,05:30,278.0,246.92682,246.92681884765625,278.3811475409836
3,2026-04-20,LABORAL,06:00,271.0,245.92877,245.92877197265625,298.94262295081967
3,2026-04-20,LABORAL,06:30,261.0,228.98169,228.981689453125,226.36475409836066
3,2026-04-20,LABORAL,07:00,86.0,207.27829,207.27828979492188,181.4016393442623
3,2026-04-20,LABORAL,07:30,107.0,187.83205,187.83204650878906,161.98765432098764
3,2026-04-20,LABORAL,08:00,121.0,170.06403,170.06402587890625,148.84166666666667
3,2026-04-20,LABORAL,08:30,84.0,154.27827,154.2782745361328,147.92592592592592
3,2026-04-20,LABORAL,09:00,139.0,140.74486,140.74485778808594,141.16460905349794
3,2026-04-20,LABORAL,09:30,84.0,133.22449,133.2244873046875,125.92148760330579
3,2026-04-20,LABORAL,10:00,127.0,130.84961,130.849609375,133.76446280991735
3,2026-04-20,LABORAL,10:30,60.0,131.20157,131.20156860351562,119.55555555555556
3,2026-04-20,LABORAL,11:00,177.0,134.27432,134.27432250976562,113.56378600823045
3,2026-04-20,LABORAL,11:30,93.0,139.9742,139.9741973876953,132.02469135802468
3,2026-04-20,LABORAL,12:00,147.0,147.3694,147.36940002441406,171.90573770491804
3,2026-04-20,LABORAL,12:30,140.0,154.70921,154.70921325683594,142.7396694214876
3,2026-04-20,LABORAL,13:00,133.0,155.51346,155.51345825195312,144.39506172839506
3,2026-04-20,LABORAL,13:30,185.0,157.4398,157.43980407714844,138.52263374485597
3,2026-04-20,LABORAL,14:00,147.0,160.35756,160.35755920410156,132.27272727272728
3,2026-04-20,LABORAL,14:30,106.0,164.1809,164.18089294433594,149.1198347107438
3,2026-04-20,LABORAL,15:00,110.0,167.7395,167.739501953125,155.41152263374485
3,2026-04-20,LABORAL,15:30,118.0,159.98495,159.98495483398438,148.52479338842974
3,2026-04-20,LABORAL,16:00,138.0,133.03322,133.03321838378906,116.30543933054393
3,2026-04-20,LABORAL,16:30,43.0,97.288666,97.28866577148438,88.69874476987448
3,2026-04-20,LABORAL,17:00,80.0,61.92903,61.92903137207031,57.61904761904762
3,2026-04-21,LABORAL,04:00,49.0,86.05925,86.05924987792969,54.735
3,2026-04-21,LABORAL,04:30,182.0,135.53453,135.53453063964844,162.0576131687243
3,2026-04-21,LABORAL,05:00,297.0,183.36098,183.36097717285156,280.0532786885246
3,2026-04-21,LABORAL,05:30,350.0,225.76398,225.76397705078125,278.405737704918
3,2026-04-21,LABORAL,06:00,273.0,234.93092,234.93092346191406,299.12295081967216
3,2026-04-21,LABORAL,06:30,204.0,211.21307,211.21307373046875,226.53688524590163
3,2026-04-21,LABORAL,07:00,171.0,185.99261,185.99261474609375,181.0983606557377
3,2026-04-21,LABORAL,07:30,190.0,165.94131,165.94131469726562,161.320987654321
3,2026-04-21,LABORAL,08:00,108.0,151.88947,151.88946533203125,148.47916666666666
3,2026-04-21,LABORAL,08:30,167.0,141.27,141.27000427246094,147.76543209876544
3,2026-04-21,LABORAL,09:00,104.0,132.95695,132.9569549560547,141.10699588477365
3,2026-04-21,LABORAL,09:30,65.0,127.11194,127.1119384765625,125.62396694214875
3,2026-04-21,LABORAL,10:00,131.0,123.834946,123.83494567871094,133.6900826446281
3,2026-04-21,LABORAL,10:30,154.0,123.182045,123.18204498291016,119.10288065843622
3,2026-04-21,LABORAL,11:00,90.0,125.164406,125.1644058227539,113.93004115226337
3,2026-04-21,LABORAL,11:30,135.0,129.74811,129.74810791015625,132.06995884773661
3,2026-04-21,LABORAL,12:00,190.0,132.79947,132.79946899414062,171.45081967213116
3,2026-04-21,LABORAL,12:30,73.0,130.03384,130.03384399414062,143.21487603305786
3,2026-04-21,LABORAL,13:00,145.0,128.27982,128.27981567382812,143.8641975308642
3,2026-04-21,LABORAL,13:30,199.0,127.567375,127.56737518310547,138.54320987654322
3,2026-04-21,LABORAL,14:00,108.0,127.90871,127.90870666503906,132.1487603305785
3,2026-04-21,LABORAL,14:30,101.0,129.29797,129.2979736328125,148.54545454545453
3,2026-04-21,LABORAL,15:00,119.0,129.58458,129.58457946777344,155.4814814814815
3,2026-04-21,LABORAL,15:30,204.0,126.188705,126.18870544433594,147.95867768595042
3,2026-04-21,LABORAL,16:00,131.0,103.03215,103.03215026855469,116.61924686192468
3,2026-04-21,LABORAL,16:30,34.0,75.54579,75.54579162597656,88.32635983263599
3,2026-04-21,LABORAL,18:00,20.0,-36.26187,-36.261871337890625,18.47826086956522
3,2026-04-22,LABORAL,04:00,42.0,82.45125,82.45124816894531,54.68
3,2026-04-22,LABORAL,04:30,121.0,151.68822,151.68821716308594,161.8724279835391
3,2026-04-22,LABORAL,05:00,295.0,218.63095,218.63095092773438,280.11475409836066
3,2026-04-22,LABORAL,05:30,188.0,269.15424,269.15423583984375,278.6106557377049
3,2026-04-22,LABORAL,06:00,525.0,254.41309,254.4130859375,298.9344262295082
3,2026-04-22,LABORAL,06:30,146.0,224.80008,224.80007934570312,226.3360655737705
3,2026-04-22,LABORAL,07:00,154.0,195.25003,195.25003051757812,181.077868852459
3,2026-04-22,LABORAL,07:30,158.0,169.09227,169.09226989746094,161.47325102880657
3,2026-04-22,LABORAL,08:00,84.0,153.40817,153.40817260742188,148.21666666666667
3,2026-04-22,LABORAL,08:30,111.0,140.99129,140.9912872314453,147.44444444444446
3,2026-04-22,LABORAL,09:00,127.0,131.51233,131.5123291015625,140.99588477366254
3,2026-04-22,LABORAL,09:30,137.0,125.13347,125.13346862792969,125.29752066115702
3,2026-04-22,LABORAL,10:00,95.0,121.96387,121.9638671875,133.46280991735537
3,2026-04-22,LABORAL,10:30,114.0,122.057755,122.05775451660156,119.08641975308642
3,2026-04-22,LABORAL,11:00,113.0,125.41353,125.41352844238281,113.82304526748972
3,2026-04-22,LABORAL,11:30,105.0,131.97375,131.9737548828125,131.96296296296296
3,2026-04-22,LABORAL,12:00,167.0,141.62622,141.626220703125,171.58196721311475
3,2026-04-22,LABORAL,12:30,124.0,148.15085,148.15084838867188,142.62809917355372
3,2026-04-22,LABORAL,13:00,63.0,147.1473,147.1472930908203,143.93415637860082
3,2026-04-22,LABORAL,13:30,149.0,147.37888,147.37887573242188,138.68312757201647
3,2026-04-22,LABORAL,14:00,43.0,148.95647,148.9564666748047,131.9504132231405
3,2026-04-22,LABORAL,14:30,43.0,151.85312,151.85311889648438,148.51239669421489
3,2026-04-22,LABORAL,15:00,78.0,154.60957,154.6095733642578,155.2633744855967
3,2026-04-22,LABORAL,15:30,107.0,148.9469,148.9468994140625,148.03719008264463
3,2026-04-22,LABORAL,16:00,124.0,127.167786,127.16778564453125,116.44769874476988
3,2026-04-22,LABORAL,16:30,55.0,94.69472,94.69471740722656,88.25941422594143
3,2026-04-22,LABORAL,17:00,47.0,62.905975,62.905975341796875,57.866028708133975
3,2026-04-23,LABORAL,04:00,43.0,94.89315,94.89315032958984,54.645
3,2026-04-23,LABORAL,04:30,119.0,136.51709,136.51708984375,161.39506172839506
3,2026-04-23,LABORAL,05:00,288.0,176.79099,176.79098510742188,279.9016393442623
3,2026-04-23,LABORAL,05:30,248.0,210.04424,210.0442352294922,278.1188524590164
3,2026-04-23,LABORAL,06:00,152.0,219.475,219.47500610351562,299.8155737704918
3,2026-04-23,LABORAL,06:30,214.0,205.51904,205.51904296875,225.97131147540983
3,2026-04-23,LABORAL,07:00,175.0,188.99364,188.99363708496094,181.09426229508196
3,2026-04-23,LABORAL,07:30,169.0,173.44302,173.44302368164062,161.47736625514403
3,2026-04-23,LABORAL,08:00,119.0,158.90807,158.90806579589844,147.53333333333333
3,2026-04-23,LABORAL,08:30,187.0,145.6906,145.6905975341797,147.2962962962963
3,2026-04-23,LABORAL,09:00,137.0,134.15799,134.15798950195312,140.8724279835391
3,2026-04-23,LABORAL,09:30,109.0,125.38129,125.38128662109375,125.47520661157024
3,2026-04-23,LABORAL,10:00,93.0,119.47129,119.4712905883789,133.26446280991735
3,2026-04-23,LABORAL,10:30,120.0,116.56438,116.56437683105469,118.97119341563786
3,2026-04-23,LABORAL,11:00,82.0,118.637665,118.63766479492188,113.77366255144032
3,2026-04-23,LABORAL,11:30,73.0,123.68933,123.6893310546875,131.72427983539094
3,2026-04-23,LABORAL,12:00,151.0,130.76067,130.7606658935547,171.56147540983608
3,2026-04-23,LABORAL,12:30,140.0,139.44148,139.4414825439453,142.4297520661157
3,2026-04-23,LABORAL,13:00,104.0,141.65472,141.65472412109375,143.66255144032922
3,2026-04-23,LABORAL,14:00,50.0,142.95618,142.9561767578125,131.80578512396696
3,2026-04-23,LABORAL,15:00,59.0,138.02098,138.02098083496094,155.20987654320987
3,2026-04-23,LABORAL,17:00,32.0,42.268524,42.268524169921875,57.78947368421053
3,2026-04-24,LABORAL,04:00,45.0,162.03203,162.0320281982422,54.6
3,2026-04-24,LABORAL,04:30,118.0,167.46286,167.46286010742188,161.2798353909465
3,2026-04-24,LABORAL,05:00,248.0,171.88013,171.880126953125,279.6639344262295
3,2026-04-24,LABORAL,05:30,285.0,174.97328,174.97328186035156,278.2745901639344
3,2026-04-24,LABORAL,06:00,202.0,174.76466,174.76466369628906,299.0
3,2026-04-24,LABORAL,06:30,320.0,168.49786,168.49786376953125,226.11885245901638
3,2026-04-24,LABORAL,07:00,52.0,160.13577,160.13577270507812,181.3155737704918
3,2026-04-24,LABORAL,07:30,171.0,152.57487,152.5748748779297,161.3744855967078
3,2026-04-24,LABORAL,08:00,148.0,145.83142,145.8314208984375,147.36666666666667
3,2026-04-24,LABORAL,08:30,150.0,139.79523,139.79522705078125,147.34567901234567
3,2026-04-24,LABORAL,09:00,84.0,134.20656,134.20655822753906,140.82716049382717
3,2026-04-24,LABORAL,09:30,78.0,129.16106,129.1610565185547,125.28099173553719
3,2026-04-24,LABORAL,10:00,145.0,124.745026,124.74502563476562,133.40495867768595
3,2026-04-24,LABORAL,10:30,92.0,121.800385,121.80038452148438,118.91358024691358
3,2026-04-24,LABORAL,11:00,59.0,119.630806,119.63080596923828,113.68312757201646
3,2026-04-24,LABORAL,11:30,126.0,118.1931,118.19309997558594,131.67078189300412
3,2026-04-24,LABORAL,12:00,190.0,117.5119,117.51190185546875,171.23360655737704
3,2026-04-24,LABORAL,12:30,116.0,117.59885,117.59884643554688,142.3305785123967
3,2026-04-24,LABORAL,13:00,120.0,118.07256,118.07256317138672,143.65432098765433
3,2026-04-24,LABORAL,13:30,144.0,115.622856,115.62285614013672,138.3388429752066
3,2026-04-24,LABORAL,14:30,30.0,108.774025,108.7740249633789,147.87966804979254
3,2026-04-24,LABORAL,15:00,175.0,102.70641,102.70641326904297,154.69958847736626
3,2026-04-24,LABORAL,15:30,49.0,95.98581,95.98580932617188,147.37759336099586
3,2026-04-24,LABORAL,16:00,59.0,89.42502,89.42501831054688,116.61344537815125
3,2026-04-24,LABORAL,16:30,71.0,83.07103,83.07102966308594,88.13025210084034
3,2026-04-25,SABADO,04:00,32.0,58.95085,58.95085144042969,37.95
3,2026-04-25,SABADO,04:30,105.0,80.7529,80.75289916992188,108.73076923076923
3,2026-04-25,SABADO,05:00,176.0,100.892876,100.89287567138672,161.90384615384616
3,2026-04-25,SABADO,05:30,122.0,118.849396,118.84939575195312,169.44230769230768
3,2026-04-25,SABADO,06:00,210.0,128.06459,128.06459045410156,210.19230769230768
3,2026-04-25,SABADO,06:30,208.0,127.9672,127.96720123291016,181.75
3,2026-04-25,SABADO,07:00,93.0,119.474525,119.47452545166016,138.07692307692307
3,2026-04-25,SABADO,07:30,136.0,109.32747,109.32746887207031,118.40384615384616
3,2026-04-25,SABADO,08:00,148.0,99.35489,99.35488891601562,118.3076923076923
3,2026-04-25,SABADO,08:30,61.0,90.06027,90.06027221679688,110.38461538461539
3,2026-04-25,SABADO,09:00,116.0,82.19985,82.1998519897461,93.61538461538461
3,2026-04-25,SABADO,09:30,49.0,75.22377,75.22377014160156,96.59615384615384
3,2026-04-25,SABADO,10:00,101.0,69.26637,69.26637268066406,94.13461538461539
3,2026-04-25,SABADO,10:30,95.0,64.28927,64.28926849365234,91.1923076923077
3,2026-04-25,SABADO,11:00,85.0,61.309364,61.309364318847656,97.96078431372548
3,2026-04-25,SABADO,11:30,82.0,59.77099,59.77098846435547,90.84313725490196
3,2026-04-25,SABADO,12:00,29.0,60.521904,60.52190399169922,91.0
3,2026-04-25,SABADO,12:30,76.0,60.59867,60.598670959472656,80.10204081632654
3,2026-04-25,SABADO,13:00,63.0,60.85742,60.857421875,74.77083333333333
3,2026-04-25,SABADO,14:00,93.0,62.49285,62.49285125732422,73.75510204081633
3,2026-04-25,SABADO,14:30,34.0,57.22751,57.227508544921875,65.375
3,2026-04-25,SABADO,15:00,56.0,50.37355,50.37355041503906,74.15217391304348
3,2026-04-25,SABADO,15:30,45.0,40.063347,40.06334686279297,68.71739130434783
3,2026-04-26,DOMINGO,07:00,28.0,27.048111,27.048110961914062,29.585365853658537
3,2026-04-26,DOMINGO,07:30,33.0,28.015778,28.015777587890625,34.276595744680854
3,2026-04-26,DOMINGO,08:00,23.0,28.841827,28.841827392578125,39.891304347826086
3,2026-04-26,DOMINGO,09:00,39.0,30.015213,30.015213012695312,34.916666666666664
3,2026-04-26,DOMINGO,10:30,34.0,30.450256,30.45025634765625,38.68292682926829
3,2026-04-26,DOMINGO,11:00,24.0,30.228912,30.228912353515625,36.67567567567568
3,2026-04-26,DOMINGO,11:30,27.0,29.828117,29.82811737060547,36.38235294117647
3,2026-04-26,DOMINGO,12:00,27.0,29.386711,29.38671112060547,36.833333333333336
3,2026-04-26,DOMINGO,13:30,48.0,27.645157,27.645156860351562,30.033333333333335
3,2026-04-26,DOMINGO,14:30,25.0,27.194199,27.194198608398438,36.029411764705884
3,2026-04-27,LABORAL,04:00,48.0,90.86258,90.86257934570312,54.525
3,2026-04-27,LABORAL,04:30,124.0,144.13254,144.13253784179688,160.78189300411523
3,2026-04-27,LABORAL,05:00,339.0,196.40392,196.40391540527344,279.5327868852459
3,2026-04-27,LABORAL,05:30,244.0,245.69952,245.69952392578125,278.4467213114754
3,2026-04-27,LABORAL,06:00,400.0,239.72185,239.7218475341797,298.3811475409836
3,2026-04-27,LABORAL,06:30,222.0,216.8756,216.87559509277344,226.8237704918033
3,2026-04-27,LABORAL,07:00,77.0,193.77502,193.7750244140625,180.74180327868854
3,2026-04-27,LABORAL,07:30,213.0,171.68886,171.68885803222656,161.24279835390948
3,2026-04-27,LABORAL,08:00,90.0,155.36752,155.36752319335938,147.42083333333332
3,2026-04-27,LABORAL,08:30,102.0,143.33083,143.33082580566406,147.32921810699588
3,2026-04-27,LABORAL,09:00,115.0,133.62473,133.62472534179688,140.6090534979424
3,2026-04-27,LABORAL,09:30,113.0,126.36667,126.36666870117188,125.17768595041322
3,2026-04-27,LABORAL,10:00,184.0,121.81485,121.81484985351562,133.51652892561984
3,2026-04-27,LABORAL,10:30,79.0,120.0981,120.09809875488281,118.64609053497942
3,2026-04-27,LABORAL,11:00,111.0,121.2458,121.24579620361328,113.4156378600823
3,2026-04-27,LABORAL,11:30,92.0,125.2383,125.23829650878906,131.56378600823047
3,2026-04-27,LABORAL,12:00,195.0,132.0073,132.00729370117188,171.36885245901638
3,2026-04-27,LABORAL,12:30,105.0,132.9786,132.97860717773438,142.12396694214877
3,2026-04-27,LABORAL,13:00,135.0,132.8611,132.86109924316406,143.4897119341564
3,2026-04-27,LABORAL,13:30,143.0,135.2376,135.2375946044922,138.24380165289256
3,2026-04-27,LABORAL,14:00,102.0,138.82721,138.82720947265625,131.65560165975103
3,2026-04-27,LABORAL,14:30,222.0,142.61554,142.61553955078125,147.5186721991701
3,2026-04-27,LABORAL,15:00,95.0,144.80037,144.8003692626953,154.23456790123456
3,2026-04-27,LABORAL,15:30,88.0,141.16434,141.16433715820312,147.19502074688796
3,2026-04-27,LABORAL,16:00,114.0,113.58289,113.58289337158203,116.0546218487395
3,2026-04-27,LABORAL,16:30,34.0,85.993454,85.99345397949219,88.17647058823529
3,2026-04-27,LABORAL,17:00,30.0,57.39985,57.39984893798828,57.53846153846154
3,2026-04-27,LABORAL,17:30,29.0,23.603043,23.603042602539062,33.4054054054054
3,2026-04-28,LABORAL,04:00,35.0,141.87032,141.8703155517578,54.475
3,2026-04-28,LABORAL,04:30,106.0,169.87823,169.87823486328125,160.77366255144034
3,2026-04-28,LABORAL,05:00,354.0,196.59048,196.59048461914062,279.3032786885246
3,2026-04-28,LABORAL,05:30,201.0,221.5104,221.51040649414062,278.172131147541
3,2026-04-28,LABORAL,06:00,213.0,227.60599,227.60598754882812,298.6516393442623
3,2026-04-28,LABORAL,06:30,209.0,209.4346,209.43460083007812,226.65573770491804
3,2026-04-28,LABORAL,07:00,185.0,190.84247,190.84246826171875,180.38524590163934
3,2026-04-28,LABORAL,07:30,124.0,172.59032,172.59031677246094,161.679012345679
3,2026-04-28,LABORAL,08:00,171.0,155.91714,155.91714477539062,147.04583333333332
3,2026-04-28,LABORAL,08:30,142.0,142.79674,142.79673767089844,147.03703703703704
3,2026-04-28,LABORAL,09:00,133.0,134.08311,134.08311462402344,140.50205761316872
3,2026-04-28,LABORAL,09:30,107.0,127.60239,127.60238647460938,125.2892561983471
3,2026-04-28,LABORAL,10:00,76.0,124.077576,124.07757568359375,133.45867768595042
3,2026-04-28,LABORAL,10:30,124.0,122.14817,122.1481704711914,118.29629629629629
3,2026-04-28,LABORAL,11:00,89.0,121.833626,121.83362579345703,113.5679012345679
3,2026-04-28,LABORAL,11:30,137.0,123.1783,123.17829895019531,131.37037037037038
3,2026-04-28,LABORAL,12:00,174.0,126.159134,126.15913391113281,171.18852459016392
3,2026-04-28,LABORAL,12:30,164.0,130.72516,130.72515869140625,142.21487603305786
3,2026-04-28,LABORAL,13:00,99.0,136.79823,136.79823303222656,143.28395061728395
3,2026-04-28,LABORAL,13:30,75.0,139.77835,139.77835083007812,138.61157024793388
3,2026-04-28,LABORAL,14:00,195.0,139.5332,139.533203125,131.54771784232366
3,2026-04-28,LABORAL,14:30,109.0,139.89291,139.89291381835938,147.82572614107883
3,2026-04-28,LABORAL,15:00,97.0,139.15788,139.1578826904297,153.90534979423867
3,2026-04-28,LABORAL,15:30,149.0,132.17899,132.17898559570312,146.83817427385893
3,2026-04-28,LABORAL,16:00,128.0,107.8639,107.86389923095703,115.97478991596638
3,2026-04-28,LABORAL,16:30,53.0,78.39421,78.39421081542969,87.84033613445378
3,2026-04-28,LABORAL,17:00,30.0,48.432198,48.43219757080078,57.53365384615385
3,2026-04-29,LABORAL,04:00,51.0,120.51722,120.51721954345703,54.37810945273632
3,2026-04-29,LABORAL,04:30,134.0,148.64102,148.64102172851562,160.0411522633745
3,2026-04-29,LABORAL,05:00,434.0,175.26804,175.26803588867188,279.6967213114754
3,2026-04-29,LABORAL,05:30,237.0,199.8143,199.81430053710938,277.4139344262295
3,2026-04-29,LABORAL,06:00,291.0,210.23184,210.23184204101562,297.922131147541
3,2026-04-29,LABORAL,06:30,175.0,192.25865,192.25865173339844,226.53688524590163
3,2026-04-29,LABORAL,07:00,141.0,173.49086,173.49085998535156,180.5204918032787
3,2026-04-29,LABORAL,07:30,197.0,154.88106,154.8810577392578,161.5761316872428
3,2026-04-29,LABORAL,08:00,161.0,141.13211,141.13211059570312,146.85416666666666
3,2026-04-29,LABORAL,08:30,102.0,131.75269,131.752685546875,146.91769547325103
3,2026-04-29,LABORAL,09:00,182.0,125.11095,125.11094665527344,140.52674897119343
3,2026-04-29,LABORAL,09:30,82.0,119.92757,119.92756652832031,125.24793388429752
3,2026-04-29,LABORAL,10:00,88.0,116.29125,116.29125213623047,133.15289256198346
3,2026-04-29,LABORAL,10:30,170.0,114.2642,114.26419830322266,118.17695473251028
3,2026-04-29,LABORAL,11:00,102.0,113.880325,113.88032531738281,113.30041152263375
3,2026-04-29,LABORAL,11:30,196.0,115.09146,115.09146118164062,131.37037037037038
3,2026-04-29,LABORAL,12:00,107.0,117.92085,117.92085266113281,171.0327868852459
3,2026-04-29,LABORAL,12:30,134.0,122.320076,122.32007598876953,142.3801652892562
3,2026-04-29,LABORAL,13:00,112.0,128.21387,128.2138671875,142.98765432098764
3,2026-04-29,LABORAL,13:30,59.0,128.70425,128.70425415039062,138.37190082644628
3,2026-04-29,LABORAL,14:00,182.0,127.849846,127.84984588623047,131.62240663900414
3,2026-04-29,LABORAL,14:30,119.0,127.55145,127.55145263671875,147.5311203319502
3,2026-04-29,LABORAL,15:00,145.0,126.284676,126.28467559814453,153.58847736625515
3,2026-04-29,LABORAL,15:30,129.0,115.25216,115.25215911865234,146.85892116182572
3,2026-04-29,LABORAL,16:00,96.0,95.1353,95.13529968261719,115.89915966386555
3,2026-04-29,LABORAL,16:30,70.0,64.8854,64.8853988647461,87.59243697478992
3,2026-04-30,LABORAL,04:00,45.0,164.48242,164.482421875,54.398009950248756
3,2026-04-30,LABORAL,04:30,124.0,180.09274,180.09274291992188,159.78600823045267
3,2026-04-30,LABORAL,05:00,353.0,194.3601,194.360107421875,280.422131147541
3,2026-04-30,LABORAL,05:30,268.0,207.01392,207.013916015625,277.0204918032787
3,2026-04-30,LABORAL,06:00,175.0,204.62663,204.6266326904297,297.89344262295083
3,2026-04-30,LABORAL,06:30,288.0,191.35124,191.3512420654297,226.03688524590163
3,2026-04-30,LABORAL,07:00,130.0,177.6561,177.65609741210938,180.59426229508196
3,2026-04-30,LABORAL,07:30,145.0,164.03142,164.0314178466797,161.69135802469137
3,2026-04-30,LABORAL,08:00,195.0,150.7103,150.71029663085938,146.77916666666667
3,2026-04-30,LABORAL,08:30,140.0,139.2544,139.25439453125,146.78189300411523
3,2026-04-30,LABORAL,09:00,160.0,131.1799,131.17990112304688,140.66255144032922
3,2026-04-30,LABORAL,09:30,111.0,125.96871,125.96871185302734,124.92148760330579
3,2026-04-30,LABORAL,10:00,146.0,122.22032,122.22032165527344,132.8305785123967
3,2026-04-30,LABORAL,10:30,125.0,119.90184,119.90184020996094,118.34979423868313
3,2026-04-30,LABORAL,11:00,86.0,118.85796,118.85796356201172,113.27572016460906
3,2026-04-30,LABORAL,11:30,98.0,118.98208,118.9820785522461,131.59670781893004
3,2026-04-30,LABORAL,12:00,162.0,120.17188,120.17188262939453,170.6516393442623
3,2026-04-30,LABORAL,12:30,119.0,122.524956,122.52495574951172,142.1487603305785
3,2026-04-30,LABORAL,13:00,204.0,126.00106,126.00106048583984,142.86831275720164
3,2026-04-30,LABORAL,13:30,136.0,128.17288,128.17288208007812,137.70661157024793
3,2026-04-30,LABORAL,14:00,139.0,126.82645,126.82644653320312,131.94190871369295
3,2026-04-30,LABORAL,14:30,136.0,125.42141,125.4214096069336,147.34854771784234
3,2026-04-30,LABORAL,15:00,193.0,123.065506,123.06550598144531,153.3744855967078
3,2026-04-30,LABORAL,15:30,58.0,109.50969,109.50968933105469,146.23236514522821
3,2026-04-30,LABORAL,16:00,139.0,91.98221,91.98220825195312,115.71008403361344
3,2026-04-30,LABORAL,16:30,31.0,74.7204,74.72039794921875,87.28991596638656
3,2026-04-30,LABORAL,17:00,47.0,58.019615,58.019615173339844,57.169082125603865
3,2026-05-01,FESTIVO,07:00,40.0,48.438232,16.0,16.0
3,2026-05-01,FESTIVO,07:30,24.0,43.990936,40.0,40.0
3,2026-05-01,FESTIVO,08:00,50.0,39.726227,29.2,29.2
3,2026-05-01,FESTIVO,08:30,26.0,36.21737,32.0,32.0
3,2026-05-01,FESTIVO,09:00,60.0,33.524452,33.4,33.4
3,2026-05-01,FESTIVO,09:30,41.0,31.693565,17.0,17.0
3,2026-05-01,FESTIVO,10:00,6.0,29.54219,18.0,18.0
3,2026-05-01,FESTIVO,10:30,47.0,27.66146,29.333333333333332,29.333333333333332
3,2026-05-01,FESTIVO,11:00,25.0,27.367538,24.666666666666668,24.666666666666668
3,2026-05-01,FESTIVO,11:30,27.0,28.249031,42.5,42.5
3,2026-05-01,FESTIVO,12:00,51.0,28.247215,31.0,31.0
3,2026-05-01,FESTIVO,12:30,18.0,28.687462,34.6,34.6
3,2026-05-01,FESTIVO,13:00,23.0,29.593872,28.25,28.25
3,2026-05-01,FESTIVO,13:30,52.0,31.002205,20.333333333333332,20.333333333333332
3,2026-05-01,FESTIVO,14:00,28.0,25.149078,21.666666666666668,21.666666666666668
3,2026-05-01,FESTIVO,14:30,31.0,15.469521,29.333333333333332,29.333333333333332
3,2026-05-01,FESTIVO,15:00,23.0,6.523819,24.333333333333332,24.333333333333332
3,2026-05-01,FESTIVO,15:30,30.0,-0.78482056,31.333333333333332,31.333333333333332
3,2026-05-02,SABADO,04:00,26.0,16.240166,16.24016571044922,37.80487804878049
3,2026-05-02,SABADO,04:30,66.0,56.227455,56.227455139160156,108.26923076923077
3,2026-05-02,SABADO,05:00,90.0,89.71449,89.71449279785156,161.23076923076923
3,2026-05-02,SABADO,05:30,149.0,101.89898,101.89897918701172,169.03846153846155
3,2026-05-02,SABADO,06:00,120.0,100.97748,100.97747802734375,208.17307692307693
3,2026-05-02,SABADO,06:30,198.0,94.24054,94.24053955078125,182.28846153846155
3,2026-05-02,SABADO,07:00,136.0,80.864685,80.86468505859375,138.42307692307693
3,2026-05-02,SABADO,07:30,59.0,70.49897,70.49897003173828,118.84615384615384
3,2026-05-02,SABADO,08:00,98.0,61.930252,61.93025207519531,117.92307692307692
3,2026-05-02,SABADO,08:30,74.0,55.225685,55.225685119628906,109.82692307692308
3,2026-05-02,SABADO,09:00,124.0,50.27146,50.271461486816406,93.5
3,2026-05-02,SABADO,09:30,38.0,46.89483,46.89482879638672,95.28846153846153
3,2026-05-02,SABADO,10:00,61.0,44.9805,44.980499267578125,93.75
3,2026-05-02,SABADO,10:30,117.0,44.793045,44.79304504394531,90.46153846153847
3,2026-05-02,SABADO,11:00,83.0,46.481865,46.48186492919922,96.98039215686275
3,2026-05-02,SABADO,11:30,99.0,46.827858,46.827857971191406,90.70588235294117
3,2026-05-02,SABADO,12:00,57.0,43.15764,43.15763854980469,90.28846153846153
3,2026-05-02,SABADO,12:30,55.0,40.97165,40.971649169921875,78.79591836734694
3,2026-05-02,SABADO,13:00,53.0,40.087967,40.08796691894531,74.16666666666667
3,2026-05-02,SABADO,13:30,100.0,40.355324,40.355323791503906,65.02
3,2026-05-02,SABADO,14:00,40.0,41.207085,41.20708465576172,73.79591836734694
3,2026-05-02,SABADO,14:30,79.0,42.62864,42.628639221191406,64.91666666666667
3,2026-05-02,SABADO,15:00,45.0,42.36345,42.36344909667969,72.73913043478261
3,2026-05-02,SABADO,15:30,75.0,38.467537,38.46753692626953,68.76086956521739
3,2026-05-02,SABADO,16:00,39.0,33.46823,33.468231201171875,51.23809523809524
3,2026-05-02,SABADO,16:30,45.0,16.599068,16.59906768798828,47.43333333333333
3,2026-05-03,DOMINGO,08:00,32.0,37.60878,37.60877990722656,39.95652173913044
3,2026-05-03,DOMINGO,09:00,17.0,38.021194,38.02119445800781,35.388888888888886
3,2026-05-03,DOMINGO,10:30,33.0,35.168716,35.16871643066406,37.97560975609756
3,2026-05-03,DOMINGO,11:30,27.0,34.708046,34.708045959472656,35.55882352941177
3,2026-05-03,DOMINGO,13:00,26.0,30.749763,30.74976348876953,31.83783783783784
3,2026-05-03,DOMINGO,13:30,41.0,30.00151,30.001510620117188,30.612903225806452
3,2026-05-03,DOMINGO,14:30,23.0,27.693329,27.693328857421875,35.714285714285715
3,2026-05-03,DOMINGO,15:00,29.0,25.877953,25.877952575683594,36.166666666666664
3,2026-05-04,LABORAL,04:00,74.0,102.28798,102.28797912597656,54.3681592039801
3,2026-05-04,LABORAL,04:30,106.0,147.59547,147.59547424316406,159.46502057613168
3,2026-05-04,LABORAL,05:00,271.0,192.03072,192.0307159423828,280.79918032786884
3,2026-05-04,LABORAL,05:30,195.0,233.94475,233.9447479248047,276.7663934426229
3,2026-05-04,LABORAL,06:00,323.0,236.41408,236.41407775878906,297.1106557377049
3,2026-05-04,LABORAL,06:30,190.0,215.6415,215.64149475097656,226.00819672131146
3,2026-05-04,LABORAL,07:00,175.0,195.67093,195.67092895507812,180.26639344262296
3,2026-05-04,LABORAL,07:30,129.0,177.56053,177.56053161621094,161.4814814814815
3,2026-05-04,LABORAL,08:00,151.0,163.45369,163.4536895751953,147.16666666666666
3,2026-05-04,LABORAL,08:30,125.0,151.7525,151.75250244140625,146.7119341563786
3,2026-05-04,LABORAL,09:00,154.0,142.74406,142.7440643310547,140.51440329218107
3,2026-05-04,LABORAL,09:30,85.0,136.5271,136.527099609375,124.5
3,2026-05-04,LABORAL,10:00,128.0,133.13268,133.13267517089844,132.97107438016528
3,2026-05-04,LABORAL,10:30,154.0,132.49205,132.49205017089844,118.38271604938272
3,2026-05-04,LABORAL,11:00,68.0,133.40942,133.409423828125,112.94650205761317
3,2026-05-04,LABORAL,11:30,195.0,136.72299,136.72299194335938,131.21399176954733
3,2026-05-04,LABORAL,12:00,164.0,142.56306,142.5630645751953,170.93032786885246
3,2026-05-04,LABORAL,12:30,87.0,142.99843,142.99842834472656,141.69834710743802
3,2026-05-04,LABORAL,13:00,234.0,144.2311,144.23109436035156,143.09876543209876
3,2026-05-04,LABORAL,13:30,81.0,146.75943,146.75942993164062,137.46280991735537
3,2026-05-04,LABORAL,14:00,82.0,150.4367,150.43670654296875,131.84647302904565
3,2026-05-04,LABORAL,14:30,135.0,153.32794,153.32794189453125,147.17427385892117
3,2026-05-04,LABORAL,15:00,160.0,152.58698,152.58697509765625,153.32510288065845
3,2026-05-04,LABORAL,15:30,111.0,148.10303,148.10302734375,145.73029045643153
3,2026-05-04,LABORAL,16:00,126.0,121.43558,121.43557739257812,115.65126050420169
3,2026-05-04,LABORAL,16:30,47.0,91.94832,91.94831848144531,86.93697478991596
3,2026-05-04,LABORAL,17:00,80.0,61.36467,61.36466979980469,56.966183574879224
3,2026-05-05,LABORAL,04:00,46.0,121.474686,121.47468566894531,54.46268656716418
3,2026-05-05,LABORAL,04:30,136.0,150.65033,150.65032958984375,158.9917695473251
3,2026-05-05,LABORAL,05:00,301.0,178.31406,178.31405639648438,280.5327868852459
3,2026-05-05,LABORAL,05:30,298.0,203.79106,203.7910614013672,276.0409836065574
3,2026-05-05,LABORAL,06:00,236.0,219.09225,219.09225463867188,297.2950819672131
3,2026-05-05,LABORAL,06:30,194.0,202.06007,202.06007385253906,225.89344262295083
3,2026-05-05,LABORAL,07:00,61.0,182.14919,182.14918518066406,180.04508196721312
3,2026-05-05,LABORAL,07:30,187.0,163.87225,163.87225341796875,161.2633744855967
3,2026-05-05,LABORAL,08:00,103.0,147.09691,147.09690856933594,147.11666666666667
3,2026-05-05,LABORAL,08:30,237.0,136.95302,136.95301818847656,146.67489711934155
3,2026-05-05,LABORAL,09:00,67.0,130.47781,130.47781372070312,140.3991769547325
3,2026-05-05,LABORAL,09:30,177.0,125.747375,125.74737548828125,124.28099173553719
3,2026-05-05,LABORAL,10:00,102.0,122.68786,122.68785858154297,132.84297520661158
3,2026-05-05,LABORAL,10:30,71.0,121.35161,121.35160827636719,118.48971193415638
3,2026-05-05,LABORAL,11:00,114.0,121.761475,121.761474609375,112.58847736625515
3,2026-05-05,LABORAL,11:30,147.0,123.91045,123.91045379638672,131.24279835390948
3,2026-05-05,LABORAL,12:00,235.0,127.76178,127.76177978515625,170.85655737704917
3,2026-05-05,LABORAL,12:30,100.0,133.16048,133.1604766845703,141.5
3,2026-05-05,LABORAL,13:00,145.0,133.85216,133.85215759277344,143.29218106995884
3,2026-05-05,LABORAL,13:30,49.0,132.7993,132.79930114746094,137.04132231404958
3,2026-05-05,LABORAL,14:00,136.0,132.32344,132.3234405517578,131.64730290456433
3,2026-05-05,LABORAL,14:30,120.0,132.43271,132.43270874023438,146.99170124481327
3,2026-05-05,LABORAL,15:00,176.0,132.80971,132.80970764160156,153.1851851851852
3,2026-05-05,LABORAL,15:30,86.0,124.38978,124.38977813720703,145.7136929460581
3,2026-05-05,LABORAL,16:00,125.0,101.79707,101.79707336425781,115.73529411764706
3,2026-05-05,LABORAL,16:30,95.0,70.771034,70.77103424072266,86.78571428571429
3,2026-05-05,LABORAL,17:00,57.0,39.915604,39.91560363769531,57.05314009661836
3,2026-05-06,LABORAL,04:00,44.0,113.52712,113.5271224975586,54.46268656716418
3,2026-05-06,LABORAL,04:30,108.0,146.7099,146.70989990234375,158.97530864197532
3,2026-05-06,LABORAL,05:00,282.0,178.2653,178.2653045654297,280.30737704918033
3,2026-05-06,LABORAL,05:30,197.0,206.97238,206.97238159179688,276.2049180327869
3,2026-05-06,LABORAL,06:00,251.0,216.8913,216.89129638671875,296.67622950819674
3,2026-05-06,LABORAL,06:30,122.0,197.69681,197.69680786132812,225.75
3,2026-05-06,LABORAL,07:00,86.0,178.33163,178.33163452148438,179.69262295081967
3,2026-05-06,LABORAL,07:30,197.0,158.39575,158.395751953125,161.1275720164609
3,2026-05-06,LABORAL,08:00,122.0,145.096,145.0959930419922,146.8625
3,2026-05-06,LABORAL,08:30,171.0,134.12947,134.1294708251953,146.81893004115227
3,2026-05-06,LABORAL,09:00,87.0,126.1648,126.16480255126953,139.8395061728395
3,2026-05-06,LABORAL,09:30,99.0,120.18053,120.18052673339844,124.36363636363636
3,2026-05-06,LABORAL,10:00,50.0,116.074234,116.07423400878906,132.91322314049586
3,2026-05-06,LABORAL,10:30,72.0,113.91621,113.91620635986328,118.21399176954732
3,2026-05-06,LABORAL,11:00,122.0,113.74334,113.74333953857422,112.31687242798354
3,2026-05-06,LABORAL,11:30,43.0,115.5586,115.55860137939453,131.17283950617283
3,2026-05-06,LABORAL,12:00,190.0,119.330956,119.3309555053711,171.11065573770492
3,2026-05-06,LABORAL,12:30,122.0,124.062096,124.06209564208984,141.17355371900825
3,2026-05-06,LABORAL,13:00,143.0,128.41818,128.41818237304688,143.23868312757202
3,2026-05-06,LABORAL,13:30,144.0,126.47479,126.47479248046875,136.63636363636363
3,2026-05-06,LABORAL,14:00,65.0,125.19812,125.1981201171875,132.05809128630705
3,2026-05-06,LABORAL,14:30,90.0,124.61003,124.61003112792969,146.5435684647303
3,2026-05-06,LABORAL,17:00,50.0,35.468483,35.468482971191406,57.00483091787439
3,2026-05-07,LABORAL,04:00,46.0,82.71086,82.71086120605469,54.43781094527363
3,2026-05-07,LABORAL,04:30,109.0,128.73096,128.73095703125,158.48559670781893
3,2026-05-07,LABORAL,05:00,247.0,174.11313,174.11312866210938,280.48770491803276
3,2026-05-07,LABORAL,05:30,297.0,210.13799,210.1379852294922,275.44262295081967
3,2026-05-07,LABORAL,06:00,274.0,209.89598,209.89598083496094,296.2295081967213
3,2026-05-07,LABORAL,06:30,214.0,191.42798,191.427978515625,225.20901639344262
3,2026-05-07,LABORAL,07:00,152.0,173.94463,173.9446258544922,179.25819672131146
3,2026-05-07,LABORAL,07:30,136.0,156.82321,156.82321166992188,161.16460905349794
3,2026-05-07,LABORAL,08:00,77.0,142.30989,142.3098907470703,146.74583333333334
3,2026-05-07,LABORAL,08:30,142.0,129.94632,129.94631958007812,146.94650205761317
3,2026-05-07,LABORAL,09:00,196.0,119.594124,119.59412384033203,139.64609053497944
3,2026-05-07,LABORAL,09:30,45.0,111.5974,111.59739685058594,124.43388429752066
3,2026-05-07,LABORAL,10:00,170.0,106.691086,106.69108581542969,132.49586776859505
3,2026-05-07,LABORAL,10:30,62.0,104.84979,104.84979248046875,117.91358024691358
3,2026-05-07,LABORAL,11:00,128.0,106.40967,106.40966796875,112.29629629629629
3,2026-05-07,LABORAL,11:30,122.0,110.4709,110.47090148925781,130.7283950617284
3,2026-05-07,LABORAL,12:00,157.0,116.964,116.96399688720703,171.21311475409837
3,2026-05-07,LABORAL,12:30,160.0,121.57389,121.57389068603516,140.88429752066116
3,2026-05-07,LABORAL,13:00,188.0,123.02789,123.02789306640625,143.35802469135803
3,2026-05-07,LABORAL,13:30,124.0,125.64535,125.64534759521484,136.36363636363637
3,2026-05-07,LABORAL,14:00,49.0,129.0163,129.01629638671875,131.5186721991701
3,2026-05-07,LABORAL,14:30,100.0,130.56332,130.56332397460938,146.21991701244812
3,2026-05-07,LABORAL,15:00,168.0,127.87495,127.87494659423828,153.1611570247934
3,2026-05-07,LABORAL,15:30,166.0,119.563705,119.56370544433594,145.4875
3,2026-05-07,LABORAL,16:00,121.0,99.70309,99.70308685302734,115.59071729957806
3,2026-05-07,LABORAL,16:30,54.0,74.92275,74.9227523803711,86.66244725738396
3,2026-05-08,LABORAL,04:00,48.0,118.35812,118.35812377929688,54.396039603960396
3,2026-05-08,LABORAL,04:30,109.0,150.14597,150.14596557617188,157.8559670781893
3,2026-05-08,LABORAL,05:00,312.0,180.2483,180.24830627441406,280.5696721311475
3,2026-05-08,LABORAL,05:30,167.0,207.47012,207.47012329101562,275.3032786885246
3,2026-05-08,LABORAL,06:00,345.0,221.30917,221.30917358398438,296.0204918032787
3,2026-05-08,LABORAL,06:30,182.0,202.07413,202.07412719726562,224.85655737704917
3,2026-05-08,LABORAL,07:00,197.0,180.91165,180.91165161132812,179.38524590163934
3,2026-05-08,LABORAL,07:30,107.0,162.73798,162.73797607421875,161.20164609053498
3,2026-05-08,LABORAL,08:00,111.0,146.99467,146.9946746826172,146.25
3,2026-05-08,LABORAL,08:30,111.0,137.69084,137.6908416748047,146.9917695473251
3,2026-05-08,LABORAL,09:00,113.0,130.08278,130.08277893066406,139.86008230452674
3,2026-05-08,LABORAL,09:30,104.0,124.22276,124.22276306152344,123.95867768595042
3,2026-05-08,LABORAL,10:00,86.0,120.18657,120.18656921386719,132.6611570247934
3,2026-05-08,LABORAL,10:30,118.0,118.117134,118.11713409423828,117.440329218107
3,2026-05-08,LABORAL,11:00,88.0,118.04989,118.04988861083984,112.41152263374485
3,2026-05-08,LABORAL,11:30,140.0,119.98593,119.98593139648438,130.6255144032922
3,2026-05-08,LABORAL,12:00,177.0,123.89946,123.89945983886719,171.29098360655738
3,2026-05-08,LABORAL,12:30,50.0,130.00436,130.00436401367188,140.76859504132233
3,2026-05-08,LABORAL,13:00,236.0,137.92094,137.9209442138672,143.440329218107
3,2026-05-08,LABORAL,13:30,110.0,138.05977,138.0597686767578,136.42561983471074
3,2026-05-08,LABORAL,14:00,129.0,135.70032,135.7003173828125,130.9875518672199
3,2026-05-08,LABORAL,14:30,146.0,133.88876,133.88876342773438,146.19917012448133
3,2026-05-08,LABORAL,15:00,104.0,132.2393,132.2393035888672,153.0206611570248
3,2026-05-08,LABORAL,15:30,151.0,121.69558,121.6955795288086,145.59583333333333
3,2026-05-08,LABORAL,16:00,49.0,100.47027,100.47026824951172,115.21940928270043
3,2026-05-08,LABORAL,16:30,65.0,72.74301,72.74301147460938,86.60759493670886
3,2026-05-09,SABADO,04:00,43.0,79.522354,79.52235412597656,37.523809523809526
3,2026-05-09,SABADO,04:30,85.0,98.16533,98.16532897949219,106.86538461538461
3,2026-05-09,SABADO,05:00,176.0,115.95201,115.95201110839844,158.53846153846155
3,2026-05-09,SABADO,05:30,186.0,131.38562,131.3856201171875,168.28846153846155
3,2026-05-09,SABADO,06:00,151.0,138.86801,138.86801147460938,205.65384615384616
3,2026-05-09,SABADO,06:30,213.0,136.1648,136.164794921875,182.21153846153845
3,2026-05-09,SABADO,07:00,133.0,126.89385,126.89385223388672,138.53846153846155
3,2026-05-09,SABADO,07:30,133.0,117.28192,117.28192138671875,117.46153846153847
3,2026-05-09,SABADO,08:00,119.0,107.793625,107.79362487792969,117.03846153846153
3,2026-05-09,SABADO,09:00,121.0,92.236015,92.23601531982422,94.0
3,2026-05-09,SABADO,09:30,55.0,85.37497,85.37496948242188,93.03846153846153
3,2026-05-09,SABADO,10:00,116.0,79.23427,79.23426818847656,92.21153846153847
3,2026-05-09,SABADO,10:30,29.0,73.60304,73.60304260253906,91.0
3,2026-05-09,SABADO,11:00,79.0,68.7415,68.74150085449219,97.6078431372549
3,2026-05-09,SABADO,11:30,95.0,66.07075,66.07074737548828,89.43137254901961
3,2026-05-09,SABADO,12:00,81.0,64.734634,64.73463439941406,89.53846153846153
3,2026-05-09,SABADO,12:30,78.0,65.747986,65.74798583984375,79.04081632653062
3,2026-05-09,SABADO,13:00,71.0,68.16429,68.16429138183594,72.70833333333333
3,2026-05-09,SABADO,13:30,47.0,71.32773,71.32772827148438,65.86
3,2026-05-09,SABADO,14:00,60.0,72.201294,72.2012939453125,73.26530612244898
3,2026-05-09,SABADO,14:30,65.0,65.23711,65.23710632324219,64.5625
3,2026-05-09,SABADO,15:00,39.0,56.64971,56.64971160888672,70.91304347826087
3,2026-05-09,SABADO,15:30,51.0,44.785355,44.78535461425781,69.34782608695652
3,2026-05-09,SABADO,16:00,30.0,32.005066,32.00506591796875,51.07142857142857
3,2026-05-09,SABADO,17:00,37.0,-5.5182495,-5.51824951171875,37.148148148148145
3,2026-05-10,DOMINGO,07:00,28.0,26.5279,26.52790069580078,29.15
3,2026-05-10,DOMINGO,07:30,21.0,28.247208,28.247207641601562,33.80434782608695
3,2026-05-10,DOMINGO,08:00,44.0,29.717422,29.717422485351562,39.41304347826087
3,2026-05-10,DOMINGO,08:30,25.0,30.739845,30.739845275878906,39.282051282051285
3,2026-05-10,DOMINGO,10:30,45.0,28.541328,28.54132843017578,37.1219512195122
3,2026-05-10,DOMINGO,11:30,70.0,25.632866,25.63286590576172,34.529411764705884
3,2026-05-10,DOMINGO,12:30,43.0,23.427979,23.427978515625,31.647058823529413
3,2026-05-10,DOMINGO,14:00,25.0,23.039696,23.039695739746094,31.02857142857143
3,2026-05-10,DOMINGO,14:30,23.0,22.878563,22.878562927246094,35.57142857142857
3,2026-05-11,LABORAL,04:00,51.0,145.29735,145.29734802246094,54.37128712871287
3,2026-05-11,LABORAL,04:30,208.0,161.04056,161.04055786132812,157.5185185185185
3,2026-05-11,LABORAL,05:00,251.0,175.60464,175.60464477539062,280.6967213114754
3,2026-05-11,LABORAL,05:30,206.0,187.31235,187.31234741210938,274.9795081967213
3,2026-05-11,LABORAL,06:00,217.0,194.00986,194.00985717773438,295.9344262295082
3,2026-05-11,LABORAL,06:30,297.0,187.64871,187.64871215820312,224.39754098360655
3,2026-05-11,LABORAL,07:00,128.0,174.82115,174.82115173339844,179.29918032786884
3,2026-05-11,LABORAL,07:30,103.0,162.84155,162.841552734375,160.79423868312756
3,2026-05-11,LABORAL,08:00,198.0,152.68309,152.68309020996094,146.20833333333334
3,2026-05-11,LABORAL,08:30,22.0,142.88245,142.8824462890625,146.8641975308642
3,2026-05-11,LABORAL,09:00,157.0,133.7672,133.76719665527344,139.67489711934155
3,2026-05-11,LABORAL,09:30,86.0,125.96743,125.9674301147461,123.90495867768595
3,2026-05-11,LABORAL,10:00,75.0,123.65948,123.65947723388672,132.58264462809916
3,2026-05-11,LABORAL,10:30,176.0,122.28481,122.2848129272461,117.25102880658436
3,2026-05-11,LABORAL,11:00,85.0,121.86694,121.866943359375,112.49382716049382
3,2026-05-11,LABORAL,11:30,204.0,122.41302,122.41301727294922,130.54732510288065
3,2026-05-11,LABORAL,12:00,95.0,123.9137,123.9136962890625,171.66803278688525
3,2026-05-11,LABORAL,12:30,114.0,126.48429,126.48429107666016,140.20247933884298
3,2026-05-11,LABORAL,13:00,160.0,128.22624,128.2262420654297,143.54732510288065
3,2026-05-11,LABORAL,13:30,135.0,127.60138,127.60137939453125,136.20661157024793
3,2026-05-11,LABORAL,14:00,143.0,127.05363,127.05362701416016,130.85892116182572
3,2026-05-11,LABORAL,14:30,115.0,126.47291,126.47290802001953,146.30290456431536
3,2026-05-11,LABORAL,15:00,75.0,123.12194,123.12194061279297,152.37603305785123
3,2026-05-11,LABORAL,15:30,80.0,106.68752,106.6875228881836,145.65416666666667
3,2026-05-11,LABORAL,16:00,117.0,88.83169,88.8316879272461,114.91983122362869
3,2026-05-11,LABORAL,16:30,31.0,70.926926,70.92692565917969,86.36286919831224
3,2026-05-12,LABORAL,04:00,55.0,137.80518,137.80517578125,54.354679802955665
3,2026-05-12,LABORAL,04:30,151.0,157.82266,157.82266235351562,157.91358024691357
3,2026-05-12,LABORAL,05:00,279.0,176.74026,176.74026489257812,280.4385245901639
3,2026-05-12,LABORAL,05:30,161.0,193.95831,193.95831298828125,274.2950819672131
3,2026-05-12,LABORAL,06:00,355.0,206.1802,206.18020629882812,295.9303278688525
3,2026-05-12,LABORAL,06:30,236.0,194.3691,194.3690948486328,224.45081967213116
3,2026-05-12,LABORAL,07:00,108.0,179.7566,179.75660705566406,179.4016393442623
3,2026-05-12,LABORAL,07:30,153.0,165.70279,165.70278930664062,160.27572016460906
3,2026-05-12,LABORAL,08:00,158.0,152.09155,152.091552734375,146.34583333333333
3,2026-05-12,LABORAL,08:30,232.0,140.34486,140.34486389160156,146.33744855967078
3,2026-05-12,LABORAL,09:00,126.0,131.26387,131.2638702392578,139.74897119341563
3,2026-05-12,LABORAL,09:30,33.0,123.34536,123.3453598022461,123.57851239669421
3,2026-05-12,LABORAL,10:00,178.0,118.443695,118.44369506835938,132.12809917355372
3,2026-05-12,LABORAL,10:30,78.0,117.8244,117.82440185546875,117.50205761316873
3,2026-05-12,LABORAL,11:00,135.0,118.11849,118.11849212646484,112.18106995884774
3,2026-05-12,LABORAL,11:30,68.0,119.28417,119.28417205810547,131.01234567901236
3,2026-05-12,LABORAL,12:00,214.0,121.40437,121.40437316894531,171.29508196721312
3,2026-05-12,LABORAL,12:30,145.0,124.4428,124.44280242919922,140.05371900826447
3,2026-05-12,LABORAL,13:00,83.0,128.3475,128.34750366210938,143.67078189300412
3,2026-05-12,LABORAL,13:30,218.0,132.9917,132.99169921875,135.89669421487602
3,2026-05-12,LABORAL,14:00,92.0,131.77104,131.7710418701172,131.09128630705393
3,2026-05-12,LABORAL,14:30,149.0,129.20525,129.2052459716797,146.19502074688796
3,2026-05-12,LABORAL,15:00,136.0,126.10847,126.10846710205078,151.6900826446281
3,2026-05-12,LABORAL,15:30,169.0,107.880104,107.8801040649414,145.45833333333334
3,2026-05-12,LABORAL,16:00,118.0,86.2448,86.24479675292969,114.77215189873418
3,2026-05-12,LABORAL,16:30,63.0,64.19741,64.1974105834961,85.9113924050633
3,2026-05-12,LABORAL,17:00,29.0,42.328552,42.32855224609375,56.504901960784316
3,2026-05-13,LABORAL,04:00,45.0,144.85934,144.85934448242188,54.330049261083744
3,2026-05-13,LABORAL,04:30,151.0,166.60133,166.60133361816406,157.8395061728395
3,2026-05-13,LABORAL,05:00,311.0,187.27068,187.2706756591797,280.1516393442623
3,2026-05-13,LABORAL,05:30,275.0,206.46097,206.46096801757812,272.9549180327869
3,2026-05-13,LABORAL,06:00,137.0,214.03296,214.032958984375,295.79918032786884
3,2026-05-13,LABORAL,06:30,341.0,199.31012,199.31011962890625,224.70901639344262
3,2026-05-13,LABORAL,07:00,53.0,184.04333,184.0433349609375,178.8483606557377
3,2026-05-13,LABORAL,07:30,124.0,168.70801,168.7080078125,160.25925925925927
3,2026-05-13,LABORAL,08:00,171.0,153.86673,153.86672973632812,146.3375
3,2026-05-13,LABORAL,08:30,162.0,139.77348,139.7734832763672,146.4485596707819
3,2026-05-13,LABORAL,09:00,41.0,127.05142,127.05142211914062,139.81893004115227
3,2026-05-13,LABORAL,09:30,115.0,123.44316,123.44316101074219,122.98760330578513
3,2026-05-13,LABORAL,10:00,153.0,121.520744,121.52074432373047,132.22314049586777
3,2026-05-13,LABORAL,10:30,105.0,120.710884,120.71088409423828,117.18106995884774
3,2026-05-13,LABORAL,11:00,70.0,121.02742,121.02742004394531,112.36213991769547
3,2026-05-13,LABORAL,11:30,157.0,122.464966,122.4649658203125,130.44444444444446
3,2026-05-13,LABORAL,12:00,97.0,124.857994,124.85799407958984,171.52459016393442
3,2026-05-13,LABORAL,12:30,130.0,127.93003,127.9300308227539,140.03719008264463
3,2026-05-13,LABORAL,13:00,146.0,131.92801,131.92800903320312,143.20576131687244
3,2026-05-13,LABORAL,13:30,80.0,136.40727,136.4072723388672,136.34297520661158
3,2026-05-13,LABORAL,14:00,208.0,137.9173,137.91729736328125,130.92116182572613
3,2026-05-13,LABORAL,14:30,118.0,134.89995,134.8999481201172,146.17427385892117
3,2026-05-13,LABORAL,15:00,134.0,131.6433,131.64329528808594,151.2396694214876
3,2026-05-13,LABORAL,15:30,102.0,119.65875,119.65875244140625,145.49583333333334
3,2026-05-13,LABORAL,16:00,95.0,96.40648,96.40647888183594,114.40928270042194
3,2026-05-13,LABORAL,16:30,83.0,73.02858,73.02857971191406,85.63291139240506
3,2026-05-14,LABORAL,04:00,45.0,106.167244,106.16724395751953,54.320197044334975
3,2026-05-14,LABORAL,04:30,210.0,143.61946,143.6194610595703,157.53086419753086
3,2026-05-14,LABORAL,05:00,182.0,179.66373,179.66372680664062,280.2909836065574
3,2026-05-14,LABORAL,05:30,231.0,213.10086,213.10086059570312,272.7049180327869
3,2026-05-14,LABORAL,06:00,327.0,216.9719,216.97189331054688,294.79918032786884
3,2026-05-14,LABORAL,06:30,182.0,197.0453,197.04530334472656,224.88114754098362
3,2026-05-14,LABORAL,07:00,133.0,175.33093,175.3309326171875,178.5
3,2026-05-14,LABORAL,07:30,172.0,153.1302,153.1302032470703,159.68312757201647
3,2026-05-14,LABORAL,08:00,139.0,138.69463,138.6946258544922,146.33333333333334
3,2026-05-14,LABORAL,08:30,123.0,128.51729,128.5172882080078,146.7448559670782
3,2026-05-14,LABORAL,09:00,156.0,121.21208,121.21208190917969,139.30864197530863
3,2026-05-14,LABORAL,09:30,57.0,115.697754,115.69775390625,122.90495867768595
3,2026-05-14,LABORAL,10:00,87.0,111.92238,111.92237854003906,132.1818181818182
3,2026-05-14,LABORAL,10:30,99.0,110.0139,110.01390075683594,117.23045267489712
3,2026-05-14,LABORAL,11:00,120.0,110.0408,110.04080200195312,112.09876543209876
3,2026-05-14,LABORAL,11:30,84.0,112.002655,112.00265502929688,130.440329218107
3,2026-05-14,LABORAL,12:00,128.0,115.86588,115.86588287353516,171.0983606557377
3,2026-05-14,LABORAL,12:30,135.0,121.564384,121.56438446044922,140.1900826446281
3,2026-05-14,LABORAL,13:00,155.0,126.91797,126.91796875,143.18106995884773
3,2026-05-14,LABORAL,13:30,97.0,124.251175,124.25117492675781,136.08264462809916
3,2026-05-14,LABORAL,14:00,94.0,121.995415,121.99541473388672,131.1825726141079
3,2026-05-14,LABORAL,14:30,146.0,120.11103,120.11103057861328,146.00829875518673
3,2026-05-14,LABORAL,15:00,179.0,118.80393,118.8039321899414,151.05371900826447
3,2026-05-14,LABORAL,15:30,84.0,114.273926,114.27392578125,145.04583333333332
3,2026-05-14,LABORAL,16:00,149.0,99.94429,99.94429016113281,114.38818565400844
3,2026-05-14,LABORAL,16:30,43.0,71.02702,71.02702331542969,85.81012658227849
3,2026-05-14,LABORAL,17:00,85.0,39.162468,39.16246795654297,56.49261083743843
3,2026-05-15,LABORAL,04:00,53.0,78.37373,78.37373352050781,54.32512315270936
3,2026-05-15,LABORAL,04:30,255.0,150.29535,150.29534912109375,157.65432098765433
3,2026-05-15,LABORAL,05:00,190.0,220.36217,220.36216735839844,279.6844262295082
3,2026-05-15,LABORAL,05:30,234.0,263.6303,263.63031005859375,272.30737704918033
3,2026-05-15,LABORAL,06:00,278.0,254.42549,254.4254913330078,294.9590163934426
3,2026-05-15,LABORAL,06:30,202.0,224.5253,224.52529907226562,224.80327868852459
3,2026-05-15,LABORAL,07:00,68.0,193.37982,193.37982177734375,178.29918032786884
3,2026-05-15,LABORAL,07:30,180.0,167.48053,167.48052978515625,159.7283950617284
3,2026-05-15,LABORAL,08:00,93.0,150.58292,150.58291625976562,146.08333333333334
3,2026-05-15,LABORAL,08:30,181.0,137.41168,137.41168212890625,146.53086419753086
3,2026-05-15,LABORAL,09:00,102.0,127.32095,127.32095336914062,139.53909465020575
3,2026-05-15,LABORAL,09:30,110.0,120.481,120.48100280761719,122.47933884297521
3,2026-05-15,LABORAL,10:00,183.0,116.99844,116.99844360351562,131.75619834710744
3,2026-05-15,LABORAL,10:30,108.0,116.959984,116.9599838256836,117.11934156378601
3,2026-05-15,LABORAL,11:00,86.0,120.40518,120.40518188476562,112.18930041152264
3,2026-05-15,LABORAL,11:30,117.0,127.275154,127.27515411376953,130.30864197530863
3,2026-05-15,LABORAL,12:00,168.0,137.10582,137.10581970214844,170.7704918032787
3,2026-05-15,LABORAL,12:30,105.0,136.11264,136.11264038085938,140.4214876033058
3,2026-05-15,LABORAL,13:00,155.0,136.62793,136.6279296875,143.06995884773661
3,2026-05-15,LABORAL,13:30,157.0,138.65219,138.65219116210938,136.08677685950414
3,2026-05-15,LABORAL,14:00,93.0,140.91908,140.91908264160156,130.92116182572613
3,2026-05-15,LABORAL,14:30,140.0,141.71367,141.7136688232422,145.82157676348547
3,2026-05-15,LABORAL,15:00,164.0,143.06905,143.0690460205078,150.79338842975207
3,2026-05-15,LABORAL,15:30,152.0,134.77367,134.77366638183594,144.70833333333334
3,2026-05-15,LABORAL,16:00,99.0,110.79891,110.79891204833984,114.35864978902954
3,2026-05-15,LABORAL,16:30,84.0,86.937805,86.93780517578125,85.59915611814345
3,2026-05-15,LABORAL,17:00,26.0,53.089302,53.08930206298828,56.54187192118226
3,2026-05-16,SABADO,04:00,36.0,50.89189,50.89189147949219,37.651162790697676
3,2026-05-16,SABADO,04:30,111.0,92.35892,92.35891723632812,105.07692307692308
3,2026-05-16,SABADO,05:00,166.0,130.4206,130.42059326171875,158.07692307692307
3,2026-05-16,SABADO,05:30,109.0,155.03535,155.0353546142578,167.44230769230768
3,2026-05-16,SABADO,06:00,234.0,163.1181,163.11810302734375,204.09615384615384
3,2026-05-16,SABADO,06:30,229.0,155.04286,155.04286193847656,182.28846153846155
3,2026-05-16,SABADO,07:00,122.0,137.6187,137.6186981201172,138.73076923076923
3,2026-05-16,SABADO,07:30,56.0,120.83505,120.83505249023438,117.5
3,2026-05-16,SABADO,08:00,98.0,105.64894,105.64894104003906,117.01923076923077
3,2026-05-16,SABADO,08:30,152.0,95.16438,95.16438293457031,108.37254901960785
3,2026-05-16,SABADO,09:00,93.0,86.28241,86.28240966796875,94.26923076923077
3,2026-05-16,SABADO,09:30,59.0,80.76,80.76000213623047,91.76923076923077
3,2026-05-16,SABADO,10:00,58.0,77.890114,77.8901138305664,92.8076923076923
3,2026-05-16,SABADO,10:30,155.0,76.94005,76.94004821777344,87.8076923076923
3,2026-05-16,SABADO,11:00,82.0,77.00891,77.0089111328125,97.07843137254902
3,2026-05-16,SABADO,11:30,100.0,78.24924,78.24923706054688,89.11764705882354
3,2026-05-16,SABADO,12:00,39.0,73.43338,73.43338012695312,89.65384615384616
3,2026-05-16,SABADO,12:30,112.0,68.47374,68.47373962402344,78.36734693877551
3,2026-05-16,SABADO,13:30,117.0,63.067116,63.067115783691406,65.6
3,2026-05-16,SABADO,14:00,44.0,61.419746,61.41974639892578,73.20408163265306
3,2026-05-16,SABADO,14:30,28.0,60.518036,60.518035888671875,63.875
3,2026-05-16,SABADO,15:00,87.0,60.377403,60.377403259277344,69.43478260869566
3,2026-05-16,SABADO,15:30,40.0,58.48369,58.48368835449219,69.06521739130434
3,2026-05-16,SABADO,16:00,21.0,44.491806,44.49180603027344,51.04761904761905
3,2026-05-16,SABADO,16:30,38.0,30.068512,30.068511962890625,47.206896551724135
3,2026-05-16,SABADO,17:00,27.0,8.42942,8.429420471191406,37.370370370370374
3,2026-05-17,DOMINGO,07:00,48.0,32.447006,32.44700622558594,29.121951219512194
3,2026-05-17,DOMINGO,07:30,23.0,34.597824,34.59782409667969,33.47826086956522
3,2026-05-17,DOMINGO,08:00,68.0,36.84452,36.844520568847656,39.15217391304348
3,2026-05-17,DOMINGO,08:30,24.0,38.713593,38.713592529296875,39.205128205128204
3,2026-05-17,DOMINGO,09:00,50.0,38.58745,38.58744812011719,35.111111111111114
3,2026-05-17,DOMINGO,09:30,37.0,38.17166,38.171661376953125,34.55
3,2026-05-17,DOMINGO,10:00,16.0,35.940567,35.94056701660156,41.6
3,2026-05-17,DOMINGO,10:30,47.0,32.878716,32.87871551513672,37.58536585365854
3,2026-05-17,DOMINGO,11:00,25.0,31.157051,31.15705108642578,36.457142857142856
3,2026-05-17,DOMINGO,11:30,16.0,30.315292,30.315292358398438,35.35294117647059
3,2026-05-17,DOMINGO,12:30,28.0,29.612534,29.612533569335938,31.794117647058822
3,2026-05-17,DOMINGO,13:00,24.0,29.996147,29.99614715576172,31.43243243243243
3,2026-05-17,DOMINGO,14:00,25.0,31.03099,31.030990600585938,30.86111111111111
3,2026-05-17,DOMINGO,15:30,25.0,27.111282,27.111282348632812,33.68
3,2026-05-17,DOMINGO,16:30,19.0,20.053596,20.05359649658203,32.46153846153846
3,2026-05-18,FESTIVO_PUENTE,07:00,53.0,26.675003,36.0,36.0
3,2026-05-18,FESTIVO_PUENTE,07:30,23.0,25.850723,28.0,28.0
3,2026-05-18,FESTIVO_PUENTE,08:00,30.0,25.40496,36.55555555555556,36.55555555555556
3,2026-05-18,FESTIVO_PUENTE,09:00,19.0,22.923073,25.88888888888889,25.88888888888889
3,2026-05-18,FESTIVO_PUENTE,09:30,42.0,19.914711,30.77777777777778,30.77777777777778
3,2026-05-18,FESTIVO_PUENTE,10:30,21.0,18.634514,34.0,34.0
3,2026-05-18,FESTIVO_PUENTE,11:00,26.0,20.467964,23.142857142857142,23.142857142857142
3,2026-05-18,FESTIVO_PUENTE,11:30,19.0,23.918037,26.375,26.375
3,2026-05-18,FESTIVO_PUENTE,12:00,24.0,28.925705,30.5,30.5
3,2026-05-18,FESTIVO_PUENTE,12:30,29.0,35.25318,28.571428571428573,28.571428571428573
3,2026-05-18,FESTIVO_PUENTE,13:00,36.0,40.263435,26.4,26.4
3,2026-05-18,FESTIVO_PUENTE,13:30,26.0,43.10955,33.0,33.0
3,2026-05-18,FESTIVO_PUENTE,14:00,28.0,46.03894,30.22222222222222,30.22222222222222
3,2026-05-19,LABORAL,04:00,51.0,86.37452,86.37451934814453,54.318627450980394
3,2026-05-19,LABORAL,04:30,183.0,137.18394,137.18394470214844,157.82231404958677
3,2026-05-19,LABORAL,05:00,212.0,186.93468,186.93467712402344,279.2510288065844
3,2026-05-19,LABORAL,05:30,247.0,221.58801,221.5880126953125,271.51851851851853
3,2026-05-19,LABORAL,06:00,312.0,218.56042,218.5604248046875,294.9382716049383
3,2026-05-19,LABORAL,06:30,178.0,199.48984,199.48983764648438,224.69135802469137
3,2026-05-19,LABORAL,07:00,223.0,179.82025,179.82025146484375,177.42798353909464
3,2026-05-19,LABORAL,07:30,108.0,160.78639,160.78639221191406,159.48760330578511
3,2026-05-19,LABORAL,08:00,167.0,147.60641,147.60641479492188,145.744769874477
3,2026-05-19,LABORAL,08:30,129.0,136.98843,136.98843383789062,146.44628099173553
3,2026-05-19,LABORAL,09:00,178.0,128.6022,128.60220336914062,139.31404958677686
3,2026-05-19,LABORAL,09:30,124.0,122.59122,122.59121704101562,122.31120331950207
3,2026-05-19,LABORAL,10:00,168.0,119.058334,119.05833435058594,131.85892116182572
3,2026-05-19,LABORAL,10:30,120.0,118.06398,118.06398010253906,116.85123966942149
3,2026-05-19,LABORAL,11:00,95.0,119.62519,119.62519073486328,111.7396694214876
3,2026-05-19,LABORAL,11:30,184.0,123.71523,123.7152328491211,130.3801652892562
3,2026-05-19,LABORAL,12:00,141.0,129.8745,129.87449645996094,170.50617283950618
3,2026-05-19,LABORAL,12:30,142.0,129.67804,129.67803955078125,140.08713692946057
3,2026-05-19,LABORAL,13:00,197.0,129.71779,129.71778869628906,142.5082644628099
3,2026-05-19,LABORAL,13:30,84.0,130.63936,130.6393585205078,136.1701244813278
3,2026-05-19,LABORAL,14:00,142.0,132.04375,132.0437469482422,130.73333333333332
3,2026-05-19,LABORAL,14:30,114.0,131.71286,131.71286010742188,145.60416666666666
3,2026-05-19,LABORAL,15:00,169.0,129.75851,129.75851440429688,150.58091286307055
3,2026-05-19,LABORAL,15:30,195.0,126.41284,126.412841796875,144.5774058577406
3,2026-05-19,LABORAL,16:00,51.0,111.31065,111.31065368652344,113.94491525423729
3,2026-05-19,LABORAL,16:30,58.0,86.42255,86.42254638671875,85.10169491525424
3,2026-05-19,LABORAL,17:00,44.0,54.880936,54.88093566894531,56.351485148514854
3,2026-05-20,LABORAL,04:00,45.0,87.68063,87.68063354492188,54.302439024390246
3,2026-05-20,LABORAL,04:30,133.0,136.02675,136.02674865722656,157.58264462809916
3,2026-05-20,LABORAL,05:00,268.0,183.70213,183.70213317871094,278.880658436214
3,2026-05-20,LABORAL,05:30,285.0,227.82442,227.8244171142578,270.9382716049383
3,2026-05-20,LABORAL,06:00,241.0,228.79904,228.79904174804688,295.1934156378601
3,2026-05-20,LABORAL,06:30,284.0,205.71898,205.71897888183594,224.01234567901236
3,2026-05-20,LABORAL,07:00,139.0,183.29858,183.298583984375,177.67078189300412
3,2026-05-20,LABORAL,07:30,139.0,163.98994,163.9899444580078,159.3388429752066
3,2026-05-20,LABORAL,08:00,158.0,149.73668,149.73667907714844,145.46861924686192
3,2026-05-20,LABORAL,08:30,101.0,137.63802,137.6380157470703,146.50413223140495
3,2026-05-20,LABORAL,09:00,175.0,127.99501,127.99501037597656,139.47107438016528
3,2026-05-20,LABORAL,09:30,80.0,120.98833,120.98832702636719,122.21576763485477
3,2026-05-20,LABORAL,10:00,139.0,116.737854,116.73785400390625,131.8423236514523
3,2026-05-20,LABORAL,10:30,99.0,115.31634,115.31633758544922,116.78099173553719
3,2026-05-20,LABORAL,11:00,87.0,116.748085,116.74808502197266,111.72727272727273
3,2026-05-20,LABORAL,11:30,70.0,121.008606,121.00860595703125,130.39256198347107
3,2026-05-20,LABORAL,12:00,201.0,128.02498,128.0249786376953,170.45679012345678
3,2026-05-20,LABORAL,12:30,151.0,128.93523,128.9352264404297,140.21576763485479
3,2026-05-20,LABORAL,13:00,132.0,129.48721,129.48721313476562,142.61570247933884
3,2026-05-20,LABORAL,13:30,153.0,131.43494,131.4349365234375,135.92946058091286
3,2026-05-20,LABORAL,14:00,104.0,134.74507,134.7450714111328,130.48333333333332
3,2026-05-20,LABORAL,14:30,194.0,136.54631,136.5463104248047,145.39583333333334
3,2026-05-20,LABORAL,15:00,100.0,136.61746,136.61746215820312,150.47717842323652
3,2026-05-20,LABORAL,15:30,71.0,133.3445,133.34449768066406,144.71966527196653
3,2026-05-20,LABORAL,16:00,120.0,111.98406,111.98406219482422,113.58474576271186
3,2026-05-20,LABORAL,16:30,41.0,83.94076,83.94075775146484,85.0677966101695
3,2026-05-20,LABORAL,17:00,12.0,47.563927,47.563926696777344,56.06435643564357
3,2026-05-23,SABADO,04:00,22.0,78.96512,78.96511840820312,37.61363636363637
3,2026-05-23,SABADO,04:30,120.0,103.83493,103.83493041992188,103.48076923076923
3,2026-05-23,SABADO,05:00,143.0,126.987656,126.98765563964844,159.01923076923077
3,2026-05-23,SABADO,05:30,176.0,148.85168,148.8516845703125,165.51923076923077
3,2026-05-23,SABADO,06:00,244.0,166.82538,166.82537841796875,205.51923076923077
3,2026-05-23,SABADO,06:30,99.0,161.07593,161.075927734375,183.92307692307693
3,2026-05-23,SABADO,07:00,131.0,146.63751,146.63751220703125,138.40384615384616
3,2026-05-23,SABADO,07:30,82.0,132.34921,132.34921264648438,116.82692307692308
3,2026-05-23,SABADO,08:00,158.0,118.87145,118.87145233154297,115.73076923076923
3,2026-05-23,SABADO,08:30,86.0,108.0963,108.09629821777344,109.43137254901961
3,2026-05-23,SABADO,09:00,97.0,99.0556,99.05560302734375,93.9423076923077
3,2026-05-23,SABADO,09:30,104.0,91.571,91.57099914550781,89.96153846153847
3,2026-05-23,SABADO,10:00,53.0,85.68002,85.68002319335938,92.11538461538461
3,2026-05-23,SABADO,10:30,65.0,80.92802,80.92801666259766,89.25
3,2026-05-23,SABADO,11:00,68.0,77.961914,77.9619140625,96.07843137254902
3,2026-05-23,SABADO,11:30,48.0,76.39765,76.39765167236328,89.6078431372549
3,2026-05-23,SABADO,12:00,85.0,76.0109,76.01090240478516,87.8076923076923
3,2026-05-23,SABADO,12:30,73.0,77.14151,77.14151000976562,78.87755102040816
3,2026-05-23,SABADO,13:00,50.0,78.188965,78.18896484375,72.48936170212765
3,2026-05-23,SABADO,13:30,56.0,72.2849,72.28489685058594,67.2
3,2026-05-23,SABADO,14:00,32.0,66.77261,66.77261352539062,72.6734693877551
3,2026-05-23,SABADO,15:00,48.0,58.49682,58.49681854248047,69.6304347826087
3,2026-05-23,SABADO,15:30,44.0,52.46312,52.46311950683594,68.56521739130434
3,2026-05-23,SABADO,16:00,54.0,32.868347,32.86834716796875,49.88095238095238
3,2026-05-23,SABADO,16:30,30.0,9.524567,9.524566650390625,46.172413793103445
3,2026-05-24,DOMINGO,07:00,11.0,25.993683,25.993682861328125,29.682926829268293
3,2026-05-24,DOMINGO,08:00,24.0,29.641853,29.64185333251953,39.71739130434783
3,2026-05-24,DOMINGO,08:30,80.0,30.949753,30.949752807617188,38.333333333333336
3,2026-05-24,DOMINGO,09:30,24.0,31.06366,31.06365966796875,34.7
3,2026-05-24,DOMINGO,10:00,22.0,29.867706,29.867706298828125,40.325
3,2026-05-24,DOMINGO,11:00,74.0,26.417503,26.417503356933594,36.542857142857144
3,2026-05-24,DOMINGO,12:00,32.0,24.460236,24.460235595703125,36.114285714285714
3,2026-05-24,DOMINGO,12:30,40.0,22.829956,22.8299560546875,31.5
3,2026-05-24,DOMINGO,13:30,23.0,20.41594,20.415939331054688,30.933333333333334
3,2026-05-24,DOMINGO,14:00,25.0,22.535713,22.53571319580078,30.7027027027027
3,2026-05-24,DOMINGO,15:00,29.0,25.729218,25.729217529296875,36.06896551724138
3,2026-05-25,LABORAL,04:00,48.0,126.114975,126.11497497558594,54.193236714975846
3,2026-05-25,LABORAL,04:30,205.0,160.7971,160.79710388183594,156.64730290456433
3,2026-05-25,LABORAL,05:00,304.0,193.75864,193.75863647460938,277.6735537190083
3,2026-05-25,LABORAL,05:30,214.0,223.3722,223.3721923828125,269.87603305785126
3,2026-05-25,LABORAL,06:00,300.0,222.53398,222.5339813232422,294.7107438016529
3,2026-05-25,LABORAL,06:30,131.0,203.78268,203.78268432617188,223.9214876033058
3,2026-05-25,LABORAL,07:00,239.0,185.62497,185.62496948242188,177.16528925619835
3,2026-05-25,LABORAL,07:30,110.0,168.23567,168.2356719970703,159.01659751037346
3,2026-05-25,LABORAL,08:00,122.0,152.22859,152.2285919189453,145.2731092436975
3,2026-05-25,LABORAL,08:30,223.0,139.05681,139.0568084716797,146.35269709543567
3,2026-05-25,LABORAL,09:00,111.0,130.13168,130.13168334960938,139.58921161825725
3,2026-05-25,LABORAL,09:30,113.0,123.92876,123.92875671386719,121.94583333333334
3,2026-05-25,LABORAL,10:00,144.0,120.30657,120.30657196044922,131.55
3,2026-05-25,LABORAL,10:30,105.0,119.14061,119.14060974121094,116.57676348547717
3,2026-05-25,LABORAL,11:00,62.0,120.45079,120.45079040527344,111.4356846473029
3,2026-05-25,LABORAL,11:30,230.0,124.21471,124.21470642089844,130.2625
3,2026-05-25,LABORAL,12:00,61.0,130.36797,130.3679656982422,170.29338842975207
3,2026-05-25,LABORAL,12:30,217.0,138.80528,138.80528259277344,140.275
3,2026-05-25,LABORAL,13:00,62.0,142.05011,142.05010986328125,142.3278008298755
3,2026-05-25,LABORAL,13:30,151.0,143.40857,143.4085693359375,136.03333333333333
3,2026-05-25,LABORAL,14:00,143.0,145.21188,145.21188354492188,129.64853556485355
3,2026-05-25,LABORAL,14:30,122.0,145.97975,145.97975158691406,145.6694560669456
3,2026-05-25,LABORAL,15:00,103.0,141.6988,141.6988067626953,149.8375
3,2026-05-25,LABORAL,15:30,180.0,135.32736,135.32736206054688,143.31932773109244
3,2026-05-25,LABORAL,16:00,71.0,120.388565,120.38856506347656,112.91489361702128
3,2026-05-25,LABORAL,16:30,73.0,92.3478,92.3478012084961,84.61702127659575
3,2026-05-25,LABORAL,17:00,30.0,62.803513,62.80351257324219,55.2636815920398
3,2026-05-25,LABORAL,17:30,27.0,30.732841,30.73284149169922,33.041666666666664
3,2026-05-26,LABORAL,04:00,47.0,85.7863,85.78630065917969,54.16346153846154
3,2026-05-26,LABORAL,04:30,166.0,140.1548,140.15480041503906,156.66390041493776
3,2026-05-26,LABORAL,05:00,314.0,192.87837,192.8783721923828,277.3512396694215
3,2026-05-26,LABORAL,05:30,195.0,241.48349,241.48348999023438,269.3347107438017
3,2026-05-26,LABORAL,06:00,342.0,235.86531,235.8653106689453,294.79338842975204
3,2026-05-26,LABORAL,06:30,210.0,211.68214,211.68214416503906,223.13223140495867
3,2026-05-26,LABORAL,07:00,168.0,187.24437,187.24436950683594,177.53719008264463
3,2026-05-26,LABORAL,07:30,120.0,163.564,163.56399536132812,158.80082987551867
3,2026-05-26,LABORAL,08:00,159.0,147.85501,147.85501098632812,145.52941176470588
3,2026-05-26,LABORAL,08:30,126.0,134.4948,134.4947967529297,146.49377593360995
3,2026-05-26,LABORAL,09:00,158.0,124.92238,124.92237854003906,139.4356846473029
3,2026-05-26,LABORAL,09:30,104.0,119.45793,119.45793151855469,121.87083333333334
3,2026-05-26,LABORAL,10:00,132.0,116.57776,116.5777587890625,131.55
3,2026-05-26,LABORAL,10:30,143.0,117.41398,117.41397857666016,116.41908713692946
3,2026-05-26,LABORAL,11:00,113.0,120.895355,120.89535522460938,111.14522821576763
3,2026-05-26,LABORAL,11:30,127.0,126.87167,126.87167358398438,130.4375
3,2026-05-26,LABORAL,12:00,211.0,133.60445,133.6044464111328,169.48760330578511
3,2026-05-26,LABORAL,12:30,156.0,132.75667,132.7566680908203,140.56666666666666
3,2026-05-26,LABORAL,13:00,64.0,132.58235,132.5823516845703,141.96265560165975
3,2026-05-26,LABORAL,13:30,210.0,131.99887,131.99887084960938,136.17083333333332
3,2026-05-26,LABORAL,14:00,65.0,131.86545,131.86544799804688,129.55648535564853
3,2026-05-26,LABORAL,14:30,201.0,132.1525,132.15249633789062,145.64435146443515
3,2026-05-26,LABORAL,15:00,87.0,131.00362,131.0036163330078,149.35833333333332
3,2026-05-26,LABORAL,15:30,135.0,127.073975,127.073974609375,143.08403361344537
3,2026-05-26,LABORAL,16:00,97.0,107.9596,107.95960235595703,112.85531914893618
3,2026-05-26,LABORAL,16:30,56.0,79.06036,79.06036376953125,84.34468085106383
3,2026-05-26,LABORAL,17:00,27.0,50.748436,50.748435974121094,54.8955223880597
3,2026-05-27,LABORAL,04:00,42.0,95.25087,95.25086975097656,54.12918660287081
3,2026-05-27,LABORAL,04:30,215.0,140.29648,140.29647827148438,156.47717842323652
3,2026-05-27,LABORAL,05:00,118.0,184.27655,184.27655029296875,277.10743801652893
3,2026-05-27,LABORAL,05:30,241.0,225.0668,225.06680297851562,268.6404958677686
3,2026-05-27,LABORAL,06:00,261.0,225.6087,225.60870361328125,294.87603305785126
3,2026-05-27,LABORAL,06:30,150.0,202.01083,202.01083374023438,222.85537190082644
3,2026-05-27,LABORAL,07:00,128.0,178.97243,178.97242736816406,177.52892561983472
3,2026-05-27,LABORAL,07:30,162.0,159.78908,159.78907775878906,158.3402489626556
3,2026-05-27,LABORAL,08:00,119.0,144.97385,144.97384643554688,145.5546218487395
3,2026-05-27,LABORAL,08:30,46.0,132.62202,132.6220245361328,146.3609958506224
3,2026-05-27,LABORAL,09:00,152.0,122.95102,122.95101928710938,139.4564315352697
3,2026-05-27,LABORAL,09:30,48.0,116.119125,116.11912536621094,121.70833333333333
3,2026-05-27,LABORAL,10:00,145.0,112.227936,112.22793579101562,131.28333333333333
3,2026-05-27,LABORAL,10:30,110.0,111.3121,111.31210327148438,116.42738589211618
3,2026-05-27,LABORAL,11:00,131.0,113.44373,113.44373321533203,111.05809128630706
3,2026-05-27,LABORAL,11:30,89.0,118.586266,118.58626556396484,130.4125
3,2026-05-27,LABORAL,12:00,160.0,126.07642,126.07642364501953,169.30578512396696
3,2026-05-27,LABORAL,12:30,128.0,129.29259,129.29258728027344,140.52916666666667
3,2026-05-27,LABORAL,13:00,76.0,132.24113,132.2411346435547,141.52697095435684
3,2026-05-27,LABORAL,13:30,149.0,129.80055,129.80055236816406,136.60833333333332
3,2026-05-27,LABORAL,14:00,109.0,128.38666,128.38665771484375,129.01673640167365
3,2026-05-27,LABORAL,14:30,113.0,128.02364,128.0236358642578,145.34309623430963
3,2026-05-27,LABORAL,15:00,164.0,128.69896,128.69895935058594,148.88333333333333
3,2026-05-27,LABORAL,15:30,69.0,125.39255,125.39254760742188,142.6344537815126
3,2026-05-27,LABORAL,16:00,86.0,105.01572,105.01571655273438,112.52340425531915
3,2026-05-27,LABORAL,16:30,54.0,72.67261,72.672607421875,84.1404255319149
3,2026-05-28,LABORAL,04:00,50.0,104.95616,104.95616149902344,54.07142857142857
3,2026-05-28,LABORAL,04:30,148.0,135.82338,135.82337951660156,156.49792531120332
3,2026-05-28,LABORAL,05:00,237.0,165.21747,165.21746826171875,276.23553719008265
3,2026-05-28,LABORAL,05:30,214.0,191.30692,191.30691528320312,268.40495867768595
3,2026-05-28,LABORAL,06:00,329.0,206.59201,206.59201049804688,295.03719008264466
3,2026-05-28,LABORAL,06:30,157.0,196.11815,196.11814880371094,222.8099173553719
3,2026-05-28,LABORAL,07:00,208.0,178.21436,178.21435546875,177.35537190082644
3,2026-05-28,LABORAL,07:30,60.0,160.74219,160.7421875,158.25726141078837
3,2026-05-28,LABORAL,08:00,173.0,146.59401,146.59400939941406,145.609243697479
3,2026-05-28,LABORAL,08:30,74.0,133.26627,133.26626586914062,146.09958506224066
3,2026-05-28,LABORAL,09:00,169.0,121.04974,121.04974365234375,139.33195020746888
3,2026-05-28,LABORAL,09:30,94.0,110.4875,110.48750305175781,121.48333333333333
3,2026-05-28,LABORAL,10:00,75.0,104.71149,104.71148681640625,131.5375
3,2026-05-28,LABORAL,10:30,164.0,104.31788,104.31787872314453,116.52697095435684
3,2026-05-28,LABORAL,11:00,119.0,106.32918,106.32917785644531,111.16597510373444
3,2026-05-28,LABORAL,11:30,143.0,110.61681,110.61681365966797,130.57083333333333
3,2026-05-28,LABORAL,12:00,103.0,115.800224,115.80022430419922,169.4090909090909
3,2026-05-28,LABORAL,12:30,145.0,118.83267,118.83267211914062,140.5375
3,2026-05-28,LABORAL,13:00,93.0,122.38365,122.38365173339844,141.47717842323652
3,2026-05-28,LABORAL,13:30,123.0,121.64871,121.64871215820312,136.83333333333334
3,2026-05-28,LABORAL,14:00,115.0,119.98829,119.98828887939453,128.97907949790795
3,2026-05-28,LABORAL,14:30,168.0,118.632126,118.63212585449219,145.0836820083682
3,2026-05-28,LABORAL,15:00,101.0,117.329765,117.32976531982422,148.94166666666666
3,2026-05-28,LABORAL,15:30,128.0,108.96611,108.96611022949219,142.4327731092437
3,2026-05-28,LABORAL,16:00,130.0,91.497116,91.49711608886719,112.43829787234043
3,2026-05-28,LABORAL,16:30,40.0,64.02812,64.02812194824219,84.05531914893616
3,2026-05-28,LABORAL,17:00,36.0,33.21602,33.21601867675781,54.845
3,2026-05-29,LABORAL,04:00,116.0,131.66083,131.66082763671875,54.052132701421804
3,2026-05-29,LABORAL,04:30,69.0,157.27849,157.2784881591797,155.78838174273858
3,2026-05-29,LABORAL,05:00,243.0,181.05493,181.054931640625,276.0289256198347
3,2026-05-29,LABORAL,05:30,317.0,202.91599,202.91598510742188,268.8264462809917
3,2026-05-29,LABORAL,06:00,215.0,217.78903,217.78903198242188,295.58677685950414
3,2026-05-29,LABORAL,06:30,257.0,201.24211,201.2421112060547,222.16528925619835
3,2026-05-29,LABORAL,07:00,146.0,183.7261,183.72610473632812,177.55371900826447
3,2026-05-29,LABORAL,07:30,173.0,166.51788,166.51788330078125,157.92116182572613
3,2026-05-29,LABORAL,08:00,122.0,149.91188,149.91188049316406,145.81512605042016
3,2026-05-29,LABORAL,08:30,88.0,135.21616,135.21615600585938,146.00414937759336
3,2026-05-29,LABORAL,09:00,146.0,126.43346,126.43345642089844,139.43153526970954
3,2026-05-29,LABORAL,09:30,138.0,120.60035,120.60034942626953,121.52083333333333
3,2026-05-29,LABORAL,10:00,86.0,117.22551,117.22550964355469,131.40833333333333
3,2026-05-29,LABORAL,10:30,87.0,115.581696,115.58169555664062,116.8298755186722
3,2026-05-29,LABORAL,11:00,145.0,115.697075,115.69707489013672,111.23236514522821
3,2026-05-29,LABORAL,11:30,74.0,117.56964,117.56964111328125,130.7125
3,2026-05-29,LABORAL,12:00,190.0,121.16739,121.16738891601562,169.19834710743802
3,2026-05-29,LABORAL,12:30,149.0,126.42873,126.42872619628906,140.70416666666668
3,2026-05-29,LABORAL,13:00,174.0,131.69281,131.69281005859375,141.2240663900415
3,2026-05-29,LABORAL,13:30,56.0,130.64267,130.64266967773438,136.86666666666667
3,2026-05-29,LABORAL,14:00,118.0,130.18016,130.18016052246094,129.06276150627616
3,2026-05-29,LABORAL,14:30,168.0,130.11774,130.11773681640625,145.3723849372385
3,2026-05-29,LABORAL,15:00,138.0,126.60962,126.609619140625,148.86666666666667
3,2026-05-29,LABORAL,15:30,84.0,117.00515,117.0051498413086,142.1638655462185
3,2026-05-29,LABORAL,16:00,72.0,92.22004,92.22003936767578,112.33191489361703
3,2026-05-29,LABORAL,16:30,75.0,65.12623,65.12622833251953,83.88510638297872
3,2026-05-29,LABORAL,17:00,19.0,38.450554,38.45055389404297,54.735
3,2026-05-30,SABADO,04:30,175.0,90.20209,90.20208740234375,103.51923076923077
3,2026-05-30,SABADO,05:00,105.0,114.59393,114.59393310546875,158.01923076923077
3,2026-05-30,SABADO,05:30,174.0,137.43683,137.43682861328125,164.53846153846155
3,2026-05-30,SABADO,06:00,122.0,151.58774,151.58773803710938,206.01923076923077
3,2026-05-30,SABADO,06:30,210.0,147.17891,147.1789093017578,181.96153846153845
3,2026-05-30,SABADO,07:00,142.0,134.52943,134.52943420410156,138.09615384615384
3,2026-05-30,SABADO,07:30,104.0,120.97124,120.97123718261719,115.61538461538461
3,2026-05-30,SABADO,08:00,49.0,108.35242,108.3524169921875,117.28846153846153
3,2026-05-30,SABADO,08:30,139.0,96.88887,96.88887023925781,108.45098039215686
3,2026-05-30,SABADO,09:00,80.0,89.8031,89.8031005859375,93.53846153846153
3,2026-05-30,SABADO,09:30,59.0,85.25383,85.25382995605469,90.88461538461539
3,2026-05-30,SABADO,10:00,99.0,82.21347,82.21347045898438,89.9423076923077
3,2026-05-30,SABADO,10:30,51.0,79.72623,79.72622680664062,88.25
3,2026-05-30,SABADO,11:00,30.0,78.90065,78.90065002441406,95.31372549019608
3,2026-05-30,SABADO,11:30,121.0,78.840225,78.84022521972656,88.31372549019608
3,2026-05-30,SABADO,12:00,105.0,76.93524,76.93524169921875,87.34615384615384
3,2026-05-30,SABADO,12:30,18.0,70.938354,70.9383544921875,79.3265306122449
3,2026-05-30,SABADO,13:00,36.0,66.92435,66.92434692382812,71.57446808510639
3,2026-05-30,SABADO,13:30,58.0,63.272903,63.27290344238281,67.74
3,2026-05-30,SABADO,14:00,54.0,60.046486,60.046485900878906,70.73469387755102
3,2026-05-30,SABADO,14:30,31.0,57.300323,57.300323486328125,62.255319148936174
3,2026-05-30,SABADO,15:00,81.0,55.08139,55.081390380859375,69.91304347826087
3,2026-05-30,SABADO,15:30,39.0,51.512703,51.51270294189453,66.80434782608695
3,2026-05-31,DOMINGO,07:00,29.0,26.799896,26.799896240234375,29.195121951219512
3,2026-05-31,DOMINGO,08:00,29.0,30.091888,30.091888427734375,39.21739130434783
3,2026-05-31,DOMINGO,08:30,37.0,29.940018,29.940017700195312,39.51282051282051
3,2026-05-31,DOMINGO,09:00,32.0,32.96762,32.967620849609375,35.611111111111114
3,2026-05-31,DOMINGO,10:00,61.0,29.120087,29.120086669921875,39.425
3,2026-05-31,DOMINGO,11:00,25.0,26.684608,26.684608459472656,37.48571428571429
3,2026-05-31,DOMINGO,11:30,42.0,26.101395,26.101394653320312,34.411764705882355
3,2026-05-31,DOMINGO,14:00,24.0,26.003426,26.00342559814453,30.675675675675677
3,2026-05-31,DOMINGO,14:30,23.0,26.228004,26.228004455566406,32.76470588235294
3,2026-06-01,LABORAL,04:00,49.0,129.08548,129.08547973632812,54.344339622641506
3,2026-06-01,LABORAL,04:30,131.0,157.77502,157.7750244140625,155.16597510373444
3,2026-06-01,LABORAL,05:00,236.0,185.12737,185.1273651123047,275.9504132231405
3,2026-06-01,LABORAL,05:30,237.0,204.96411,204.964111328125,268.6198347107438
3,2026-06-01,LABORAL,06:00,226.0,208.28607,208.28607177734375,295.2396694214876
3,2026-06-01,LABORAL,06:30,187.0,197.49968,197.4996795654297,222.21074380165288
3,2026-06-01,LABORAL,07:00,167.0,179.01837,179.01837158203125,177.16528925619835
3,2026-06-01,LABORAL,07:30,106.0,161.40045,161.40045166015625,157.76763485477179
3,2026-06-01,LABORAL,08:00,77.0,146.10294,146.10293579101562,145.74789915966386
3,2026-06-01,LABORAL,08:30,156.0,131.9987,131.9987030029297,145.60995850622407
3,2026-06-01,LABORAL,09:00,43.0,119.705376,119.70537567138672,139.1576763485477
3,2026-06-01,LABORAL,09:30,143.0,114.49956,114.49955749511719,121.62916666666666
3,2026-06-01,LABORAL,10:00,139.0,111.34517,111.34516906738281,131.33333333333334
3,2026-06-01,LABORAL,11:00,74.0,110.83858,110.83857727050781,111.2655601659751
3,2026-06-01,LABORAL,11:30,150.0,113.50342,113.50341796875,130.525
3,2026-06-01,LABORAL,12:00,136.0,118.06393,118.06392669677734,169.04132231404958
3,2026-06-01,LABORAL,12:30,172.0,121.58405,121.58405303955078,140.7375
3,2026-06-01,LABORAL,13:00,70.0,120.50801,120.50801086425781,141.29045643153526
3,2026-06-01,LABORAL,13:30,110.0,120.10208,120.10208129882812,136.14166666666668
3,2026-06-01,LABORAL,14:00,82.0,120.21182,120.21182250976562,128.94142259414227
3,2026-06-01,LABORAL,14:30,178.0,119.690994,119.69099426269531,145.53556485355648
3,2026-06-01,LABORAL,15:00,47.0,118.10793,118.1079330444336,148.7
3,2026-06-01,LABORAL,15:30,117.0,114.53029,114.53028869628906,141.5546218487395
3,2026-06-01,LABORAL,16:00,63.0,99.31454,99.31453704833984,112.02127659574468
3,2026-06-01,LABORAL,16:30,52.0,73.6646,73.66459655761719,83.65106382978723
3,2026-06-02,LABORAL,04:30,167.0,148.75922,148.75921630859375,155.06611570247935
3,2026-06-02,LABORAL,05:00,224.0,171.1384,171.13839721679688,275.7860082304527
3,2026-06-02,LABORAL,05:30,286.0,191.63826,191.6382598876953,268.4897119341564
3,2026-06-02,LABORAL,06:00,279.0,206.73663,206.73663330078125,294.95473251028807
3,2026-06-02,LABORAL,06:30,120.0,194.5792,194.57919311523438,222.06584362139918
3,2026-06-02,LABORAL,07:00,227.0,178.2539,178.25390625,177.12345679012347
3,2026-06-02,LABORAL,07:30,65.0,162.57384,162.57383728027344,157.55371900826447
3,2026-06-02,LABORAL,08:00,173.0,147.83354,147.8335418701172,145.4602510460251
3,2026-06-02,LABORAL,08:30,84.0,134.28523,134.2852325439453,145.65289256198346
3,2026-06-02,LABORAL,09:00,121.0,125.990715,125.99071502685547,138.7603305785124
3,2026-06-02,LABORAL,09:30,194.0,120.79412,120.79412078857422,121.71784232365145
3,2026-06-02,LABORAL,10:00,72.0,117.32215,117.32215118408203,131.36514522821577
3,2026-06-02,LABORAL,10:30,161.0,115.63425,115.63424682617188,116.44813278008299
3,2026-06-02,LABORAL,11:00,94.0,115.74703,115.74703216552734,111.11157024793388
3,2026-06-02,LABORAL,11:30,101.0,117.65228,117.65228271484375,130.6058091286307
3,2026-06-02,LABORAL,12:00,188.0,121.35121,121.35121154785156,168.90534979423867
3,2026-06-02,LABORAL,12:30,135.0,123.63804,123.6380386352539,140.86721991701245
3,2026-06-02,LABORAL,13:00,105.0,124.26381,124.26380920410156,140.99586776859505
3,2026-06-02,LABORAL,13:30,103.0,125.82833,125.82833099365234,136.0331950207469
3,2026-06-02,LABORAL,14:00,120.0,128.2597,128.25970458984375,128.74583333333334
3,2026-06-02,LABORAL,14:30,152.0,131.4859,131.48590087890625,145.67083333333332
3,2026-06-02,LABORAL,15:00,174.0,126.59444,126.59443664550781,148.2780082987552
3,2026-06-02,LABORAL,15:30,97.0,109.71064,109.71063995361328,141.4518828451883
3,2026-06-02,LABORAL,16:00,102.0,84.7934,84.79340362548828,111.8135593220339
3,2026-06-02,LABORAL,16:30,76.0,59.6296,59.629600524902344,83.51694915254237
3,2026-06-03,LABORAL,04:30,170.0,161.5698,161.56979370117188,155.03719008264463
3,2026-06-03,LABORAL,05:00,253.0,184.32773,184.32772827148438,275.38271604938274
3,2026-06-03,LABORAL,05:30,311.0,205.56834,205.56834411621094,267.9382716049383
3,2026-06-03,LABORAL,06:00,202.0,213.73914,213.7391357421875,295.13168724279836
3,2026-06-03,LABORAL,06:30,215.0,197.14857,197.14857482910156,221.30041152263374
3,2026-06-03,LABORAL,07:00,135.0,180.46114,180.4611358642578,177.2798353909465
3,2026-06-03,LABORAL,07:30,155.0,164.51575,164.5157470703125,157.30578512396696
3,2026-06-03,LABORAL,08:00,105.0,149.58519,149.58518981933594,145.35983263598325
3,2026-06-03,LABORAL,08:30,153.0,136.265,136.26499938964844,145.08677685950414
3,2026-06-03,LABORAL,09:00,68.0,127.48865,127.4886474609375,138.48347107438016
3,2026-06-03,LABORAL,09:30,114.0,121.96364,121.96363830566406,121.86721991701245
3,2026-06-03,LABORAL,10:00,127.0,118.24895,118.24894714355469,131.2655601659751
3,2026-06-03,LABORAL,10:30,121.0,116.408134,116.40813446044922,116.2240663900415
3,2026-06-03,LABORAL,11:00,101.0,116.472694,116.47269439697266,110.89256198347107
3,2026-06-03,LABORAL,11:30,84.0,118.44156,118.44155883789062,130.52697095435684
3,2026-06-03,LABORAL,12:00,163.0,122.281,122.28099822998047,169.10288065843622
3,2026-06-03,LABORAL,12:30,82.0,127.52344,127.5234375,140.38589211618256
3,2026-06-03,LABORAL,13:00,146.0,128.46565,128.4656524658203,140.63636363636363
3,2026-06-03,LABORAL,13:30,116.0,130.24092,130.2409210205078,135.79253112033194
3,2026-06-03,LABORAL,14:00,93.0,132.38904,132.3890380859375,128.55416666666667
3,2026-06-03,LABORAL,14:30,152.0,135.42188,135.421875,145.51666666666668
3,2026-06-03,LABORAL,15:00,53.0,134.54143,134.5414276123047,148.17842323651453
3,2026-06-03,LABORAL,15:30,122.0,121.454414,121.45441436767578,140.69874476987448
3,2026-06-03,LABORAL,16:00,109.0,97.574776,97.57477569580078,111.97457627118644
3,2026-06-03,LABORAL,16:30,46.0,72.2204,72.22039794921875,83.21610169491525
3,2026-06-03,LABORAL,17:00,29.0,47.36728,47.367279052734375,54.20603015075377
3,2026-06-04,LABORAL,04:30,157.0,174.56747,174.56747436523438,154.8388429752066
3,2026-06-04,LABORAL,05:00,293.0,199.24649,199.24649047851562,275.02880658436214
3,2026-06-04,LABORAL,05:30,240.0,222.422,222.4219970703125,267.6255144032922
3,2026-06-04,LABORAL,06:00,278.0,222.50339,222.50338745117188,295.0
3,2026-06-04,LABORAL,06:30,128.0,205.71414,205.71414184570312,221.2716049382716
3,2026-06-04,LABORAL,07:00,157.0,188.42549,188.4254913330078,176.53086419753086
3,2026-06-04,LABORAL,07:30,117.0,172.09392,172.0939178466797,156.9214876033058
3,2026-06-04,LABORAL,08:00,67.0,156.99779,156.99778747558594,145.36820083682008
3,2026-06-04,LABORAL,08:30,183.0,143.38368,143.38368225097656,145.02892561983472
3,2026-06-04,LABORAL,09:00,64.0,131.50522,131.50521850585938,138.13636363636363
3,2026-06-04,LABORAL,09:30,85.0,121.56564,121.56564331054688,121.79668049792531
3,2026-06-04,LABORAL,10:00,129.0,113.97027,113.97026824951172,131.149377593361
3,2026-06-04,LABORAL,10:30,90.0,111.40146,111.40145874023438,116.14522821576763
3,2026-06-04,LABORAL,11:00,92.0,111.28349,111.28349304199219,110.72314049586777
3,2026-06-04,LABORAL,11:30,106.0,113.359604,113.35960388183594,130.24066390041494
3,2026-06-04,LABORAL,12:00,133.0,117.59427,117.59426879882812,168.9835390946502
3,2026-06-04,LABORAL,12:30,123.0,122.62068,122.62068176269531,140.0622406639004
3,2026-06-04,LABORAL,13:00,84.0,124.44899,124.44898986816406,140.63223140495867
3,2026-06-04,LABORAL,13:30,134.0,127.58201,127.5820083618164,135.54771784232366
3,2026-06-04,LABORAL,14:00,97.0,131.4437,131.44369506835938,128.18333333333334
3,2026-06-04,LABORAL,14:30,123.0,135.64568,135.6456756591797,145.55833333333334
3,2026-06-04,LABORAL,15:00,119.0,132.0101,132.01010131835938,147.45228215767634
3,2026-06-04,LABORAL,15:30,112.0,118.87414,118.87413787841797,140.26359832635984
3,2026-06-04,LABORAL,16:00,77.0,100.397194,100.3971939086914,111.70338983050847
3,2026-06-04,LABORAL,16:30,73.0,74.122696,74.12269592285156,83.02542372881356
3,2026-06-04,LABORAL,17:00,58.0,48.458992,48.45899200439453,53.949748743718594
3,2026-06-05,LABORAL,04:30,142.0,173.29814,173.2981414794922,154.6487603305785
3,2026-06-05,LABORAL,05:00,269.0,193.2611,193.26109313964844,274.7366255144033
3,2026-06-05,LABORAL,05:30,193.0,211.68991,211.68991088867188,267.36213991769546
3,2026-06-05,LABORAL,06:00,329.0,217.3182,217.31820678710938,294.5308641975309
3,2026-06-05,LABORAL,06:30,178.0,202.3414,202.34140014648438,220.93004115226339
3,2026-06-05,LABORAL,07:00,132.0,187.41187,187.411865234375,176.5761316872428
3,2026-06-05,LABORAL,07:30,125.0,173.11859,173.11859130859375,156.61570247933884
3,2026-06-05,LABORAL,08:00,138.0,159.57407,159.57406616210938,144.93305439330544
3,2026-06-05,LABORAL,08:30,108.0,147.30457,147.3045654296875,145.02892561983472
3,2026-06-05,LABORAL,09:00,118.0,136.52005,136.52005004882812,137.6900826446281
3,2026-06-05,LABORAL,09:30,59.0,127.81441,127.81440734863281,121.44398340248962
3,2026-06-05,LABORAL,10:00,140.0,123.8056,123.80560302734375,130.91286307053943
3,2026-06-05,LABORAL,10:30,112.0,121.63514,121.63513946533203,116.18257261410788
3,2026-06-05,LABORAL,11:00,109.0,121.340164,121.34016418457031,110.52066115702479
3,2026-06-05,LABORAL,11:30,90.0,122.925735,122.92573547363281,129.85892116182572
3,2026-06-05,LABORAL,12:00,178.0,126.36471,126.36470794677734,168.8724279835391
3,2026-06-05,LABORAL,12:30,114.0,131.59824,131.59823608398438,139.83817427385893
3,2026-06-05,LABORAL,13:00,45.0,133.40456,133.40455627441406,140.28925619834712
3,2026-06-05,LABORAL,13:30,158.0,135.79141,135.79141235351562,135.24896265560167
3,2026-06-05,LABORAL,14:00,125.0,138.91986,138.91986083984375,128.05833333333334
3,2026-06-05,LABORAL,14:30,110.0,140.45256,140.4525604248047,145.47083333333333
3,2026-06-05,LABORAL,15:00,126.0,133.51744,133.51744079589844,147.21991701244812
3,2026-06-05,LABORAL,15:30,110.0,118.1044,118.10440063476562,139.907949790795
3,2026-06-05,LABORAL,16:00,110.0,96.57953,96.57952880859375,111.66525423728814
3,2026-06-05,LABORAL,16:30,41.0,74.829185,74.82918548583984,82.88559322033899
3,2026-06-06,SABADO,04:00,53.0,92.524536,92.5245361328125,37.266666666666666
3,2026-06-06,SABADO,04:30,93.0,106.07625,106.07624816894531,103.86538461538461
3,2026-06-06,SABADO,05:00,106.0,118.84648,118.84648132324219,157.1153846153846
3,2026-06-06,SABADO,05:30,188.0,130.61674,130.6167449951172,163.65384615384616
3,2026-06-06,SABADO,06:00,213.0,138.13692,138.1369171142578,203.34615384615384
3,2026-06-06,SABADO,06:30,181.0,133.85118,133.85118103027344,183.6153846153846
3,2026-06-06,SABADO,07:00,105.0,126.65595,126.65595245361328,137.84615384615384
3,2026-06-06,SABADO,07:30,138.0,117.43075,117.43074798583984,114.13461538461539
3,2026-06-06,SABADO,08:00,94.0,108.294075,108.29407501220703,116.3076923076923
3,2026-06-06,SABADO,08:30,92.0,99.594505,99.5945053100586,108.80392156862744
3,2026-06-06,SABADO,09:00,75.0,93.14111,93.14111328125,93.1923076923077
3,2026-06-06,SABADO,09:30,93.0,87.59601,87.59600830078125,89.38461538461539
3,2026-06-06,SABADO,10:00,100.0,82.83767,82.8376693725586,89.51923076923077
3,2026-06-06,SABADO,10:30,96.0,79.4837,79.48370361328125,86.98076923076923
3,2026-06-06,SABADO,11:00,65.0,77.660706,77.66070556640625,93.52941176470588
3,2026-06-06,SABADO,11:30,48.0,77.115005,77.11500549316406,88.56862745098039
3,2026-06-06,SABADO,12:00,93.0,77.32323,77.32322692871094,87.23076923076923
3,2026-06-06,SABADO,12:30,72.0,75.593544,75.59354400634766,78.73469387755102
3,2026-06-06,SABADO,13:00,41.0,73.66253,73.66252899169922,70.25531914893617
3,2026-06-06,SABADO,13:30,82.0,72.382645,72.38264465332031,66.84
3,2026-06-06,SABADO,14:00,30.0,67.49637,67.49636840820312,71.06122448979592
3,2026-06-06,SABADO,14:30,48.0,60.52012,60.520118713378906,61.51063829787234
3,2026-06-06,SABADO,15:00,75.0,53.869606,53.869606018066406,70.82608695652173
3,2026-06-06,SABADO,16:00,52.0,28.589417,28.58941650390625,49.51219512195122
3,2026-06-07,DOMINGO,06:30,52.0,26.445152,26.445152282714844,32.75
3,2026-06-07,DOMINGO,07:00,23.0,28.15635,28.156349182128906,29.341463414634145
3,2026-06-07,DOMINGO,07:30,19.0,29.588669,29.588668823242188,33.18181818181818
3,2026-06-07,DOMINGO,08:00,38.0,30.717598,30.71759796142578,38.95652173913044
3,2026-06-07,DOMINGO,08:30,30.0,31.523827,31.523826599121094,38.53846153846154
3,2026-06-07,DOMINGO,09:00,25.0,31.993538,31.99353790283203,35.861111111111114
3,2026-06-07,DOMINGO,09:30,44.0,32.11873,32.11872863769531,34.12820512820513
3,2026-06-07,DOMINGO,10:00,26.0,31.89724,31.897239685058594,40.375
3,2026-06-07,DOMINGO,10:30,47.0,31.332863,31.332862854003906,38.64102564102564
3,2026-06-07,DOMINGO,11:00,27.0,30.750114,30.75011444091797,36.74285714285714
3,2026-06-07,DOMINGO,11:30,28.0,30.387428,30.387428283691406,34.628571428571426
3,2026-06-07,DOMINGO,12:00,25.0,29.918983,29.918983459472656,35.0
3,2026-06-07,DOMINGO,12:30,26.0,29.810272,29.810272216796875,31.941176470588236
3,2026-06-07,DOMINGO,13:00,20.0,29.75393,29.753929138183594,30.914285714285715
3,2026-06-07,DOMINGO,13:30,12.0,29.317497,29.31749725341797,30.733333333333334
3,2026-06-07,DOMINGO,14:00,26.0,28.471817,28.471817016601562,30.64864864864865
3,2026-06-07,DOMINGO,14:30,18.0,27.231354,27.231353759765625,32.76470588235294
3,2026-06-07,DOMINGO,15:00,18.0,25.617325,25.617324829101562,37.32142857142857
3,2026-06-08,FESTIVO_PUENTE,07:30,32.0,29.256454,28.875,28.875
3,2026-06-08,FESTIVO_PUENTE,08:00,19.0,27.35955,32.888888888888886,32.888888888888886
3,2026-06-08,FESTIVO_PUENTE,08:30,19.0,25.800896,31.0,31.0
3,2026-06-08,FESTIVO_PUENTE,10:30,33.0,22.180862,34.22222222222222,34.22222222222222
3,2026-06-08,FESTIVO_PUENTE,11:00,19.0,23.05931,21.571428571428573,21.571428571428573
3,2026-06-08,FESTIVO_PUENTE,11:30,46.0,24.592453,25.125,25.125
3,2026-06-08,FESTIVO_PUENTE,13:30,23.0,31.424774,31.125,31.125
3,2026-06-08,FESTIVO_PUENTE,15:00,31.0,33.78003,33.833333333333336,33.833333333333336
3,2026-06-08,FESTIVO_PUENTE,15:30,25.0,28.721107,53.0,53.0
3,2026-06-09,LABORAL,04:30,158.0,172.33511,172.33511352539062,153.95435684647302
3,2026-06-09,LABORAL,05:00,185.0,190.60704,190.60704040527344,274.75206611570246
3,2026-06-09,LABORAL,05:30,342.0,206.9014,206.90139770507812,266.6528925619835
3,2026-06-09,LABORAL,06:00,230.0,213.08804,213.08804321289062,294.4917355371901
3,2026-06-09,LABORAL,06:30,209.0,205.9224,205.92239379882812,220.63223140495867
3,2026-06-09,LABORAL,07:00,135.0,191.1083,191.10830688476562,176.3801652892562
3,2026-06-09,LABORAL,07:30,97.0,176.37483,176.3748321533203,156.448132780083
3,2026-06-09,LABORAL,08:00,205.0,162.3519,162.35189819335938,144.54621848739495
3,2026-06-09,LABORAL,08:30,107.0,149.31404,149.3140411376953,144.5435684647303
3,2026-06-09,LABORAL,09:00,196.0,137.85732,137.85731506347656,137.7344398340249
3,2026-06-09,LABORAL,09:30,139.0,128.54042,128.54042053222656,120.89166666666667
3,2026-06-09,LABORAL,10:00,129.0,123.12909,123.12908935546875,130.68333333333334
3,2026-06-09,LABORAL,10:30,108.0,121.286316,121.28631591796875,116.1875
3,2026-06-09,LABORAL,11:00,98.0,120.87998,120.8799819946289,110.51867219917013
3,2026-06-09,LABORAL,11:30,137.0,121.91701,121.91700744628906,129.53333333333333
3,2026-06-09,LABORAL,12:00,180.0,124.37968,124.37967681884766,168.90495867768595
3,2026-06-09,LABORAL,12:30,99.0,125.30608,125.30608367919922,139.04583333333332
3,2026-06-09,LABORAL,13:00,148.0,125.50697,125.50697326660156,139.95435684647302
3,2026-06-09,LABORAL,13:30,103.0,126.455864,126.45586395263672,135.5
3,2026-06-09,LABORAL,14:00,92.0,127.44703,127.44702911376953,128.1715481171548
3,2026-06-09,LABORAL,14:30,169.0,127.412735,127.41273498535156,145.3765690376569
3,2026-06-09,LABORAL,15:00,116.0,124.91051,124.91050720214844,146.99583333333334
3,2026-06-09,LABORAL,15:30,105.0,108.94245,108.94245147705078,139.4579831932773
3,2026-06-09,LABORAL,16:00,107.0,87.205475,87.20547485351562,111.87234042553192
3,2026-06-09,LABORAL,16:30,44.0,65.38026,65.38025665283203,82.55319148936171
3,2026-06-09,LABORAL,17:00,50.0,44.02324,44.02323913574219,53.58375634517766
3,2026-06-10,LABORAL,04:00,29.0,137.88387,137.8838653564453,54.35377358490566
3,2026-06-10,LABORAL,04:30,118.0,158.54361,158.54360961914062,154.02489626556016
3,2026-06-10,LABORAL,05:00,285.0,178.08023,178.08023071289062,273.95454545454544
3,2026-06-10,LABORAL,05:30,257.0,196.07607,196.07606506347656,266.68595041322317
3,2026-06-10,LABORAL,06:00,302.0,203.26788,203.26788330078125,293.60330578512395
3,2026-06-10,LABORAL,06:30,180.0,189.46535,189.46534729003906,220.7479338842975
3,2026-06-10,LABORAL,07:00,113.0,174.75595,174.75595092773438,176.4214876033058
3,2026-06-10,LABORAL,07:30,113.0,160.41817,160.4181671142578,156.0954356846473
3,2026-06-10,LABORAL,08:00,172.0,146.89183,146.89183044433594,144.6218487394958
3,2026-06-10,LABORAL,08:30,66.0,134.38696,134.386962890625,144.46058091286307
3,2026-06-10,LABORAL,09:00,102.0,123.95368,123.95368194580078,137.91286307053943
3,2026-06-10,LABORAL,09:30,128.0,118.60315,118.6031494140625,120.75416666666666
3,2026-06-10,LABORAL,10:00,108.0,115.889496,115.88949584960938,130.80416666666667
3,2026-06-10,LABORAL,10:30,45.0,114.51532,114.51531982421875,115.93333333333334
3,2026-06-10,LABORAL,11:00,117.0,114.50409,114.50408935546875,110.55601659751038
3,2026-06-10,LABORAL,11:30,113.0,115.85603,115.85603332519531,129.6625
3,2026-06-10,LABORAL,12:00,112.0,118.64508,118.64508056640625,169.03305785123968
3,2026-06-10,LABORAL,12:30,134.0,122.71751,122.7175064086914,138.89583333333334
3,2026-06-10,LABORAL,13:00,53.0,128.00171,128.001708984375,140.2033195020747
3,2026-06-10,LABORAL,13:30,48.0,129.7468,129.74679565429688,135.075
3,2026-06-10,LABORAL,14:30,55.0,130.02902,130.02902221679688,145.418410041841
3,2026-06-10,LABORAL,15:00,41.0,128.93805,128.93804931640625,147.0375
