route,dia_op,tipo_dia,hora,real,pred_prophet,pred_media
1,2026-04-02,FESTIVO,07:00,65.0,31.731352266082645,108.66842709529277
1,2026-04-02,FESTIVO,07:30,23.0,31.33240499312111,108.66842709529277
1,2026-04-02,FESTIVO,08:00,11.0,28.5137350019454,26.0
1,2026-04-02,FESTIVO,09:00,20.0,18.2713530244567,20.0
1,2026-04-02,FESTIVO,09:30,25.0,12.525565057530486,16.0
1,2026-04-02,FESTIVO,10:00,21.0,7.452842892450008,108.66842709529277
1,2026-04-02,FESTIVO,10:30,19.0,3.7537007521997197,16.0
1,2026-04-02,FESTIVO,11:00,23.0,2.014010589409679,108.66842709529277
1,2026-04-02,FESTIVO,11:30,33.0,2.6859353944019517,23.0
1,2026-04-02,FESTIVO,12:00,18.0,6.031161505373063,108.66842709529277
1,2026-04-02,FESTIVO,12:30,45.0,12.01676802323938,27.0
1,2026-04-02,FESTIVO,13:00,21.0,20.183233506723468,108.66842709529277
1,2026-04-02,FESTIVO,13:30,49.0,29.530410936243975,33.0
1,2026-04-02,FESTIVO,15:00,27.0,46.71065196325077,108.66842709529277
1,2026-04-02,FESTIVO,15:30,30.0,41.55853815343107,108.66842709529277
1,2026-04-03,FESTIVO,08:00,14.0,36.60318401013633,18.5
1,2026-04-03,FESTIVO,08:30,30.0,32.38429852706706,24.0
1,2026-04-03,FESTIVO,09:00,16.0,27.15271542388963,20.0
1,2026-04-03,FESTIVO,11:00,12.0,12.186229950523753,23.0
1,2026-04-03,FESTIVO,11:30,28.0,13.154761689527788,28.0
1,2026-04-03,FESTIVO,12:00,19.0,16.779492235787345,18.0
1,2026-04-03,FESTIVO,12:30,18.0,23.003999599157794,36.0
1,2026-04-03,FESTIVO,14:30,31.0,56.07160632033875,24.0
1,2026-04-04,SABADO,04:30,37.0,88.3685386571585,75.56
1,2026-04-04,SABADO,05:00,48.0,91.00438447635474,59.8
1,2026-04-04,SABADO,05:30,51.0,95.25685682028265,96.34615384615384
1,2026-04-04,SABADO,06:00,42.0,99.50414651491084,94.76923076923077
1,2026-04-04,SABADO,06:30,66.0,102.38855507189551,108.03846153846153
1,2026-04-04,SABADO,07:00,38.0,103.03129767585615,106.84615384615384
1,2026-04-04,SABADO,07:30,63.0,101.10752191107575,105.65384615384616
1,2026-04-04,SABADO,08:00,80.0,96.79762791261719,102.84615384615384
1,2026-04-04,SABADO,08:30,23.0,90.65740581642089,100.5
1,2026-04-04,SABADO,09:00,89.0,83.45942014984568,95.5
1,2026-04-04,SABADO,09:30,54.0,76.05088791492406,93.65384615384616
1,2026-04-04,SABADO,10:00,73.0,69.25350763451301,75.03846153846153
1,2026-04-04,SABADO,10:30,30.0,63.80624613194911,94.0
1,2026-04-04,SABADO,11:00,17.0,60.33182703217484,92.34615384615384
1,2026-04-04,SABADO,11:30,104.0,59.298600540363665,82.6
1,2026-04-04,SABADO,12:00,71.0,60.95464494577814,87.46153846153847
1,2026-04-04,SABADO,13:00,99.0,71.61465253167664,64.45454545454545
1,2026-04-04,SABADO,13:30,21.0,79.0832195654834,71.44
1,2026-04-04,SABADO,14:30,36.0,90.54570334137452,75.15384615384616
1,2026-04-04,SABADO,15:00,124.0,90.31997538555072,64.29166666666667
1,2026-04-04,SABADO,16:00,48.0,68.15491549775876,59.34782608695652
1,2026-04-04,SABADO,17:00,26.0,12.717732511918072,42.57142857142857
1,2026-04-05,DOMINGO,07:00,29.0,36.9271306576273,34.73913043478261
1,2026-04-05,DOMINGO,07:30,23.0,36.939223647146086,31.291666666666668
1,2026-04-05,DOMINGO,08:30,28.0,31.011532339109138,46.791666666666664
1,2026-04-05,DOMINGO,09:00,28.0,26.280065988216315,35.76470588235294
1,2026-04-05,DOMINGO,10:00,18.0,17.175744702275587,35.333333333333336
1,2026-04-05,DOMINGO,10:30,28.0,14.350701172525746,35.86363636363637
1,2026-04-05,DOMINGO,11:00,30.0,13.579660875046947,36.526315789473685
1,2026-04-05,DOMINGO,12:30,23.0,27.363106670610208,37.95238095238095
1,2026-04-05,DOMINGO,13:30,21.0,47.76854364516788,30.27777777777778
1,2026-04-05,DOMINGO,14:00,21.0,58.124269571909316,37.0
1,2026-04-05,DOMINGO,15:00,23.0,69.21562776230081,39.36842105263158
1,2026-04-06,LABORAL,04:30,135.0,84.04244145182588,115.16666666666667
1,2026-04-06,LABORAL,05:00,73.0,89.9833522946278,116.84873949579831
1,2026-04-06,LABORAL,05:30,183.0,97.84711566022517,133.30833333333334
1,2026-04-06,LABORAL,06:00,106.0,105.82275231739739,133.025
1,2026-04-06,LABORAL,06:30,160.0,112.419793617223,132.0
1,2026-04-06,LABORAL,07:00,157.0,116.69626641642344,130.04166666666666
1,2026-04-06,LABORAL,07:30,54.0,118.3260851726834,133.91666666666666
1,2026-04-06,LABORAL,08:00,165.0,117.52752587557427,128.96638655462183
1,2026-04-06,LABORAL,08:30,123.0,114.90428561168508,131.94117647058823
1,2026-04-06,LABORAL,09:00,176.0,111.26116374203659,135.76470588235293
1,2026-04-06,LABORAL,09:30,155.0,107.44707604293978,121.23333333333333
1,2026-04-06,LABORAL,10:00,98.0,104.25420337930126,97.26666666666667
1,2026-04-06,LABORAL,10:30,80.0,102.3728275316919,96.45833333333333
1,2026-04-06,LABORAL,11:00,90.0,102.37710777157226,93.625
1,2026-04-06,LABORAL,11:30,84.0,104.70588417025698,100.1
1,2026-04-06,LABORAL,12:00,110.0,109.60816798811734,110.70833333333333
1,2026-04-06,LABORAL,12:30,165.0,117.04326142729364,130.91666666666666
1,2026-04-06,LABORAL,13:00,105.0,126.55337857435354,138.9
1,2026-04-06,LABORAL,13:30,192.0,137.1522690459086,135.725
1,2026-04-06,LABORAL,14:00,174.0,147.28688488337747,148.25423728813558
1,2026-04-06,LABORAL,14:30,113.0,154.9240234200164,150.93333333333334
1,2026-04-06,LABORAL,15:00,217.0,157.78902019296368,168.26666666666668
1,2026-04-06,LABORAL,15:30,135.0,153.74399463242418,174.56302521008402
1,2026-04-06,LABORAL,16:00,151.0,141.24896624189532,143.21848739495798
1,2026-04-06,LABORAL,16:30,118.0,119.812912879035,115.16806722689076
1,2026-04-06,LABORAL,17:00,50.0,90.32509159983552,71.71818181818182
1,2026-04-06,LABORAL,17:30,20.0,55.166889257381115,37.36538461538461
1,2026-04-06,LABORAL,18:00,21.0,18.041637680532588,25.647058823529413
1,2026-04-07,LABORAL,04:30,120.0,121.60329884007756,115.45833333333333
1,2026-04-07,LABORAL,05:00,126.0,124.82274063089235,116.40336134453781
1,2026-04-07,LABORAL,05:30,137.0,130.00350242094507,133.83333333333334
1,2026-04-07,LABORAL,06:00,143.0,135.3119369159592,132.66666666666666
1,2026-04-07,LABORAL,06:30,134.0,139.25928917978845,131.91666666666666
1,2026-04-07,LABORAL,07:00,107.0,140.91934856442316,130.05833333333334
1,2026-04-07,LABORAL,07:30,187.0,139.98396541678866,133.125
1,2026-04-07,LABORAL,08:00,164.0,136.68215191112245,129.1596638655462
1,2026-04-07,LABORAL,08:30,129.0,131.61699462341352,131.71428571428572
1,2026-04-07,LABORAL,09:00,152.0,125.58312116569084,136.39495798319328
1,2026-04-07,LABORAL,09:30,91.0,119.41606503797976,120.86666666666666
1,2026-04-07,LABORAL,10:00,176.0,113.89946307558753,97.25833333333334
1,2026-04-07,LABORAL,10:30,88.0,109.72628399117293,96.075
1,2026-04-07,LABORAL,11:00,84.0,107.48663938638677,92.94166666666666
1,2026-04-07,LABORAL,11:30,134.0,107.64513185549887,100.175
1,2026-04-07,LABORAL,12:00,113.0,110.47825975098473,110.60833333333333
1,2026-04-07,LABORAL,12:30,82.0,115.9644593380321,130.925
1,2026-04-07,LABORAL,13:00,149.0,123.64828421203002,138.85
1,2026-04-07,LABORAL,13:30,211.0,132.52569840355648,135.49166666666667
1,2026-04-07,LABORAL,14:00,180.0,141.00968357717196,148.47457627118644
1,2026-04-07,LABORAL,14:30,114.0,147.0281068432121,150.69166666666666
1,2026-04-07,LABORAL,15:00,190.0,148.27855565562825,168.025
1,2026-04-07,LABORAL,15:30,194.0,142.62335778345252,174.84873949579833
1,2026-04-07,LABORAL,16:00,198.0,128.5629717147466,142.71428571428572
1,2026-04-07,LABORAL,16:30,148.0,105.69024573332817,114.59663865546219
1,2026-04-07,LABORAL,17:00,82.0,75.01321739244567,71.49090909090908
1,2026-04-08,LABORAL,04:30,126.0,104.04786527238889,115.275
1,2026-04-08,LABORAL,05:00,117.0,107.67229845832317,116.21848739495799
1,2026-04-08,LABORAL,05:30,125.0,113.52864033905705,133.56666666666666
1,2026-04-08,LABORAL,06:00,132.0,119.70165352789064,132.40833333333333
1,2026-04-08,LABORAL,06:30,189.0,124.60698323221982,131.51666666666668
1,2026-04-08,LABORAL,07:00,53.0,127.23509979487807,129.78333333333333
1,2026-04-08,LABORAL,07:30,118.0,127.22546459635925,133.34166666666667
1,2026-04-08,LABORAL,08:00,125.0,124.7926445144869,129.52100840336135
1,2026-04-08,LABORAL,08:30,184.0,120.5581469619697,131.6218487394958
1,2026-04-08,LABORAL,09:00,105.0,115.35367227696787,136.3361344537815
1,2026-04-08,LABORAL,09:30,120.0,110.05243296541809,120.09166666666667
1,2026-04-08,LABORAL,10:00,151.0,105.4604672980959,98.01666666666667
1,2026-04-08,LABORAL,10:30,70.0,102.26904248579216,95.75
1,2026-04-08,LABORAL,11:00,118.0,101.04309961380707,92.86666666666666
1,2026-04-08,LABORAL,11:30,88.0,102.20797238136444,100.425
1,2026-04-08,LABORAL,12:00,112.0,106.0013619603223,110.69166666666666
1,2026-04-08,LABORAL,12:30,146.0,112.37793963083703,130.125
1,2026-04-08,LABORAL,13:00,159.0,120.8828340704978,139.05
1,2026-04-08,LABORAL,13:30,60.0,130.53735735973373,136.33333333333334
1,2026-04-08,LABORAL,14:00,226.0,139.79535486440903,148.10169491525423
1,2026-04-08,LABORAL,14:30,125.0,146.6244819266626,150.63333333333333
1,2026-04-08,LABORAL,15:00,173.0,148.7420619870017,167.65833333333333
1,2026-04-08,LABORAL,15:30,175.0,143.9949044837853,174.52941176470588
1,2026-04-08,LABORAL,16:00,92.0,130.82683807810807,143.31932773109244
1,2026-04-08,LABORAL,16:30,142.0,108.73971662996453,114.4873949579832
1,2026-04-08,LABORAL,17:00,48.0,78.63537515931006,71.88181818181818
1,2026-04-09,LABORAL,04:30,82.0,110.0988474993948,115.275
1,2026-04-09,LABORAL,05:00,150.0,113.67607932275256,115.68067226890756
1,2026-04-09,LABORAL,05:30,110.0,119.32268951726545,133.96666666666667
1,2026-04-09,LABORAL,06:00,147.0,125.14567260669891,132.075
1,2026-04-09,LABORAL,06:30,99.0,129.61198791191,131.96666666666667
1,2026-04-09,LABORAL,07:00,153.0,131.77249284029236,129.05
1,2026-04-09,LABORAL,07:30,147.0,131.31704671865813,133.39166666666668
1,2026-04-09,LABORAL,08:00,103.0,128.48755659413118,129.3613445378151
1,2026-04-09,LABORAL,08:30,178.0,123.90564841031917,131.46218487394958
1,2026-04-09,LABORAL,09:00,140.0,118.38079588848194,135.92436974789916
1,2026-04-09,LABORAL,09:30,86.0,112.75307545146727,119.88333333333334
1,2026-04-09,LABORAL,10:00,78.0,107.79826071453078,98.65833333333333
1,2026-04-09,LABORAL,10:30,37.0,104.19174016081695,95.40833333333333
1,2026-04-09,LABORAL,11:00,148.0,102.50259661901585,92.54166666666667
1,2026-04-09,LABORAL,11:30,69.0,103.17852078143171,100.76666666666667
1,2026-04-09,LABORAL,12:00,84.0,106.48945503417761,110.675
1,2026-04-09,LABORAL,12:30,140.0,112.42039760910431,130.38333333333333
1,2026-04-09,LABORAL,13:00,160.0,120.53385151808166,138.6
1,2026-04-09,LABORAL,13:30,85.0,129.8493343992989,134.89166666666668
1,2026-04-09,LABORAL,14:00,111.0,138.80092838495213,148.8135593220339
1,2026-04-09,LABORAL,14:30,168.0,145.3274127278339,150.25833333333333
1,2026-04-09,LABORAL,15:00,189.0,147.1223204110027,167.60833333333332
1,2026-04-09,LABORAL,15:30,129.0,142.02899542812273,174.30252100840337
1,2026-04-09,LABORAL,16:00,109.0,128.51930570714728,142.81512605042016
1,2026-04-09,LABORAL,16:30,110.0,106.15736193589393,114.71666666666667
1,2026-04-09,LABORAL,17:00,91.0,75.9333840269947,71.64545454545454
1,2026-04-09,LABORAL,17:30,16.0,40.36493792501601,36.75
1,2026-04-10,LABORAL,04:30,113.0,109.28172564667508,114.80833333333334
1,2026-04-10,LABORAL,05:00,124.0,113.39620438841648,115.99159663865547
1,2026-04-10,LABORAL,05:30,139.0,119.45457592750398,133.725
1,2026-04-10,LABORAL,06:00,131.0,125.64351386139622,131.79166666666666
1,2026-04-10,LABORAL,06:30,93.0,130.47857954296316,131.64166666666668
1,2026-04-10,LABORAL,07:00,152.0,133.02684630020178,129.55
1,2026-04-10,LABORAL,07:30,98.0,132.9694997713654,133.25833333333333
1,2026-04-10,LABORAL,08:00,187.0,130.52746671147236,129.53781512605042
1,2026-04-10,LABORAL,08:30,81.0,126.30215629429273,131.3109243697479
1,2026-04-10,LABORAL,09:00,162.0,121.09303586376384,135.92436974789916
1,2026-04-10,LABORAL,09:30,144.0,115.7437202475476,119.34166666666667
1,2026-04-10,LABORAL,10:00,90.0,111.04401143655836,98.61666666666666
1,2026-04-10,LABORAL,10:30,87.0,107.68621712351646,94.94166666666666
1,2026-04-10,LABORAL,11:00,99.0,106.25033394483063,93.25833333333334
1,2026-04-10,LABORAL,11:30,100.0,107.18230225730838,100.4
1,2026-04-10,LABORAL,12:00,134.0,110.73587987382062,109.96666666666667
1,2026-04-10,LABORAL,12:30,88.0,116.86945713105735,130.58333333333334
1,2026-04-10,LABORAL,13:00,132.0,125.1171138297458,138.70833333333334
1,2026-04-10,LABORAL,13:30,162.0,134.4784117896592,134.3
1,2026-04-10,LABORAL,14:00,172.0,143.3841410814727,148.5084745762712
1,2026-04-10,LABORAL,14:30,205.0,149.78916397797894,150.51666666666668
1,2026-04-10,LABORAL,15:00,101.0,151.41780970766678,167.325
1,2026-04-10,LABORAL,15:30,211.0,146.14726683217327,173.50420168067228
1,2026-04-10,LABORAL,16:00,104.0,132.47036236803024,142.3781512605042
1,2026-04-10,LABORAL,16:30,165.0,109.94357475453678,114.05833333333334
1,2026-04-10,LABORAL,17:00,56.0,79.51051005490466,71.5909090909091
1,2026-04-11,SABADO,04:30,65.0,88.82926534512532,74.04
1,2026-04-11,SABADO,05:00,50.0,91.43118330395876,59.24
1,2026-04-11,SABADO,05:30,87.0,95.51551951672671,95.38461538461539
1,2026-04-11,SABADO,06:00,66.0,99.59521914617517,91.88461538461539
1,2026-04-11,SABADO,06:30,125.0,102.38552383610681,107.8076923076923
1,2026-04-11,SABADO,07:00,104.0,103.02258118623311,104.76923076923077
1,2026-04-11,SABADO,07:30,88.0,101.15537328782128,103.61538461538461
1,2026-04-11,SABADO,08:00,55.0,96.92021240365082,102.23076923076923
1,2026-04-11,SABADO,08:30,59.0,90.83288615079135,95.23076923076923
1,2026-04-11,SABADO,09:00,101.0,83.64491111255307,96.03846153846153
1,2026-04-11,SABADO,09:30,52.0,76.20611214550578,90.65384615384616
1,2026-04-11,SABADO,10:00,123.0,69.359426509505,75.8076923076923
1,2026-04-11,SABADO,10:30,103.0,63.87234508102638,91.08333333333333
1,2026-04-11,SABADO,11:00,63.0,60.3907626343464,89.34615384615384
1,2026-04-11,SABADO,11:30,58.0,59.39182620773794,84.76
1,2026-04-11,SABADO,12:00,176.0,61.115813756789606,83.8076923076923
1,2026-04-11,SABADO,13:00,57.0,71.93358168109819,65.95652173913044
1,2026-04-11,SABADO,13:30,92.0,79.45883321135953,69.72
1,2026-04-11,SABADO,14:00,62.0,86.47994928610686,83.08333333333333
1,2026-04-11,SABADO,15:00,69.0,90.83815552273751,68.375
1,2026-04-11,SABADO,15:30,82.0,83.94300079665899,58.69565217391305
1,2026-04-11,SABADO,16:00,44.0,68.83810764557644,58.91304347826087
1,2026-04-11,SABADO,16:30,43.0,45.00743549452527,72.26315789473684
1,2026-04-11,SABADO,17:30,30.0,-24.485863169603917,35.6
1,2026-04-12,DOMINGO,07:30,30.0,40.30433087975834,31.291666666666668
1,2026-04-12,DOMINGO,08:00,28.0,38.193519481213826,38.95238095238095
1,2026-04-12,DOMINGO,09:30,31.0,24.63655491203518,35.388888888888886
1,2026-04-12,DOMINGO,10:30,36.0,17.54966621715048,35.36363636363637
1,2026-04-12,DOMINGO,12:00,36.0,23.415351591439546,35.611111111111114
1,2026-04-12,DOMINGO,13:30,23.0,51.25345364335226,29.789473684210527
1,2026-04-12,DOMINGO,14:30,22.0,69.3419865145864,37.0
1,2026-04-12,DOMINGO,15:30,37.0,68.93562359606645,44.22222222222222
1,2026-04-13,LABORAL,04:30,117.0,87.59857540357206,114.825
1,2026-04-13,LABORAL,05:00,119.0,93.95505894953784,116.0672268907563
1,2026-04-13,LABORAL,05:30,79.0,101.71180439859197,133.71666666666667
1,2026-04-13,LABORAL,06:00,138.0,109.39079553224752,131.65833333333333
1,2026-04-13,LABORAL,06:30,215.0,115.7332227834412,131.36666666666667
1,2026-04-13,LABORAL,07:00,78.0,119.90574956345304,129.36666666666667
1,2026-04-13,LABORAL,07:30,206.0,121.58137611478786,133.075
1,2026-04-13,LABORAL,08:00,48.0,120.9069363934637,129.72268907563026
1,2026-04-13,LABORAL,08:30,132.0,118.39364377896806,131.0
1,2026-04-13,LABORAL,09:00,151.0,114.77678303270733,136.05882352941177
1,2026-04-13,LABORAL,09:30,100.0,110.88495779979489,119.23333333333333
1,2026-04-13,LABORAL,10:00,85.0,107.54218437222234,98.175
1,2026-04-13,LABORAL,10:30,74.0,105.5046791857372,95.11666666666666
1,2026-04-13,LABORAL,11:00,95.0,105.41638341953427,93.33333333333333
1,2026-04-13,LABORAL,11:30,118.0,107.75943294383194,99.6
1,2026-04-13,LABORAL,12:00,86.0,112.78065919455105,109.98333333333333
1,2026-04-13,LABORAL,12:30,99.0,120.3911056210487,130.00833333333333
1,2026-04-13,LABORAL,13:00,139.0,130.05684033023275,138.65833333333333
1,2026-04-13,LABORAL,13:30,115.0,140.71818920118392,134.34166666666667
1,2026-04-13,LABORAL,14:00,189.0,150.78326005987094,148.76271186440678
1,2026-04-13,LABORAL,14:30,80.0,158.23528608002394,150.40833333333333
1,2026-04-13,LABORAL,15:00,211.0,160.87129844595694,167.15
1,2026-04-13,LABORAL,15:30,176.0,156.65628207528673,173.68067226890756
1,2026-04-13,LABORAL,16:00,104.0,144.1406300599973,141.9327731092437
1,2026-04-13,LABORAL,16:30,131.0,122.85963756747469,114.26666666666667
1,2026-04-13,LABORAL,17:00,76.0,93.62129612529563,71.52727272727273
1,2026-04-13,LABORAL,17:30,26.0,58.59847041602778,36.35849056603774
1,2026-04-14,LABORAL,04:30,71.0,123.49845996629469,114.84297520661157
1,2026-04-14,LABORAL,05:00,157.0,127.09284395272894,116.09166666666667
1,2026-04-14,LABORAL,05:30,129.0,132.38022249935233,133.26446280991735
1,2026-04-14,LABORAL,06:00,151.0,137.62948156609195,131.71074380165288
1,2026-04-14,LABORAL,06:30,89.0,141.4559673256362,132.05785123966942
1,2026-04-14,LABORAL,07:00,130.0,143.0128215121225,128.94214876033058
1,2026-04-14,LABORAL,07:30,179.0,142.032075545267,133.67768595041323
1,2026-04-14,LABORAL,08:00,144.0,138.74337905534517,129.04166666666666
1,2026-04-14,LABORAL,08:30,88.0,133.72261223820487,131.00833333333333
1,2026-04-14,LABORAL,09:00,144.0,127.72788697679093,136.18333333333334
1,2026-04-14,LABORAL,09:30,130.0,121.56752163521818,119.07438016528926
1,2026-04-14,LABORAL,10:00,67.0,116.01972572213094,98.06611570247934
1,2026-04-14,LABORAL,10:30,141.0,111.79638452990157,94.94214876033058
1,2026-04-14,LABORAL,11:00,103.0,109.52313712773854,93.34710743801652
1,2026-04-14,LABORAL,11:30,88.0,109.70179856183609,99.75206611570248
1,2026-04-14,LABORAL,12:00,146.0,112.63116024240352,109.78512396694215
1,2026-04-14,LABORAL,12:30,143.0,118.2849173719246,129.7520661157025
1,2026-04-14,LABORAL,13:00,180.0,126.17307383609716,138.6611570247934
1,2026-04-14,LABORAL,13:30,62.0,135.2357357398077,134.1818181818182
1,2026-04-14,LABORAL,14:00,114.0,143.826765729768,149.10084033613447
1,2026-04-14,LABORAL,14:30,186.0,149.83419544727474,149.82644628099175
1,2026-04-14,LABORAL,15:00,131.0,150.95509339192233,167.51239669421489
1,2026-04-14,LABORAL,15:30,107.0,145.1011523596507,173.7
1,2026-04-14,LABORAL,16:00,136.0,130.86839359839388,141.61666666666667
1,2026-04-14,LABORAL,16:30,110.0,107.97246458582569,114.40495867768595
1,2026-04-14,LABORAL,17:00,46.0,77.5405613468236,71.56756756756756
1,2026-04-15,LABORAL,04:30,76.0,104.34456629053821,114.45454545454545
1,2026-04-15,LABORAL,05:00,81.0,108.20390374075609,116.49166666666666
1,2026-04-15,LABORAL,05:30,157.0,114.08861251723347,133.2396694214876
1,2026-04-15,LABORAL,06:00,128.0,120.1423123758369,131.67768595041323
1,2026-04-15,LABORAL,06:30,99.0,124.86260749780021,131.4297520661157
1,2026-04-15,LABORAL,07:00,131.0,127.31625784897014,128.15702479338842
1,2026-04-15,LABORAL,07:30,126.0,127.19195507907148,134.0909090909091
1,2026-04-15,LABORAL,08:00,93.0,124.71737375915376,129.83333333333334
1,2026-04-15,LABORAL,08:30,224.0,120.49515131796599,130.16666666666666
1,2026-04-15,LABORAL,09:00,124.0,115.32038280456071,136.26666666666668
1,2026-04-15,LABORAL,09:30,114.0,110.03038007086906,118.75206611570248
1,2026-04-15,LABORAL,10:00,59.0,105.4118843700669,98.05785123966942
1,2026-04-15,LABORAL,10:30,76.0,102.16136640867438,94.98347107438016
1,2026-04-15,LABORAL,11:00,95.0,100.870846320629,93.67768595041322
1,2026-04-15,LABORAL,11:30,78.0,102.00262211570251,99.14876033057851
1,2026-04-15,LABORAL,12:00,79.0,105.82432163150405,109.98347107438016
1,2026-04-15,LABORAL,12:30,102.0,112.2979452209236,129.900826446281
1,2026-04-15,LABORAL,13:00,116.0,120.94530480073968,139.01652892561984
1,2026-04-15,LABORAL,13:30,162.0,130.73719984953564,133.48760330578511
1,2026-04-15,LABORAL,14:00,119.0,140.0651199047387,148.92436974789916
1,2026-04-15,LABORAL,14:30,58.0,146.8462132523802,149.98347107438016
1,2026-04-15,LABORAL,15:00,138.0,148.78444569120177,166.95867768595042
1,2026-04-15,LABORAL,15:30,176.0,143.76922868022987,173.43333333333334
1,2026-04-15,LABORAL,16:00,89.0,130.3481275368679,141.14166666666668
1,2026-04-15,LABORAL,16:30,75.0,108.17541923736113,115.0495867768595
1,2026-04-15,LABORAL,17:00,46.0,78.32459813992199,70.92792792792793
1,2026-04-16,LABORAL,04:30,123.0,108.45075629151316,113.93388429752066
1,2026-04-16,LABORAL,05:00,49.0,112.34466248816665,115.81666666666666
1,2026-04-16,LABORAL,05:30,181.0,117.98714089608082,133.72727272727272
1,2026-04-16,LABORAL,06:00,34.0,123.70609986081102,131.01652892561984
1,2026-04-16,LABORAL,06:30,162.0,128.10611098111457,131.05785123966942
1,2026-04-16,LABORAL,07:00,96.0,130.28512724644997,128.3305785123967
1,2026-04-16,LABORAL,07:30,136.0,129.9082156341781,133.96694214876032
1,2026-04-16,LABORAL,08:00,142.0,127.15564006383858,129.65833333333333
1,2026-04-16,LABORAL,08:30,107.0,122.58917548747104,131.225
1,2026-04-16,LABORAL,09:00,115.0,116.99015944024521,135.6
1,2026-04-16,LABORAL,09:30,70.0,111.2150657876619,118.69421487603306
1,2026-04-16,LABORAL,10:00,140.0,106.09401712664116,97.48760330578513
1,2026-04-16,LABORAL,10:30,85.0,102.37278450669245,95.0
1,2026-04-16,LABORAL,11:00,40.0,100.67843634912538,93.39669421487604
1,2026-04-16,LABORAL,11:30,116.0,101.47992743940385,99.32231404958678
1,2026-04-16,LABORAL,12:00,115.0,105.02051166233693,109.50413223140495
1,2026-04-16,LABORAL,12:30,115.0,111.2168899611494,129.6198347107438
1,2026-04-16,LABORAL,13:00,108.0,119.54407839788368,138.9504132231405
1,2026-04-16,LABORAL,13:30,160.0,128.9462968156849,133.2396694214876
1,2026-04-16,LABORAL,14:00,117.0,137.8242389129624,149.21008403361344
1,2026-04-16,LABORAL,14:30,192.0,144.14240676204608,148.89256198347107
1,2026-04-16,LABORAL,15:00,145.0,145.67621651397369,166.62809917355372
1,2026-04-16,LABORAL,15:30,60.0,140.38219215527369,173.225
1,2026-04-16,LABORAL,16:00,207.0,126.83503845669046,140.55
1,2026-04-16,LABORAL,16:30,82.0,104.64399878878325,114.73553719008264
1,2026-04-17,LABORAL,04:30,136.0,108.47900976329859,114.2396694214876
1,2026-04-17,LABORAL,05:00,100.0,111.87341893480357,115.14166666666667
1,2026-04-17,LABORAL,05:30,124.0,117.65612141976649,133.89256198347107
1,2026-04-17,LABORAL,06:00,166.0,123.88158085277792,130.1900826446281
1,2026-04-17,LABORAL,06:30,144.0,128.91060922757637,131.44628099173553
1,2026-04-17,LABORAL,07:30,137.0,131.73474831744397,133.67768595041323
1,2026-04-17,LABORAL,08:00,172.0,129.28449561876678,129.74166666666667
1,2026-04-17,LABORAL,08:30,105.0,124.92750018826132,131.50833333333333
1,2026-04-17,LABORAL,09:00,180.0,119.51259499236956,135.26666666666668
1,2026-04-17,LABORAL,09:30,69.0,113.95168189401073,118.14876033057851
1,2026-04-17,LABORAL,10:00,102.0,109.09815365804386,98.2396694214876
1,2026-04-17,LABORAL,10:30,49.0,105.68432979001848,94.64462809917356
1,2026-04-17,LABORAL,11:00,148.0,104.29702038048535,93.12396694214875
1,2026-04-17,LABORAL,11:30,88.0,105.35703705037749,99.23140495867769
1,2026-04-17,LABORAL,12:00,122.0,109.07167587971679,109.37190082644628
1,2026-04-17,LABORAL,12:30,110.0,115.34748466528515,129.2396694214876
1,2026-04-17,LABORAL,13:00,153.0,123.67741587141069,138.6694214876033
1,2026-04-17,LABORAL,13:30,107.0,133.0420358148251,133.44628099173553
1,2026-04-17,LABORAL,14:00,104.0,141.87894426915744,148.89915966386553
1,2026-04-17,LABORAL,14:30,185.0,148.1710606357613,149.19834710743802
1,2026-04-17,LABORAL,15:00,65.0,149.68134970470575,166.28099173553719
1,2026-04-17,LABORAL,15:30,163.0,144.32341699422943,172.26666666666668
1,2026-04-17,LABORAL,16:00,177.0,130.61391729597128,140.675
1,2026-04-17,LABORAL,16:30,140.0,108.11629430076508,114.96694214876032
1,2026-04-17,LABORAL,17:00,72.0,77.76767980140994,69.99090909090908
1,2026-04-18,SABADO,04:30,63.0,87.37334663624371,75.0
1,2026-04-18,SABADO,05:00,54.0,89.43743932439405,58.12
1,2026-04-18,SABADO,05:30,103.0,93.51764906930028,93.38461538461539
1,2026-04-18,SABADO,06:00,77.0,97.84849052243514,90.26923076923077
1,2026-04-18,SABADO,06:30,86.0,100.92774618239739,108.65384615384616
1,2026-04-18,SABADO,07:00,90.0,101.75847432904722,102.8076923076923
1,2026-04-18,SABADO,07:30,83.0,99.9411471547208,104.34615384615384
1,2026-04-18,SABADO,08:00,103.0,95.62979801311545,100.1923076923077
1,2026-04-18,SABADO,08:30,91.0,89.39553954307077,92.38461538461539
1,2026-04-18,SABADO,09:00,95.0,82.05326559078388,96.5
1,2026-04-18,SABADO,09:30,96.0,74.50160949046413,87.61538461538461
1,2026-04-18,SABADO,10:00,90.0,67.60652721065803,77.03846153846153
1,2026-04-18,SABADO,10:30,84.0,62.13325767423897,90.33333333333333
1,2026-04-18,SABADO,11:00,95.0,58.709158277696574,87.42307692307692
1,2026-04-18,SABADO,11:30,50.0,57.78864576035777,83.48
1,2026-04-18,SABADO,12:00,97.0,59.59485247218976,87.1923076923077
1,2026-04-18,SABADO,12:30,58.0,64.02924308793416,92.30434782608695
1,2026-04-18,SABADO,13:00,72.0,70.56431795380009,66.73913043478261
1,2026-04-18,SABADO,13:30,76.0,78.15687676090866,70.0
1,2026-04-18,SABADO,14:00,39.0,85.23129660515404,82.29166666666667
1,2026-04-18,SABADO,14:30,40.0,89.7778142703516,73.36
1,2026-04-18,SABADO,15:00,61.0,89.58865060504259,68.16666666666667
1,2026-04-18,SABADO,15:30,44.0,82.61928923886384,58.43478260869565
1,2026-04-18,SABADO,16:00,39.0,67.42230459369625,58.73913043478261
1,2026-04-18,SABADO,17:00,47.0,11.952092485536085,41.5
1,2026-04-18,SABADO,17:30,23.0,-25.105271156632952,34.666666666666664
1,2026-04-19,DOMINGO,06:30,14.0,37.03258264935717,32.0
1,2026-04-19,DOMINGO,07:30,25.0,39.80625658738372,31.125
1,2026-04-19,DOMINGO,08:00,57.0,37.69244153148662,39.142857142857146
1,2026-04-19,DOMINGO,08:30,30.0,33.794744497835886,44.65217391304348
1,2026-04-19,DOMINGO,09:00,19.0,28.869716514289223,36.470588235294116
1,2026-04-19,DOMINGO,10:00,26.0,19.40276286610036,34.26086956521739
1,2026-04-19,DOMINGO,11:00,34.0,15.793439851554695,36.333333333333336
1,2026-04-19,DOMINGO,12:00,40.0,22.475784465054545,36.166666666666664
1,2026-04-19,DOMINGO,12:30,15.0,29.982140335000352,37.85
1,2026-04-19,DOMINGO,13:00,16.0,39.65470149865472,33.642857142857146
1,2026-04-19,DOMINGO,14:00,27.0,60.65664609260017,37.22222222222222
1,2026-04-19,DOMINGO,14:30,60.0,68.39660491901357,37.06666666666667
1,2026-04-19,DOMINGO,16:00,35.0,56.234048380025875,33.8
1,2026-04-20,LABORAL,04:30,86.0,86.38815049788586,114.20661157024793
1,2026-04-20,LABORAL,05:00,119.0,92.04354036893652,114.875
1,2026-04-20,LABORAL,05:30,195.0,99.80910184995007,133.41322314049586
1,2026-04-20,LABORAL,06:00,185.0,107.80955414365438,130.20661157024793
1,2026-04-20,LABORAL,06:30,126.0,114.49004821784436,131.76859504132233
1,2026-04-20,LABORAL,07:00,74.0,118.85066427521052,128.26666666666668
1,2026-04-20,LABORAL,07:30,137.0,120.51999483591236,133.63636363636363
1,2026-04-20,LABORAL,08:00,149.0,119.68871308002323,130.0
1,2026-04-20,LABORAL,08:30,134.0,116.95361666581508,131.075
1,2026-04-20,LABORAL,09:00,128.0,113.13322082204613,135.89166666666668
1,2026-04-20,LABORAL,09:30,121.0,109.10706104609204,118.08264462809917
1,2026-04-20,LABORAL,10:00,106.0,105.7076796117616,98.20661157024793
1,2026-04-20,LABORAL,10:30,72.0,103.66589507896228,94.26446280991736
1,2026-04-20,LABORAL,11:00,21.0,103.58644224020493,93.4297520661157
1,2026-04-20,LABORAL,11:30,108.0,105.9203548166501,99.05785123966942
1,2026-04-20,LABORAL,12:00,120.0,110.90597025700298,108.1900826446281
1,2026-04-20,LABORAL,12:30,89.0,118.47006853143112,129.73553719008265
1,2026-04-20,LABORAL,13:00,143.0,128.10744652838844,138.31404958677686
1,2026-04-20,LABORAL,13:30,97.0,138.7814635929994,133.6198347107438
1,2026-04-20,LABORAL,14:00,172.0,148.90030800370005,148.2436974789916
1,2026-04-20,LABORAL,14:30,206.0,156.41771266528417,149.64462809917356
1,2026-04-20,LABORAL,15:00,59.0,159.08175259811992,165.13223140495867
1,2026-04-20,LABORAL,15:30,226.0,154.81634232132262,172.44166666666666
1,2026-04-20,LABORAL,16:00,126.0,142.1771463746052,140.925
1,2026-04-20,LABORAL,16:30,80.0,120.78912285184148,115.35537190082644
1,2026-04-20,LABORAL,17:00,71.0,91.65801458731227,69.68181818181819
1,2026-04-21,LABORAL,04:30,79.0,121.71808603071213,113.76859504132231
1,2026-04-21,LABORAL,05:00,165.0,125.19738702730388,114.625
1,2026-04-21,LABORAL,05:30,168.0,130.53003169026755,134.0495867768595
1,2026-04-21,LABORAL,06:00,53.0,135.95225183017268,130.36363636363637
1,2026-04-21,LABORAL,06:30,183.0,140.0123063820752,131.8181818181818
1,2026-04-21,LABORAL,07:00,77.0,141.78601543464632,127.675
1,2026-04-21,LABORAL,07:30,164.0,140.9417619080327,133.28925619834712
1,2026-04-21,LABORAL,08:00,191.0,137.67637001300648,130.43333333333334
1,2026-04-21,LABORAL,08:30,88.0,132.56999002916626,131.56666666666666
1,2026-04-21,LABORAL,09:00,118.0,126.41671151891418,135.13333333333333
1,2026-04-21,LABORAL,09:30,144.0,120.07807536389402,118.46280991735537
1,2026-04-21,LABORAL,10:00,27.0,114.38426869383002,97.95867768595042
1,2026-04-21,LABORAL,10:30,96.0,110.08133754022502,94.11570247933884
1,2026-04-21,LABORAL,11:00,177.0,107.80168189631138,92.92561983471074
1,2026-04-21,LABORAL,11:30,48.0,108.026609508968,98.53719008264463
1,2026-04-21,LABORAL,12:00,74.0,111.01660106416499,108.62809917355372
1,2026-04-21,LABORAL,12:30,130.0,116.7047066294199,129.5206611570248
1,2026-04-21,LABORAL,13:00,107.0,124.57417504580654,138.15702479338842
1,2026-04-21,LABORAL,13:30,67.0,133.56365806659213,132.86776859504133
1,2026-04-21,LABORAL,14:00,222.0,142.05328268022146,148.67226890756302
1,2026-04-21,LABORAL,14:30,146.0,147.97702949924252,150.3801652892562
1,2026-04-21,LABORAL,15:00,129.0,149.08093042415058,164.6198347107438
1,2026-04-21,LABORAL,15:30,169.0,143.30804683199227,172.56666666666666
1,2026-04-21,LABORAL,16:00,214.0,129.24994866836718,141.05833333333334
1,2026-04-21,LABORAL,16:30,38.0,106.57233667522269,114.69421487603306
1,2026-04-21,LABORAL,17:00,44.0,76.31002379354418,70.00909090909092
1,2026-04-21,LABORAL,17:30,47.0,40.93976405493491,36.0
1,2026-04-22,LABORAL,04:30,123.0,101.92372382189556,113.33884297520662
1,2026-04-22,LABORAL,05:00,112.0,105.87979714352427,115.05833333333334
1,2026-04-22,LABORAL,05:30,144.0,111.87150461170492,133.63636363636363
1,2026-04-22,LABORAL,06:00,115.0,118.0647240793678,129.28099173553719
1,2026-04-22,LABORAL,06:30,123.0,122.95139697625129,132.11570247933884
1,2026-04-22,LABORAL,07:00,147.0,125.57068179927558,127.08333333333333
1,2026-04-22,LABORAL,07:30,93.0,125.57386573123117,133.63636363636363
1,2026-04-22,LABORAL,08:00,169.0,123.15565984523231,130.55
1,2026-04-22,LABORAL,08:30,96.0,118.90213633618754,131.18333333333334
1,2026-04-22,LABORAL,09:00,92.0,113.61440298766072,134.83333333333334
1,2026-04-22,LABORAL,09:30,161.0,108.15713642298063,118.42148760330579
1,2026-04-22,LABORAL,10:00,63.0,103.3578030408768,97.43801652892562
1,2026-04-22,LABORAL,10:30,89.0,99.9548587631844,93.83471074380165
1,2026-04-22,LABORAL,11:00,69.0,98.57120952245555,93.71900826446281
1,2026-04-22,LABORAL,11:30,129.0,99.680204478788,98.04132231404958
1,2026-04-22,LABORAL,12:00,76.0,103.53833472824675,108.39669421487604
1,2026-04-22,LABORAL,12:30,122.0,110.0791067033229,129.47107438016528
1,2026-04-22,LABORAL,13:00,211.0,118.78908032876717,137.6694214876033
1,2026-04-22,LABORAL,13:30,107.0,128.61016405781285,132.12396694214877
1,2026-04-22,LABORAL,15:00,51.0,146.55145012526114,164.4297520661157
1,2026-04-22,LABORAL,15:30,202.0,141.54273621270784,172.09166666666667
1,2026-04-22,LABORAL,16:00,111.0,128.2221610097667,141.38333333333333
1,2026-04-22,LABORAL,16:30,127.0,106.2674346154306,113.92561983471074
1,2026-04-22,LABORAL,17:00,87.0,76.74149372881173,70.07272727272728
1,2026-04-23,LABORAL,04:30,122.0,107.25002118522019,113.1900826446281
1,2026-04-23,LABORAL,05:00,118.0,111.0723054355249,114.95833333333333
1,2026-04-23,LABORAL,05:30,133.0,116.79807232999264,133.84297520661158
1,2026-04-23,LABORAL,06:00,124.0,122.66600685280775,128.8099173553719
1,2026-04-23,LABORAL,06:30,82.0,127.21109234561271,132.3305785123967
1,2026-04-23,LABORAL,07:00,124.0,129.4884312288646,127.06666666666666
1,2026-04-23,LABORAL,07:30,159.0,129.147289093344,133.65289256198346
1,2026-04-23,LABORAL,08:00,124.0,126.37389596701931,130.86666666666667
1,2026-04-23,LABORAL,08:30,117.0,121.74915222825715,130.45
1,2026-04-23,LABORAL,09:00,100.0,116.07740357230558,134.45833333333334
1,2026-04-23,LABORAL,09:30,55.0,110.23441964993194,118.77685950413223
1,2026-04-23,LABORAL,10:00,96.0,105.06149308013772,97.42148760330579
1,2026-04-23,LABORAL,10:30,102.0,101.30660186706163,93.72727272727273
1,2026-04-23,LABORAL,11:00,81.0,99.59215594814015,93.77685950413223
1,2026-04-23,LABORAL,11:30,92.0,100.37929025329653,98.79338842975207
1,2026-04-23,LABORAL,12:00,128.0,103.90407364163062,107.97520661157024
1,2026-04-23,LABORAL,12:30,51.0,110.0793423889978,129.55371900826447
1,2026-04-23,LABORAL,13:00,108.0,118.38059630453822,138.05785123966942
1,2026-04-23,LABORAL,13:30,94.0,127.75646367673977,131.98347107438016
1,2026-04-23,LABORAL,14:00,106.0,136.6148860543389,148.6949152542373
1,2026-04-23,LABORAL,14:30,40.0,142.9297133017082,150.09166666666667
1,2026-04-23,LABORAL,15:00,85.0,144.48819894856527,163.32231404958677
1,2026-04-23,LABORAL,16:30,38.0,103.89390288417212,114.1900826446281
1,2026-04-24,LABORAL,04:30,133.0,105.93892650243485,113.0
1,2026-04-24,LABORAL,05:00,111.0,109.84754989642033,114.875
1,2026-04-24,LABORAL,05:30,131.0,115.89694539628803,133.96694214876032
1,2026-04-24,LABORAL,06:00,86.0,122.2205148804166,128.74380165289256
1,2026-04-24,LABORAL,06:30,152.0,127.25683265300569,131.59504132231405
1,2026-04-24,LABORAL,07:00,119.0,129.99314147917124,126.94166666666666
1,2026-04-24,LABORAL,07:30,136.0,130.04814071748027,133.7520661157025
1,2026-04-24,LABORAL,08:00,143.0,127.61184509232478,131.08333333333334
1,2026-04-24,LABORAL,08:30,121.0,123.29109479307911,130.20833333333334
1,2026-04-24,LABORAL,09:00,82.0,117.92160916497033,134.16666666666666
1,2026-04-24,LABORAL,09:30,82.0,112.40027360765487,118.67768595041322
1,2026-04-24,LABORAL,10:00,109.0,107.56933901522434,97.0
1,2026-04-24,LABORAL,10:30,97.0,104.15612741225092,94.11570247933884
1,2026-04-24,LABORAL,11:00,122.0,102.74764028427523,93.85950413223141
1,2026-04-24,LABORAL,11:30,78.0,103.76729409737987,98.60330578512396
1,2026-04-24,LABORAL,12:00,117.0,107.42471971640065,108.01652892561984
1,2026-04-24,LABORAL,12:30,94.0,113.627605971631,129.0
1,2026-04-24,LABORAL,13:00,82.0,121.8704698119416,137.5206611570248
1,2026-04-24,LABORAL,13:30,172.0,131.1395883196676,131.52892561983472
1,2026-04-24,LABORAL,14:00,128.0,139.8866882411363,148.48305084745763
1,2026-04-24,LABORAL,14:30,160.0,146.1198635399498,149.10833333333332
1,2026-04-24,LABORAL,15:00,204.0,147.63723597185464,162.28099173553719
1,2026-04-24,LABORAL,15:30,124.0,142.3916429306855,172.8403361344538
1,2026-04-24,LABORAL,16:00,141.0,128.93262962164442,139.61344537815125
1,2026-04-24,LABORAL,16:30,93.0,106.83723100481077,113.70247933884298
1,2026-04-25,SABADO,04:30,47.0,84.56019450741775,73.04
1,2026-04-25,SABADO,05:00,105.0,87.29589955389187,58.24
1,2026-04-25,SABADO,05:30,87.0,91.66190564861866,93.34615384615384
1,2026-04-25,SABADO,06:00,107.0,96.01768759654887,87.96153846153847
1,2026-04-25,SABADO,06:30,122.0,98.9823078414228,108.5
1,2026-04-25,SABADO,07:00,115.0,99.65829917635575,101.92307692307692
1,2026-04-25,SABADO,07:30,34.0,97.71395951915633,104.61538461538461
1,2026-04-25,SABADO,08:00,124.0,93.3378766019832,97.84615384615384
1,2026-04-25,SABADO,08:30,111.0,87.1072329733315,93.23076923076923
1,2026-04-25,SABADO,09:00,86.0,79.8229222044651,95.26923076923077
1,2026-04-25,SABADO,09:30,43.0,72.3586985030066,88.57692307692308
1,2026-04-25,SABADO,10:00,99.0,65.55257445134679,75.5
1,2026-04-25,SABADO,10:30,113.0,60.144190658946854,90.41666666666667
1,2026-04-25,SABADO,11:00,50.0,56.74075971838872,88.11538461538461
1,2026-04-25,SABADO,11:30,44.0,55.783684779378,81.12
1,2026-04-25,SABADO,12:00,77.0,57.49151427404448,89.07692307692308
1,2026-04-25,SABADO,12:30,74.0,61.771125078434046,91.21739130434783
1,2026-04-25,SABADO,13:00,60.0,68.11212573246354,67.30434782608695
1,2026-04-25,SABADO,13:30,81.0,75.5010028503315,68.56
1,2026-04-25,SABADO,14:00,36.0,82.4030294917454,80.04166666666667
1,2026-04-25,SABADO,14:30,96.0,86.85560146017497,73.08
1,2026-04-25,SABADO,15:00,28.0,86.69529396266148,67.41666666666667
1,2026-04-25,SABADO,15:30,37.0,79.90669161372938,59.0
1,2026-04-25,SABADO,16:00,18.0,65.04256557910142,55.34782608695652
1,2026-04-25,SABADO,16:30,84.0,41.63314437330059,73.5
1,2026-04-25,SABADO,17:30,26.0,-26.203862835168607,33.0
1,2026-04-26,DOMINGO,07:30,25.0,38.24583115560287,30.083333333333332
1,2026-04-26,DOMINGO,08:00,27.0,36.12772244426162,39.61904761904762
1,2026-04-26,DOMINGO,08:30,12.0,32.25499959230588,44.69565217391305
1,2026-04-26,DOMINGO,10:00,55.0,17.997054010913402,34.56521739130435
1,2026-04-26,DOMINGO,11:00,20.0,14.420857282776751,36.21052631578947
1,2026-04-26,DOMINGO,12:30,30.0,28.497394269600953,37.9
1,2026-04-26,DOMINGO,13:00,32.0,38.08125613671791,33.07142857142857
1,2026-04-26,DOMINGO,13:30,24.0,48.72523433094697,29.72222222222222
1,2026-04-26,DOMINGO,15:00,27.0,69.5053920890801,41.88235294117647
1,2026-04-27,LABORAL,04:30,69.0,85.0078162702734,112.90082644628099
1,2026-04-27,LABORAL,05:00,137.0,90.62982197618648,114.79166666666667
1,2026-04-27,LABORAL,05:30,124.0,98.4071474521534,133.900826446281
1,2026-04-27,LABORAL,06:00,129.0,106.46298334297873,128.28099173553719
1,2026-04-27,LABORAL,06:30,144.0,113.21630136658203,132.0082644628099
1,2026-04-27,LABORAL,07:00,126.0,117.6329183824187,127.075
1,2026-04-27,LABORAL,07:30,88.0,119.31525030722561,133.51239669421489
1,2026-04-27,LABORAL,08:00,78.0,118.44658875824476,131.15
1,2026-04-27,LABORAL,08:30,118.0,115.63742491385455,130.00833333333333
1,2026-04-27,LABORAL,09:00,104.0,111.73479640250642,133.95
1,2026-04-27,LABORAL,09:30,177.0,107.64948733883314,118.24793388429752
1,2026-04-27,LABORAL,10:00,46.0,104.234576219524,96.93388429752066
1,2026-04-27,LABORAL,10:30,162.0,102.22084828263662,94.31404958677686
1,2026-04-27,LABORAL,11:00,27.0,102.18991274965944,94.61157024793388
1,2026-04-27,LABORAL,11:30,110.0,104.5527761397044,98.3305785123967
1,2026-04-27,LABORAL,12:00,86.0,109.5042549269611,108.14049586776859
1,2026-04-27,LABORAL,12:30,72.0,116.94073253775,128.86776859504133
1,2026-04-27,LABORAL,13:00,126.0,126.35418245886507,137.21487603305786
1,2026-04-27,LABORAL,13:30,148.0,136.73983715868508,131.5702479338843
1,2026-04-27,LABORAL,14:00,97.0,146.5689240910887,148.04237288135593
1,2026-04-27,LABORAL,14:30,211.0,153.87484035296922,148.61666666666667
1,2026-04-27,LABORAL,15:00,168.0,156.47935188997062,162.51239669421489
1,2026-04-27,LABORAL,15:30,160.0,152.34909921495722,172.16806722689077
1,2026-04-27,LABORAL,16:00,125.0,140.03108920148603,140.2941176470588
1,2026-04-27,LABORAL,16:30,84.0,119.08080078351722,113.81818181818181
1,2026-04-27,LABORAL,17:00,56.0,90.37925048123046,70.63888888888889
1,2026-04-27,LABORAL,18:00,25.0,20.266479311836683,26.0
1,2026-04-28,LABORAL,04:30,133.0,118.5747249310687,112.40495867768595
1,2026-04-28,LABORAL,05:00,129.0,122.3276519366523,115.15833333333333
1,2026-04-28,LABORAL,05:30,182.0,127.89494888611786,133.64462809917356
1,2026-04-28,LABORAL,06:00,156.0,133.42723314552578,128.11570247933884
1,2026-04-28,LABORAL,06:30,48.0,137.46323455633774,132.44628099173553
1,2026-04-28,LABORAL,07:00,148.0,139.1249243759388,127.61666666666666
1,2026-04-28,LABORAL,07:30,118.0,138.15211130244688,133.10743801652893
1,2026-04-28,LABORAL,08:00,113.0,134.80746466536704,130.475
1,2026-04-28,LABORAL,08:30,127.0,129.70854729600032,130.0
1,2026-04-28,LABORAL,09:00,202.0,123.64878444502172,133.675
1,2026-04-28,LABORAL,09:30,142.0,117.45538665363179,118.63636363636364
1,2026-04-28,LABORAL,10:00,43.0,111.90567844192302,96.47107438016529
1,2026-04-28,LABORAL,10:30,116.0,107.6939994437884,95.07438016528926
1,2026-04-28,LABORAL,11:00,82.0,105.41951079236621,93.90082644628099
1,2026-04-28,LABORAL,11:30,117.0,105.55816297146322,98.3305785123967
1,2026-04-28,LABORAL,12:00,88.0,108.39201156664167,108.00826446280992
1,2026-04-28,LABORAL,12:30,199.0,113.89253062998439,128.6198347107438
1,2026-04-28,LABORAL,13:00,90.0,121.58342483268399,136.72727272727272
1,2026-04-28,LABORAL,13:30,76.0,130.43233091690814,131.94214876033058
1,2026-04-28,LABORAL,14:00,148.0,138.83035035483493,146.79661016949152
1,2026-04-28,LABORAL,14:30,160.0,144.70814363073313,149.04166666666666
1,2026-04-28,LABORAL,15:00,159.0,145.80777438942212,163.01652892561984
1,2026-04-28,LABORAL,15:30,217.0,140.08716120839017,171.9327731092437
1,2026-04-28,LABORAL,16:00,103.0,126.19000615633114,140.27731092436974
1,2026-04-28,LABORAL,16:30,127.0,103.88121019461968,113.47107438016529
1,2026-04-28,LABORAL,17:30,49.0,40.195477352304,36.333333333333336
1,2026-04-29,LABORAL,04:30,73.0,100.32433802434029,112.10743801652893
1,2026-04-29,LABORAL,05:00,128.0,105.01852813113706,115.45833333333333
1,2026-04-29,LABORAL,05:30,132.0,111.29962121722996,133.91735537190084
1,2026-04-29,LABORAL,06:00,127.0,117.45620226544074,128.0909090909091
1,2026-04-29,LABORAL,06:30,129.0,122.12887316672695,131.9504132231405
1,2026-04-29,LABORAL,07:00,108.0,124.49598785553127,127.58333333333333
1,2026-04-29,LABORAL,07:30,147.0,124.31144071555583,132.77685950413223
1,2026-04-29,LABORAL,08:00,134.0,121.82201563728441,130.10833333333332
1,2026-04-29,LABORAL,08:30,112.0,117.6156905581482,129.91666666666666
1,2026-04-29,LABORAL,09:00,79.0,112.45749797163398,133.6
1,2026-04-29,LABORAL,09:30,138.0,107.15697125654034,119.0909090909091
1,2026-04-29,LABORAL,10:00,115.0,102.48693765765341,96.05785123966942
1,2026-04-29,LABORAL,10:30,86.0,99.14664071553821,95.14049586776859
1,2026-04-29,LABORAL,11:00,109.0,97.7422978886256,93.7603305785124
1,2026-04-29,LABORAL,11:30,78.0,98.75197448906435,98.19834710743801
1,2026-04-29,LABORAL,12:00,65.0,102.4511349589012,108.00826446280992
1,2026-04-29,LABORAL,12:30,127.0,108.79715157237767,129.52892561983472
1,2026-04-29,LABORAL,13:00,125.0,117.29780483757351,136.63636363636363
1,2026-04-29,LABORAL,13:30,110.0,126.91075809342746,131.44628099173553
1,2026-04-29,LABORAL,14:00,179.0,136.02941678684374,147.22033898305085
1,2026-04-29,LABORAL,14:30,156.0,142.60047942607594,148.75
1,2026-04-29,LABORAL,15:00,220.0,144.39032014009246,163.07438016528926
1,2026-04-29,LABORAL,15:30,140.0,139.37729148639045,171.52941176470588
1,2026-04-29,LABORAL,16:00,138.0,126.20556381813424,140.74789915966386
1,2026-04-29,LABORAL,16:30,57.0,104.60522826764085,113.28099173553719
1,2026-04-29,LABORAL,17:00,76.0,75.67329671352074,70.32407407407408
1,2026-04-30,LABORAL,04:30,80.0,103.63036015809502,111.46280991735537
1,2026-04-30,LABORAL,05:00,114.0,108.54476109862253,115.325
1,2026-04-30,LABORAL,05:30,161.0,114.65282756724996,133.95867768595042
1,2026-04-30,LABORAL,06:00,143.0,120.44482049302297,127.86776859504133
1,2026-04-30,LABORAL,06:30,141.0,124.71069167737798,132.23140495867767
1,2026-04-30,LABORAL,07:00,80.0,126.70956301856765,127.65833333333333
1,2026-04-30,LABORAL,07:30,164.0,126.21174766841224,133.25619834710744
1,2026-04-30,LABORAL,08:00,122.0,123.4360213725424,130.33333333333334
1,2026-04-30,LABORAL,08:30,217.0,118.9253030856159,129.58333333333334
1,2026-04-30,LABORAL,09:00,67.0,113.40823069057103,133.05
1,2026-04-30,LABORAL,09:30,178.0,107.68326345712569,119.69421487603306
1,2026-04-30,LABORAL,10:00,66.0,102.54131336677803,96.32231404958678
1,2026-04-30,LABORAL,10:30,86.0,98.7205230933219,94.96694214876032
1,2026-04-30,LABORAL,11:00,100.0,96.87075755455581,94.05785123966942
1,2026-04-30,LABORAL,11:30,125.0,97.50131093215269,97.93388429752066
1,2026-04-30,LABORAL,12:30,235.0,106.98938432807988,129.2479338842975
1,2026-04-30,LABORAL,13:00,90.0,115.2564985059448,136.54545454545453
1,2026-04-30,LABORAL,13:30,228.0,124.6156128292937,131.67768595041323
1,2026-04-30,LABORAL,14:00,104.0,133.4378383519611,147.45762711864407
1,2026-04-30,LABORAL,14:30,177.0,139.67537415717567,148.6
1,2026-04-30,LABORAL,15:00,194.0,141.12886598915364,163.16528925619835
1,2026-04-30,LABORAL,15:30,161.0,135.82746704624455,171.1596638655462
1,2026-04-30,LABORAL,16:00,52.0,122.45933603730694,141.41176470588235
1,2026-04-30,LABORAL,16:30,47.0,100.7635223030344,112.37190082644628
1,2026-04-30,LABORAL,17:00,105.0,71.78667658003931,70.37962962962963
1,2026-05-01,FESTIVO,07:00,15.0,36.79509798962407,65.0
1,2026-05-01,FESTIVO,07:30,56.0,36.60087603200441,23.0
1,2026-05-01,FESTIVO,08:00,21.0,34.09557075628548,17.0
1,2026-05-01,FESTIVO,08:30,24.0,29.878033261157107,27.0
1,2026-05-01,FESTIVO,09:00,52.0,24.708285633293386,18.666666666666668
1,2026-05-01,FESTIVO,09:30,32.0,19.381274503703096,20.5
1,2026-05-01,FESTIVO,10:00,21.0,14.654154912422229,21.0
1,2026-05-01,FESTIVO,10:30,73.0,11.216805324203207,17.5
1,2026-05-01,FESTIVO,11:00,32.0,9.676069241135039,17.5
1,2026-05-01,FESTIVO,11:30,47.0,10.519468860107565,28.0
1,2026-05-01,FESTIVO,12:00,23.0,14.035412335918721,18.5
1,2026-05-01,FESTIVO,12:30,27.0,20.190382912617814,30.0
1,2026-05-01,FESTIVO,13:30,37.0,37.88187283769885,41.0
1,2026-05-01,FESTIVO,14:00,33.0,46.73293319658838,23.0
1,2026-05-01,FESTIVO,14:30,37.0,52.96699378632749,27.5
1,2026-05-01,FESTIVO,15:00,64.0,54.336972597769005,27.0
1,2026-05-01,FESTIVO,16:00,30.0,35.1269766871041,107.00816231343283
1,2026-05-02,SABADO,04:30,56.0,84.4379033764396,72.08
1,2026-05-02,SABADO,05:00,97.0,87.51841949539302,58.76
1,2026-05-02,SABADO,05:30,65.0,92.0935500054145,92.11538461538461
1,2026-05-02,SABADO,06:00,83.0,96.53522802986448,88.5
1,2026-05-02,SABADO,06:30,72.0,99.49968288946629,109.15384615384616
1,2026-05-02,SABADO,07:00,105.0,100.13511144376434,101.11538461538461
1,2026-05-02,SABADO,07:30,39.0,98.14945580931901,102.03846153846153
1,2026-05-02,SABADO,08:00,109.0,93.75556302337998,99.3076923076923
1,2026-05-02,SABADO,08:30,111.0,87.53683094609048,95.1923076923077
1,2026-05-02,SABADO,09:00,164.0,80.28580918608502,95.03846153846153
1,2026-05-02,SABADO,09:30,32.0,72.86069572634196,87.34615384615384
1,2026-05-02,SABADO,10:00,29.0,66.0848016071791,76.6923076923077
1,2026-05-02,SABADO,10:30,115.0,60.6897534832916,91.29166666666667
1,2026-05-02,SABADO,11:00,86.0,57.28319699231869,84.46153846153847
1,2026-05-02,SABADO,11:30,76.0,56.31290869365468,80.48
1,2026-05-02,SABADO,12:00,74.0,58.00442359188594,86.96153846153847
1,2026-05-02,SABADO,12:30,86.0,62.26661611335385,91.82608695652173
1,2026-05-02,SABADO,13:00,39.0,68.58297461280596,68.0
1,2026-05-02,SABADO,13:30,72.0,75.92706341564596,70.08
1,2026-05-02,SABADO,14:00,60.0,82.75062484381496,76.54166666666667
1,2026-05-02,SABADO,14:30,79.0,87.08658720105593,75.24
1,2026-05-02,SABADO,15:00,51.0,86.7863162193453,64.45833333333333
1,2026-05-02,SABADO,15:30,80.0,79.87545023215368,58.083333333333336
1,2026-05-02,SABADO,16:00,29.0,64.9745277412956,54.21739130434783
1,2026-05-02,SABADO,16:30,62.0,41.70023933293352,71.83333333333333
1,2026-05-02,SABADO,17:00,29.0,10.950357814728406,42.785714285714285
1,2026-05-04,LABORAL,04:30,120.0,84.01280286377992,111.15
1,2026-05-04,LABORAL,05:00,116.0,91.68937775398832,115.24369747899159
1,2026-05-04,LABORAL,05:30,137.0,100.12877470037594,133.93333333333334
1,2026-05-04,LABORAL,06:00,136.0,107.99098505928242,128.05
1,2026-05-04,LABORAL,06:30,85.0,114.2087376301699,132.45833333333334
1,2026-05-04,LABORAL,07:00,53.0,118.13711976300877,127.47058823529412
1,2026-05-04,LABORAL,07:30,113.0,119.59052975415909,133.34166666666667
1,2026-05-04,LABORAL,08:00,123.0,118.7878463064836,130.32773109243698
1,2026-05-04,LABORAL,08:30,113.0,116.2442887987914,129.76470588235293
1,2026-05-04,LABORAL,09:00,195.0,112.65147654339965,132.72268907563026
1,2026-05-04,LABORAL,09:30,88.0,108.7768000181294,119.65
1,2026-05-04,LABORAL,10:00,139.0,105.39449414164218,96.25833333333334
1,2026-05-04,LABORAL,10:30,87.0,103.24109549027119,94.55833333333334
1,2026-05-04,LABORAL,11:00,106.0,102.97451450794904,94.28333333333333
1,2026-05-04,LABORAL,11:30,111.0,105.1136469127963,98.00833333333334
1,2026-05-04,LABORAL,12:00,110.0,109.94529418443719,107.88235294117646
1,2026-05-04,LABORAL,12:30,176.0,117.40394996179964,130.13333333333333
1,2026-05-04,LABORAL,13:00,47.0,126.95124401129343,135.18333333333334
1,2026-05-04,LABORAL,13:30,188.0,137.49769971212365,132.04166666666666
1,2026-05-04,LABORAL,14:00,106.0,147.41323036092066,146.89743589743588
1,2026-05-04,LABORAL,14:30,176.0,154.6610263101437,148.890756302521
1,2026-05-04,LABORAL,15:00,222.0,157.0633024602438,162.8
1,2026-05-04,LABORAL,15:30,141.0,152.67251493318838,171.48305084745763
1,2026-05-04,LABORAL,16:00,150.0,140.1871219904799,140.94915254237287
1,2026-05-04,LABORAL,16:30,90.0,119.32669239451687,110.34166666666667
1,2026-05-04,LABORAL,17:00,68.0,91.07527202325673,71.26168224299066
1,2026-05-04,LABORAL,17:30,25.0,57.71830455144871,36.45652173913044
1,2026-05-05,LABORAL,04:30,132.0,119.11411665670087,111.22314049586777
1,2026-05-05,LABORAL,05:00,163.0,123.61660902111703,115.25
1,2026-05-05,LABORAL,05:30,95.0,129.31478561448762,133.95867768595042
1,2026-05-05,LABORAL,06:00,96.0,134.66604958546762,128.11570247933884
1,2026-05-05,LABORAL,06:30,173.0,138.46112149501243,132.06611570247935
1,2026-05-05,LABORAL,07:00,61.0,139.980825651866,126.85
1,2026-05-05,LABORAL,07:30,154.0,139.02190362850064,133.17355371900825
1,2026-05-05,LABORAL,08:00,123.0,135.82002248597556,130.26666666666668
1,2026-05-05,LABORAL,08:30,229.0,130.91738475820264,129.625
1,2026-05-05,LABORAL,09:00,115.0,125.02432799990261,133.24166666666667
1,2026-05-05,LABORAL,09:30,154.0,118.91070733107131,119.38842975206612
1,2026-05-05,LABORAL,10:00,101.0,113.3399134457606,96.61157024793388
1,2026-05-05,LABORAL,11:00,132.0,106.6488299091298,94.3801652892562
1,2026-05-05,LABORAL,11:30,94.0,106.71371463811681,98.11570247933884
1,2026-05-05,LABORAL,12:00,172.0,109.54567997702458,107.9
1,2026-05-05,LABORAL,12:30,112.0,115.1158817980074,130.51239669421489
1,2026-05-05,LABORAL,13:00,90.0,122.91452753548879,134.45454545454547
1,2026-05-05,LABORAL,13:30,173.0,131.85739441258727,132.50413223140495
1,2026-05-05,LABORAL,14:00,115.0,140.2879377760795,146.55084745762713
1,2026-05-05,LABORAL,14:30,140.0,146.1149486270469,149.11666666666667
1,2026-05-05,LABORAL,15:00,181.0,147.09601585672937,163.28925619834712
1,2026-05-05,LABORAL,15:30,199.0,141.23757954152364,171.2268907563025
1,2026-05-05,LABORAL,16:00,156.0,127.2434849603145,141.0252100840336
1,2026-05-05,LABORAL,16:30,153.0,104.9169679713034,110.17355371900827
1,2026-05-05,LABORAL,17:00,36.0,75.41502882701589,71.23148148148148
1,2026-05-06,LABORAL,04:30,124.0,101.89708056267814,111.28099173553719
1,2026-05-06,LABORAL,05:00,91.0,106.38847868942402,115.51666666666667
1,2026-05-06,LABORAL,05:30,155.0,112.62532336285356,133.1900826446281
1,2026-05-06,LABORAL,06:00,107.0,118.79029798313074,127.35537190082644
1,2026-05-06,LABORAL,06:30,123.0,123.48172146152942,132.28925619834712
1,2026-05-06,LABORAL,07:00,96.0,125.88098935367152,125.85
1,2026-05-06,LABORAL,07:30,173.0,125.7635138549817,132.6198347107438
1,2026-05-06,LABORAL,08:00,123.0,123.39069331222579,129.91666666666666
1,2026-05-06,LABORAL,08:30,150.0,119.34247805446799,130.28333333333333
1,2026-05-06,LABORAL,09:00,92.0,114.35121101707277,133.41666666666666
1,2026-05-06,LABORAL,09:30,30.0,109.17985931906429,119.49586776859505
1,2026-05-06,LABORAL,10:00,32.0,104.55913814193391,96.43801652892562
1,2026-05-06,LABORAL,10:30,57.0,101.16884660682089,94.24166666666666
1,2026-05-06,LABORAL,11:00,79.0,99.62907946679019,94.24793388429752
1,2026-05-06,LABORAL,11:30,117.0,100.46348131515282,97.9504132231405
1,2026-05-06,LABORAL,12:00,166.0,104.0105469510774,108.63333333333334
1,2026-05-06,LABORAL,12:30,64.0,110.28550199014938,130.12396694214877
1,2026-05-06,LABORAL,13:00,109.0,118.82544786227278,133.40495867768595
1,2026-05-06,LABORAL,13:30,157.0,128.57345160902153,132.8595041322314
1,2026-05-06,LABORAL,14:00,198.0,137.86393536925198,146.45762711864407
1,2026-05-06,LABORAL,14:30,74.0,144.5574376267395,148.51666666666668
1,2026-05-06,LABORAL,15:00,137.0,146.33916730125117,163.55371900826447
1,2026-05-06,LABORAL,16:00,97.0,127.67771918534322,141.3613445378151
1,2026-05-06,LABORAL,16:30,81.0,105.79102166155164,109.94214876033058
1,2026-05-06,LABORAL,17:00,58.0,76.81968376413955,70.51851851851852
1,2026-05-07,LABORAL,04:30,111.0,105.09247270084204,110.7107438016529
1,2026-05-07,LABORAL,05:00,67.0,109.45461879977103,115.51666666666667
1,2026-05-07,LABORAL,05:30,166.0,115.34950071466605,133.39669421487602
1,2026-05-07,LABORAL,06:00,100.0,121.12625280267626,126.9090909090909
1,2026-05-07,LABORAL,06:30,131.0,125.46715278552261,131.98347107438016
1,2026-05-07,LABORAL,07:00,84.0,127.56425523731683,125.525
1,2026-05-07,LABORAL,07:30,113.0,127.15732587941912,132.87603305785123
1,2026-05-07,LABORAL,08:00,134.0,124.45971867663275,129.0
1,2026-05-07,LABORAL,08:30,151.0,120.02038644236589,130.725
1,2026-05-07,LABORAL,09:00,117.0,114.57410123802816,133.11666666666667
1,2026-05-07,LABORAL,09:30,75.0,108.91942655453552,118.48760330578513
1,2026-05-07,LABORAL,10:00,113.0,103.8410592688527,95.99173553719008
1,2026-05-07,LABORAL,10:30,108.0,100.06861933620291,93.71666666666667
1,2026-05-07,LABORAL,11:00,78.0,98.24655654264446,93.72727272727273
1,2026-05-07,LABORAL,11:30,88.0,98.88559548907847,98.33884297520662
1,2026-05-07,LABORAL,12:00,162.0,102.2765261116208,108.45
1,2026-05-07,LABORAL,12:30,105.0,108.3686297954244,129.8512396694215
1,2026-05-07,LABORAL,13:00,137.0,116.64011898047829,133.23140495867767
1,2026-05-07,LABORAL,13:30,104.0,126.00748712227572,133.37190082644628
1,2026-05-07,LABORAL,14:00,156.0,134.82659574280044,146.27966101694915
1,2026-05-07,LABORAL,14:30,135.0,141.02638307848667,148.31666666666666
1,2026-05-07,LABORAL,15:00,226.0,142.38729075984673,162.9090909090909
1,2026-05-07,LABORAL,15:30,128.0,136.93727856596053,169.79661016949152
1,2026-05-07,LABORAL,16:00,121.0,123.39892331786484,141.05882352941177
1,2026-05-07,LABORAL,16:30,110.0,101.59304588989201,109.28099173553719
1,2026-05-07,LABORAL,17:00,30.0,72.69703340100979,70.31481481481481
1,2026-05-07,LABORAL,17:30,32.0,39.274150208914044,36.77777777777778
1,2026-05-08,LABORAL,04:30,128.0,105.95428008871161,110.50413223140495
1,2026-05-08,LABORAL,05:00,170.0,110.49536325062965,115.08333333333333
1,2026-05-08,LABORAL,05:30,43.0,116.86619787266272,133.1487603305785
1,2026-05-08,LABORAL,06:00,165.0,123.22342234372634,126.36363636363636
1,2026-05-08,LABORAL,06:30,106.0,128.1188681328493,131.86776859504133
1,2026-05-08,LABORAL,07:00,141.0,130.68199894235588,125.81666666666666
1,2026-05-08,LABORAL,07:30,97.0,130.64637462757332,132.9504132231405
1,2026-05-08,LABORAL,08:00,111.0,128.25333995593599,129.70833333333334
1,2026-05-08,LABORAL,08:30,156.0,124.08937893105843,130.89256198347107
1,2026-05-08,LABORAL,09:00,133.0,118.91671833036698,133.0
1,2026-05-08,LABORAL,09:30,71.0,113.5414882498988,118.39669421487604
1,2026-05-08,LABORAL,10:00,102.0,108.73704122430186,95.83471074380165
1,2026-05-08,LABORAL,10:30,85.0,105.2118583099452,93.70833333333333
1,2026-05-08,LABORAL,11:00,65.0,103.59165308177079,93.1900826446281
1,2026-05-08,LABORAL,11:30,101.0,104.3805099678885,98.36363636363636
1,2026-05-08,LABORAL,12:00,94.0,107.8777002018014,109.04166666666667
1,2026-05-08,LABORAL,12:30,151.0,114.05113629066449,129.48760330578511
1,2026-05-08,LABORAL,13:00,107.0,122.39680145898467,132.71900826446281
1,2026-05-08,LABORAL,13:30,191.0,131.83565147191405,133.3801652892562
1,2026-05-08,LABORAL,14:00,155.0,140.7065069517817,146.27966101694915
1,2026-05-08,LABORAL,14:30,99.0,146.90061532355062,148.0
1,2026-05-08,LABORAL,15:00,247.0,148.1520629973309,163.25619834710744
1,2026-05-08,LABORAL,15:30,88.0,142.45521782563802,169.53389830508473
1,2026-05-08,LABORAL,16:00,94.0,128.53729278034322,140.8403361344538
1,2026-05-08,LABORAL,16:30,50.0,106.283592149766,109.15702479338843
1,2026-05-08,LABORAL,17:00,79.0,77.00537544941855,69.87962962962963
1,2026-05-09,SABADO,04:30,49.0,83.67874182501434,71.12
1,2026-05-09,SABADO,05:00,69.0,87.24839038058533,59.84
1,2026-05-09,SABADO,05:30,87.0,91.8634854140015,89.03846153846153
1,2026-05-09,SABADO,06:00,124.0,96.10914478540812,88.07692307692308
1,2026-05-09,SABADO,06:30,77.0,98.85635028738945,108.53846153846153
1,2026-05-09,SABADO,07:00,149.0,99.40687484000972,99.57692307692308
1,2026-05-09,SABADO,07:30,54.0,97.52635017611823,100.6923076923077
1,2026-05-09,SABADO,08:00,114.0,93.3892444251344,97.03846153846153
1,2026-05-09,SABADO,08:30,115.0,87.47495266800182,97.6923076923077
1,2026-05-09,SABADO,09:00,101.0,80.45493498623259,95.5
1,2026-05-09,SABADO,09:30,109.0,73.09879090018325,82.8076923076923
1,2026-05-09,SABADO,10:00,116.0,66.2080178202405,76.46153846153847
1,2026-05-09,SABADO,10:30,49.0,60.56748770191409,90.95833333333333
1,2026-05-09,SABADO,11:00,89.0,56.89335841527077,84.3076923076923
1,2026-05-09,SABADO,11:30,106.0,55.75644546264985,80.16
1,2026-05-09,SABADO,12:00,45.0,57.472180075357045,88.07692307692308
1,2026-05-09,SABADO,12:30,25.0,61.968176841785095,92.3913043478261
1,2026-05-09,SABADO,13:00,116.0,68.66115284885214,65.43478260869566
1,2026-05-09,SABADO,13:30,52.0,76.38864267974016,70.44
1,2026-05-09,SABADO,14:00,59.0,83.4413894880993,73.66666666666667
1,2026-05-09,SABADO,14:30,44.0,87.72687403996137,75.76
1,2026-05-09,SABADO,15:00,46.0,87.06532762280375,63.5
1,2026-05-09,SABADO,15:30,35.0,79.58339760756252,58.5
1,2026-05-09,SABADO,16:00,19.0,64.13693055820694,54.0
1,2026-05-09,SABADO,17:00,46.0,10.440114230150144,44.57142857142857
1,2026-05-10,DOMINGO,07:00,45.0,38.866630875138554,34.473684210526315
1,2026-05-10,DOMINGO,08:00,27.0,37.212788759347866,37.523809523809526
1,2026-05-10,DOMINGO,09:00,28.0,28.92790752923367,33.93333333333333
1,2026-05-10,DOMINGO,09:30,62.0,23.93445068900845,37.11764705882353
1,2026-05-10,DOMINGO,10:00,25.0,19.480162176741196,35.27272727272727
1,2026-05-10,DOMINGO,10:30,30.0,16.408239959863216,34.42857142857143
1,2026-05-10,DOMINGO,11:30,39.0,17.25415960263779,36.6
1,2026-05-10,DOMINGO,12:00,31.0,22.018408841854395,33.11764705882353
1,2026-05-10,DOMINGO,13:00,62.0,39.426798793548315,32.0
1,2026-05-10,DOMINGO,14:30,23.0,67.68780286284169,42.0
1,2026-05-11,LABORAL,04:30,97.0,84.68481298523696,109.99173553719008
1,2026-05-11,LABORAL,05:00,109.0,91.84023909688723,115.78333333333333
1,2026-05-11,LABORAL,05:30,86.0,100.0783930592763,132.35537190082644
1,2026-05-11,LABORAL,06:00,106.0,107.93316709540167,126.42148760330579
1,2026-05-11,LABORAL,06:30,103.0,114.24511305605145,131.4297520661157
1,2026-05-11,LABORAL,07:00,102.0,118.30678426320077,126.24166666666666
1,2026-05-11,LABORAL,07:30,191.0,119.89106717363833,132.6694214876033
1,2026-05-11,LABORAL,08:00,96.0,119.18825080597634,128.9
1,2026-05-11,LABORAL,08:30,127.0,116.69357716173167,131.31404958677686
1,2026-05-11,LABORAL,09:00,144.0,113.08759268362931,133.19166666666666
1,2026-05-11,LABORAL,09:30,70.0,109.13879953100474,117.97520661157024
1,2026-05-11,LABORAL,10:00,107.0,105.63782347307328,95.67768595041322
1,2026-05-11,LABORAL,10:30,105.0,103.35243759649276,93.79166666666667
1,2026-05-11,LABORAL,11:00,39.0,102.9806053733726,92.80165289256199
1,2026-05-11,LABORAL,11:30,87.0,105.07869140594903,98.39669421487604
1,2026-05-11,LABORAL,12:00,43.0,109.9543622477411,108.39166666666667
1,2026-05-11,LABORAL,12:30,124.0,117.53435742906564,129.93388429752065
1,2026-05-11,LABORAL,13:00,98.0,127.23902568300649,131.96694214876032
1,2026-05-11,LABORAL,13:30,116.0,137.91013943251428,133.83471074380165
1,2026-05-11,LABORAL,14:00,211.0,147.83948400862795,146.35593220338984
1,2026-05-11,LABORAL,14:30,40.0,154.93030371179566,147.275
1,2026-05-11,LABORAL,15:00,163.0,156.99401956944507,163.53719008264463
1,2026-05-11,LABORAL,15:30,170.0,152.14750856696867,168.5084745762712
1,2026-05-11,LABORAL,16:00,82.0,139.24146825283466,140.47058823529412
1,2026-05-11,LABORAL,16:30,100.0,118.22823158042823,108.30578512396694
1,2026-05-11,LABORAL,17:00,29.0,90.37565100801939,69.96330275229357
1,2026-05-12,LABORAL,04:30,128.0,117.86789650301014,109.6694214876033
1,2026-05-12,LABORAL,05:00,135.0,122.49999752633379,115.99166666666666
1,2026-05-12,LABORAL,05:30,137.0,128.1732571531628,131.31404958677686
1,2026-05-12,LABORAL,06:00,139.0,133.49152781815803,126.0
1,2026-05-12,LABORAL,06:30,138.0,137.3379134781497,131.099173553719
1,2026-05-12,LABORAL,07:00,113.0,139.01609158310174,126.03333333333333
1,2026-05-12,LABORAL,07:30,153.0,138.28372902517432,132.9504132231405
1,2026-05-12,LABORAL,08:00,147.0,135.30129213597536,129.175
1,2026-05-12,LABORAL,08:30,59.0,130.53395333526083,130.97520661157026
1,2026-05-12,LABORAL,09:00,103.0,124.64448676741708,132.94166666666666
1,2026-05-12,LABORAL,09:30,148.0,118.40309032919562,117.88429752066116
1,2026-05-12,LABORAL,10:00,96.0,112.62161283690929,95.62809917355372
1,2026-05-12,LABORAL,10:30,77.0,108.10201617523175,94.26666666666667
1,2026-05-12,LABORAL,11:00,99.0,105.57871225338103,91.7603305785124
1,2026-05-12,LABORAL,11:30,112.0,105.63557790865777,98.19834710743801
1,2026-05-12,LABORAL,12:00,91.0,108.59087275805697,108.14166666666667
1,2026-05-12,LABORAL,12:30,93.0,114.36286477941752,129.80165289256198
1,2026-05-12,LABORAL,13:00,155.0,122.34880791797801,131.62809917355372
1,2026-05-12,LABORAL,13:30,91.0,131.36241955075937,132.89256198347107
1,2026-05-12,LABORAL,14:00,118.0,139.6742639076071,146.9322033898305
1,2026-05-12,LABORAL,14:30,193.0,145.18321862027526,146.6
1,2026-05-12,LABORAL,15:00,169.0,145.71789426508028,163.36363636363637
1,2026-05-12,LABORAL,15:30,137.0,139.43121488234428,168.48305084745763
1,2026-05-12,LABORAL,16:00,91.0,125.21877643427592,139.9075630252101
1,2026-05-12,LABORAL,16:30,45.0,103.07171940197964,108.23140495867769
1,2026-05-12,LABORAL,17:00,61.0,74.27483045192079,69.5909090909091
1,2026-05-13,LABORAL,04:30,63.0,99.02761569746745,109.72727272727273
1,2026-05-13,LABORAL,05:00,145.0,104.03952625750088,115.99166666666666
1,2026-05-13,LABORAL,05:30,93.0,110.34755596586393,131.03305785123968
1,2026-05-13,LABORAL,06:00,96.0,116.43241036638524,125.97520661157024
1,2026-05-13,LABORAL,06:30,183.0,121.08816177937189,131.0495867768595
1,2026-05-13,LABORAL,07:00,76.0,123.56983257504925,125.76666666666667
1,2026-05-13,LABORAL,07:30,173.0,123.62220919783275,133.13223140495867
1,2026-05-13,LABORAL,08:00,93.0,121.41658885915729,129.225
1,2026-05-13,LABORAL,08:30,150.0,117.43790527063571,130.34710743801654
1,2026-05-13,LABORAL,09:00,56.0,112.36478754522784,132.70833333333334
1,2026-05-13,LABORAL,09:30,119.0,106.97180621800044,118.44628099173553
1,2026-05-13,LABORAL,10:00,118.0,102.06258808465486,95.69421487603306
1,2026-05-13,LABORAL,10:30,62.0,98.42262540334266,93.525
1,2026-05-13,LABORAL,11:00,175.0,96.76877225630298,91.7603305785124
1,2026-05-13,LABORAL,11:30,63.0,97.6729603442103,98.4297520661157
1,2026-05-13,LABORAL,12:00,124.0,101.45061258146836,107.94166666666666
1,2026-05-13,LABORAL,12:30,73.0,108.0252594079233,129.45454545454547
1,2026-05-13,LABORAL,13:00,127.0,116.80256855541239,131.73553719008265
1,2026-05-13,LABORAL,13:30,141.0,126.60116018533463,132.21487603305786
1,2026-05-13,LABORAL,14:00,126.0,135.6877244336872,146.71186440677965
1,2026-05-13,LABORAL,14:30,180.0,141.94751862369986,146.93333333333334
1,2026-05-13,LABORAL,15:00,130.0,143.1907181380014,163.59504132231405
1,2026-05-13,LABORAL,15:30,214.0,137.5574073892618,168.11864406779662
1,2026-05-13,LABORAL,16:00,130.0,123.94925465802254,138.72268907563026
1,2026-05-13,LABORAL,16:30,69.0,102.39443732757297,107.55371900826447
1,2026-05-13,LABORAL,17:00,40.0,74.25188144259482,69.53636363636363
1,2026-05-14,LABORAL,04:30,88.0,103.49242904961682,109.15702479338843
1,2026-05-14,LABORAL,05:00,85.0,108.21506286390805,116.20833333333333
1,2026-05-14,LABORAL,05:30,201.0,114.3353681363129,130.2396694214876
1,2026-05-14,LABORAL,06:00,138.0,120.23614860192089,125.25619834710744
1,2026-05-14,LABORAL,06:30,72.0,124.65619835176659,131.78512396694214
1,2026-05-14,LABORAL,07:00,146.0,126.83641625467847,125.325
1,2026-05-14,LABORAL,07:30,105.0,126.53726590158445,133.6611570247934
1,2026-05-14,LABORAL,08:00,137.0,123.9592219785174,128.525
1,2026-05-14,LABORAL,08:30,124.0,119.61417235985684,130.38842975206612
1,2026-05-14,LABORAL,09:00,83.0,114.19485849920159,131.98333333333332
1,2026-05-14,LABORAL,09:30,113.0,108.47396976055063,118.46280991735537
1,2026-05-14,LABORAL,10:00,105.0,103.2413034379573,95.80165289256199
1,2026-05-14,LABORAL,10:30,105.0,99.26524935805178,93.28333333333333
1,2026-05-14,LABORAL,11:00,66.0,97.2517265539747,92.44628099173553
1,2026-05-14,LABORAL,11:30,101.0,97.77428106792368,98.14876033057851
1,2026-05-14,LABORAL,12:00,96.0,101.16331472451706,108.1
1,2026-05-14,LABORAL,12:30,116.0,107.36557785965812,128.3388429752066
1,2026-05-14,LABORAL,13:00,126.0,115.80902797609522,131.73553719008265
1,2026-05-14,LABORAL,13:30,127.0,125.32397301705399,131.88429752066116
1,2026-05-14,LABORAL,14:00,135.0,134.17205700593937,146.91525423728814
1,2026-05-14,LABORAL,14:30,151.0,140.2173307477205,147.46666666666667
1,2026-05-14,LABORAL,15:00,180.0,141.24101000516796,163.07438016528926
1,2026-05-14,LABORAL,15:30,121.0,135.3612096491102,168.23728813559322
1,2026-05-14,LABORAL,16:00,124.0,121.4817645518996,138.74789915966386
1,2026-05-14,LABORAL,16:30,82.0,99.67129480747383,106.90082644628099
1,2026-05-14,LABORAL,17:00,43.0,71.3731856964934,69.76363636363637
1,2026-05-14,LABORAL,17:30,5.0,39.372015091708455,37.54761904761905
1,2026-05-15,LABORAL,04:30,147.0,103.09885219230262,108.63636363636364
1,2026-05-15,LABORAL,05:00,89.0,108.78302935530147,115.70833333333333
1,2026-05-15,LABORAL,05:30,116.0,115.39930589902245,130.69421487603304
1,2026-05-15,LABORAL,06:00,137.0,121.57682140456299,125.27272727272727
1,2026-05-15,LABORAL,06:30,86.0,126.234698000343,131.2479338842975
1,2026-05-15,LABORAL,07:00,183.0,128.71012146590547,125.7
1,2026-05-15,LABORAL,07:30,120.0,128.78208049950723,133.77685950413223
1,2026-05-15,LABORAL,08:00,112.0,126.61615155996869,128.35
1,2026-05-15,LABORAL,08:30,84.0,122.66829415412967,130.54545454545453
1,2026-05-15,LABORAL,09:00,136.0,117.58406620321452,131.575
1,2026-05-15,LABORAL,09:30,98.0,112.11653522028942,118.68595041322314
1,2026-05-15,LABORAL,10:00,90.0,107.06739699758951,95.58677685950413
1,2026-05-15,LABORAL,10:30,116.0,103.2387809733213,93.68333333333334
1,2026-05-15,LABORAL,11:00,55.0,101.37435096509402,92.18181818181819
1,2026-05-15,LABORAL,11:30,151.0,102.07107841993529,97.70247933884298
1,2026-05-15,LABORAL,12:00,117.0,105.656883312406,108.21666666666667
1,2026-05-15,LABORAL,12:30,87.0,112.04967530552597,128.5206611570248
1,2026-05-15,LABORAL,13:00,122.0,120.63304771870463,131.51239669421489
1,2026-05-15,LABORAL,13:30,93.0,130.19540308987374,132.10743801652893
1,2026-05-15,LABORAL,14:00,218.0,138.97698879635152,146.54237288135593
1,2026-05-15,LABORAL,14:30,100.0,144.85140832273225,147.45833333333334
1,2026-05-15,LABORAL,15:00,161.0,145.63756493625928,163.37190082644628
1,2026-05-15,LABORAL,15:30,160.0,139.5018278567949,167.82203389830508
1,2026-05-15,LABORAL,16:00,163.0,125.37811213714781,138.56302521008402
1,2026-05-15,LABORAL,16:30,126.0,103.3150923944112,106.54545454545455
1,2026-05-15,LABORAL,17:00,80.0,74.66173207307183,69.52252252252252
1,2026-05-16,SABADO,04:30,26.0,82.01708421264051,69.12
1,2026-05-16,SABADO,05:00,103.0,85.57460628406376,60.52
1,2026-05-16,SABADO,05:30,81.0,90.31126506299161,88.5
1,2026-05-16,SABADO,06:00,33.0,94.72876066748671,89.73076923076923
1,2026-05-16,SABADO,06:30,120.0,97.63878571563356,105.34615384615384
1,2026-05-16,SABADO,07:00,145.0,98.31116850287158,101.6923076923077
1,2026-05-16,SABADO,07:30,128.0,96.50351276052339,98.53846153846153
1,2026-05-16,SABADO,08:00,77.0,92.39838292346526,99.3076923076923
1,2026-05-16,SABADO,08:30,108.0,86.49017629887881,94.88461538461539
1,2026-05-16,SABADO,09:00,113.0,79.46436072937423,95.76923076923077
1,2026-05-16,SABADO,09:30,85.0,72.0988111490333,82.8076923076923
1,2026-05-16,SABADO,10:00,83.0,65.19655889855362,77.96153846153847
1,2026-05-16,SABADO,10:30,90.0,59.53930271207254,89.0
1,2026-05-16,SABADO,11:00,100.0,55.83885341284149,85.26923076923077
1,2026-05-16,SABADO,11:30,103.0,54.663751608516435,80.4
1,2026-05-16,SABADO,12:00,118.0,56.33079740060272,85.57692307692308
1,2026-05-16,SABADO,12:30,110.0,60.77199464199991,88.0
1,2026-05-16,SABADO,13:00,35.0,67.409148987618,68.17391304347827
1,2026-05-16,SABADO,13:30,48.0,75.08287307662735,70.52
1,2026-05-16,SABADO,14:00,25.0,82.083503916372,74.5
1,2026-05-16,SABADO,14:30,147.0,86.31570752849512,73.04
1,2026-05-16,SABADO,15:00,42.0,85.59855972764807,62.416666666666664
1,2026-05-16,SABADO,15:30,39.0,78.06554185679293,54.75
1,2026-05-16,SABADO,16:00,45.0,62.59407993634313,52.541666666666664
1,2026-05-16,SABADO,17:00,1.0,9.10917078608071,44.666666666666664
1,2026-05-17,DOMINGO,07:00,20.0,38.770222555791804,35.05263157894737
1,2026-05-17,DOMINGO,07:30,40.0,38.95055299327376,30.363636363636363
1,2026-05-17,DOMINGO,08:00,16.0,37.01996950543357,37.61904761904762
1,2026-05-17,DOMINGO,08:30,59.0,33.422212440677676,42.333333333333336
1,2026-05-17,DOMINGO,10:30,24.0,16.3699475827843,34.22727272727273
1,2026-05-17,DOMINGO,11:30,38.0,16.955813902539646,35.46666666666667
1,2026-05-17,DOMINGO,12:00,26.0,21.557382613839806,33.94117647058823
1,2026-05-17,DOMINGO,16:00,27.0,53.44014761314682,35.666666666666664
1,2026-05-18,FESTIVO_PUENTE,06:30,34.0,13.673293492988599,44.0
1,2026-05-18,FESTIVO_PUENTE,07:00,54.0,17.696610473480973,23.0
1,2026-05-18,FESTIVO_PUENTE,08:00,26.0,18.84565483378821,16.666666666666668
1,2026-05-18,FESTIVO_PUENTE,08:30,20.0,16.531446711949243,23.75
1,2026-05-18,FESTIVO_PUENTE,09:00,21.0,13.029702156260988,27.333333333333332
1,2026-05-18,FESTIVO_PUENTE,09:30,41.0,9.065032967219466,26.0
1,2026-05-18,FESTIVO_PUENTE,10:30,16.0,2.955389383241311,27.0
1,2026-05-18,FESTIVO_PUENTE,11:00,12.0,2.397395549107017,23.75
1,2026-05-18,FESTIVO_PUENTE,11:30,46.0,4.379918390943587,23.333333333333332
1,2026-05-18,FESTIVO_PUENTE,12:00,17.0,9.240830886112455,23.75
1,2026-05-18,FESTIVO_PUENTE,13:00,23.0,26.70207899746022,36.0
1,2026-05-18,FESTIVO_PUENTE,14:00,26.0,47.344425693153084,25.0
1,2026-05-18,FESTIVO_PUENTE,16:30,36.0,17.141410139910903,15.0
1,2026-05-19,LABORAL,04:30,82.0,117.16207655895394,109.06611570247934
1,2026-05-19,LABORAL,05:00,135.0,121.64405313989536,115.25
1,2026-05-19,LABORAL,05:30,156.0,127.53575494790978,130.38842975206612
1,2026-05-19,LABORAL,06:00,133.0,133.1417958372374,125.36363636363636
1,2026-05-19,LABORAL,06:30,155.0,137.1707713566162,131.05785123966942
1,2026-05-19,LABORAL,07:00,125.0,138.87491318062928,125.8
1,2026-05-19,LABORAL,07:30,122.0,138.05167010755994,133.83471074380165
1,2026-05-19,LABORAL,08:00,124.0,134.94465888477856,128.025
1,2026-05-19,LABORAL,08:30,130.0,130.09801130875235,130.27272727272728
1,2026-05-19,LABORAL,09:00,156.0,124.21582719409457,131.475
1,2026-05-19,LABORAL,09:30,125.0,118.06037077596216,118.62809917355372
1,2026-05-19,LABORAL,10:00,71.0,112.39647411009655,95.88429752066116
1,2026-05-19,LABORAL,10:30,146.0,107.96499841304933,93.95833333333333
1,2026-05-19,LABORAL,11:00,42.0,105.45381743445105,91.84297520661157
1,2026-05-19,LABORAL,11:30,184.0,105.43563987194479,98.47107438016529
1,2026-05-19,LABORAL,12:00,77.0,108.25791367793087,108.29166666666667
1,2026-05-19,LABORAL,12:30,131.0,113.89573499650562,127.85950413223141
1,2026-05-19,LABORAL,13:00,91.0,121.80523130687321,131.05785123966942
1,2026-05-19,LABORAL,13:30,153.0,130.8325369553697,131.900826446281
1,2026-05-19,LABORAL,14:00,118.0,139.23461469441156,146.95762711864407
1,2026-05-19,LABORAL,14:30,158.0,144.84982634998948,146.85
1,2026-05-19,LABORAL,15:00,155.0,145.42120754035386,162.8181818181818
1,2026-05-19,LABORAL,15:30,122.0,139.03215654319172,167.10169491525423
1,2026-05-19,LABORAL,16:00,222.0,124.57437729886237,139.16806722689077
1,2026-05-19,LABORAL,16:30,143.0,102.14334080748795,106.5702479338843
1,2026-05-19,LABORAL,17:00,48.0,73.25605024870175,69.54054054054055
1,2026-05-20,LABORAL,04:30,82.0,98.51387464621526,108.36363636363636
1,2026-05-20,LABORAL,05:00,128.0,103.94323381294919,115.275
1,2026-05-20,LABORAL,05:30,88.0,110.65545256275851,130.40495867768595
1,2026-05-20,LABORAL,06:00,137.0,117.0021898396056,124.63636363636364
1,2026-05-20,LABORAL,06:30,145.0,121.74065746605449,131.19834710743802
1,2026-05-20,LABORAL,07:00,130.0,124.16416258284437,126.05833333333334
1,2026-05-20,LABORAL,07:30,101.0,124.09761174017478,133.2396694214876
1,2026-05-20,LABORAL,08:00,58.0,121.7961554127334,127.66666666666667
1,2026-05-20,LABORAL,08:30,185.0,117.80085828782813,130.43801652892563
1,2026-05-20,LABORAL,09:00,91.0,112.80221761773362,131.30833333333334
1,2026-05-20,LABORAL,09:30,104.0,107.54382170606323,118.50413223140495
1,2026-05-20,LABORAL,10:00,191.0,102.77217119653551,95.2892561983471
1,2026-05-20,LABORAL,10:30,67.0,99.21432076738283,94.65
1,2026-05-20,LABORAL,11:00,66.0,97.55110015492465,91.31404958677686
1,2026-05-20,LABORAL,11:30,92.0,98.35510324129231,98.62809917355372
1,2026-05-20,LABORAL,12:00,82.0,101.97906772734592,107.80833333333334
1,2026-05-20,LABORAL,12:30,104.0,108.40626554681893,127.91735537190083
1,2026-05-20,LABORAL,13:00,47.0,117.10114349611831,130.50413223140495
1,2026-05-20,LABORAL,13:30,178.0,126.91594996989303,131.91735537190084
1,2026-05-20,LABORAL,14:00,117.0,136.1099261844723,146.78813559322035
1,2026-05-20,LABORAL,14:30,130.0,142.51897328713306,146.04166666666666
1,2026-05-20,LABORAL,15:00,270.0,143.87853160528493,163.099173553719
1,2026-05-20,LABORAL,15:30,180.0,138.2590987019287,166.32203389830508
1,2026-05-20,LABORAL,16:00,104.0,124.5340519716515,139.65546218487395
1,2026-05-20,LABORAL,16:30,71.0,102.77509563262015,106.66115702479338
1,2026-05-20,LABORAL,17:00,95.0,74.47042450246225,69.16216216216216
1,2026-05-22,LABORAL,04:30,100.0,103.03860399428956,107.33333333333333
1,2026-05-22,LABORAL,05:00,77.0,108.86526175646779,115.33613445378151
1,2026-05-22,LABORAL,05:30,114.0,115.88677692130074,129.65
1,2026-05-22,LABORAL,06:00,94.0,122.42894943752646,124.49166666666666
1,2026-05-22,LABORAL,06:30,150.0,127.25465084751643,131.69166666666666
1,2026-05-22,LABORAL,07:00,100.0,129.6841686956669,126.27731092436974
1,2026-05-22,LABORAL,07:30,126.0,129.57742902620342,132.26666666666668
1,2026-05-22,LABORAL,08:00,98.0,127.22017859472125,127.70588235294117
1,2026-05-22,LABORAL,08:30,117.0,123.17119068841782,131.28333333333333
1,2026-05-22,LABORAL,09:00,54.0,118.12299366450863,129.94957983193277
1,2026-05-22,LABORAL,09:30,124.0,112.80827892677017,118.30833333333334
1,2026-05-22,LABORAL,10:00,86.0,107.95627828721999,96.325
1,2026-05-22,LABORAL,10:30,69.0,104.27809061067185,94.0
1,2026-05-22,LABORAL,11:00,94.0,102.44597782397554,91.09166666666667
1,2026-05-22,LABORAL,11:30,100.0,103.03387054688082,98.51666666666667
1,2026-05-22,LABORAL,12:00,106.0,106.40411954793588,107.73109243697479
1,2026-05-22,LABORAL,12:30,175.0,112.55302076599529,127.96666666666667
1,2026-05-22,LABORAL,13:00,47.0,120.9554154140504,129.275
1,2026-05-22,LABORAL,13:30,106.0,130.46661477006108,132.50833333333333
1,2026-05-22,LABORAL,14:00,178.0,139.34034044385646,146.7008547008547
1,2026-05-22,LABORAL,14:30,116.0,145.4015591780194,145.56302521008402
1,2026-05-22,LABORAL,15:00,193.0,146.37636572607204,163.26666666666668
1,2026-05-22,LABORAL,15:30,127.0,140.3362758758616,166.22222222222223
1,2026-05-22,LABORAL,16:00,72.0,126.17358808612632,139.1864406779661
1,2026-05-22,LABORAL,16:30,165.0,104.00005570154123,106.03333333333333
1,2026-05-22,LABORAL,17:00,31.0,75.36177654816456,69.78181818181818
1,2026-05-23,SABADO,04:30,94.0,80.2893502837876,66.0
1,2026-05-23,SABADO,05:00,32.0,85.03710552541301,62.64
1,2026-05-23,SABADO,05:30,145.0,90.45571627108006,88.42307692307692
1,2026-05-23,SABADO,06:00,78.0,95.11352910157049,86.42307692307692
1,2026-05-23,SABADO,06:30,148.0,97.96145926418896,107.0
1,2026-05-23,SABADO,07:00,66.0,98.43412811499687,100.3076923076923
1,2026-05-23,SABADO,07:30,119.0,96.43438339077342,100.65384615384616
1,2026-05-23,SABADO,08:00,70.0,92.23822604356909,98.38461538461539
1,2026-05-23,SABADO,08:30,76.0,86.36881263185883,93.96153846153847
1,2026-05-23,SABADO,09:00,82.0,79.48293623048322,95.0
1,2026-05-23,SABADO,09:30,98.0,72.29491468305714,83.38461538461539
1,2026-05-23,SABADO,10:00,52.0,65.53862277388839,76.73076923076923
1,2026-05-23,SABADO,10:30,44.0,59.947361223105574,87.125
1,2026-05-23,SABADO,11:00,129.0,56.220849362252935,85.6923076923077
1,2026-05-23,SABADO,11:30,50.0,54.9526684959596,80.56
1,2026-05-23,SABADO,12:00,84.0,56.508909683045594,87.34615384615384
1,2026-05-23,SABADO,12:30,110.0,60.873938993792706,88.52173913043478
1,2026-05-23,SABADO,13:00,79.0,67.50349565494992,64.3913043478261
1,2026-05-23,SABADO,14:00,85.0,82.34188644988977,72.54166666666667
1,2026-05-23,SABADO,15:00,89.0,85.97508540431585,62.416666666666664
1,2026-05-23,SABADO,15:30,47.0,78.39425473185489,55.333333333333336
1,2026-05-23,SABADO,16:00,24.0,62.83091418190971,50.0
1,2026-05-23,SABADO,16:30,38.0,39.36148061034647,71.94117647058823
1,2026-05-24,DOMINGO,08:00,28.0,37.229769597148504,36.63636363636363
1,2026-05-24,DOMINGO,08:30,26.0,33.693876145186636,43.42857142857143
1,2026-05-24,DOMINGO,09:00,44.0,29.163243334158814,34.13333333333333
1,2026-05-24,DOMINGO,10:00,35.0,19.940740205290652,35.76190476190476
1,2026-05-24,DOMINGO,11:00,27.0,15.703338185074266,34.5
1,2026-05-24,DOMINGO,12:00,10.0,21.82051741251307,33.23529411764706
1,2026-05-24,DOMINGO,12:30,35.0,29.330556428639106,37.63157894736842
1,2026-05-24,DOMINGO,13:30,32.0,50.05339092720512,28.533333333333335
1,2026-05-24,DOMINGO,14:00,16.0,60.24417745562991,36.125
1,2026-05-24,DOMINGO,15:00,25.0,69.9553042839387,39.6875
1,2026-05-24,DOMINGO,15:30,21.0,65.53577636184978,49.714285714285715
1,2026-05-24,DOMINGO,16:30,32.0,33.3956138034974,31.75
1,2026-05-25,LABORAL,04:30,54.0,81.07186058360074,106.825
1,2026-05-25,LABORAL,05:00,152.0,89.15905278589263,115.17647058823529
1,2026-05-25,LABORAL,05:30,114.0,98.09530205185148,129.45
1,2026-05-25,LABORAL,06:00,128.0,106.32300185229217,123.95
1,2026-05-25,LABORAL,06:30,124.0,112.71475933509427,132.06666666666666
1,2026-05-25,LABORAL,07:00,145.0,116.67314901429076,126.00840336134453
1,2026-05-25,LABORAL,07:30,66.0,118.10331479876412,132.04166666666666
1,2026-05-25,LABORAL,08:00,144.0,117.30087328292947,127.4201680672269
1,2026-05-25,LABORAL,08:30,210.0,114.80959188784037,131.16666666666666
1,2026-05-25,LABORAL,09:00,176.0,111.29678711853799,129.3109243697479
1,2026-05-25,LABORAL,09:30,50.0,107.47353089950748,118.13333333333334
1,2026-05-25,LABORAL,10:00,71.0,104.059850636746,96.025
1,2026-05-25,LABORAL,10:30,110.0,101.7718617147671,94.0
1,2026-05-25,LABORAL,11:00,74.0,101.29630346208376,91.46666666666667
1,2026-05-25,LABORAL,11:30,72.0,103.22232827359115,98.55833333333334
1,2026-05-25,LABORAL,12:00,122.0,107.91937964406668,107.08403361344538
1,2026-05-25,LABORAL,12:30,120.0,115.37737737367922,128.51666666666668
1,2026-05-25,LABORAL,13:00,82.0,125.05185916332888,128.0
1,2026-05-25,LABORAL,13:30,114.0,135.77253471655152,132.325
1,2026-05-25,LABORAL,14:00,158.0,145.7718881507237,147.0940170940171
1,2026-05-25,LABORAL,14:30,134.0,152.8689910589664,144.91596638655463
1,2026-05-25,LABORAL,15:00,177.0,154.80645354451696,163.88333333333333
1,2026-05-25,LABORAL,15:30,164.0,149.6945087004358,165.07692307692307
1,2026-05-25,LABORAL,16:00,68.0,136.47756346011812,138.24576271186442
1,2026-05-25,LABORAL,16:30,138.0,115.31680289119973,106.19166666666666
1,2026-05-25,LABORAL,17:00,92.0,87.78563411060831,69.39090909090909
1,2026-05-25,LABORAL,17:30,29.0,56.80483542338975,36.78048780487805
1,2026-05-26,LABORAL,04:30,154.0,114.63349022343601,105.96666666666667
1,2026-05-26,LABORAL,05:00,112.0,120.45490899866823,115.52941176470588
1,2026-05-26,LABORAL,05:30,153.0,127.06298818740567,129.03333333333333
1,2026-05-26,LABORAL,06:00,69.0,132.8974312895982,124.61666666666666
1,2026-05-26,LABORAL,06:30,152.0,136.844090057488,132.175
1,2026-05-26,LABORAL,07:00,149.0,138.33007699093264,126.02521008403362
1,2026-05-26,LABORAL,07:30,137.0,137.2898726134172,131.81666666666666
1,2026-05-26,LABORAL,08:00,110.0,134.0466453141889,127.47899159663865
1,2026-05-26,LABORAL,08:30,108.0,129.16488081456865,131.8
1,2026-05-26,LABORAL,09:00,151.0,123.32334383229735,129.5546218487395
1,2026-05-26,LABORAL,09:30,83.0,117.23575085042336,117.875
1,2026-05-26,LABORAL,10:00,91.0,111.6188251051415,95.425
1,2026-05-26,LABORAL,10:30,80.0,107.18355061229482,94.26890756302521
1,2026-05-26,LABORAL,11:00,119.0,104.61371943116517,91.3
1,2026-05-26,LABORAL,11:30,101.0,104.50039552141116,98.58333333333333
1,2026-05-26,LABORAL,12:00,106.0,107.22039881129155,106.97478991596638
1,2026-05-26,LABORAL,12:30,89.0,112.77497859620485,128.175
1,2026-05-26,LABORAL,13:00,157.0,120.63194410378323,127.325
1,2026-05-26,LABORAL,13:30,171.0,129.6307846061802,132.525
1,2026-05-26,LABORAL,14:00,50.0,138.00860789752642,146.87179487179486
1,2026-05-26,LABORAL,14:30,214.0,143.58299744108646,144.64705882352942
1,2026-05-26,LABORAL,15:00,129.0,144.09010409603275,163.69166666666666
1,2026-05-26,LABORAL,15:30,138.0,137.63167641087895,164.97435897435898
1,2026-05-26,LABORAL,16:00,148.0,123.14546298213651,137.38135593220338
1,2026-05-26,LABORAL,16:30,78.0,100.79132380130974,106.64166666666667
1,2026-05-26,LABORAL,17:00,117.0,72.14860634225663,69.52727272727273
1,2026-05-27,LABORAL,04:30,122.0,95.95018928827783,105.975
1,2026-05-27,LABORAL,05:00,130.0,102.70539272653184,115.00840336134453
1,2026-05-27,LABORAL,05:30,87.0,110.1343608451183,129.49166666666667
1,2026-05-27,LABORAL,06:00,175.0,116.7331737893246,124.46666666666667
1,2026-05-27,LABORAL,06:30,92.0,121.42452287856447,132.35
1,2026-05-27,LABORAL,07:00,58.0,123.6547978031999,126.71428571428571
1,2026-05-27,LABORAL,07:30,194.0,123.36665581689124,132.04166666666666
1,2026-05-27,LABORAL,08:00,130.0,120.88793705746181,126.52941176470588
1,2026-05-27,LABORAL,08:30,80.0,116.78989189103675,131.725
1,2026-05-27,LABORAL,09:00,156.0,111.76178182879275,129.88235294117646
1,2026-05-27,LABORAL,09:30,108.0,106.52896851973405,116.98333333333333
1,2026-05-27,LABORAL,10:00,39.0,101.81556293620102,95.13333333333334
1,2026-05-27,LABORAL,10:30,74.0,98.32995881327437,93.82352941176471
1,2026-05-27,LABORAL,11:00,108.0,96.74005369592766,91.55
1,2026-05-27,LABORAL,11:30,59.0,97.60872612948262,99.05833333333334
1,2026-05-27,LABORAL,12:00,155.0,101.2781250286805,107.15966386554622
1,2026-05-27,LABORAL,12:30,101.0,107.71763962993279,128.39166666666668
1,2026-05-27,LABORAL,13:00,112.0,116.37606422777199,127.11666666666666
1,2026-05-27,LABORAL,14:00,222.0,135.1318066105696,146.008547008547
1,2026-05-27,LABORAL,14:30,143.0,141.3460686698507,144.9747899159664
1,2026-05-27,LABORAL,15:00,168.0,142.51590594067096,162.875
1,2026-05-27,LABORAL,15:30,143.0,136.7729542457324,165.06837606837607
1,2026-05-27,LABORAL,16:00,130.0,123.05529435733965,137.39830508474577
1,2026-05-27,LABORAL,16:30,34.0,101.48207666395294,105.75833333333334
1,2026-05-27,LABORAL,17:00,84.0,73.54866513503912,69.64545454545454
1,2026-05-28,LABORAL,04:30,101.0,101.05271011389998,105.85833333333333
1,2026-05-28,LABORAL,05:00,62.0,107.58526874448083,115.17647058823529
1,2026-05-28,LABORAL,05:30,193.0,114.717343736147,128.775
1,2026-05-28,LABORAL,06:00,136.0,120.97328870646336,125.14166666666667
1,2026-05-28,LABORAL,06:30,145.0,125.30619058595691,131.88333333333333
1,2026-05-28,LABORAL,07:00,111.0,127.18529055868609,126.08403361344538
1,2026-05-28,LABORAL,07:30,134.0,126.56247305535717,132.84166666666667
1,2026-05-28,LABORAL,08:00,108.0,123.76017246161746,126.21008403361344
1,2026-05-28,LABORAL,08:30,125.0,119.33357720250302,131.53333333333333
1,2026-05-28,LABORAL,09:00,88.0,113.95262870858568,129.9747899159664
1,2026-05-28,LABORAL,09:30,116.0,108.32839789659297,117.525
1,2026-05-28,LABORAL,10:00,38.0,103.18218586578602,94.9
1,2026-05-28,LABORAL,10:30,120.0,99.23356966794694,93.47899159663865
1,2026-05-28,LABORAL,11:00,103.0,97.17334040355107,91.83333333333333
1,2026-05-28,LABORAL,11:30,74.0,97.59255026311081,98.81666666666666
1,2026-05-28,LABORAL,12:00,132.0,100.85819279845069,107.08403361344538
1,2026-05-28,LABORAL,12:30,143.0,106.95309956212981,127.96666666666667
1,2026-05-28,LABORAL,13:00,73.0,115.32322623684635,126.76666666666667
1,2026-05-28,LABORAL,13:30,200.0,124.79024292061973,133.11764705882354
1,2026-05-28,LABORAL,14:00,100.0,133.5845995136558,146.63247863247864
1,2026-05-28,LABORAL,14:30,94.0,139.53231141890151,144.01680672268907
1,2026-05-28,LABORAL,15:00,178.0,140.3916833194233,163.65833333333333
1,2026-05-28,LABORAL,15:30,103.0,134.2931124552199,165.42735042735043
1,2026-05-28,LABORAL,16:00,149.0,120.19773451383466,137.23728813559322
1,2026-05-28,LABORAL,16:30,47.0,98.2702746067645,104.75833333333334
1,2026-05-28,LABORAL,17:00,47.0,70.06565421917023,69.57272727272728
1,2026-05-29,LABORAL,04:30,129.0,99.83410132496948,105.475
1,2026-05-29,LABORAL,05:00,79.0,106.92021227043487,114.50420168067227
1,2026-05-29,LABORAL,05:30,120.0,114.52897114579207,129.20833333333334
1,2026-05-29,LABORAL,06:00,134.0,121.2070221986341,124.99166666666666
1,2026-05-29,LABORAL,06:30,109.0,125.92848990145325,132.30833333333334
1,2026-05-29,LABORAL,07:00,155.0,128.17762914204988,125.56302521008404
1,2026-05-29,LABORAL,07:30,107.0,127.9136116744377,132.7
1,2026-05-29,LABORAL,08:00,122.0,125.45957881821045,126.10924369747899
1,2026-05-29,LABORAL,08:30,142.0,121.36781050615565,131.95
1,2026-05-29,LABORAL,09:00,81.0,116.30506111259996,129.6386554621849
1,2026-05-29,LABORAL,09:30,153.0,110.98126785391388,117.34166666666667
1,2026-05-29,LABORAL,10:00,90.0,106.11910968551726,94.09166666666667
1,2026-05-29,LABORAL,10:30,65.0,102.4405368007855,93.76470588235294
1,2026-05-29,LABORAL,11:00,95.0,100.63689495189689,92.04166666666667
1,2026-05-29,LABORAL,11:30,99.0,101.29507566048234,98.63333333333334
1,2026-05-29,LABORAL,12:00,59.0,104.77155381028965,107.21008403361344
1,2026-05-29,LABORAL,12:30,136.0,111.03289179779506,127.725
1,2026-05-29,LABORAL,13:00,184.0,119.50616764861752,126.36666666666666
1,2026-05-29,LABORAL,13:30,76.0,128.99665303679524,133.08403361344537
1,2026-05-29,LABORAL,14:00,109.0,137.72655616335487,146.95726495726495
1,2026-05-29,LABORAL,14:30,175.0,143.5263044760006,143.27731092436974
1,2026-05-29,LABORAL,15:00,141.0,144.1729089173822,163.93333333333334
1,2026-05-29,LABORAL,15:30,164.0,137.82749132966742,164.27350427350427
1,2026-05-29,LABORAL,16:00,131.0,123.48767981989818,136.3050847457627
1,2026-05-29,LABORAL,16:30,74.0,101.35130677866704,104.33333333333333
1,2026-05-29,LABORAL,17:00,58.0,72.99298349164118,69.21818181818182
1,2026-05-30,SABADO,04:30,46.0,78.8824090069659,65.4
1,2026-05-30,SABADO,05:00,45.0,84.90010727088043,61.64
1,2026-05-30,SABADO,05:30,107.0,90.88769742968728,90.03846153846153
1,2026-05-30,SABADO,06:00,105.0,95.64471931663266,85.34615384615384
1,2026-05-30,SABADO,06:30,93.0,98.34794604720848,108.57692307692308
1,2026-05-30,SABADO,07:00,82.0,98.60872695998336,98.46153846153847
1,2026-05-30,SABADO,07:30,87.0,96.43550961134454,101.38461538461539
1,2026-05-30,SABADO,08:00,80.0,92.13984030996878,95.92307692307692
1,2026-05-30,SABADO,08:30,120.0,86.22961393446516,92.96153846153847
1,2026-05-30,SABADO,09:00,84.0,79.32388747755844,96.88461538461539
1,2026-05-30,SABADO,09:30,75.0,72.10387122634148,82.15384615384616
1,2026-05-30,SABADO,10:00,43.0,65.29236814593668,76.42307692307692
1,2026-05-30,SABADO,10:30,55.0,59.63706005369404,85.4
1,2026-05-30,SABADO,11:00,58.0,55.86775373161335,85.61538461538461
1,2026-05-30,SABADO,11:30,54.0,54.606222848624824,78.08
1,2026-05-30,SABADO,12:00,105.0,56.22721144599963,88.42307692307692
1,2026-05-30,SABADO,12:30,57.0,60.69413114529867,88.47826086956522
1,2026-05-30,SABADO,13:00,84.0,67.41450539395099,63.21739130434783
1,2026-05-30,SABADO,13:30,42.0,75.17024135591608,70.5
1,2026-05-30,SABADO,14:00,38.0,82.17123420406767,71.45833333333333
1,2026-05-30,SABADO,14:30,153.0,86.25720332829509,78.70833333333333
1,2026-05-30,SABADO,15:00,41.0,85.23673895407906,63.875
1,2026-05-30,SABADO,15:30,33.0,77.31314765163089,53.25
1,2026-05-31,DOMINGO,07:00,21.0,38.72975175070917,34.77777777777778
1,2026-05-31,DOMINGO,07:30,37.0,38.560601368961755,30.095238095238095
1,2026-05-31,DOMINGO,08:30,44.0,32.71556623062246,42.63636363636363
1,2026-05-31,DOMINGO,09:30,48.0,23.247255845412646,39.5
1,2026-05-31,DOMINGO,11:00,54.0,14.748898517209383,31.4375
1,2026-05-31,DOMINGO,12:00,78.0,20.90840792891875,32.05882352941177
1,2026-05-31,DOMINGO,12:30,65.0,28.40535102119801,37.526315789473685
1,2026-05-31,DOMINGO,14:30,25.0,66.39108648294823,42.0
1,2026-05-31,DOMINGO,15:30,16.0,64.08693051190872,46.125
1,2026-06-01,LABORAL,04:30,87.0,80.05692026515298,105.375
1,2026-06-01,LABORAL,05:00,150.0,89.21915881182548,114.3529411764706
1,2026-06-01,LABORAL,05:30,155.0,98.74532172287154,129.0
1,2026-06-01,LABORAL,06:00,72.0,107.16052984487618,125.075
1,2026-06-01,LABORAL,06:30,104.0,113.46406231926306,131.7
1,2026-06-01,LABORAL,07:00,163.0,117.19453620800755,125.70588235294117
1,2026-06-01,LABORAL,07:30,151.0,118.3727818475628,132.81666666666666
1,2026-06-01,LABORAL,08:00,68.0,117.37091222760058,125.95798319327731
1,2026-06-01,LABORAL,08:30,117.0,114.76462162466814,131.71666666666667
1,2026-06-01,LABORAL,09:00,178.0,111.21545820012987,128.8403361344538
1,2026-06-01,LABORAL,09:30,117.0,107.40592897298642,118.05833333333334
1,2026-06-01,LABORAL,10:00,43.0,104.02184950207318,93.475
1,2026-06-01,LABORAL,10:30,91.0,101.7533471807783,93.28571428571429
1,2026-06-01,LABORAL,11:00,36.0,101.27627819915202,92.0
1,2026-06-01,LABORAL,11:30,148.0,103.18294725150577,98.65833333333333
1,2026-06-01,LABORAL,12:00,123.0,107.85280678676165,106.6890756302521
1,2026-06-01,LABORAL,12:30,86.0,115.28319114649136,127.875
1,2026-06-01,LABORAL,13:00,103.0,124.92717379471759,126.43333333333334
1,2026-06-01,LABORAL,13:30,137.0,135.60049679775028,132.3613445378151
1,2026-06-01,LABORAL,14:00,111.0,145.51552769591805,146.03418803418805
1,2026-06-01,LABORAL,14:30,179.0,152.47602180722174,142.9075630252101
1,2026-06-01,LABORAL,15:00,132.0,154.22686889766362,164.625
1,2026-06-01,LABORAL,15:30,133.0,148.90783148422258,164.15384615384616
1,2026-06-01,LABORAL,16:00,131.0,135.52197005739276,135.95762711864407
1,2026-06-01,LABORAL,16:30,45.0,114.3096451647605,103.69166666666666
1,2026-06-02,LABORAL,04:30,77.0,113.30947708786138,104.925
1,2026-06-02,LABORAL,05:00,100.0,120.18746813344067,114.0672268907563
1,2026-06-02,LABORAL,05:30,147.0,127.15123972752588,129.89166666666668
1,2026-06-02,LABORAL,06:00,150.0,132.94019422757015,124.16666666666667
1,2026-06-02,LABORAL,06:30,195.0,136.6877018736358,131.65
1,2026-06-02,LABORAL,07:00,92.0,137.98237767976607,125.76470588235294
1,2026-06-02,LABORAL,07:30,155.0,136.82952433158715,132.675
1,2026-06-02,LABORAL,08:00,49.0,133.55212662370292,125.46218487394958
1,2026-06-02,LABORAL,08:30,158.0,128.67694649386652,131.0
1,2026-06-02,LABORAL,09:00,152.0,122.84200738685513,129.0924369747899
1,2026-06-02,LABORAL,09:30,85.0,116.74176731474373,117.63333333333334
1,2026-06-02,LABORAL,10:00,113.0,111.10329334473079,92.95833333333333
1,2026-06-02,LABORAL,10:30,157.0,106.6690873368671,93.57142857142857
1,2026-06-02,LABORAL,11:00,38.0,104.15621122172773,91.05
1,2026-06-02,LABORAL,11:30,71.0,104.16941898980814,98.875
1,2026-06-02,LABORAL,12:00,128.0,107.06580846011425,107.32773109243698
1,2026-06-02,LABORAL,12:30,108.0,112.79366918988558,126.91666666666667
1,2026-06-02,LABORAL,13:00,173.0,120.75012973463451,125.6
1,2026-06-02,LABORAL,13:30,120.0,129.71268477759486,133.05042016806723
1,2026-06-02,LABORAL,14:00,120.0,137.89343739750666,145.66666666666666
1,2026-06-02,LABORAL,14:30,137.0,143.14138631742344,143.27731092436974
1,2026-06-02,LABORAL,15:00,184.0,143.28201089514098,164.29166666666666
1,2026-06-02,LABORAL,15:30,146.0,136.5436732571262,163.47863247863248
1,2026-06-02,LABORAL,16:00,143.0,121.98784936398792,135.10169491525423
1,2026-06-02,LABORAL,16:30,33.0,99.84483015732414,103.06666666666666
1,2026-06-02,LABORAL,17:00,44.0,71.66441621329444,69.1743119266055
1,2026-06-03,LABORAL,04:30,105.0,94.88094306415863,104.53333333333333
1,2026-06-03,LABORAL,05:00,98.0,102.45971119751022,114.14285714285714
1,2026-06-03,LABORAL,05:30,126.0,110.23924996980784,129.45833333333334
1,2026-06-03,LABORAL,06:00,111.0,116.8627883359108,124.21666666666667
1,2026-06-03,LABORAL,06:30,123.0,121.40959960778235,131.91666666666666
1,2026-06-03,LABORAL,07:00,111.0,123.45672654649333,125.05042016806723
1,2026-06-03,LABORAL,07:30,98.0,123.03001525762706,132.95833333333334
1,2026-06-03,LABORAL,08:00,110.0,120.4882457347284,124.98319327731092
1,2026-06-03,LABORAL,08:30,137.0,116.39149024103828,131.1
1,2026-06-03,LABORAL,09:00,92.0,111.39514620098282,129.18487394957984
1,2026-06-03,LABORAL,09:30,103.0,106.18929680232303,116.69166666666666
1,2026-06-03,LABORAL,10:00,137.0,101.47747086955161,93.175
1,2026-06-03,LABORAL,10:30,80.0,97.96860412757546,93.91596638655462
1,2026-06-03,LABORAL,11:00,114.0,96.34813291313306,90.68333333333334
1,2026-06-03,LABORAL,11:30,69.0,97.20158713336556,98.83333333333333
1,2026-06-03,LABORAL,12:00,82.0,100.88461162122708,107.72268907563026
1,2026-06-03,LABORAL,12:30,125.0,107.36037217737248,126.14166666666667
1,2026-06-03,LABORAL,13:00,117.0,116.04960701292336,125.7
1,2026-06-03,LABORAL,13:30,87.0,125.75121314938391,132.67226890756302
1,2026-06-03,LABORAL,14:00,197.0,134.6862664343145,145.65811965811966
1,2026-06-03,LABORAL,14:30,52.0,140.69481883537782,143.21008403361344
1,2026-06-03,LABORAL,15:00,136.0,141.57736437578384,163.61666666666667
1,2026-06-03,LABORAL,15:30,202.0,135.53080678657443,162.8803418803419
1,2026-06-03,LABORAL,16:00,156.0,121.59365095059641,134.98305084745763
1,2026-06-03,LABORAL,16:30,78.0,99.99766919522736,102.1
1,2026-06-04,LABORAL,04:30,121.0,98.75907728156903,104.30833333333334
1,2026-06-04,LABORAL,05:00,61.0,106.42409117283492,113.58823529411765
1,2026-06-04,LABORAL,05:30,137.0,114.03228706234844,129.8
1,2026-06-04,LABORAL,06:00,144.0,120.30687980048577,123.975
1,2026-06-04,LABORAL,06:30,121.0,124.41331383936266,131.725
1,2026-06-04,LABORAL,07:00,134.0,126.00311545678461,125.4873949579832
1,2026-06-04,LABORAL,07:30,131.0,125.15257306014635,131.58333333333334
1,2026-06-04,LABORAL,08:00,111.0,122.2420369181456,125.43697478991596
1,2026-06-04,LABORAL,08:30,88.0,117.82697113109782,130.58333333333334
1,2026-06-04,LABORAL,09:00,156.0,112.54039283313313,129.05882352941177
1,2026-06-04,LABORAL,09:30,84.0,107.04335921610758,116.44166666666666
1,2026-06-04,LABORAL,10:00,52.0,102.01428619145493,93.76666666666667
1,2026-06-04,LABORAL,10:30,130.0,98.14820894793553,93.3781512605042
1,2026-06-04,LABORAL,11:00,59.0,96.13047847185072,90.825
1,2026-06-04,LABORAL,11:30,69.0,96.55834098939818,98.76666666666667
1,2026-06-04,LABORAL,12:00,92.0,99.80574445301697,107.74789915966386
1,2026-06-04,LABORAL,12:30,126.0,105.85452704702664,125.81666666666666
1,2026-06-04,LABORAL,13:00,77.0,114.1394878044446,125.65833333333333
1,2026-06-04,LABORAL,13:30,120.0,123.4667986126265,131.9579831932773
1,2026-06-04,LABORAL,14:00,116.0,132.05908754764562,145.5897435897436
1,2026-06-04,LABORAL,14:30,84.0,137.75573635831802,142.58823529411765
1,2026-06-04,LABORAL,15:00,124.0,138.35855398739903,162.99166666666667
1,2026-06-04,LABORAL,15:30,179.0,132.07060604334737,161.85470085470087
1,2026-06-04,LABORAL,16:00,68.0,117.94126668276151,135.52542372881356
1,2026-06-04,LABORAL,16:30,72.0,96.21410199221674,101.625
1,2026-06-04,LABORAL,17:00,37.0,68.48247697094708,68.92592592592592
1,2026-06-05,LABORAL,04:30,107.0,97.66485388616707,104.28333333333333
1,2026-06-05,LABORAL,05:00,80.0,106.16969906313739,113.02521008403362
1,2026-06-05,LABORAL,05:30,137.0,114.37322694650166,130.31666666666666
1,2026-06-05,LABORAL,06:00,104.0,121.02090543482555,123.575
1,2026-06-05,LABORAL,06:30,103.0,125.35879403572069,131.85
1,2026-06-05,LABORAL,07:00,147.0,127.1397126506937,125.30252100840336
1,2026-06-05,LABORAL,07:30,134.0,126.52556526160586,131.375
1,2026-06-05,LABORAL,08:00,70.0,123.94142601970447,125.60504201680672
1,2026-06-05,LABORAL,08:30,168.0,119.93821605615497,130.01666666666668
1,2026-06-05,LABORAL,09:00,164.0,115.1039223728979,128.7731092436975
1,2026-06-05,LABORAL,09:30,78.0,110.03526667934788,115.78333333333333
1,2026-06-05,LABORAL,10:00,87.0,105.35251473586416,93.95833333333333
1,2026-06-05,LABORAL,10:30,88.0,101.71971080312095,93.42857142857143
1,2026-06-05,LABORAL,11:00,85.0,99.82799026138332,90.56666666666666
1,2026-06-05,LABORAL,11:30,40.0,100.31260188323228,98.51666666666667
1,2026-06-05,LABORAL,12:00,120.0,103.60097884711132,107.04201680672269
1,2026-06-05,LABORAL,12:30,90.0,109.72113283982696,125.49166666666666
1,2026-06-05,LABORAL,13:00,100.0,118.12616808347238,124.38333333333334
1,2026-06-05,LABORAL,13:30,272.0,127.6022126511994,132.23529411764707
1,2026-06-05,LABORAL,14:00,119.0,136.31792674809472,144.4102564102564
1,2026-06-05,LABORAL,14:30,150.0,142.04424669865222,142.34453781512605
1,2026-06-05,LABORAL,15:00,149.0,142.52959493987106,162.18333333333334
1,2026-06-05,LABORAL,15:30,132.0,135.96953716517595,161.6153846153846
1,2026-06-05,LABORAL,16:00,138.0,121.47369453459234,134.95762711864407
1,2026-06-05,LABORAL,16:30,94.0,99.4177891445459,100.61666666666666
1,2026-06-05,LABORAL,17:00,23.0,71.58124761581716,68.81481481481481
1,2026-06-06,SABADO,04:30,77.0,77.4196551190402,64.12
1,2026-06-06,SABADO,05:00,60.0,83.93118446915952,60.44
1,2026-06-06,SABADO,05:30,86.0,90.1807254335896,89.38461538461539
1,2026-06-06,SABADO,06:00,58.0,94.96638321107082,85.96153846153847
1,2026-06-06,SABADO,06:30,74.0,97.52626435453055,108.76923076923077
1,2026-06-06,SABADO,07:00,153.0,97.56707574798534,97.6923076923077
1,2026-06-06,SABADO,07:30,65.0,95.1941113683923,98.8076923076923
1,2026-06-06,SABADO,08:00,103.0,90.78970518027663,94.46153846153847
1,2026-06-06,SABADO,08:30,84.0,84.89047627505309,93.96153846153847
1,2026-06-06,SABADO,09:00,169.0,78.10046812523477,95.76923076923077
1,2026-06-06,SABADO,09:30,50.0,71.05338026934442,80.15384615384616
1,2026-06-06,SABADO,10:00,64.0,64.41128149359247,76.15384615384616
1,2026-06-06,SABADO,10:30,149.0,58.868508014827604,83.52
1,2026-06-06,SABADO,11:30,84.0,53.799345951305945,77.28
1,2026-06-06,SABADO,12:00,61.0,55.29130701983354,88.1923076923077
1,2026-06-06,SABADO,13:00,58.0,66.16454819692262,64.08333333333333
1,2026-06-06,SABADO,13:30,68.0,73.78670664977282,68.66666666666667
1,2026-06-06,SABADO,14:00,113.0,80.67496327142504,70.12
1,2026-06-06,SABADO,14:30,52.0,84.6544869377766,81.79166666666667
1,2026-06-06,SABADO,15:00,71.0,83.51983303721393,60.916666666666664
1,2026-06-06,SABADO,16:00,82.0,59.59933097216086,47.291666666666664
1,2026-06-07,DOMINGO,06:30,16.0,36.813518405067995,24.5
1,2026-06-07,DOMINGO,07:00,25.0,38.61375495356125,34.44444444444444
1,2026-06-07,DOMINGO,07:30,32.0,38.2359886114467,30.666666666666668
1,2026-06-07,DOMINGO,08:00,19.0,36.03474907691124,34.86363636363637
1,2026-06-07,DOMINGO,08:30,67.0,32.48319907783532,42.69565217391305
1,2026-06-07,DOMINGO,09:30,53.0,23.526912260818484,38.75
1,2026-06-07,DOMINGO,10:00,23.0,19.357999330407786,36.05
1,2026-06-07,DOMINGO,10:30,15.0,16.323184655664832,33.666666666666664
1,2026-06-07,DOMINGO,11:00,37.0,15.157935445271754,32.5625
1,2026-06-07,DOMINGO,11:30,19.0,16.520403988104803,35.625
1,2026-06-07,DOMINGO,12:00,22.0,20.83318479548403,34.35294117647059
1,2026-06-07,DOMINGO,12:30,40.0,28.098899837310533,37.94736842105263
1,2026-06-07,DOMINGO,13:00,28.0,37.7416605610929,32.857142857142854
1,2026-06-07,DOMINGO,13:30,21.0,48.53377220542835,28.571428571428573
1,2026-06-07,DOMINGO,14:30,30.0,65.91632260740016,40.0
1,2026-06-07,DOMINGO,15:00,25.0,68.09907404417254,34.86666666666667
1,2026-06-07,DOMINGO,16:00,32.0,50.87948765643809,34.875
1,2026-06-08,FESTIVO_PUENTE,07:30,23.0,22.861858516797078,47.666666666666664
1,2026-06-08,FESTIVO_PUENTE,08:30,55.0,19.554839166245443,21.5
1,2026-06-08,FESTIVO_PUENTE,09:30,18.0,12.267908093274741,35.666666666666664
1,2026-06-08,FESTIVO_PUENTE,11:00,18.0,5.8709472563622,19.25
1,2026-06-08,FESTIVO_PUENTE,11:30,21.0,7.72902488547404,28.333333333333332
1,2026-06-08,FESTIVO_PUENTE,13:30,17.0,39.64802654464202,28.333333333333332
1,2026-06-08,FESTIVO_PUENTE,14:30,24.0,55.981688487952056,51.0
1,2026-06-08,FESTIVO_PUENTE,15:30,21.0,52.378847364077345,23.0
1,2026-06-09,LABORAL,04:30,88.0,111.65345313362954,103.98333333333333
1,2026-06-09,LABORAL,05:00,129.0,119.03997331921435,113.01680672268908
1,2026-06-09,LABORAL,05:30,140.0,126.33058471079785,129.85
1,2026-06-09,LABORAL,06:00,110.0,132.2300688037864,123.55833333333334
1,2026-06-09,LABORAL,06:30,141.0,135.9090159959266,131.45833333333334
1,2026-06-09,LABORAL,07:00,54.0,137.04145069158346,125.28571428571429
1,2026-06-09,LABORAL,07:30,168.0,135.73235406087318,130.79166666666666
1,2026-06-09,LABORAL,08:00,102.0,132.38479853524208,125.24369747899159
1,2026-06-09,LABORAL,08:30,66.0,127.56183488052169,129.91666666666666
1,2026-06-09,LABORAL,09:00,147.0,121.8856736282568,128.91596638655463
1,2026-06-09,LABORAL,09:30,129.0,115.991786698194,115.5
1,2026-06-09,LABORAL,10:00,89.0,110.52747687488463,94.21666666666667
1,2026-06-09,LABORAL,10:30,81.0,106.16297735605082,93.67226890756302
1,2026-06-09,LABORAL,11:00,83.0,103.5756394277477,90.69166666666666
1,2026-06-09,LABORAL,11:30,92.0,103.37702501627395,97.54166666666667
1,2026-06-09,LABORAL,12:00,147.0,105.97604407693126,107.50420168067227
1,2026-06-09,LABORAL,12:30,106.0,111.40123637112924,125.35833333333333
1,2026-06-09,LABORAL,13:00,147.0,119.13190115620223,123.5
1,2026-06-09,LABORAL,13:30,152.0,128.00144815252588,133.46218487394958
1,2026-06-09,LABORAL,14:00,186.0,136.2308575374526,144.05982905982907
1,2026-06-09,LABORAL,14:30,49.0,141.62469572012037,142.16806722689077
1,2026-06-09,LABORAL,15:00,135.0,141.92192951278167,161.58333333333334
1,2026-06-09,LABORAL,15:30,116.0,135.24886708536414,161.74358974358975
1,2026-06-09,LABORAL,16:00,133.0,120.58427392808325,134.97457627118644
1,2026-06-09,LABORAL,16:30,76.0,98.12836107563594,100.09166666666667
1,2026-06-10,LABORAL,04:30,121.0,93.4994249911105,103.60833333333333
1,2026-06-10,LABORAL,05:00,67.0,101.74054708303855,113.34453781512605
1,2026-06-10,LABORAL,05:30,145.0,109.75147465309905,129.65833333333333
1,2026-06-10,LABORAL,06:00,93.0,116.29408587201857,122.93333333333334
1,2026-06-10,LABORAL,06:30,136.0,120.60026207848281,131.9
1,2026-06-10,LABORAL,07:00,54.0,122.39487525724388,124.39495798319328
1,2026-06-10,LABORAL,07:30,154.0,121.81396957961869,130.41666666666666
1,2026-06-10,LABORAL,08:00,72.0,119.2691941698107,124.4873949579832
1,2026-06-10,LABORAL,08:30,112.0,115.31309792272148,129.05
1,2026-06-10,LABORAL,09:00,142.0,110.5457717044871,129.41176470588235
1,2026-06-10,LABORAL,09:30,100.0,105.57761077378271,114.88333333333334
1,2026-06-10,LABORAL,10:00,72.0,101.03498582480746,93.88333333333334
1,2026-06-10,LABORAL,10:30,76.0,97.57501284544254,93.17647058823529
1,2026-06-10,LABORAL,11:00,104.0,95.8694717336038,90.73333333333333
1,2026-06-10,LABORAL,11:30,65.0,96.52858354691085,97.39166666666667
1,2026-06-10,LABORAL,12:00,79.0,99.9596859678,107.96638655462185
1,2026-06-10,LABORAL,12:30,87.0,106.18611712148117,124.75833333333334
1,2026-06-10,LABORAL,13:00,167.0,114.67775378080238,123.5
1,2026-06-10,LABORAL,13:30,101.0,124.25722864719113,133.94957983193277
1,2026-06-10,LABORAL,14:00,50.0,133.1390002397223,143.72649572649573
1,2026-06-10,LABORAL,14:30,57.0,139.13180724156274,140.80672268907563
1,2026-06-10,LABORAL,15:00,66.0,139.99419979232084,160.89166666666668
1,2026-06-10,LABORAL,15:30,47.0,133.888097768485,161.0854700854701
1,2026-06-10,LABORAL,16:00,37.0,119.83903170717926,134.635593220339
3,2026-04-02,FESTIVO,07:00,26.0,78.93805256442528,11.0
3,2026-04-02,FESTIVO,07:30,42.0,51.09968087758671,126.4241668555883
3,2026-04-02,FESTIVO,08:00,11.0,31.055568155720948,14.0
3,2026-04-02,FESTIVO,08:30,62.0,19.944986109295257,17.5
3,2026-04-02,FESTIVO,09:00,50.0,16.265455447855288,16.0
3,2026-04-02,FESTIVO,09:30,17.0,17.171977030055984,126.4241668555883
3,2026-04-02,FESTIVO,10:00,24.0,19.743303275257176,126.4241668555883
3,2026-04-02,FESTIVO,10:30,46.0,21.897111833341512,22.5
3,2026-04-02,FESTIVO,11:00,22.0,22.78239942836251,126.4241668555883
3,2026-04-02,FESTIVO,11:30,55.0,22.65100093327652,48.5
3,2026-04-02,FESTIVO,12:00,14.0,22.36037424835149,126.4241668555883
3,2026-04-02,FESTIVO,12:30,46.0,22.746388620442303,35.0
3,2026-04-02,FESTIVO,13:00,29.0,24.108408497717335,25.0
3,2026-04-02,FESTIVO,13:30,13.0,25.9754371840221,126.4241668555883
3,2026-04-02,FESTIVO,14:00,23.0,27.199998103686937,126.4241668555883
3,2026-04-02,FESTIVO,14:30,26.0,26.297729394997987,35.0
3,2026-04-02,FESTIVO,15:00,21.0,21.857920590237768,126.4241668555883
3,2026-04-02,FESTIVO,15:30,20.0,12.823854850066482,126.4241668555883
3,2026-04-02,FESTIVO,16:00,42.0,-1.5089874185617305,126.4241668555883
3,2026-04-03,FESTIVO,07:00,1.0,82.23773473629626,18.5
3,2026-04-03,FESTIVO,07:30,28.0,54.644662896694,42.0
3,2026-04-03,FESTIVO,08:30,25.0,24.140096823116608,32.333333333333336
3,2026-04-03,FESTIVO,09:00,17.0,21.035462574434234,33.0
3,2026-04-03,FESTIVO,09:30,17.0,22.634200411258576,17.0
3,2026-04-03,FESTIVO,10:30,35.0,28.56805090398268,30.333333333333332
3,2026-04-03,FESTIVO,11:00,14.0,29.743549747706027,22.0
3,2026-04-03,FESTIVO,11:30,24.0,29.663188202031392,50.666666666666664
3,2026-04-03,FESTIVO,12:30,27.0,29.542735822703605,40.5
3,2026-04-03,FESTIVO,14:00,24.0,34.47284623230877,23.0
3,2026-04-03,FESTIVO,15:00,28.0,29.484773812454364,21.0
3,2026-04-04,SABADO,04:00,25.0,20.637462043591427,40.24
3,2026-04-04,SABADO,04:30,86.0,130.3780158827043,96.6923076923077
3,2026-04-04,SABADO,05:00,64.0,192.30599037810418,163.92307692307693
3,2026-04-04,SABADO,05:30,98.0,213.21307411113224,148.3846153846154
3,2026-04-04,SABADO,06:00,100.0,204.00893664100178,207.57692307692307
3,2026-04-04,SABADO,06:30,67.0,177.15370912029394,192.34615384615384
3,2026-04-04,SABADO,07:00,73.0,144.20478406452898,135.19230769230768
3,2026-04-04,SABADO,07:30,42.0,113.96728670043464,108.11538461538461
3,2026-04-04,SABADO,08:00,107.0,91.5507259775903,118.26923076923077
3,2026-04-04,SABADO,08:30,32.0,78.39378548328415,108.84615384615384
3,2026-04-04,SABADO,09:00,85.0,73.08726968181173,94.11538461538461
3,2026-04-04,SABADO,09:30,97.0,72.65834459274924,87.61538461538461
3,2026-04-04,SABADO,10:00,31.0,73.91386011286079,90.76923076923077
3,2026-04-04,SABADO,10:30,36.0,74.48472348081435,77.76923076923077
3,2026-04-04,SABADO,11:00,44.0,73.34591239245728,94.65384615384616
3,2026-04-04,SABADO,11:30,70.0,70.76463547790976,87.08
3,2026-04-04,SABADO,12:00,31.0,67.7998735367481,85.07692307692308
3,2026-04-04,SABADO,12:30,62.0,65.59295493388393,78.91304347826087
3,2026-04-04,SABADO,13:30,41.0,64.83882367441174,66.92
3,2026-04-04,SABADO,14:00,27.0,64.68993996353618,69.25
3,2026-04-04,SABADO,14:30,64.0,62.476307894807064,65.64
3,2026-04-04,SABADO,15:00,30.0,56.388952388540844,67.9090909090909
3,2026-04-04,SABADO,15:30,72.0,45.09243425580988,57.78260869565217
3,2026-04-05,DOMINGO,07:00,15.0,69.56845934844506,30.95
3,2026-04-05,DOMINGO,07:30,32.0,42.498746638684736,33.833333333333336
3,2026-04-05,DOMINGO,08:00,33.0,23.375412581980754,40.583333333333336
3,2026-04-05,DOMINGO,08:30,22.0,13.393649070655954,37.05263157894737
3,2026-04-05,DOMINGO,09:30,30.0,13.44569658360274,33.15
3,2026-04-05,DOMINGO,10:30,34.0,21.228766495796435,37.3
3,2026-04-05,DOMINGO,11:30,36.0,24.78763773289438,30.375
3,2026-04-05,DOMINGO,12:00,21.0,25.884272004015145,35.22727272727273
3,2026-04-05,DOMINGO,14:00,31.0,38.27726694831796,33.0
3,2026-04-05,DOMINGO,14:30,28.0,39.7760135344015,35.529411764705884
3,2026-04-05,DOMINGO,15:00,17.0,37.71365489411659,36.07692307692308
3,2026-04-06,LABORAL,04:00,35.0,22.88970295726,56.663716814159294
3,2026-04-06,LABORAL,04:30,118.0,136.2774864888847,143.19327731092437
3,2026-04-06,LABORAL,05:00,262.0,202.3814702753449,265.64166666666665
3,2026-04-06,LABORAL,05:30,251.0,227.63598285282055,242.65
3,2026-04-06,LABORAL,06:00,180.0,222.7188141664674,299.625
3,2026-04-06,LABORAL,06:30,304.0,199.9969182055234,213.91666666666666
3,2026-04-06,LABORAL,07:00,186.0,171.04828156546697,172.9
3,2026-04-06,LABORAL,07:30,141.0,144.7626726390595,151.73949579831933
3,2026-04-06,LABORAL,08:00,172.0,126.34195273987945,138.75862068965517
3,2026-04-06,LABORAL,08:30,117.0,117.27947527480322,140.30252100840337
3,2026-04-06,LABORAL,09:00,134.0,116.16070258913933,137.49579831932772
3,2026-04-06,LABORAL,09:30,137.0,119.95187159198554,119.21186440677967
3,2026-04-06,LABORAL,10:00,145.0,125.36940443413047,128.55084745762713
3,2026-04-06,LABORAL,10:30,70.0,129.96038887637098,116.46666666666667
3,2026-04-06,LABORAL,11:00,185.0,132.6545895661513,108.89075630252101
3,2026-04-06,LABORAL,11:30,101.0,133.7285476932814,130.76470588235293
3,2026-04-06,LABORAL,12:00,198.0,134.2990836865639,170.66666666666666
3,2026-04-06,LABORAL,12:30,179.0,135.58787352944546,138.40677966101694
3,2026-04-06,LABORAL,13:00,124.0,138.23921725511477,138.49166666666667
3,2026-04-06,LABORAL,13:30,175.0,141.92376035190756,134.10084033613447
3,2026-04-06,LABORAL,14:00,113.0,145.34218031703816,127.78151260504201
3,2026-04-06,LABORAL,14:30,150.0,146.59474416000953,143.84745762711864
3,2026-04-06,LABORAL,15:00,117.0,143.75272320548885,143.2268907563025
3,2026-04-06,LABORAL,15:30,110.0,135.39692432786947,136.04237288135593
3,2026-04-06,LABORAL,16:00,125.0,120.89950117477807,107.04310344827586
3,2026-04-06,LABORAL,16:30,119.0,100.3150067626392,83.77391304347826
3,2026-04-06,LABORAL,17:30,17.0,41.334339145760566,34.61764705882353
3,2026-04-07,LABORAL,04:00,45.0,62.4010342444914,56.08849557522124
3,2026-04-07,LABORAL,04:30,72.0,174.0187087819555,143.16806722689077
3,2026-04-07,LABORAL,05:00,361.0,237.14025479480432,265.4916666666667
3,2026-04-07,LABORAL,05:30,270.0,258.8928483168072,241.96666666666667
3,2026-04-07,LABORAL,06:00,358.0,250.4709672881598,297.8666666666667
3,2026-04-07,LABORAL,06:30,182.0,224.52463318497686,214.40833333333333
3,2026-04-07,LABORAL,07:00,214.0,192.69246925752975,173.18333333333334
3,2026-04-07,LABORAL,07:30,200.0,163.7669892078324,151.01680672268907
3,2026-04-07,LABORAL,08:00,177.0,142.78586747746212,139.01724137931035
3,2026-04-07,LABORAL,08:30,130.0,131.09854111196873,139.30252100840337
3,2026-04-07,LABORAL,09:00,91.0,127.22543266477567,137.43697478991598
3,2026-04-07,LABORAL,09:30,144.0,128.16355223868584,119.71186440677967
3,2026-04-07,LABORAL,10:00,185.0,130.73249528224412,128.26271186440678
3,2026-04-07,LABORAL,10:30,96.0,132.6051585640937,115.76666666666667
3,2026-04-07,LABORAL,11:00,107.0,132.80495351574177,109.74789915966386
3,2026-04-07,LABORAL,11:30,183.0,131.63142492892794,130.2941176470588
3,2026-04-07,LABORAL,12:00,133.0,130.14597280636886,170.94166666666666
3,2026-04-07,LABORAL,12:30,194.0,129.46213998417738,138.09322033898306
3,2026-04-07,LABORAL,13:00,98.0,130.1129051185207,138.44166666666666
3,2026-04-07,LABORAL,13:30,150.0,131.70871193864215,134.30252100840337
3,2026-04-07,LABORAL,14:00,189.0,132.9780646477366,127.72268907563026
3,2026-04-07,LABORAL,14:30,168.0,132.1386913413637,143.95762711864407
3,2026-04-07,LABORAL,15:00,111.0,127.42806079811493,142.3361344537815
3,2026-04-07,LABORAL,15:30,174.0,117.56543178558277,136.0593220338983
3,2026-04-07,LABORAL,16:00,111.0,101.94187887876515,106.58620689655173
3,2026-04-07,LABORAL,16:30,108.0,80.43295686027557,83.74782608695652
3,2026-04-08,LABORAL,04:00,88.0,40.54395875395565,55.9646017699115
3,2026-04-08,LABORAL,04:30,146.0,153.1212698778566,142.5546218487395
3,2026-04-08,LABORAL,05:00,229.0,217.10198971786272,266.775
3,2026-04-08,LABORAL,05:30,335.0,239.7097139964897,241.44166666666666
3,2026-04-08,LABORAL,06:00,278.0,232.19692071944522,298.34166666666664
3,2026-04-08,LABORAL,06:30,162.0,207.23226040418257,213.575
3,2026-04-08,LABORAL,07:00,154.0,176.44271270778412,172.89166666666668
3,2026-04-08,LABORAL,07:30,108.0,148.5936031780942,151.4453781512605
3,2026-04-08,LABORAL,08:00,168.0,128.69497559032575,139.56034482758622
3,2026-04-08,LABORAL,08:30,127.0,118.07911910723203,139.58823529411765
3,2026-04-08,LABORAL,09:00,147.0,115.26390766512148,136.61344537815125
3,2026-04-08,LABORAL,09:30,119.0,117.25556800568592,119.38135593220339
3,2026-04-08,LABORAL,10:00,126.0,120.88704233036705,129.27966101694915
3,2026-04-08,LABORAL,10:30,155.0,123.8398357965333,114.95
3,2026-04-08,LABORAL,11:00,98.0,125.13485274341215,110.0
3,2026-04-08,LABORAL,11:30,121.0,125.05675055089154,130.65546218487395
3,2026-04-08,LABORAL,12:00,229.0,124.64414877917633,170.475
3,2026-04-08,LABORAL,12:30,98.0,124.98858435283205,138.47457627118644
3,2026-04-08,LABORAL,13:00,191.0,126.61135764985235,138.03333333333333
3,2026-04-08,LABORAL,13:30,186.0,129.1280484533484,133.91596638655463
3,2026-04-08,LABORAL,14:00,91.0,131.2892490578404,127.63865546218487
3,2026-04-08,LABORAL,14:30,195.0,131.34409131238544,143.97457627118644
3,2026-04-08,LABORAL,15:00,61.0,127.55646330883494,141.9747899159664
3,2026-04-08,LABORAL,15:30,106.0,118.64967710446314,136.64406779661016
3,2026-04-08,LABORAL,16:00,140.0,103.98125403308367,106.13793103448276
3,2026-04-08,LABORAL,16:30,55.0,83.34795093357559,83.54782608695652
3,2026-04-08,LABORAL,17:00,40.0,56.46174677049939,53.36666666666667
3,2026-04-09,LABORAL,04:00,77.0,46.58423648744332,56.29203539823009
3,2026-04-09,LABORAL,04:30,66.0,159.19221154496813,142.1596638655462
3,2026-04-09,LABORAL,05:00,348.0,222.6601369488272,267.39166666666665
3,2026-04-09,LABORAL,05:30,236.0,244.54371194907407,241.125
3,2026-04-09,LABORAL,06:00,306.0,236.3366959815935,298.75
3,2026-04-09,LABORAL,06:30,126.0,210.8318462500016,213.13333333333333
3,2026-04-09,LABORAL,07:00,183.0,179.67013165604186,172.05
3,2026-04-09,LABORAL,07:30,230.0,151.55369653282554,150.67226890756302
3,2026-04-09,LABORAL,08:00,90.0,131.3979198041721,139.81034482758622
3,2026-04-09,LABORAL,08:30,120.0,120.45263323475274,139.21848739495798
3,2026-04-09,LABORAL,09:00,139.0,117.19498637398334,137.63025210084032
3,2026-04-09,LABORAL,09:30,145.0,118.64110050024948,119.72033898305085
3,2026-04-09,LABORAL,10:00,170.0,121.67320170087606,129.51694915254237
3,2026-04-09,LABORAL,10:30,38.0,124.0368547500043,115.14166666666667
3,2026-04-09,LABORAL,11:00,172.0,124.80417993737825,109.70588235294117
3,2026-04-09,LABORAL,11:30,78.0,124.2780937873539,130.71428571428572
3,2026-04-09,LABORAL,12:00,159.0,123.47715217441691,170.31666666666666
3,2026-04-09,LABORAL,12:30,43.0,123.44557348325611,138.5084745762712
3,2026-04-09,LABORAL,13:00,169.0,124.65322299878869,138.81666666666666
3,2026-04-09,LABORAL,13:30,141.0,126.68635613042721,134.10084033613447
3,2026-04-09,LABORAL,14:00,81.0,128.30700169036146,127.05042016806723
3,2026-04-09,LABORAL,14:30,162.0,127.81877181318083,144.40677966101694
3,2026-04-09,LABORAL,15:00,126.0,123.5651959368999,141.08403361344537
3,2026-04-09,LABORAL,15:30,144.0,114.33924207272116,136.33898305084745
3,2026-04-09,LABORAL,16:00,93.0,99.51501614896983,106.46551724137932
3,2026-04-09,LABORAL,16:30,78.0,78.81522966489251,83.18260869565218
3,2026-04-09,LABORAL,17:00,41.0,51.76904472529634,53.27777777777778
3,2026-04-10,LABORAL,04:00,93.0,45.18071741941995,56.473684210526315
3,2026-04-10,LABORAL,04:30,50.0,156.99961634408055,140.8655462184874
3,2026-04-10,LABORAL,05:00,298.0,220.83326952633385,268.4166666666667
3,2026-04-10,LABORAL,05:30,229.0,243.57666294445696,240.175
3,2026-04-10,LABORAL,06:00,416.0,236.24389293092713,299.2
3,2026-04-10,LABORAL,06:30,134.0,211.37636733051167,211.98333333333332
3,2026-04-10,LABORAL,07:00,192.0,180.57356002747198,172.25
3,2026-04-10,LABORAL,07:30,153.0,152.63869517856676,150.7563025210084
3,2026-04-10,LABORAL,08:00,186.0,132.6418696171547,139.97413793103448
3,2026-04-10,LABORAL,08:30,170.0,121.95974568453391,138.890756302521
3,2026-04-10,LABORAL,09:00,142.0,119.11709104802134,137.91596638655463
3,2026-04-10,LABORAL,09:30,78.0,121.08802368982955,119.86440677966101
3,2026-04-10,LABORAL,10:00,122.0,124.65036646040221,129.66101694915255
3,2026-04-10,LABORAL,10:30,141.0,127.43271895168797,114.35
3,2026-04-10,LABORAL,11:00,110.0,128.42900948804802,110.10084033613445
3,2026-04-10,LABORAL,11:30,94.0,127.93553342835446,130.5546218487395
3,2026-04-10,LABORAL,12:00,198.0,127.03768001709719,170.425
3,2026-04-10,LABORAL,12:30,109.0,126.89020308545466,137.98305084745763
3,2026-04-10,LABORAL,13:00,135.0,128.06698030875214,138.79166666666666
3,2026-04-10,LABORAL,13:30,178.0,130.2005107072591,133.890756302521
3,2026-04-10,LABORAL,14:00,137.0,132.0104080144203,127.18487394957984
3,2026-04-10,LABORAL,14:30,191.0,131.6747449458361,144.24576271186442
3,2026-04-10,LABORAL,15:00,83.0,127.37519693149349,139.94117647058823
3,2026-04-10,LABORAL,15:30,61.0,117.78555325911026,136.5677966101695
3,2026-04-10,LABORAL,16:00,37.0,102.29297704088088,106.33620689655173
3,2026-04-10,LABORAL,16:30,68.0,80.8368798020878,83.13793103448276
3,2026-04-10,LABORAL,17:00,57.0,53.39219050386862,52.644444444444446
3,2026-04-11,SABADO,04:00,30.0,18.066866762640416,40.04
3,2026-04-11,SABADO,04:30,71.0,128.29581742504382,97.57692307692308
3,2026-04-11,SABADO,05:00,232.0,190.11790780926336,160.76923076923077
3,2026-04-11,SABADO,05:30,148.0,210.64803151780757,146.34615384615384
3,2026-04-11,SABADO,06:00,161.0,201.06678432744587,205.65384615384616
3,2026-04-11,SABADO,06:30,201.0,174.00654613230463,186.8846153846154
3,2026-04-11,SABADO,07:00,141.0,141.0836589469663,129.8846153846154
3,2026-04-11,SABADO,07:30,119.0,111.06488300664705,104.96153846153847
3,2026-04-11,SABADO,08:00,76.0,88.96185213969446,117.5
3,2026-04-11,SABADO,08:30,134.0,76.10205931616167,106.6923076923077
3,2026-04-11,SABADO,09:00,77.0,70.99231466345867,91.84615384615384
3,2026-04-11,SABADO,09:30,89.0,70.6269974059177,89.23076923076923
3,2026-04-11,SABADO,10:00,75.0,71.83406999186934,87.0
3,2026-04-11,SABADO,10:30,121.0,72.30289182774965,76.88461538461539
3,2026-04-11,SABADO,11:00,101.0,71.07624354949414,91.42307692307692
3,2026-04-11,SABADO,11:30,45.0,68.46989411106847,85.68
3,2026-04-11,SABADO,12:00,87.0,65.5532490250078,83.76923076923077
3,2026-04-11,SABADO,12:30,109.0,63.437270697377954,75.73913043478261
3,2026-04-11,SABADO,13:00,25.0,62.64319066454067,73.69565217391305
3,2026-04-11,SABADO,13:30,40.0,62.765792467947165,63.56
3,2026-04-11,SABADO,14:00,82.0,62.52199422390649,67.83333333333333
3,2026-04-11,SABADO,15:00,142.0,53.850103639531994,66.26086956521739
3,2026-04-11,SABADO,16:00,18.0,25.361716263576255,52.89473684210526
3,2026-04-11,SABADO,16:30,29.0,2.5562512018930192,50.53846153846154
3,2026-04-12,DOMINGO,08:00,34.0,28.955482422449904,40.875
3,2026-04-12,DOMINGO,08:30,24.0,19.02879986282477,36.3
3,2026-04-12,DOMINGO,09:30,32.0,19.56459826645704,33.0
3,2026-04-12,DOMINGO,10:00,38.0,23.876993738552414,40.09090909090909
3,2026-04-12,DOMINGO,11:00,25.0,29.738973457607926,39.94444444444444
3,2026-04-12,DOMINGO,12:00,28.0,31.497754645417103,35.31818181818182
3,2026-04-12,DOMINGO,13:00,21.0,36.29095768527304,31.72222222222222
3,2026-04-12,DOMINGO,14:00,25.0,43.976061292768804,30.571428571428573
3,2026-04-13,LABORAL,04:00,81.0,24.433274584710148,56.421052631578945
3,2026-04-13,LABORAL,04:30,93.0,142.2698925965633,140.4453781512605
3,2026-04-13,LABORAL,05:00,270.0,208.46455774504273,268.15833333333336
3,2026-04-13,LABORAL,05:30,294.0,232.03615644185152,239.86666666666667
3,2026-04-13,LABORAL,06:00,206.0,225.51178189656912,300.19166666666666
3,2026-04-13,LABORAL,06:30,291.0,202.19348300969557,210.90833333333333
3,2026-04-13,LABORAL,07:00,188.0,173.76146810933352,172.05833333333334
3,2026-04-13,LABORAL,07:30,144.0,148.64814567638444,150.78991596638656
3,2026-04-13,LABORAL,08:00,111.0,131.39524261318962,140.72413793103448
3,2026-04-13,LABORAL,08:30,55.0,122.95815339813163,139.2268907563025
3,2026-04-13,LABORAL,09:00,66.0,121.70969609454005,137.91596638655463
3,2026-04-13,LABORAL,09:30,25.0,124.76832639778343,119.4322033898305
3,2026-04-13,LABORAL,10:00,114.0,129.25729528595838,129.64406779661016
3,2026-04-13,LABORAL,10:30,178.0,133.1852011628469,114.45833333333333
3,2026-04-13,LABORAL,11:00,48.0,135.7924484710814,110.09243697478992
3,2026-04-13,LABORAL,11:30,150.0,137.383633550022,130.3613445378151
3,2026-04-13,LABORAL,12:00,126.0,138.812085136458,170.50833333333333
3,2026-04-13,LABORAL,12:30,147.0,140.8609138180832,137.83050847457628
3,2026-04-13,LABORAL,13:00,194.0,143.75837700526023,138.49166666666667
3,2026-04-13,LABORAL,13:30,70.0,146.98337102589397,134.19327731092437
3,2026-04-13,LABORAL,14:00,121.0,149.39070018260412,127.3109243697479
3,2026-04-13,LABORAL,14:30,121.0,149.55881382895268,144.45762711864407
3,2026-04-13,LABORAL,15:00,134.0,146.17717489937672,139.63025210084032
3,2026-04-13,LABORAL,15:30,118.0,138.2747096424569,135.20338983050848
3,2026-04-13,LABORAL,16:00,105.0,125.1508807779681,106.01724137931035
3,2026-04-13,LABORAL,16:30,41.0,105.98847538575768,82.90517241379311
3,2026-04-13,LABORAL,17:00,48.0,79.26473950086972,52.75555555555555
3,2026-04-14,LABORAL,04:00,50.0,64.35718342770133,56.63478260869565
3,2026-04-14,LABORAL,04:30,113.0,176.85091662777796,140.05
3,2026-04-14,LABORAL,05:00,362.0,239.96463971457212,268.1735537190083
3,2026-04-14,LABORAL,05:30,148.0,261.36052308152006,240.31404958677686
3,2026-04-14,LABORAL,06:00,316.0,252.60949539495346,299.41322314049586
3,2026-04-14,LABORAL,06:30,252.0,226.5454125151232,211.5702479338843
3,2026-04-14,LABORAL,07:00,162.0,194.8188903433682,172.1900826446281
3,2026-04-14,LABORAL,07:30,163.0,166.12283541586203,150.73333333333332
3,2026-04-14,LABORAL,08:00,165.0,145.35982254097576,140.47008547008548
3,2026-04-14,LABORAL,08:30,139.0,133.77605015344386,138.525
3,2026-04-14,LABORAL,09:00,105.0,129.86044048873748,137.31666666666666
3,2026-04-14,LABORAL,09:30,134.0,130.65456926112387,118.63865546218487
3,2026-04-14,LABORAL,10:00,194.0,133.07139595649437,129.51260504201682
3,2026-04-14,LABORAL,10:30,62.0,134.8808862586293,114.98347107438016
3,2026-04-14,LABORAL,11:00,141.0,135.1628771225606,109.575
3,2026-04-14,LABORAL,11:30,145.0,134.20622543524667,130.525
3,2026-04-14,LABORAL,12:00,188.0,132.99604488630723,170.1404958677686
3,2026-04-14,LABORAL,12:30,141.0,132.53330648356786,137.9075630252101
3,2026-04-14,LABORAL,13:00,89.0,133.24877715899885,138.9504132231405
3,2026-04-14,LABORAL,13:30,188.0,134.7075878619405,133.65833333333333
3,2026-04-14,LABORAL,14:00,39.0,135.6774686129006,127.25833333333334
3,2026-04-14,LABORAL,14:30,142.0,134.49478225843342,144.26050420168067
3,2026-04-14,LABORAL,15:00,105.0,129.55323277168753,139.58333333333334
3,2026-04-14,LABORAL,15:30,163.0,119.69570630348625,135.05882352941177
3,2026-04-14,LABORAL,16:00,87.0,104.32476813763867,106.00854700854701
3,2026-04-14,LABORAL,16:30,83.0,83.15157210160396,82.54700854700855
3,2026-04-14,LABORAL,17:00,36.0,55.643938416459434,52.7032967032967
3,2026-04-14,LABORAL,17:30,10.0,20.36699186302144,34.3235294117647
3,2026-04-15,LABORAL,04:00,53.0,40.945495057126834,56.44347826086957
3,2026-04-15,LABORAL,04:30,128.0,155.817198631201,139.575
3,2026-04-15,LABORAL,05:00,321.0,219.86841462289794,268.8677685950413
3,2026-04-15,LABORAL,05:30,297.0,241.65058595729943,240.89256198347107
3,2026-04-15,LABORAL,06:00,180.0,233.3362872635986,299.2892561983471
3,2026-04-15,LABORAL,06:30,204.0,208.035706594609,211.88429752066116
3,2026-04-15,LABORAL,07:00,162.0,177.40165098424717,171.44628099173553
3,2026-04-15,LABORAL,07:30,186.0,149.9643871050199,150.875
3,2026-04-15,LABORAL,08:00,171.0,130.42496701345794,140.82051282051282
3,2026-04-15,LABORAL,08:30,175.0,119.89195048476842,138.21666666666667
3,2026-04-15,LABORAL,09:00,140.0,116.83290398523383,136.31666666666666
3,2026-04-15,LABORAL,09:30,146.0,118.37832461148497,118.3109243697479
3,2026-04-15,LABORAL,10:00,87.0,121.58758040557399,129.7310924369748
3,2026-04-15,LABORAL,10:30,62.0,124.36089593905655,114.47107438016529
3,2026-04-15,LABORAL,11:00,67.0,125.82862454527634,109.59166666666667
3,2026-04-15,LABORAL,11:30,124.0,126.22222312321043,130.49166666666667
3,2026-04-15,LABORAL,12:00,158.0,126.38019406122191,169.1487603305785
3,2026-04-15,LABORAL,12:30,119.0,127.12700156878822,138.64705882352942
3,2026-04-15,LABORAL,13:00,90.0,128.7648600351842,138.89256198347107
3,2026-04-15,LABORAL,13:30,148.0,130.84389734986166,133.65833333333333
3,2026-04-15,LABORAL,14:00,131.0,132.25440673134602,127.19166666666666
3,2026-04-15,LABORAL,14:30,146.0,131.55766581836235,143.5546218487395
3,2026-04-15,LABORAL,15:00,103.0,127.38132050095982,139.15
3,2026-04-15,LABORAL,15:30,54.0,118.6813779202858,134.49579831932772
3,2026-04-15,LABORAL,16:00,100.0,104.72384973595172,105.11965811965813
3,2026-04-15,LABORAL,16:30,56.0,84.7494692180681,82.71794871794872
3,2026-04-15,LABORAL,17:00,28.0,57.41955107031788,52.18681318681319
3,2026-04-16,LABORAL,04:00,51.0,47.33632565035208,56.278260869565216
3,2026-04-16,LABORAL,04:30,122.0,158.9690521431929,139.025
3,2026-04-16,LABORAL,05:00,310.0,222.59520782250036,269.72727272727275
3,2026-04-16,LABORAL,05:30,197.0,245.04185920120844,241.0082644628099
3,2026-04-16,LABORAL,06:00,258.0,237.29436356187287,298.10743801652893
3,2026-04-16,LABORAL,06:30,213.0,211.90155351602465,211.40495867768595
3,2026-04-16,LABORAL,07:00,209.0,180.49679471661605,172.0
3,2026-04-16,LABORAL,07:30,136.0,151.93074625696312,150.38333333333333
3,2026-04-16,LABORAL,08:00,78.0,131.32190592660825,140.56410256410257
3,2026-04-16,LABORAL,08:30,115.0,120.08684990098823,138.49166666666667
3,2026-04-16,LABORAL,09:00,138.0,116.77683249722585,136.225
3,2026-04-16,LABORAL,09:30,84.0,118.3784706021288,118.15126050420169
3,2026-04-16,LABORAL,10:00,149.0,121.67057860618254,129.4033613445378
3,2026-04-16,LABORAL,10:30,75.0,124.27485539626122,113.85950413223141
3,2026-04-16,LABORAL,11:00,73.0,125.17345263429101,109.51666666666667
3,2026-04-16,LABORAL,11:30,170.0,124.64747633630319,130.55833333333334
3,2026-04-16,LABORAL,12:00,159.0,123.76373679743136,168.93388429752065
3,2026-04-16,LABORAL,12:30,98.0,123.65466658556775,137.52941176470588
3,2026-04-16,LABORAL,13:00,146.0,124.86889550601524,138.86776859504133
3,2026-04-16,LABORAL,13:30,140.0,127.01408155135172,133.7
3,2026-04-16,LABORAL,14:00,26.0,128.7917582073464,127.34166666666667
3,2026-04-16,LABORAL,14:30,100.0,128.37730190475023,143.63025210084032
3,2026-04-16,LABORAL,15:00,171.0,123.9739538186721,138.85833333333332
3,2026-04-16,LABORAL,15:30,109.0,114.30761704977968,133.50420168067228
3,2026-04-16,LABORAL,16:00,91.0,98.84890463361683,104.58974358974359
3,2026-04-16,LABORAL,16:30,53.0,77.64525292586453,82.52136752136752
3,2026-04-16,LABORAL,17:00,49.0,50.78947502158516,51.65934065934066
3,2026-04-17,LABORAL,04:00,51.0,42.24133871165088,56.19130434782609
3,2026-04-17,LABORAL,04:30,175.0,157.50679553608,138.71666666666667
3,2026-04-17,LABORAL,05:00,273.0,221.65759615128883,269.9586776859504
3,2026-04-17,LABORAL,05:30,179.0,243.38356343655107,240.0495867768595
3,2026-04-17,LABORAL,06:00,288.0,234.9675750579671,298.1900826446281
3,2026-04-17,LABORAL,06:30,291.0,209.5858358175052,211.50413223140495
3,2026-04-17,LABORAL,07:00,120.0,178.9106128727521,172.3801652892562
3,2026-04-17,LABORAL,07:30,111.0,151.45499500133582,150.44166666666666
3,2026-04-17,LABORAL,08:00,143.0,131.88367784364658,139.71794871794873
3,2026-04-17,LABORAL,08:30,187.0,121.26864024122824,138.14166666666668
3,2026-04-17,LABORAL,09:00,111.0,118.05541301194091,136.425
3,2026-04-17,LABORAL,09:30,136.0,119.37381196775647,118.19327731092437
3,2026-04-17,LABORAL,10:00,139.0,122.3017530371875,129.109243697479
3,2026-04-17,LABORAL,10:30,76.0,124.7680534142159,113.42148760330579
3,2026-04-17,LABORAL,11:00,105.0,125.92940227641822,109.06666666666666
3,2026-04-17,LABORAL,11:30,204.0,126.03057445845815,131.00833333333333
3,2026-04-17,LABORAL,12:00,196.0,125.90501557737173,168.94214876033058
3,2026-04-17,LABORAL,12:30,96.0,126.35565652666213,136.71428571428572
3,2026-04-17,LABORAL,13:00,114.0,127.65512074634933,138.76859504132233
3,2026-04-17,LABORAL,13:30,162.0,129.32774932537677,133.775
3,2026-04-17,LABORAL,14:30,106.0,129.00035541599948,143.08403361344537
3,2026-04-17,LABORAL,15:00,166.0,124.22482881183703,138.91666666666666
3,2026-04-17,LABORAL,15:30,98.0,114.91497725387387,133.2268907563025
3,2026-04-17,LABORAL,16:00,107.0,100.35896515342137,104.41880341880342
3,2026-04-17,LABORAL,16:30,80.0,79.79111914174416,82.12820512820512
3,2026-04-17,LABORAL,17:00,56.0,51.824974473375846,51.9010989010989
3,2026-04-18,SABADO,04:00,36.0,15.670117422230987,39.64
3,2026-04-18,SABADO,04:30,99.0,129.37288752675101,96.1923076923077
3,2026-04-18,SABADO,05:00,163.0,191.4731166634732,165.30769230769232
3,2026-04-18,SABADO,05:30,123.0,210.91423203230352,143.46153846153845
3,2026-04-18,SABADO,06:00,222.0,200.17629678287108,206.03846153846155
3,2026-04-18,SABADO,06:30,96.0,172.5504534265799,186.15384615384616
3,2026-04-18,SABADO,07:00,123.0,139.74069937327357,130.30769230769232
3,2026-04-18,SABADO,07:30,117.0,110.22855941522636,104.5
3,2026-04-18,SABADO,08:00,107.0,88.61587031508623,115.6923076923077
3,2026-04-18,SABADO,08:30,118.0,75.91375583165382,104.53846153846153
3,2026-04-18,SABADO,09:00,90.0,70.53381155389098,92.61538461538461
3,2026-04-18,SABADO,09:30,53.0,69.60936130588891,87.88461538461539
3,2026-04-18,SABADO,10:00,50.0,70.25441825318165,84.57692307692308
3,2026-04-18,SABADO,10:30,64.0,70.45012431618397,79.34615384615384
3,2026-04-18,SABADO,11:00,47.0,69.4010023318495,90.88461538461539
3,2026-04-18,SABADO,11:30,125.0,67.37806503448002,78.96
3,2026-04-18,SABADO,12:00,83.0,65.21210116898578,84.92307692307692
3,2026-04-18,SABADO,12:30,46.0,63.679447209941316,76.95652173913044
3,2026-04-18,SABADO,13:00,68.0,63.01736765483213,72.34782608695652
3,2026-04-18,SABADO,13:30,26.0,62.725616008365535,61.36
3,2026-04-18,SABADO,14:00,98.0,61.68568903322688,67.45833333333333
3,2026-04-18,SABADO,14:30,29.0,58.50277820169566,66.375
3,2026-04-18,SABADO,15:00,35.0,51.88958329008858,71.04347826086956
3,2026-04-18,SABADO,15:30,42.0,40.894483693435575,58.68181818181818
3,2026-04-18,SABADO,16:00,39.0,24.835366817984323,49.78947368421053
3,2026-04-19,DOMINGO,07:00,26.0,74.31334859152037,28.31578947368421
3,2026-04-19,DOMINGO,07:30,51.0,47.04282341980644,34.47826086956522
3,2026-04-19,DOMINGO,08:00,47.0,27.783871830874716,40.708333333333336
3,2026-04-19,DOMINGO,09:00,45.0,15.410171124521014,36.64705882352941
3,2026-04-19,DOMINGO,09:30,36.0,17.854160945875606,32.95238095238095
3,2026-04-19,DOMINGO,11:30,27.0,29.378740634580595,30.9375
3,2026-04-19,DOMINGO,12:00,23.0,30.47598672114958,35.40909090909091
3,2026-04-19,DOMINGO,13:00,24.0,35.378013144637634,31.61111111111111
3,2026-04-19,DOMINGO,14:00,22.0,42.351119789155575,30.318181818181817
3,2026-04-19,DOMINGO,14:30,25.0,43.48747809259726,36.375
3,2026-04-19,DOMINGO,15:30,22.0,33.74935726414691,31.692307692307693
3,2026-04-20,LABORAL,04:00,57.0,22.643553479243735,56.017391304347825
3,2026-04-20,LABORAL,04:30,82.0,140.1060808680113,138.93333333333334
3,2026-04-20,LABORAL,05:00,294.0,206.45978081321738,269.88429752066116
3,2026-04-20,LABORAL,05:30,278.0,230.27350325286517,239.92561983471074
3,2026-04-20,LABORAL,06:00,271.0,223.79984166486918,296.7603305785124
3,2026-04-20,LABORAL,06:30,261.0,200.2526363600777,212.47107438016528
3,2026-04-20,LABORAL,07:00,86.0,171.37352206981387,171.93388429752065
3,2026-04-20,LABORAL,07:30,107.0,145.73950460566783,150.16666666666666
3,2026-04-20,LABORAL,08:00,121.0,128.04666364806798,139.07692307692307
3,2026-04-20,LABORAL,08:30,84.0,119.35562788858243,138.86666666666667
3,2026-04-20,LABORAL,09:00,139.0,118.06542007596937,136.34166666666667
3,2026-04-20,LABORAL,09:30,84.0,121.24477437308082,118.58823529411765
3,2026-04-20,LABORAL,10:00,127.0,125.9209723484853,128.60504201680672
3,2026-04-20,LABORAL,10:30,60.0,130.0026393341716,113.2396694214876
3,2026-04-20,LABORAL,11:00,177.0,132.66440302780398,108.98333333333333
3,2026-04-20,LABORAL,11:30,93.0,134.19970817492253,131.53333333333333
3,2026-04-20,LABORAL,12:00,147.0,135.50152343927329,168.84297520661158
3,2026-04-20,LABORAL,12:30,140.0,137.4179836486902,136.47899159663865
3,2026-04-20,LABORAL,13:00,133.0,140.2316222636308,138.5206611570248
3,2026-04-20,LABORAL,13:30,185.0,143.4333506035179,133.49166666666667
3,2026-04-20,LABORAL,14:00,147.0,145.83547608865462,126.68067226890756
3,2026-04-20,LABORAL,14:30,106.0,145.93523091878643,142.83193277310923
3,2026-04-20,LABORAL,15:00,110.0,142.34536272674245,139.1404958677686
3,2026-04-20,LABORAL,15:30,118.0,134.08248239107303,132.61344537815125
3,2026-04-20,LABORAL,16:00,138.0,120.55620976888429,104.44067796610169
3,2026-04-20,LABORAL,16:30,43.0,101.21695945754846,82.0
3,2026-04-20,LABORAL,17:00,80.0,74.96128262671806,52.05494505494506
3,2026-04-21,LABORAL,04:00,49.0,62.97006658132693,55.96521739130435
3,2026-04-21,LABORAL,04:30,182.0,175.8500648282357,138.23333333333332
3,2026-04-21,LABORAL,05:00,297.0,239.25270071696463,269.87603305785126
3,2026-04-21,LABORAL,05:30,350.0,260.7156382956737,240.13223140495867
3,2026-04-21,LABORAL,06:00,273.0,251.80439963377097,296.72727272727275
3,2026-04-21,LABORAL,06:30,204.0,225.434263667065,211.67768595041323
3,2026-04-21,LABORAL,07:00,171.0,193.3759508233672,171.48760330578511
3,2026-04-21,LABORAL,07:30,190.0,164.43247998507775,149.725
3,2026-04-21,LABORAL,08:00,108.0,143.57089585122827,138.39316239316238
3,2026-04-21,LABORAL,08:30,167.0,132.04181896308103,138.23333333333332
3,2026-04-21,LABORAL,09:00,104.0,128.2864766992547,136.275
3,2026-04-21,LABORAL,09:30,65.0,129.2711868079561,118.15966386554622
3,2026-04-21,LABORAL,10:00,131.0,131.8370054045053,128.4033613445378
3,2026-04-21,LABORAL,10:30,154.0,133.7112890153918,112.78512396694215
3,2026-04-21,LABORAL,11:00,90.0,133.97271578373307,109.16666666666667
3,2026-04-21,LABORAL,11:30,135.0,132.94524796201716,131.29166666666666
3,2026-04-21,LABORAL,12:00,190.0,131.66554377647202,168.72727272727272
3,2026-04-21,LABORAL,12:30,73.0,131.17609913850947,135.91596638655463
3,2026-04-21,LABORAL,13:00,145.0,131.9167578970348,138.84297520661158
3,2026-04-21,LABORAL,13:30,199.0,133.42067332483327,133.4
3,2026-04-21,LABORAL,14:00,108.0,134.39331049636252,126.36974789915966
3,2026-04-21,LABORAL,14:30,101.0,133.10776376826698,142.6638655462185
3,2026-04-21,LABORAL,15:00,119.0,127.93371932050275,138.78512396694214
3,2026-04-21,LABORAL,15:30,204.0,117.76806887135069,131.5966386554622
3,2026-04-21,LABORAL,16:00,131.0,102.16875236619143,105.28813559322033
3,2026-04-21,LABORAL,16:30,34.0,81.1002820315826,81.41025641025641
3,2026-04-21,LABORAL,18:00,20.0,-22.167668031100106,12.666666666666666
3,2026-04-22,LABORAL,04:00,42.0,40.87724381982565,55.904347826086955
3,2026-04-22,LABORAL,04:30,121.0,154.9970950413374,138.68333333333334
3,2026-04-22,LABORAL,05:00,295.0,219.12188670242102,269.73553719008265
3,2026-04-22,LABORAL,05:30,188.0,241.13915251305656,240.61157024793388
3,2026-04-22,LABORAL,06:00,525.0,232.84903355905408,296.5289256198347
3,2026-04-22,LABORAL,06:30,146.0,207.2708273286745,211.32231404958677
3,2026-04-22,LABORAL,07:00,154.0,176.16895629235745,171.48760330578511
3,2026-04-22,LABORAL,07:30,158.0,148.27365442061443,149.78333333333333
3,2026-04-22,LABORAL,08:00,84.0,128.46353452150743,138.0
3,2026-04-22,LABORAL,08:30,111.0,117.92696764872449,138.48333333333332
3,2026-04-22,LABORAL,09:00,127.0,115.09084015337032,135.59166666666667
3,2026-04-22,LABORAL,09:30,137.0,116.95317803369386,117.74789915966386
3,2026-04-22,LABORAL,10:00,95.0,120.41177643749535,128.18487394957984
3,2026-04-22,LABORAL,10:30,114.0,123.24586479080386,112.90082644628099
3,2026-04-22,LABORAL,11:00,113.0,124.55478949352226,109.30833333333334
3,2026-04-22,LABORAL,11:30,105.0,124.63959288805154,131.14166666666668
3,2026-04-22,LABORAL,12:00,167.0,124.47693121579891,168.52892561983472
3,2026-04-22,LABORAL,12:30,124.0,125.03545883118647,135.3781512605042
3,2026-04-22,LABORAL,13:00,63.0,126.69873260416387,139.02479338842974
3,2026-04-22,LABORAL,13:30,149.0,128.988452582579,133.83333333333334
3,2026-04-22,LABORAL,14:00,43.0,130.6547111756514,125.97478991596638
3,2026-04-22,LABORAL,14:30,43.0,130.05906466185297,141.49579831932772
3,2026-04-22,LABORAL,15:00,78.0,125.66768425303167,139.2396694214876
3,2026-04-22,LABORAL,15:30,107.0,116.43071401153111,131.63025210084032
3,2026-04-22,LABORAL,16:00,124.0,101.86405733118318,105.23728813559322
3,2026-04-22,LABORAL,16:30,55.0,81.7594108666101,80.72649572649573
3,2026-04-22,LABORAL,17:00,47.0,55.59347454215447,51.83516483516483
3,2026-04-23,LABORAL,04:00,43.0,43.09674365735168,55.78448275862069
3,2026-04-23,LABORAL,04:30,119.0,158.59056080472925,137.81666666666666
3,2026-04-23,LABORAL,05:00,288.0,222.61564703401376,269.7190082644628
3,2026-04-23,LABORAL,05:30,248.0,243.92289510614904,239.27272727272728
3,2026-04-23,LABORAL,06:00,152.0,234.89815131309405,298.5702479338843
3,2026-04-23,LABORAL,06:30,214.0,208.83458037819537,211.47107438016528
3,2026-04-23,LABORAL,07:00,175.0,177.50896730939496,171.23140495867767
3,2026-04-23,LABORAL,07:30,169.0,149.5072766893154,149.825
3,2026-04-23,LABORAL,08:00,119.0,129.526836191323,137.23931623931625
3,2026-04-23,LABORAL,08:30,187.0,118.63438453530955,139.05
3,2026-04-23,LABORAL,09:00,137.0,115.24328595372435,134.90833333333333
3,2026-04-23,LABORAL,09:30,109.0,116.43952995980396,117.89075630252101
3,2026-04-23,LABORAL,10:00,93.0,119.26036192849654,128.0672268907563
3,2026-04-23,LABORAL,10:30,120.0,121.60751930455757,113.13223140495867
3,2026-04-23,LABORAL,11:00,82.0,122.6281858103265,109.45833333333333
3,2026-04-23,LABORAL,11:30,73.0,122.5729248335901,130.89166666666668
3,2026-04-23,LABORAL,12:00,151.0,122.28987613363228,168.5206611570248
3,2026-04-23,LABORAL,12:30,140.0,122.59833071873976,135.2436974789916
3,2026-04-23,LABORAL,13:00,104.0,123.78404305127498,138.31404958677686
3,2026-04-23,LABORAL,14:00,50.0,126.2772979285856,125.08403361344538
3,2026-04-23,LABORAL,15:00,59.0,120.41610852180241,138.79338842975207
3,2026-04-23,LABORAL,17:00,32.0,50.53457965957517,51.83516483516483
3,2026-04-24,LABORAL,04:00,45.0,42.251666303792774,55.675213675213676
3,2026-04-24,LABORAL,04:30,118.0,155.8553340415305,137.625
3,2026-04-24,LABORAL,05:00,248.0,220.02756260158628,269.900826446281
3,2026-04-24,LABORAL,05:30,285.0,242.36428776636853,238.6198347107438
3,2026-04-24,LABORAL,06:00,202.0,234.4262227257144,297.02479338842977
3,2026-04-24,LABORAL,06:30,320.0,209.0803639728975,211.8099173553719
3,2026-04-24,LABORAL,07:00,52.0,178.0336957957951,170.87603305785123
3,2026-04-24,LABORAL,07:30,171.0,150.03713489898092,150.21666666666667
3,2026-04-24,LABORAL,08:00,148.0,130.03536699796877,136.46153846153845
3,2026-04-24,LABORAL,08:30,150.0,119.29096648605764,139.79166666666666
3,2026-04-24,LABORAL,09:00,84.0,116.28246286887929,135.18333333333334
3,2026-04-24,LABORAL,09:30,78.0,118.0206055256105,117.81512605042016
3,2026-04-24,LABORAL,10:00,145.0,121.37756422340402,127.52100840336135
3,2026-04-24,LABORAL,10:30,92.0,124.08328887167397,113.2396694214876
3,2026-04-24,LABORAL,11:00,59.0,125.18612127599351,109.14166666666667
3,2026-04-24,LABORAL,11:30,126.0,124.95500189362349,130.30833333333334
3,2026-04-24,LABORAL,12:00,190.0,124.36533116280998,168.34710743801654
3,2026-04-24,LABORAL,12:30,116.0,124.41470351297346,135.64705882352942
3,2026-04-24,LABORAL,13:00,120.0,125.53330398726911,137.89256198347107
3,2026-04-24,LABORAL,13:30,144.0,127.28784625639486,134.6638655462185
3,2026-04-24,LABORAL,14:30,30.0,127.3867924516,140.28813559322035
3,2026-04-24,LABORAL,15:00,175.0,122.52365000315666,138.50413223140495
3,2026-04-24,LABORAL,15:30,49.0,112.77640133218398,130.364406779661
3,2026-04-24,LABORAL,16:00,59.0,97.64434918999768,105.03418803418803
3,2026-04-24,LABORAL,16:30,71.0,76.95326602158048,80.72413793103448
3,2026-04-25,SABADO,04:00,32.0,12.85741058076519,39.24
3,2026-04-25,SABADO,04:30,105.0,126.55426649073331,96.0
3,2026-04-25,SABADO,05:00,176.0,188.54867947786005,164.26923076923077
3,2026-04-25,SABADO,05:30,122.0,207.9083951092913,141.57692307692307
3,2026-04-25,SABADO,06:00,210.0,197.16118392267288,205.1153846153846
3,2026-04-25,SABADO,06:30,208.0,169.58442725458787,182.1153846153846
3,2026-04-25,SABADO,07:00,93.0,136.8361498312077,126.88461538461539
3,2026-04-25,SABADO,07:30,136.0,107.35198567974959,106.03846153846153
3,2026-04-25,SABADO,08:00,148.0,85.71268140649022,114.11538461538461
3,2026-04-25,SABADO,08:30,61.0,72.94310407030224,105.96153846153847
3,2026-04-25,SABADO,09:00,116.0,67.49701390273151,92.0
3,2026-04-25,SABADO,09:30,49.0,66.5592490661528,86.96153846153847
3,2026-04-25,SABADO,10:00,101.0,67.28081903358259,82.38461538461539
3,2026-04-25,SABADO,10:30,95.0,67.64596782113665,79.53846153846153
3,2026-04-25,SABADO,11:00,85.0,66.82121602358302,86.76923076923077
3,2026-04-25,SABADO,11:30,82.0,65.00697023973515,80.24
3,2026-04-25,SABADO,12:00,29.0,62.95318964330812,86.53846153846153
3,2026-04-25,SABADO,12:30,76.0,61.3746213388813,73.47826086956522
3,2026-04-25,SABADO,13:00,63.0,60.4929297735863,71.82608695652173
3,2026-04-25,SABADO,14:00,93.0,58.43446851547009,67.0
3,2026-04-25,SABADO,14:30,34.0,54.97341450441462,66.75
3,2026-04-25,SABADO,15:00,56.0,48.29977702432461,69.0
3,2026-04-25,SABADO,15:30,45.0,37.522099212591684,57.40909090909091
3,2026-04-26,DOMINGO,07:00,28.0,73.49777829542597,28.2
3,2026-04-26,DOMINGO,07:30,33.0,46.07689900743293,34.82608695652174
3,2026-04-26,DOMINGO,08:00,23.0,26.716647086010028,39.958333333333336
3,2026-04-26,DOMINGO,09:00,39.0,14.294808642925204,37.94117647058823
3,2026-04-26,DOMINGO,10:30,34.0,24.77723630662092,36.473684210526315
3,2026-04-26,DOMINGO,11:00,24.0,27.16868472112452,39.1764705882353
3,2026-04-26,DOMINGO,11:30,27.0,28.424306048974984,31.3125
3,2026-04-26,DOMINGO,12:00,27.0,29.459380283321366,35.54545454545455
3,2026-04-26,DOMINGO,13:30,48.0,37.46496907820904,31.25
3,2026-04-26,DOMINGO,14:30,25.0,41.18639911208504,34.6875
3,2026-04-27,LABORAL,04:00,48.0,20.93916395811425,55.53846153846154
3,2026-04-27,LABORAL,04:30,124.0,137.1854663452562,137.525
3,2026-04-27,LABORAL,05:00,339.0,203.4277567804931,269.3057851239669
3,2026-04-27,LABORAL,05:30,244.0,227.64220689440327,238.45454545454547
3,2026-04-27,LABORAL,06:00,400.0,221.62291502991133,296.11570247933884
3,2026-04-27,LABORAL,06:30,222.0,198.31727607572765,212.70247933884298
3,2026-04-27,LABORAL,07:00,77.0,169.39388364361434,169.98347107438016
3,2026-04-27,LABORAL,07:30,213.0,143.50442801483723,150.4
3,2026-04-27,LABORAL,08:00,90.0,125.49460025804922,136.54700854700855
3,2026-04-27,LABORAL,08:30,102.0,116.57376271305293,140.20833333333334
3,2026-04-27,LABORAL,09:00,115.0,115.23147691191843,134.35833333333332
3,2026-04-27,LABORAL,09:30,113.0,118.54331485153358,117.61344537815125
3,2026-04-27,LABORAL,10:00,184.0,123.46830223058339,128.03361344537817
3,2026-04-27,LABORAL,10:30,79.0,127.80618731826519,112.61157024793388
3,2026-04-27,LABORAL,11:00,111.0,130.62711391189146,109.25833333333334
3,2026-04-27,LABORAL,11:30,92.0,132.16292103096418,130.55
3,2026-04-27,LABORAL,12:00,195.0,133.3065337959248,168.10743801652893
3,2026-04-27,LABORAL,12:30,105.0,134.9611332725127,135.71428571428572
3,2026-04-27,LABORAL,13:00,135.0,137.49181128709637,137.88429752066116
3,2026-04-27,LABORAL,13:30,143.0,140.46278021702784,134.52941176470588
3,2026-04-27,LABORAL,14:00,102.0,142.720118313898,124.22033898305085
3,2026-04-27,LABORAL,14:30,222.0,142.74560058877591,139.5084745762712
3,2026-04-27,LABORAL,15:00,95.0,139.1055964619125,138.10743801652893
3,2026-04-27,LABORAL,15:30,88.0,130.78338719421288,129.76271186440678
3,2026-04-27,LABORAL,16:00,114.0,117.22565703256362,104.38461538461539
3,2026-04-27,LABORAL,16:30,34.0,98.0417474057,80.64102564102564
3,2026-04-27,LABORAL,17:00,30.0,72.43377682868083,51.65934065934066
3,2026-04-27,LABORAL,17:30,29.0,38.56179463485313,33.59375
3,2026-04-28,LABORAL,04:00,35.0,61.38520931373688,55.41880341880342
3,2026-04-28,LABORAL,04:30,106.0,175.43475522615415,137.21666666666667
3,2026-04-28,LABORAL,05:00,354.0,238.7910132778705,269.8347107438017
3,2026-04-28,LABORAL,05:30,201.0,259.83087802007594,238.50413223140495
3,2026-04-28,LABORAL,06:00,213.0,250.64290072098532,296.4793388429752
3,2026-04-28,LABORAL,06:30,209.0,224.33200627796197,212.9917355371901
3,2026-04-28,LABORAL,07:00,185.0,192.59695083033802,169.0909090909091
3,2026-04-28,LABORAL,07:30,124.0,164.03219316349322,151.30833333333334
3,2026-04-28,LABORAL,08:00,171.0,143.39281732034726,136.73504273504273
3,2026-04-28,LABORAL,08:30,142.0,131.81438490376775,140.08333333333334
3,2026-04-28,LABORAL,09:00,133.0,127.76150087986241,134.51666666666668
3,2026-04-28,LABORAL,09:30,107.0,128.34048773288856,116.96638655462185
3,2026-04-28,LABORAL,10:00,76.0,130.5801300450891,128.69747899159663
3,2026-04-28,LABORAL,10:30,124.0,132.3577074102542,112.51239669421487
3,2026-04-28,LABORAL,11:00,89.0,132.79596566293253,109.38333333333334
3,2026-04-28,LABORAL,11:30,137.0,132.13293832075612,130.15
3,2026-04-28,LABORAL,12:00,174.0,131.21923578104378,168.1900826446281
3,2026-04-28,LABORAL,12:30,164.0,130.88546936436921,135.30252100840337
3,2026-04-28,LABORAL,13:00,99.0,131.4259801317454,138.13223140495867
3,2026-04-28,LABORAL,13:30,75.0,132.36995226929588,134.60504201680672
3,2026-04-28,LABORAL,14:00,195.0,132.58630595194455,124.05084745762711
3,2026-04-28,LABORAL,14:30,109.0,130.63725417653512,139.98305084745763
3,2026-04-28,LABORAL,15:00,97.0,125.2005751197513,137.17355371900825
3,2026-04-28,LABORAL,15:30,149.0,115.35368962149863,128.77118644067798
3,2026-04-28,LABORAL,16:00,128.0,100.56307585427584,104.33333333333333
3,2026-04-28,LABORAL,16:30,53.0,80.3353000113126,80.53846153846153
3,2026-04-28,LABORAL,17:00,30.0,53.62550420076127,51.57142857142857
3,2026-04-29,LABORAL,04:00,51.0,37.559001683163785,55.282051282051285
3,2026-04-29,LABORAL,04:30,134.0,151.9470580082048,136.75
3,2026-04-29,LABORAL,05:00,434.0,216.0563595844559,270.5702479338843
3,2026-04-29,LABORAL,05:30,237.0,238.02453203470594,237.80165289256198
3,2026-04-29,LABORAL,06:00,291.0,229.78789699465216,295.3801652892562
3,2026-04-29,LABORAL,06:30,175.0,204.38819712849295,212.6694214876033
3,2026-04-29,LABORAL,07:00,141.0,173.52939469692785,169.27272727272728
3,2026-04-29,LABORAL,07:30,197.0,145.8463919952265,150.95
3,2026-04-29,LABORAL,08:00,161.0,126.13624080304282,136.67521367521368
3,2026-04-29,LABORAL,08:30,102.0,115.55391381635593,139.76666666666668
3,2026-04-29,LABORAL,09:00,182.0,112.55217620375583,134.91666666666666
3,2026-04-29,LABORAL,09:30,82.0,114.20105067069215,116.72268907563026
3,2026-04-29,LABORAL,10:00,88.0,117.48581569670102,128.25210084033614
3,2026-04-29,LABORAL,10:30,170.0,120.2526518234788,112.66115702479338
3,2026-04-29,LABORAL,11:00,102.0,121.61928142804777,108.79166666666667
3,2026-04-29,LABORAL,11:30,196.0,121.84683271465269,129.76666666666668
3,2026-04-29,LABORAL,12:00,107.0,121.82640292185312,167.97520661157026
3,2026-04-29,LABORAL,12:30,134.0,122.42680692335392,135.76470588235293
3,2026-04-29,LABORAL,13:00,112.0,123.95726369603318,138.34710743801654
3,2026-04-29,LABORAL,13:30,59.0,125.92497358900323,134.42857142857142
3,2026-04-29,LABORAL,14:00,182.0,127.14113582850615,124.33898305084746
3,2026-04-29,LABORAL,14:30,119.0,126.0930919265877,139.38135593220338
3,2026-04-29,LABORAL,15:00,145.0,121.39966402164055,136.3305785123967
3,2026-04-29,LABORAL,15:30,129.0,112.13428459726128,129.40677966101694
3,2026-04-29,LABORAL,16:00,96.0,97.84744803760378,104.09401709401709
3,2026-04-29,LABORAL,16:30,70.0,78.2325024319066,80.47863247863248
3,2026-04-30,LABORAL,04:00,45.0,42.51979637537829,55.24786324786325
3,2026-04-30,LABORAL,04:30,124.0,156.5644484028012,136.85
3,2026-04-30,LABORAL,05:00,353.0,220.2701973467233,271.31404958677683
3,2026-04-30,LABORAL,05:30,268.0,241.80350244975693,237.94214876033058
3,2026-04-30,LABORAL,06:00,175.0,233.12779953471772,295.4793388429752
3,2026-04-30,LABORAL,06:30,288.0,207.30492686145493,211.93388429752065
3,2026-04-30,LABORAL,07:00,130.0,176.0486177102439,168.73553719008265
3,2026-04-30,LABORAL,07:30,145.0,147.99261749388967,150.98333333333332
3,2026-04-30,LABORAL,08:00,195.0,127.92400146970141,137.03418803418805
3,2026-04-30,LABORAL,08:30,140.0,116.98309017234442,139.25
3,2026-04-30,LABORAL,09:00,160.0,113.60833258544966,135.69166666666666
3,2026-04-30,LABORAL,09:30,111.0,114.86030641822481,116.27731092436974
3,2026-04-30,LABORAL,10:00,146.0,117.72261027575047,127.78991596638656
3,2026-04-30,LABORAL,10:30,125.0,120.04807717219285,113.50413223140495
3,2026-04-30,LABORAL,11:00,86.0,120.96761523332191,108.1
3,2026-04-30,LABORAL,11:30,98.0,120.758503549451,130.16666666666666
3,2026-04-30,LABORAL,12:00,162.0,120.32667421712193,167.71074380165288
3,2026-04-30,LABORAL,12:30,119.0,120.55068316995187,135.61344537815125
3,2026-04-30,LABORAL,13:00,204.0,121.74216470388427,138.17355371900825
3,2026-04-30,LABORAL,13:30,136.0,123.40330942401556,133.1764705882353
3,2026-04-30,LABORAL,14:00,139.0,124.33489469807517,125.04237288135593
3,2026-04-30,LABORAL,14:30,136.0,123.01194224370215,139.88983050847457
3,2026-04-30,LABORAL,15:00,193.0,118.04304971768056,136.1404958677686
3,2026-04-30,LABORAL,15:30,58.0,108.49684917327596,129.11016949152543
3,2026-04-30,LABORAL,16:00,139.0,93.92618058083701,104.02542372881356
3,2026-04-30,LABORAL,16:30,31.0,74.03352003718192,79.66666666666667
3,2026-04-30,LABORAL,17:00,47.0,48.06474092179809,50.86666666666667
3,2026-05-01,FESTIVO,07:00,40.0,75.65029703165794,12.666666666666666
3,2026-05-01,FESTIVO,07:30,24.0,47.767500616167865,35.0
3,2026-05-01,FESTIVO,08:00,50.0,27.93309184845299,13.0
3,2026-05-01,FESTIVO,08:30,26.0,17.344735858407205,30.5
3,2026-05-01,FESTIVO,09:00,60.0,14.421134335929935,27.666666666666668
3,2026-05-01,FESTIVO,09:30,41.0,16.140135589854594,17.0
3,2026-05-01,FESTIVO,10:00,6.0,19.37962952366678,24.0
3,2026-05-01,FESTIVO,10:30,47.0,21.911591689971317,31.5
3,2026-05-01,FESTIVO,11:00,25.0,22.847124785527114,18.0
3,2026-05-01,FESTIVO,11:30,27.0,22.51498815289301,44.0
3,2026-05-01,FESTIVO,12:00,51.0,21.92366148675734,14.0
3,2026-05-01,FESTIVO,12:30,18.0,22.06155056735105,36.0
3,2026-05-01,FESTIVO,13:00,23.0,23.3062984499515,26.333333333333332
3,2026-05-01,FESTIVO,13:30,52.0,25.143998952993968,13.0
3,2026-05-01,FESTIVO,14:00,28.0,26.269490612315224,23.5
3,2026-05-01,FESTIVO,14:30,31.0,24.993635691716975,30.5
3,2026-05-01,FESTIVO,15:00,23.0,19.769830523120277,24.5
3,2026-05-01,FESTIVO,15:30,30.0,9.606629499631765,20.0
3,2026-05-02,SABADO,04:00,26.0,14.503976465097992,38.88
3,2026-05-02,SABADO,04:30,66.0,127.98852811363287,97.46153846153847
3,2026-05-02,SABADO,05:00,90.0,190.11492169458796,160.69230769230768
3,2026-05-02,SABADO,05:30,149.0,209.59155915770737,142.6153846153846
3,2026-05-02,SABADO,06:00,120.0,198.79602145218257,201.3846153846154
3,2026-05-02,SABADO,06:30,198.0,171.02672776023047,184.65384615384616
3,2026-05-02,SABADO,07:00,136.0,138.0587038622727,125.23076923076923
3,2026-05-02,SABADO,07:30,59.0,108.45608897956595,105.8076923076923
3,2026-05-02,SABADO,08:00,98.0,86.87280912900246,116.11538461538461
3,2026-05-02,SABADO,08:30,74.0,74.32044587905187,103.73076923076923
3,2026-05-02,SABADO,09:00,124.0,69.16242974536738,92.57692307692308
3,2026-05-02,SABADO,09:30,38.0,68.45755861420997,83.5
3,2026-05-02,SABADO,10:00,61.0,69.24986271964877,84.26923076923077
3,2026-05-02,SABADO,10:30,117.0,69.48204634439298,81.3076923076923
3,2026-05-02,SABADO,11:00,83.0,68.36458801863785,85.84615384615384
3,2026-05-02,SABADO,11:30,99.0,66.21293296645405,81.6
3,2026-05-02,SABADO,12:00,57.0,63.918607925119375,82.53846153846153
3,2026-05-02,SABADO,12:30,55.0,62.305365690015094,73.58333333333333
3,2026-05-02,SABADO,13:00,53.0,61.61967605941618,71.45833333333333
3,2026-05-02,SABADO,13:30,100.0,61.32363267032298,59.75
3,2026-05-02,SABADO,14:00,40.0,60.22853381045775,68.04
3,2026-05-02,SABADO,14:30,79.0,56.87336861828493,65.58333333333333
3,2026-05-02,SABADO,15:00,45.0,49.95851140970848,68.45833333333333
3,2026-05-02,SABADO,15:30,75.0,38.62208703698644,55.45454545454545
3,2026-05-02,SABADO,16:00,39.0,22.40308928733259,47.36842105263158
3,2026-05-02,SABADO,16:30,45.0,0.8544994758655093,51.92307692307692
3,2026-05-03,DOMINGO,08:00,32.0,28.568210295282086,38.541666666666664
3,2026-05-03,DOMINGO,09:00,17.0,16.531480868474603,38.705882352941174
3,2026-05-03,DOMINGO,10:30,33.0,26.239178335090514,37.21052631578947
3,2026-05-03,DOMINGO,11:30,27.0,29.81507067661704,31.058823529411764
3,2026-05-03,DOMINGO,13:00,26.0,36.05800635953966,31.555555555555557
3,2026-05-03,DOMINGO,13:30,41.0,39.49167387654876,32.6875
3,2026-05-03,DOMINGO,14:30,23.0,42.71650142050055,34.11764705882353
3,2026-05-03,DOMINGO,15:00,29.0,39.754916925751786,31.833333333333332
3,2026-05-04,LABORAL,04:00,74.0,21.756178879801723,55.18103448275862
3,2026-05-04,LABORAL,04:30,106.0,140.11168200591112,136.5966386554622
3,2026-05-04,LABORAL,05:00,271.0,206.64334943859495,272.15833333333336
3,2026-05-04,LABORAL,05:30,195.0,230.20878346093247,237.88333333333333
3,2026-05-04,LABORAL,06:00,323.0,223.32786061912748,295.15833333333336
3,2026-05-04,LABORAL,06:30,190.0,199.40975687722852,212.45
3,2026-05-04,LABORAL,07:00,175.0,170.29671660482887,167.99166666666667
3,2026-05-04,LABORAL,07:30,129.0,144.57737570731086,150.34453781512605
3,2026-05-04,LABORAL,08:00,151.0,126.89808765101213,137.04310344827587
3,2026-05-04,LABORAL,08:30,125.0,118.24630479783184,139.7563025210084
3,2026-05-04,LABORAL,09:00,154.0,116.95974747353057,135.57983193277312
3,2026-05-04,LABORAL,09:30,85.0,120.08007936866619,116.83898305084746
3,2026-05-04,LABORAL,10:00,128.0,124.64602187194242,127.7542372881356
3,2026-05-04,LABORAL,10:30,154.0,128.60358898932378,113.21666666666667
3,2026-05-04,LABORAL,11:00,68.0,131.1680851128707,108.03361344537815
3,2026-05-04,LABORAL,11:30,195.0,132.6539243778853,129.32773109243698
3,2026-05-04,LABORAL,12:00,164.0,133.94147972463156,167.65
3,2026-05-04,LABORAL,12:30,87.0,135.8340274095725,135.9747899159664
3,2026-05-04,LABORAL,13:00,234.0,138.5539679174443,137.7
3,2026-05-04,LABORAL,13:30,81.0,141.54419303699058,132.75423728813558
3,2026-05-04,LABORAL,14:00,82.0,143.60931961702812,125.19658119658119
3,2026-05-04,LABORAL,14:30,135.0,143.29735011000867,139.82051282051282
3,2026-05-04,LABORAL,15:00,160.0,139.32957482212532,136.04166666666666
3,2026-05-04,LABORAL,15:30,111.0,130.86589398208167,128.52136752136752
3,2026-05-04,LABORAL,16:00,126.0,117.45194701421076,103.99145299145299
3,2026-05-04,LABORAL,16:30,47.0,98.61578911710853,79.96551724137932
3,2026-05-04,LABORAL,17:00,80.0,73.22719403974867,50.70786516853933
3,2026-05-05,LABORAL,04:00,46.0,59.838623996685726,55.34188034188034
3,2026-05-05,LABORAL,04:30,136.0,176.45679837659134,136.34166666666667
3,2026-05-05,LABORAL,05:00,301.0,240.43805651738472,272.1487603305785
3,2026-05-05,LABORAL,05:30,298.0,261.0458596793334,237.52892561983472
3,2026-05-05,LABORAL,06:00,236.0,251.098661700246,295.3884297520661
3,2026-05-05,LABORAL,06:30,194.0,224.17501662904385,212.26446280991735
3,2026-05-05,LABORAL,07:00,61.0,192.1723794935752,168.0495867768595
3,2026-05-05,LABORAL,07:30,187.0,163.66033373654284,150.16666666666666
3,2026-05-05,LABORAL,08:00,103.0,143.24002236932188,137.16239316239316
3,2026-05-05,LABORAL,08:30,237.0,131.86770254559985,139.63333333333333
3,2026-05-05,LABORAL,09:00,67.0,127.88507659079238,135.73333333333332
3,2026-05-05,LABORAL,09:30,177.0,128.37176916138657,116.57142857142857
3,2026-05-05,LABORAL,10:00,102.0,130.4194570243004,127.75630252100841
3,2026-05-05,LABORAL,10:30,71.0,132.01561782667034,113.55371900826447
3,2026-05-05,LABORAL,11:00,114.0,132.3836867186032,107.7
3,2026-05-05,LABORAL,11:30,147.0,131.80542083309774,129.875
3,2026-05-05,LABORAL,12:00,235.0,131.09864593558598,167.6198347107438
3,2026-05-05,LABORAL,12:30,100.0,131.00019873509694,135.56666666666666
3,2026-05-05,LABORAL,13:00,145.0,131.69371029400327,138.49586776859505
3,2026-05-05,LABORAL,13:30,49.0,132.6353322714482,132.31932773109244
3,2026-05-05,LABORAL,14:00,136.0,132.7003933993501,124.83050847457628
3,2026-05-05,LABORAL,14:30,120.0,130.5450453441747,139.77966101694915
3,2026-05-05,LABORAL,15:00,176.0,124.99226830351245,136.2396694214876
3,2026-05-05,LABORAL,15:30,86.0,115.2395334324583,128.3728813559322
3,2026-05-05,LABORAL,16:00,125.0,100.75108045241524,104.17796610169492
3,2026-05-05,LABORAL,16:30,95.0,80.82129355032947,79.68376068376068
3,2026-05-05,LABORAL,17:00,57.0,53.937818335093255,51.03333333333333
3,2026-05-06,LABORAL,04:00,44.0,38.87215914906477,55.23931623931624
3,2026-05-06,LABORAL,04:30,108.0,153.50107127379698,135.90833333333333
3,2026-05-06,LABORAL,05:00,282.0,218.04019399809022,271.97520661157023
3,2026-05-06,LABORAL,05:30,197.0,240.29207500213607,236.60330578512398
3,2026-05-06,LABORAL,06:00,251.0,232.04370674983238,294.8181818181818
3,2026-05-06,LABORAL,06:30,122.0,206.3570348492152,212.04132231404958
3,2026-05-06,LABORAL,07:00,86.0,175.06891610021194,167.0495867768595
3,2026-05-06,LABORAL,07:30,197.0,146.98390980469208,150.18333333333334
3,2026-05-06,LABORAL,08:00,122.0,127.03453705346851,136.86324786324786
3,2026-05-06,LABORAL,08:30,171.0,116.43090871802553,140.26666666666668
3,2026-05-06,LABORAL,09:00,87.0,113.58969268936283,135.35
3,2026-05-06,LABORAL,09:30,99.0,115.47674887941264,116.42857142857143
3,2026-05-06,LABORAL,10:00,50.0,118.95083942685204,128.03361344537817
3,2026-05-06,LABORAL,10:30,72.0,121.75980042981558,112.80165289256199
3,2026-05-06,LABORAL,11:00,122.0,122.98840729171883,107.09166666666667
3,2026-05-06,LABORAL,11:30,43.0,122.94138217681535,129.96666666666667
3,2026-05-06,LABORAL,12:00,190.0,122.61151409184504,168.28925619834712
3,2026-05-06,LABORAL,12:30,122.0,122.9861848046566,134.90833333333333
3,2026-05-06,LABORAL,13:00,143.0,124.46099917265468,137.87603305785123
3,2026-05-06,LABORAL,13:30,144.0,126.55881955447597,131.23529411764707
3,2026-05-06,LABORAL,14:00,65.0,128.02358824044433,124.03389830508475
3,2026-05-06,LABORAL,14:30,90.0,127.21460820008161,139.6949152542373
3,2026-05-06,LABORAL,17:00,50.0,53.37246053137727,50.74444444444445
3,2026-05-07,LABORAL,04:00,46.0,41.997214622123636,55.034188034188034
3,2026-05-07,LABORAL,04:30,109.0,156.4383747035351,135.425
3,2026-05-07,LABORAL,05:00,247.0,220.52140519421874,272.5702479338843
3,2026-05-07,LABORAL,05:30,297.0,242.24727987864406,235.43801652892563
3,2026-05-07,LABORAL,06:00,274.0,233.5342935565427,294.1652892561983
3,2026-05-07,LABORAL,06:30,214.0,207.4980633520218,210.96694214876032
3,2026-05-07,LABORAL,07:00,152.0,175.96199686399575,165.7520661157025
3,2026-05-07,LABORAL,07:30,136.0,147.67547457587335,150.30833333333334
3,2026-05-07,LABORAL,08:00,77.0,127.50517837502485,136.27350427350427
3,2026-05-07,LABORAL,08:30,142.0,116.61193816392915,140.66666666666666
3,2026-05-07,LABORAL,09:00,196.0,113.39583432844057,135.25
3,2026-05-07,LABORAL,09:30,45.0,114.84074989265667,116.07563025210084
3,2026-05-07,LABORAL,10:00,170.0,117.8472700355457,126.96638655462185
3,2026-05-07,LABORAL,10:30,62.0,120.21059913345931,112.67768595041322
3,2026-05-07,LABORAL,11:00,128.0,121.04991204267554,106.75
3,2026-05-07,LABORAL,11:30,122.0,120.67930844420363,128.925
3,2026-05-07,LABORAL,12:00,157.0,120.07446471435026,168.43801652892563
3,2026-05-07,LABORAL,12:30,160.0,120.18853284546503,134.66666666666666
3,2026-05-07,LABORAL,13:00,188.0,121.3823303293832,138.0495867768595
3,2026-05-07,LABORAL,13:30,124.0,123.16074742199169,130.9327731092437
3,2026-05-07,LABORAL,14:00,49.0,124.27773706895425,123.63559322033899
3,2026-05-07,LABORAL,14:30,100.0,123.1302319589862,139.27118644067798
3,2026-05-07,LABORAL,15:00,168.0,118.25331219512248,135.475
3,2026-05-07,LABORAL,15:30,166.0,108.69000367383893,127.27350427350427
3,2026-05-07,LABORAL,16:00,121.0,94.05247796968365,104.91452991452991
3,2026-05-07,LABORAL,16:30,54.0,74.20452852030269,79.30172413793103
3,2026-05-08,LABORAL,04:00,48.0,41.18514630497816,55.0940170940171
3,2026-05-08,LABORAL,04:30,109.0,157.09854127531798,134.96666666666667
3,2026-05-08,LABORAL,05:00,312.0,221.4238081704537,272.57851239669424
3,2026-05-08,LABORAL,05:30,167.0,242.93160785672904,236.34710743801654
3,2026-05-08,LABORAL,06:00,345.0,234.06613913465287,293.099173553719
3,2026-05-08,LABORAL,06:30,182.0,208.1871097759455,210.5702479338843
3,2026-05-08,LABORAL,07:00,197.0,177.11874577734233,165.4214876033058
3,2026-05-08,LABORAL,07:30,107.0,149.45865707362185,150.1900826446281
3,2026-05-08,LABORAL,08:00,111.0,129.87761107962768,135.89743589743588
3,2026-05-08,LABORAL,08:30,111.0,119.38857096560577,140.67768595041323
3,2026-05-08,LABORAL,09:00,113.0,116.34342731182613,136.19166666666666
3,2026-05-08,LABORAL,09:30,104.0,117.77987973158753,115.49579831932773
3,2026-05-08,LABORAL,10:00,86.0,120.71516087723404,127.15966386554622
3,2026-05-08,LABORAL,10:30,118.0,123.06365128259063,112.57851239669421
3,2026-05-08,LABORAL,11:00,88.0,124.01028785095775,106.25833333333334
3,2026-05-08,LABORAL,11:30,140.0,123.85187331954023,128.625
3,2026-05-08,LABORAL,12:00,177.0,123.47156168164344,168.38842975206612
3,2026-05-08,LABORAL,12:30,50.0,123.69688159481615,135.33333333333334
3,2026-05-08,LABORAL,13:00,236.0,124.7898454293931,138.15702479338842
3,2026-05-08,LABORAL,13:30,110.0,126.23667601890139,130.38655462184875
3,2026-05-08,LABORAL,14:00,129.0,126.87537163553634,121.7542372881356
3,2026-05-08,LABORAL,14:30,146.0,125.26599090455812,139.55084745762713
3,2026-05-08,LABORAL,15:00,104.0,120.11532566012397,135.775
3,2026-05-08,LABORAL,15:30,151.0,110.54533074067109,126.97435897435898
3,2026-05-08,LABORAL,16:00,49.0,96.05147492620995,105.00854700854701
3,2026-05-08,LABORAL,16:30,65.0,76.11603561631904,79.32758620689656
3,2026-05-09,SABADO,04:00,43.0,13.901158687323004,38.4
3,2026-05-09,SABADO,04:30,85.0,126.12639052248784,95.96153846153847
3,2026-05-09,SABADO,05:00,176.0,188.4414478969453,155.03846153846155
3,2026-05-09,SABADO,05:30,186.0,208.5934314407794,144.1153846153846
3,2026-05-09,SABADO,06:00,151.0,198.3140740510879,198.23076923076923
3,2026-05-09,SABADO,06:30,213.0,170.61890879293907,184.65384615384616
3,2026-05-09,SABADO,07:00,133.0,137.31183273456367,124.88461538461539
3,2026-05-09,SABADO,07:30,133.0,107.17850668751197,104.57692307692308
3,2026-05-09,SABADO,08:00,119.0,85.14417699900616,115.03846153846153
3,2026-05-09,SABADO,09:00,121.0,67.42433549095125,93.76923076923077
3,2026-05-09,SABADO,09:30,55.0,67.12953980027169,80.88461538461539
3,2026-05-09,SABADO,10:00,116.0,68.3971223795316,82.53846153846153
3,2026-05-09,SABADO,10:30,29.0,68.977623476764,81.84615384615384
3,2026-05-09,SABADO,11:00,79.0,67.95879324266934,84.96153846153847
3,2026-05-09,SABADO,11:30,95.0,65.64974316781507,83.2
3,2026-05-09,SABADO,12:00,81.0,63.04966377380504,79.84615384615384
3,2026-05-09,SABADO,12:30,78.0,61.154126555939285,71.83333333333333
3,2026-05-09,SABADO,13:00,71.0,60.36787165441808,71.375
3,2026-05-09,SABADO,13:30,47.0,60.222970567195375,59.708333333333336
3,2026-05-09,SABADO,14:00,60.0,59.47247865120136,67.44
3,2026-05-09,SABADO,14:30,65.0,56.48580276088734,63.958333333333336
3,2026-05-09,SABADO,15:00,39.0,49.75993624232365,69.45833333333333
3,2026-05-09,SABADO,15:30,51.0,38.3166982076695,57.09090909090909
3,2026-05-09,SABADO,16:00,30.0,21.794941864506654,45.526315789473685
3,2026-05-09,SABADO,17:00,37.0,-26.92150661671016,53.833333333333336
3,2026-05-10,DOMINGO,07:00,28.0,76.52002954304334,27.736842105263158
3,2026-05-10,DOMINGO,07:30,21.0,49.20663551853596,35.40909090909091
3,2026-05-10,DOMINGO,08:00,44.0,30.10035804509363,39.0
3,2026-05-10,DOMINGO,08:30,25.0,20.25182199926104,34.64705882352941
3,2026-05-10,DOMINGO,10:30,45.0,28.065591669436856,38.36842105263158
3,2026-05-10,DOMINGO,11:30,70.0,31.536249584093184,30.352941176470587
3,2026-05-10,DOMINGO,12:30,43.0,34.455208371356264,28.928571428571427
3,2026-05-10,DOMINGO,14:00,25.0,43.23460995346028,30.75
3,2026-05-10,DOMINGO,14:30,23.0,43.707564735318726,32.705882352941174
3,2026-05-11,LABORAL,04:00,51.0,22.107004985935305,55.05982905982906
3,2026-05-11,LABORAL,04:30,208.0,139.9337715163677,134.51666666666668
3,2026-05-11,LABORAL,05:00,251.0,206.36795687163203,272.6280991735537
3,2026-05-11,LABORAL,05:30,206.0,230.0059535246274,235.62809917355372
3,2026-05-11,LABORAL,06:00,217.0,223.18308974604582,293.2314049586777
3,2026-05-11,LABORAL,06:30,297.0,199.22001829067636,210.27272727272728
3,2026-05-11,LABORAL,07:00,128.0,169.95842052954782,165.6198347107438
3,2026-05-11,LABORAL,07:30,103.0,144.0453644062673,149.61157024793388
3,2026-05-11,LABORAL,08:00,198.0,126.20583100652499,135.68376068376068
3,2026-05-11,LABORAL,08:30,22.0,117.48972902686302,139.73553719008265
3,2026-05-11,LABORAL,09:00,157.0,116.2571896420169,135.71666666666667
3,2026-05-11,LABORAL,09:30,86.0,119.52615332337132,115.83193277310924
3,2026-05-11,LABORAL,10:00,75.0,124.27664739316253,126.8655462184874
3,2026-05-11,LABORAL,10:30,176.0,128.38373247878405,112.21487603305785
3,2026-05-11,LABORAL,11:00,85.0,131.0049910770773,105.75
3,2026-05-11,LABORAL,11:30,204.0,132.42967343761626,128.88333333333333
3,2026-05-11,LABORAL,12:00,95.0,133.55240034130622,168.1900826446281
3,2026-05-11,LABORAL,12:30,114.0,135.22272045281426,134.66666666666666
3,2026-05-11,LABORAL,13:00,160.0,137.72293304837007,138.70247933884298
3,2026-05-11,LABORAL,13:30,135.0,140.5471605226952,129.9075630252101
3,2026-05-11,LABORAL,14:00,143.0,142.52504885696294,121.4322033898305
3,2026-05-11,LABORAL,14:30,115.0,142.19798677275185,139.28813559322035
3,2026-05-11,LABORAL,15:00,75.0,138.25912696977355,135.35833333333332
3,2026-05-11,LABORAL,15:30,80.0,129.84257072638758,126.62393162393163
3,2026-05-11,LABORAL,16:00,117.0,116.50116275378741,104.12820512820512
3,2026-05-11,LABORAL,16:30,31.0,97.83033439198522,78.89655172413794
3,2026-05-12,LABORAL,04:00,55.0,59.68400786871814,55.05982905982906
3,2026-05-12,LABORAL,04:30,151.0,175.02107766399695,134.81666666666666
3,2026-05-12,LABORAL,05:00,279.0,238.50638089116188,272.1487603305785
3,2026-05-12,LABORAL,05:30,161.0,259.0545831832117,234.900826446281
3,2026-05-12,LABORAL,06:00,355.0,249.2058873740201,293.0
3,2026-05-12,LABORAL,06:30,236.0,222.3669110480406,211.38842975206612
3,2026-05-12,LABORAL,07:00,108.0,190.37181910780384,164.71900826446281
3,2026-05-12,LABORAL,07:30,153.0,161.81012654867158,149.02479338842974
3,2026-05-12,LABORAL,08:00,158.0,141.34487932270844,136.47863247863248
3,2026-05-12,LABORAL,08:30,232.0,129.99350748547414,137.95867768595042
3,2026-05-12,LABORAL,09:00,126.0,126.12668438072438,135.85
3,2026-05-12,LABORAL,09:30,33.0,126.80821680439158,115.3529411764706
3,2026-05-12,LABORAL,10:00,178.0,129.0764395580926,126.24369747899159
3,2026-05-12,LABORAL,10:30,78.0,130.84973376206256,112.59504132231405
3,2026-05-12,LABORAL,11:00,135.0,131.29349014633198,105.58333333333333
3,2026-05-12,LABORAL,11:30,68.0,130.66402359582588,129.725
3,2026-05-12,LABORAL,12:00,214.0,129.794874311103,167.2479338842975
3,2026-05-12,LABORAL,12:30,145.0,129.47258099004495,134.64166666666668
3,2026-05-12,LABORAL,13:00,83.0,129.944665254393,139.34710743801654
3,2026-05-12,LABORAL,13:30,218.0,130.72077765263867,129.0924369747899
3,2026-05-12,LABORAL,14:00,92.0,130.69997902961188,121.61016949152543
3,2026-05-12,LABORAL,14:30,149.0,128.52696156360537,139.38135593220338
3,2026-05-12,LABORAL,15:00,136.0,122.99096844099853,134.09166666666667
3,2026-05-12,LABORAL,15:30,169.0,113.2628575832004,126.68376068376068
3,2026-05-12,LABORAL,16:00,118.0,98.82515738639626,104.42735042735043
3,2026-05-12,LABORAL,16:30,63.0,79.06917396034447,78.3103448275862
3,2026-05-12,LABORAL,17:00,29.0,52.67450181178856,50.67777777777778
3,2026-05-13,LABORAL,04:00,45.0,37.92894772183405,55.11965811965812
3,2026-05-13,LABORAL,04:30,151.0,152.71711331787077,134.59166666666667
3,2026-05-13,LABORAL,05:00,311.0,216.95797302757182,272.2892561983471
3,2026-05-13,LABORAL,05:30,275.0,238.77925506217036,234.34710743801654
3,2026-05-13,LABORAL,06:00,137.0,230.1900195950601,293.42148760330576
3,2026-05-13,LABORAL,06:30,341.0,204.35335326975155,211.65289256198346
3,2026-05-13,LABORAL,07:00,53.0,173.10165067829507,164.0909090909091
3,2026-05-13,LABORAL,07:30,124.0,145.16788307690092,148.49586776859505
3,2026-05-13,LABORAL,08:00,171.0,125.39284629014423,136.63247863247864
3,2026-05-13,LABORAL,08:30,162.0,114.91541913482115,138.86776859504133
3,2026-05-13,LABORAL,09:00,41.0,112.12484938506418,135.48333333333332
3,2026-05-13,LABORAL,09:30,115.0,114.0050911552434,114.94117647058823
3,2026-05-13,LABORAL,10:00,153.0,117.46158083295268,126.66386554621849
3,2026-05-13,LABORAL,10:30,105.0,120.29056691336388,112.05785123966942
3,2026-05-13,LABORAL,11:00,70.0,121.60153403864302,105.69166666666666
3,2026-05-13,LABORAL,11:30,157.0,121.68624527613906,129.03333333333333
3,2026-05-13,LABORAL,12:00,97.0,121.48991043484921,167.1487603305785
3,2026-05-13,LABORAL,12:30,130.0,121.93696147601378,134.675
3,2026-05-13,LABORAL,13:00,146.0,123.37319292827436,138.82644628099175
3,2026-05-13,LABORAL,13:30,80.0,125.31169155155709,129.49579831932772
3,2026-05-13,LABORAL,14:00,208.0,126.54065171385173,121.08474576271186
3,2026-05-13,LABORAL,14:30,118.0,125.51085540591129,139.5677966101695
3,2026-05-13,LABORAL,15:00,134.0,120.81531993400836,134.0
3,2026-05-13,LABORAL,15:30,102.0,111.53769245343244,126.82051282051282
3,2026-05-13,LABORAL,16:00,95.0,97.29176024491068,104.03418803418803
3,2026-05-13,LABORAL,16:30,83.0,77.88855642683222,78.16379310344827
3,2026-05-14,LABORAL,04:00,45.0,42.80571627572306,55.05128205128205
3,2026-05-14,LABORAL,04:30,210.0,157.57543911334943,134.95833333333334
3,2026-05-14,LABORAL,05:00,182.0,221.43875792415594,272.504132231405
3,2026-05-14,LABORAL,05:30,231.0,242.7599507057319,234.50413223140495
3,2026-05-14,LABORAL,06:00,327.0,233.70626694152259,292.10743801652893
3,2026-05-14,LABORAL,06:30,182.0,207.50872554144348,212.93388429752065
3,2026-05-14,LABORAL,07:00,133.0,175.9903225573533,163.28099173553719
3,2026-05-14,LABORAL,07:30,172.0,147.82740605422055,147.86776859504133
3,2026-05-14,LABORAL,08:00,139.0,127.79308031554854,137.42735042735043
3,2026-05-14,LABORAL,08:30,123.0,116.97838515965907,139.13223140495867
3,2026-05-14,LABORAL,09:00,156.0,113.76194812098709,134.725
3,2026-05-14,LABORAL,09:30,57.0,115.15485152104543,115.03361344537815
3,2026-05-14,LABORAL,10:00,87.0,118.11335898453751,126.5126050420168
3,2026-05-14,LABORAL,10:30,99.0,120.48628039983987,112.44628099173553
3,2026-05-14,LABORAL,11:00,120.0,121.41621364762977,105.25833333333334
3,2026-05-14,LABORAL,11:30,84.0,121.19604369147521,128.88333333333333
3,2026-05-14,LABORAL,12:00,128.0,120.74070375047256,166.84297520661158
3,2026-05-14,LABORAL,12:30,135.0,120.92640062849404,134.65833333333333
3,2026-05-14,LABORAL,13:00,155.0,122.05410529348796,138.92561983471074
3,2026-05-14,LABORAL,13:30,97.0,123.61668310656404,129.45378151260505
3,2026-05-14,LABORAL,14:00,94.0,124.4192190979108,121.0677966101695
3,2026-05-14,LABORAL,14:30,146.0,122.96413375388835,139.6949152542373
3,2026-05-14,LABORAL,15:00,179.0,117.91200463050973,133.89166666666668
3,2026-05-14,LABORAL,15:30,84.0,108.39860957739262,126.5042735042735
3,2026-05-14,LABORAL,16:00,149.0,94.03930240039455,103.46153846153847
3,2026-05-14,LABORAL,16:30,43.0,74.56851243607247,77.89655172413794
3,2026-05-14,LABORAL,17:00,85.0,49.20855534367212,50.86516853932584
3,2026-05-15,LABORAL,04:00,53.0,40.16746982747344,55.034188034188034
3,2026-05-15,LABORAL,04:30,255.0,158.27717741243328,135.21666666666667
3,2026-05-15,LABORAL,05:00,190.0,222.40346965055107,272.4297520661157
3,2026-05-15,LABORAL,05:30,234.0,242.79084264380543,234.83471074380165
3,2026-05-15,LABORAL,06:00,278.0,232.91437774351937,291.6611570247934
3,2026-05-15,LABORAL,06:30,202.0,206.63188323395525,212.15702479338842
3,2026-05-15,LABORAL,07:00,68.0,175.79293014710623,163.1818181818182
3,2026-05-15,LABORAL,07:30,180.0,148.714672935897,148.0495867768595
3,2026-05-15,LABORAL,08:00,93.0,129.69068383938793,137.46153846153845
3,2026-05-15,LABORAL,08:30,181.0,119.44413485065985,139.29752066115702
3,2026-05-15,LABORAL,09:00,102.0,116.23324926988073,135.29166666666666
3,2026-05-15,LABORAL,09:30,110.0,117.2101620898685,114.92436974789916
3,2026-05-15,LABORAL,10:00,183.0,119.64119435454666,126.08403361344538
3,2026-05-15,LABORAL,10:30,108.0,121.70324186544462,112.02479338842976
3,2026-05-15,LABORAL,11:00,86.0,122.73840811694254,105.49166666666666
3,2026-05-15,LABORAL,11:30,117.0,123.02486472063396,128.85
3,2026-05-15,LABORAL,12:00,168.0,123.25577261920239,166.19834710743802
3,2026-05-15,LABORAL,12:30,105.0,123.97531172949812,134.775
3,2026-05-15,LABORAL,13:00,155.0,125.19156760665294,139.43801652892563
3,2026-05-15,LABORAL,13:30,157.0,126.28674506194795,129.87394957983193
3,2026-05-15,LABORAL,14:00,93.0,126.21293582838359,120.8135593220339
3,2026-05-15,LABORAL,14:30,140.0,123.84227781792464,139.77118644067798
3,2026-05-15,LABORAL,15:00,164.0,118.27439951039412,134.375
3,2026-05-15,LABORAL,15:30,152.0,108.91457752839517,125.25641025641026
3,2026-05-15,LABORAL,16:00,99.0,95.22141698471853,104.0
3,2026-05-15,LABORAL,16:30,84.0,76.1569776326296,77.81896551724138
3,2026-05-15,LABORAL,17:00,26.0,49.51196866012958,51.24444444444445
3,2026-05-16,SABADO,04:00,36.0,13.972274835328449,38.12
3,2026-05-16,SABADO,04:30,111.0,127.77905230444122,94.1923076923077
3,2026-05-16,SABADO,05:00,166.0,189.8003253137141,157.34615384615384
3,2026-05-16,SABADO,05:30,109.0,208.95689588240697,144.84615384615384
3,2026-05-16,SABADO,06:00,234.0,197.8121718402869,194.69230769230768
3,2026-05-16,SABADO,06:30,229.0,169.79091332862754,184.30769230769232
3,2026-05-16,SABADO,07:00,122.0,136.7224460421853,125.3076923076923
3,2026-05-16,SABADO,07:30,56.0,107.1608322757861,104.61538461538461
3,2026-05-16,SABADO,08:00,98.0,85.70813363917784,114.03846153846153
3,2026-05-16,SABADO,08:30,152.0,73.31122235948982,100.8
3,2026-05-16,SABADO,09:00,93.0,68.28204437917128,95.88461538461539
3,2026-05-16,SABADO,09:30,59.0,67.65707268827356,79.96153846153847
3,2026-05-16,SABADO,10:00,58.0,68.48957152058631,83.07692307692308
3,2026-05-16,SABADO,10:30,155.0,68.75304010249857,80.6923076923077
3,2026-05-16,SABADO,11:00,82.0,67.69292046264383,84.11538461538461
3,2026-05-16,SABADO,11:30,100.0,65.64608033523308,84.76
3,2026-05-16,SABADO,12:00,39.0,63.50070891439083,77.73076923076923
3,2026-05-16,SABADO,12:30,112.0,62.05207007948337,70.29166666666667
3,2026-05-16,SABADO,13:30,117.0,61.279862337075315,59.666666666666664
3,2026-05-16,SABADO,14:00,44.0,60.176890912571935,65.04
3,2026-05-16,SABADO,14:30,28.0,56.75686584599106,65.5
3,2026-05-16,SABADO,15:00,87.0,49.78115355960932,68.54166666666667
3,2026-05-16,SABADO,15:30,40.0,38.47284049004327,55.63636363636363
3,2026-05-16,SABADO,16:00,21.0,22.452982643315863,45.578947368421055
3,2026-05-16,SABADO,16:30,38.0,1.320718124174732,49.38461538461539
3,2026-05-16,SABADO,17:00,27.0,-26.005784730645246,51.42857142857143
3,2026-05-17,DOMINGO,07:00,48.0,76.58937887320332,27.473684210526315
3,2026-05-17,DOMINGO,07:30,23.0,49.75028957479287,33.77272727272727
3,2026-05-17,DOMINGO,08:00,68.0,31.11330069312055,39.041666666666664
3,2026-05-17,DOMINGO,08:30,24.0,21.50839949045644,32.470588235294116
3,2026-05-17,DOMINGO,09:00,50.0,19.213073730608073,37.35294117647059
3,2026-05-17,DOMINGO,09:30,37.0,21.313474054500546,31.11111111111111
3,2026-05-17,DOMINGO,10:00,16.0,24.963705493049645,42.888888888888886
3,2026-05-17,DOMINGO,10:30,47.0,28.2382181120293,38.26315789473684
3,2026-05-17,DOMINGO,11:00,25.0,30.43559139296309,36.8
3,2026-05-17,DOMINGO,11:30,16.0,31.87188482783523,31.88235294117647
3,2026-05-17,DOMINGO,12:30,28.0,35.53192319614715,31.785714285714285
3,2026-05-17,DOMINGO,13:00,24.0,38.53038847385454,30.647058823529413
3,2026-05-17,DOMINGO,14:00,25.0,43.987647036575424,30.75
3,2026-05-17,DOMINGO,15:30,25.0,33.35967380060441,30.53846153846154
3,2026-05-17,DOMINGO,16:30,19.0,4.738522235149333,31.714285714285715
3,2026-05-18,FESTIVO_PUENTE,07:00,53.0,53.599734253245174,36.0
3,2026-05-18,FESTIVO_PUENTE,07:30,23.0,27.01399317839372,29.0
3,2026-05-18,FESTIVO_PUENTE,08:00,30.0,8.656048150297323,34.75
3,2026-05-18,FESTIVO_PUENTE,09:00,19.0,-1.2379584939321546,23.0
3,2026-05-18,FESTIVO_PUENTE,09:30,42.0,2.455614995211988,20.333333333333332
3,2026-05-18,FESTIVO_PUENTE,10:30,21.0,11.84509154791337,33.0
3,2026-05-18,FESTIVO_PUENTE,11:00,26.0,14.277073853661506,24.5
3,2026-05-18,FESTIVO_PUENTE,11:30,19.0,15.264877521221848,23.75
3,2026-05-18,FESTIVO_PUENTE,12:00,24.0,15.918001453367566,29.25
3,2026-05-18,FESTIVO_PUENTE,12:30,29.0,17.335381948358247,31.333333333333332
3,2026-05-18,FESTIVO_PUENTE,13:00,36.0,19.963242236213603,19.333333333333332
3,2026-05-18,FESTIVO_PUENTE,13:30,26.0,23.2799023433154,30.333333333333332
3,2026-05-18,FESTIVO_PUENTE,14:00,28.0,25.89535751407655,32.25
3,2026-05-19,LABORAL,04:00,51.0,60.281910943912465,55.07692307692308
3,2026-05-19,LABORAL,04:30,183.0,176.63462026070215,136.38333333333333
3,2026-05-19,LABORAL,05:00,212.0,240.43819058949117,271.94214876033055
3,2026-05-19,LABORAL,05:30,247.0,260.81479764273115,234.44628099173553
3,2026-05-19,LABORAL,06:00,312.0,250.5559637008957,291.46280991735534
3,2026-05-19,LABORAL,06:30,178.0,223.29466158181327,212.099173553719
3,2026-05-19,LABORAL,07:00,223.0,191.01575756466877,162.0495867768595
3,2026-05-19,LABORAL,07:30,108.0,162.36194685580324,149.0
3,2026-05-19,LABORAL,08:00,167.0,141.96092543762182,137.07692307692307
3,2026-05-19,LABORAL,08:30,129.0,130.73952174654613,139.2396694214876
3,2026-05-19,LABORAL,09:00,178.0,126.96736841414224,135.20833333333334
3,2026-05-19,LABORAL,09:30,124.0,127.63820639874291,115.04201680672269
3,2026-05-19,LABORAL,10:00,168.0,129.7766022407318,126.17647058823529
3,2026-05-19,LABORAL,10:30,120.0,131.3458343470989,111.68595041322314
3,2026-05-19,LABORAL,11:00,95.0,131.59500899918447,105.16666666666667
3,2026-05-19,LABORAL,11:30,184.0,130.86875301437425,129.05833333333334
3,2026-05-19,LABORAL,12:00,141.0,130.05726863236328,165.30578512396696
3,2026-05-19,LABORAL,12:30,142.0,129.94679454054773,134.14166666666668
3,2026-05-19,LABORAL,13:00,197.0,130.72270721100688,139.46280991735537
3,2026-05-19,LABORAL,13:30,84.0,131.78919459171595,130.21008403361344
3,2026-05-19,LABORAL,14:00,142.0,131.93381594098082,120.12711864406779
3,2026-05-19,LABORAL,14:30,114.0,129.72860195278145,139.88135593220338
3,2026-05-19,LABORAL,15:00,169.0,123.96695381425093,134.625
3,2026-05-19,LABORAL,15:30,195.0,113.9182043512929,125.96581196581197
3,2026-05-19,LABORAL,16:00,51.0,99.24621623189273,103.98290598290598
3,2026-05-19,LABORAL,16:30,58.0,79.56562000530943,77.64655172413794
3,2026-05-19,LABORAL,17:00,44.0,53.75934650905339,50.48888888888889
3,2026-05-20,LABORAL,04:00,45.0,38.01396601978297,55.05128205128205
3,2026-05-20,LABORAL,04:30,133.0,155.7914718343722,136.55
3,2026-05-20,LABORAL,05:00,268.0,220.21568650247508,271.1900826446281
3,2026-05-20,LABORAL,05:30,285.0,240.94580816405784,234.50413223140495
3,2026-05-20,LABORAL,06:00,241.0,231.14557568383242,290.60330578512395
3,2026-05-20,LABORAL,06:30,284.0,204.62338205151798,211.45454545454547
3,2026-05-20,LABORAL,07:00,139.0,173.36491114863048,162.01652892561984
3,2026-05-20,LABORAL,07:30,139.0,145.89991502536714,148.1900826446281
3,2026-05-20,LABORAL,08:00,158.0,126.70558180243148,137.98290598290598
3,2026-05-20,LABORAL,08:30,101.0,116.58819362758385,138.13223140495867
3,2026-05-20,LABORAL,09:00,175.0,113.76754318617043,135.59166666666667
3,2026-05-20,LABORAL,09:30,80.0,115.26447138824966,115.02521008403362
3,2026-05-20,LABORAL,10:00,139.0,118.18314665498536,126.4453781512605
3,2026-05-20,LABORAL,10:30,99.0,120.57699986093888,111.77685950413223
3,2026-05-20,LABORAL,11:00,87.0,121.75397982841423,104.625
3,2026-05-20,LABORAL,11:30,70.0,122.06056747580578,129.50833333333333
3,2026-05-20,LABORAL,12:00,201.0,122.33167178916989,164.8181818181818
3,2026-05-20,LABORAL,12:30,151.0,123.26607239470303,134.40833333333333
3,2026-05-20,LABORAL,13:00,132.0,124.96973166489033,139.16528925619835
3,2026-05-20,LABORAL,13:30,153.0,126.81473410133162,129.7983193277311
3,2026-05-20,LABORAL,14:00,104.0,127.62510449250118,120.4322033898305
3,2026-05-20,LABORAL,14:30,194.0,126.06907657619678,138.88983050847457
3,2026-05-20,LABORAL,15:00,100.0,121.05453631962246,134.83333333333334
3,2026-05-20,LABORAL,15:30,71.0,111.91833486114399,126.53846153846153
3,2026-05-20,LABORAL,16:00,120.0,98.27442161893265,102.64102564102564
3,2026-05-20,LABORAL,16:30,41.0,79.51795234020875,77.47863247863248
3,2026-05-20,LABORAL,17:00,12.0,54.13085690798033,50.56666666666667
3,2026-05-22,LABORAL,04:00,41.0,42.57102539338558,54.914529914529915
3,2026-05-22,LABORAL,04:30,182.0,159.3059208286288,135.42016806722688
3,2026-05-22,LABORAL,05:00,193.0,223.7686676780345,270.71666666666664
3,2026-05-22,LABORAL,05:30,182.0,244.96137268377294,233.925
3,2026-05-22,LABORAL,06:00,304.0,235.58185730528805,290.9583333333333
3,2026-05-22,LABORAL,06:30,192.0,209.20527994957604,211.25
3,2026-05-22,LABORAL,07:00,118.0,177.79296319195691,161.64166666666668
3,2026-05-22,LABORAL,07:30,163.0,149.9882672398274,148.04166666666666
3,2026-05-22,LABORAL,08:00,95.0,130.42975127758803,137.5344827586207
3,2026-05-22,LABORAL,08:30,136.0,120.05223454375363,136.96666666666667
3,2026-05-22,LABORAL,09:00,107.0,117.12221366324127,136.43697478991598
3,2026-05-22,LABORAL,09:30,175.0,118.61758695875824,113.6864406779661
3,2026-05-22,LABORAL,10:00,94.0,121.53895895573504,127.34745762711864
3,2026-05-22,LABORAL,10:30,113.0,123.82577959471604,111.70833333333333
3,2026-05-22,LABORAL,11:00,74.0,124.71183370243915,103.91596638655462
3,2026-05-22,LABORAL,12:00,116.0,124.21245027849545,164.68333333333334
3,2026-05-22,LABORAL,12:30,142.0,124.53493453129954,133.84873949579833
3,2026-05-22,LABORAL,13:00,61.0,125.71156627092802,138.79166666666666
3,2026-05-22,LABORAL,13:30,193.0,127.1551970600517,129.97457627118644
3,2026-05-22,LABORAL,14:00,94.0,127.64671199998895,119.47863247863248
3,2026-05-22,LABORAL,14:30,113.0,125.73720937288385,138.94017094017093
3,2026-05-22,LABORAL,15:00,119.0,120.19318373124798,134.47058823529412
3,2026-05-22,LABORAL,15:30,57.0,110.26494604099213,124.89655172413794
3,2026-05-22,LABORAL,16:00,132.0,95.62085160748785,102.9396551724138
3,2026-05-22,LABORAL,16:30,37.0,75.91590070074739,76.85344827586206
3,2026-05-22,LABORAL,17:00,36.0,50.11349139321817,49.733333333333334
3,2026-05-23,SABADO,04:00,22.0,13.198714340933464,37.72
3,2026-05-23,SABADO,04:30,120.0,128.75854623003386,94.8076923076923
3,2026-05-23,SABADO,05:00,143.0,191.316392937057,156.57692307692307
3,2026-05-23,SABADO,05:30,176.0,210.31049019941594,142.1153846153846
3,2026-05-23,SABADO,06:00,244.0,198.7597999619153,197.69230769230768
3,2026-05-23,SABADO,06:30,99.0,170.40556847877002,186.0
3,2026-05-23,SABADO,07:00,131.0,137.22604885988738,125.3076923076923
3,2026-05-23,SABADO,07:30,82.0,107.7753581476797,102.11538461538461
3,2026-05-23,SABADO,08:00,158.0,86.55933729751098,113.23076923076923
3,2026-05-23,SABADO,08:30,86.0,74.39854032996163,102.24
3,2026-05-23,SABADO,09:00,97.0,69.50705168793314,97.34615384615384
3,2026-05-23,SABADO,09:30,104.0,68.88674148018418,79.1923076923077
3,2026-05-23,SABADO,10:00,53.0,69.62361534076149,83.1923076923077
3,2026-05-23,SABADO,10:30,65.0,69.76802137684109,82.03846153846153
3,2026-05-23,SABADO,11:00,68.0,68.64764902929068,83.42307692307692
3,2026-05-23,SABADO,11:30,48.0,66.6488281870889,86.0
3,2026-05-23,SABADO,12:00,85.0,64.653537632005,76.03846153846153
3,2026-05-23,SABADO,12:30,73.0,63.396297486114236,72.5
3,2026-05-23,SABADO,13:00,50.0,62.990591296117486,72.30434782608695
3,2026-05-23,SABADO,13:30,56.0,62.780289151321654,61.666666666666664
3,2026-05-23,SABADO,14:00,32.0,61.532723502551846,64.64
3,2026-05-23,SABADO,15:00,48.0,50.61825832141159,67.66666666666667
3,2026-05-23,SABADO,15:30,44.0,39.194144799220624,55.13636363636363
3,2026-05-23,SABADO,16:00,54.0,23.319042080771226,44.35
3,2026-05-23,SABADO,16:30,30.0,2.6101551363738054,48.30769230769231
3,2026-05-24,DOMINGO,07:00,11.0,78.73173220810321,28.5
3,2026-05-24,DOMINGO,08:00,24.0,32.89545527770673,40.2
3,2026-05-24,DOMINGO,08:30,80.0,23.259089998850186,29.941176470588236
3,2026-05-24,DOMINGO,09:30,24.0,23.256645228293507,32.166666666666664
3,2026-05-24,DOMINGO,10:00,22.0,26.99664883151445,39.166666666666664
3,2026-05-24,DOMINGO,11:00,74.0,32.36359891942948,36.0625
3,2026-05-24,DOMINGO,12:00,32.0,34.89862707303746,36.10526315789474
3,2026-05-24,DOMINGO,12:30,40.0,36.948397928784914,30.571428571428573
3,2026-05-24,DOMINGO,13:30,23.0,43.15864891711493,33.92857142857143
3,2026-05-24,DOMINGO,14:00,25.0,45.4851637939056,30.1
3,2026-05-24,DOMINGO,15:00,29.0,42.00659032234006,31.4
3,2026-05-25,LABORAL,04:00,48.0,21.101176008323932,54.7008547008547
3,2026-05-25,LABORAL,04:30,205.0,142.52094850427068,135.67226890756302
3,2026-05-25,LABORAL,05:00,304.0,208.79103536720055,269.21666666666664
3,2026-05-25,LABORAL,05:30,214.0,230.75932087453214,233.93333333333334
3,2026-05-25,LABORAL,06:00,300.0,222.36721849221067,290.5
3,2026-05-25,LABORAL,06:30,131.0,197.74229129968012,210.63333333333333
3,2026-05-25,LABORAL,07:00,239.0,168.80679818459748,161.45
3,2026-05-25,LABORAL,07:30,110.0,143.8017037207951,148.38333333333333
3,2026-05-25,LABORAL,08:00,122.0,126.87108694535794,137.55172413793105
3,2026-05-25,LABORAL,08:30,223.0,118.59278367539446,136.58333333333334
3,2026-05-25,LABORAL,09:00,111.0,117.14078800817788,136.8655462184874
3,2026-05-25,LABORAL,09:30,113.0,119.66713383576439,114.28813559322033
3,2026-05-25,LABORAL,10:00,144.0,123.50973439973222,127.08474576271186
3,2026-05-25,LABORAL,10:30,105.0,126.95055050138086,111.49166666666666
3,2026-05-25,LABORAL,11:00,62.0,129.42316102936758,103.08403361344538
3,2026-05-25,LABORAL,11:30,230.0,131.24606979417865,130.28813559322035
3,2026-05-25,LABORAL,12:00,61.0,133.0873186661603,163.68333333333334
3,2026-05-25,LABORAL,12:30,217.0,135.41420563015197,133.76470588235293
3,2026-05-25,LABORAL,13:00,62.0,138.14218109050643,138.05
3,2026-05-25,LABORAL,13:30,151.0,140.5891970075395,130.57627118644066
3,2026-05-25,LABORAL,14:00,143.0,141.70569692030347,119.21367521367522
3,2026-05-25,LABORAL,14:30,122.0,140.43325132958307,139.32478632478632
3,2026-05-25,LABORAL,15:00,103.0,135.9866996310077,133.7310924369748
3,2026-05-25,LABORAL,15:30,180.0,127.87640939700714,123.85344827586206
3,2026-05-25,LABORAL,16:00,71.0,115.58395668026014,103.25862068965517
3,2026-05-25,LABORAL,16:30,73.0,97.94653689178045,76.25
3,2026-05-25,LABORAL,17:00,30.0,72.44689008521601,49.44444444444444
3,2026-05-25,LABORAL,17:30,27.0,34.69790201184355,33.46153846153846
3,2026-05-26,LABORAL,04:00,47.0,60.97488513569408,54.623931623931625
3,2026-05-26,LABORAL,04:30,166.0,176.120203450043,136.0420168067227
3,2026-05-26,LABORAL,05:00,314.0,239.47047720095082,269.53333333333336
3,2026-05-26,LABORAL,05:30,195.0,259.86373454665306,233.81666666666666
3,2026-05-26,LABORAL,06:00,342.0,249.85065465699188,290.2583333333333
3,2026-05-26,LABORAL,06:30,210.0,222.89365305454282,210.14166666666668
3,2026-05-26,LABORAL,07:00,168.0,190.88178243720392,162.525
3,2026-05-26,LABORAL,07:30,120.0,162.42320254383174,147.59166666666667
3,2026-05-26,LABORAL,08:00,159.0,142.14914677097602,137.39655172413794
3,2026-05-26,LABORAL,08:30,126.0,131.00415217843602,137.13333333333333
3,2026-05-26,LABORAL,09:00,158.0,127.27239464668429,136.61344537815125
3,2026-05-26,LABORAL,09:30,104.0,127.95186685502142,114.35593220338983
3,2026-05-26,LABORAL,10:00,132.0,130.06363836775603,126.57627118644068
3,2026-05-26,LABORAL,10:30,143.0,131.56799236979867,111.46666666666667
3,2026-05-26,LABORAL,11:00,113.0,131.71990402946403,102.98319327731092
3,2026-05-26,LABORAL,11:30,127.0,130.8821775215912,130.71186440677965
3,2026-05-26,LABORAL,12:00,211.0,129.97146804242294,162.83333333333334
3,2026-05-26,LABORAL,12:30,156.0,129.79815012582588,134.39495798319328
3,2026-05-26,LABORAL,13:00,64.0,130.55644220574158,137.28333333333333
3,2026-05-26,LABORAL,13:30,210.0,131.63476811350728,131.3050847457627
3,2026-05-26,LABORAL,14:00,65.0,131.78045129265928,119.05128205128206
3,2026-05-26,LABORAL,14:30,201.0,129.51368113980624,139.0940170940171
3,2026-05-26,LABORAL,15:00,87.0,123.58919130076151,133.14285714285714
3,2026-05-26,LABORAL,15:30,135.0,113.28216213809827,123.86206896551724
3,2026-05-26,LABORAL,16:00,97.0,98.33582188239853,102.88793103448276
3,2026-05-26,LABORAL,16:30,56.0,78.53411738651442,76.21551724137932
3,2026-05-26,LABORAL,17:00,27.0,53.01444489337371,49.23076923076923
3,2026-05-27,LABORAL,04:00,42.0,38.129815413515416,54.51282051282051
3,2026-05-27,LABORAL,04:30,215.0,155.304231484586,136.35294117647058
3,2026-05-27,LABORAL,05:00,118.0,219.31977990262646,269.2
3,2026-05-27,LABORAL,05:30,241.0,239.8898173223995,233.175
3,2026-05-27,LABORAL,06:00,261.0,230.1601475979396,290.1166666666667
3,2026-05-27,LABORAL,06:30,150.0,203.86703082521956,210.09166666666667
3,2026-05-27,LABORAL,07:00,128.0,172.89821996779528,162.35833333333332
3,2026-05-27,LABORAL,07:30,162.0,145.69024974666723,146.875
3,2026-05-27,LABORAL,08:00,119.0,126.65627709742057,137.5811965811966
3,2026-05-27,LABORAL,08:30,46.0,116.58038623473158,136.88333333333333
3,2026-05-27,LABORAL,09:00,152.0,113.70078266466396,136.53781512605042
3,2026-05-27,LABORAL,09:30,48.0,115.08422754204457,114.00847457627118
3,2026-05-27,LABORAL,10:00,145.0,117.88852473645898,126.63559322033899
3,2026-05-27,LABORAL,10:30,110.0,120.20868908273286,111.4
3,2026-05-27,LABORAL,11:00,131.0,121.36866446980355,102.87394957983193
3,2026-05-27,LABORAL,11:30,89.0,121.70191598227268,130.66949152542372
3,2026-05-27,LABORAL,12:00,160.0,122.008517678759,163.23333333333332
3,2026-05-27,LABORAL,12:30,128.0,122.94546515247714,134.10084033613447
3,2026-05-27,LABORAL,13:00,76.0,124.58714254792466,136.53333333333333
3,2026-05-27,LABORAL,13:30,149.0,126.29755726933826,132.05084745762713
3,2026-05-27,LABORAL,14:00,109.0,126.9206334471354,118.2991452991453
3,2026-05-27,LABORAL,14:30,113.0,125.16595690701274,139.22222222222223
3,2026-05-27,LABORAL,15:00,164.0,119.98808729789442,132.3781512605042
3,2026-05-27,LABORAL,15:30,69.0,110.75482476623563,123.98275862068965
3,2026-05-27,LABORAL,16:00,86.0,97.07610314861,102.56896551724138
3,2026-05-27,LABORAL,16:30,54.0,78.29747847919276,75.66379310344827
3,2026-05-28,LABORAL,04:00,50.0,42.281724261727504,54.34188034188034
3,2026-05-28,LABORAL,04:30,148.0,158.7560617271983,136.890756302521
3,2026-05-28,LABORAL,05:00,237.0,222.488472841352,268.68333333333334
3,2026-05-28,LABORAL,05:30,214.0,242.91905229165366,232.85833333333332
3,2026-05-28,LABORAL,06:00,329.0,233.01720090917553,289.65
3,2026-05-28,LABORAL,06:30,157.0,206.4468316969929,209.78333333333333
3,2026-05-28,LABORAL,07:00,208.0,175.1070735822317,162.20833333333334
3,2026-05-28,LABORAL,07:30,60.0,147.49239393441997,147.025
3,2026-05-28,LABORAL,08:00,173.0,128.07999852804852,137.2136752136752
3,2026-05-28,LABORAL,08:30,74.0,117.69284379246596,136.15
3,2026-05-28,LABORAL,09:00,169.0,114.568619307034,136.52100840336135
3,2026-05-28,LABORAL,09:30,94.0,115.73867984410663,113.67796610169492
3,2026-05-28,LABORAL,10:00,75.0,118.30920074731455,127.02542372881356
3,2026-05-28,LABORAL,10:30,164.0,120.3314338451396,111.45
3,2026-05-28,LABORAL,11:00,119.0,121.1130839508142,102.68067226890756
3,2026-05-28,LABORAL,11:30,143.0,121.00649545556405,131.01694915254237
3,2026-05-28,LABORAL,12:00,103.0,120.85835644647022,163.05833333333334
3,2026-05-28,LABORAL,12:30,145.0,121.38040754556607,133.88235294117646
3,2026-05-28,LABORAL,13:00,93.0,122.6856311186549,135.83333333333334
3,2026-05-28,LABORAL,13:30,123.0,124.14140543922503,132.27966101694915
3,2026-05-28,LABORAL,14:00,115.0,124.55480692930962,118.24786324786325
3,2026-05-28,LABORAL,14:30,168.0,122.57221359829015,138.3846153846154
3,2026-05-28,LABORAL,15:00,101.0,117.08993086237672,132.71428571428572
3,2026-05-28,LABORAL,15:30,128.0,107.46345477768375,123.38793103448276
3,2026-05-28,LABORAL,16:00,130.0,93.37464073776084,101.81896551724138
3,2026-05-28,LABORAL,16:30,40.0,74.34702583565559,75.32758620689656
3,2026-05-28,LABORAL,17:00,36.0,49.04861113487112,48.89010989010989
3,2026-05-29,LABORAL,04:00,116.0,42.042163596312946,54.23931623931624
3,2026-05-29,LABORAL,04:30,69.0,158.0183085716224,136.8235294117647
3,2026-05-29,LABORAL,05:00,243.0,222.0903337792152,268.40833333333336
3,2026-05-29,LABORAL,05:30,317.0,243.1443176634462,232.2
3,2026-05-29,LABORAL,06:00,215.0,233.78695711638818,290.03333333333336
3,2026-05-29,LABORAL,06:30,257.0,207.52830312441148,209.36666666666667
3,2026-05-29,LABORAL,07:00,146.0,176.28440780164902,163.09166666666667
3,2026-05-29,LABORAL,07:30,173.0,148.66444863113378,146.05833333333334
3,2026-05-29,LABORAL,08:00,122.0,129.2770358649405,137.46153846153845
3,2026-05-29,LABORAL,08:30,88.0,119.02911710726414,135.275
3,2026-05-29,LABORAL,09:00,146.0,116.16431997747361,137.0924369747899
3,2026-05-29,LABORAL,09:30,138.0,117.64873371396266,112.91525423728814
3,2026-05-29,LABORAL,10:00,86.0,120.48797923362775,126.50847457627118
3,2026-05-29,LABORAL,10:30,87.0,122.6452684118596,112.025
3,2026-05-29,LABORAL,11:00,145.0,123.39267618695982,102.96638655462185
3,2026-05-29,LABORAL,11:30,74.0,123.11556736560658,130.8728813559322
3,2026-05-29,LABORAL,12:00,190.0,122.74837402739166,161.20833333333334
3,2026-05-29,LABORAL,12:30,149.0,123.10609303847349,133.78151260504202
3,2026-05-29,LABORAL,13:00,174.0,124.37073352820897,135.70833333333334
3,2026-05-29,LABORAL,13:30,56.0,125.90406882425316,132.74576271186442
3,2026-05-29,LABORAL,14:00,118.0,126.42027748611099,118.42735042735043
3,2026-05-29,LABORAL,14:30,168.0,124.41112320391977,138.3760683760684
3,2026-05-29,LABORAL,15:00,138.0,118.61867615133406,132.51260504201682
3,2026-05-29,LABORAL,15:30,84.0,108.32848512569007,123.33620689655173
3,2026-05-29,LABORAL,16:00,72.0,93.31797052081936,101.73275862068965
3,2026-05-29,LABORAL,16:30,75.0,73.42244468736283,74.77586206896552
3,2026-05-29,LABORAL,17:00,19.0,47.83490685353769,48.2967032967033
3,2026-05-30,SABADO,04:30,175.0,128.4869313130509,95.6923076923077
3,2026-05-30,SABADO,05:00,105.0,190.56423615282193,155.53846153846155
3,2026-05-30,SABADO,05:30,174.0,209.36766650286353,140.3846153846154
3,2026-05-30,SABADO,06:00,122.0,197.8529330257449,195.92307692307693
3,2026-05-30,SABADO,06:30,210.0,169.66622550722104,183.26923076923077
3,2026-05-30,SABADO,07:00,142.0,136.68873166615225,125.61538461538461
3,2026-05-30,SABADO,07:30,104.0,107.4000889895101,102.26923076923077
3,2026-05-30,SABADO,08:00,49.0,86.26815735874328,114.42307692307692
3,2026-05-30,SABADO,08:30,139.0,74.11321012257787,102.6
3,2026-05-30,SABADO,09:00,80.0,69.17689435472255,96.6923076923077
3,2026-05-30,SABADO,09:30,59.0,68.50011764107467,78.96153846153847
3,2026-05-30,SABADO,10:00,99.0,69.20242727747438,81.42307692307692
3,2026-05-30,SABADO,10:30,51.0,69.35009190284285,81.07692307692308
3,2026-05-30,SABADO,11:00,30.0,68.26522076826308,83.15384615384616
3,2026-05-30,SABADO,11:30,121.0,66.31187714969269,83.68
3,2026-05-30,SABADO,12:00,105.0,64.34410415830837,76.34615384615384
3,2026-05-30,SABADO,12:30,18.0,63.07551603862595,73.95833333333333
3,2026-05-30,SABADO,13:00,36.0,62.61506317234074,70.1304347826087
3,2026-05-30,SABADO,13:30,58.0,62.32055702390312,62.541666666666664
3,2026-05-30,SABADO,14:00,54.0,60.9851929691614,62.04
3,2026-05-30,SABADO,14:30,31.0,57.23920122953871,64.08333333333333
3,2026-05-30,SABADO,15:00,81.0,49.963208738596734,65.0
3,2026-05-30,SABADO,15:30,39.0,38.50064777605155,54.63636363636363
3,2026-05-31,DOMINGO,07:00,29.0,79.50180633425003,27.25
3,2026-05-31,DOMINGO,08:00,29.0,33.48217720852904,39.76
3,2026-05-31,DOMINGO,08:30,37.0,23.857019583854196,33.35294117647059
3,2026-05-31,DOMINGO,09:00,32.0,21.74537930515504,38.05555555555556
3,2026-05-31,DOMINGO,10:00,61.0,28.006972975922054,38.26315789473684
3,2026-05-31,DOMINGO,11:00,25.0,33.34972697137408,38.294117647058826
3,2026-05-31,DOMINGO,11:30,42.0,34.44244655353219,32.375
3,2026-05-31,DOMINGO,14:00,24.0,46.34104136135829,29.857142857142858
3,2026-05-31,DOMINGO,14:30,23.0,46.43414418294884,31.375
3,2026-06-01,LABORAL,04:00,49.0,24.21765189964418,54.73504273504273
3,2026-06-01,LABORAL,04:30,131.0,141.01701126362798,136.35294117647058
3,2026-06-01,LABORAL,05:00,236.0,206.95361618173797,267.68333333333334
3,2026-06-01,LABORAL,05:30,237.0,230.32038515305857,233.04166666666666
3,2026-06-01,LABORAL,06:00,226.0,223.2902800534867,289.175
3,2026-06-01,LABORAL,06:30,187.0,199.1400187757992,209.69166666666666
3,2026-06-01,LABORAL,07:00,167.0,169.73661124854107,163.41666666666666
3,2026-06-01,LABORAL,07:30,106.0,143.76650609103484,146.18333333333334
3,2026-06-01,LABORAL,08:00,77.0,125.96578496093304,136.76068376068375
3,2026-06-01,LABORAL,08:30,156.0,117.34975620198134,135.575
3,2026-06-01,LABORAL,09:00,43.0,116.20793999082025,136.84873949579833
3,2026-06-01,LABORAL,09:30,143.0,119.48102306374727,113.54237288135593
3,2026-06-01,LABORAL,10:00,139.0,124.10025110457605,126.3135593220339
3,2026-06-01,LABORAL,11:00,74.0,130.2387518701811,102.98319327731092
3,2026-06-01,LABORAL,11:30,150.0,131.36938641337355,130.5677966101695
3,2026-06-01,LABORAL,12:00,136.0,132.3318082572734,160.88333333333333
3,2026-06-01,LABORAL,12:30,172.0,134.02846230855363,133.64705882352942
3,2026-06-01,LABORAL,13:00,70.0,136.71496683613805,135.925
3,2026-06-01,LABORAL,13:30,110.0,139.7732224787543,132.33898305084745
3,2026-06-01,LABORAL,14:00,82.0,141.86414202565953,117.72649572649573
3,2026-06-01,LABORAL,14:30,178.0,141.3650665968226,138.5811965811966
3,2026-06-01,LABORAL,15:00,47.0,136.8891762335333,132.6218487394958
3,2026-06-01,LABORAL,15:30,117.0,127.65009265281088,123.01724137931035
3,2026-06-01,LABORAL,16:00,63.0,113.4864385164891,100.86206896551724
3,2026-06-01,LABORAL,16:30,52.0,94.48352502174072,74.84482758620689
3,2026-06-02,LABORAL,04:30,167.0,174.09595003646,135.91596638655463
3,2026-06-02,LABORAL,05:00,224.0,237.14612155791826,267.3666666666667
3,2026-06-02,LABORAL,05:30,286.0,257.8782071810393,232.2
3,2026-06-02,LABORAL,06:00,279.0,248.28439169101108,288.775
3,2026-06-02,LABORAL,06:30,120.0,221.54074841307823,208.675
3,2026-06-02,LABORAL,07:00,227.0,189.49151812278967,163.96666666666667
3,2026-06-02,LABORAL,07:30,65.0,160.8565886384772,145.74166666666667
3,2026-06-02,LABORAL,08:00,173.0,140.43003984809064,136.0940170940171
3,2026-06-02,LABORAL,08:30,84.0,129.27889666243664,135.81666666666666
3,2026-06-02,LABORAL,09:00,121.0,125.71713089284441,135.58823529411765
3,2026-06-02,LABORAL,09:30,194.0,126.67641315669113,113.80508474576271
3,2026-06-02,LABORAL,10:00,72.0,129.05383997083226,126.2457627118644
3,2026-06-02,LABORAL,10:30,161.0,130.68833321852662,111.84873949579831
3,2026-06-02,LABORAL,11:00,94.0,130.77241839135655,102.85714285714286
3,2026-06-02,LABORAL,11:30,101.0,129.69508996644782,130.16949152542372
3,2026-06-02,LABORAL,12:00,188.0,128.4790501009182,160.49166666666667
3,2026-06-02,LABORAL,12:30,135.0,128.075974255135,133.80672268907563
3,2026-06-02,LABORAL,13:00,105.0,128.79276179659246,135.55
3,2026-06-02,LABORAL,13:30,103.0,130.04385177470465,131.5677966101695
3,2026-06-02,LABORAL,14:00,120.0,130.48908717385615,116.8974358974359
3,2026-06-02,LABORAL,14:30,152.0,128.46898971040832,138.87179487179486
3,2026-06-02,LABORAL,15:00,174.0,122.5377754809466,131.87394957983193
3,2026-06-02,LABORAL,15:30,97.0,111.85520833056404,123.55172413793103
3,2026-06-02,LABORAL,16:00,102.0,96.24498611658618,100.37068965517241
3,2026-06-02,LABORAL,16:30,76.0,75.84648254089456,73.9396551724138
3,2026-06-03,LABORAL,04:30,170.0,153.47234028133528,135.94117647058823
3,2026-06-03,LABORAL,05:00,253.0,217.15131502672642,267.65
3,2026-06-03,LABORAL,05:30,311.0,237.94046869524044,232.71666666666667
3,2026-06-03,LABORAL,06:00,202.0,228.48710048663577,288.075
3,2026-06-03,LABORAL,06:30,215.0,202.28652911565712,207.225
3,2026-06-03,LABORAL,07:00,135.0,171.20556871499076,164.35833333333332
3,2026-06-03,LABORAL,07:30,155.0,143.79424975515775,145.34166666666667
3,2026-06-03,LABORAL,08:00,105.0,124.61332706119498,136.1196581196581
3,2026-06-03,LABORAL,08:30,153.0,114.54579322836173,136.025
3,2026-06-03,LABORAL,09:00,68.0,111.83721903100411,134.27731092436974
3,2026-06-03,LABORAL,09:30,114.0,113.47430415824527,114.72881355932203
3,2026-06-03,LABORAL,10:00,127.0,116.48950980773384,125.54237288135593
3,2026-06-03,LABORAL,10:30,121.0,118.8666573264602,112.03361344537815
3,2026-06-03,LABORAL,11:00,101.0,119.88432868784776,102.82352941176471
3,2026-06-03,LABORAL,11:30,84.0,119.91958699233692,130.08474576271186
3,2026-06-03,LABORAL,12:00,163.0,119.88998625702686,160.46666666666667
3,2026-06-03,LABORAL,12:30,82.0,120.59535664369332,133.83193277310923
3,2026-06-03,LABORAL,13:00,146.0,122.2140636567791,135.76666666666668
3,2026-06-03,LABORAL,13:30,116.0,124.12047532125405,130.44915254237287
3,2026-06-03,LABORAL,14:00,93.0,125.0541471238642,117.55555555555556
3,2026-06-03,LABORAL,14:30,152.0,123.53305049914167,138.1965811965812
3,2026-06-03,LABORAL,15:00,53.0,118.30866163910935,132.71428571428572
3,2026-06-03,LABORAL,15:30,122.0,108.64118400297929,122.25
3,2026-06-03,LABORAL,16:00,109.0,94.23614956968055,100.74137931034483
3,2026-06-03,LABORAL,16:30,46.0,74.81048075317409,73.59482758620689
3,2026-06-03,LABORAL,17:00,29.0,49.4071851374913,47.05555555555556
3,2026-06-04,LABORAL,04:30,157.0,157.87992131302985,136.11764705882354
3,2026-06-04,LABORAL,05:00,293.0,221.26214917601868,267.275
3,2026-06-04,LABORAL,05:30,240.0,241.2940775278642,232.775
3,2026-06-04,LABORAL,06:00,278.0,231.16959143749256,286.8333333333333
3,2026-06-04,LABORAL,06:30,128.0,204.61975687089017,207.225
3,2026-06-04,LABORAL,07:00,157.0,173.4891857464824,163.95833333333334
3,2026-06-04,LABORAL,07:30,117.0,146.15439978300526,145.575
3,2026-06-04,LABORAL,08:00,67.0,126.97237732035393,136.28205128205127
3,2026-06-04,LABORAL,08:30,183.0,116.68999881828455,135.89166666666668
3,2026-06-04,LABORAL,09:00,64.0,113.53379283138213,133.08403361344537
3,2026-06-04,LABORAL,09:30,85.0,114.58205916138058,114.66949152542372
3,2026-06-04,LABORAL,10:00,129.0,117.01843168259074,125.5546218487395
3,2026-06-04,LABORAL,10:30,90.0,118.96637712063301,111.97478991596638
3,2026-06-04,LABORAL,11:00,92.0,119.77068191234991,102.50420168067227
3,2026-06-04,LABORAL,11:30,106.0,119.77245079342583,129.74576271186442
3,2026-06-04,LABORAL,12:00,133.0,119.76652942399863,160.75833333333333
3,2026-06-04,LABORAL,12:30,123.0,120.39717146870754,133.35294117647058
3,2026-06-04,LABORAL,13:00,84.0,121.72618461783435,136.60833333333332
3,2026-06-04,LABORAL,13:30,134.0,123.11166088353133,129.72881355932202
3,2026-06-04,LABORAL,14:00,97.0,123.40049501437068,117.31623931623932
3,2026-06-04,LABORAL,14:30,123.0,121.31052946437296,138.4017094017094
3,2026-06-04,LABORAL,15:00,119.0,115.80106345481096,131.38655462184875
3,2026-06-04,LABORAL,15:30,112.0,106.22987306069712,122.32758620689656
3,2026-06-04,LABORAL,16:00,77.0,92.17257870012816,101.17241379310344
3,2026-06-04,LABORAL,16:30,73.0,72.91265710079409,73.08620689655173
3,2026-06-04,LABORAL,17:00,58.0,46.755522066926005,46.37777777777778
3,2026-06-05,LABORAL,04:30,142.0,157.22141198113064,136.21008403361344
3,2026-06-05,LABORAL,05:00,269.0,220.83461899089446,266.81666666666666
3,2026-06-05,LABORAL,05:30,193.0,241.3482757849597,233.025
3,2026-06-05,LABORAL,06:00,329.0,231.65618166155997,287.09166666666664
3,2026-06-05,LABORAL,06:30,178.0,205.36084847833115,206.18333333333334
3,2026-06-05,LABORAL,07:00,132.0,174.31796644504192,164.29166666666666
3,2026-06-05,LABORAL,07:30,125.0,146.9946962137784,145.2
3,2026-06-05,LABORAL,08:00,138.0,127.85198654371635,136.02564102564102
3,2026-06-05,LABORAL,08:30,108.0,117.7020068775505,135.85
3,2026-06-05,LABORAL,09:00,118.0,114.77331820420329,132.53781512605042
3,2026-06-05,LABORAL,09:30,59.0,116.08887840227447,114.55084745762711
3,2026-06-05,LABORAL,10:00,140.0,118.74888472423675,125.5546218487395
3,2026-06-05,LABORAL,10:30,112.0,120.80390481186862,111.90756302521008
3,2026-06-05,LABORAL,11:00,109.0,121.56834522699268,102.12605042016807
3,2026-06-05,LABORAL,11:30,90.0,121.40821791259157,129.27118644067798
3,2026-06-05,LABORAL,12:00,178.0,121.18712799869064,160.96666666666667
3,2026-06-05,LABORAL,12:30,114.0,121.63052685460099,132.63025210084032
3,2026-06-05,LABORAL,13:00,45.0,122.85454923249978,136.38333333333333
3,2026-06-05,LABORAL,13:30,158.0,124.21354602534791,129.5593220338983
3,2026-06-05,LABORAL,14:00,125.0,124.4840881888415,117.08547008547009
3,2026-06-05,LABORAL,14:30,110.0,122.26925936109063,138.0
3,2026-06-05,LABORAL,15:00,126.0,116.41999525823968,131.87394957983193
3,2026-06-05,LABORAL,15:30,110.0,106.25922077809162,122.16379310344827
3,2026-06-05,LABORAL,16:00,110.0,91.4645575541798,100.14655172413794
3,2026-06-05,LABORAL,16:30,41.0,71.59550477386819,73.14655172413794
3,2026-06-06,SABADO,04:00,53.0,14.15736445475818,37.125
3,2026-06-06,SABADO,04:30,93.0,125.52212473851245,97.46153846153847
3,2026-06-06,SABADO,05:00,106.0,187.22493877758762,153.23076923076923
3,2026-06-06,SABADO,05:30,188.0,206.92930554382457,143.15384615384616
3,2026-06-06,SABADO,06:00,213.0,196.3511636076695,191.23076923076923
3,2026-06-06,SABADO,06:30,181.0,168.5270799910187,184.6153846153846
3,2026-06-06,SABADO,07:00,105.0,135.28174334817993,128.03846153846155
3,2026-06-06,SABADO,07:30,138.0,105.3916597170089,101.3076923076923
3,2026-06-06,SABADO,08:00,94.0,83.73027803765189,110.38461538461539
3,2026-06-06,SABADO,08:30,92.0,71.42109723777241,104.72
3,2026-06-06,SABADO,09:00,75.0,66.78638541285477,95.38461538461539
3,2026-06-06,SABADO,09:30,93.0,66.71766068971698,78.26923076923077
3,2026-06-06,SABADO,10:00,100.0,68.04426351462928,83.07692307692308
3,2026-06-06,SABADO,10:30,96.0,68.54123678100586,78.6923076923077
3,2026-06-06,SABADO,11:00,65.0,67.3699864384443,81.03846153846153
3,2026-06-06,SABADO,11:30,48.0,64.93594880754887,83.6
3,2026-06-06,SABADO,12:00,93.0,62.320626339781256,76.07692307692308
3,2026-06-06,SABADO,12:30,72.0,60.55324692943816,71.70833333333333
3,2026-06-06,SABADO,13:00,41.0,60.00366756305601,69.82608695652173
3,2026-06-06,SABADO,13:30,82.0,60.10456288042133,63.75
3,2026-06-06,SABADO,14:00,30.0,59.47538870529519,61.84
3,2026-06-06,SABADO,14:30,48.0,56.368567579477315,60.0
3,2026-06-06,SABADO,15:00,75.0,49.23906752979764,65.95833333333333
3,2026-06-06,SABADO,16:00,52.0,20.089822197646527,45.3
3,2026-06-07,DOMINGO,06:30,52.0,108.08207553569406,33.5
3,2026-06-07,DOMINGO,07:00,23.0,77.39897030643527,27.7
3,2026-06-07,DOMINGO,07:30,19.0,50.44553914121025,31.523809523809526
3,2026-06-07,DOMINGO,08:00,38.0,31.786734349299422,38.72
3,2026-06-07,DOMINGO,08:30,30.0,22.31789111203352,33.55555555555556
3,2026-06-07,DOMINGO,09:00,25.0,20.294769800249355,36.166666666666664
3,2026-06-07,DOMINGO,09:30,44.0,22.7055707660316,31.72222222222222
3,2026-06-07,DOMINGO,10:00,26.0,26.574387340034775,38.526315789473685
3,2026-06-07,DOMINGO,10:30,47.0,29.870637015788247,40.1764705882353
3,2026-06-07,DOMINGO,11:00,27.0,31.859283483147863,35.470588235294116
3,2026-06-07,DOMINGO,11:30,28.0,32.91142084357597,32.94117647058823
3,2026-06-07,DOMINGO,12:00,25.0,33.9503317122776,35.44444444444444
3,2026-06-07,DOMINGO,12:30,26.0,35.79270027981619,31.307692307692307
3,2026-06-07,DOMINGO,13:00,20.0,38.639544310508086,29.125
3,2026-06-07,DOMINGO,13:30,12.0,41.8852261257083,32.857142857142854
3,2026-06-07,DOMINGO,14:00,26.0,44.277963925770166,29.714285714285715
3,2026-06-07,DOMINGO,14:30,18.0,44.32746261695911,31.125
3,2026-06-07,DOMINGO,15:00,18.0,40.760084854194986,31.333333333333332
3,2026-06-08,FESTIVO_PUENTE,07:30,32.0,31.196150496005316,24.666666666666668
3,2026-06-08,FESTIVO_PUENTE,08:00,19.0,13.723378740045575,34.5
3,2026-06-08,FESTIVO_PUENTE,08:30,19.0,5.3448762867205915,31.5
3,2026-06-08,FESTIVO_PUENTE,10:30,33.0,15.933105134128255,26.5
3,2026-06-08,FESTIVO_PUENTE,11:00,19.0,18.206271332959147,25.0
3,2026-06-08,FESTIVO_PUENTE,11:30,46.0,19.349548688994275,21.25
3,2026-06-08,FESTIVO_PUENTE,13:30,23.0,27.419471054663518,29.333333333333332
3,2026-06-08,FESTIVO_PUENTE,15:00,31.0,24.253689565628804,20.0
3,2026-06-08,FESTIVO_PUENTE,15:30,25.0,15.187762119576576,121.53166627716756
3,2026-06-09,LABORAL,04:30,158.0,174.60507960697294,136.42857142857142
3,2026-06-09,LABORAL,05:00,185.0,237.5172606147553,266.0416666666667
3,2026-06-09,LABORAL,05:30,342.0,256.6682583822854,232.29166666666666
3,2026-06-09,LABORAL,06:00,230.0,245.61205483958287,287.1666666666667
3,2026-06-09,LABORAL,06:30,209.0,218.2966884371681,206.7
3,2026-06-09,LABORAL,07:00,135.0,186.63505860746648,163.29166666666666
3,2026-06-09,LABORAL,07:30,97.0,158.95440048371904,145.14166666666668
3,2026-06-09,LABORAL,08:00,205.0,139.49821000240496,135.8803418803419
3,2026-06-09,LABORAL,08:30,107.0,128.8932505553887,136.2
3,2026-06-09,LABORAL,09:00,196.0,125.28446704111639,132.16806722689077
3,2026-06-09,LABORAL,09:30,139.0,125.72916399401515,114.10169491525424
3,2026-06-09,LABORAL,10:00,129.0,127.44701988010854,125.7983193277311
3,2026-06-09,LABORAL,10:30,108.0,128.63103279967254,112.1344537815126
3,2026-06-09,LABORAL,11:00,98.0,128.696667595086,101.85714285714286
3,2026-06-09,LABORAL,11:30,137.0,128.028589230379,129.11016949152543
3,2026-06-09,LABORAL,12:00,180.0,127.42414916107816,160.53333333333333
3,2026-06-09,LABORAL,12:30,99.0,127.4938416093417,132.1764705882353
3,2026-06-09,LABORAL,13:00,148.0,128.25020265688676,135.88333333333333
3,2026-06-09,LABORAL,13:30,103.0,129.01435971767648,129.6271186440678
3,2026-06-09,LABORAL,14:00,92.0,128.63142326302142,117.53846153846153
3,2026-06-09,LABORAL,14:30,169.0,125.85953864085906,137.03418803418805
3,2026-06-09,LABORAL,15:00,116.0,119.7252477621746,131.2268907563025
3,2026-06-09,LABORAL,15:30,105.0,109.64470592705038,122.56896551724138
3,2026-06-09,LABORAL,16:00,107.0,95.19579358222825,99.87931034482759
3,2026-06-09,LABORAL,16:30,44.0,75.56430481911843,72.87068965517241
3,2026-06-09,LABORAL,17:00,50.0,48.83412975233381,46.78651685393258
3,2026-06-10,LABORAL,04:00,29.0,36.589348270857954,54.589285714285715
3,2026-06-10,LABORAL,04:30,118.0,152.1627985646686,136.32773109243698
3,2026-06-10,LABORAL,05:00,285.0,215.61490481541426,265.25
3,2026-06-10,LABORAL,05:30,257.0,236.11225541335307,233.19166666666666
3,2026-06-10,LABORAL,06:00,302.0,226.43473014879908,286.43333333333334
3,2026-06-10,LABORAL,06:30,180.0,200.14982316294896,206.55833333333334
3,2026-06-10,LABORAL,07:00,113.0,169.1348264959609,162.69166666666666
3,2026-06-10,LABORAL,07:30,113.0,141.90193632039046,144.73333333333332
3,2026-06-10,LABORAL,08:00,172.0,122.94821323644697,135.74358974358975
3,2026-06-10,LABORAL,08:30,66.0,113.09142722598779,135.75833333333333
3,2026-06-10,LABORAL,09:00,102.0,110.52987782459599,132.05882352941177
3,2026-06-10,LABORAL,09:30,128.0,112.23105308580983,114.38983050847457
3,2026-06-10,LABORAL,10:00,108.0,115.23570859755705,124.91596638655462
3,2026-06-10,LABORAL,10:30,45.0,117.55423362862768,112.12605042016807
3,2026-06-10,LABORAL,11:00,117.0,118.49650705445845,102.14285714285714
3,2026-06-10,LABORAL,11:30,113.0,118.46298810915926,127.94067796610169
3,2026-06-10,LABORAL,12:00,112.0,118.37940434204853,160.625
3,2026-06-10,LABORAL,12:30,134.0,119.03872454007876,131.7058823529412
3,2026-06-10,LABORAL,13:00,53.0,120.60449246237579,136.15833333333333
3,2026-06-10,LABORAL,13:30,48.0,122.4390803110316,128.66101694915255
3,2026-06-10,LABORAL,14:30,55.0,121.67115941425072,136.39316239316238
3,2026-06-10,LABORAL,15:00,41.0,116.3867126577776,131.03361344537817
