route,dia_op,tipo_dia,hora,real,pred_sarima,pred_media
1,2026-04-02,FESTIVO,07:00,65.0,92.38870951318191,108.66842709529277
1,2026-04-02,FESTIVO,07:30,23.0,99.15930857998379,108.66842709529277
1,2026-04-02,FESTIVO,08:00,11.0,87.45437349638294,26.0
1,2026-04-02,FESTIVO,09:00,20.0,103.77065543493201,20.0
1,2026-04-02,FESTIVO,09:30,25.0,103.25329617016456,16.0
1,2026-04-02,FESTIVO,10:00,21.0,96.56219220129366,108.66842709529277
1,2026-04-02,FESTIVO,10:30,19.0,110.14106291124433,16.0
1,2026-04-02,FESTIVO,11:00,23.0,98.07990301833956,108.66842709529277
1,2026-04-02,FESTIVO,11:30,33.0,104.3651300705912,23.0
1,2026-04-02,FESTIVO,12:00,18.0,96.45458331250931,108.66842709529277
1,2026-04-02,FESTIVO,12:30,45.0,95.27999729247811,27.0
1,2026-04-02,FESTIVO,13:00,21.0,109.16347001451183,108.66842709529277
1,2026-04-02,FESTIVO,13:30,49.0,101.62732559170415,33.0
1,2026-04-02,FESTIVO,15:00,27.0,84.898239588117,108.66842709529277
1,2026-04-02,FESTIVO,15:30,30.0,95.47481960356238,108.66842709529277
1,2026-04-03,FESTIVO,08:00,14.0,26.24646881807687,18.5
1,2026-04-03,FESTIVO,08:30,30.0,17.77843249807921,24.0
1,2026-04-03,FESTIVO,09:00,16.0,26.2549481465202,20.0
1,2026-04-03,FESTIVO,11:00,12.0,36.62955219111287,23.0
1,2026-04-03,FESTIVO,11:30,28.0,30.6580273387713,28.0
1,2026-04-03,FESTIVO,12:00,19.0,26.146858754788816,18.0
1,2026-04-03,FESTIVO,12:30,18.0,54.42845659482089,36.0
1,2026-04-03,FESTIVO,14:30,31.0,24.2551805945174,24.0
1,2026-04-04,SABADO,04:30,37.0,48.761670699480064,75.56
1,2026-04-04,SABADO,05:00,48.0,17.380568747615186,59.8
1,2026-04-04,SABADO,05:30,51.0,23.317164271955665,96.34615384615384
1,2026-04-04,SABADO,06:00,42.0,18.640831050685517,94.76923076923077
1,2026-04-04,SABADO,06:30,66.0,12.795799298690993,108.03846153846153
1,2026-04-04,SABADO,07:00,38.0,7.147411851517679,106.84615384615384
1,2026-04-04,SABADO,07:30,63.0,2.785628071954139,105.65384615384616
1,2026-04-04,SABADO,08:00,80.0,7.8720750946294515,102.84615384615384
1,2026-04-04,SABADO,08:30,23.0,8.713392137331425,100.5
1,2026-04-04,SABADO,09:00,89.0,6.734950639023297,95.5
1,2026-04-04,SABADO,09:30,54.0,9.309022937229097,93.65384615384616
1,2026-04-04,SABADO,10:00,73.0,7.624019254455979,75.03846153846153
1,2026-04-04,SABADO,10:30,30.0,10.795270382258,94.0
1,2026-04-04,SABADO,11:00,17.0,6.67417533356521,92.34615384615384
1,2026-04-04,SABADO,11:30,104.0,11.197459326023424,82.6
1,2026-04-04,SABADO,12:00,71.0,10.049489232236816,87.46153846153847
1,2026-04-04,SABADO,13:00,99.0,13.456204446921152,64.45454545454545
1,2026-04-04,SABADO,13:30,21.0,6.280485753602834,71.44
1,2026-04-04,SABADO,14:30,36.0,9.110477463964536,75.15384615384616
1,2026-04-04,SABADO,15:00,124.0,5.1713884943818895,64.29166666666667
1,2026-04-04,SABADO,16:00,48.0,6.224764819073593,59.34782608695652
1,2026-04-04,SABADO,17:00,26.0,5.570187629087736,42.57142857142857
1,2026-04-05,DOMINGO,07:00,29.0,54.86915832069471,34.73913043478261
1,2026-04-05,DOMINGO,07:30,23.0,55.29961149510437,31.291666666666668
1,2026-04-05,DOMINGO,08:30,28.0,52.57153472667718,46.791666666666664
1,2026-04-05,DOMINGO,09:00,28.0,58.362862988246206,35.76470588235294
1,2026-04-05,DOMINGO,10:00,18.0,53.469128417451735,35.333333333333336
1,2026-04-05,DOMINGO,10:30,28.0,61.907461393456536,35.86363636363637
1,2026-04-05,DOMINGO,11:00,30.0,56.15531238627302,36.526315789473685
1,2026-04-05,DOMINGO,12:30,23.0,57.86055751386547,37.95238095238095
1,2026-04-05,DOMINGO,13:30,21.0,54.744688955129156,30.27777777777778
1,2026-04-05,DOMINGO,14:00,21.0,57.18102182142573,37.0
1,2026-04-05,DOMINGO,15:00,23.0,50.82733545198125,39.36842105263158
1,2026-04-06,LABORAL,04:30,135.0,24.23761027682274,115.16666666666667
1,2026-04-06,LABORAL,05:00,73.0,28.324191825751974,116.84873949579831
1,2026-04-06,LABORAL,05:30,183.0,18.79609359207431,133.30833333333334
1,2026-04-06,LABORAL,06:00,106.0,29.38581220602062,133.025
1,2026-04-06,LABORAL,06:30,160.0,24.065833155463025,132.0
1,2026-04-06,LABORAL,07:00,157.0,26.723666733276996,130.04166666666666
1,2026-04-06,LABORAL,07:30,54.0,20.12181427219038,133.91666666666666
1,2026-04-06,LABORAL,08:00,165.0,16.84438130174589,128.96638655462183
1,2026-04-06,LABORAL,08:30,123.0,32.510247287992875,131.94117647058823
1,2026-04-06,LABORAL,09:00,176.0,26.675083775429698,135.76470588235293
1,2026-04-06,LABORAL,09:30,155.0,32.04824375462344,121.23333333333333
1,2026-04-06,LABORAL,10:00,98.0,17.023787283306866,97.26666666666667
1,2026-04-06,LABORAL,10:30,80.0,20.196943720833616,96.45833333333333
1,2026-04-06,LABORAL,11:00,90.0,34.05118405577874,93.625
1,2026-04-06,LABORAL,11:30,84.0,21.296576512442424,100.1
1,2026-04-06,LABORAL,12:00,110.0,17.396926532938764,110.70833333333333
1,2026-04-06,LABORAL,12:30,165.0,18.22771763084846,130.91666666666666
1,2026-04-06,LABORAL,13:00,105.0,17.45833026211097,138.9
1,2026-04-06,LABORAL,13:30,192.0,17.667046637149756,135.725
1,2026-04-06,LABORAL,14:00,174.0,19.005507151398767,148.25423728813558
1,2026-04-06,LABORAL,14:30,113.0,16.170603080014335,150.93333333333334
1,2026-04-06,LABORAL,15:00,217.0,19.814968826663954,168.26666666666668
1,2026-04-06,LABORAL,15:30,135.0,18.810441645547925,174.56302521008402
1,2026-04-06,LABORAL,16:00,151.0,18.019221713920302,143.21848739495798
1,2026-04-06,LABORAL,16:30,118.0,16.95324100851505,115.16806722689076
1,2026-04-06,LABORAL,17:00,50.0,17.506860028894508,71.71818181818182
1,2026-04-06,LABORAL,17:30,20.0,16.37596531873647,37.36538461538461
1,2026-04-06,LABORAL,18:00,21.0,17.243316804964884,25.647058823529413
1,2026-04-07,LABORAL,04:30,120.0,80.46583919334451,115.45833333333333
1,2026-04-07,LABORAL,05:00,126.0,94.65807984281736,116.40336134453781
1,2026-04-07,LABORAL,05:30,137.0,83.6151161517639,133.83333333333334
1,2026-04-07,LABORAL,06:00,143.0,91.09307095873042,132.66666666666666
1,2026-04-07,LABORAL,06:30,134.0,90.74907551605716,131.91666666666666
1,2026-04-07,LABORAL,07:00,107.0,71.47888950814674,130.05833333333334
1,2026-04-07,LABORAL,07:30,187.0,89.06513536408919,133.125
1,2026-04-07,LABORAL,08:00,164.0,84.98986648030194,129.1596638655462
1,2026-04-07,LABORAL,08:30,129.0,92.21389552043364,131.71428571428572
1,2026-04-07,LABORAL,09:00,152.0,89.43092291015822,136.39495798319328
1,2026-04-07,LABORAL,09:30,91.0,76.1242202037279,120.86666666666666
1,2026-04-07,LABORAL,10:00,176.0,73.35691623173454,97.25833333333334
1,2026-04-07,LABORAL,10:30,88.0,77.69719279795122,96.075
1,2026-04-07,LABORAL,11:00,84.0,73.47322404095623,92.94166666666666
1,2026-04-07,LABORAL,11:30,134.0,76.59105024710311,100.175
1,2026-04-07,LABORAL,12:00,113.0,85.63681441796938,110.60833333333333
1,2026-04-07,LABORAL,12:30,82.0,74.94803697093135,130.925
1,2026-04-07,LABORAL,13:00,149.0,89.27819586233691,138.85
1,2026-04-07,LABORAL,13:30,211.0,86.11354444978004,135.49166666666667
1,2026-04-07,LABORAL,14:00,180.0,74.83989408651563,148.47457627118644
1,2026-04-07,LABORAL,14:30,114.0,92.75127223895217,150.69166666666666
1,2026-04-07,LABORAL,15:00,190.0,78.34976667927289,168.025
1,2026-04-07,LABORAL,15:30,194.0,80.47996868264784,174.84873949579833
1,2026-04-07,LABORAL,16:00,198.0,74.31589476228305,142.71428571428572
1,2026-04-07,LABORAL,16:30,148.0,62.58964528158022,114.59663865546219
1,2026-04-07,LABORAL,17:00,82.0,56.92614526554016,71.49090909090908
1,2026-04-08,LABORAL,04:30,126.0,134.45852180937888,115.275
1,2026-04-08,LABORAL,05:00,117.0,147.3460724194419,116.21848739495799
1,2026-04-08,LABORAL,05:30,125.0,150.96528330315672,133.56666666666666
1,2026-04-08,LABORAL,06:00,132.0,149.73320724896232,132.40833333333333
1,2026-04-08,LABORAL,06:30,189.0,151.55230561304637,131.51666666666668
1,2026-04-08,LABORAL,07:00,53.0,149.17477965876068,129.78333333333333
1,2026-04-08,LABORAL,07:30,118.0,139.8288355209262,133.34166666666667
1,2026-04-08,LABORAL,08:00,125.0,156.38996387628012,129.52100840336135
1,2026-04-08,LABORAL,08:30,184.0,150.81735765454982,131.6218487394958
1,2026-04-08,LABORAL,09:00,105.0,145.61774245302186,136.3361344537815
1,2026-04-08,LABORAL,09:30,120.0,148.2090371660399,120.09166666666667
1,2026-04-08,LABORAL,10:00,151.0,134.36151182985523,98.01666666666667
1,2026-04-08,LABORAL,10:30,70.0,147.5514810642343,95.75
1,2026-04-08,LABORAL,11:00,118.0,132.67082084263868,92.86666666666666
1,2026-04-08,LABORAL,11:30,88.0,130.4365122393637,100.425
1,2026-04-08,LABORAL,12:00,112.0,138.91551619919218,110.69166666666666
1,2026-04-08,LABORAL,12:30,146.0,136.49620615486324,130.125
1,2026-04-08,LABORAL,13:00,159.0,128.28847021223692,139.05
1,2026-04-08,LABORAL,13:30,60.0,141.99879625428588,136.33333333333334
1,2026-04-08,LABORAL,14:00,226.0,151.21918131719102,148.10169491525423
1,2026-04-08,LABORAL,14:30,125.0,142.9180622968668,150.63333333333333
1,2026-04-08,LABORAL,15:00,173.0,134.66709035052745,167.65833333333333
1,2026-04-08,LABORAL,15:30,175.0,143.9814966036487,174.52941176470588
1,2026-04-08,LABORAL,16:00,92.0,144.4329711429654,143.31932773109244
1,2026-04-08,LABORAL,16:30,142.0,143.1750618114165,114.4873949579832
1,2026-04-08,LABORAL,17:00,48.0,131.54347241486488,71.88181818181818
1,2026-04-09,LABORAL,04:30,82.0,97.24809620114463,115.275
1,2026-04-09,LABORAL,05:00,150.0,103.35068344830873,115.68067226890756
1,2026-04-09,LABORAL,05:30,110.0,104.61916125667248,133.96666666666667
1,2026-04-09,LABORAL,06:00,147.0,106.48397683345492,132.075
1,2026-04-09,LABORAL,06:30,99.0,106.96638413057813,131.96666666666667
1,2026-04-09,LABORAL,07:00,153.0,116.76545099244441,129.05
1,2026-04-09,LABORAL,07:30,147.0,92.61665958336495,133.39166666666668
1,2026-04-09,LABORAL,08:00,103.0,101.10814018513616,129.3613445378151
1,2026-04-09,LABORAL,08:30,178.0,105.78257518443696,131.46218487394958
1,2026-04-09,LABORAL,09:00,140.0,114.21593894991899,135.92436974789916
1,2026-04-09,LABORAL,09:30,86.0,99.20263578803524,119.88333333333334
1,2026-04-09,LABORAL,10:00,78.0,101.97948669363169,98.65833333333333
1,2026-04-09,LABORAL,10:30,37.0,103.6723261771439,95.40833333333333
1,2026-04-09,LABORAL,11:00,148.0,92.46943712337381,92.54166666666667
1,2026-04-09,LABORAL,11:30,69.0,96.95925683428541,100.76666666666667
1,2026-04-09,LABORAL,12:00,84.0,90.93620657482363,110.675
1,2026-04-09,LABORAL,12:30,140.0,96.62395661650005,130.38333333333333
1,2026-04-09,LABORAL,13:00,160.0,101.5785988198137,138.6
1,2026-04-09,LABORAL,13:30,85.0,101.52836598710746,134.89166666666668
1,2026-04-09,LABORAL,14:00,111.0,87.46888159357937,148.8135593220339
1,2026-04-09,LABORAL,14:30,168.0,117.56330233344178,150.25833333333333
1,2026-04-09,LABORAL,15:00,189.0,98.02246085654254,167.60833333333332
1,2026-04-09,LABORAL,15:30,129.0,104.10551898524383,174.30252100840337
1,2026-04-09,LABORAL,16:00,109.0,106.15478642139945,142.81512605042016
1,2026-04-09,LABORAL,16:30,110.0,91.76169545848502,114.71666666666667
1,2026-04-09,LABORAL,17:00,91.0,99.65193683880821,71.64545454545454
1,2026-04-09,LABORAL,17:30,16.0,80.56545011866882,36.75
1,2026-04-10,LABORAL,04:30,113.0,82.30480448556618,114.80833333333334
1,2026-04-10,LABORAL,05:00,124.0,93.43882210598866,115.99159663865547
1,2026-04-10,LABORAL,05:30,139.0,86.40706580847899,133.725
1,2026-04-10,LABORAL,06:00,131.0,92.79784351956474,131.79166666666666
1,2026-04-10,LABORAL,06:30,93.0,84.27695842902048,131.64166666666668
1,2026-04-10,LABORAL,07:00,152.0,95.22697681751875,129.55
1,2026-04-10,LABORAL,07:30,98.0,89.01872373681553,133.25833333333333
1,2026-04-10,LABORAL,08:00,187.0,82.86760340053537,129.53781512605042
1,2026-04-10,LABORAL,08:30,81.0,96.327245554432,131.3109243697479
1,2026-04-10,LABORAL,09:00,162.0,91.15894587127525,135.92436974789916
1,2026-04-10,LABORAL,09:30,144.0,78.50524664786985,119.34166666666667
1,2026-04-10,LABORAL,10:00,90.0,77.34570830570948,98.61666666666666
1,2026-04-10,LABORAL,10:30,87.0,70.38056731840626,94.94166666666666
1,2026-04-10,LABORAL,11:00,99.0,86.92982373439725,93.25833333333334
1,2026-04-10,LABORAL,11:30,100.0,73.93646711867497,100.4
1,2026-04-10,LABORAL,12:00,134.0,75.02949048801813,109.96666666666667
1,2026-04-10,LABORAL,12:30,88.0,85.49175248883704,130.58333333333334
1,2026-04-10,LABORAL,13:00,132.0,89.63913886175362,138.70833333333334
1,2026-04-10,LABORAL,13:30,162.0,76.41849103189577,134.3
1,2026-04-10,LABORAL,14:00,172.0,77.68754873751769,148.5084745762712
1,2026-04-10,LABORAL,14:30,205.0,93.23685126304193,150.51666666666668
1,2026-04-10,LABORAL,15:00,101.0,92.7069238403125,167.325
1,2026-04-10,LABORAL,15:30,211.0,83.28169868668854,173.50420168067228
1,2026-04-10,LABORAL,16:00,104.0,79.90634630487038,142.3781512605042
1,2026-04-10,LABORAL,16:30,165.0,76.88966109547722,114.05833333333334
1,2026-04-10,LABORAL,17:00,56.0,74.91530404248921,71.5909090909091
1,2026-04-11,SABADO,04:30,65.0,104.76949826800748,74.04
1,2026-04-11,SABADO,05:00,50.0,119.59355257418999,59.24
1,2026-04-11,SABADO,05:30,87.0,123.80103396503007,95.38461538461539
1,2026-04-11,SABADO,06:00,66.0,124.3092023182061,91.88461538461539
1,2026-04-11,SABADO,06:30,125.0,123.73413274975356,107.8076923076923
1,2026-04-11,SABADO,07:00,104.0,114.7418129785272,104.76923076923077
1,2026-04-11,SABADO,07:30,88.0,126.79727973305313,103.61538461538461
1,2026-04-11,SABADO,08:00,55.0,115.45070279167108,102.23076923076923
1,2026-04-11,SABADO,08:30,59.0,129.02035006975544,95.23076923076923
1,2026-04-11,SABADO,09:00,101.0,113.01368845710515,96.03846153846153
1,2026-04-11,SABADO,09:30,52.0,125.42056262282793,90.65384615384616
1,2026-04-11,SABADO,10:00,123.0,118.97548354074422,75.8076923076923
1,2026-04-11,SABADO,10:30,103.0,108.83226934458871,91.08333333333333
1,2026-04-11,SABADO,11:00,63.0,106.26939147485041,89.34615384615384
1,2026-04-11,SABADO,11:30,58.0,111.34478462970978,84.76
1,2026-04-11,SABADO,12:00,176.0,108.19825555402788,83.8076923076923
1,2026-04-11,SABADO,13:00,57.0,113.77732125130869,65.95652173913044
1,2026-04-11,SABADO,13:30,92.0,107.55524853536458,69.72
1,2026-04-11,SABADO,14:00,62.0,115.57325900336181,83.08333333333333
1,2026-04-11,SABADO,15:00,69.0,117.40664276785196,68.375
1,2026-04-11,SABADO,15:30,82.0,118.86238065180126,58.69565217391305
1,2026-04-11,SABADO,16:00,44.0,127.53164776023351,58.91304347826087
1,2026-04-11,SABADO,16:30,43.0,108.80550814320623,72.26315789473684
1,2026-04-11,SABADO,17:30,30.0,125.36562570192525,35.6
1,2026-04-12,DOMINGO,07:30,30.0,46.28333651964921,31.291666666666668
1,2026-04-12,DOMINGO,08:00,28.0,54.358898718179375,38.95238095238095
1,2026-04-12,DOMINGO,09:30,31.0,35.667127597533664,35.388888888888886
1,2026-04-12,DOMINGO,10:30,36.0,32.003253904666686,35.36363636363637
1,2026-04-12,DOMINGO,12:00,36.0,34.080785642353995,35.611111111111114
1,2026-04-12,DOMINGO,13:30,23.0,41.77126375753913,29.789473684210527
1,2026-04-12,DOMINGO,14:30,22.0,38.33253100223214,37.0
1,2026-04-12,DOMINGO,15:30,37.0,48.28297548579291,44.22222222222222
1,2026-04-13,LABORAL,04:30,117.0,32.819357445674754,114.825
1,2026-04-13,LABORAL,05:00,119.0,33.06413785173778,116.0672268907563
1,2026-04-13,LABORAL,05:30,79.0,24.813294677381492,133.71666666666667
1,2026-04-13,LABORAL,06:00,138.0,28.734595626102028,131.65833333333333
1,2026-04-13,LABORAL,06:30,215.0,32.281150152319576,131.36666666666667
1,2026-04-13,LABORAL,07:00,78.0,26.945886171377925,129.36666666666667
1,2026-04-13,LABORAL,07:30,206.0,37.46089974104498,133.075
1,2026-04-13,LABORAL,08:00,48.0,31.767523479407455,129.72268907563026
1,2026-04-13,LABORAL,08:30,132.0,24.416959246111503,131.0
1,2026-04-13,LABORAL,09:00,151.0,24.928291516826643,136.05882352941177
1,2026-04-13,LABORAL,09:30,100.0,44.21384518491069,119.23333333333333
1,2026-04-13,LABORAL,10:00,85.0,25.412326351032146,98.175
1,2026-04-13,LABORAL,10:30,74.0,30.043758090764452,95.11666666666666
1,2026-04-13,LABORAL,11:00,95.0,26.94902666196072,93.33333333333333
1,2026-04-13,LABORAL,11:30,118.0,28.56316586892241,99.6
1,2026-04-13,LABORAL,12:00,86.0,31.180723685636803,109.98333333333333
1,2026-04-13,LABORAL,12:30,99.0,26.990263555039324,130.00833333333333
1,2026-04-13,LABORAL,13:00,139.0,22.463824758401017,138.65833333333333
1,2026-04-13,LABORAL,13:30,115.0,24.175479163659528,134.34166666666667
1,2026-04-13,LABORAL,14:00,189.0,19.596148910909935,148.76271186440678
1,2026-04-13,LABORAL,14:30,80.0,21.495616205518143,150.40833333333333
1,2026-04-13,LABORAL,15:00,211.0,17.43314860904661,167.15
1,2026-04-13,LABORAL,15:30,176.0,17.594656580232602,173.68067226890756
1,2026-04-13,LABORAL,16:00,104.0,17.907340245350923,141.9327731092437
1,2026-04-13,LABORAL,16:30,131.0,17.44155229752045,114.26666666666667
1,2026-04-13,LABORAL,17:00,76.0,16.414689678902374,71.52727272727273
1,2026-04-13,LABORAL,17:30,26.0,21.3170312120805,36.35849056603774
1,2026-04-14,LABORAL,04:30,71.0,111.69072558935095,114.84297520661157
1,2026-04-14,LABORAL,05:00,157.0,109.21970669371119,116.09166666666667
1,2026-04-14,LABORAL,05:30,129.0,99.85291087272147,133.26446280991735
1,2026-04-14,LABORAL,06:00,151.0,110.16082314155173,131.71074380165288
1,2026-04-14,LABORAL,06:30,89.0,123.28701816121561,132.05785123966942
1,2026-04-14,LABORAL,07:00,130.0,98.50551203213583,128.94214876033058
1,2026-04-14,LABORAL,07:30,179.0,121.92848368716233,133.67768595041323
1,2026-04-14,LABORAL,08:00,144.0,93.46230040048748,129.04166666666666
1,2026-04-14,LABORAL,08:30,88.0,105.04170222816197,131.00833333333333
1,2026-04-14,LABORAL,09:00,144.0,107.8164318052157,136.18333333333334
1,2026-04-14,LABORAL,09:30,130.0,103.58869965711098,119.07438016528926
1,2026-04-14,LABORAL,10:00,67.0,95.7791234937741,98.06611570247934
1,2026-04-14,LABORAL,10:30,141.0,94.5475067332373,94.94214876033058
1,2026-04-14,LABORAL,11:00,103.0,96.76150768925298,93.34710743801652
1,2026-04-14,LABORAL,11:30,88.0,100.4565645037402,99.75206611570248
1,2026-04-14,LABORAL,12:00,146.0,95.23324966945947,109.78512396694215
1,2026-04-14,LABORAL,12:30,143.0,95.87168371724162,129.7520661157025
1,2026-04-14,LABORAL,13:00,180.0,100.78305758692034,138.6611570247934
1,2026-04-14,LABORAL,13:30,62.0,96.73643561610405,134.1818181818182
1,2026-04-14,LABORAL,14:00,114.0,107.32528042179139,149.10084033613447
1,2026-04-14,LABORAL,14:30,186.0,89.10048869645881,149.82644628099175
1,2026-04-14,LABORAL,15:00,131.0,109.3558487552796,167.51239669421489
1,2026-04-14,LABORAL,15:30,107.0,102.99157103045974,173.7
1,2026-04-14,LABORAL,16:00,136.0,90.55021435225561,141.61666666666667
1,2026-04-14,LABORAL,16:30,110.0,94.47591027801698,114.40495867768595
1,2026-04-14,LABORAL,17:00,46.0,84.50250031535066,71.56756756756756
1,2026-04-15,LABORAL,04:30,76.0,89.01017078678007,114.45454545454545
1,2026-04-15,LABORAL,05:00,81.0,97.48935052578275,116.49166666666666
1,2026-04-15,LABORAL,05:30,157.0,111.38480208181163,133.2396694214876
1,2026-04-15,LABORAL,06:00,128.0,104.19390269170412,131.67768595041323
1,2026-04-15,LABORAL,06:30,99.0,109.77086935924913,131.4297520661157
1,2026-04-15,LABORAL,07:00,131.0,102.02318768585737,128.15702479338842
1,2026-04-15,LABORAL,07:30,126.0,102.76910729031964,134.0909090909091
1,2026-04-15,LABORAL,08:00,93.0,115.86647428723025,129.83333333333334
1,2026-04-15,LABORAL,08:30,224.0,103.12813643372625,130.16666666666666
1,2026-04-15,LABORAL,09:00,124.0,96.09420523409455,136.26666666666668
1,2026-04-15,LABORAL,09:30,114.0,105.6542062697313,118.75206611570248
1,2026-04-15,LABORAL,10:00,59.0,101.8388387080104,98.05785123966942
1,2026-04-15,LABORAL,10:30,76.0,89.24537945454165,94.98347107438016
1,2026-04-15,LABORAL,11:00,95.0,100.88781662680279,93.67768595041322
1,2026-04-15,LABORAL,11:30,78.0,94.67092591628258,99.14876033057851
1,2026-04-15,LABORAL,12:00,79.0,92.62213797922311,109.98347107438016
1,2026-04-15,LABORAL,12:30,102.0,100.69324141991345,129.900826446281
1,2026-04-15,LABORAL,13:00,116.0,99.95875567381323,139.01652892561984
1,2026-04-15,LABORAL,13:30,162.0,106.93727445185333,133.48760330578511
1,2026-04-15,LABORAL,14:00,119.0,85.91337742718736,148.92436974789916
1,2026-04-15,LABORAL,14:30,58.0,96.70405607233185,149.98347107438016
1,2026-04-15,LABORAL,15:00,138.0,104.13095920617663,166.95867768595042
1,2026-04-15,LABORAL,15:30,176.0,99.29508712158142,173.43333333333334
1,2026-04-15,LABORAL,16:00,89.0,93.47401844881166,141.14166666666668
1,2026-04-15,LABORAL,16:30,75.0,95.07786321528977,115.0495867768595
1,2026-04-15,LABORAL,17:00,46.0,91.26938555262933,70.92792792792793
1,2026-04-16,LABORAL,04:30,123.0,75.57944042436746,113.93388429752066
1,2026-04-16,LABORAL,05:00,49.0,77.50670758282773,115.81666666666666
1,2026-04-16,LABORAL,05:30,181.0,80.44216556480299,133.72727272727272
1,2026-04-16,LABORAL,06:00,34.0,96.12381491907803,131.01652892561984
1,2026-04-16,LABORAL,06:30,162.0,89.21709916898389,131.05785123966942
1,2026-04-16,LABORAL,07:00,96.0,85.49828879730742,128.3305785123967
1,2026-04-16,LABORAL,07:30,136.0,88.67193026601886,133.96694214876032
1,2026-04-16,LABORAL,08:00,142.0,87.63864467814957,129.65833333333333
1,2026-04-16,LABORAL,08:30,107.0,85.13698032486816,131.225
1,2026-04-16,LABORAL,09:00,115.0,103.38599508297193,135.6
1,2026-04-16,LABORAL,09:30,70.0,84.82011767179283,118.69421487603306
1,2026-04-16,LABORAL,10:00,140.0,85.20709206342919,97.48760330578513
1,2026-04-16,LABORAL,10:30,85.0,74.86199215359896,95.0
1,2026-04-16,LABORAL,11:00,40.0,74.29677312574228,93.39669421487604
1,2026-04-16,LABORAL,11:30,116.0,79.99695699541283,99.32231404958678
1,2026-04-16,LABORAL,12:00,115.0,75.38964010494495,109.50413223140495
1,2026-04-16,LABORAL,12:30,115.0,74.79212157993223,129.6198347107438
1,2026-04-16,LABORAL,13:00,108.0,80.27934616494196,138.9504132231405
1,2026-04-16,LABORAL,13:30,160.0,82.15114530770799,133.2396694214876
1,2026-04-16,LABORAL,14:00,117.0,91.22018915899164,149.21008403361344
1,2026-04-16,LABORAL,14:30,192.0,78.68982035381087,148.89256198347107
1,2026-04-16,LABORAL,15:00,145.0,70.94926663232859,166.62809917355372
1,2026-04-16,LABORAL,15:30,60.0,85.70633345854932,173.225
1,2026-04-16,LABORAL,16:00,207.0,90.63583046337023,140.55
1,2026-04-16,LABORAL,16:30,82.0,74.49352962791409,114.73553719008264
1,2026-04-17,LABORAL,04:30,136.0,117.41200842835693,114.2396694214876
1,2026-04-17,LABORAL,05:00,100.0,110.52709808100195,115.14166666666667
1,2026-04-17,LABORAL,05:30,124.0,120.9629546630227,133.89256198347107
1,2026-04-17,LABORAL,06:00,166.0,108.40549999148779,130.1900826446281
1,2026-04-17,LABORAL,06:30,144.0,130.4910202260725,131.44628099173553
1,2026-04-17,LABORAL,07:30,137.0,107.39516129848603,133.67768595041323
1,2026-04-17,LABORAL,08:00,172.0,127.4971803087753,129.74166666666667
1,2026-04-17,LABORAL,08:30,105.0,115.05434131005032,131.50833333333333
1,2026-04-17,LABORAL,09:00,180.0,121.8559006086998,135.26666666666668
1,2026-04-17,LABORAL,09:30,69.0,122.19747115925529,118.14876033057851
1,2026-04-17,LABORAL,10:00,102.0,115.07493119496002,98.2396694214876
1,2026-04-17,LABORAL,10:30,49.0,119.09146212747005,94.64462809917356
1,2026-04-17,LABORAL,11:00,148.0,107.98357803209817,93.12396694214875
1,2026-04-17,LABORAL,11:30,88.0,119.21476021643967,99.23140495867769
1,2026-04-17,LABORAL,12:00,122.0,107.74121510712084,109.37190082644628
1,2026-04-17,LABORAL,12:30,110.0,99.69541549220885,129.2396694214876
1,2026-04-17,LABORAL,13:00,153.0,112.79625183143109,138.6694214876033
1,2026-04-17,LABORAL,13:30,107.0,111.4309249431931,133.44628099173553
1,2026-04-17,LABORAL,14:00,104.0,110.82800170854682,148.89915966386553
1,2026-04-17,LABORAL,14:30,185.0,109.91411992545845,149.19834710743802
1,2026-04-17,LABORAL,15:00,65.0,118.51175230626582,166.28099173553719
1,2026-04-17,LABORAL,15:30,163.0,112.0876344925719,172.26666666666668
1,2026-04-17,LABORAL,16:00,177.0,122.5323218637968,140.675
1,2026-04-17,LABORAL,16:30,140.0,112.63998223533882,114.96694214876032
1,2026-04-17,LABORAL,17:00,72.0,100.08589954421635,69.99090909090908
1,2026-04-18,SABADO,04:30,63.0,138.71794013656813,75.0
1,2026-04-18,SABADO,05:00,54.0,112.6825543145644,58.12
1,2026-04-18,SABADO,05:30,103.0,120.74564539194604,93.38461538461539
1,2026-04-18,SABADO,06:00,77.0,112.8349659945063,90.26923076923077
1,2026-04-18,SABADO,06:30,86.0,118.45622716297905,108.65384615384616
1,2026-04-18,SABADO,07:00,90.0,122.35239500290345,102.8076923076923
1,2026-04-18,SABADO,07:30,83.0,123.00983246003507,104.34615384615384
1,2026-04-18,SABADO,08:00,103.0,116.59228910950442,100.1923076923077
1,2026-04-18,SABADO,08:30,91.0,126.25593657787869,92.38461538461539
1,2026-04-18,SABADO,09:00,95.0,111.79477728321643,96.5
1,2026-04-18,SABADO,09:30,96.0,125.45082168608054,87.61538461538461
1,2026-04-18,SABADO,10:00,90.0,106.37750905793831,77.03846153846153
1,2026-04-18,SABADO,10:30,84.0,109.92880229125915,90.33333333333333
1,2026-04-18,SABADO,11:00,95.0,101.63663456255681,87.42307692307692
1,2026-04-18,SABADO,11:30,50.0,115.19100294803756,83.48
1,2026-04-18,SABADO,12:00,97.0,107.10286772803659,87.1923076923077
1,2026-04-18,SABADO,12:30,58.0,109.758455291554,92.30434782608695
1,2026-04-18,SABADO,13:00,72.0,105.5297431972344,66.73913043478261
1,2026-04-18,SABADO,13:30,76.0,115.25174118421187,70.0
1,2026-04-18,SABADO,14:00,39.0,106.71567767698532,82.29166666666667
1,2026-04-18,SABADO,14:30,40.0,105.63953029416427,73.36
1,2026-04-18,SABADO,15:00,61.0,118.72224197789635,68.16666666666667
1,2026-04-18,SABADO,15:30,44.0,99.99370163969397,58.43478260869565
1,2026-04-18,SABADO,16:00,39.0,114.79655349340037,58.73913043478261
1,2026-04-18,SABADO,17:00,47.0,118.79339875755505,41.5
1,2026-04-18,SABADO,17:30,23.0,109.93516158041008,34.666666666666664
1,2026-04-19,DOMINGO,06:30,14.0,30.74190434176005,32.0
1,2026-04-19,DOMINGO,07:30,25.0,36.33382069256551,31.125
1,2026-04-19,DOMINGO,08:00,57.0,27.34438539833157,39.142857142857146
1,2026-04-19,DOMINGO,08:30,30.0,37.58082098168771,44.65217391304348
1,2026-04-19,DOMINGO,09:00,19.0,31.06573210652924,36.470588235294116
1,2026-04-19,DOMINGO,10:00,26.0,34.34830331040117,34.26086956521739
1,2026-04-19,DOMINGO,11:00,34.0,35.93669045388858,36.333333333333336
1,2026-04-19,DOMINGO,12:00,40.0,35.68162874942998,36.166666666666664
1,2026-04-19,DOMINGO,12:30,15.0,36.78543927777022,37.85
1,2026-04-19,DOMINGO,13:00,16.0,38.1312697349095,33.642857142857146
1,2026-04-19,DOMINGO,14:00,27.0,34.4194648608522,37.22222222222222
1,2026-04-19,DOMINGO,14:30,60.0,38.79107319435215,37.06666666666667
1,2026-04-19,DOMINGO,16:00,35.0,32.435150098429496,33.8
1,2026-04-20,LABORAL,04:30,86.0,31.505410924576733,114.20661157024793
1,2026-04-20,LABORAL,05:00,119.0,31.427816055401475,114.875
1,2026-04-20,LABORAL,05:30,195.0,27.451660441569615,133.41322314049586
1,2026-04-20,LABORAL,06:00,185.0,33.22409529165133,130.20661157024793
1,2026-04-20,LABORAL,06:30,126.0,27.480710026026323,131.76859504132233
1,2026-04-20,LABORAL,07:00,74.0,28.638956378204952,128.26666666666668
1,2026-04-20,LABORAL,07:30,137.0,32.01201515720074,133.63636363636363
1,2026-04-20,LABORAL,08:00,149.0,23.88770544805613,130.0
1,2026-04-20,LABORAL,08:30,134.0,23.838286266711776,131.075
1,2026-04-20,LABORAL,09:00,128.0,30.648179863926664,135.89166666666668
1,2026-04-20,LABORAL,09:30,121.0,23.318266045878136,118.08264462809917
1,2026-04-20,LABORAL,10:00,106.0,26.303959109052933,98.20661157024793
1,2026-04-20,LABORAL,10:30,72.0,28.74012198137291,94.26446280991736
1,2026-04-20,LABORAL,11:00,21.0,22.54046730475542,93.4297520661157
1,2026-04-20,LABORAL,11:30,108.0,17.417316352968452,99.05785123966942
1,2026-04-20,LABORAL,12:00,120.0,20.489552106883313,108.1900826446281
1,2026-04-20,LABORAL,12:30,89.0,23.518982717196995,129.73553719008265
1,2026-04-20,LABORAL,13:00,143.0,21.739487952194605,138.31404958677686
1,2026-04-20,LABORAL,13:30,97.0,18.267040494919208,133.6198347107438
1,2026-04-20,LABORAL,14:00,172.0,20.14838066456981,148.2436974789916
1,2026-04-20,LABORAL,14:30,206.0,21.809473234599405,149.64462809917356
1,2026-04-20,LABORAL,15:00,59.0,22.570766598834076,165.13223140495867
1,2026-04-20,LABORAL,15:30,226.0,18.866408279949834,172.44166666666666
1,2026-04-20,LABORAL,16:00,126.0,19.1872164570203,140.925
1,2026-04-20,LABORAL,16:30,80.0,20.10264245739546,115.35537190082644
1,2026-04-20,LABORAL,17:00,71.0,26.39864734161118,69.68181818181819
1,2026-04-21,LABORAL,04:30,79.0,110.62872979480792,113.76859504132231
1,2026-04-21,LABORAL,05:00,165.0,116.97559966597824,114.625
1,2026-04-21,LABORAL,05:30,168.0,121.4624051688081,134.0495867768595
1,2026-04-21,LABORAL,06:00,53.0,131.71405050580677,130.36363636363637
1,2026-04-21,LABORAL,06:30,183.0,131.06518655325425,131.8181818181818
1,2026-04-21,LABORAL,07:00,77.0,119.52350065303806,127.675
1,2026-04-21,LABORAL,07:30,164.0,110.97260278824744,133.28925619834712
1,2026-04-21,LABORAL,08:00,191.0,121.27503849750926,130.43333333333334
1,2026-04-21,LABORAL,08:30,88.0,120.22648213040544,131.56666666666666
1,2026-04-21,LABORAL,09:00,118.0,117.2149097000947,135.13333333333333
1,2026-04-21,LABORAL,09:30,144.0,117.60990465292252,118.46280991735537
1,2026-04-21,LABORAL,10:00,27.0,113.7696048712481,97.95867768595042
1,2026-04-21,LABORAL,10:30,96.0,111.69910189803036,94.11570247933884
1,2026-04-21,LABORAL,11:00,177.0,106.43833662237115,92.92561983471074
1,2026-04-21,LABORAL,11:30,48.0,96.01287494710755,98.53719008264463
1,2026-04-21,LABORAL,12:00,74.0,107.5974848801734,108.62809917355372
1,2026-04-21,LABORAL,12:30,130.0,109.81056292904292,129.5206611570248
1,2026-04-21,LABORAL,13:00,107.0,105.07541338698027,138.15702479338842
1,2026-04-21,LABORAL,13:30,67.0,112.56323996465855,132.86776859504133
1,2026-04-21,LABORAL,14:00,222.0,103.71765747970123,148.67226890756302
1,2026-04-21,LABORAL,14:30,146.0,115.49357939074774,150.3801652892562
1,2026-04-21,LABORAL,15:00,129.0,120.7369522223566,164.6198347107438
1,2026-04-21,LABORAL,15:30,169.0,97.23626320606589,172.56666666666666
1,2026-04-21,LABORAL,16:00,214.0,121.92475231891639,141.05833333333334
1,2026-04-21,LABORAL,16:30,38.0,105.72903233771152,114.69421487603306
1,2026-04-21,LABORAL,17:00,44.0,98.12796750576676,70.00909090909092
1,2026-04-21,LABORAL,17:30,47.0,97.94357776426875,36.0
1,2026-04-22,LABORAL,04:30,123.0,86.75071937914085,113.33884297520662
1,2026-04-22,LABORAL,05:00,112.0,101.18627653385838,115.05833333333334
1,2026-04-22,LABORAL,05:30,144.0,102.45802065538325,133.63636363636363
1,2026-04-22,LABORAL,06:00,115.0,86.26357014585571,129.28099173553719
1,2026-04-22,LABORAL,06:30,123.0,106.51665555398202,132.11570247933884
1,2026-04-22,LABORAL,07:00,147.0,86.53965206951989,127.08333333333333
1,2026-04-22,LABORAL,07:30,93.0,98.07151779236722,133.63636363636363
1,2026-04-22,LABORAL,08:00,169.0,104.49328780868227,130.55
1,2026-04-22,LABORAL,08:30,96.0,87.58707179454306,131.18333333333334
1,2026-04-22,LABORAL,09:00,92.0,91.35285811095905,134.83333333333334
1,2026-04-22,LABORAL,09:30,161.0,95.18957093313041,118.42148760330579
1,2026-04-22,LABORAL,10:00,63.0,75.38514286504676,97.43801652892562
1,2026-04-22,LABORAL,10:30,89.0,85.5422350654872,93.83471074380165
1,2026-04-22,LABORAL,11:00,69.0,96.87771847630273,93.71900826446281
1,2026-04-22,LABORAL,11:30,129.0,73.54646947593868,98.04132231404958
1,2026-04-22,LABORAL,12:00,76.0,80.31300807500546,108.39669421487604
1,2026-04-22,LABORAL,12:30,122.0,89.44184173886894,129.47107438016528
1,2026-04-22,LABORAL,13:00,211.0,84.34487127896936,137.6694214876033
1,2026-04-22,LABORAL,13:30,107.0,79.46425513646666,132.12396694214877
1,2026-04-22,LABORAL,15:00,51.0,101.87565704288303,164.4297520661157
1,2026-04-22,LABORAL,15:30,202.0,92.2626537606537,172.09166666666667
1,2026-04-22,LABORAL,16:00,111.0,90.51187479976745,141.38333333333333
1,2026-04-22,LABORAL,16:30,127.0,90.92926617660888,113.92561983471074
1,2026-04-22,LABORAL,17:00,87.0,103.86227593219809,70.07272727272728
1,2026-04-23,LABORAL,04:30,122.0,94.96117539976396,113.1900826446281
1,2026-04-23,LABORAL,05:00,118.0,92.97091583614741,114.95833333333333
1,2026-04-23,LABORAL,05:30,133.0,92.91048396958706,133.84297520661158
1,2026-04-23,LABORAL,06:00,124.0,104.41829785853663,128.8099173553719
1,2026-04-23,LABORAL,06:30,82.0,105.81402023304737,132.3305785123967
1,2026-04-23,LABORAL,07:00,124.0,110.75321821626575,127.06666666666666
1,2026-04-23,LABORAL,07:30,159.0,101.92818871271625,133.65289256198346
1,2026-04-23,LABORAL,08:00,124.0,107.53281716242252,130.86666666666667
1,2026-04-23,LABORAL,08:30,117.0,106.23130824992053,130.45
1,2026-04-23,LABORAL,09:00,100.0,99.9714918737129,134.45833333333334
1,2026-04-23,LABORAL,09:30,55.0,113.10740788608265,118.77685950413223
1,2026-04-23,LABORAL,10:00,96.0,97.16101670297525,97.42148760330579
1,2026-04-23,LABORAL,10:30,102.0,97.00657164213376,93.72727272727273
1,2026-04-23,LABORAL,11:00,81.0,108.43745168702934,93.77685950413223
1,2026-04-23,LABORAL,11:30,92.0,87.85785437358932,98.79338842975207
1,2026-04-23,LABORAL,12:00,128.0,93.96570916924018,107.97520661157024
1,2026-04-23,LABORAL,12:30,51.0,93.06492616936042,129.55371900826447
1,2026-04-23,LABORAL,13:00,108.0,96.70421534849713,138.05785123966942
1,2026-04-23,LABORAL,13:30,94.0,89.50111250845006,131.98347107438016
1,2026-04-23,LABORAL,14:00,106.0,98.54569041485598,148.6949152542373
1,2026-04-23,LABORAL,14:30,40.0,111.06827037393874,150.09166666666667
1,2026-04-23,LABORAL,15:00,85.0,93.05655051324786,163.32231404958677
1,2026-04-23,LABORAL,16:30,38.0,89.0697404605565,114.1900826446281
1,2026-04-24,LABORAL,04:30,133.0,88.29071186544715,113.0
1,2026-04-24,LABORAL,05:00,111.0,72.52530993674145,114.875
1,2026-04-24,LABORAL,05:30,131.0,75.22253731763051,133.96694214876032
1,2026-04-24,LABORAL,06:00,86.0,70.0253541154838,128.74380165289256
1,2026-04-24,LABORAL,06:30,152.0,71.00565725107374,131.59504132231405
1,2026-04-24,LABORAL,07:00,119.0,70.03910985889046,126.94166666666666
1,2026-04-24,LABORAL,07:30,136.0,72.18938228012512,133.7520661157025
1,2026-04-24,LABORAL,08:00,143.0,72.1718533226907,131.08333333333334
1,2026-04-24,LABORAL,08:30,121.0,65.16275847404775,130.20833333333334
1,2026-04-24,LABORAL,09:00,82.0,72.3545462506505,134.16666666666666
1,2026-04-24,LABORAL,09:30,82.0,76.67382818930707,118.67768595041322
1,2026-04-24,LABORAL,10:00,109.0,71.34389119011891,97.0
1,2026-04-24,LABORAL,10:30,97.0,70.09157504500321,94.11570247933884
1,2026-04-24,LABORAL,11:00,122.0,66.08813986876557,93.85950413223141
1,2026-04-24,LABORAL,11:30,78.0,60.40358656319005,98.60330578512396
1,2026-04-24,LABORAL,12:00,117.0,64.70456377122792,108.01652892561984
1,2026-04-24,LABORAL,12:30,94.0,65.37188875600121,129.0
1,2026-04-24,LABORAL,13:00,82.0,63.35647022163116,137.5206611570248
1,2026-04-24,LABORAL,13:30,172.0,62.22148121159004,131.52892561983472
1,2026-04-24,LABORAL,14:00,128.0,68.52264457268096,148.48305084745763
1,2026-04-24,LABORAL,14:30,160.0,55.65435953043494,149.10833333333332
1,2026-04-24,LABORAL,15:00,204.0,65.45016329653419,162.28099173553719
1,2026-04-24,LABORAL,15:30,124.0,61.83312360076309,172.8403361344538
1,2026-04-24,LABORAL,16:00,141.0,64.7111232299714,139.61344537815125
1,2026-04-24,LABORAL,16:30,93.0,55.76386885087965,113.70247933884298
1,2026-04-25,SABADO,04:30,47.0,126.7019984709015,73.04
1,2026-04-25,SABADO,05:00,105.0,116.94426427515404,58.24
1,2026-04-25,SABADO,05:30,87.0,136.32782886681707,93.34615384615384
1,2026-04-25,SABADO,06:00,107.0,128.8262362802771,87.96153846153847
1,2026-04-25,SABADO,06:30,122.0,131.96103166084146,108.5
1,2026-04-25,SABADO,07:00,115.0,123.30962627490415,101.92307692307692
1,2026-04-25,SABADO,07:30,34.0,132.8563394565854,104.61538461538461
1,2026-04-25,SABADO,08:00,124.0,126.73974973057926,97.84615384615384
1,2026-04-25,SABADO,08:30,111.0,129.34000624860013,93.23076923076923
1,2026-04-25,SABADO,09:00,86.0,130.07365305962108,95.26923076923077
1,2026-04-25,SABADO,09:30,43.0,124.49363905492395,88.57692307692308
1,2026-04-25,SABADO,10:00,99.0,119.36619168335326,75.5
1,2026-04-25,SABADO,10:30,113.0,119.55310828365461,90.41666666666667
1,2026-04-25,SABADO,11:00,50.0,122.26670134993249,88.11538461538461
1,2026-04-25,SABADO,11:30,44.0,119.43618678959855,81.12
1,2026-04-25,SABADO,12:00,77.0,121.89536654701173,89.07692307692308
1,2026-04-25,SABADO,12:30,74.0,113.3077079574259,91.21739130434783
1,2026-04-25,SABADO,13:00,60.0,119.60605046058214,67.30434782608695
1,2026-04-25,SABADO,13:30,81.0,115.53297906014134,68.56
1,2026-04-25,SABADO,14:00,36.0,112.83800890577143,80.04166666666667
1,2026-04-25,SABADO,14:30,96.0,126.00378373464086,73.08
1,2026-04-25,SABADO,15:00,28.0,119.95704614016957,67.41666666666667
1,2026-04-25,SABADO,15:30,37.0,121.70057767063015,59.0
1,2026-04-25,SABADO,16:00,18.0,130.36616618483325,55.34782608695652
1,2026-04-25,SABADO,16:30,84.0,116.1483045806065,73.5
1,2026-04-25,SABADO,17:30,26.0,119.15559561338654,33.0
1,2026-04-26,DOMINGO,07:30,25.0,39.77966894351493,30.083333333333332
1,2026-04-26,DOMINGO,08:00,27.0,32.637566253756695,39.61904761904762
1,2026-04-26,DOMINGO,08:30,12.0,39.792280047050696,44.69565217391305
1,2026-04-26,DOMINGO,10:00,55.0,41.281270933504395,34.56521739130435
1,2026-04-26,DOMINGO,11:00,20.0,42.772496141214454,36.21052631578947
1,2026-04-26,DOMINGO,12:30,30.0,45.847569857198394,37.9
1,2026-04-26,DOMINGO,13:00,32.0,42.837931816868696,33.07142857142857
1,2026-04-26,DOMINGO,13:30,24.0,32.19641062134826,29.72222222222222
1,2026-04-26,DOMINGO,15:00,27.0,45.037655916957256,41.88235294117647
1,2026-04-27,LABORAL,04:30,69.0,32.19009793073604,112.90082644628099
1,2026-04-27,LABORAL,05:00,137.0,28.265056834882024,114.79166666666667
1,2026-04-27,LABORAL,05:30,124.0,20.360704433555732,133.900826446281
1,2026-04-27,LABORAL,06:00,129.0,28.26830934544272,128.28099173553719
1,2026-04-27,LABORAL,06:30,144.0,30.608719585098775,132.0082644628099
1,2026-04-27,LABORAL,07:00,126.0,21.21953372004901,127.075
1,2026-04-27,LABORAL,07:30,88.0,19.761206244545274,133.51239669421489
1,2026-04-27,LABORAL,08:00,78.0,25.614761685634033,131.15
1,2026-04-27,LABORAL,08:30,118.0,23.438931756091208,130.00833333333333
1,2026-04-27,LABORAL,09:00,104.0,22.588209109422934,133.95
1,2026-04-27,LABORAL,09:30,177.0,25.160427689886497,118.24793388429752
1,2026-04-27,LABORAL,10:00,46.0,17.504160404372822,96.93388429752066
1,2026-04-27,LABORAL,10:30,162.0,29.877595826234135,94.31404958677686
1,2026-04-27,LABORAL,11:00,27.0,17.84349265116904,94.61157024793388
1,2026-04-27,LABORAL,11:30,110.0,19.745456411147174,98.3305785123967
1,2026-04-27,LABORAL,12:00,86.0,18.553008563670346,108.14049586776859
1,2026-04-27,LABORAL,12:30,72.0,26.209383538405397,128.86776859504133
1,2026-04-27,LABORAL,13:00,126.0,17.645844075962774,137.21487603305786
1,2026-04-27,LABORAL,13:30,148.0,15.514326750690266,131.5702479338843
1,2026-04-27,LABORAL,14:00,97.0,14.412829453086147,148.04237288135593
1,2026-04-27,LABORAL,14:30,211.0,13.528587885741198,148.61666666666667
1,2026-04-27,LABORAL,15:00,168.0,20.577730676183208,162.51239669421489
1,2026-04-27,LABORAL,15:30,160.0,15.330130834078059,172.16806722689077
1,2026-04-27,LABORAL,16:00,125.0,17.529532903428404,140.2941176470588
1,2026-04-27,LABORAL,16:30,84.0,17.22415411805907,113.81818181818181
1,2026-04-27,LABORAL,17:00,56.0,13.668235897101845,70.63888888888889
1,2026-04-27,LABORAL,18:00,25.0,16.835734290131363,26.0
1,2026-04-28,LABORAL,04:30,133.0,95.34993591980857,112.40495867768595
1,2026-04-28,LABORAL,05:00,129.0,104.51069394330086,115.15833333333333
1,2026-04-28,LABORAL,05:30,182.0,101.2252980148736,133.64462809917356
1,2026-04-28,LABORAL,06:00,156.0,102.33072749352169,128.11570247933884
1,2026-04-28,LABORAL,06:30,48.0,104.48214945271113,132.44628099173553
1,2026-04-28,LABORAL,07:00,148.0,100.14693933030537,127.61666666666666
1,2026-04-28,LABORAL,07:30,118.0,93.37692668945546,133.10743801652893
1,2026-04-28,LABORAL,08:00,113.0,91.79395946105508,130.475
1,2026-04-28,LABORAL,08:30,127.0,97.68911366770614,130.0
1,2026-04-28,LABORAL,09:00,202.0,94.78044384335855,133.675
1,2026-04-28,LABORAL,09:30,142.0,106.43627361300564,118.63636363636364
1,2026-04-28,LABORAL,10:00,43.0,83.99393786592427,96.47107438016529
1,2026-04-28,LABORAL,10:30,116.0,103.38284504579042,95.07438016528926
1,2026-04-28,LABORAL,11:00,82.0,79.91211693220045,93.90082644628099
1,2026-04-28,LABORAL,11:30,117.0,93.08840634521704,98.3305785123967
1,2026-04-28,LABORAL,12:00,88.0,88.50940513554801,108.00826446280992
1,2026-04-28,LABORAL,12:30,199.0,86.65499679655102,128.6198347107438
1,2026-04-28,LABORAL,13:00,90.0,94.11242760896117,136.72727272727272
1,2026-04-28,LABORAL,13:30,76.0,97.13693164970071,131.94214876033058
1,2026-04-28,LABORAL,14:00,148.0,88.37341521179798,146.79661016949152
1,2026-04-28,LABORAL,14:30,160.0,106.27755458161248,149.04166666666666
1,2026-04-28,LABORAL,15:00,159.0,99.48595237900635,163.01652892561984
1,2026-04-28,LABORAL,15:30,217.0,97.23738780763709,171.9327731092437
1,2026-04-28,LABORAL,16:00,103.0,91.28716027606374,140.27731092436974
1,2026-04-28,LABORAL,16:30,127.0,84.20496083240535,113.47107438016529
1,2026-04-28,LABORAL,17:30,49.0,78.99640507585464,36.333333333333336
1,2026-04-29,LABORAL,04:30,73.0,102.2988844602103,112.10743801652893
1,2026-04-29,LABORAL,05:00,128.0,119.43384978986329,115.45833333333333
1,2026-04-29,LABORAL,05:30,132.0,120.29100492315635,133.91735537190084
1,2026-04-29,LABORAL,06:00,127.0,127.48870463728744,128.0909090909091
1,2026-04-29,LABORAL,06:30,129.0,123.16841782813906,131.9504132231405
1,2026-04-29,LABORAL,07:00,108.0,105.65294000335673,127.58333333333333
1,2026-04-29,LABORAL,07:30,147.0,120.25062150204703,132.77685950413223
1,2026-04-29,LABORAL,08:00,134.0,113.45390775939632,130.10833333333332
1,2026-04-29,LABORAL,08:30,112.0,111.96404136437332,129.91666666666666
1,2026-04-29,LABORAL,09:00,79.0,114.88139256499349,133.6
1,2026-04-29,LABORAL,09:30,138.0,125.94434510751208,119.0909090909091
1,2026-04-29,LABORAL,10:00,115.0,118.18037096362394,96.05785123966942
1,2026-04-29,LABORAL,10:30,86.0,96.8454323574484,95.14049586776859
1,2026-04-29,LABORAL,11:00,109.0,112.50685155130066,93.7603305785124
1,2026-04-29,LABORAL,11:30,78.0,101.39384198583919,98.19834710743801
1,2026-04-29,LABORAL,12:00,65.0,109.34976544134776,108.00826446280992
1,2026-04-29,LABORAL,12:30,127.0,103.22807811035389,129.52892561983472
1,2026-04-29,LABORAL,13:00,125.0,120.52216491873612,136.63636363636363
1,2026-04-29,LABORAL,13:30,110.0,103.72600782446206,131.44628099173553
1,2026-04-29,LABORAL,14:00,179.0,101.54364028275225,147.22033898305085
1,2026-04-29,LABORAL,14:30,156.0,110.91280059248668,148.75
1,2026-04-29,LABORAL,15:00,220.0,116.07695482474753,163.07438016528926
1,2026-04-29,LABORAL,15:30,140.0,114.2380979068894,171.52941176470588
1,2026-04-29,LABORAL,16:00,138.0,122.60491864056131,140.74789915966386
1,2026-04-29,LABORAL,16:30,57.0,102.51337262661043,113.28099173553719
1,2026-04-29,LABORAL,17:00,76.0,104.48768917788293,70.32407407407408
1,2026-04-30,LABORAL,04:30,80.0,94.72175800816248,111.46280991735537
1,2026-04-30,LABORAL,05:00,114.0,96.50269323111868,115.325
1,2026-04-30,LABORAL,05:30,161.0,109.29926227676356,133.95867768595042
1,2026-04-30,LABORAL,06:00,143.0,109.82795319309511,127.86776859504133
1,2026-04-30,LABORAL,06:30,141.0,110.31399055086554,132.23140495867767
1,2026-04-30,LABORAL,07:00,80.0,109.23559544832845,127.65833333333333
1,2026-04-30,LABORAL,07:30,164.0,101.31569180443425,133.25619834710744
1,2026-04-30,LABORAL,08:00,122.0,110.57261131957381,130.33333333333334
1,2026-04-30,LABORAL,08:30,217.0,106.41215690925482,129.58333333333334
1,2026-04-30,LABORAL,09:00,67.0,102.18650068026518,133.05
1,2026-04-30,LABORAL,09:30,178.0,97.31790182749246,119.69421487603306
1,2026-04-30,LABORAL,10:00,66.0,108.95428889691117,96.32231404958678
1,2026-04-30,LABORAL,10:30,86.0,103.17669893842152,94.96694214876032
1,2026-04-30,LABORAL,11:00,100.0,92.80472706425135,94.05785123966942
1,2026-04-30,LABORAL,11:30,125.0,100.11158121187438,97.93388429752066
1,2026-04-30,LABORAL,12:30,235.0,91.86747020117464,129.2479338842975
1,2026-04-30,LABORAL,13:00,90.0,91.49672161983422,136.54545454545453
1,2026-04-30,LABORAL,13:30,228.0,99.46169584073039,131.67768595041323
1,2026-04-30,LABORAL,14:00,104.0,102.9601567221186,147.45762711864407
1,2026-04-30,LABORAL,14:30,177.0,96.21446159397661,148.6
1,2026-04-30,LABORAL,15:00,194.0,106.30457268597387,163.16528925619835
1,2026-04-30,LABORAL,15:30,161.0,104.46967779835589,171.1596638655462
1,2026-04-30,LABORAL,16:00,52.0,115.7050375449738,141.41176470588235
1,2026-04-30,LABORAL,16:30,47.0,102.17716686605628,112.37190082644628
1,2026-04-30,LABORAL,17:00,105.0,103.49473717915149,70.37962962962963
1,2026-05-01,FESTIVO,07:00,15.0,93.99931112096522,65.0
1,2026-05-01,FESTIVO,07:30,56.0,96.8917527661595,23.0
1,2026-05-01,FESTIVO,08:00,21.0,95.20537938171518,17.0
1,2026-05-01,FESTIVO,08:30,24.0,100.6433228830312,27.0
1,2026-05-01,FESTIVO,09:00,52.0,109.31105797735128,18.666666666666668
1,2026-05-01,FESTIVO,09:30,32.0,106.00689943392543,20.5
1,2026-05-01,FESTIVO,10:00,21.0,105.2314920743001,21.0
1,2026-05-01,FESTIVO,10:30,73.0,94.84751057318621,17.5
1,2026-05-01,FESTIVO,11:00,32.0,107.1501785655096,17.5
1,2026-05-01,FESTIVO,11:30,47.0,101.03569418646494,28.0
1,2026-05-01,FESTIVO,12:00,23.0,115.51556606411044,18.5
1,2026-05-01,FESTIVO,12:30,27.0,90.27776891707919,30.0
1,2026-05-01,FESTIVO,13:30,37.0,107.07304525756604,41.0
1,2026-05-01,FESTIVO,14:00,33.0,90.02587342372938,23.0
1,2026-05-01,FESTIVO,14:30,37.0,92.12587721749973,27.5
1,2026-05-01,FESTIVO,15:00,64.0,92.91668813900975,27.0
1,2026-05-01,FESTIVO,16:00,30.0,97.2811970231444,107.00816231343283
1,2026-05-02,SABADO,04:30,56.0,58.530647414474785,72.08
1,2026-05-02,SABADO,05:00,97.0,34.459145243149685,58.76
1,2026-05-02,SABADO,05:30,65.0,58.02231742030479,92.11538461538461
1,2026-05-02,SABADO,06:00,83.0,37.956516870612376,88.5
1,2026-05-02,SABADO,06:30,72.0,49.150601606420786,109.15384615384616
1,2026-05-02,SABADO,07:00,105.0,53.203546790335146,101.11538461538461
1,2026-05-02,SABADO,07:30,39.0,47.41065923517273,102.03846153846153
1,2026-05-02,SABADO,08:00,109.0,30.93691795051968,99.3076923076923
1,2026-05-02,SABADO,08:30,111.0,28.339183292991905,95.1923076923077
1,2026-05-02,SABADO,09:00,164.0,37.7821518268578,95.03846153846153
1,2026-05-02,SABADO,09:30,32.0,21.023951297469004,87.34615384615384
1,2026-05-02,SABADO,10:00,29.0,28.034891937456052,76.6923076923077
1,2026-05-02,SABADO,10:30,115.0,22.091990995578282,91.29166666666667
1,2026-05-02,SABADO,11:00,86.0,23.229022484893505,84.46153846153847
1,2026-05-02,SABADO,11:30,76.0,28.837124844373964,80.48
1,2026-05-02,SABADO,12:00,74.0,25.11145261010931,86.96153846153847
1,2026-05-02,SABADO,12:30,86.0,23.175439501311686,91.82608695652173
1,2026-05-02,SABADO,13:00,39.0,30.274132741613414,68.0
1,2026-05-02,SABADO,13:30,72.0,25.13852133516298,70.08
1,2026-05-02,SABADO,14:00,60.0,26.742851377752032,76.54166666666667
1,2026-05-02,SABADO,14:30,79.0,24.650086848538198,75.24
1,2026-05-02,SABADO,15:00,51.0,22.03397093869477,64.45833333333333
1,2026-05-02,SABADO,15:30,80.0,25.777275938625372,58.083333333333336
1,2026-05-02,SABADO,16:00,29.0,22.88526682216478,54.21739130434783
1,2026-05-02,SABADO,16:30,62.0,23.772183403139323,71.83333333333333
1,2026-05-02,SABADO,17:00,29.0,28.2441418898711,42.785714285714285
1,2026-05-04,LABORAL,04:30,120.0,38.5427904084297,111.15
1,2026-05-04,LABORAL,05:00,116.0,26.875159797190047,115.24369747899159
1,2026-05-04,LABORAL,05:30,137.0,34.00760156320928,133.93333333333334
1,2026-05-04,LABORAL,06:00,136.0,33.194354518103786,128.05
1,2026-05-04,LABORAL,06:30,85.0,43.68275563233915,132.45833333333334
1,2026-05-04,LABORAL,07:00,53.0,18.57719294454688,127.47058823529412
1,2026-05-04,LABORAL,07:30,113.0,19.883078144960187,133.34166666666667
1,2026-05-04,LABORAL,08:00,123.0,31.463608146811634,130.32773109243698
1,2026-05-04,LABORAL,08:30,113.0,27.429155390115785,129.76470588235293
1,2026-05-04,LABORAL,09:00,195.0,27.618919139067028,132.72268907563026
1,2026-05-04,LABORAL,09:30,88.0,26.273562200456155,119.65
1,2026-05-04,LABORAL,10:00,139.0,27.602038996042634,96.25833333333334
1,2026-05-04,LABORAL,10:30,87.0,21.7167048952319,94.55833333333334
1,2026-05-04,LABORAL,11:00,106.0,25.82375578244941,94.28333333333333
1,2026-05-04,LABORAL,11:30,111.0,24.227906790698327,98.00833333333334
1,2026-05-04,LABORAL,12:00,110.0,27.029521742000618,107.88235294117646
1,2026-05-04,LABORAL,12:30,176.0,21.21257880412725,130.13333333333333
1,2026-05-04,LABORAL,13:00,47.0,27.05351339820246,135.18333333333334
1,2026-05-04,LABORAL,13:30,188.0,18.031591279885944,132.04166666666666
1,2026-05-04,LABORAL,14:00,106.0,23.308695075706304,146.89743589743588
1,2026-05-04,LABORAL,14:30,176.0,19.198025278719715,148.890756302521
1,2026-05-04,LABORAL,15:00,222.0,18.16459227293193,162.8
1,2026-05-04,LABORAL,15:30,141.0,21.64709164710815,171.48305084745763
1,2026-05-04,LABORAL,16:00,150.0,18.492102612336005,140.94915254237287
1,2026-05-04,LABORAL,16:30,90.0,19.46470370218429,110.34166666666667
1,2026-05-04,LABORAL,17:00,68.0,17.987229382351874,71.26168224299066
1,2026-05-04,LABORAL,17:30,25.0,20.11740516385219,36.45652173913044
1,2026-05-05,LABORAL,04:30,132.0,112.16665170849188,111.22314049586777
1,2026-05-05,LABORAL,05:00,163.0,107.7462936341285,115.25
1,2026-05-05,LABORAL,05:30,95.0,112.06258905580904,133.95867768595042
1,2026-05-05,LABORAL,06:00,96.0,111.26470529042935,128.11570247933884
1,2026-05-05,LABORAL,06:30,173.0,105.03452600590562,132.06611570247935
1,2026-05-05,LABORAL,07:00,61.0,94.46562818778412,126.85
1,2026-05-05,LABORAL,07:30,154.0,103.3603950816802,133.17355371900825
1,2026-05-05,LABORAL,08:00,123.0,106.90713848058579,130.26666666666668
1,2026-05-05,LABORAL,08:30,229.0,103.9631945143785,129.625
1,2026-05-05,LABORAL,09:00,115.0,115.99003153525392,133.24166666666667
1,2026-05-05,LABORAL,09:30,154.0,98.79474792642065,119.38842975206612
1,2026-05-05,LABORAL,10:00,101.0,106.41803906647858,96.61157024793388
1,2026-05-05,LABORAL,11:00,132.0,96.64064157676104,94.3801652892562
1,2026-05-05,LABORAL,11:30,94.0,99.94567277115162,98.11570247933884
1,2026-05-05,LABORAL,12:00,172.0,99.86615046806396,107.9
1,2026-05-05,LABORAL,12:30,112.0,99.78917907857232,130.51239669421489
1,2026-05-05,LABORAL,13:00,90.0,108.29956967989061,134.45454545454547
1,2026-05-05,LABORAL,13:30,173.0,89.15282309113303,132.50413223140495
1,2026-05-05,LABORAL,14:00,115.0,108.46925751470351,146.55084745762713
1,2026-05-05,LABORAL,14:30,140.0,96.50126485108369,149.11666666666667
1,2026-05-05,LABORAL,15:00,181.0,105.86891806260869,163.28925619834712
1,2026-05-05,LABORAL,15:30,199.0,112.25613035020142,171.2268907563025
1,2026-05-05,LABORAL,16:00,156.0,99.98155928377524,141.0252100840336
1,2026-05-05,LABORAL,16:30,153.0,100.25983970410758,110.17355371900827
1,2026-05-05,LABORAL,17:00,36.0,90.72235203151585,71.23148148148148
1,2026-05-06,LABORAL,04:30,124.0,114.4885028747149,111.28099173553719
1,2026-05-06,LABORAL,05:00,91.0,106.69039284379976,115.51666666666667
1,2026-05-06,LABORAL,05:30,155.0,124.64196679560007,133.1900826446281
1,2026-05-06,LABORAL,06:00,107.0,128.64131393851497,127.35537190082644
1,2026-05-06,LABORAL,06:30,123.0,117.92113059121435,132.28925619834712
1,2026-05-06,LABORAL,07:00,96.0,117.45289587627587,125.85
1,2026-05-06,LABORAL,07:30,173.0,128.07162024319703,132.6198347107438
1,2026-05-06,LABORAL,08:00,123.0,108.98392930036279,129.91666666666666
1,2026-05-06,LABORAL,08:30,150.0,124.10594051534706,130.28333333333333
1,2026-05-06,LABORAL,09:00,92.0,119.04306974681737,133.41666666666666
1,2026-05-06,LABORAL,09:30,30.0,134.7957597062587,119.49586776859505
1,2026-05-06,LABORAL,10:00,32.0,117.91787299404353,96.43801652892562
1,2026-05-06,LABORAL,10:30,57.0,121.38323592676467,94.24166666666666
1,2026-05-06,LABORAL,11:00,79.0,113.5086583335088,94.24793388429752
1,2026-05-06,LABORAL,11:30,117.0,116.69552263007219,97.9504132231405
1,2026-05-06,LABORAL,12:00,166.0,110.607210505818,108.63333333333334
1,2026-05-06,LABORAL,12:30,64.0,122.32460842733524,130.12396694214877
1,2026-05-06,LABORAL,13:00,109.0,112.38774068522532,133.40495867768595
1,2026-05-06,LABORAL,13:30,157.0,109.57716354407364,132.8595041322314
1,2026-05-06,LABORAL,14:00,198.0,119.62064199506041,146.45762711864407
1,2026-05-06,LABORAL,14:30,74.0,112.56189835328958,148.51666666666668
1,2026-05-06,LABORAL,15:00,137.0,114.43489959164091,163.55371900826447
1,2026-05-06,LABORAL,16:00,97.0,121.57977655615143,141.3613445378151
1,2026-05-06,LABORAL,16:30,81.0,124.72734825420395,109.94214876033058
1,2026-05-06,LABORAL,17:00,58.0,115.93717976381055,70.51851851851852
1,2026-05-07,LABORAL,04:30,111.0,94.82350099174589,110.7107438016529
1,2026-05-07,LABORAL,05:00,67.0,74.88864578232578,115.51666666666667
1,2026-05-07,LABORAL,05:30,166.0,87.68236652243763,133.39669421487602
1,2026-05-07,LABORAL,06:00,100.0,81.32061513160316,126.9090909090909
1,2026-05-07,LABORAL,06:30,131.0,93.24365410041766,131.98347107438016
1,2026-05-07,LABORAL,07:00,84.0,85.97689712143534,125.525
1,2026-05-07,LABORAL,07:30,113.0,86.76784033562276,132.87603305785123
1,2026-05-07,LABORAL,08:00,134.0,82.19511402806846,129.0
1,2026-05-07,LABORAL,08:30,151.0,95.18576070477197,130.725
1,2026-05-07,LABORAL,09:00,117.0,84.64947086390735,133.11666666666667
1,2026-05-07,LABORAL,09:30,75.0,90.47313126275961,118.48760330578513
1,2026-05-07,LABORAL,10:00,113.0,80.51114634990579,95.99173553719008
1,2026-05-07,LABORAL,10:30,108.0,72.59248869606787,93.71666666666667
1,2026-05-07,LABORAL,11:00,78.0,70.44082060907412,93.72727272727273
1,2026-05-07,LABORAL,11:30,88.0,74.44315064105432,98.33884297520662
1,2026-05-07,LABORAL,12:00,162.0,76.55045884616966,108.45
1,2026-05-07,LABORAL,12:30,105.0,82.54547456127034,129.8512396694215
1,2026-05-07,LABORAL,13:00,137.0,89.07305109952668,133.23140495867767
1,2026-05-07,LABORAL,13:30,104.0,74.4415076716026,133.37190082644628
1,2026-05-07,LABORAL,14:00,156.0,79.85518661120763,146.27966101694915
1,2026-05-07,LABORAL,14:30,135.0,86.65778863816185,148.31666666666666
1,2026-05-07,LABORAL,15:00,226.0,93.99859905406946,162.9090909090909
1,2026-05-07,LABORAL,15:30,128.0,73.56923146678902,169.79661016949152
1,2026-05-07,LABORAL,16:00,121.0,83.28783591460713,141.05882352941177
1,2026-05-07,LABORAL,16:30,110.0,77.71402372159679,109.28099173553719
1,2026-05-07,LABORAL,17:00,30.0,75.35253451542603,70.31481481481481
1,2026-05-07,LABORAL,17:30,32.0,70.35849025700993,36.77777777777778
1,2026-05-08,LABORAL,04:30,128.0,91.47470026089341,110.50413223140495
1,2026-05-08,LABORAL,05:00,170.0,80.88434277402358,115.08333333333333
1,2026-05-08,LABORAL,05:30,43.0,98.00552759601035,133.1487603305785
1,2026-05-08,LABORAL,06:00,165.0,86.30339155548508,126.36363636363636
1,2026-05-08,LABORAL,06:30,106.0,92.73760544633637,131.86776859504133
1,2026-05-08,LABORAL,07:00,141.0,83.91317561421377,125.81666666666666
1,2026-05-08,LABORAL,07:30,97.0,88.19447997933744,132.9504132231405
1,2026-05-08,LABORAL,08:00,111.0,90.42733297302686,129.70833333333334
1,2026-05-08,LABORAL,08:30,156.0,94.80273847430696,130.89256198347107
1,2026-05-08,LABORAL,09:00,133.0,87.422409910278,133.0
1,2026-05-08,LABORAL,09:30,71.0,81.47501473645313,118.39669421487604
1,2026-05-08,LABORAL,10:00,102.0,85.52727609131891,95.83471074380165
1,2026-05-08,LABORAL,10:30,85.0,83.23893287967996,93.70833333333333
1,2026-05-08,LABORAL,11:00,65.0,77.81886375157153,93.1900826446281
1,2026-05-08,LABORAL,11:30,101.0,79.67986267942234,98.36363636363636
1,2026-05-08,LABORAL,12:00,94.0,91.24404278934972,109.04166666666667
1,2026-05-08,LABORAL,12:30,151.0,82.92910245902311,129.48760330578511
1,2026-05-08,LABORAL,13:00,107.0,88.61040960178524,132.71900826446281
1,2026-05-08,LABORAL,13:30,191.0,80.89299672044463,133.3801652892562
1,2026-05-08,LABORAL,14:00,155.0,89.52062820746417,146.27966101694915
1,2026-05-08,LABORAL,14:30,99.0,86.9655406586602,148.0
1,2026-05-08,LABORAL,15:00,247.0,102.06807679699959,163.25619834710744
1,2026-05-08,LABORAL,15:30,88.0,83.21896457138403,169.53389830508473
1,2026-05-08,LABORAL,16:00,94.0,83.32048465226953,140.8403361344538
1,2026-05-08,LABORAL,16:30,50.0,80.45520905709755,109.15702479338843
1,2026-05-08,LABORAL,17:00,79.0,67.26786673226067,69.87962962962963
1,2026-05-09,SABADO,04:30,49.0,87.6586449860595,71.12
1,2026-05-09,SABADO,05:00,69.0,103.50524145387868,59.84
1,2026-05-09,SABADO,05:30,87.0,108.0293714431782,89.03846153846153
1,2026-05-09,SABADO,06:00,124.0,90.41480299049347,88.07692307692308
1,2026-05-09,SABADO,06:30,77.0,107.2963071812437,108.53846153846153
1,2026-05-09,SABADO,07:00,149.0,98.66615711331234,99.57692307692308
1,2026-05-09,SABADO,07:30,54.0,102.35453888529862,100.6923076923077
1,2026-05-09,SABADO,08:00,114.0,95.72996487255838,97.03846153846153
1,2026-05-09,SABADO,08:30,115.0,97.88353134168203,97.6923076923077
1,2026-05-09,SABADO,09:00,101.0,105.25899424328952,95.5
1,2026-05-09,SABADO,09:30,109.0,100.07697958313364,82.8076923076923
1,2026-05-09,SABADO,10:00,116.0,89.01990608581423,76.46153846153847
1,2026-05-09,SABADO,10:30,49.0,94.1355837205043,90.95833333333333
1,2026-05-09,SABADO,11:00,89.0,90.71705809773734,84.3076923076923
1,2026-05-09,SABADO,11:30,106.0,86.33310164900631,80.16
1,2026-05-09,SABADO,12:00,45.0,91.90304361667803,88.07692307692308
1,2026-05-09,SABADO,12:30,25.0,92.26405616405562,92.3913043478261
1,2026-05-09,SABADO,13:00,116.0,99.52091407633807,65.43478260869566
1,2026-05-09,SABADO,13:30,52.0,93.14841862652916,70.44
1,2026-05-09,SABADO,14:00,59.0,104.72914534134763,73.66666666666667
1,2026-05-09,SABADO,14:30,44.0,100.08302705635708,75.76
1,2026-05-09,SABADO,15:00,46.0,90.52698567525515,63.5
1,2026-05-09,SABADO,15:30,35.0,115.79671519915868,58.5
1,2026-05-09,SABADO,16:00,19.0,87.47238966390884,54.0
1,2026-05-09,SABADO,17:00,46.0,88.07809391142635,44.57142857142857
1,2026-05-10,DOMINGO,07:00,45.0,33.04143592581239,34.473684210526315
1,2026-05-10,DOMINGO,08:00,27.0,35.741576021319936,37.523809523809526
1,2026-05-10,DOMINGO,09:00,28.0,30.867575412558352,33.93333333333333
1,2026-05-10,DOMINGO,09:30,62.0,36.02962802545908,37.11764705882353
1,2026-05-10,DOMINGO,10:00,25.0,39.42700486150007,35.27272727272727
1,2026-05-10,DOMINGO,10:30,30.0,42.73518568961228,34.42857142857143
1,2026-05-10,DOMINGO,11:30,39.0,37.60524676105367,36.6
1,2026-05-10,DOMINGO,12:00,31.0,47.62955409644678,33.11764705882353
1,2026-05-10,DOMINGO,13:00,62.0,33.21045070777968,32.0
1,2026-05-10,DOMINGO,14:30,23.0,41.63897906764128,42.0
1,2026-05-11,LABORAL,04:30,97.0,40.082917156346895,109.99173553719008
1,2026-05-11,LABORAL,05:00,109.0,39.81753255939813,115.78333333333333
1,2026-05-11,LABORAL,05:30,86.0,39.54235041796113,132.35537190082644
1,2026-05-11,LABORAL,06:00,106.0,37.90476708174244,126.42148760330579
1,2026-05-11,LABORAL,06:30,103.0,29.1362777136471,131.4297520661157
1,2026-05-11,LABORAL,07:00,102.0,34.249258305442204,126.24166666666666
1,2026-05-11,LABORAL,07:30,191.0,35.613126615173684,132.6694214876033
1,2026-05-11,LABORAL,08:00,96.0,27.883385463668755,128.9
1,2026-05-11,LABORAL,08:30,127.0,25.242619928128097,131.31404958677686
1,2026-05-11,LABORAL,09:00,144.0,40.44649737775597,133.19166666666666
1,2026-05-11,LABORAL,09:30,70.0,29.521262572266632,117.97520661157024
1,2026-05-11,LABORAL,10:00,107.0,33.10180150651198,95.67768595041322
1,2026-05-11,LABORAL,10:30,105.0,29.967589467928573,93.79166666666667
1,2026-05-11,LABORAL,11:00,39.0,27.98912054383556,92.80165289256199
1,2026-05-11,LABORAL,11:30,87.0,32.735583317718216,98.39669421487604
1,2026-05-11,LABORAL,12:00,43.0,23.09842867756843,108.39166666666667
1,2026-05-11,LABORAL,12:30,124.0,27.3477354747173,129.93388429752065
1,2026-05-11,LABORAL,13:00,98.0,25.296896533265546,131.96694214876032
1,2026-05-11,LABORAL,13:30,116.0,22.82414402638557,133.83471074380165
1,2026-05-11,LABORAL,14:00,211.0,21.687658717998655,146.35593220338984
1,2026-05-11,LABORAL,14:30,40.0,28.438372317026058,147.275
1,2026-05-11,LABORAL,15:00,163.0,23.69139971426411,163.53719008264463
1,2026-05-11,LABORAL,15:30,170.0,24.82047550175964,168.5084745762712
1,2026-05-11,LABORAL,16:00,82.0,25.276292390962677,140.47058823529412
1,2026-05-11,LABORAL,16:30,100.0,26.25043525034825,108.30578512396694
1,2026-05-11,LABORAL,17:00,29.0,27.444189183005573,69.96330275229357
1,2026-05-12,LABORAL,04:30,128.0,91.08442651875272,109.6694214876033
1,2026-05-12,LABORAL,05:00,135.0,100.75151962024579,115.99166666666666
1,2026-05-12,LABORAL,05:30,137.0,101.99890120781157,131.31404958677686
1,2026-05-12,LABORAL,06:00,139.0,98.016781929281,126.0
1,2026-05-12,LABORAL,06:30,138.0,100.18144864790125,131.099173553719
1,2026-05-12,LABORAL,07:00,113.0,97.16487116877919,126.03333333333333
1,2026-05-12,LABORAL,07:30,153.0,97.74180898061836,132.9504132231405
1,2026-05-12,LABORAL,08:00,147.0,110.95938886620185,129.175
1,2026-05-12,LABORAL,08:30,59.0,94.382634779808,130.97520661157026
1,2026-05-12,LABORAL,09:00,103.0,97.92338352811585,132.94166666666666
1,2026-05-12,LABORAL,09:30,148.0,103.5480827426611,117.88429752066116
1,2026-05-12,LABORAL,10:00,96.0,89.4197299897456,95.62809917355372
1,2026-05-12,LABORAL,10:30,77.0,95.316419555126,94.26666666666667
1,2026-05-12,LABORAL,11:00,99.0,93.82042481104759,91.7603305785124
1,2026-05-12,LABORAL,11:30,112.0,83.0203439521693,98.19834710743801
1,2026-05-12,LABORAL,12:00,91.0,90.77045887858753,108.14166666666667
1,2026-05-12,LABORAL,12:30,93.0,81.5753172417056,129.80165289256198
1,2026-05-12,LABORAL,13:00,155.0,94.27041157811601,131.62809917355372
1,2026-05-12,LABORAL,13:30,91.0,89.46638276622687,132.89256198347107
1,2026-05-12,LABORAL,14:00,118.0,91.14766121757486,146.9322033898305
1,2026-05-12,LABORAL,14:30,193.0,104.71712789468202,146.6
1,2026-05-12,LABORAL,15:00,169.0,80.15187400188462,163.36363636363637
1,2026-05-12,LABORAL,15:30,137.0,97.05042822181797,168.48305084745763
1,2026-05-12,LABORAL,16:00,91.0,97.93244864777294,139.9075630252101
1,2026-05-12,LABORAL,16:30,45.0,84.39972874362361,108.23140495867769
1,2026-05-12,LABORAL,17:00,61.0,86.87088349165153,69.5909090909091
1,2026-05-13,LABORAL,04:30,63.0,82.53234458940378,109.72727272727273
1,2026-05-13,LABORAL,05:00,145.0,96.55831847985331,115.99166666666666
1,2026-05-13,LABORAL,05:30,93.0,98.31625537661442,131.03305785123968
1,2026-05-13,LABORAL,06:00,96.0,98.33649299024484,125.97520661157024
1,2026-05-13,LABORAL,06:30,183.0,97.85067732151248,131.0495867768595
1,2026-05-13,LABORAL,07:00,76.0,97.54587604603032,125.76666666666667
1,2026-05-13,LABORAL,07:30,173.0,93.06663398010117,133.13223140495867
1,2026-05-13,LABORAL,08:00,93.0,98.88254626249825,129.225
1,2026-05-13,LABORAL,08:30,150.0,98.87531951761945,130.34710743801654
1,2026-05-13,LABORAL,09:00,56.0,83.21821871735682,132.70833333333334
1,2026-05-13,LABORAL,09:30,119.0,90.06365565375191,118.44628099173553
1,2026-05-13,LABORAL,10:00,118.0,97.02650695715812,95.69421487603306
1,2026-05-13,LABORAL,10:30,62.0,87.28039760176532,93.525
1,2026-05-13,LABORAL,11:00,175.0,84.4757890961321,91.7603305785124
1,2026-05-13,LABORAL,11:30,63.0,87.41201689646545,98.4297520661157
1,2026-05-13,LABORAL,12:00,124.0,88.00160240499432,107.94166666666666
1,2026-05-13,LABORAL,12:30,73.0,85.04502739082464,129.45454545454547
1,2026-05-13,LABORAL,13:00,127.0,84.21942475003632,131.73553719008265
1,2026-05-13,LABORAL,13:30,141.0,94.71426266382515,132.21487603305786
1,2026-05-13,LABORAL,14:00,126.0,83.93975583735072,146.71186440677965
1,2026-05-13,LABORAL,14:30,180.0,87.97543696123026,146.93333333333334
1,2026-05-13,LABORAL,15:00,130.0,100.66881043610849,163.59504132231405
1,2026-05-13,LABORAL,15:30,214.0,93.9882191628943,168.11864406779662
1,2026-05-13,LABORAL,16:00,130.0,90.41738793727964,138.72268907563026
1,2026-05-13,LABORAL,16:30,69.0,82.97493247651353,107.55371900826447
1,2026-05-13,LABORAL,17:00,40.0,74.09151445844785,69.53636363636363
1,2026-05-14,LABORAL,04:30,88.0,98.25750283778511,109.15702479338843
1,2026-05-14,LABORAL,05:00,85.0,95.42743579577848,116.20833333333333
1,2026-05-14,LABORAL,05:30,201.0,110.05853494095952,130.2396694214876
1,2026-05-14,LABORAL,06:00,138.0,101.82884354180577,125.25619834710744
1,2026-05-14,LABORAL,06:30,72.0,101.8649441488183,131.78512396694214
1,2026-05-14,LABORAL,07:00,146.0,114.9477047769551,125.325
1,2026-05-14,LABORAL,07:30,105.0,97.70343176296335,133.6611570247934
1,2026-05-14,LABORAL,08:00,137.0,111.74193662529048,128.525
1,2026-05-14,LABORAL,08:30,124.0,99.67797804278412,130.38842975206612
1,2026-05-14,LABORAL,09:00,83.0,108.30335672104135,131.98333333333332
1,2026-05-14,LABORAL,09:30,113.0,90.53307576428055,118.46280991735537
1,2026-05-14,LABORAL,10:00,105.0,101.0830657510157,95.80165289256199
1,2026-05-14,LABORAL,10:30,105.0,101.64264134561547,93.28333333333333
1,2026-05-14,LABORAL,11:00,66.0,90.7845932809355,92.44628099173553
1,2026-05-14,LABORAL,11:30,101.0,107.697099604373,98.14876033057851
1,2026-05-14,LABORAL,12:00,96.0,90.164270188864,108.1
1,2026-05-14,LABORAL,12:30,116.0,99.3049196958342,128.3388429752066
1,2026-05-14,LABORAL,13:00,126.0,90.5048487474232,131.73553719008265
1,2026-05-14,LABORAL,13:30,127.0,98.34841236949495,131.88429752066116
1,2026-05-14,LABORAL,14:00,135.0,101.89403366069423,146.91525423728814
1,2026-05-14,LABORAL,14:30,151.0,97.4105149586239,147.46666666666667
1,2026-05-14,LABORAL,15:00,180.0,106.1203055000278,163.07438016528926
1,2026-05-14,LABORAL,15:30,121.0,99.99099678481753,168.23728813559322
1,2026-05-14,LABORAL,16:00,124.0,111.49137508563926,138.74789915966386
1,2026-05-14,LABORAL,16:30,82.0,97.52567381170732,106.90082644628099
1,2026-05-14,LABORAL,17:00,43.0,86.4160937243659,69.76363636363637
1,2026-05-14,LABORAL,17:30,5.0,79.96646354120823,37.54761904761905
1,2026-05-15,LABORAL,04:30,147.0,75.5226096578494,108.63636363636364
1,2026-05-15,LABORAL,05:00,89.0,73.64413671666975,115.70833333333333
1,2026-05-15,LABORAL,05:30,116.0,92.83460942044583,130.69421487603304
1,2026-05-15,LABORAL,06:00,137.0,81.84200545907454,125.27272727272727
1,2026-05-15,LABORAL,06:30,86.0,70.84524500229362,131.2479338842975
1,2026-05-15,LABORAL,07:00,183.0,83.23040180324293,125.7
1,2026-05-15,LABORAL,07:30,120.0,75.31468725821205,133.77685950413223
1,2026-05-15,LABORAL,08:00,112.0,80.98624137677847,128.35
1,2026-05-15,LABORAL,08:30,84.0,77.85932538089624,130.54545454545453
1,2026-05-15,LABORAL,09:00,136.0,71.38847526490481,131.575
1,2026-05-15,LABORAL,09:30,98.0,75.03401928323518,118.68595041322314
1,2026-05-15,LABORAL,10:00,90.0,73.97951982954835,95.58677685950413
1,2026-05-15,LABORAL,10:30,116.0,73.65952773547737,93.68333333333334
1,2026-05-15,LABORAL,11:00,55.0,66.50222365331707,92.18181818181819
1,2026-05-15,LABORAL,11:30,151.0,72.8174865258813,97.70247933884298
1,2026-05-15,LABORAL,12:00,117.0,70.70895770345386,108.21666666666667
1,2026-05-15,LABORAL,12:30,87.0,74.15823823269278,128.5206611570248
1,2026-05-15,LABORAL,13:00,122.0,74.99587627984963,131.51239669421489
1,2026-05-15,LABORAL,13:30,93.0,75.30983881902252,132.10743801652893
1,2026-05-15,LABORAL,14:00,218.0,76.43871925966504,146.54237288135593
1,2026-05-15,LABORAL,14:30,100.0,78.54609715677752,147.45833333333334
1,2026-05-15,LABORAL,15:00,161.0,83.40799577228486,163.37190082644628
1,2026-05-15,LABORAL,15:30,160.0,73.15085218318836,167.82203389830508
1,2026-05-15,LABORAL,16:00,163.0,74.04547023763064,138.56302521008402
1,2026-05-15,LABORAL,16:30,126.0,66.19295329316192,106.54545454545455
1,2026-05-15,LABORAL,17:00,80.0,59.0197522551333,69.52252252252252
1,2026-05-16,SABADO,04:30,26.0,106.97943366501485,69.12
1,2026-05-16,SABADO,05:00,103.0,129.81315734645977,60.52
1,2026-05-16,SABADO,05:30,81.0,119.63861927893056,88.5
1,2026-05-16,SABADO,06:00,33.0,125.37569521554516,89.73076923076923
1,2026-05-16,SABADO,06:30,120.0,127.18452829654622,105.34615384615384
1,2026-05-16,SABADO,07:00,145.0,117.2037289944167,101.6923076923077
1,2026-05-16,SABADO,07:30,128.0,133.79801249655486,98.53846153846153
1,2026-05-16,SABADO,08:00,77.0,122.07899563873812,99.3076923076923
1,2026-05-16,SABADO,08:30,108.0,120.80333042368488,94.88461538461539
1,2026-05-16,SABADO,09:00,113.0,115.31228279403022,95.76923076923077
1,2026-05-16,SABADO,09:30,85.0,122.72462551764447,82.8076923076923
1,2026-05-16,SABADO,10:00,83.0,116.2188561402124,77.96153846153847
1,2026-05-16,SABADO,10:30,90.0,114.30466785263229,89.0
1,2026-05-16,SABADO,11:00,100.0,118.00872852979796,85.26923076923077
1,2026-05-16,SABADO,11:30,103.0,106.73748616639152,80.4
1,2026-05-16,SABADO,12:00,118.0,122.63538962400573,85.57692307692308
1,2026-05-16,SABADO,12:30,110.0,116.25681304888745,88.0
1,2026-05-16,SABADO,13:00,35.0,111.16721454271462,68.17391304347827
1,2026-05-16,SABADO,13:30,48.0,116.43901244420515,70.52
1,2026-05-16,SABADO,14:00,25.0,111.21763333338299,74.5
1,2026-05-16,SABADO,14:30,147.0,131.35025618190005,73.04
1,2026-05-16,SABADO,15:00,42.0,111.6416763146179,62.416666666666664
1,2026-05-16,SABADO,15:30,39.0,121.64374466519047,54.75
1,2026-05-16,SABADO,16:00,45.0,119.9764489780681,52.541666666666664
1,2026-05-16,SABADO,17:00,1.0,120.09487098430229,44.666666666666664
1,2026-05-17,DOMINGO,07:00,20.0,43.73162954438059,35.05263157894737
1,2026-05-17,DOMINGO,07:30,40.0,33.96320907330336,30.363636363636363
1,2026-05-17,DOMINGO,08:00,16.0,23.830006017547753,37.61904761904762
1,2026-05-17,DOMINGO,08:30,59.0,40.383048733395704,42.333333333333336
1,2026-05-17,DOMINGO,10:30,24.0,35.072417972242064,34.22727272727273
1,2026-05-17,DOMINGO,11:30,38.0,28.46531911054628,35.46666666666667
1,2026-05-17,DOMINGO,12:00,26.0,42.791582697916205,33.94117647058823
1,2026-05-17,DOMINGO,16:00,27.0,45.0646165664995,35.666666666666664
1,2026-05-18,FESTIVO_PUENTE,06:30,34.0,37.62937954915018,44.0
1,2026-05-18,FESTIVO_PUENTE,07:00,54.0,28.274198199022297,23.0
1,2026-05-18,FESTIVO_PUENTE,08:00,26.0,33.29271795110568,16.666666666666668
1,2026-05-18,FESTIVO_PUENTE,08:30,20.0,33.764481501384346,23.75
1,2026-05-18,FESTIVO_PUENTE,09:00,21.0,29.500646031301716,27.333333333333332
1,2026-05-18,FESTIVO_PUENTE,09:30,41.0,28.736635939540342,26.0
1,2026-05-18,FESTIVO_PUENTE,10:30,16.0,29.740596003152778,27.0
1,2026-05-18,FESTIVO_PUENTE,11:00,12.0,31.570793537869655,23.75
1,2026-05-18,FESTIVO_PUENTE,11:30,46.0,31.38380052905107,23.333333333333332
1,2026-05-18,FESTIVO_PUENTE,12:00,17.0,34.73712286690239,23.75
1,2026-05-18,FESTIVO_PUENTE,13:00,23.0,32.99624521207096,36.0
1,2026-05-18,FESTIVO_PUENTE,14:00,26.0,20.16997277941064,25.0
1,2026-05-18,FESTIVO_PUENTE,16:30,36.0,22.591133607089873,15.0
1,2026-05-19,LABORAL,04:30,82.0,18.374872409245516,109.06611570247934
1,2026-05-19,LABORAL,05:00,135.0,40.218317936916335,115.25
1,2026-05-19,LABORAL,05:30,156.0,21.316470987402266,130.38842975206612
1,2026-05-19,LABORAL,06:00,133.0,21.464415513808135,125.36363636363636
1,2026-05-19,LABORAL,06:30,155.0,22.328316420236106,131.05785123966942
1,2026-05-19,LABORAL,07:00,125.0,14.967060411220066,125.8
1,2026-05-19,LABORAL,07:30,122.0,17.596346154130316,133.83471074380165
1,2026-05-19,LABORAL,08:00,124.0,20.293219797833807,128.025
1,2026-05-19,LABORAL,08:30,130.0,15.573992913285508,130.27272727272728
1,2026-05-19,LABORAL,09:00,156.0,23.656364793737474,131.475
1,2026-05-19,LABORAL,09:30,125.0,17.457819425511016,118.62809917355372
1,2026-05-19,LABORAL,10:00,71.0,19.19614306199093,95.88429752066116
1,2026-05-19,LABORAL,10:30,146.0,18.133462074269865,93.95833333333333
1,2026-05-19,LABORAL,11:00,42.0,18.47088452467384,91.84297520661157
1,2026-05-19,LABORAL,11:30,184.0,19.451778494609197,98.47107438016529
1,2026-05-19,LABORAL,12:00,77.0,22.07686074946316,108.29166666666667
1,2026-05-19,LABORAL,12:30,131.0,17.693952583511827,127.85950413223141
1,2026-05-19,LABORAL,13:00,91.0,16.65922863673953,131.05785123966942
1,2026-05-19,LABORAL,13:30,153.0,16.475161472094435,131.900826446281
1,2026-05-19,LABORAL,14:00,118.0,19.685517706144406,146.95762711864407
1,2026-05-19,LABORAL,14:30,158.0,15.527187667960535,146.85
1,2026-05-19,LABORAL,15:00,155.0,14.92767141169076,162.8181818181818
1,2026-05-19,LABORAL,15:30,122.0,20.506256669080503,167.10169491525423
1,2026-05-19,LABORAL,16:00,222.0,15.858533570092057,139.16806722689077
1,2026-05-19,LABORAL,16:30,143.0,16.67199077920631,106.5702479338843
1,2026-05-19,LABORAL,17:00,48.0,16.225385800704018,69.54054054054055
1,2026-05-20,LABORAL,04:30,82.0,125.4557677533072,108.36363636363636
1,2026-05-20,LABORAL,05:00,128.0,128.923413648279,115.275
1,2026-05-20,LABORAL,05:30,88.0,143.1550450591456,130.40495867768595
1,2026-05-20,LABORAL,06:00,137.0,139.9527541829506,124.63636363636364
1,2026-05-20,LABORAL,06:30,145.0,136.28294950523903,131.19834710743802
1,2026-05-20,LABORAL,07:00,130.0,139.0389207476734,126.05833333333334
1,2026-05-20,LABORAL,07:30,101.0,131.81554467319197,133.2396694214876
1,2026-05-20,LABORAL,08:00,58.0,130.79145191423413,127.66666666666667
1,2026-05-20,LABORAL,08:30,185.0,130.51786653535484,130.43801652892563
1,2026-05-20,LABORAL,09:00,91.0,128.954650278947,131.30833333333334
1,2026-05-20,LABORAL,09:30,104.0,135.482034319236,118.50413223140495
1,2026-05-20,LABORAL,10:00,191.0,127.97770933783531,95.2892561983471
1,2026-05-20,LABORAL,10:30,67.0,119.01521740069349,94.65
1,2026-05-20,LABORAL,11:00,66.0,130.58591116325235,91.31404958677686
1,2026-05-20,LABORAL,11:30,92.0,113.63723937942564,98.62809917355372
1,2026-05-20,LABORAL,12:00,82.0,135.75344661336632,107.80833333333334
1,2026-05-20,LABORAL,12:30,104.0,118.24358129024611,127.91735537190083
1,2026-05-20,LABORAL,13:00,47.0,125.2388917599766,130.50413223140495
1,2026-05-20,LABORAL,13:30,178.0,117.95286716407192,131.91735537190084
1,2026-05-20,LABORAL,14:00,117.0,126.88878685977353,146.78813559322035
1,2026-05-20,LABORAL,14:30,130.0,121.40879499064528,146.04166666666666
1,2026-05-20,LABORAL,15:00,270.0,126.0397021494264,163.099173553719
1,2026-05-20,LABORAL,15:30,180.0,124.92654998639365,166.32203389830508
1,2026-05-20,LABORAL,16:00,104.0,120.30679131809148,139.65546218487395
1,2026-05-20,LABORAL,16:30,71.0,134.67055508628584,106.66115702479338
1,2026-05-20,LABORAL,17:00,95.0,121.61992783062502,69.16216216216216
1,2026-05-22,LABORAL,04:30,100.0,101.44418001855911,107.33333333333333
1,2026-05-22,LABORAL,05:00,77.0,106.16435329494763,115.33613445378151
1,2026-05-22,LABORAL,05:30,114.0,113.69570966314544,129.65
1,2026-05-22,LABORAL,06:00,94.0,107.51420393140722,124.49166666666666
1,2026-05-22,LABORAL,06:30,150.0,115.08918645272995,131.69166666666666
1,2026-05-22,LABORAL,07:00,100.0,115.53378577370007,126.27731092436974
1,2026-05-22,LABORAL,07:30,126.0,112.85914651649553,132.26666666666668
1,2026-05-22,LABORAL,08:00,98.0,107.14512452999097,127.70588235294117
1,2026-05-22,LABORAL,08:30,117.0,99.59400263552227,131.28333333333333
1,2026-05-22,LABORAL,09:00,54.0,119.7598673772303,129.94957983193277
1,2026-05-22,LABORAL,09:30,124.0,103.99361638714454,118.30833333333334
1,2026-05-22,LABORAL,10:00,86.0,105.99456059716465,96.325
1,2026-05-22,LABORAL,10:30,69.0,119.15404374671495,94.0
1,2026-05-22,LABORAL,11:00,94.0,97.74458710593221,91.09166666666667
1,2026-05-22,LABORAL,11:30,100.0,98.08394479136459,98.51666666666667
1,2026-05-22,LABORAL,12:00,106.0,100.38253762187274,107.73109243697479
1,2026-05-22,LABORAL,12:30,175.0,100.19139094887447,127.96666666666667
1,2026-05-22,LABORAL,13:00,47.0,101.81909205797065,129.275
1,2026-05-22,LABORAL,13:30,106.0,92.75363450329428,132.50833333333333
1,2026-05-22,LABORAL,14:00,178.0,113.00317517760494,146.7008547008547
1,2026-05-22,LABORAL,14:30,116.0,103.43044611721548,145.56302521008402
1,2026-05-22,LABORAL,15:00,193.0,104.59426090300413,163.26666666666668
1,2026-05-22,LABORAL,15:30,127.0,127.38677450951953,166.22222222222223
1,2026-05-22,LABORAL,16:00,72.0,112.21767413880103,139.1864406779661
1,2026-05-22,LABORAL,16:30,165.0,98.96086949825943,106.03333333333333
1,2026-05-22,LABORAL,17:00,31.0,94.4450611556745,69.78181818181818
1,2026-05-23,SABADO,04:30,94.0,100.81245603450324,66.0
1,2026-05-23,SABADO,05:00,32.0,98.52553411670087,62.64
1,2026-05-23,SABADO,05:30,145.0,94.8272312561832,88.42307692307692
1,2026-05-23,SABADO,06:00,78.0,101.09313130608896,86.42307692307692
1,2026-05-23,SABADO,06:30,148.0,96.86433753595897,107.0
1,2026-05-23,SABADO,07:00,66.0,106.23090184400006,100.3076923076923
1,2026-05-23,SABADO,07:30,119.0,97.70499725928447,100.65384615384616
1,2026-05-23,SABADO,08:00,70.0,101.28162328135221,98.38461538461539
1,2026-05-23,SABADO,08:30,76.0,95.7936882858856,93.96153846153847
1,2026-05-23,SABADO,09:00,82.0,97.79996113974467,95.0
1,2026-05-23,SABADO,09:30,98.0,88.9238690539551,83.38461538461539
1,2026-05-23,SABADO,10:00,52.0,98.50803084167754,76.73076923076923
1,2026-05-23,SABADO,10:30,44.0,92.09333645010564,87.125
1,2026-05-23,SABADO,11:00,129.0,90.08787260927961,85.6923076923077
1,2026-05-23,SABADO,11:30,50.0,91.84645417688941,80.56
1,2026-05-23,SABADO,12:00,84.0,92.4580271899679,87.34615384615384
1,2026-05-23,SABADO,12:30,110.0,93.23354472081829,88.52173913043478
1,2026-05-23,SABADO,13:00,79.0,104.06520270098093,64.3913043478261
1,2026-05-23,SABADO,14:00,85.0,82.96768127305894,72.54166666666667
1,2026-05-23,SABADO,15:00,89.0,91.37955181945097,62.416666666666664
1,2026-05-23,SABADO,15:30,47.0,104.5121905436624,55.333333333333336
1,2026-05-23,SABADO,16:00,24.0,93.18311159264454,50.0
1,2026-05-23,SABADO,16:30,38.0,105.43696518089872,71.94117647058823
1,2026-05-24,DOMINGO,08:00,28.0,60.59211197092855,36.63636363636363
1,2026-05-24,DOMINGO,08:30,26.0,48.56319470294068,43.42857142857143
1,2026-05-24,DOMINGO,09:00,44.0,61.323422738802755,34.13333333333333
1,2026-05-24,DOMINGO,10:00,35.0,39.08974717029032,35.76190476190476
1,2026-05-24,DOMINGO,11:00,27.0,49.32255418757106,34.5
1,2026-05-24,DOMINGO,12:00,10.0,38.88293219965897,33.23529411764706
1,2026-05-24,DOMINGO,12:30,35.0,56.43603589680067,37.63157894736842
1,2026-05-24,DOMINGO,13:30,32.0,46.583484381562606,28.533333333333335
1,2026-05-24,DOMINGO,14:00,16.0,57.03924279641214,36.125
1,2026-05-24,DOMINGO,15:00,25.0,45.239270886461114,39.6875
1,2026-05-24,DOMINGO,15:30,21.0,52.33537030948579,49.714285714285715
1,2026-05-24,DOMINGO,16:30,32.0,44.85835070346169,31.75
1,2026-05-25,LABORAL,04:30,54.0,23.301723719745237,106.825
1,2026-05-25,LABORAL,05:00,152.0,24.752643911928544,115.17647058823529
1,2026-05-25,LABORAL,05:30,114.0,26.040787495868706,129.45
1,2026-05-25,LABORAL,06:00,128.0,20.340043451123755,123.95
1,2026-05-25,LABORAL,06:30,124.0,17.92729331250878,132.06666666666666
1,2026-05-25,LABORAL,07:00,145.0,31.34361532231017,126.00840336134453
1,2026-05-25,LABORAL,07:30,66.0,18.672956596850895,132.04166666666666
1,2026-05-25,LABORAL,08:00,144.0,24.315180272802547,127.4201680672269
1,2026-05-25,LABORAL,08:30,210.0,28.622757454871905,131.16666666666666
1,2026-05-25,LABORAL,09:00,176.0,26.030061316450297,129.3109243697479
1,2026-05-25,LABORAL,09:30,50.0,22.776210534911026,118.13333333333334
1,2026-05-25,LABORAL,10:00,71.0,24.972231137719373,96.025
1,2026-05-25,LABORAL,10:30,110.0,21.41906180092987,94.0
1,2026-05-25,LABORAL,11:00,74.0,15.384846912658203,91.46666666666667
1,2026-05-25,LABORAL,11:30,72.0,20.110293124779773,98.55833333333334
1,2026-05-25,LABORAL,12:00,122.0,17.31333066169096,107.08403361344538
1,2026-05-25,LABORAL,12:30,120.0,14.559215765148544,128.51666666666668
1,2026-05-25,LABORAL,13:00,82.0,19.854191695772048,128.0
1,2026-05-25,LABORAL,13:30,114.0,13.935197581550261,132.325
1,2026-05-25,LABORAL,14:00,158.0,14.7239843684258,147.0940170940171
1,2026-05-25,LABORAL,14:30,134.0,9.866560243758537,144.91596638655463
1,2026-05-25,LABORAL,15:00,177.0,17.363856500306714,163.88333333333333
1,2026-05-25,LABORAL,15:30,164.0,14.987125214163555,165.07692307692307
1,2026-05-25,LABORAL,16:00,68.0,14.51757566457698,138.24576271186442
1,2026-05-25,LABORAL,16:30,138.0,13.676126558921059,106.19166666666666
1,2026-05-25,LABORAL,17:00,92.0,14.395370951441848,69.39090909090909
1,2026-05-25,LABORAL,17:30,29.0,14.665632597281935,36.78048780487805
1,2026-05-26,LABORAL,04:30,154.0,100.63751659104362,105.96666666666667
1,2026-05-26,LABORAL,05:00,112.0,114.43031550227418,115.52941176470588
1,2026-05-26,LABORAL,05:30,153.0,107.99375577647112,129.03333333333333
1,2026-05-26,LABORAL,06:00,69.0,108.91815282570447,124.61666666666666
1,2026-05-26,LABORAL,06:30,152.0,107.47433351374876,132.175
1,2026-05-26,LABORAL,07:00,149.0,111.96573230459323,126.02521008403362
1,2026-05-26,LABORAL,07:30,137.0,97.17153805351043,131.81666666666666
1,2026-05-26,LABORAL,08:00,110.0,109.86123000005459,127.47899159663865
1,2026-05-26,LABORAL,08:30,108.0,120.46773698260714,131.8
1,2026-05-26,LABORAL,09:00,151.0,114.01930452937856,129.5546218487395
1,2026-05-26,LABORAL,09:30,83.0,93.0316773696804,117.875
1,2026-05-26,LABORAL,10:00,91.0,96.08604420322537,95.425
1,2026-05-26,LABORAL,10:30,80.0,101.21288362066372,94.26890756302521
1,2026-05-26,LABORAL,11:00,119.0,94.27744250533732,91.3
1,2026-05-26,LABORAL,11:30,101.0,93.90262173560097,98.58333333333333
1,2026-05-26,LABORAL,12:00,106.0,101.11129441436556,106.97478991596638
1,2026-05-26,LABORAL,12:30,89.0,100.07526048295644,128.175
1,2026-05-26,LABORAL,13:00,157.0,94.01236095115283,127.325
1,2026-05-26,LABORAL,13:30,171.0,98.14066079601967,132.525
1,2026-05-26,LABORAL,14:00,50.0,104.71216027772742,146.87179487179486
1,2026-05-26,LABORAL,14:30,214.0,99.86221844227647,144.64705882352942
1,2026-05-26,LABORAL,15:00,129.0,107.0442170430384,163.69166666666666
1,2026-05-26,LABORAL,15:30,138.0,104.24956025519678,164.97435897435898
1,2026-05-26,LABORAL,16:00,148.0,88.16611626246018,137.38135593220338
1,2026-05-26,LABORAL,16:30,78.0,98.93248779604441,106.64166666666667
1,2026-05-26,LABORAL,17:00,117.0,91.08478637079877,69.52727272727273
1,2026-05-27,LABORAL,04:30,122.0,104.54165113030963,105.975
1,2026-05-27,LABORAL,05:00,130.0,124.65969000213866,115.00840336134453
1,2026-05-27,LABORAL,05:30,87.0,119.21121932992648,129.49166666666667
1,2026-05-27,LABORAL,06:00,175.0,124.48665002153423,124.46666666666667
1,2026-05-27,LABORAL,06:30,92.0,110.43036312484459,132.35
1,2026-05-27,LABORAL,07:00,58.0,123.15028465532124,126.71428571428571
1,2026-05-27,LABORAL,07:30,194.0,122.68047231711336,132.04166666666666
1,2026-05-27,LABORAL,08:00,130.0,118.33413336050236,126.52941176470588
1,2026-05-27,LABORAL,08:30,80.0,115.00740247407526,131.725
1,2026-05-27,LABORAL,09:00,156.0,115.47513591866306,129.88235294117646
1,2026-05-27,LABORAL,09:30,108.0,121.10190364181543,116.98333333333333
1,2026-05-27,LABORAL,10:00,39.0,106.91762985045233,95.13333333333334
1,2026-05-27,LABORAL,10:30,74.0,108.06983284388731,93.82352941176471
1,2026-05-27,LABORAL,11:00,108.0,106.40454884686426,91.55
1,2026-05-27,LABORAL,11:30,59.0,111.33486898988225,99.05833333333334
1,2026-05-27,LABORAL,12:00,155.0,107.85354799104498,107.15966386554622
1,2026-05-27,LABORAL,12:30,101.0,109.05267101104833,128.39166666666668
1,2026-05-27,LABORAL,13:00,112.0,105.6558425612332,127.11666666666666
1,2026-05-27,LABORAL,14:00,222.0,115.41148463278756,146.008547008547
1,2026-05-27,LABORAL,14:30,143.0,117.69265042916838,144.9747899159664
1,2026-05-27,LABORAL,15:00,168.0,98.40239644048123,162.875
1,2026-05-27,LABORAL,15:30,143.0,123.87866189232619,165.06837606837607
1,2026-05-27,LABORAL,16:00,130.0,110.50776815548147,137.39830508474577
1,2026-05-27,LABORAL,16:30,34.0,111.12440886473361,105.75833333333334
1,2026-05-27,LABORAL,17:00,84.0,110.24133940188543,69.64545454545454
1,2026-05-28,LABORAL,04:30,101.0,95.99676190127126,105.85833333333333
1,2026-05-28,LABORAL,05:00,62.0,100.2036261813579,115.17647058823529
1,2026-05-28,LABORAL,05:30,193.0,99.22360832761969,128.775
1,2026-05-28,LABORAL,06:00,136.0,102.67375390654114,125.14166666666667
1,2026-05-28,LABORAL,06:30,145.0,94.46353157961778,131.88333333333333
1,2026-05-28,LABORAL,07:00,111.0,109.1812287611153,126.08403361344538
1,2026-05-28,LABORAL,07:30,134.0,93.28593933218109,132.84166666666667
1,2026-05-28,LABORAL,08:00,108.0,88.89294404767584,126.21008403361344
1,2026-05-28,LABORAL,08:30,125.0,110.7831002149322,131.53333333333333
1,2026-05-28,LABORAL,09:00,88.0,99.26474107591608,129.9747899159664
1,2026-05-28,LABORAL,09:30,116.0,90.1918938997156,117.525
1,2026-05-28,LABORAL,10:00,38.0,102.34013672869524,94.9
1,2026-05-28,LABORAL,10:30,120.0,94.74596671803411,93.47899159663865
1,2026-05-28,LABORAL,11:00,103.0,81.15185651467023,91.83333333333333
1,2026-05-28,LABORAL,11:30,74.0,86.64822630964623,98.81666666666666
1,2026-05-28,LABORAL,12:00,132.0,91.62149114456027,107.08403361344538
1,2026-05-28,LABORAL,12:30,143.0,83.7842104611217,127.96666666666667
1,2026-05-28,LABORAL,13:00,73.0,98.72991798455313,126.76666666666667
1,2026-05-28,LABORAL,13:30,200.0,89.60039889201063,133.11764705882354
1,2026-05-28,LABORAL,14:00,100.0,90.57620115911098,146.63247863247864
1,2026-05-28,LABORAL,14:30,94.0,109.53137820636313,144.01680672268907
1,2026-05-28,LABORAL,15:00,178.0,96.43439836727983,163.65833333333333
1,2026-05-28,LABORAL,15:30,103.0,97.68353369139969,165.42735042735043
1,2026-05-28,LABORAL,16:00,149.0,96.45227541777554,137.23728813559322
1,2026-05-28,LABORAL,16:30,47.0,92.21458393606093,104.75833333333334
1,2026-05-28,LABORAL,17:00,47.0,76.115484229141,69.57272727272728
1,2026-05-29,LABORAL,04:30,129.0,88.62138385028565,105.475
1,2026-05-29,LABORAL,05:00,79.0,88.63036250009901,114.50420168067227
1,2026-05-29,LABORAL,05:30,120.0,82.48558182874044,129.20833333333334
1,2026-05-29,LABORAL,06:00,134.0,103.39790252997354,124.99166666666666
1,2026-05-29,LABORAL,06:30,109.0,94.08043714167552,132.30833333333334
1,2026-05-29,LABORAL,07:00,155.0,94.18673689928961,125.56302521008404
1,2026-05-29,LABORAL,07:30,107.0,89.99003279275152,132.7
1,2026-05-29,LABORAL,08:00,122.0,91.48325201542174,126.10924369747899
1,2026-05-29,LABORAL,08:30,142.0,86.31640935639643,131.95
1,2026-05-29,LABORAL,09:00,81.0,91.32399136792306,129.6386554621849
1,2026-05-29,LABORAL,09:30,153.0,83.52963501302088,117.34166666666667
1,2026-05-29,LABORAL,10:00,90.0,86.65334709068557,94.09166666666667
1,2026-05-29,LABORAL,10:30,65.0,74.97323826509312,93.76470588235294
1,2026-05-29,LABORAL,11:00,95.0,87.10223285191465,92.04166666666667
1,2026-05-29,LABORAL,11:30,99.0,82.3488048373661,98.63333333333334
1,2026-05-29,LABORAL,12:00,59.0,77.8955039507038,107.21008403361344
1,2026-05-29,LABORAL,12:30,136.0,87.60950029914466,127.725
1,2026-05-29,LABORAL,13:00,184.0,88.11074003174112,126.36666666666666
1,2026-05-29,LABORAL,13:30,76.0,78.09054118090326,133.08403361344537
1,2026-05-29,LABORAL,14:00,109.0,97.410896208423,146.95726495726495
1,2026-05-29,LABORAL,14:30,175.0,80.82585489017609,143.27731092436974
1,2026-05-29,LABORAL,15:00,141.0,81.74479058591669,163.93333333333334
1,2026-05-29,LABORAL,15:30,164.0,93.56805545662503,164.27350427350427
1,2026-05-29,LABORAL,16:00,131.0,81.1219886502312,136.3050847457627
1,2026-05-29,LABORAL,16:30,74.0,88.1326074493503,104.33333333333333
1,2026-05-29,LABORAL,17:00,58.0,70.61779343479877,69.21818181818182
1,2026-05-30,SABADO,04:30,46.0,91.67626900871151,65.4
1,2026-05-30,SABADO,05:00,45.0,104.70839575439057,61.64
1,2026-05-30,SABADO,05:30,107.0,96.3121082747229,90.03846153846153
1,2026-05-30,SABADO,06:00,105.0,101.39784080633356,85.34615384615384
1,2026-05-30,SABADO,06:30,93.0,107.13900687299775,108.57692307692308
1,2026-05-30,SABADO,07:00,82.0,101.00539584537329,98.46153846153847
1,2026-05-30,SABADO,07:30,87.0,107.9354400770696,101.38461538461539
1,2026-05-30,SABADO,08:00,80.0,99.15735552133822,95.92307692307692
1,2026-05-30,SABADO,08:30,120.0,101.20541703109765,92.96153846153847
1,2026-05-30,SABADO,09:00,84.0,103.02710148869903,96.88461538461539
1,2026-05-30,SABADO,09:30,75.0,93.97493083770021,82.15384615384616
1,2026-05-30,SABADO,10:00,43.0,103.58216593307311,76.42307692307692
1,2026-05-30,SABADO,10:30,55.0,93.44334455466547,85.4
1,2026-05-30,SABADO,11:00,58.0,86.95691017380412,85.61538461538461
1,2026-05-30,SABADO,11:30,54.0,93.61029098063639,78.08
1,2026-05-30,SABADO,12:00,105.0,92.7383710562927,88.42307692307692
1,2026-05-30,SABADO,12:30,57.0,85.10410336817937,88.47826086956522
1,2026-05-30,SABADO,13:00,84.0,99.07290512230006,63.21739130434783
1,2026-05-30,SABADO,13:30,42.0,106.45290866524665,70.5
1,2026-05-30,SABADO,14:00,38.0,86.8795988517754,71.45833333333333
1,2026-05-30,SABADO,14:30,153.0,95.36528721044242,78.70833333333333
1,2026-05-30,SABADO,15:00,41.0,102.54458010278717,63.875
1,2026-05-30,SABADO,15:30,33.0,97.10523212093987,53.25
1,2026-05-31,DOMINGO,07:00,21.0,70.27181511584617,34.77777777777778
1,2026-05-31,DOMINGO,07:30,37.0,61.764692996859296,30.095238095238095
1,2026-05-31,DOMINGO,08:30,44.0,53.64035108768299,42.63636363636363
1,2026-05-31,DOMINGO,09:30,48.0,47.84456006317472,39.5
1,2026-05-31,DOMINGO,11:00,54.0,45.20983765688573,31.4375
1,2026-05-31,DOMINGO,12:00,78.0,47.331237695877626,32.05882352941177
1,2026-05-31,DOMINGO,12:30,65.0,55.73857671791743,37.526315789473685
1,2026-05-31,DOMINGO,14:30,25.0,56.161079430499186,42.0
1,2026-05-31,DOMINGO,15:30,16.0,55.00680036954002,46.125
1,2026-06-01,LABORAL,04:30,87.0,40.98437505288602,105.375
1,2026-06-01,LABORAL,05:00,150.0,41.96268225724497,114.3529411764706
1,2026-06-01,LABORAL,05:30,155.0,39.36734449593857,129.0
1,2026-06-01,LABORAL,06:00,72.0,46.05726401907225,125.075
1,2026-06-01,LABORAL,06:30,104.0,40.52961074265301,131.7
1,2026-06-01,LABORAL,07:00,163.0,37.49679593142493,125.70588235294117
1,2026-06-01,LABORAL,07:30,151.0,33.90241652529751,132.81666666666666
1,2026-06-01,LABORAL,08:00,68.0,34.10128735326994,125.95798319327731
1,2026-06-01,LABORAL,08:30,117.0,33.49231835941724,131.71666666666667
1,2026-06-01,LABORAL,09:00,178.0,33.82025571720873,128.8403361344538
1,2026-06-01,LABORAL,09:30,117.0,41.8285624947403,118.05833333333334
1,2026-06-01,LABORAL,10:00,43.0,32.828135565801105,93.475
1,2026-06-01,LABORAL,10:30,91.0,39.321482961917944,93.28571428571429
1,2026-06-01,LABORAL,11:00,36.0,33.72234241513023,92.0
1,2026-06-01,LABORAL,11:30,148.0,29.852913784501855,98.65833333333333
1,2026-06-01,LABORAL,12:00,123.0,49.54564661153174,106.6890756302521
1,2026-06-01,LABORAL,12:30,86.0,32.7492076703723,127.875
1,2026-06-01,LABORAL,13:00,103.0,30.489267246544266,126.43333333333334
1,2026-06-01,LABORAL,13:30,137.0,29.342068644302937,132.3613445378151
1,2026-06-01,LABORAL,14:00,111.0,30.580462804728466,146.03418803418805
1,2026-06-01,LABORAL,14:30,179.0,30.263805570010142,142.9075630252101
1,2026-06-01,LABORAL,15:00,132.0,29.887316049765325,164.625
1,2026-06-01,LABORAL,15:30,133.0,30.330893478504315,164.15384615384616
1,2026-06-01,LABORAL,16:00,131.0,34.41140066203434,135.95762711864407
1,2026-06-01,LABORAL,16:30,45.0,33.61620594475121,103.69166666666666
1,2026-06-02,LABORAL,04:30,77.0,104.65075678181347,104.925
1,2026-06-02,LABORAL,05:00,100.0,100.41283050837242,114.0672268907563
1,2026-06-02,LABORAL,05:30,147.0,110.39204677795401,129.89166666666668
1,2026-06-02,LABORAL,06:00,150.0,120.08448357206446,124.16666666666667
1,2026-06-02,LABORAL,06:30,195.0,119.70346425351896,131.65
1,2026-06-02,LABORAL,07:00,92.0,107.47405745081203,125.76470588235294
1,2026-06-02,LABORAL,07:30,155.0,110.82437014265341,132.675
1,2026-06-02,LABORAL,08:00,49.0,118.83634150436237,125.46218487394958
1,2026-06-02,LABORAL,08:30,158.0,115.74201967969451,131.0
1,2026-06-02,LABORAL,09:00,152.0,102.15824481787477,129.0924369747899
1,2026-06-02,LABORAL,09:30,85.0,109.09003253835009,117.63333333333334
1,2026-06-02,LABORAL,10:00,113.0,118.21207857760575,92.95833333333333
1,2026-06-02,LABORAL,10:30,157.0,109.68225719669537,93.57142857142857
1,2026-06-02,LABORAL,11:00,38.0,95.71666737621011,91.05
1,2026-06-02,LABORAL,11:30,71.0,104.08956897393955,98.875
1,2026-06-02,LABORAL,12:00,128.0,93.89175515378528,107.32773109243698
1,2026-06-02,LABORAL,12:30,108.0,109.96389430712296,126.91666666666667
1,2026-06-02,LABORAL,13:00,173.0,109.50039161714646,125.6
1,2026-06-02,LABORAL,13:30,120.0,99.89478174502212,133.05042016806723
1,2026-06-02,LABORAL,14:00,120.0,101.5518628499541,145.66666666666666
1,2026-06-02,LABORAL,14:30,137.0,106.177542833424,143.27731092436974
1,2026-06-02,LABORAL,15:00,184.0,101.75896603563123,164.29166666666666
1,2026-06-02,LABORAL,15:30,146.0,111.77306805171946,163.47863247863248
1,2026-06-02,LABORAL,16:00,143.0,103.76094935670008,135.10169491525423
1,2026-06-02,LABORAL,16:30,33.0,103.4682646173435,103.06666666666666
1,2026-06-02,LABORAL,17:00,44.0,103.49586774593946,69.1743119266055
1,2026-06-03,LABORAL,04:30,105.0,84.75498017564358,104.53333333333333
1,2026-06-03,LABORAL,05:00,98.0,87.8065965992692,114.14285714285714
1,2026-06-03,LABORAL,05:30,126.0,90.88301341875761,129.45833333333334
1,2026-06-03,LABORAL,06:00,111.0,98.74864691563518,124.21666666666667
1,2026-06-03,LABORAL,06:30,123.0,99.57193405458906,131.91666666666666
1,2026-06-03,LABORAL,07:00,111.0,106.29601734131123,125.05042016806723
1,2026-06-03,LABORAL,07:30,98.0,88.53094447687413,132.95833333333334
1,2026-06-03,LABORAL,08:00,110.0,98.42772897257869,124.98319327731092
1,2026-06-03,LABORAL,08:30,137.0,81.93053320730954,131.1
1,2026-06-03,LABORAL,09:00,92.0,98.56882720227712,129.18487394957984
1,2026-06-03,LABORAL,09:30,103.0,96.13881561098958,116.69166666666666
1,2026-06-03,LABORAL,10:00,137.0,85.71290940378026,93.175
1,2026-06-03,LABORAL,10:30,80.0,90.48134518411227,93.91596638655462
1,2026-06-03,LABORAL,11:00,114.0,96.2982089851944,90.68333333333334
1,2026-06-03,LABORAL,11:30,69.0,76.04176671957303,98.83333333333333
1,2026-06-03,LABORAL,12:00,82.0,81.48055990956423,107.72268907563026
1,2026-06-03,LABORAL,12:30,125.0,89.34952870382673,126.14166666666667
1,2026-06-03,LABORAL,13:00,117.0,87.16291863994577,125.7
1,2026-06-03,LABORAL,13:30,87.0,96.8400690305486,132.67226890756302
1,2026-06-03,LABORAL,14:00,197.0,87.45746816843834,145.65811965811966
1,2026-06-03,LABORAL,14:30,52.0,87.24823661069297,143.21008403361344
1,2026-06-03,LABORAL,15:00,136.0,89.94888442970988,163.61666666666667
1,2026-06-03,LABORAL,15:30,202.0,96.66733786312894,162.8803418803419
1,2026-06-03,LABORAL,16:00,156.0,91.10631687340266,134.98305084745763
1,2026-06-03,LABORAL,16:30,78.0,89.63698113876734,102.1
1,2026-06-04,LABORAL,04:30,121.0,107.08428128620906,104.30833333333334
1,2026-06-04,LABORAL,05:00,61.0,107.48446997434075,113.58823529411765
1,2026-06-04,LABORAL,05:30,137.0,113.11102232584524,129.8
1,2026-06-04,LABORAL,06:00,144.0,112.25005329568648,123.975
1,2026-06-04,LABORAL,06:30,121.0,116.64890190131543,131.725
1,2026-06-04,LABORAL,07:00,134.0,115.98234078190819,125.4873949579832
1,2026-06-04,LABORAL,07:30,131.0,117.87086504700672,131.58333333333334
1,2026-06-04,LABORAL,08:00,111.0,117.05173290703213,125.43697478991596
1,2026-06-04,LABORAL,08:30,88.0,110.21269507769101,130.58333333333334
1,2026-06-04,LABORAL,09:00,156.0,113.8947863596121,129.05882352941177
1,2026-06-04,LABORAL,09:30,84.0,114.10565150661347,116.44166666666666
1,2026-06-04,LABORAL,10:00,52.0,110.40925446523956,93.76666666666667
1,2026-06-04,LABORAL,10:30,130.0,110.60328661442809,93.3781512605042
1,2026-06-04,LABORAL,11:00,59.0,113.22366321292024,90.825
1,2026-06-04,LABORAL,11:30,69.0,105.48430111638245,98.76666666666667
1,2026-06-04,LABORAL,12:00,92.0,111.25416472527326,107.74789915966386
1,2026-06-04,LABORAL,12:30,126.0,98.87771237823051,125.81666666666666
1,2026-06-04,LABORAL,13:00,77.0,101.96571716068037,125.65833333333333
1,2026-06-04,LABORAL,13:30,120.0,109.47379520054686,131.9579831932773
1,2026-06-04,LABORAL,14:00,116.0,107.86017541805809,145.5897435897436
1,2026-06-04,LABORAL,14:30,84.0,105.09475231822435,142.58823529411765
1,2026-06-04,LABORAL,15:00,124.0,118.92295265931129,162.99166666666667
1,2026-06-04,LABORAL,15:30,179.0,96.40124999728246,161.85470085470087
1,2026-06-04,LABORAL,16:00,68.0,109.54409143022373,135.52542372881356
1,2026-06-04,LABORAL,16:30,72.0,120.53053204637429,101.625
1,2026-06-04,LABORAL,17:00,37.0,112.19739228037552,68.92592592592592
1,2026-06-05,LABORAL,04:30,107.0,75.74677990826702,104.28333333333333
1,2026-06-05,LABORAL,05:00,80.0,79.1791717991133,113.02521008403362
1,2026-06-05,LABORAL,05:30,137.0,69.77822232630892,130.31666666666666
1,2026-06-05,LABORAL,06:00,104.0,82.1497140395869,123.575
1,2026-06-05,LABORAL,06:30,103.0,82.80700226878477,131.85
1,2026-06-05,LABORAL,07:00,147.0,79.50717659588936,125.30252100840336
1,2026-06-05,LABORAL,07:30,134.0,81.01076521673636,131.375
1,2026-06-05,LABORAL,08:00,70.0,80.46400941188111,125.60504201680672
1,2026-06-05,LABORAL,08:30,168.0,76.90546676160737,130.01666666666668
1,2026-06-05,LABORAL,09:00,164.0,72.46795219579126,128.7731092436975
1,2026-06-05,LABORAL,09:30,78.0,83.03774540546227,115.78333333333333
1,2026-06-05,LABORAL,10:00,87.0,71.8563422946694,93.95833333333333
1,2026-06-05,LABORAL,10:30,88.0,65.95646203679883,93.42857142857143
1,2026-06-05,LABORAL,11:00,85.0,77.84929909190362,90.56666666666666
1,2026-06-05,LABORAL,11:30,40.0,67.06184349626005,98.51666666666667
1,2026-06-05,LABORAL,12:00,120.0,67.24253119235918,107.04201680672269
1,2026-06-05,LABORAL,12:30,90.0,71.2302670441092,125.49166666666666
1,2026-06-05,LABORAL,13:00,100.0,74.94517761894562,124.38333333333334
1,2026-06-05,LABORAL,13:30,272.0,67.40399251463498,132.23529411764707
1,2026-06-05,LABORAL,14:00,119.0,74.69652982330201,144.4102564102564
1,2026-06-05,LABORAL,14:30,150.0,73.58415074438673,142.34453781512605
1,2026-06-05,LABORAL,15:00,149.0,67.8888928496592,162.18333333333334
1,2026-06-05,LABORAL,15:30,132.0,75.77038851289542,161.6153846153846
1,2026-06-05,LABORAL,16:00,138.0,81.10142745695826,134.95762711864407
1,2026-06-05,LABORAL,16:30,94.0,65.34368101895372,100.61666666666666
1,2026-06-05,LABORAL,17:00,23.0,67.06049570787307,68.81481481481481
1,2026-06-06,SABADO,04:30,77.0,92.53066320845345,64.12
1,2026-06-06,SABADO,05:00,60.0,101.7712550745151,60.44
1,2026-06-06,SABADO,05:30,86.0,97.36537712748705,89.38461538461539
1,2026-06-06,SABADO,06:00,58.0,105.35595571619896,85.96153846153847
1,2026-06-06,SABADO,06:30,74.0,100.28598098723009,108.76923076923077
1,2026-06-06,SABADO,07:00,153.0,99.71208140836158,97.6923076923077
1,2026-06-06,SABADO,07:30,65.0,105.94274893087312,98.8076923076923
1,2026-06-06,SABADO,08:00,103.0,103.54738545965739,94.46153846153847
1,2026-06-06,SABADO,08:30,84.0,93.13022731896488,93.96153846153847
1,2026-06-06,SABADO,09:00,169.0,107.76825247466677,95.76923076923077
1,2026-06-06,SABADO,09:30,50.0,106.53721180572374,80.15384615384616
1,2026-06-06,SABADO,10:00,64.0,93.18402205354484,76.15384615384616
1,2026-06-06,SABADO,10:30,149.0,93.66229408042527,83.52
1,2026-06-06,SABADO,11:30,84.0,93.1490429014074,77.28
1,2026-06-06,SABADO,12:00,61.0,92.76595381546588,88.1923076923077
1,2026-06-06,SABADO,13:00,58.0,84.86994443089696,64.08333333333333
1,2026-06-06,SABADO,13:30,68.0,96.91566690124475,68.66666666666667
1,2026-06-06,SABADO,14:00,113.0,91.98440175540112,70.12
1,2026-06-06,SABADO,14:30,52.0,93.31977043799453,81.79166666666667
1,2026-06-06,SABADO,15:00,71.0,119.29440449939685,60.916666666666664
1,2026-06-06,SABADO,16:00,82.0,95.39414899258108,47.291666666666664
1,2026-06-07,DOMINGO,06:30,16.0,80.3429368434324,24.5
1,2026-06-07,DOMINGO,07:00,25.0,79.11560372921281,34.44444444444444
1,2026-06-07,DOMINGO,07:30,32.0,77.43108741745239,30.666666666666668
1,2026-06-07,DOMINGO,08:00,19.0,78.79771502339689,34.86363636363637
1,2026-06-07,DOMINGO,08:30,67.0,69.60269095532007,42.69565217391305
1,2026-06-07,DOMINGO,09:30,53.0,58.79228964704415,38.75
1,2026-06-07,DOMINGO,10:00,23.0,65.79679419756899,36.05
1,2026-06-07,DOMINGO,10:30,15.0,64.20378960905654,33.666666666666664
1,2026-06-07,DOMINGO,11:00,37.0,67.3654044953154,32.5625
1,2026-06-07,DOMINGO,11:30,19.0,63.87689482859675,35.625
1,2026-06-07,DOMINGO,12:00,22.0,65.56340554496299,34.35294117647059
1,2026-06-07,DOMINGO,12:30,40.0,77.32734019270195,37.94736842105263
1,2026-06-07,DOMINGO,13:00,28.0,64.52905863069938,32.857142857142854
1,2026-06-07,DOMINGO,13:30,21.0,69.79189724748683,28.571428571428573
1,2026-06-07,DOMINGO,14:30,30.0,65.18607029779842,40.0
1,2026-06-07,DOMINGO,15:00,25.0,79.97954344094248,34.86666666666667
1,2026-06-07,DOMINGO,16:00,32.0,61.36457599698625,34.875
1,2026-06-08,FESTIVO_PUENTE,07:30,23.0,23.29282499731047,47.666666666666664
1,2026-06-08,FESTIVO_PUENTE,08:30,55.0,36.4564139523886,21.5
1,2026-06-08,FESTIVO_PUENTE,09:30,18.0,26.298521309824103,35.666666666666664
1,2026-06-08,FESTIVO_PUENTE,11:00,18.0,22.747958542518198,19.25
1,2026-06-08,FESTIVO_PUENTE,11:30,21.0,21.41477294204169,28.333333333333332
1,2026-06-08,FESTIVO_PUENTE,13:30,17.0,24.131951566101375,28.333333333333332
1,2026-06-08,FESTIVO_PUENTE,14:30,24.0,30.596763578977587,51.0
1,2026-06-08,FESTIVO_PUENTE,15:30,21.0,21.29656052949898,23.0
1,2026-06-09,LABORAL,04:30,88.0,26.62400639063216,103.98333333333333
1,2026-06-09,LABORAL,05:00,129.0,24.345713268399734,113.01680672268908
1,2026-06-09,LABORAL,05:30,140.0,15.090777091679026,129.85
1,2026-06-09,LABORAL,06:00,110.0,16.21137230424487,123.55833333333334
1,2026-06-09,LABORAL,06:30,141.0,17.047297275190463,131.45833333333334
1,2026-06-09,LABORAL,07:00,54.0,15.332079959922552,125.28571428571429
1,2026-06-09,LABORAL,07:30,168.0,20.912918402222246,130.79166666666666
1,2026-06-09,LABORAL,08:00,102.0,16.889203438226616,125.24369747899159
1,2026-06-09,LABORAL,08:30,66.0,13.542958224434317,129.91666666666666
1,2026-06-09,LABORAL,09:00,147.0,12.09135168410868,128.91596638655463
1,2026-06-09,LABORAL,09:30,129.0,15.985896573002176,115.5
1,2026-06-09,LABORAL,10:00,89.0,12.671629793789577,94.21666666666667
1,2026-06-09,LABORAL,10:30,81.0,13.43178555112114,93.67226890756302
1,2026-06-09,LABORAL,11:00,83.0,18.27682756670559,90.69166666666666
1,2026-06-09,LABORAL,11:30,92.0,14.211199480541413,97.54166666666667
1,2026-06-09,LABORAL,12:00,147.0,14.08744162504929,107.50420168067227
1,2026-06-09,LABORAL,12:30,106.0,14.58007766991008,125.35833333333333
1,2026-06-09,LABORAL,13:00,147.0,16.556125932849866,123.5
1,2026-06-09,LABORAL,13:30,152.0,14.287584491036096,133.46218487394958
1,2026-06-09,LABORAL,14:00,186.0,12.902375069368901,144.05982905982907
1,2026-06-09,LABORAL,14:30,49.0,20.021074109296244,142.16806722689077
1,2026-06-09,LABORAL,15:00,135.0,12.559029646854407,161.58333333333334
1,2026-06-09,LABORAL,15:30,116.0,11.945285740334466,161.74358974358975
1,2026-06-09,LABORAL,16:00,133.0,11.999039886656464,134.97457627118644
1,2026-06-09,LABORAL,16:30,76.0,12.015116213937686,100.09166666666667
1,2026-06-10,LABORAL,04:30,121.0,111.36570733406437,103.60833333333333
1,2026-06-10,LABORAL,05:00,67.0,108.0651285048448,113.34453781512605
1,2026-06-10,LABORAL,05:30,145.0,119.1579841954127,129.65833333333333
1,2026-06-10,LABORAL,06:00,93.0,123.966518626453,122.93333333333334
1,2026-06-10,LABORAL,06:30,136.0,123.05283520790233,131.9
1,2026-06-10,LABORAL,07:00,54.0,118.23955855620527,124.39495798319328
1,2026-06-10,LABORAL,07:30,154.0,122.4332343177135,130.41666666666666
1,2026-06-10,LABORAL,08:00,72.0,108.61425772317412,124.4873949579832
1,2026-06-10,LABORAL,08:30,112.0,126.00512481873493,129.05
1,2026-06-10,LABORAL,09:00,142.0,114.71351753931602,129.41176470588235
1,2026-06-10,LABORAL,09:30,100.0,108.13642279775095,114.88333333333334
1,2026-06-10,LABORAL,10:00,72.0,119.24777209704634,93.88333333333334
1,2026-06-10,LABORAL,10:30,76.0,116.87276591254972,93.17647058823529
1,2026-06-10,LABORAL,11:00,104.0,109.65996413581144,90.73333333333333
1,2026-06-10,LABORAL,11:30,65.0,108.09528536597644,97.39166666666667
1,2026-06-10,LABORAL,12:00,79.0,108.97796172236713,107.96638655462185
1,2026-06-10,LABORAL,12:30,87.0,108.78918251885088,124.75833333333334
1,2026-06-10,LABORAL,13:00,167.0,116.40018899524364,123.5
1,2026-06-10,LABORAL,13:30,101.0,109.8296361547706,133.94957983193277
1,2026-06-10,LABORAL,14:00,50.0,115.94025724919999,143.72649572649573
1,2026-06-10,LABORAL,14:30,57.0,115.48820578823417,140.80672268907563
1,2026-06-10,LABORAL,15:00,66.0,119.6723717786164,160.89166666666668
1,2026-06-10,LABORAL,15:30,47.0,100.48738415312157,161.0854700854701
1,2026-06-10,LABORAL,16:00,37.0,110.99706637135816,134.635593220339
3,2026-04-02,FESTIVO,07:00,26.0,63.34952502108095,11.0
3,2026-04-02,FESTIVO,07:30,42.0,73.00387105585612,126.4241668555883
3,2026-04-02,FESTIVO,08:00,11.0,67.50934993067428,14.0
3,2026-04-02,FESTIVO,08:30,62.0,74.71236522028948,17.5
3,2026-04-02,FESTIVO,09:00,50.0,122.42946277185258,16.0
3,2026-04-02,FESTIVO,09:30,17.0,121.72711434600174,126.4241668555883
3,2026-04-02,FESTIVO,10:00,24.0,129.11066278675727,126.4241668555883
3,2026-04-02,FESTIVO,10:30,46.0,108.80031246665854,22.5
3,2026-04-02,FESTIVO,11:00,22.0,117.29129163803388,126.4241668555883
3,2026-04-02,FESTIVO,11:30,55.0,102.54632231862013,48.5
3,2026-04-02,FESTIVO,12:00,14.0,93.95366968182671,126.4241668555883
3,2026-04-02,FESTIVO,12:30,46.0,114.20917686362532,35.0
3,2026-04-02,FESTIVO,13:00,29.0,62.9467688768572,25.0
3,2026-04-02,FESTIVO,13:30,13.0,65.74251587635445,126.4241668555883
3,2026-04-02,FESTIVO,14:00,23.0,89.68042809006432,126.4241668555883
3,2026-04-02,FESTIVO,14:30,26.0,83.66348134527297,35.0
3,2026-04-02,FESTIVO,15:00,21.0,75.43630170629942,126.4241668555883
3,2026-04-02,FESTIVO,15:30,20.0,90.67401744643699,126.4241668555883
3,2026-04-02,FESTIVO,16:00,42.0,75.6992887061542,126.4241668555883
3,2026-04-03,FESTIVO,07:00,1.0,39.26288180244328,18.5
3,2026-04-03,FESTIVO,07:30,28.0,17.001187148505046,42.0
3,2026-04-03,FESTIVO,08:30,25.0,40.48128652933994,32.333333333333336
3,2026-04-03,FESTIVO,09:00,17.0,37.604827122733894,33.0
3,2026-04-03,FESTIVO,09:30,17.0,33.04834298648039,17.0
3,2026-04-03,FESTIVO,10:30,35.0,16.407444510553663,30.333333333333332
3,2026-04-03,FESTIVO,11:00,14.0,29.688254181837316,22.0
3,2026-04-03,FESTIVO,11:30,24.0,11.072027672317628,50.666666666666664
3,2026-04-03,FESTIVO,12:30,27.0,5.5664548285664175,40.5
3,2026-04-03,FESTIVO,14:00,24.0,9.944060631565137,23.0
3,2026-04-03,FESTIVO,15:00,28.0,-0.3744639682048205,21.0
3,2026-04-04,SABADO,04:00,25.0,27.71467609269752,40.24
3,2026-04-04,SABADO,04:30,86.0,38.050276356125096,96.6923076923077
3,2026-04-04,SABADO,05:00,64.0,28.97104857008086,163.92307692307693
3,2026-04-04,SABADO,05:30,98.0,33.392524252473535,148.3846153846154
3,2026-04-04,SABADO,06:00,100.0,31.81769448333826,207.57692307692307
3,2026-04-04,SABADO,06:30,67.0,28.863559681677454,192.34615384615384
3,2026-04-04,SABADO,07:00,73.0,31.689695848972416,135.19230769230768
3,2026-04-04,SABADO,07:30,42.0,18.71517164323959,108.11538461538461
3,2026-04-04,SABADO,08:00,107.0,33.957073589331095,118.26923076923077
3,2026-04-04,SABADO,08:30,32.0,11.48453314628962,108.84615384615384
3,2026-04-04,SABADO,09:00,85.0,8.51913905335818,94.11538461538461
3,2026-04-04,SABADO,09:30,97.0,19.922440588200505,87.61538461538461
3,2026-04-04,SABADO,10:00,31.0,18.835675307170927,90.76923076923077
3,2026-04-04,SABADO,10:30,36.0,14.501942901459707,77.76923076923077
3,2026-04-04,SABADO,11:00,44.0,19.93464774558587,94.65384615384616
3,2026-04-04,SABADO,11:30,70.0,20.23428631994498,87.08
3,2026-04-04,SABADO,12:00,31.0,13.488284654974406,85.07692307692308
3,2026-04-04,SABADO,12:30,62.0,13.358638747566365,78.91304347826087
3,2026-04-04,SABADO,13:30,41.0,21.484190046258924,66.92
3,2026-04-04,SABADO,14:00,27.0,18.68197834180371,69.25
3,2026-04-04,SABADO,14:30,64.0,17.073175057031236,65.64
3,2026-04-04,SABADO,15:00,30.0,15.33740507250394,67.9090909090909
3,2026-04-04,SABADO,15:30,72.0,15.50107651702302,57.78260869565217
3,2026-04-05,DOMINGO,07:00,15.0,49.957147832432,30.95
3,2026-04-05,DOMINGO,07:30,32.0,43.543704999067835,33.833333333333336
3,2026-04-05,DOMINGO,08:00,33.0,42.84692624335959,40.583333333333336
3,2026-04-05,DOMINGO,08:30,22.0,39.32449277221556,37.05263157894737
3,2026-04-05,DOMINGO,09:30,30.0,43.797097038760846,33.15
3,2026-04-05,DOMINGO,10:30,34.0,64.210014194035,37.3
3,2026-04-05,DOMINGO,11:30,36.0,55.623980588035955,30.375
3,2026-04-05,DOMINGO,12:00,21.0,65.53565941041734,35.22727272727273
3,2026-04-05,DOMINGO,14:00,31.0,65.1246162642668,33.0
3,2026-04-05,DOMINGO,14:30,28.0,55.60260439492021,35.529411764705884
3,2026-04-05,DOMINGO,15:00,17.0,57.7158585376228,36.07692307692308
3,2026-04-06,LABORAL,04:00,35.0,16.768661179752193,56.663716814159294
3,2026-04-06,LABORAL,04:30,118.0,41.65079037650821,143.19327731092437
3,2026-04-06,LABORAL,05:00,262.0,15.695397539183853,265.64166666666665
3,2026-04-06,LABORAL,05:30,251.0,27.854306815405103,242.65
3,2026-04-06,LABORAL,06:00,180.0,35.07606462727373,299.625
3,2026-04-06,LABORAL,06:30,304.0,18.401871404458678,213.91666666666666
3,2026-04-06,LABORAL,07:00,186.0,17.96488942014474,172.9
3,2026-04-06,LABORAL,07:30,141.0,21.922307893632556,151.73949579831933
3,2026-04-06,LABORAL,08:00,172.0,28.376470901280342,138.75862068965517
3,2026-04-06,LABORAL,08:30,117.0,16.277108900381837,140.30252100840337
3,2026-04-06,LABORAL,09:00,134.0,23.78639197626646,137.49579831932772
3,2026-04-06,LABORAL,09:30,137.0,21.612398398029345,119.21186440677967
3,2026-04-06,LABORAL,10:00,145.0,17.104216792221976,128.55084745762713
3,2026-04-06,LABORAL,10:30,70.0,25.584917496743543,116.46666666666667
3,2026-04-06,LABORAL,11:00,185.0,16.486196611429328,108.89075630252101
3,2026-04-06,LABORAL,11:30,101.0,26.926168177098234,130.76470588235293
3,2026-04-06,LABORAL,12:00,198.0,11.079404281189621,170.66666666666666
3,2026-04-06,LABORAL,12:30,179.0,14.688264112360581,138.40677966101694
3,2026-04-06,LABORAL,13:00,124.0,15.20699282674163,138.49166666666667
3,2026-04-06,LABORAL,13:30,175.0,11.438223175559395,134.10084033613447
3,2026-04-06,LABORAL,14:00,113.0,15.143785894170874,127.78151260504201
3,2026-04-06,LABORAL,14:30,150.0,23.66971162085627,143.84745762711864
3,2026-04-06,LABORAL,15:00,117.0,21.07911894387397,143.2268907563025
3,2026-04-06,LABORAL,15:30,110.0,21.10581988267267,136.04237288135593
3,2026-04-06,LABORAL,16:00,125.0,23.517713119285734,107.04310344827586
3,2026-04-06,LABORAL,16:30,119.0,19.353468532937796,83.77391304347826
3,2026-04-06,LABORAL,17:30,17.0,17.529248852775584,34.61764705882353
3,2026-04-07,LABORAL,04:00,45.0,77.97619229096439,56.08849557522124
3,2026-04-07,LABORAL,04:30,72.0,121.78887816408644,143.16806722689077
3,2026-04-07,LABORAL,05:00,361.0,152.27155079672002,265.4916666666667
3,2026-04-07,LABORAL,05:30,270.0,154.09849818691183,241.96666666666667
3,2026-04-07,LABORAL,06:00,358.0,138.22847222431412,297.8666666666667
3,2026-04-07,LABORAL,06:30,182.0,162.53727255461084,214.40833333333333
3,2026-04-07,LABORAL,07:00,214.0,132.32392968408308,173.18333333333334
3,2026-04-07,LABORAL,07:30,200.0,121.60102924070598,151.01680672268907
3,2026-04-07,LABORAL,08:00,177.0,130.7882582765076,139.01724137931035
3,2026-04-07,LABORAL,08:30,130.0,112.12491255061298,139.30252100840337
3,2026-04-07,LABORAL,09:00,91.0,118.24298472340342,137.43697478991598
3,2026-04-07,LABORAL,09:30,144.0,117.2975109891389,119.71186440677967
3,2026-04-07,LABORAL,10:00,185.0,116.96471984178106,128.26271186440678
3,2026-04-07,LABORAL,10:30,96.0,100.51387174040008,115.76666666666667
3,2026-04-07,LABORAL,11:00,107.0,125.29315741964733,109.74789915966386
3,2026-04-07,LABORAL,11:30,183.0,107.1751454053227,130.2941176470588
3,2026-04-07,LABORAL,12:00,133.0,125.19130994415264,170.94166666666666
3,2026-04-07,LABORAL,12:30,194.0,121.03018145018319,138.09322033898306
3,2026-04-07,LABORAL,13:00,98.0,106.7772267506007,138.44166666666666
3,2026-04-07,LABORAL,13:30,150.0,117.49222199750484,134.30252100840337
3,2026-04-07,LABORAL,14:00,189.0,102.55563546305206,127.72268907563026
3,2026-04-07,LABORAL,14:30,168.0,113.74526215453501,143.95762711864407
3,2026-04-07,LABORAL,15:00,111.0,104.0101708871008,142.3361344537815
3,2026-04-07,LABORAL,15:30,174.0,101.46885667074002,136.0593220338983
3,2026-04-07,LABORAL,16:00,111.0,105.37210095683567,106.58620689655173
3,2026-04-07,LABORAL,16:30,108.0,101.84143735108357,83.74782608695652
3,2026-04-08,LABORAL,04:00,88.0,96.75435498339286,55.9646017699115
3,2026-04-08,LABORAL,04:30,146.0,107.62267864858804,142.5546218487395
3,2026-04-08,LABORAL,05:00,229.0,123.58487449635312,266.775
3,2026-04-08,LABORAL,05:30,335.0,205.70087557988614,241.44166666666666
3,2026-04-08,LABORAL,06:00,278.0,182.05711958460518,298.34166666666664
3,2026-04-08,LABORAL,06:30,162.0,198.53260908306606,213.575
3,2026-04-08,LABORAL,07:00,154.0,161.0509018704232,172.89166666666668
3,2026-04-08,LABORAL,07:30,108.0,158.8510068838833,151.4453781512605
3,2026-04-08,LABORAL,08:00,168.0,151.1443776424194,139.56034482758622
3,2026-04-08,LABORAL,08:30,127.0,147.60301865569252,139.58823529411765
3,2026-04-08,LABORAL,09:00,147.0,129.11851316018578,136.61344537815125
3,2026-04-08,LABORAL,09:30,119.0,120.51630891940121,119.38135593220339
3,2026-04-08,LABORAL,10:00,126.0,133.1187250546476,129.27966101694915
3,2026-04-08,LABORAL,10:30,155.0,142.93890891293734,114.95
3,2026-04-08,LABORAL,11:00,98.0,114.28874313402129,110.0
3,2026-04-08,LABORAL,11:30,121.0,124.65342233863738,130.65546218487395
3,2026-04-08,LABORAL,12:00,229.0,137.4882201384381,170.475
3,2026-04-08,LABORAL,12:30,98.0,130.2031289169954,138.47457627118644
3,2026-04-08,LABORAL,13:00,191.0,143.83886393375033,138.03333333333333
3,2026-04-08,LABORAL,13:30,186.0,114.20388333366185,133.91596638655463
3,2026-04-08,LABORAL,14:00,91.0,130.44183890670956,127.63865546218487
3,2026-04-08,LABORAL,14:30,195.0,134.96164116812452,143.97457627118644
3,2026-04-08,LABORAL,15:00,61.0,132.54206365842,141.9747899159664
3,2026-04-08,LABORAL,15:30,106.0,114.39205931819606,136.64406779661016
3,2026-04-08,LABORAL,16:00,140.0,129.08021027134006,106.13793103448276
3,2026-04-08,LABORAL,16:30,55.0,113.75369864799761,83.54782608695652
3,2026-04-08,LABORAL,17:00,40.0,111.40787891226834,53.36666666666667
3,2026-04-09,LABORAL,04:00,77.0,65.81052031578845,56.29203539823009
3,2026-04-09,LABORAL,04:30,66.0,93.26002385812716,142.1596638655462
3,2026-04-09,LABORAL,05:00,348.0,121.62520703513013,267.39166666666665
3,2026-04-09,LABORAL,05:30,236.0,173.85595297243822,241.125
3,2026-04-09,LABORAL,06:00,306.0,151.84916361406164,298.75
3,2026-04-09,LABORAL,06:30,126.0,126.26790448996394,213.13333333333333
3,2026-04-09,LABORAL,07:00,183.0,112.69321257080688,172.05
3,2026-04-09,LABORAL,07:30,230.0,100.01668536837143,150.67226890756302
3,2026-04-09,LABORAL,08:00,90.0,113.2588658240792,139.81034482758622
3,2026-04-09,LABORAL,08:30,120.0,101.14413002810939,139.21848739495798
3,2026-04-09,LABORAL,09:00,139.0,100.85479081374254,137.63025210084032
3,2026-04-09,LABORAL,09:30,145.0,90.6759291102493,119.72033898305085
3,2026-04-09,LABORAL,10:00,170.0,95.9877227294416,129.51694915254237
3,2026-04-09,LABORAL,10:30,38.0,106.24362695678916,115.14166666666667
3,2026-04-09,LABORAL,11:00,172.0,82.7552682228444,109.70588235294117
3,2026-04-09,LABORAL,11:30,78.0,91.40580968641896,130.71428571428572
3,2026-04-09,LABORAL,12:00,159.0,123.33736943677275,170.31666666666666
3,2026-04-09,LABORAL,12:30,43.0,86.57248884354345,138.5084745762712
3,2026-04-09,LABORAL,13:00,169.0,114.72223769517679,138.81666666666666
3,2026-04-09,LABORAL,13:30,141.0,104.55383991153049,134.10084033613447
3,2026-04-09,LABORAL,14:00,81.0,84.19048085166418,127.05042016806723
3,2026-04-09,LABORAL,14:30,162.0,112.61847051421911,144.40677966101694
3,2026-04-09,LABORAL,15:00,126.0,76.50280211472878,141.08403361344537
3,2026-04-09,LABORAL,15:30,144.0,82.78765547914306,136.33898305084745
3,2026-04-09,LABORAL,16:00,93.0,95.81511021577882,106.46551724137932
3,2026-04-09,LABORAL,16:30,78.0,68.80125965492351,83.18260869565218
3,2026-04-09,LABORAL,17:00,41.0,64.01454358322064,53.27777777777778
3,2026-04-10,LABORAL,04:00,93.0,74.14896303488612,56.473684210526315
3,2026-04-10,LABORAL,04:30,50.0,83.2706136959326,140.8655462184874
3,2026-04-10,LABORAL,05:00,298.0,166.90544961156928,268.4166666666667
3,2026-04-10,LABORAL,05:30,229.0,153.0967025900203,240.175
3,2026-04-10,LABORAL,06:00,416.0,164.61582156734883,299.2
3,2026-04-10,LABORAL,06:30,134.0,109.15886909452958,211.98333333333332
3,2026-04-10,LABORAL,07:00,192.0,119.68343379636859,172.25
3,2026-04-10,LABORAL,07:30,153.0,127.89494210804656,150.7563025210084
3,2026-04-10,LABORAL,08:00,186.0,94.52543558510385,139.97413793103448
3,2026-04-10,LABORAL,08:30,170.0,98.45286586236368,138.890756302521
3,2026-04-10,LABORAL,09:00,142.0,102.95325218959017,137.91596638655463
3,2026-04-10,LABORAL,09:30,78.0,101.11965845463439,119.86440677966101
3,2026-04-10,LABORAL,10:00,122.0,108.98160109599654,129.66101694915255
3,2026-04-10,LABORAL,10:30,141.0,76.89975267572207,114.35
3,2026-04-10,LABORAL,11:00,110.0,104.79637734108766,110.10084033613445
3,2026-04-10,LABORAL,11:30,94.0,82.28508664482435,130.5546218487395
3,2026-04-10,LABORAL,12:00,198.0,112.88010581773156,170.425
3,2026-04-10,LABORAL,12:30,109.0,70.94519109479656,137.98305084745763
3,2026-04-10,LABORAL,13:00,135.0,112.29870938157036,138.79166666666666
3,2026-04-10,LABORAL,13:30,178.0,101.45495513322852,133.890756302521
3,2026-04-10,LABORAL,14:00,137.0,79.26430606502167,127.18487394957984
3,2026-04-10,LABORAL,14:30,191.0,108.8080987420048,144.24576271186442
3,2026-04-10,LABORAL,15:00,83.0,88.2012327221142,139.94117647058823
3,2026-04-10,LABORAL,15:30,61.0,94.45573119261253,136.5677966101695
3,2026-04-10,LABORAL,16:00,37.0,84.6195111939736,106.33620689655173
3,2026-04-10,LABORAL,16:30,68.0,72.24101237479536,83.13793103448276
3,2026-04-10,LABORAL,17:00,57.0,60.73271320910556,52.644444444444446
3,2026-04-11,SABADO,04:00,30.0,82.08889886190461,40.04
3,2026-04-11,SABADO,04:30,71.0,73.29916971772839,97.57692307692308
3,2026-04-11,SABADO,05:00,232.0,166.4130811633274,160.76923076923077
3,2026-04-11,SABADO,05:30,148.0,143.4149147408806,146.34615384615384
3,2026-04-11,SABADO,06:00,161.0,197.00339657517807,205.65384615384616
3,2026-04-11,SABADO,06:30,201.0,102.99840127061712,186.8846153846154
3,2026-04-11,SABADO,07:00,141.0,121.51799442427948,129.8846153846154
3,2026-04-11,SABADO,07:30,119.0,113.18517023365457,104.96153846153847
3,2026-04-11,SABADO,08:00,76.0,111.2386847542576,117.5
3,2026-04-11,SABADO,08:30,134.0,107.77853996764738,106.6923076923077
3,2026-04-11,SABADO,09:00,77.0,101.28272151504065,91.84615384615384
3,2026-04-11,SABADO,09:30,89.0,83.06636692077255,89.23076923076923
3,2026-04-11,SABADO,10:00,75.0,97.12732963719033,87.0
3,2026-04-11,SABADO,10:30,121.0,91.84502731890709,76.88461538461539
3,2026-04-11,SABADO,11:00,101.0,91.84270787308894,91.42307692307692
3,2026-04-11,SABADO,11:30,45.0,80.15738765763763,85.68
3,2026-04-11,SABADO,12:00,87.0,117.69777947590141,83.76923076923077
3,2026-04-11,SABADO,12:30,109.0,79.98563598345804,75.73913043478261
3,2026-04-11,SABADO,13:00,25.0,99.88993279502162,73.69565217391305
3,2026-04-11,SABADO,13:30,40.0,107.67056749376304,63.56
3,2026-04-11,SABADO,14:00,82.0,89.24704929314505,67.83333333333333
3,2026-04-11,SABADO,15:00,142.0,112.96489614192146,66.26086956521739
3,2026-04-11,SABADO,16:00,18.0,76.8951065798008,52.89473684210526
3,2026-04-11,SABADO,16:30,29.0,72.64771535181235,50.53846153846154
3,2026-04-12,DOMINGO,08:00,34.0,36.27621917852167,40.875
3,2026-04-12,DOMINGO,08:30,24.0,43.89178583412134,36.3
3,2026-04-12,DOMINGO,09:30,32.0,38.1544156317268,33.0
3,2026-04-12,DOMINGO,10:00,38.0,36.60119898997314,40.09090909090909
3,2026-04-12,DOMINGO,11:00,25.0,43.63576670156131,39.94444444444444
3,2026-04-12,DOMINGO,12:00,28.0,118.02186708995906,35.31818181818182
3,2026-04-12,DOMINGO,13:00,21.0,88.71725137282752,31.72222222222222
3,2026-04-12,DOMINGO,14:00,25.0,110.20462489437361,30.571428571428573
3,2026-04-13,LABORAL,04:00,81.0,40.74358507107688,56.421052631578945
3,2026-04-13,LABORAL,04:30,93.0,40.54970466346692,140.4453781512605
3,2026-04-13,LABORAL,05:00,270.0,34.96572150940854,268.15833333333336
3,2026-04-13,LABORAL,05:30,294.0,23.887396507876385,239.86666666666667
3,2026-04-13,LABORAL,06:00,206.0,38.538695919243274,300.19166666666666
3,2026-04-13,LABORAL,06:30,291.0,21.884048543369715,210.90833333333333
3,2026-04-13,LABORAL,07:00,188.0,19.56283625936666,172.05833333333334
3,2026-04-13,LABORAL,07:30,144.0,20.73381734675614,150.78991596638656
3,2026-04-13,LABORAL,08:00,111.0,31.317897371350725,140.72413793103448
3,2026-04-13,LABORAL,08:30,55.0,26.464219349474877,139.2268907563025
3,2026-04-13,LABORAL,09:00,66.0,8.260800409877971,137.91596638655463
3,2026-04-13,LABORAL,09:30,25.0,31.749725131338078,119.4322033898305
3,2026-04-13,LABORAL,10:00,114.0,25.573757694781406,129.64406779661016
3,2026-04-13,LABORAL,10:30,178.0,10.404796730888664,114.45833333333333
3,2026-04-13,LABORAL,11:00,48.0,17.017116718107562,110.09243697478992
3,2026-04-13,LABORAL,11:30,150.0,22.359371808377656,130.3613445378151
3,2026-04-13,LABORAL,12:00,126.0,46.15797508900716,170.50833333333333
3,2026-04-13,LABORAL,12:30,147.0,2.244044806653062,137.83050847457628
3,2026-04-13,LABORAL,13:00,194.0,4.105658247213594,138.49166666666667
3,2026-04-13,LABORAL,13:30,70.0,2.576860557451271,134.19327731092437
3,2026-04-13,LABORAL,14:00,121.0,1.3877118965303985,127.3109243697479
3,2026-04-13,LABORAL,14:30,121.0,1.5039557684499065,144.45762711864407
3,2026-04-13,LABORAL,15:00,134.0,2.536369378023959,139.63025210084032
3,2026-04-13,LABORAL,15:30,118.0,1.6695380789490162,135.20338983050848
3,2026-04-13,LABORAL,16:00,105.0,26.1529852029579,106.01724137931035
3,2026-04-13,LABORAL,16:30,41.0,14.947968978826859,82.90517241379311
3,2026-04-13,LABORAL,17:00,48.0,22.839971287192103,52.75555555555555
3,2026-04-14,LABORAL,04:00,50.0,93.74222253036494,56.63478260869565
3,2026-04-14,LABORAL,04:30,113.0,103.4886630492949,140.05
3,2026-04-14,LABORAL,05:00,362.0,149.68673054292023,268.1735537190083
3,2026-04-14,LABORAL,05:30,148.0,152.89628445963538,240.31404958677686
3,2026-04-14,LABORAL,06:00,316.0,133.67137543438423,299.41322314049586
3,2026-04-14,LABORAL,06:30,252.0,150.5892413959472,211.5702479338843
3,2026-04-14,LABORAL,07:00,162.0,122.64928446993729,172.1900826446281
3,2026-04-14,LABORAL,07:30,163.0,110.68508059419678,150.73333333333332
3,2026-04-14,LABORAL,08:00,165.0,104.6121749016281,140.47008547008548
3,2026-04-14,LABORAL,08:30,139.0,87.94389206248012,138.525
3,2026-04-14,LABORAL,09:00,105.0,85.211527205573,137.31666666666666
3,2026-04-14,LABORAL,09:30,134.0,80.0360651853315,118.63865546218487
3,2026-04-14,LABORAL,10:00,194.0,101.49362879274899,129.51260504201682
3,2026-04-14,LABORAL,10:30,62.0,112.89135906578159,114.98347107438016
3,2026-04-14,LABORAL,11:00,141.0,80.23395136159573,109.575
3,2026-04-14,LABORAL,11:30,145.0,108.07323706372982,130.525
3,2026-04-14,LABORAL,12:00,188.0,107.60958233921475,170.1404958677686
3,2026-04-14,LABORAL,12:30,141.0,100.52519949912383,137.9075630252101
3,2026-04-14,LABORAL,13:00,89.0,112.77456526772882,138.9504132231405
3,2026-04-14,LABORAL,13:30,188.0,79.53949255898276,133.65833333333333
3,2026-04-14,LABORAL,14:00,39.0,91.98105879756379,127.25833333333334
3,2026-04-14,LABORAL,14:30,142.0,91.57997129748064,144.26050420168067
3,2026-04-14,LABORAL,15:00,105.0,94.69836114728713,139.58333333333334
3,2026-04-14,LABORAL,15:30,163.0,89.6815247955174,135.05882352941177
3,2026-04-14,LABORAL,16:00,87.0,91.53039791290958,106.00854700854701
3,2026-04-14,LABORAL,16:30,83.0,71.50038582988655,82.54700854700855
3,2026-04-14,LABORAL,17:00,36.0,74.64641773988221,52.7032967032967
3,2026-04-14,LABORAL,17:30,10.0,89.04963723895,34.3235294117647
3,2026-04-15,LABORAL,04:00,53.0,76.29518379062455,56.44347826086957
3,2026-04-15,LABORAL,04:30,128.0,168.29194635320985,139.575
3,2026-04-15,LABORAL,05:00,321.0,117.30293953036094,268.8677685950413
3,2026-04-15,LABORAL,05:30,297.0,155.2371321489339,240.89256198347107
3,2026-04-15,LABORAL,06:00,180.0,143.99787427442374,299.2892561983471
3,2026-04-15,LABORAL,06:30,204.0,111.31915206131642,211.88429752066116
3,2026-04-15,LABORAL,07:00,162.0,107.48602861325563,171.44628099173553
3,2026-04-15,LABORAL,07:30,186.0,105.83304857420846,150.875
3,2026-04-15,LABORAL,08:00,171.0,93.34503153134652,140.82051282051282
3,2026-04-15,LABORAL,08:30,175.0,83.06989649035431,138.21666666666667
3,2026-04-15,LABORAL,09:00,140.0,89.13296951362031,136.31666666666666
3,2026-04-15,LABORAL,09:30,146.0,111.03672506880362,118.3109243697479
3,2026-04-15,LABORAL,10:00,87.0,80.39843795814717,129.7310924369748
3,2026-04-15,LABORAL,10:30,62.0,89.91180832647007,114.47107438016529
3,2026-04-15,LABORAL,11:00,67.0,99.7610589281239,109.59166666666667
3,2026-04-15,LABORAL,11:30,124.0,110.93235759043809,130.49166666666667
3,2026-04-15,LABORAL,12:00,158.0,95.4022800459215,169.1487603305785
3,2026-04-15,LABORAL,12:30,119.0,85.76855250616605,138.64705882352942
3,2026-04-15,LABORAL,13:00,90.0,100.0879901362223,138.89256198347107
3,2026-04-15,LABORAL,13:30,148.0,65.46695182172868,133.65833333333333
3,2026-04-15,LABORAL,14:00,131.0,91.59684283866541,127.19166666666666
3,2026-04-15,LABORAL,14:30,146.0,82.85537710794381,143.5546218487395
3,2026-04-15,LABORAL,15:00,103.0,95.92891486858004,139.15
3,2026-04-15,LABORAL,15:30,54.0,77.51456389474941,134.49579831932772
3,2026-04-15,LABORAL,16:00,100.0,69.3728262793453,105.11965811965813
3,2026-04-15,LABORAL,16:30,56.0,58.317703427904625,82.71794871794872
3,2026-04-15,LABORAL,17:00,28.0,52.260408394048206,52.18681318681319
3,2026-04-16,LABORAL,04:00,51.0,70.39952321722556,56.278260869565216
3,2026-04-16,LABORAL,04:30,122.0,122.27664580256383,139.025
3,2026-04-16,LABORAL,05:00,310.0,155.4511707710032,269.72727272727275
3,2026-04-16,LABORAL,05:30,197.0,161.65217557950746,241.0082644628099
3,2026-04-16,LABORAL,06:00,258.0,127.7043788859442,298.10743801652893
3,2026-04-16,LABORAL,06:30,213.0,122.82821016803982,211.40495867768595
3,2026-04-16,LABORAL,07:00,209.0,110.49153097981724,172.0
3,2026-04-16,LABORAL,07:30,136.0,115.78472553494964,150.38333333333333
3,2026-04-16,LABORAL,08:00,78.0,107.53059383214968,140.56410256410257
3,2026-04-16,LABORAL,08:30,115.0,104.87354377375364,138.49166666666667
3,2026-04-16,LABORAL,09:00,138.0,97.58129023597076,136.225
3,2026-04-16,LABORAL,09:30,84.0,106.00178193333655,118.15126050420169
3,2026-04-16,LABORAL,10:00,149.0,80.5111009168682,129.4033613445378
3,2026-04-16,LABORAL,10:30,75.0,76.93757433574567,113.85950413223141
3,2026-04-16,LABORAL,11:00,73.0,81.14670060144185,109.51666666666667
3,2026-04-16,LABORAL,11:30,170.0,99.12548262719389,130.55833333333334
3,2026-04-16,LABORAL,12:00,159.0,102.45798485593743,168.93388429752065
3,2026-04-16,LABORAL,12:30,98.0,89.00456216352795,137.52941176470588
3,2026-04-16,LABORAL,13:00,146.0,85.99977154676039,138.86776859504133
3,2026-04-16,LABORAL,13:30,140.0,89.20823009028935,133.7
3,2026-04-16,LABORAL,14:00,26.0,93.15142366583515,127.34166666666667
3,2026-04-16,LABORAL,14:30,100.0,93.84548560384621,143.63025210084032
3,2026-04-16,LABORAL,15:00,171.0,86.84333787198032,138.85833333333332
3,2026-04-16,LABORAL,15:30,109.0,67.95504091813572,133.50420168067228
3,2026-04-16,LABORAL,16:00,91.0,76.81064168862568,104.58974358974359
3,2026-04-16,LABORAL,16:30,53.0,61.63070268570437,82.52136752136752
3,2026-04-16,LABORAL,17:00,49.0,52.19954686302853,51.65934065934066
3,2026-04-17,LABORAL,04:00,51.0,74.09817016359865,56.19130434782609
3,2026-04-17,LABORAL,04:30,175.0,108.64148309376965,138.71666666666667
3,2026-04-17,LABORAL,05:00,273.0,168.25437671958844,269.9586776859504
3,2026-04-17,LABORAL,05:30,179.0,140.14265244597962,240.0495867768595
3,2026-04-17,LABORAL,06:00,288.0,145.74584068178754,298.1900826446281
3,2026-04-17,LABORAL,06:30,291.0,132.72477600619044,211.50413223140495
3,2026-04-17,LABORAL,07:00,120.0,127.75654409042865,172.3801652892562
3,2026-04-17,LABORAL,07:30,111.0,110.0150133070531,150.44166666666666
3,2026-04-17,LABORAL,08:00,143.0,92.33333598305946,139.71794871794873
3,2026-04-17,LABORAL,08:30,187.0,100.97689051747021,138.14166666666668
3,2026-04-17,LABORAL,09:00,111.0,104.36437275124358,136.425
3,2026-04-17,LABORAL,09:30,136.0,92.17606525245014,118.19327731092437
3,2026-04-17,LABORAL,10:00,139.0,101.5141544127708,129.109243697479
3,2026-04-17,LABORAL,10:30,76.0,80.8612871322972,113.42148760330579
3,2026-04-17,LABORAL,11:00,105.0,81.05625712925463,109.06666666666666
3,2026-04-17,LABORAL,11:30,204.0,111.12407095760688,131.00833333333333
3,2026-04-17,LABORAL,12:00,196.0,109.18472152319855,168.94214876033058
3,2026-04-17,LABORAL,12:30,96.0,89.07590080481306,136.71428571428572
3,2026-04-17,LABORAL,13:00,114.0,100.30319225488532,138.76859504132233
3,2026-04-17,LABORAL,13:30,162.0,99.7289060068596,133.775
3,2026-04-17,LABORAL,14:30,106.0,70.63297387507883,143.08403361344537
3,2026-04-17,LABORAL,15:00,166.0,89.8637984359054,138.91666666666666
3,2026-04-17,LABORAL,15:30,98.0,105.81760469456582,133.2268907563025
3,2026-04-17,LABORAL,16:00,107.0,83.92844864731929,104.41880341880342
3,2026-04-17,LABORAL,16:30,80.0,81.74445216326687,82.12820512820512
3,2026-04-17,LABORAL,17:00,56.0,67.15542879633884,51.9010989010989
3,2026-04-18,SABADO,04:00,36.0,73.67352163099976,39.64
3,2026-04-18,SABADO,04:30,99.0,83.63727736800729,96.1923076923077
3,2026-04-18,SABADO,05:00,163.0,128.25147253652375,165.30769230769232
3,2026-04-18,SABADO,05:30,123.0,173.4412878471281,143.46153846153845
3,2026-04-18,SABADO,06:00,222.0,139.4090292206857,206.03846153846155
3,2026-04-18,SABADO,06:30,96.0,168.71248451966136,186.15384615384616
3,2026-04-18,SABADO,07:00,123.0,164.497118954069,130.30769230769232
3,2026-04-18,SABADO,07:30,117.0,117.71542568303185,104.5
3,2026-04-18,SABADO,08:00,107.0,109.11111337697415,115.6923076923077
3,2026-04-18,SABADO,08:30,118.0,110.95532344961674,104.53846153846153
3,2026-04-18,SABADO,09:00,90.0,124.78420459972543,92.61538461538461
3,2026-04-18,SABADO,09:30,53.0,105.65731264187973,87.88461538461539
3,2026-04-18,SABADO,10:00,50.0,107.92665452656303,84.57692307692308
3,2026-04-18,SABADO,10:30,64.0,110.9536533402688,79.34615384615384
3,2026-04-18,SABADO,11:00,47.0,87.24129598517995,90.88461538461539
3,2026-04-18,SABADO,11:30,125.0,94.59384863022649,78.96
3,2026-04-18,SABADO,12:00,83.0,130.29014684850458,84.92307692307692
3,2026-04-18,SABADO,12:30,46.0,127.13247956783918,76.95652173913044
3,2026-04-18,SABADO,13:00,68.0,93.8226797380481,72.34782608695652
3,2026-04-18,SABADO,13:30,26.0,101.84562399735384,61.36
3,2026-04-18,SABADO,14:00,98.0,113.6951508071158,67.45833333333333
3,2026-04-18,SABADO,14:30,29.0,89.22567102434,66.375
3,2026-04-18,SABADO,15:00,35.0,110.85847273999543,71.04347826086956
3,2026-04-18,SABADO,15:30,42.0,98.06002044702538,58.68181818181818
3,2026-04-18,SABADO,16:00,39.0,92.44942712583733,49.78947368421053
3,2026-04-19,DOMINGO,07:00,26.0,38.12758868068709,28.31578947368421
3,2026-04-19,DOMINGO,07:30,51.0,28.43512869024741,34.47826086956522
3,2026-04-19,DOMINGO,08:00,47.0,22.188408460903958,40.708333333333336
3,2026-04-19,DOMINGO,09:00,45.0,40.28213647421302,36.64705882352941
3,2026-04-19,DOMINGO,09:30,36.0,72.20546523541566,32.95238095238095
3,2026-04-19,DOMINGO,11:30,27.0,77.58838099286163,30.9375
3,2026-04-19,DOMINGO,12:00,23.0,91.71105873627211,35.40909090909091
3,2026-04-19,DOMINGO,13:00,24.0,69.01798656167375,31.61111111111111
3,2026-04-19,DOMINGO,14:00,22.0,74.67142406193516,30.318181818181817
3,2026-04-19,DOMINGO,14:30,25.0,57.060466355599914,36.375
3,2026-04-19,DOMINGO,15:30,22.0,51.556742040243236,31.692307692307693
3,2026-04-20,LABORAL,04:00,57.0,29.397929521122393,56.017391304347825
3,2026-04-20,LABORAL,04:30,82.0,27.95315654056139,138.93333333333334
3,2026-04-20,LABORAL,05:00,294.0,12.843865845005501,269.88429752066116
3,2026-04-20,LABORAL,05:30,278.0,13.214569405325696,239.92561983471074
3,2026-04-20,LABORAL,06:00,271.0,18.147383867528283,296.7603305785124
3,2026-04-20,LABORAL,06:30,261.0,6.487070991314057,212.47107438016528
3,2026-04-20,LABORAL,07:00,86.0,29.270743435764984,171.93388429752065
3,2026-04-20,LABORAL,07:30,107.0,30.18111763560557,150.16666666666666
3,2026-04-20,LABORAL,08:00,121.0,19.93945587039251,139.07692307692307
3,2026-04-20,LABORAL,08:30,84.0,15.227795994441822,138.86666666666667
3,2026-04-20,LABORAL,09:00,139.0,7.266003104274055,136.34166666666667
3,2026-04-20,LABORAL,09:30,84.0,29.953493839425057,118.58823529411765
3,2026-04-20,LABORAL,10:00,127.0,4.624044726213461,128.60504201680672
3,2026-04-20,LABORAL,10:30,60.0,13.399256397153602,113.2396694214876
3,2026-04-20,LABORAL,11:00,177.0,11.331830892416235,108.98333333333333
3,2026-04-20,LABORAL,11:30,93.0,9.103776852393585,131.53333333333333
3,2026-04-20,LABORAL,12:00,147.0,3.4423841627258085,168.84297520661158
3,2026-04-20,LABORAL,12:30,140.0,6.443743177466285,136.47899159663865
3,2026-04-20,LABORAL,13:00,133.0,3.433254471161924,138.5206611570248
3,2026-04-20,LABORAL,13:30,185.0,8.771975317158825,133.49166666666667
3,2026-04-20,LABORAL,14:00,147.0,16.4724749418558,126.68067226890756
3,2026-04-20,LABORAL,14:30,106.0,15.627692738291046,142.83193277310923
3,2026-04-20,LABORAL,15:00,110.0,19.517036504972356,139.1404958677686
3,2026-04-20,LABORAL,15:30,118.0,12.456675784247121,132.61344537815125
3,2026-04-20,LABORAL,16:00,138.0,13.956988574578126,104.44067796610169
3,2026-04-20,LABORAL,16:30,43.0,9.49575521274321,82.0
3,2026-04-20,LABORAL,17:00,80.0,7.16563567385866,52.05494505494506
3,2026-04-21,LABORAL,04:00,49.0,103.44500437368987,55.96521739130435
3,2026-04-21,LABORAL,04:30,182.0,112.35158202844738,138.23333333333332
3,2026-04-21,LABORAL,05:00,297.0,160.98595854847724,269.87603305785126
3,2026-04-21,LABORAL,05:30,350.0,156.69186092009778,240.13223140495867
3,2026-04-21,LABORAL,06:00,273.0,155.90756261478433,296.72727272727275
3,2026-04-21,LABORAL,06:30,204.0,148.88460285519753,211.67768595041323
3,2026-04-21,LABORAL,07:00,171.0,111.66924752012672,171.48760330578511
3,2026-04-21,LABORAL,07:30,190.0,116.62723140982351,149.725
3,2026-04-21,LABORAL,08:00,108.0,116.12652515514662,138.39316239316238
3,2026-04-21,LABORAL,08:30,167.0,104.55139870519659,138.23333333333332
3,2026-04-21,LABORAL,09:00,104.0,115.11329554189095,136.275
3,2026-04-21,LABORAL,09:30,65.0,107.99047189847099,118.15966386554622
3,2026-04-21,LABORAL,10:00,131.0,109.85690552134807,128.4033613445378
3,2026-04-21,LABORAL,10:30,154.0,95.27647645443706,112.78512396694215
3,2026-04-21,LABORAL,11:00,90.0,123.27672600576591,109.16666666666667
3,2026-04-21,LABORAL,11:30,135.0,100.8037418658235,131.29166666666666
3,2026-04-21,LABORAL,12:00,190.0,111.85312552479682,168.72727272727272
3,2026-04-21,LABORAL,12:30,73.0,110.38639285902468,135.91596638655463
3,2026-04-21,LABORAL,13:00,145.0,107.00121407470228,138.84297520661158
3,2026-04-21,LABORAL,13:30,199.0,121.1767402174309,133.4
3,2026-04-21,LABORAL,14:00,108.0,113.60861035339522,126.36974789915966
3,2026-04-21,LABORAL,14:30,101.0,102.48280736343439,142.6638655462185
3,2026-04-21,LABORAL,15:00,119.0,104.1281204607045,138.78512396694214
3,2026-04-21,LABORAL,15:30,204.0,103.21467125761455,131.5966386554622
3,2026-04-21,LABORAL,16:00,131.0,108.11444011120886,105.28813559322033
3,2026-04-21,LABORAL,16:30,34.0,82.17978958357759,81.41025641025641
3,2026-04-21,LABORAL,18:00,20.0,90.09233674705418,12.666666666666666
3,2026-04-22,LABORAL,04:00,42.0,66.73687729724271,55.904347826086955
3,2026-04-22,LABORAL,04:30,121.0,116.6572237849971,138.68333333333334
3,2026-04-22,LABORAL,05:00,295.0,165.38904073771522,269.73553719008265
3,2026-04-22,LABORAL,05:30,188.0,178.205556498436,240.61157024793388
3,2026-04-22,LABORAL,06:00,525.0,158.37632388965443,296.5289256198347
3,2026-04-22,LABORAL,06:30,146.0,138.37469122755513,211.32231404958677
3,2026-04-22,LABORAL,07:00,154.0,117.42956900075065,171.48760330578511
3,2026-04-22,LABORAL,07:30,158.0,123.49756522430951,149.78333333333333
3,2026-04-22,LABORAL,08:00,84.0,102.22584553642422,138.0
3,2026-04-22,LABORAL,08:30,111.0,113.11534752402609,138.48333333333332
3,2026-04-22,LABORAL,09:00,127.0,100.27215486224202,135.59166666666667
3,2026-04-22,LABORAL,09:30,137.0,87.64860132973527,117.74789915966386
3,2026-04-22,LABORAL,10:00,95.0,104.77082215467392,128.18487394957984
3,2026-04-22,LABORAL,10:30,114.0,105.4608148245706,112.90082644628099
3,2026-04-22,LABORAL,11:00,113.0,98.08890448815684,109.30833333333334
3,2026-04-22,LABORAL,11:30,105.0,101.84547740550896,131.14166666666668
3,2026-04-22,LABORAL,12:00,167.0,119.12536691910655,168.52892561983472
3,2026-04-22,LABORAL,12:30,124.0,88.66010251371459,135.3781512605042
3,2026-04-22,LABORAL,13:00,63.0,105.52445907133202,139.02479338842974
3,2026-04-22,LABORAL,13:30,149.0,123.53016590669836,133.83333333333334
3,2026-04-22,LABORAL,14:00,43.0,97.59988206839417,125.97478991596638
3,2026-04-22,LABORAL,14:30,43.0,91.86031985402641,141.49579831932772
3,2026-04-22,LABORAL,15:00,78.0,96.65749276625861,139.2396694214876
3,2026-04-22,LABORAL,15:30,107.0,117.65776323124616,131.63025210084032
3,2026-04-22,LABORAL,16:00,124.0,100.44588133027781,105.23728813559322
3,2026-04-22,LABORAL,16:30,55.0,67.09348867540668,80.72649572649573
3,2026-04-22,LABORAL,17:00,47.0,65.8615128451071,51.83516483516483
3,2026-04-23,LABORAL,04:00,43.0,60.81855173610613,55.78448275862069
3,2026-04-23,LABORAL,04:30,119.0,94.68406081534158,137.81666666666666
3,2026-04-23,LABORAL,05:00,288.0,153.99793247917108,269.7190082644628
3,2026-04-23,LABORAL,05:30,248.0,129.51877506478368,239.27272727272728
3,2026-04-23,LABORAL,06:00,152.0,211.4356608626096,298.5702479338843
3,2026-04-23,LABORAL,06:30,214.0,105.91188559425258,211.47107438016528
3,2026-04-23,LABORAL,07:00,175.0,101.62947730295399,171.23140495867767
3,2026-04-23,LABORAL,07:30,169.0,104.21395404179158,149.825
3,2026-04-23,LABORAL,08:00,119.0,78.13218890853217,137.23931623931625
3,2026-04-23,LABORAL,08:30,187.0,88.43687015893616,139.05
3,2026-04-23,LABORAL,09:00,137.0,88.39486454406291,134.90833333333333
3,2026-04-23,LABORAL,09:30,109.0,86.92937462375552,117.89075630252101
3,2026-04-23,LABORAL,10:00,93.0,80.99789905750566,128.0672268907563
3,2026-04-23,LABORAL,10:30,120.0,86.046680292021,113.13223140495867
3,2026-04-23,LABORAL,11:00,82.0,83.07913012637157,109.45833333333333
3,2026-04-23,LABORAL,11:30,73.0,82.12029351711024,130.89166666666668
3,2026-04-23,LABORAL,12:00,151.0,103.34157241187157,168.5206611570248
3,2026-04-23,LABORAL,12:30,140.0,82.57648879721224,135.2436974789916
3,2026-04-23,LABORAL,13:00,104.0,71.57708611587485,138.31404958677686
3,2026-04-23,LABORAL,14:00,50.0,99.2384808606981,125.08403361344538
3,2026-04-23,LABORAL,15:00,59.0,63.35842460889875,138.79338842975207
3,2026-04-23,LABORAL,17:00,32.0,61.479510922612555,51.83516483516483
3,2026-04-24,LABORAL,04:00,45.0,70.29303269617822,55.675213675213676
3,2026-04-24,LABORAL,04:30,118.0,91.83225371639062,137.625
3,2026-04-24,LABORAL,05:00,248.0,93.15890634027984,269.900826446281
3,2026-04-24,LABORAL,05:30,285.0,66.15516811317622,238.6198347107438
3,2026-04-24,LABORAL,06:00,202.0,63.5671362449047,297.02479338842977
3,2026-04-24,LABORAL,06:30,320.0,63.40372389523164,211.8099173553719
3,2026-04-24,LABORAL,07:00,52.0,91.62410778980825,170.87603305785123
3,2026-04-24,LABORAL,07:30,171.0,151.74032762998098,150.21666666666667
3,2026-04-24,LABORAL,08:00,148.0,134.02910734967816,136.46153846153845
3,2026-04-24,LABORAL,08:30,150.0,132.2369002688899,139.79166666666666
3,2026-04-24,LABORAL,09:00,84.0,118.02066002697148,135.18333333333334
3,2026-04-24,LABORAL,09:30,78.0,106.48463124158069,117.81512605042016
3,2026-04-24,LABORAL,10:00,145.0,105.38144594854103,127.52100840336135
3,2026-04-24,LABORAL,10:30,92.0,84.76778913166686,113.2396694214876
3,2026-04-24,LABORAL,11:00,59.0,105.06612877894777,109.14166666666667
3,2026-04-24,LABORAL,11:30,126.0,91.85174655206458,130.30833333333334
3,2026-04-24,LABORAL,12:00,190.0,83.9457194920293,168.34710743801654
3,2026-04-24,LABORAL,12:30,116.0,77.81504834271337,135.64705882352942
3,2026-04-24,LABORAL,13:00,120.0,86.01059569636533,137.89256198347107
3,2026-04-24,LABORAL,13:30,144.0,75.05951569164573,134.6638655462185
3,2026-04-24,LABORAL,14:30,30.0,72.20996355358781,140.28813559322035
3,2026-04-24,LABORAL,15:00,175.0,98.19837570897221,138.50413223140495
3,2026-04-24,LABORAL,15:30,49.0,89.25492539128332,130.364406779661
3,2026-04-24,LABORAL,16:00,59.0,76.50408178580896,105.03418803418803
3,2026-04-24,LABORAL,16:30,71.0,70.09046045445261,80.72413793103448
3,2026-04-25,SABADO,04:00,32.0,71.61906224960227,39.24
3,2026-04-25,SABADO,04:30,105.0,66.28115237881309,96.0
3,2026-04-25,SABADO,05:00,176.0,73.150751323396,164.26923076923077
3,2026-04-25,SABADO,05:30,122.0,96.17105891128256,141.57692307692307
3,2026-04-25,SABADO,06:00,210.0,129.45923896986386,205.1153846153846
3,2026-04-25,SABADO,06:30,208.0,130.37764274811187,182.1153846153846
3,2026-04-25,SABADO,07:00,93.0,107.59063664905435,126.88461538461539
3,2026-04-25,SABADO,07:30,136.0,137.9922236374316,106.03846153846153
3,2026-04-25,SABADO,08:00,148.0,76.3828039630617,114.11538461538461
3,2026-04-25,SABADO,08:30,61.0,125.36117164287442,105.96153846153847
3,2026-04-25,SABADO,09:00,116.0,113.68045104974657,92.0
3,2026-04-25,SABADO,09:30,49.0,113.59561688983504,86.96153846153847
3,2026-04-25,SABADO,10:00,101.0,91.47508032260696,82.38461538461539
3,2026-04-25,SABADO,10:30,95.0,86.11361956244463,79.53846153846153
3,2026-04-25,SABADO,11:00,85.0,102.97450518506571,86.76923076923077
3,2026-04-25,SABADO,11:30,82.0,82.57989829945309,80.24
3,2026-04-25,SABADO,12:00,29.0,79.80914116611498,86.53846153846153
3,2026-04-25,SABADO,12:30,76.0,93.02117804596882,73.47826086956522
3,2026-04-25,SABADO,13:00,63.0,107.03840271916194,71.82608695652173
3,2026-04-25,SABADO,14:00,93.0,85.61743599998852,67.0
3,2026-04-25,SABADO,14:30,34.0,88.8515982290111,66.75
3,2026-04-25,SABADO,15:00,56.0,91.53977277240085,69.0
3,2026-04-25,SABADO,15:30,45.0,60.67810578626118,57.40909090909091
3,2026-04-26,DOMINGO,07:00,28.0,89.81164466481333,28.2
3,2026-04-26,DOMINGO,07:30,33.0,54.630451013422324,34.82608695652174
3,2026-04-26,DOMINGO,08:00,23.0,52.884878719958614,39.958333333333336
3,2026-04-26,DOMINGO,09:00,39.0,54.20193401081313,37.94117647058823
3,2026-04-26,DOMINGO,10:30,34.0,41.13044578702197,36.473684210526315
3,2026-04-26,DOMINGO,11:00,24.0,56.894180668925934,39.1764705882353
3,2026-04-26,DOMINGO,11:30,27.0,76.78281803294408,31.3125
3,2026-04-26,DOMINGO,12:00,27.0,70.53369519937935,35.54545454545455
3,2026-04-26,DOMINGO,13:30,48.0,103.12313877382806,31.25
3,2026-04-26,DOMINGO,14:30,25.0,102.44019814588039,34.6875
3,2026-04-27,LABORAL,04:00,48.0,19.621137105290334,55.53846153846154
3,2026-04-27,LABORAL,04:30,124.0,48.88494034280704,137.525
3,2026-04-27,LABORAL,05:00,339.0,35.703219653163,269.3057851239669
3,2026-04-27,LABORAL,05:30,244.0,30.767336252169354,238.45454545454547
3,2026-04-27,LABORAL,06:00,400.0,41.169291890511126,296.11570247933884
3,2026-04-27,LABORAL,06:30,222.0,24.755268969393246,212.70247933884298
3,2026-04-27,LABORAL,07:00,77.0,30.727248653004263,169.98347107438016
3,2026-04-27,LABORAL,07:30,213.0,27.62717885251012,150.4
3,2026-04-27,LABORAL,08:00,90.0,30.60204450870015,136.54700854700855
3,2026-04-27,LABORAL,08:30,102.0,23.42273850015607,140.20833333333334
3,2026-04-27,LABORAL,09:00,115.0,9.63307289098873,134.35833333333332
3,2026-04-27,LABORAL,09:30,113.0,25.6733796955003,117.61344537815125
3,2026-04-27,LABORAL,10:00,184.0,26.910463138056784,128.03361344537817
3,2026-04-27,LABORAL,10:30,79.0,27.908394347941424,112.61157024793388
3,2026-04-27,LABORAL,11:00,111.0,14.3596034942851,109.25833333333334
3,2026-04-27,LABORAL,11:30,92.0,20.835371426136213,130.55
3,2026-04-27,LABORAL,12:00,195.0,8.58846187663709,168.10743801652893
3,2026-04-27,LABORAL,12:30,105.0,18.993440749507393,135.71428571428572
3,2026-04-27,LABORAL,13:00,135.0,9.063834053870492,137.88429752066116
3,2026-04-27,LABORAL,13:30,143.0,6.1514850264548775,134.52941176470588
3,2026-04-27,LABORAL,14:00,102.0,10.736731179024886,124.22033898305085
3,2026-04-27,LABORAL,14:30,222.0,5.421236723273967,139.5084745762712
3,2026-04-27,LABORAL,15:00,95.0,8.155907078893115,138.10743801652893
3,2026-04-27,LABORAL,15:30,88.0,15.46865017500431,129.76271186440678
3,2026-04-27,LABORAL,16:00,114.0,13.547171301773904,104.38461538461539
3,2026-04-27,LABORAL,16:30,34.0,29.468407230729444,80.64102564102564
3,2026-04-27,LABORAL,17:00,30.0,23.61458044670247,51.65934065934066
3,2026-04-27,LABORAL,17:30,29.0,10.682773500376962,33.59375
3,2026-04-28,LABORAL,04:00,35.0,93.98858674025252,55.41880341880342
3,2026-04-28,LABORAL,04:30,106.0,153.0631105430802,137.21666666666667
3,2026-04-28,LABORAL,05:00,354.0,130.8069783035338,269.8347107438017
3,2026-04-28,LABORAL,05:30,201.0,173.06649031422666,238.50413223140495
3,2026-04-28,LABORAL,06:00,213.0,123.56188230959292,296.4793388429752
3,2026-04-28,LABORAL,06:30,209.0,89.1791092911349,212.9917355371901
3,2026-04-28,LABORAL,07:00,185.0,121.24848554347045,169.0909090909091
3,2026-04-28,LABORAL,07:30,124.0,91.37405118178144,151.30833333333334
3,2026-04-28,LABORAL,08:00,171.0,91.45038320227228,136.73504273504273
3,2026-04-28,LABORAL,08:30,142.0,89.7056497242159,140.08333333333334
3,2026-04-28,LABORAL,09:00,133.0,93.93373356070411,134.51666666666668
3,2026-04-28,LABORAL,09:30,107.0,111.397859090524,116.96638655462185
3,2026-04-28,LABORAL,10:00,76.0,85.2648280562155,128.69747899159663
3,2026-04-28,LABORAL,10:30,124.0,88.30715214618417,112.51239669421487
3,2026-04-28,LABORAL,11:00,89.0,85.2355219642058,109.38333333333334
3,2026-04-28,LABORAL,11:30,137.0,106.16692453177637,130.15
3,2026-04-28,LABORAL,12:00,174.0,86.95755158442368,168.1900826446281
3,2026-04-28,LABORAL,12:30,164.0,90.60148099435808,135.30252100840337
3,2026-04-28,LABORAL,13:00,99.0,91.1600122449956,138.13223140495867
3,2026-04-28,LABORAL,13:30,75.0,82.07239967776172,134.60504201680672
3,2026-04-28,LABORAL,14:00,195.0,109.48781977440935,124.05084745762711
3,2026-04-28,LABORAL,14:30,109.0,78.59007539257894,139.98305084745763
3,2026-04-28,LABORAL,15:00,97.0,78.8321714489107,137.17355371900825
3,2026-04-28,LABORAL,15:30,149.0,84.19477324946988,128.77118644067798
3,2026-04-28,LABORAL,16:00,128.0,69.24604308880755,104.33333333333333
3,2026-04-28,LABORAL,16:30,53.0,65.91679001531519,80.53846153846153
3,2026-04-28,LABORAL,17:00,30.0,63.276645431210405,51.57142857142857
3,2026-04-29,LABORAL,04:00,51.0,76.75119937378575,55.282051282051285
3,2026-04-29,LABORAL,04:30,134.0,119.98519185998104,136.75
3,2026-04-29,LABORAL,05:00,434.0,176.51582576137923,270.5702479338843
3,2026-04-29,LABORAL,05:30,237.0,151.6781273682507,237.80165289256198
3,2026-04-29,LABORAL,06:00,291.0,139.38948365758682,295.3801652892562
3,2026-04-29,LABORAL,06:30,175.0,127.56460680894492,212.6694214876033
3,2026-04-29,LABORAL,07:00,141.0,131.10943554911822,169.27272727272728
3,2026-04-29,LABORAL,07:30,197.0,106.34399911898173,150.95
3,2026-04-29,LABORAL,08:00,161.0,117.79497224484513,136.67521367521368
3,2026-04-29,LABORAL,08:30,102.0,109.76558085217695,139.76666666666668
3,2026-04-29,LABORAL,09:00,182.0,108.30566049651644,134.91666666666666
3,2026-04-29,LABORAL,09:30,82.0,106.79014918683875,116.72268907563026
3,2026-04-29,LABORAL,10:00,88.0,90.7476243048215,128.25210084033614
3,2026-04-29,LABORAL,10:30,170.0,103.3319839651562,112.66115702479338
3,2026-04-29,LABORAL,11:00,102.0,93.2789208389503,108.79166666666667
3,2026-04-29,LABORAL,11:30,196.0,111.4332047636057,129.76666666666668
3,2026-04-29,LABORAL,12:00,107.0,114.16779803676825,167.97520661157026
3,2026-04-29,LABORAL,12:30,134.0,112.61745238435917,135.76470588235293
3,2026-04-29,LABORAL,13:00,112.0,96.31643437895399,138.34710743801654
3,2026-04-29,LABORAL,13:30,59.0,87.17156266861087,134.42857142857142
3,2026-04-29,LABORAL,14:00,182.0,125.1449925252389,124.33898305084746
3,2026-04-29,LABORAL,14:30,119.0,93.898690010232,139.38135593220338
3,2026-04-29,LABORAL,15:00,145.0,90.53710895636243,136.3305785123967
3,2026-04-29,LABORAL,15:30,129.0,104.77510727044583,129.40677966101694
3,2026-04-29,LABORAL,16:00,96.0,94.41300689952017,104.09401709401709
3,2026-04-29,LABORAL,16:30,70.0,74.47279857534089,80.47863247863248
3,2026-04-30,LABORAL,04:00,45.0,79.87289554895543,55.24786324786325
3,2026-04-30,LABORAL,04:30,124.0,91.9431089120953,136.85
3,2026-04-30,LABORAL,05:00,353.0,122.92053438114327,271.31404958677683
3,2026-04-30,LABORAL,05:30,268.0,214.76438904487273,237.94214876033058
3,2026-04-30,LABORAL,06:00,175.0,156.5507304086662,295.4793388429752
3,2026-04-30,LABORAL,06:30,288.0,166.83913793127948,211.93388429752065
3,2026-04-30,LABORAL,07:00,130.0,133.75559983450998,168.73553719008265
3,2026-04-30,LABORAL,07:30,145.0,125.41947458888674,150.98333333333332
3,2026-04-30,LABORAL,08:00,195.0,132.52597054273352,137.03418803418805
3,2026-04-30,LABORAL,08:30,140.0,126.20765645730893,139.25
3,2026-04-30,LABORAL,09:00,160.0,108.52061720270531,135.69166666666666
3,2026-04-30,LABORAL,09:30,111.0,128.05636986985684,116.27731092436974
3,2026-04-30,LABORAL,10:00,146.0,101.56424161066779,127.78991596638656
3,2026-04-30,LABORAL,10:30,125.0,98.38926828772692,113.50413223140495
3,2026-04-30,LABORAL,11:00,86.0,122.49172241402788,108.1
3,2026-04-30,LABORAL,11:30,98.0,101.92187708608718,130.16666666666666
3,2026-04-30,LABORAL,12:00,162.0,130.5378637812709,167.71074380165288
3,2026-04-30,LABORAL,12:30,119.0,108.3329726798188,135.61344537815125
3,2026-04-30,LABORAL,13:00,204.0,114.41992609676637,138.17355371900825
3,2026-04-30,LABORAL,13:30,136.0,103.82313731678384,133.1764705882353
3,2026-04-30,LABORAL,14:00,139.0,87.40474227961454,125.04237288135593
3,2026-04-30,LABORAL,14:30,136.0,128.97263958155943,139.88983050847457
3,2026-04-30,LABORAL,15:00,193.0,103.92800290423605,136.1404958677686
3,2026-04-30,LABORAL,15:30,58.0,109.22312214371455,129.11016949152543
3,2026-04-30,LABORAL,16:00,139.0,108.77294548561102,104.02542372881356
3,2026-04-30,LABORAL,16:30,31.0,97.13359164046769,79.66666666666667
3,2026-04-30,LABORAL,17:00,47.0,84.541682245049,50.86666666666667
3,2026-05-01,FESTIVO,07:00,40.0,67.33162988059446,12.666666666666666
3,2026-05-01,FESTIVO,07:30,24.0,97.83378143174536,35.0
3,2026-05-01,FESTIVO,08:00,50.0,167.55644270559188,13.0
3,2026-05-01,FESTIVO,08:30,26.0,173.35001471493933,30.5
3,2026-05-01,FESTIVO,09:00,60.0,132.09678555461383,27.666666666666668
3,2026-05-01,FESTIVO,09:30,41.0,163.67154524416497,17.0
3,2026-05-01,FESTIVO,10:00,6.0,112.98786620922994,24.0
3,2026-05-01,FESTIVO,10:30,47.0,114.12029927907162,31.5
3,2026-05-01,FESTIVO,11:00,25.0,128.54018474310905,18.0
3,2026-05-01,FESTIVO,11:30,27.0,112.32029325813802,44.0
3,2026-05-01,FESTIVO,12:00,51.0,111.86628000496867,14.0
3,2026-05-01,FESTIVO,12:30,18.0,104.7615801750203,36.0
3,2026-05-01,FESTIVO,13:00,23.0,105.62928216631647,26.333333333333332
3,2026-05-01,FESTIVO,13:30,52.0,98.8778475682373,13.0
3,2026-05-01,FESTIVO,14:00,28.0,95.75503947683666,23.5
3,2026-05-01,FESTIVO,14:30,31.0,92.4062682522125,30.5
3,2026-05-01,FESTIVO,15:00,23.0,117.07537197186365,24.5
3,2026-05-01,FESTIVO,15:30,30.0,99.2024917746642,20.0
3,2026-05-02,SABADO,04:00,26.0,54.509250627350504,38.88
3,2026-05-02,SABADO,04:30,66.0,34.41923828804434,97.46153846153847
3,2026-05-02,SABADO,05:00,90.0,30.775077240578824,160.69230769230768
3,2026-05-02,SABADO,05:30,149.0,42.23186696146295,142.6153846153846
3,2026-05-02,SABADO,06:00,120.0,49.87715560860567,201.3846153846154
3,2026-05-02,SABADO,06:30,198.0,16.938869427047383,184.65384615384616
3,2026-05-02,SABADO,07:00,136.0,37.889441041990764,125.23076923076923
3,2026-05-02,SABADO,07:30,59.0,7.023768637828494,105.8076923076923
3,2026-05-02,SABADO,08:00,98.0,7.720397783324275,116.11538461538461
3,2026-05-02,SABADO,08:30,74.0,3.683379392414603,103.73076923076923
3,2026-05-02,SABADO,09:00,124.0,6.051475435427781,92.57692307692308
3,2026-05-02,SABADO,09:30,38.0,31.969339870964333,83.5
3,2026-05-02,SABADO,10:00,61.0,27.17872886085077,84.26923076923077
3,2026-05-02,SABADO,10:30,117.0,24.53714276497446,81.3076923076923
3,2026-05-02,SABADO,11:00,83.0,28.836114656067853,85.84615384615384
3,2026-05-02,SABADO,11:30,99.0,5.771172521046602,81.6
3,2026-05-02,SABADO,12:00,57.0,16.86074677369705,82.53846153846153
3,2026-05-02,SABADO,12:30,55.0,15.537037090552673,73.58333333333333
3,2026-05-02,SABADO,13:00,53.0,11.668158346273698,71.45833333333333
3,2026-05-02,SABADO,13:30,100.0,17.98103922638757,59.75
3,2026-05-02,SABADO,14:00,40.0,7.642871215810709,68.04
3,2026-05-02,SABADO,14:30,79.0,9.460630511047347,65.58333333333333
3,2026-05-02,SABADO,15:00,45.0,15.233702619299141,68.45833333333333
3,2026-05-02,SABADO,15:30,75.0,8.310856618172144,55.45454545454545
3,2026-05-02,SABADO,16:00,39.0,8.406540607655856,47.36842105263158
3,2026-05-02,SABADO,16:30,45.0,13.468916901266082,51.92307692307692
3,2026-05-03,DOMINGO,08:00,32.0,51.424934186314,38.541666666666664
3,2026-05-03,DOMINGO,09:00,17.0,61.08138250725335,38.705882352941174
3,2026-05-03,DOMINGO,10:30,33.0,64.7873194141157,37.21052631578947
3,2026-05-03,DOMINGO,11:30,27.0,69.14865642555458,31.058823529411764
3,2026-05-03,DOMINGO,13:00,26.0,88.08328085397257,31.555555555555557
3,2026-05-03,DOMINGO,13:30,41.0,82.48541177505412,32.6875
3,2026-05-03,DOMINGO,14:30,23.0,90.89904285984818,34.11764705882353
3,2026-05-03,DOMINGO,15:00,29.0,82.17668040075888,31.833333333333332
3,2026-05-04,LABORAL,04:00,74.0,14.73838560656244,55.18103448275862
3,2026-05-04,LABORAL,04:30,106.0,28.735847570581793,136.5966386554622
3,2026-05-04,LABORAL,05:00,271.0,22.241743589356382,272.15833333333336
3,2026-05-04,LABORAL,05:30,195.0,36.13948978388669,237.88333333333333
3,2026-05-04,LABORAL,06:00,323.0,21.319649107033502,295.15833333333336
3,2026-05-04,LABORAL,06:30,190.0,25.92413232083223,212.45
3,2026-05-04,LABORAL,07:00,175.0,39.683521118949464,167.99166666666667
3,2026-05-04,LABORAL,07:30,129.0,32.079212822491364,150.34453781512605
3,2026-05-04,LABORAL,08:00,151.0,29.55858560630506,137.04310344827587
3,2026-05-04,LABORAL,08:30,125.0,21.820377370506296,139.7563025210084
3,2026-05-04,LABORAL,09:00,154.0,20.906358936809138,135.57983193277312
3,2026-05-04,LABORAL,09:30,85.0,19.25006333693381,116.83898305084746
3,2026-05-04,LABORAL,10:00,128.0,33.262687989992266,127.7542372881356
3,2026-05-04,LABORAL,10:30,154.0,14.676334751673783,113.21666666666667
3,2026-05-04,LABORAL,11:00,68.0,25.31582598055212,108.03361344537815
3,2026-05-04,LABORAL,11:30,195.0,18.123416315481396,129.32773109243698
3,2026-05-04,LABORAL,12:00,164.0,23.910629423483215,167.65
3,2026-05-04,LABORAL,12:30,87.0,14.563710913352889,135.9747899159664
3,2026-05-04,LABORAL,13:00,234.0,17.57509814760608,137.7
3,2026-05-04,LABORAL,13:30,81.0,13.305902058864058,132.75423728813558
3,2026-05-04,LABORAL,14:00,82.0,11.063520456277312,125.19658119658119
3,2026-05-04,LABORAL,14:30,135.0,16.514299271379162,139.82051282051282
3,2026-05-04,LABORAL,15:00,160.0,16.423952103529086,136.04166666666666
3,2026-05-04,LABORAL,15:30,111.0,21.47020675091499,128.52136752136752
3,2026-05-04,LABORAL,16:00,126.0,23.84439204029761,103.99145299145299
3,2026-05-04,LABORAL,16:30,47.0,22.235734814928495,79.96551724137932
3,2026-05-04,LABORAL,17:00,80.0,20.9245820845203,50.70786516853933
3,2026-05-05,LABORAL,04:00,46.0,103.06793793551446,55.34188034188034
3,2026-05-05,LABORAL,04:30,136.0,118.92856617411866,136.34166666666667
3,2026-05-05,LABORAL,05:00,301.0,158.84519176545052,272.1487603305785
3,2026-05-05,LABORAL,05:30,298.0,143.472768565744,237.52892561983472
3,2026-05-05,LABORAL,06:00,236.0,170.64416109440094,295.3884297520661
3,2026-05-05,LABORAL,06:30,194.0,138.26769566352124,212.26446280991735
3,2026-05-05,LABORAL,07:00,61.0,137.6166711202079,168.0495867768595
3,2026-05-05,LABORAL,07:30,187.0,123.50120378486535,150.16666666666666
3,2026-05-05,LABORAL,08:00,103.0,127.65929167299825,137.16239316239316
3,2026-05-05,LABORAL,08:30,237.0,118.47687545942127,139.63333333333333
3,2026-05-05,LABORAL,09:00,67.0,124.78224309273534,135.73333333333332
3,2026-05-05,LABORAL,09:30,177.0,106.59706629737913,116.57142857142857
3,2026-05-05,LABORAL,10:00,102.0,120.40120230188069,127.75630252100841
3,2026-05-05,LABORAL,10:30,71.0,121.22935200333485,113.55371900826447
3,2026-05-05,LABORAL,11:00,114.0,102.14685264545845,107.7
3,2026-05-05,LABORAL,11:30,147.0,131.08986616604068,129.875
3,2026-05-05,LABORAL,12:00,235.0,124.35460670575318,167.6198347107438
3,2026-05-05,LABORAL,12:30,100.0,102.13997439120305,135.56666666666666
3,2026-05-05,LABORAL,13:00,145.0,138.79583424373507,138.49586776859505
3,2026-05-05,LABORAL,13:30,49.0,99.11490124300717,132.31932773109244
3,2026-05-05,LABORAL,14:00,136.0,98.15967475623977,124.83050847457628
3,2026-05-05,LABORAL,14:30,120.0,112.18684902004374,139.77966101694915
3,2026-05-05,LABORAL,15:00,176.0,117.77948784271256,136.2396694214876
3,2026-05-05,LABORAL,15:30,86.0,106.3910154278553,128.3728813559322
3,2026-05-05,LABORAL,16:00,125.0,110.1822772119616,104.17796610169492
3,2026-05-05,LABORAL,16:30,95.0,89.58859086109598,79.68376068376068
3,2026-05-05,LABORAL,17:00,57.0,96.85891130053052,51.03333333333333
3,2026-05-06,LABORAL,04:00,44.0,79.37867478015126,55.23931623931624
3,2026-05-06,LABORAL,04:30,108.0,113.45445241072717,135.90833333333333
3,2026-05-06,LABORAL,05:00,282.0,168.74487075939254,271.97520661157023
3,2026-05-06,LABORAL,05:30,197.0,163.5245690924172,236.60330578512398
3,2026-05-06,LABORAL,06:00,251.0,156.0670509030334,294.8181818181818
3,2026-05-06,LABORAL,06:30,122.0,135.24014863980423,212.04132231404958
3,2026-05-06,LABORAL,07:00,86.0,101.26401378588943,167.0495867768595
3,2026-05-06,LABORAL,07:30,197.0,128.23092782010772,150.18333333333334
3,2026-05-06,LABORAL,08:00,122.0,107.91562476869349,136.86324786324786
3,2026-05-06,LABORAL,08:30,171.0,138.41067938326276,140.26666666666668
3,2026-05-06,LABORAL,09:00,87.0,97.22073440863848,135.35
3,2026-05-06,LABORAL,09:30,99.0,118.9118000778569,116.42857142857143
3,2026-05-06,LABORAL,10:00,50.0,104.03426482860284,128.03361344537817
3,2026-05-06,LABORAL,10:30,72.0,96.00130546053674,112.80165289256199
3,2026-05-06,LABORAL,11:00,122.0,100.66292796869354,107.09166666666667
3,2026-05-06,LABORAL,11:30,43.0,117.49053598632588,129.96666666666667
3,2026-05-06,LABORAL,12:00,190.0,137.24043243884577,168.28925619834712
3,2026-05-06,LABORAL,12:30,122.0,96.03278527258307,134.90833333333333
3,2026-05-06,LABORAL,13:00,143.0,118.35157519766987,137.87603305785123
3,2026-05-06,LABORAL,13:30,144.0,81.60223714500592,131.23529411764707
3,2026-05-06,LABORAL,14:00,65.0,102.87684848917706,124.03389830508475
3,2026-05-06,LABORAL,14:30,90.0,102.86995702310759,139.6949152542373
3,2026-05-06,LABORAL,17:00,50.0,118.35877275193792,50.74444444444445
3,2026-05-07,LABORAL,04:00,46.0,66.20604151017245,55.034188034188034
3,2026-05-07,LABORAL,04:30,109.0,89.13944119160199,135.425
3,2026-05-07,LABORAL,05:00,247.0,78.85624415909717,272.5702479338843
3,2026-05-07,LABORAL,05:30,297.0,71.40238280227221,235.43801652892563
3,2026-05-07,LABORAL,06:00,274.0,65.89588800720864,294.1652892561983
3,2026-05-07,LABORAL,06:30,214.0,88.94548695918276,210.96694214876032
3,2026-05-07,LABORAL,07:00,152.0,147.68849644676513,165.7520661157025
3,2026-05-07,LABORAL,07:30,136.0,123.66676814227546,150.30833333333334
3,2026-05-07,LABORAL,08:00,77.0,135.26318271242204,136.27350427350427
3,2026-05-07,LABORAL,08:30,142.0,96.05835868267475,140.66666666666666
3,2026-05-07,LABORAL,09:00,196.0,77.49536625195059,135.25
3,2026-05-07,LABORAL,09:30,45.0,113.69138685231025,116.07563025210084
3,2026-05-07,LABORAL,10:00,170.0,88.40136596387262,126.96638655462185
3,2026-05-07,LABORAL,10:30,62.0,109.10223704561054,112.67768595041322
3,2026-05-07,LABORAL,11:00,128.0,75.96509542876868,106.75
3,2026-05-07,LABORAL,11:30,122.0,84.7720514825005,128.925
3,2026-05-07,LABORAL,12:00,157.0,67.49792454344856,168.43801652892563
3,2026-05-07,LABORAL,12:30,160.0,71.0429584421279,134.66666666666666
3,2026-05-07,LABORAL,13:00,188.0,85.42627980085918,138.0495867768595
3,2026-05-07,LABORAL,13:30,124.0,68.30655892183289,130.9327731092437
3,2026-05-07,LABORAL,14:00,49.0,112.00408616529896,123.63559322033899
3,2026-05-07,LABORAL,14:30,100.0,83.55517064391611,139.27118644067798
3,2026-05-07,LABORAL,15:00,168.0,94.05465347499447,135.475
3,2026-05-07,LABORAL,15:30,166.0,85.1971576784317,127.27350427350427
3,2026-05-07,LABORAL,16:00,121.0,69.65317232469476,104.91452991452991
3,2026-05-07,LABORAL,16:30,54.0,75.78394983980908,79.30172413793103
3,2026-05-08,LABORAL,04:00,48.0,86.89468021847698,55.0940170940171
3,2026-05-08,LABORAL,04:30,109.0,89.90936388114527,134.96666666666667
3,2026-05-08,LABORAL,05:00,312.0,111.54735670104853,272.57851239669424
3,2026-05-08,LABORAL,05:30,167.0,143.49953832912763,236.34710743801654
3,2026-05-08,LABORAL,06:00,345.0,153.92198479753088,293.099173553719
3,2026-05-08,LABORAL,06:30,182.0,146.23291358417794,210.5702479338843
3,2026-05-08,LABORAL,07:00,197.0,136.58516765960798,165.4214876033058
3,2026-05-08,LABORAL,07:30,107.0,135.65041750545274,150.1900826446281
3,2026-05-08,LABORAL,08:00,111.0,125.02853480745918,135.89743589743588
3,2026-05-08,LABORAL,08:30,111.0,112.58824001650315,140.67768595041323
3,2026-05-08,LABORAL,09:00,113.0,118.56100428961338,136.19166666666666
3,2026-05-08,LABORAL,09:30,104.0,126.964862990019,115.49579831932773
3,2026-05-08,LABORAL,10:00,86.0,97.58102775857347,127.15966386554622
3,2026-05-08,LABORAL,10:30,118.0,122.34478745210825,112.57851239669421
3,2026-05-08,LABORAL,11:00,88.0,99.95172199346517,106.25833333333334
3,2026-05-08,LABORAL,11:30,140.0,107.6772404226513,128.625
3,2026-05-08,LABORAL,12:00,177.0,108.07724374611072,168.38842975206612
3,2026-05-08,LABORAL,12:30,50.0,112.11261819651125,135.33333333333334
3,2026-05-08,LABORAL,13:00,236.0,113.34029508160035,138.15702479338842
3,2026-05-08,LABORAL,13:30,110.0,123.70855601278379,130.38655462184875
3,2026-05-08,LABORAL,14:00,129.0,102.85057969869865,121.7542372881356
3,2026-05-08,LABORAL,14:30,146.0,94.64169034775053,139.55084745762713
3,2026-05-08,LABORAL,15:00,104.0,99.74581573819907,135.775
3,2026-05-08,LABORAL,15:30,151.0,119.41374639245832,126.97435897435898
3,2026-05-08,LABORAL,16:00,49.0,116.06966507921162,105.00854700854701
3,2026-05-08,LABORAL,16:30,65.0,100.4353280686245,79.32758620689656
3,2026-05-09,SABADO,04:00,43.0,75.72805511147969,38.4
3,2026-05-09,SABADO,04:30,85.0,79.60974765160125,95.96153846153847
3,2026-05-09,SABADO,05:00,176.0,94.47424241881275,155.03846153846155
3,2026-05-09,SABADO,05:30,186.0,151.626639462325,144.1153846153846
3,2026-05-09,SABADO,06:00,151.0,123.13370885917243,198.23076923076923
3,2026-05-09,SABADO,06:30,213.0,171.00841244783012,184.65384615384616
3,2026-05-09,SABADO,07:00,133.0,126.9772540085659,124.88461538461539
3,2026-05-09,SABADO,07:30,133.0,127.8992192654106,104.57692307692308
3,2026-05-09,SABADO,08:00,119.0,104.69716786614549,115.03846153846153
3,2026-05-09,SABADO,09:00,121.0,102.32729513062938,93.76923076923077
3,2026-05-09,SABADO,09:30,55.0,98.5784893409181,80.88461538461539
3,2026-05-09,SABADO,10:00,116.0,100.26574618614488,82.53846153846153
3,2026-05-09,SABADO,10:30,29.0,99.9072150720673,81.84615384615384
3,2026-05-09,SABADO,11:00,79.0,86.964822018463,84.96153846153847
3,2026-05-09,SABADO,11:30,95.0,101.62144891893124,83.2
3,2026-05-09,SABADO,12:00,81.0,87.52950012906263,79.84615384615384
3,2026-05-09,SABADO,12:30,78.0,102.46420127470662,71.83333333333333
3,2026-05-09,SABADO,13:00,71.0,111.7603021505621,71.375
3,2026-05-09,SABADO,13:30,47.0,80.17205420337949,59.708333333333336
3,2026-05-09,SABADO,14:00,60.0,127.60298016349456,67.44
3,2026-05-09,SABADO,14:30,65.0,98.1813171720541,63.958333333333336
3,2026-05-09,SABADO,15:00,39.0,96.86233706219869,69.45833333333333
3,2026-05-09,SABADO,15:30,51.0,98.80325918929974,57.09090909090909
3,2026-05-09,SABADO,16:00,30.0,89.08847036893492,45.526315789473685
3,2026-05-09,SABADO,17:00,37.0,106.36244866365125,53.833333333333336
3,2026-05-10,DOMINGO,07:00,28.0,32.90336355446509,27.736842105263158
3,2026-05-10,DOMINGO,07:30,21.0,38.78694258627292,35.40909090909091
3,2026-05-10,DOMINGO,08:00,44.0,30.50565010947873,39.0
3,2026-05-10,DOMINGO,08:30,25.0,40.63970320924346,34.64705882352941
3,2026-05-10,DOMINGO,10:30,45.0,67.50584809186151,38.36842105263158
3,2026-05-10,DOMINGO,11:30,70.0,86.57350480591205,30.352941176470587
3,2026-05-10,DOMINGO,12:30,43.0,69.54728015997401,28.928571428571427
3,2026-05-10,DOMINGO,14:00,25.0,99.17765751621184,30.75
3,2026-05-10,DOMINGO,14:30,23.0,66.1552930468989,32.705882352941174
3,2026-05-11,LABORAL,04:00,51.0,38.887511844260096,55.05982905982906
3,2026-05-11,LABORAL,04:30,208.0,33.63930762751881,134.51666666666668
3,2026-05-11,LABORAL,05:00,251.0,35.010688857014465,272.6280991735537
3,2026-05-11,LABORAL,05:30,206.0,17.634951519212795,235.62809917355372
3,2026-05-11,LABORAL,06:00,217.0,34.04202800807493,293.2314049586777
3,2026-05-11,LABORAL,06:30,297.0,11.787922126818605,210.27272727272728
3,2026-05-11,LABORAL,07:00,128.0,21.51253578242298,165.6198347107438
3,2026-05-11,LABORAL,07:30,103.0,29.53459934001037,149.61157024793388
3,2026-05-11,LABORAL,08:00,198.0,22.492114144310296,135.68376068376068
3,2026-05-11,LABORAL,08:30,22.0,25.80669222109904,139.73553719008265
3,2026-05-11,LABORAL,09:00,157.0,26.57662576139482,135.71666666666667
3,2026-05-11,LABORAL,09:30,86.0,12.320343285714017,115.83193277310924
3,2026-05-11,LABORAL,10:00,75.0,28.205971399617844,126.8655462184874
3,2026-05-11,LABORAL,10:30,176.0,21.883877780608593,112.21487603305785
3,2026-05-11,LABORAL,11:00,85.0,15.13382268942,105.75
3,2026-05-11,LABORAL,11:30,204.0,18.852556873388362,128.88333333333333
3,2026-05-11,LABORAL,12:00,95.0,11.102031524410096,168.1900826446281
3,2026-05-11,LABORAL,12:30,114.0,17.438943308622967,134.66666666666666
3,2026-05-11,LABORAL,13:00,160.0,8.194245735736349,138.70247933884298
3,2026-05-11,LABORAL,13:30,135.0,6.477346457627375,129.9075630252101
3,2026-05-11,LABORAL,14:00,143.0,9.921024520630967,121.4322033898305
3,2026-05-11,LABORAL,14:30,115.0,7.670782478414014,139.28813559322035
3,2026-05-11,LABORAL,15:00,75.0,19.827201786328036,135.35833333333332
3,2026-05-11,LABORAL,15:30,80.0,30.792837487736797,126.62393162393163
3,2026-05-11,LABORAL,16:00,117.0,19.6272743921223,104.12820512820512
3,2026-05-11,LABORAL,16:30,31.0,22.433617536562807,78.89655172413794
3,2026-05-12,LABORAL,04:00,55.0,71.78864973748315,55.05982905982906
3,2026-05-12,LABORAL,04:30,151.0,92.73801947629013,134.81666666666666
3,2026-05-12,LABORAL,05:00,279.0,133.7847440394842,272.1487603305785
3,2026-05-12,LABORAL,05:30,161.0,145.38627640225138,234.900826446281
3,2026-05-12,LABORAL,06:00,355.0,129.31502942731146,293.0
3,2026-05-12,LABORAL,06:30,236.0,135.764779645176,211.38842975206612
3,2026-05-12,LABORAL,07:00,108.0,149.98727086389434,164.71900826446281
3,2026-05-12,LABORAL,07:30,153.0,109.00551474123317,149.02479338842974
3,2026-05-12,LABORAL,08:00,158.0,104.12290675853973,136.47863247863248
3,2026-05-12,LABORAL,08:30,232.0,125.98887790970184,137.95867768595042
3,2026-05-12,LABORAL,09:00,126.0,81.58339370986539,135.85
3,2026-05-12,LABORAL,09:30,33.0,115.54042518142013,115.3529411764706
3,2026-05-12,LABORAL,10:00,178.0,93.46188178732868,126.24369747899159
3,2026-05-12,LABORAL,10:30,78.0,94.08794425916831,112.59504132231405
3,2026-05-12,LABORAL,11:00,135.0,117.68816841699541,105.58333333333333
3,2026-05-12,LABORAL,11:30,68.0,92.39211428006405,129.725
3,2026-05-12,LABORAL,12:00,214.0,123.05386343906387,167.2479338842975
3,2026-05-12,LABORAL,12:30,145.0,92.94731434634306,134.64166666666668
3,2026-05-12,LABORAL,13:00,83.0,98.84728841731055,139.34710743801654
3,2026-05-12,LABORAL,13:30,218.0,107.76639348213158,129.0924369747899
3,2026-05-12,LABORAL,14:00,92.0,100.51281680391877,121.61016949152543
3,2026-05-12,LABORAL,14:30,149.0,102.9517209119669,139.38135593220338
3,2026-05-12,LABORAL,15:00,136.0,94.79161795906936,134.09166666666667
3,2026-05-12,LABORAL,15:30,169.0,87.17696008475107,126.68376068376068
3,2026-05-12,LABORAL,16:00,118.0,90.69142885669886,104.42735042735043
3,2026-05-12,LABORAL,16:30,63.0,96.85415295032513,78.3103448275862
3,2026-05-12,LABORAL,17:00,29.0,75.20290084015558,50.67777777777778
3,2026-05-13,LABORAL,04:00,45.0,76.7358771012906,55.11965811965812
3,2026-05-13,LABORAL,04:30,151.0,115.0378183798805,134.59166666666667
3,2026-05-13,LABORAL,05:00,311.0,160.21443398359978,272.2892561983471
3,2026-05-13,LABORAL,05:30,275.0,132.87606172839003,234.34710743801654
3,2026-05-13,LABORAL,06:00,137.0,178.77698759381005,293.42148760330576
3,2026-05-13,LABORAL,06:30,341.0,149.24461317392672,211.65289256198346
3,2026-05-13,LABORAL,07:00,53.0,119.37824122635637,164.0909090909091
3,2026-05-13,LABORAL,07:30,124.0,120.46238620222304,148.49586776859505
3,2026-05-13,LABORAL,08:00,171.0,120.09918561236007,136.63247863247864
3,2026-05-13,LABORAL,08:30,162.0,144.19313690937744,138.86776859504133
3,2026-05-13,LABORAL,09:00,41.0,105.48087265874734,135.48333333333332
3,2026-05-13,LABORAL,09:30,115.0,89.43540669897308,114.94117647058823
3,2026-05-13,LABORAL,10:00,153.0,121.06167433440508,126.66386554621849
3,2026-05-13,LABORAL,10:30,105.0,94.94035490275027,112.05785123966942
3,2026-05-13,LABORAL,11:00,70.0,115.0949093957978,105.69166666666666
3,2026-05-13,LABORAL,11:30,157.0,91.2078196472703,129.03333333333333
3,2026-05-13,LABORAL,12:00,97.0,136.0210216864987,167.1487603305785
3,2026-05-13,LABORAL,12:30,130.0,110.4447385485483,134.675
3,2026-05-13,LABORAL,13:00,146.0,95.48426184494915,138.82644628099175
3,2026-05-13,LABORAL,13:30,80.0,132.17058321521176,129.49579831932772
3,2026-05-13,LABORAL,14:00,208.0,97.50580624095885,121.08474576271186
3,2026-05-13,LABORAL,14:30,118.0,112.4336298273751,139.5677966101695
3,2026-05-13,LABORAL,15:00,134.0,106.69634306437166,134.0
3,2026-05-13,LABORAL,15:30,102.0,112.91012405107962,126.82051282051282
3,2026-05-13,LABORAL,16:00,95.0,100.19860406176944,104.03418803418803
3,2026-05-13,LABORAL,16:30,83.0,87.2072925382689,78.16379310344827
3,2026-05-14,LABORAL,04:00,45.0,78.65592386368526,55.05128205128205
3,2026-05-14,LABORAL,04:30,210.0,85.73585512486913,134.95833333333334
3,2026-05-14,LABORAL,05:00,182.0,118.92076929819731,272.504132231405
3,2026-05-14,LABORAL,05:30,231.0,168.70313840193091,234.50413223140495
3,2026-05-14,LABORAL,06:00,327.0,153.16671367388633,292.10743801652893
3,2026-05-14,LABORAL,06:30,182.0,125.24579793359507,212.93388429752065
3,2026-05-14,LABORAL,07:00,133.0,172.97475356797244,163.28099173553719
3,2026-05-14,LABORAL,07:30,172.0,90.38837055025948,147.86776859504133
3,2026-05-14,LABORAL,08:00,139.0,109.3763174626108,137.42735042735043
3,2026-05-14,LABORAL,08:30,123.0,121.34551783483991,139.13223140495867
3,2026-05-14,LABORAL,09:00,156.0,122.9891839096332,134.725
3,2026-05-14,LABORAL,09:30,57.0,83.48374062305423,115.03361344537815
3,2026-05-14,LABORAL,10:00,87.0,99.17820958591619,126.5126050420168
3,2026-05-14,LABORAL,10:30,99.0,115.21646769869679,112.44628099173553
3,2026-05-14,LABORAL,11:00,120.0,96.97859038803348,105.25833333333334
3,2026-05-14,LABORAL,11:30,84.0,90.9762950832162,128.88333333333333
3,2026-05-14,LABORAL,12:00,128.0,109.2498039138382,166.84297520661158
3,2026-05-14,LABORAL,12:30,135.0,101.31217783523547,134.65833333333333
3,2026-05-14,LABORAL,13:00,155.0,105.02309015088947,138.92561983471074
3,2026-05-14,LABORAL,13:30,97.0,105.87853158737221,129.45378151260505
3,2026-05-14,LABORAL,14:00,94.0,95.0498734201003,121.0677966101695
3,2026-05-14,LABORAL,14:30,146.0,121.90482791629532,139.6949152542373
3,2026-05-14,LABORAL,15:00,179.0,100.55191741220118,133.89166666666668
3,2026-05-14,LABORAL,15:30,84.0,103.37534549019078,126.5042735042735
3,2026-05-14,LABORAL,16:00,149.0,95.77201786435512,103.46153846153847
3,2026-05-14,LABORAL,16:30,43.0,91.00781469919981,77.89655172413794
3,2026-05-14,LABORAL,17:00,85.0,84.8964793663084,50.86516853932584
3,2026-05-15,LABORAL,04:00,53.0,79.08814664900535,55.034188034188034
3,2026-05-15,LABORAL,04:30,255.0,125.34094112191221,135.21666666666667
3,2026-05-15,LABORAL,05:00,190.0,125.20275736938636,272.4297520661157
3,2026-05-15,LABORAL,05:30,234.0,148.74463492258602,234.83471074380165
3,2026-05-15,LABORAL,06:00,278.0,170.29577327168454,291.6611570247934
3,2026-05-15,LABORAL,06:30,202.0,125.90205223567199,212.15702479338842
3,2026-05-15,LABORAL,07:00,68.0,122.6029244425686,163.1818181818182
3,2026-05-15,LABORAL,07:30,180.0,114.77580532572411,148.0495867768595
3,2026-05-15,LABORAL,08:00,93.0,109.70419182371775,137.46153846153845
3,2026-05-15,LABORAL,08:30,181.0,107.6539506882888,139.29752066115702
3,2026-05-15,LABORAL,09:00,102.0,116.50260315010959,135.29166666666666
3,2026-05-15,LABORAL,09:30,110.0,81.3199210703578,114.92436974789916
3,2026-05-15,LABORAL,10:00,183.0,92.17090807120775,126.08403361344538
3,2026-05-15,LABORAL,10:30,108.0,98.54976888487626,112.02479338842976
3,2026-05-15,LABORAL,11:00,86.0,99.71524010082807,105.49166666666666
3,2026-05-15,LABORAL,11:30,117.0,88.70201765052451,128.85
3,2026-05-15,LABORAL,12:00,168.0,103.71588579497968,166.19834710743802
3,2026-05-15,LABORAL,12:30,105.0,103.79507915254482,134.775
3,2026-05-15,LABORAL,13:00,155.0,109.35738738974453,139.43801652892563
3,2026-05-15,LABORAL,13:30,157.0,93.80157867618034,129.87394957983193
3,2026-05-15,LABORAL,14:00,93.0,90.56593014271625,120.8135593220339
3,2026-05-15,LABORAL,14:30,140.0,109.49314194929349,139.77118644067798
3,2026-05-15,LABORAL,15:00,164.0,113.40700166640333,134.375
3,2026-05-15,LABORAL,15:30,152.0,88.5439481888147,125.25641025641026
3,2026-05-15,LABORAL,16:00,99.0,103.79151185135099,104.0
3,2026-05-15,LABORAL,16:30,84.0,74.38491488299263,77.81896551724138
3,2026-05-15,LABORAL,17:00,26.0,83.78482439208197,51.24444444444445
3,2026-05-16,SABADO,04:00,36.0,65.33781447676375,38.12
3,2026-05-16,SABADO,04:30,111.0,142.24109614390176,94.1923076923077
3,2026-05-16,SABADO,05:00,166.0,127.78625626240205,157.34615384615384
3,2026-05-16,SABADO,05:30,109.0,145.02842284461167,144.84615384615384
3,2026-05-16,SABADO,06:00,234.0,161.29174511889397,194.69230769230768
3,2026-05-16,SABADO,06:30,229.0,131.20811436684266,184.30769230769232
3,2026-05-16,SABADO,07:00,122.0,94.01708976680197,125.3076923076923
3,2026-05-16,SABADO,07:30,56.0,122.27159641993808,104.61538461538461
3,2026-05-16,SABADO,08:00,98.0,97.38279908796703,114.03846153846153
3,2026-05-16,SABADO,08:30,152.0,120.23944671422478,100.8
3,2026-05-16,SABADO,09:00,93.0,100.44905567304552,95.88461538461539
3,2026-05-16,SABADO,09:30,59.0,94.91002312793947,79.96153846153847
3,2026-05-16,SABADO,10:00,58.0,116.44758549032825,83.07692307692308
3,2026-05-16,SABADO,10:30,155.0,97.20121890685188,80.6923076923077
3,2026-05-16,SABADO,11:00,82.0,91.19754720383354,84.11538461538461
3,2026-05-16,SABADO,11:30,100.0,96.86416534243052,84.76
3,2026-05-16,SABADO,12:00,39.0,113.36982439149521,77.73076923076923
3,2026-05-16,SABADO,12:30,112.0,96.06816062557533,70.29166666666667
3,2026-05-16,SABADO,13:30,117.0,110.34642880023533,59.666666666666664
3,2026-05-16,SABADO,14:00,44.0,107.26719815220217,65.04
3,2026-05-16,SABADO,14:30,28.0,89.01660375742755,65.5
3,2026-05-16,SABADO,15:00,87.0,105.27148535208539,68.54166666666667
3,2026-05-16,SABADO,15:30,40.0,112.23771719212256,55.63636363636363
3,2026-05-16,SABADO,16:00,21.0,103.43921344495138,45.578947368421055
3,2026-05-16,SABADO,16:30,38.0,92.05219196071172,49.38461538461539
3,2026-05-16,SABADO,17:00,27.0,81.5095257158341,51.42857142857143
3,2026-05-17,DOMINGO,07:00,48.0,38.29533586645653,27.473684210526315
3,2026-05-17,DOMINGO,07:30,23.0,43.853812692139385,33.77272727272727
3,2026-05-17,DOMINGO,08:00,68.0,89.9054552421916,39.041666666666664
3,2026-05-17,DOMINGO,08:30,24.0,111.5570023078555,32.470588235294116
3,2026-05-17,DOMINGO,09:00,50.0,153.52851838026388,37.35294117647059
3,2026-05-17,DOMINGO,09:30,37.0,178.0755953436735,31.11111111111111
3,2026-05-17,DOMINGO,10:00,16.0,159.2637811453893,42.888888888888886
3,2026-05-17,DOMINGO,10:30,47.0,140.13473160445264,38.26315789473684
3,2026-05-17,DOMINGO,11:00,25.0,111.38812931826665,36.8
3,2026-05-17,DOMINGO,11:30,16.0,105.99281541321483,31.88235294117647
3,2026-05-17,DOMINGO,12:30,28.0,120.84349936723623,31.785714285714285
3,2026-05-17,DOMINGO,13:00,24.0,116.20679862214689,30.647058823529413
3,2026-05-17,DOMINGO,14:00,25.0,74.49649530170024,30.75
3,2026-05-17,DOMINGO,15:30,25.0,93.90137836745673,30.53846153846154
3,2026-05-17,DOMINGO,16:30,19.0,101.23026357593346,31.714285714285715
3,2026-05-18,FESTIVO_PUENTE,07:00,53.0,13.598162288357933,36.0
3,2026-05-18,FESTIVO_PUENTE,07:30,23.0,23.694550940602973,29.0
3,2026-05-18,FESTIVO_PUENTE,08:00,30.0,13.291892199026751,34.75
3,2026-05-18,FESTIVO_PUENTE,09:00,19.0,28.563884335394466,23.0
3,2026-05-18,FESTIVO_PUENTE,09:30,42.0,33.696470105254775,20.333333333333332
3,2026-05-18,FESTIVO_PUENTE,10:30,21.0,13.931291502423763,33.0
3,2026-05-18,FESTIVO_PUENTE,11:00,26.0,5.436388040662424,24.5
3,2026-05-18,FESTIVO_PUENTE,11:30,19.0,25.280729155437935,23.75
3,2026-05-18,FESTIVO_PUENTE,12:00,24.0,14.928969925020064,29.25
3,2026-05-18,FESTIVO_PUENTE,12:30,29.0,7.711587571961267,31.333333333333332
3,2026-05-18,FESTIVO_PUENTE,13:00,36.0,9.697755709898757,19.333333333333332
3,2026-05-18,FESTIVO_PUENTE,13:30,26.0,4.055387474893202,30.333333333333332
3,2026-05-18,FESTIVO_PUENTE,14:00,28.0,6.371523033993257,32.25
3,2026-05-19,LABORAL,04:00,51.0,15.643918433980069,55.07692307692308
3,2026-05-19,LABORAL,04:30,183.0,32.831324771498934,136.38333333333333
3,2026-05-19,LABORAL,05:00,212.0,22.94680731071959,271.94214876033055
3,2026-05-19,LABORAL,05:30,247.0,27.29972933033726,234.44628099173553
3,2026-05-19,LABORAL,06:00,312.0,31.320930949091377,291.46280991735534
3,2026-05-19,LABORAL,06:30,178.0,24.171011536073742,212.099173553719
3,2026-05-19,LABORAL,07:00,223.0,24.979405705058905,162.0495867768595
3,2026-05-19,LABORAL,07:30,108.0,16.67673625571789,149.0
3,2026-05-19,LABORAL,08:00,167.0,15.526365695979694,137.07692307692307
3,2026-05-19,LABORAL,08:30,129.0,22.627595581938845,139.2396694214876
3,2026-05-19,LABORAL,09:00,178.0,17.484578456954825,135.20833333333334
3,2026-05-19,LABORAL,09:30,124.0,15.6421566681922,115.04201680672269
3,2026-05-19,LABORAL,10:00,168.0,16.478318103022342,126.17647058823529
3,2026-05-19,LABORAL,10:30,120.0,19.379351974925406,111.68595041322314
3,2026-05-19,LABORAL,11:00,95.0,24.162964011327816,105.16666666666667
3,2026-05-19,LABORAL,11:30,184.0,17.389892134202018,129.05833333333334
3,2026-05-19,LABORAL,12:00,141.0,16.588778189518905,165.30578512396696
3,2026-05-19,LABORAL,12:30,142.0,16.9250770311397,134.14166666666668
3,2026-05-19,LABORAL,13:00,197.0,23.9085719934381,139.46280991735537
3,2026-05-19,LABORAL,13:30,84.0,14.17517825020072,130.21008403361344
3,2026-05-19,LABORAL,14:00,142.0,13.851206309349147,120.12711864406779
3,2026-05-19,LABORAL,14:30,114.0,15.89276423477416,139.88135593220338
3,2026-05-19,LABORAL,15:00,169.0,14.927346615665208,134.625
3,2026-05-19,LABORAL,15:30,195.0,14.836073326004469,125.96581196581197
3,2026-05-19,LABORAL,16:00,51.0,17.141914554359253,103.98290598290598
3,2026-05-19,LABORAL,16:30,58.0,13.423521957419718,77.64655172413794
3,2026-05-19,LABORAL,17:00,44.0,14.51033122797603,50.48888888888889
3,2026-05-20,LABORAL,04:00,45.0,91.27186362407392,55.05128205128205
3,2026-05-20,LABORAL,04:30,133.0,141.71776627438462,136.55
3,2026-05-20,LABORAL,05:00,268.0,149.68698730671827,271.1900826446281
3,2026-05-20,LABORAL,05:30,285.0,160.11597088322392,234.50413223140495
3,2026-05-20,LABORAL,06:00,241.0,178.092155244722,290.60330578512395
3,2026-05-20,LABORAL,06:30,284.0,139.69401935001133,211.45454545454547
3,2026-05-20,LABORAL,07:00,139.0,151.15163410393274,162.01652892561984
3,2026-05-20,LABORAL,07:30,139.0,117.60190320235847,148.1900826446281
3,2026-05-20,LABORAL,08:00,158.0,132.51953837881567,137.98290598290598
3,2026-05-20,LABORAL,08:30,101.0,123.20878354160826,138.13223140495867
3,2026-05-20,LABORAL,09:00,175.0,134.4941807228016,135.59166666666667
3,2026-05-20,LABORAL,09:30,80.0,118.80360810295653,115.02521008403362
3,2026-05-20,LABORAL,10:00,139.0,130.16848090060765,126.4453781512605
3,2026-05-20,LABORAL,10:30,99.0,117.24349324704728,111.77685950413223
3,2026-05-20,LABORAL,11:00,87.0,110.82232818597349,104.625
3,2026-05-20,LABORAL,11:30,70.0,132.63347066542454,129.50833333333333
3,2026-05-20,LABORAL,12:00,201.0,120.17925863816706,164.8181818181818
3,2026-05-20,LABORAL,12:30,151.0,119.88987647270108,134.40833333333333
3,2026-05-20,LABORAL,13:00,132.0,135.60628355192472,139.16528925619835
3,2026-05-20,LABORAL,13:30,153.0,102.30529951519553,129.7983193277311
3,2026-05-20,LABORAL,14:00,104.0,117.17004404118686,120.4322033898305
3,2026-05-20,LABORAL,14:30,194.0,109.50184294246425,138.88983050847457
3,2026-05-20,LABORAL,15:00,100.0,123.43482582634516,134.83333333333334
3,2026-05-20,LABORAL,15:30,71.0,129.75540307779968,126.53846153846153
3,2026-05-20,LABORAL,16:00,120.0,90.8566188258618,102.64102564102564
3,2026-05-20,LABORAL,16:30,41.0,91.27183670429754,77.47863247863248
3,2026-05-20,LABORAL,17:00,12.0,87.1242989642758,50.56666666666667
3,2026-05-22,LABORAL,04:00,41.0,58.624980382586465,54.914529914529915
3,2026-05-22,LABORAL,04:30,182.0,101.95491248458178,135.42016806722688
3,2026-05-22,LABORAL,05:00,193.0,142.22467214228107,270.71666666666664
3,2026-05-22,LABORAL,05:30,182.0,149.2794327856233,233.925
3,2026-05-22,LABORAL,06:00,304.0,140.88593401042422,290.9583333333333
3,2026-05-22,LABORAL,06:30,192.0,144.59290153936766,211.25
3,2026-05-22,LABORAL,07:00,118.0,107.71466688602607,161.64166666666668
3,2026-05-22,LABORAL,07:30,163.0,100.79989880572101,148.04166666666666
3,2026-05-22,LABORAL,08:00,95.0,108.55573900094488,137.5344827586207
3,2026-05-22,LABORAL,08:30,136.0,91.07377250783227,136.96666666666667
3,2026-05-22,LABORAL,09:00,107.0,112.90020337991588,136.43697478991598
3,2026-05-22,LABORAL,09:30,175.0,84.03124194752282,113.6864406779661
3,2026-05-22,LABORAL,10:00,94.0,101.80420564919025,127.34745762711864
3,2026-05-22,LABORAL,10:30,113.0,88.19476928874215,111.70833333333333
3,2026-05-22,LABORAL,11:00,74.0,83.41308980373681,103.91596638655462
3,2026-05-22,LABORAL,12:00,116.0,82.91166549662246,164.68333333333334
3,2026-05-22,LABORAL,12:30,142.0,115.30303580518314,133.84873949579833
3,2026-05-22,LABORAL,13:00,61.0,101.54044993964386,138.79166666666666
3,2026-05-22,LABORAL,13:30,193.0,99.24610318764276,129.97457627118644
3,2026-05-22,LABORAL,14:00,94.0,98.05271616910312,119.47863247863248
3,2026-05-22,LABORAL,14:30,113.0,87.59199934017359,138.94017094017093
3,2026-05-22,LABORAL,15:00,119.0,109.9084765383399,134.47058823529412
3,2026-05-22,LABORAL,15:30,57.0,87.1981851119555,124.89655172413794
3,2026-05-22,LABORAL,16:00,132.0,80.41107778474183,102.9396551724138
3,2026-05-22,LABORAL,16:30,37.0,85.56279917766042,76.85344827586206
3,2026-05-22,LABORAL,17:00,36.0,64.21152589305291,49.733333333333334
3,2026-05-23,SABADO,04:00,22.0,30.948906618884767,37.72
3,2026-05-23,SABADO,04:30,120.0,40.330785051205574,94.8076923076923
3,2026-05-23,SABADO,05:00,143.0,109.73661517962707,156.57692307692307
3,2026-05-23,SABADO,05:30,176.0,137.52177763057898,142.1153846153846
3,2026-05-23,SABADO,06:00,244.0,164.51241829288625,197.69230769230768
3,2026-05-23,SABADO,06:30,99.0,194.3160177616605,186.0
3,2026-05-23,SABADO,07:00,131.0,158.88480284564335,125.3076923076923
3,2026-05-23,SABADO,07:30,82.0,128.4305271716215,102.11538461538461
3,2026-05-23,SABADO,08:00,158.0,107.11161398365354,113.23076923076923
3,2026-05-23,SABADO,08:30,86.0,102.16525133945773,102.24
3,2026-05-23,SABADO,09:00,97.0,106.48550652197648,97.34615384615384
3,2026-05-23,SABADO,09:30,104.0,112.99244783807885,79.1923076923077
3,2026-05-23,SABADO,10:00,53.0,84.86526959335077,83.1923076923077
3,2026-05-23,SABADO,10:30,65.0,94.84502239055485,82.03846153846153
3,2026-05-23,SABADO,11:00,68.0,91.54081699099376,83.42307692307692
3,2026-05-23,SABADO,11:30,48.0,77.99589314943101,86.0
3,2026-05-23,SABADO,12:00,85.0,91.562818935855,76.03846153846153
3,2026-05-23,SABADO,12:30,73.0,104.56326198982227,72.5
3,2026-05-23,SABADO,13:00,50.0,97.45427533964838,72.30434782608695
3,2026-05-23,SABADO,13:30,56.0,116.15069548239543,61.666666666666664
3,2026-05-23,SABADO,14:00,32.0,89.2616638100581,64.64
3,2026-05-23,SABADO,15:00,48.0,85.18311260886993,67.66666666666667
3,2026-05-23,SABADO,15:30,44.0,102.01376225157625,55.13636363636363
3,2026-05-23,SABADO,16:00,54.0,85.59742820315218,44.35
3,2026-05-23,SABADO,16:30,30.0,88.91235936647512,48.30769230769231
3,2026-05-24,DOMINGO,07:00,11.0,40.42909292093013,28.5
3,2026-05-24,DOMINGO,08:00,24.0,30.09944782558999,40.2
3,2026-05-24,DOMINGO,08:30,80.0,28.20921196644307,29.941176470588236
3,2026-05-24,DOMINGO,09:30,24.0,48.556255459809215,32.166666666666664
3,2026-05-24,DOMINGO,10:00,22.0,111.49745979550836,39.166666666666664
3,2026-05-24,DOMINGO,11:00,74.0,139.46533331528863,36.0625
3,2026-05-24,DOMINGO,12:00,32.0,171.40356706139036,36.10526315789474
3,2026-05-24,DOMINGO,12:30,40.0,176.0897124465482,30.571428571428573
3,2026-05-24,DOMINGO,13:30,23.0,150.55325084311139,33.92857142857143
3,2026-05-24,DOMINGO,14:00,25.0,117.511156024894,30.1
3,2026-05-24,DOMINGO,15:00,29.0,110.97994772930768,31.4
3,2026-05-25,LABORAL,04:00,48.0,19.322305381480447,54.7008547008547
3,2026-05-25,LABORAL,04:30,205.0,27.48238558681776,135.67226890756302
3,2026-05-25,LABORAL,05:00,304.0,29.782560519724324,269.21666666666664
3,2026-05-25,LABORAL,05:30,214.0,19.110378382394185,233.93333333333334
3,2026-05-25,LABORAL,06:00,300.0,18.28420433600469,290.5
3,2026-05-25,LABORAL,06:30,131.0,19.60894751896798,210.63333333333333
3,2026-05-25,LABORAL,07:00,239.0,11.492890589580702,161.45
3,2026-05-25,LABORAL,07:30,110.0,24.292927980862732,148.38333333333333
3,2026-05-25,LABORAL,08:00,122.0,24.753637880141923,137.55172413793105
3,2026-05-25,LABORAL,08:30,223.0,12.567153270724011,136.58333333333334
3,2026-05-25,LABORAL,09:00,111.0,22.808352867280128,136.8655462184874
3,2026-05-25,LABORAL,09:30,113.0,9.823781278814424,114.28813559322033
3,2026-05-25,LABORAL,10:00,144.0,14.870581804599011,127.08474576271186
3,2026-05-25,LABORAL,10:30,105.0,15.589170918469254,111.49166666666666
3,2026-05-25,LABORAL,11:00,62.0,13.002148825103722,103.08403361344538
3,2026-05-25,LABORAL,11:30,230.0,11.163292552885018,130.28813559322035
3,2026-05-25,LABORAL,12:00,61.0,0.15030816644683748,163.68333333333334
3,2026-05-25,LABORAL,12:30,217.0,2.395827988461366,133.76470588235293
3,2026-05-25,LABORAL,13:00,62.0,16.067257456489614,138.05
3,2026-05-25,LABORAL,13:30,151.0,7.981424900039745,130.57627118644066
3,2026-05-25,LABORAL,14:00,143.0,11.735523597780114,119.21367521367522
3,2026-05-25,LABORAL,14:30,122.0,28.63097241856068,139.32478632478632
3,2026-05-25,LABORAL,15:00,103.0,21.78821426446807,133.7310924369748
3,2026-05-25,LABORAL,15:30,180.0,16.358521934442578,123.85344827586206
3,2026-05-25,LABORAL,16:00,71.0,12.198567296086384,103.25862068965517
3,2026-05-25,LABORAL,16:30,73.0,7.897321502026409,76.25
3,2026-05-25,LABORAL,17:00,30.0,14.596782686005847,49.44444444444444
3,2026-05-25,LABORAL,17:30,27.0,6.399840117428721,33.46153846153846
3,2026-05-26,LABORAL,04:00,47.0,90.72446660544023,54.623931623931625
3,2026-05-26,LABORAL,04:30,166.0,119.05662853683505,136.0420168067227
3,2026-05-26,LABORAL,05:00,314.0,87.0202500118333,269.53333333333336
3,2026-05-26,LABORAL,05:30,195.0,112.46894888107607,233.81666666666666
3,2026-05-26,LABORAL,06:00,342.0,59.85514630698978,290.2583333333333
3,2026-05-26,LABORAL,06:30,210.0,89.66501170764363,210.14166666666668
3,2026-05-26,LABORAL,07:00,168.0,53.87429816687822,162.525
3,2026-05-26,LABORAL,07:30,120.0,57.736178077523334,147.59166666666667
3,2026-05-26,LABORAL,08:00,159.0,83.74432755526207,137.39655172413794
3,2026-05-26,LABORAL,08:30,126.0,52.896104007144956,137.13333333333333
3,2026-05-26,LABORAL,09:00,158.0,47.92977460394334,136.61344537815125
3,2026-05-26,LABORAL,09:30,104.0,58.94121217539189,114.35593220338983
3,2026-05-26,LABORAL,10:00,132.0,47.01152645746963,126.57627118644068
3,2026-05-26,LABORAL,10:30,143.0,31.87327426588804,111.46666666666667
3,2026-05-26,LABORAL,11:00,113.0,83.36239708636036,102.98319327731092
3,2026-05-26,LABORAL,11:30,127.0,26.260739418252115,130.71186440677965
3,2026-05-26,LABORAL,12:00,211.0,74.89424409705721,162.83333333333334
3,2026-05-26,LABORAL,12:30,156.0,31.152027563713123,134.39495798319328
3,2026-05-26,LABORAL,13:00,64.0,56.31211442678053,137.28333333333333
3,2026-05-26,LABORAL,13:30,210.0,55.63761757468022,131.3050847457627
3,2026-05-26,LABORAL,14:00,65.0,55.1876749056497,119.05128205128206
3,2026-05-26,LABORAL,14:30,201.0,47.07896563444526,139.0940170940171
3,2026-05-26,LABORAL,15:00,87.0,68.41516770152964,133.14285714285714
3,2026-05-26,LABORAL,15:30,135.0,32.80356948697126,123.86206896551724
3,2026-05-26,LABORAL,16:00,97.0,31.095877950201423,102.88793103448276
3,2026-05-26,LABORAL,16:30,56.0,20.430204889180704,76.21551724137932
3,2026-05-26,LABORAL,17:00,27.0,18.620591558214254,49.23076923076923
3,2026-05-27,LABORAL,04:00,42.0,85.06831022233239,54.51282051282051
3,2026-05-27,LABORAL,04:30,215.0,133.3265211241281,136.35294117647058
3,2026-05-27,LABORAL,05:00,118.0,165.57098610656692,269.2
3,2026-05-27,LABORAL,05:30,241.0,141.43053114497366,233.175
3,2026-05-27,LABORAL,06:00,261.0,165.89187467708473,290.1166666666667
3,2026-05-27,LABORAL,06:30,150.0,138.85331286841418,210.09166666666667
3,2026-05-27,LABORAL,07:00,128.0,118.5670447192897,162.35833333333332
3,2026-05-27,LABORAL,07:30,162.0,106.66147864536315,146.875
3,2026-05-27,LABORAL,08:00,119.0,122.77468709616684,137.5811965811966
3,2026-05-27,LABORAL,08:30,46.0,106.03255097192906,136.88333333333333
3,2026-05-27,LABORAL,09:00,152.0,112.57299950820867,136.53781512605042
3,2026-05-27,LABORAL,09:30,48.0,100.90301983759798,114.00847457627118
3,2026-05-27,LABORAL,10:00,145.0,104.65471602624517,126.63559322033899
3,2026-05-27,LABORAL,10:30,110.0,103.21875007278253,111.4
3,2026-05-27,LABORAL,11:00,131.0,107.88961375904012,102.87394957983193
3,2026-05-27,LABORAL,11:30,89.0,96.71484501427011,130.66949152542372
3,2026-05-27,LABORAL,12:00,160.0,130.10713629391262,163.23333333333332
3,2026-05-27,LABORAL,12:30,128.0,104.4571810420005,134.10084033613447
3,2026-05-27,LABORAL,13:00,76.0,86.52547886816527,136.53333333333333
3,2026-05-27,LABORAL,13:30,149.0,123.56550435436469,132.05084745762713
3,2026-05-27,LABORAL,14:00,109.0,85.52782350279534,118.2991452991453
3,2026-05-27,LABORAL,14:30,113.0,118.13181713939761,139.22222222222223
3,2026-05-27,LABORAL,15:00,164.0,93.57323917084442,132.3781512605042
3,2026-05-27,LABORAL,15:30,69.0,96.57024459077506,123.98275862068965
3,2026-05-27,LABORAL,16:00,86.0,85.86454697642237,102.56896551724138
3,2026-05-27,LABORAL,16:30,54.0,72.13164611138549,75.66379310344827
3,2026-05-28,LABORAL,04:00,50.0,62.96425570306829,54.34188034188034
3,2026-05-28,LABORAL,04:30,148.0,75.3623191003613,136.890756302521
3,2026-05-28,LABORAL,05:00,237.0,132.06720619464204,268.68333333333334
3,2026-05-28,LABORAL,05:30,214.0,114.96851354477025,232.85833333333332
3,2026-05-28,LABORAL,06:00,329.0,139.9511876888474,289.65
3,2026-05-28,LABORAL,06:30,157.0,152.01586535481644,209.78333333333333
3,2026-05-28,LABORAL,07:00,208.0,114.68946843580088,162.20833333333334
3,2026-05-28,LABORAL,07:30,60.0,103.0353128620435,147.025
3,2026-05-28,LABORAL,08:00,173.0,108.26121327973135,137.2136752136752
3,2026-05-28,LABORAL,08:30,74.0,101.01031408161606,136.15
3,2026-05-28,LABORAL,09:00,169.0,76.89716547666885,136.52100840336135
3,2026-05-28,LABORAL,09:30,94.0,106.38174231401813,113.67796610169492
3,2026-05-28,LABORAL,10:00,75.0,75.31915553164114,127.02542372881356
3,2026-05-28,LABORAL,10:30,164.0,101.64432666834533,111.45
3,2026-05-28,LABORAL,11:00,119.0,91.81658945045281,102.68067226890756
3,2026-05-28,LABORAL,11:30,143.0,98.02002842651407,131.01694915254237
3,2026-05-28,LABORAL,12:00,103.0,83.88894148046752,163.05833333333334
3,2026-05-28,LABORAL,12:30,145.0,111.35378774340867,133.88235294117646
3,2026-05-28,LABORAL,13:00,93.0,95.65891344976538,135.83333333333334
3,2026-05-28,LABORAL,13:30,123.0,76.47109640967676,132.27966101694915
3,2026-05-28,LABORAL,14:00,115.0,105.75677481964202,118.24786324786325
3,2026-05-28,LABORAL,14:30,168.0,84.20255275474176,138.3846153846154
3,2026-05-28,LABORAL,15:00,101.0,94.15981317952854,132.71428571428572
3,2026-05-28,LABORAL,15:30,128.0,100.29084963223374,123.38793103448276
3,2026-05-28,LABORAL,16:00,130.0,76.05555008881257,101.81896551724138
3,2026-05-28,LABORAL,16:30,40.0,77.27395563329503,75.32758620689656
3,2026-05-28,LABORAL,17:00,36.0,64.74167618996842,48.89010989010989
3,2026-05-29,LABORAL,04:00,116.0,35.97949155040522,54.23931623931624
3,2026-05-29,LABORAL,04:30,69.0,76.608792037337,136.8235294117647
3,2026-05-29,LABORAL,05:00,243.0,138.2606294811741,268.40833333333336
3,2026-05-29,LABORAL,05:30,317.0,119.84772854580785,232.2
3,2026-05-29,LABORAL,06:00,215.0,153.84871439238714,290.03333333333336
3,2026-05-29,LABORAL,06:30,257.0,133.50137829737912,209.36666666666667
3,2026-05-29,LABORAL,07:00,146.0,118.06288048071713,163.09166666666667
3,2026-05-29,LABORAL,07:30,173.0,89.05107511389782,146.05833333333334
3,2026-05-29,LABORAL,08:00,122.0,110.8883077203244,137.46153846153845
3,2026-05-29,LABORAL,08:30,88.0,99.89102979442862,135.275
3,2026-05-29,LABORAL,09:00,146.0,101.04794280708931,137.0924369747899
3,2026-05-29,LABORAL,09:30,138.0,93.7074653884452,112.91525423728814
3,2026-05-29,LABORAL,10:00,86.0,75.72562552932932,126.50847457627118
3,2026-05-29,LABORAL,10:30,87.0,106.25544581027955,112.025
3,2026-05-29,LABORAL,11:00,145.0,87.26968293548762,102.96638655462185
3,2026-05-29,LABORAL,11:30,74.0,104.02547824534656,130.8728813559322
3,2026-05-29,LABORAL,12:00,190.0,72.16395052228623,161.20833333333334
3,2026-05-29,LABORAL,12:30,149.0,103.2885683033402,133.78151260504202
3,2026-05-29,LABORAL,13:00,174.0,73.3119264561913,135.70833333333334
3,2026-05-29,LABORAL,13:30,56.0,72.4714796883433,132.74576271186442
3,2026-05-29,LABORAL,14:00,118.0,117.83331424609656,118.42735042735043
3,2026-05-29,LABORAL,14:30,168.0,118.52635233116973,138.3760683760684
3,2026-05-29,LABORAL,15:00,138.0,130.8051901524337,132.51260504201682
3,2026-05-29,LABORAL,15:30,84.0,137.67531595738802,123.33620689655173
3,2026-05-29,LABORAL,16:00,72.0,110.35742472816996,101.73275862068965
3,2026-05-29,LABORAL,16:30,75.0,82.34913104283218,74.77586206896552
3,2026-05-29,LABORAL,17:00,19.0,67.69583267919599,48.2967032967033
3,2026-05-30,SABADO,04:30,175.0,50.94588009004669,95.6923076923077
3,2026-05-30,SABADO,05:00,105.0,70.73960966128669,155.53846153846155
3,2026-05-30,SABADO,05:30,174.0,150.99632052118736,140.3846153846154
3,2026-05-30,SABADO,06:00,122.0,145.37540398179516,195.92307692307693
3,2026-05-30,SABADO,06:30,210.0,159.84341469937883,183.26923076923077
3,2026-05-30,SABADO,07:00,142.0,148.549936414928,125.61538461538461
3,2026-05-30,SABADO,07:30,104.0,119.71093815729442,102.26923076923077
3,2026-05-30,SABADO,08:00,49.0,98.93682531582337,114.42307692307692
3,2026-05-30,SABADO,08:30,139.0,110.11936378576033,102.6
3,2026-05-30,SABADO,09:00,80.0,95.75798463745271,96.6923076923077
3,2026-05-30,SABADO,09:30,59.0,105.20177834561443,78.96153846153847
3,2026-05-30,SABADO,10:00,99.0,97.95346557705425,81.42307692307692
3,2026-05-30,SABADO,10:30,51.0,75.31888518100031,81.07692307692308
3,2026-05-30,SABADO,11:00,30.0,101.22357877635174,83.15384615384616
3,2026-05-30,SABADO,11:30,121.0,93.63271786913343,83.68
3,2026-05-30,SABADO,12:00,105.0,97.54315455329039,76.34615384615384
3,2026-05-30,SABADO,12:30,18.0,87.45568816141422,73.95833333333333
3,2026-05-30,SABADO,13:00,36.0,107.86326705733904,70.1304347826087
3,2026-05-30,SABADO,13:30,58.0,86.26486911657788,62.541666666666664
3,2026-05-30,SABADO,14:00,54.0,68.46978091232761,62.04
3,2026-05-30,SABADO,14:30,31.0,115.2497010562592,64.08333333333333
3,2026-05-30,SABADO,15:00,81.0,122.85725031320453,65.0
3,2026-05-30,SABADO,15:30,39.0,128.5101353896215,54.63636363636363
3,2026-05-31,DOMINGO,07:00,29.0,78.8066905771757,27.25
3,2026-05-31,DOMINGO,08:00,29.0,57.194631104344175,39.76
3,2026-05-31,DOMINGO,08:30,37.0,47.545530240840456,33.35294117647059
3,2026-05-31,DOMINGO,09:00,32.0,32.975273942431805,38.05555555555556
3,2026-05-31,DOMINGO,10:00,61.0,66.60151539897588,38.26315789473684
3,2026-05-31,DOMINGO,11:00,25.0,76.71837010067743,38.294117647058826
3,2026-05-31,DOMINGO,11:30,42.0,152.30178725664723,32.375
3,2026-05-31,DOMINGO,14:00,24.0,141.64507806758704,29.857142857142858
3,2026-05-31,DOMINGO,14:30,23.0,165.70621462139658,31.375
3,2026-06-01,LABORAL,04:00,49.0,59.01906251000381,54.73504273504273
3,2026-06-01,LABORAL,04:30,131.0,41.22615197998291,136.35294117647058
3,2026-06-01,LABORAL,05:00,236.0,35.26215485988048,267.68333333333334
3,2026-06-01,LABORAL,05:30,237.0,70.20815341666044,233.04166666666666
3,2026-06-01,LABORAL,06:00,226.0,57.74579637956645,289.175
3,2026-06-01,LABORAL,06:30,187.0,70.27807754930276,209.69166666666666
3,2026-06-01,LABORAL,07:00,167.0,76.73088173219855,163.41666666666666
3,2026-06-01,LABORAL,07:30,106.0,53.957599617125005,146.18333333333334
3,2026-06-01,LABORAL,08:00,77.0,75.19575813522971,136.76068376068375
3,2026-06-01,LABORAL,08:30,156.0,86.62820494523635,135.575
3,2026-06-01,LABORAL,09:00,43.0,88.38355468080148,136.84873949579833
3,2026-06-01,LABORAL,09:30,143.0,69.09051161787038,113.54237288135593
3,2026-06-01,LABORAL,10:00,139.0,89.80227805309953,126.3135593220339
3,2026-06-01,LABORAL,11:00,74.0,76.86421745184762,102.98319327731092
3,2026-06-01,LABORAL,11:30,150.0,60.5102361265446,130.5677966101695
3,2026-06-01,LABORAL,12:00,136.0,94.10630545156047,160.88333333333333
3,2026-06-01,LABORAL,12:30,172.0,108.18475810659103,133.64705882352942
3,2026-06-01,LABORAL,13:00,70.0,104.05553663424664,135.925
3,2026-06-01,LABORAL,13:30,110.0,99.98347123025901,132.33898305084745
3,2026-06-01,LABORAL,14:00,82.0,81.06259472734436,117.72649572649573
3,2026-06-01,LABORAL,14:30,178.0,64.17858526278856,138.5811965811966
3,2026-06-01,LABORAL,15:00,47.0,47.342841104188544,132.6218487394958
3,2026-06-01,LABORAL,15:30,117.0,75.20074200977412,123.01724137931035
3,2026-06-01,LABORAL,16:00,63.0,74.34337991098246,100.86206896551724
3,2026-06-01,LABORAL,16:30,52.0,136.0977733129297,74.84482758620689
3,2026-06-02,LABORAL,04:30,167.0,77.60053809354588,135.91596638655463
3,2026-06-02,LABORAL,05:00,224.0,90.41836566670918,267.3666666666667
3,2026-06-02,LABORAL,05:30,286.0,94.14787372504703,232.2
3,2026-06-02,LABORAL,06:00,279.0,110.74444375440262,288.775
3,2026-06-02,LABORAL,06:30,120.0,133.3575700261903,208.675
3,2026-06-02,LABORAL,07:00,227.0,138.92772991244917,163.96666666666667
3,2026-06-02,LABORAL,07:30,65.0,130.28566532015682,145.74166666666667
3,2026-06-02,LABORAL,08:00,173.0,119.60151599563004,136.0940170940171
3,2026-06-02,LABORAL,08:30,84.0,116.25326352701896,135.81666666666666
3,2026-06-02,LABORAL,09:00,121.0,95.39969762583465,135.58823529411765
3,2026-06-02,LABORAL,09:30,194.0,86.48220394926703,113.80508474576271
3,2026-06-02,LABORAL,10:00,72.0,113.42186159924393,126.2457627118644
3,2026-06-02,LABORAL,10:30,161.0,81.4033356588586,111.84873949579831
3,2026-06-02,LABORAL,11:00,94.0,102.56157739588627,102.85714285714286
3,2026-06-02,LABORAL,11:30,101.0,101.814465577669,130.16949152542372
3,2026-06-02,LABORAL,12:00,188.0,86.12752573032597,160.49166666666667
3,2026-06-02,LABORAL,12:30,135.0,102.83154775119803,133.80672268907563
3,2026-06-02,LABORAL,13:00,105.0,98.3473232214871,135.55
3,2026-06-02,LABORAL,13:30,103.0,111.65707475712942,131.5677966101695
3,2026-06-02,LABORAL,14:00,120.0,81.04556182585556,116.8974358974359
3,2026-06-02,LABORAL,14:30,152.0,89.34527517622695,138.87179487179486
3,2026-06-02,LABORAL,15:00,174.0,81.26801868722451,131.87394957983193
3,2026-06-02,LABORAL,15:30,97.0,105.74043547683301,123.55172413793103
3,2026-06-02,LABORAL,16:00,102.0,69.92911467308168,100.37068965517241
3,2026-06-02,LABORAL,16:30,76.0,92.7799575402002,73.9396551724138
3,2026-06-03,LABORAL,04:30,170.0,75.24320567106915,135.94117647058823
3,2026-06-03,LABORAL,05:00,253.0,69.86495498749616,267.65
3,2026-06-03,LABORAL,05:30,311.0,98.83462131431514,232.71666666666667
3,2026-06-03,LABORAL,06:00,202.0,114.68875237439971,288.075
3,2026-06-03,LABORAL,06:30,215.0,130.42094903263202,207.225
3,2026-06-03,LABORAL,07:00,135.0,131.5337530424861,164.35833333333332
3,2026-06-03,LABORAL,07:30,155.0,91.02228168212659,145.34166666666667
3,2026-06-03,LABORAL,08:00,105.0,123.30523807246233,136.1196581196581
3,2026-06-03,LABORAL,08:30,153.0,70.02820782049356,136.025
3,2026-06-03,LABORAL,09:00,68.0,96.15943664058896,134.27731092436974
3,2026-06-03,LABORAL,09:30,114.0,67.5855425466674,114.72881355932203
3,2026-06-03,LABORAL,10:00,127.0,68.30494483811673,125.54237288135593
3,2026-06-03,LABORAL,10:30,121.0,85.14160933061741,112.03361344537815
3,2026-06-03,LABORAL,11:00,101.0,59.568882838505324,102.82352941176471
3,2026-06-03,LABORAL,11:30,84.0,71.8707507364903,130.08474576271186
3,2026-06-03,LABORAL,12:00,163.0,59.27318185884564,160.46666666666667
3,2026-06-03,LABORAL,12:30,82.0,60.34401376715086,133.83193277310923
3,2026-06-03,LABORAL,13:00,146.0,79.09031140043896,135.76666666666668
3,2026-06-03,LABORAL,13:30,116.0,68.78817318849507,130.44915254237287
3,2026-06-03,LABORAL,14:00,93.0,57.85454710731476,117.55555555555556
3,2026-06-03,LABORAL,14:30,152.0,62.480765993018615,138.1965811965812
3,2026-06-03,LABORAL,15:00,53.0,54.56790011337009,132.71428571428572
3,2026-06-03,LABORAL,15:30,122.0,66.43944174030432,122.25
3,2026-06-03,LABORAL,16:00,109.0,69.21554468553798,100.74137931034483
3,2026-06-03,LABORAL,16:30,46.0,55.665632566493024,73.59482758620689
3,2026-06-03,LABORAL,17:00,29.0,42.60875312397769,47.05555555555556
3,2026-06-04,LABORAL,04:30,157.0,58.068250588979964,136.11764705882354
3,2026-06-04,LABORAL,05:00,293.0,71.60111486140202,267.275
3,2026-06-04,LABORAL,05:30,240.0,128.61328230315405,232.775
3,2026-06-04,LABORAL,06:00,278.0,143.67461441548153,286.8333333333333
3,2026-06-04,LABORAL,06:30,128.0,149.87665000493593,207.225
3,2026-06-04,LABORAL,07:00,157.0,151.43584697790777,163.95833333333334
3,2026-06-04,LABORAL,07:30,117.0,130.74545404118473,145.575
3,2026-06-04,LABORAL,08:00,67.0,110.90186439271325,136.28205128205127
3,2026-06-04,LABORAL,08:30,183.0,129.8073925795273,135.89166666666668
3,2026-06-04,LABORAL,09:00,64.0,104.63443598877426,133.08403361344537
3,2026-06-04,LABORAL,09:30,85.0,104.43299857503077,114.66949152542372
3,2026-06-04,LABORAL,10:00,129.0,98.32637673481109,125.5546218487395
3,2026-06-04,LABORAL,10:30,90.0,83.69052477611127,111.97478991596638
3,2026-06-04,LABORAL,11:00,92.0,99.49390252235467,102.50420168067227
3,2026-06-04,LABORAL,11:30,106.0,93.8671802350631,129.74576271186442
3,2026-06-04,LABORAL,12:00,133.0,91.40695499316789,160.75833333333333
3,2026-06-04,LABORAL,12:30,123.0,92.55931547174579,133.35294117647058
3,2026-06-04,LABORAL,13:00,84.0,92.78205183587949,136.60833333333332
3,2026-06-04,LABORAL,13:30,134.0,97.24613574006425,129.72881355932202
3,2026-06-04,LABORAL,14:00,97.0,85.31366911787093,117.31623931623932
3,2026-06-04,LABORAL,14:30,123.0,97.78416264746207,138.4017094017094
3,2026-06-04,LABORAL,15:00,119.0,117.43482270658626,131.38655462184875
3,2026-06-04,LABORAL,15:30,112.0,94.42665803576482,122.32758620689656
3,2026-06-04,LABORAL,16:00,77.0,110.30462937949588,101.17241379310344
3,2026-06-04,LABORAL,16:30,73.0,96.39597508047275,73.08620689655173
3,2026-06-04,LABORAL,17:00,58.0,77.25851232194529,46.37777777777778
3,2026-06-05,LABORAL,04:30,142.0,38.68391987619853,136.21008403361344
3,2026-06-05,LABORAL,05:00,269.0,78.66882720053907,266.81666666666666
3,2026-06-05,LABORAL,05:30,193.0,107.5191870128331,233.025
3,2026-06-05,LABORAL,06:00,329.0,146.23101105433108,287.09166666666664
3,2026-06-05,LABORAL,06:30,178.0,163.1167013734161,206.18333333333334
3,2026-06-05,LABORAL,07:00,132.0,146.11258242497667,164.29166666666666
3,2026-06-05,LABORAL,07:30,125.0,150.94338484754158,145.2
3,2026-06-05,LABORAL,08:00,138.0,127.46788090602615,136.02564102564102
3,2026-06-05,LABORAL,08:30,108.0,103.3931780695673,135.85
3,2026-06-05,LABORAL,09:00,118.0,135.56259745888727,132.53781512605042
3,2026-06-05,LABORAL,09:30,59.0,97.32522948343814,114.55084745762711
3,2026-06-05,LABORAL,10:00,140.0,100.03189159343799,125.5546218487395
3,2026-06-05,LABORAL,10:30,112.0,101.10352194205566,111.90756302521008
3,2026-06-05,LABORAL,11:00,109.0,83.18267106133624,102.12605042016807
3,2026-06-05,LABORAL,11:30,90.0,96.65629582708048,129.27118644067798
3,2026-06-05,LABORAL,12:00,178.0,93.90906869377511,160.96666666666667
3,2026-06-05,LABORAL,12:30,114.0,95.69280965732838,132.63025210084032
3,2026-06-05,LABORAL,13:00,45.0,95.15455238346176,136.38333333333333
3,2026-06-05,LABORAL,13:30,158.0,89.79376903699448,129.5593220338983
3,2026-06-05,LABORAL,14:00,125.0,100.60245530930518,117.08547008547009
3,2026-06-05,LABORAL,14:30,110.0,85.33255894833631,138.0
3,2026-06-05,LABORAL,15:00,126.0,99.56961023489907,131.87394957983193
3,2026-06-05,LABORAL,15:30,110.0,115.42985632020243,122.16379310344827
3,2026-06-05,LABORAL,16:00,110.0,95.25188164953629,100.14655172413794
3,2026-06-05,LABORAL,16:30,41.0,103.51054678275771,73.14655172413794
3,2026-06-06,SABADO,04:00,53.0,72.38361397961555,37.125
3,2026-06-06,SABADO,04:30,93.0,48.716836347862355,97.46153846153847
3,2026-06-06,SABADO,05:00,106.0,50.15117427619463,153.23076923076923
3,2026-06-06,SABADO,05:30,188.0,100.35514849882759,143.15384615384616
3,2026-06-06,SABADO,06:00,213.0,115.26576936736929,191.23076923076923
3,2026-06-06,SABADO,06:30,181.0,167.57884357720363,184.6153846153846
3,2026-06-06,SABADO,07:00,105.0,160.61445387946796,128.03846153846155
3,2026-06-06,SABADO,07:30,138.0,141.05236447552002,101.3076923076923
3,2026-06-06,SABADO,08:00,94.0,144.08405162882525,110.38461538461539
3,2026-06-06,SABADO,08:30,92.0,126.37066875696961,104.72
3,2026-06-06,SABADO,09:00,75.0,102.23587018039682,95.38461538461539
3,2026-06-06,SABADO,09:30,93.0,130.47677687799043,78.26923076923077
3,2026-06-06,SABADO,10:00,100.0,90.67183063456237,83.07692307692308
3,2026-06-06,SABADO,10:30,96.0,104.24403927721282,78.6923076923077
3,2026-06-06,SABADO,11:00,65.0,101.05176000288215,81.03846153846153
3,2026-06-06,SABADO,11:30,48.0,85.50779597520523,83.6
3,2026-06-06,SABADO,12:00,93.0,94.37738967699718,76.07692307692308
3,2026-06-06,SABADO,12:30,72.0,104.26896127798172,71.70833333333333
3,2026-06-06,SABADO,13:00,41.0,96.86588843346323,69.82608695652173
3,2026-06-06,SABADO,13:30,82.0,86.48312131806281,63.75
3,2026-06-06,SABADO,14:00,30.0,98.17255041084232,61.84
3,2026-06-06,SABADO,14:30,48.0,102.05228060910177,60.0
3,2026-06-06,SABADO,15:00,75.0,87.32848237550719,65.95833333333333
3,2026-06-06,SABADO,16:00,52.0,102.15129822273427,45.3
3,2026-06-07,DOMINGO,06:30,52.0,91.19949741856692,33.5
3,2026-06-07,DOMINGO,07:00,23.0,74.43483019517883,27.7
3,2026-06-07,DOMINGO,07:30,19.0,79.78457818931761,31.523809523809526
3,2026-06-07,DOMINGO,08:00,38.0,73.64076984777911,38.72
3,2026-06-07,DOMINGO,08:30,30.0,67.22466996608092,33.55555555555556
3,2026-06-07,DOMINGO,09:00,25.0,63.05887147688774,36.166666666666664
3,2026-06-07,DOMINGO,09:30,44.0,116.50436024325258,31.72222222222222
3,2026-06-07,DOMINGO,10:00,26.0,130.27276214104353,38.526315789473685
3,2026-06-07,DOMINGO,10:30,47.0,168.7780079441501,40.1764705882353
3,2026-06-07,DOMINGO,11:00,27.0,151.41905494837977,35.470588235294116
3,2026-06-07,DOMINGO,11:30,28.0,138.91858799285453,32.94117647058823
3,2026-06-07,DOMINGO,12:00,25.0,134.90496860565221,35.44444444444444
3,2026-06-07,DOMINGO,12:30,26.0,119.49656506834245,31.307692307692307
3,2026-06-07,DOMINGO,13:00,20.0,96.63751997828038,29.125
3,2026-06-07,DOMINGO,13:30,12.0,122.66557402399864,32.857142857142854
3,2026-06-07,DOMINGO,14:00,26.0,90.073838848307,29.714285714285715
3,2026-06-07,DOMINGO,14:30,18.0,100.85017506394935,31.125
3,2026-06-07,DOMINGO,15:00,18.0,93.79653478380125,31.333333333333332
3,2026-06-08,FESTIVO_PUENTE,07:30,32.0,12.785786582808225,24.666666666666668
3,2026-06-08,FESTIVO_PUENTE,08:00,19.0,22.673016058348143,34.5
3,2026-06-08,FESTIVO_PUENTE,08:30,19.0,24.083653760650293,31.5
3,2026-06-08,FESTIVO_PUENTE,10:30,33.0,12.347050901017827,26.5
3,2026-06-08,FESTIVO_PUENTE,11:00,19.0,17.65614400603398,25.0
3,2026-06-08,FESTIVO_PUENTE,11:30,46.0,11.874089324562393,21.25
3,2026-06-08,FESTIVO_PUENTE,13:30,23.0,15.631838954616848,29.333333333333332
3,2026-06-08,FESTIVO_PUENTE,15:00,31.0,20.173529351186293,20.0
3,2026-06-08,FESTIVO_PUENTE,15:30,25.0,16.111232092407356,121.53166627716756
3,2026-06-09,LABORAL,04:30,158.0,23.03832066823296,136.42857142857142
3,2026-06-09,LABORAL,05:00,185.0,14.768235309534957,266.0416666666667
3,2026-06-09,LABORAL,05:30,342.0,8.424757534913493,232.29166666666666
3,2026-06-09,LABORAL,06:00,230.0,13.827559129923376,287.1666666666667
3,2026-06-09,LABORAL,06:30,209.0,13.967057699781117,206.7
3,2026-06-09,LABORAL,07:00,135.0,15.348883259829135,163.29166666666666
3,2026-06-09,LABORAL,07:30,97.0,29.639506995529143,145.14166666666668
3,2026-06-09,LABORAL,08:00,205.0,26.417129228494726,135.8803418803419
3,2026-06-09,LABORAL,08:30,107.0,32.04058302620495,136.2
3,2026-06-09,LABORAL,09:00,196.0,18.699885828940403,132.16806722689077
3,2026-06-09,LABORAL,09:30,139.0,19.232398274097818,114.10169491525424
3,2026-06-09,LABORAL,10:00,129.0,15.384046758760924,125.7983193277311
3,2026-06-09,LABORAL,10:30,108.0,15.375337414662043,112.1344537815126
3,2026-06-09,LABORAL,11:00,98.0,11.654171208210661,101.85714285714286
3,2026-06-09,LABORAL,11:30,137.0,11.952822598052949,129.11016949152543
3,2026-06-09,LABORAL,12:00,180.0,13.868434483509601,160.53333333333333
3,2026-06-09,LABORAL,12:30,99.0,13.40921507919173,132.1764705882353
3,2026-06-09,LABORAL,13:00,148.0,10.865377280565951,135.88333333333333
3,2026-06-09,LABORAL,13:30,103.0,12.79786114218206,129.6271186440678
3,2026-06-09,LABORAL,14:00,92.0,12.528160199669488,117.53846153846153
3,2026-06-09,LABORAL,14:30,169.0,12.92016953080715,137.03418803418805
3,2026-06-09,LABORAL,15:00,116.0,12.892225668430314,131.2268907563025
3,2026-06-09,LABORAL,15:30,105.0,11.020727911959522,122.56896551724138
3,2026-06-09,LABORAL,16:00,107.0,15.932026616212843,99.87931034482759
3,2026-06-09,LABORAL,16:30,44.0,11.36650221713228,72.87068965517241
3,2026-06-09,LABORAL,17:00,50.0,14.683855817919712,46.78651685393258
3,2026-06-10,LABORAL,04:00,29.0,61.236605252805006,54.589285714285715
3,2026-06-10,LABORAL,04:30,118.0,93.31323714253418,136.32773109243698
3,2026-06-10,LABORAL,05:00,285.0,85.41168420542306,265.25
3,2026-06-10,LABORAL,05:30,257.0,107.74754364371023,233.19166666666666
3,2026-06-10,LABORAL,06:00,302.0,90.12336784008852,286.43333333333334
3,2026-06-10,LABORAL,06:30,180.0,80.99699172657373,206.55833333333334
3,2026-06-10,LABORAL,07:00,113.0,66.96257655632525,162.69166666666666
3,2026-06-10,LABORAL,07:30,113.0,101.0088857376438,144.73333333333332
3,2026-06-10,LABORAL,08:00,172.0,123.4140298631125,135.74358974358975
3,2026-06-10,LABORAL,08:30,66.0,138.8355225790227,135.75833333333333
3,2026-06-10,LABORAL,09:00,102.0,136.65343111697172,132.05882352941177
3,2026-06-10,LABORAL,09:30,128.0,119.8900002399372,114.38983050847457
3,2026-06-10,LABORAL,10:00,108.0,115.27629651420112,124.91596638655462
3,2026-06-10,LABORAL,10:30,45.0,101.67080585751972,112.12605042016807
3,2026-06-10,LABORAL,11:00,117.0,83.54893471781874,102.14285714285714
3,2026-06-10,LABORAL,11:30,113.0,106.23646760729974,127.94067796610169
3,2026-06-10,LABORAL,12:00,112.0,91.06058921283353,160.625
3,2026-06-10,LABORAL,12:30,134.0,86.34449500266783,131.7058823529412
3,2026-06-10,LABORAL,13:00,53.0,88.25380393422432,136.15833333333333
3,2026-06-10,LABORAL,13:30,48.0,72.84623422279728,128.66101694915255
3,2026-06-10,LABORAL,14:30,55.0,79.27739572481552,136.39316239316238
3,2026-06-10,LABORAL,15:00,41.0,93.84639313462378,131.03361344537817
