route,dia_op,tipo_dia,hora,real,pred_xgboost,pred_media
1,2026-04-02,FESTIVO,07:00,65.0,40.883575,108.66842709529277
1,2026-04-02,FESTIVO,07:30,23.0,39.16282,108.66842709529277
1,2026-04-02,FESTIVO,08:00,11.0,34.346855,26.0
1,2026-04-02,FESTIVO,09:00,20.0,36.246696,20.0
1,2026-04-02,FESTIVO,09:30,25.0,31.792368,16.0
1,2026-04-02,FESTIVO,10:00,21.0,29.513914,108.66842709529277
1,2026-04-02,FESTIVO,10:30,19.0,26.00057,16.0
1,2026-04-02,FESTIVO,11:00,23.0,26.793524,108.66842709529277
1,2026-04-02,FESTIVO,11:30,33.0,29.027681,23.0
1,2026-04-02,FESTIVO,12:00,18.0,27.853174,108.66842709529277
1,2026-04-02,FESTIVO,12:30,45.0,33.638523,27.0
1,2026-04-02,FESTIVO,13:00,21.0,45.084255,108.66842709529277
1,2026-04-02,FESTIVO,13:30,49.0,34.735744,33.0
1,2026-04-02,FESTIVO,15:00,27.0,42.099037,108.66842709529277
1,2026-04-02,FESTIVO,15:30,30.0,41.348724,108.66842709529277
1,2026-04-03,FESTIVO,08:00,14.0,34.737686,18.5
1,2026-04-03,FESTIVO,08:30,30.0,35.732048,24.0
1,2026-04-03,FESTIVO,09:00,16.0,37.553356,20.0
1,2026-04-03,FESTIVO,11:00,12.0,25.883373,23.0
1,2026-04-03,FESTIVO,11:30,28.0,27.41835,28.0
1,2026-04-03,FESTIVO,12:00,19.0,28.354765,18.0
1,2026-04-03,FESTIVO,12:30,18.0,32.175194,36.0
1,2026-04-03,FESTIVO,14:30,31.0,42.681076,24.0
1,2026-04-04,SABADO,04:30,37.0,56.852108,75.56
1,2026-04-04,SABADO,05:00,48.0,60.861324,59.8
1,2026-04-04,SABADO,05:30,51.0,79.12609,96.34615384615384
1,2026-04-04,SABADO,06:00,42.0,73.45997,94.76923076923077
1,2026-04-04,SABADO,06:30,66.0,91.23567,108.03846153846153
1,2026-04-04,SABADO,07:00,38.0,64.0595,106.84615384615384
1,2026-04-04,SABADO,07:30,63.0,86.74195,105.65384615384616
1,2026-04-04,SABADO,08:00,80.0,94.56915,102.84615384615384
1,2026-04-04,SABADO,08:30,23.0,83.57895,100.5
1,2026-04-04,SABADO,09:00,89.0,88.3351,95.5
1,2026-04-04,SABADO,09:30,54.0,71.223785,93.65384615384616
1,2026-04-04,SABADO,10:00,73.0,69.21965,75.03846153846153
1,2026-04-04,SABADO,10:30,30.0,78.47804,94.0
1,2026-04-04,SABADO,11:00,17.0,99.15492,92.34615384615384
1,2026-04-04,SABADO,11:30,104.0,79.14888,82.6
1,2026-04-04,SABADO,12:00,71.0,83.163414,87.46153846153847
1,2026-04-04,SABADO,13:00,99.0,59.112305,64.45454545454545
1,2026-04-04,SABADO,13:30,21.0,62.810734,71.44
1,2026-04-04,SABADO,14:30,36.0,80.81338,75.15384615384616
1,2026-04-04,SABADO,15:00,124.0,61.13338,64.29166666666667
1,2026-04-04,SABADO,16:00,48.0,46.807243,59.34782608695652
1,2026-04-04,SABADO,17:00,26.0,46.998253,42.57142857142857
1,2026-04-05,DOMINGO,07:00,29.0,33.529644,34.73913043478261
1,2026-04-05,DOMINGO,07:30,23.0,29.072691,31.291666666666668
1,2026-04-05,DOMINGO,08:30,28.0,39.35504,46.791666666666664
1,2026-04-05,DOMINGO,09:00,28.0,37.019283,35.76470588235294
1,2026-04-05,DOMINGO,10:00,18.0,32.297104,35.333333333333336
1,2026-04-05,DOMINGO,10:30,28.0,28.728207,35.86363636363637
1,2026-04-05,DOMINGO,11:00,30.0,26.621414,36.526315789473685
1,2026-04-05,DOMINGO,12:30,23.0,36.427246,37.95238095238095
1,2026-04-05,DOMINGO,13:30,21.0,26.357319,30.27777777777778
1,2026-04-05,DOMINGO,14:00,21.0,29.59304,37.0
1,2026-04-05,DOMINGO,15:00,23.0,39.423805,39.36842105263158
1,2026-04-06,LABORAL,04:30,135.0,112.75957,115.16666666666667
1,2026-04-06,LABORAL,05:00,73.0,118.90413,116.84873949579831
1,2026-04-06,LABORAL,05:30,183.0,135.9534,133.30833333333334
1,2026-04-06,LABORAL,06:00,106.0,120.35045,133.025
1,2026-04-06,LABORAL,06:30,160.0,129.53423,132.0
1,2026-04-06,LABORAL,07:00,157.0,131.31873,130.04166666666666
1,2026-04-06,LABORAL,07:30,54.0,120.028244,133.91666666666666
1,2026-04-06,LABORAL,08:00,165.0,136.10014,128.96638655462183
1,2026-04-06,LABORAL,08:30,123.0,128.4625,131.94117647058823
1,2026-04-06,LABORAL,09:00,176.0,122.28047,135.76470588235293
1,2026-04-06,LABORAL,09:30,155.0,121.65367,121.23333333333333
1,2026-04-06,LABORAL,10:00,98.0,106.3241,97.26666666666667
1,2026-04-06,LABORAL,10:30,80.0,102.44236,96.45833333333333
1,2026-04-06,LABORAL,11:00,90.0,105.74906,93.625
1,2026-04-06,LABORAL,11:30,84.0,103.92543,100.1
1,2026-04-06,LABORAL,12:00,110.0,105.81328,110.70833333333333
1,2026-04-06,LABORAL,12:30,165.0,127.29464,130.91666666666666
1,2026-04-06,LABORAL,13:00,105.0,118.74172,138.9
1,2026-04-06,LABORAL,13:30,192.0,134.09738,135.725
1,2026-04-06,LABORAL,14:00,174.0,132.26102,148.25423728813558
1,2026-04-06,LABORAL,14:30,113.0,141.09822,150.93333333333334
1,2026-04-06,LABORAL,15:00,217.0,152.39456,168.26666666666668
1,2026-04-06,LABORAL,15:30,135.0,139.9948,174.56302521008402
1,2026-04-06,LABORAL,16:00,151.0,142.00699,143.21848739495798
1,2026-04-06,LABORAL,16:30,118.0,115.24755,115.16806722689076
1,2026-04-06,LABORAL,17:00,50.0,72.577446,71.71818181818182
1,2026-04-06,LABORAL,17:30,20.0,34.716877,37.36538461538461
1,2026-04-06,LABORAL,18:00,21.0,26.515465,25.647058823529413
1,2026-04-07,LABORAL,04:30,120.0,114.03185,115.45833333333333
1,2026-04-07,LABORAL,05:00,126.0,126.250885,116.40336134453781
1,2026-04-07,LABORAL,05:30,137.0,129.31326,133.83333333333334
1,2026-04-07,LABORAL,06:00,143.0,145.54187,132.66666666666666
1,2026-04-07,LABORAL,06:30,134.0,129.45439,131.91666666666666
1,2026-04-07,LABORAL,07:00,107.0,129.31642,130.05833333333334
1,2026-04-07,LABORAL,07:30,187.0,138.87018,133.125
1,2026-04-07,LABORAL,08:00,164.0,127.11584,129.1596638655462
1,2026-04-07,LABORAL,08:30,129.0,141.72894,131.71428571428572
1,2026-04-07,LABORAL,09:00,152.0,135.26477,136.39495798319328
1,2026-04-07,LABORAL,09:30,91.0,111.99568,120.86666666666666
1,2026-04-07,LABORAL,10:00,176.0,103.60845,97.25833333333334
1,2026-04-07,LABORAL,10:30,88.0,94.82817,96.075
1,2026-04-07,LABORAL,11:00,84.0,95.44273,92.94166666666666
1,2026-04-07,LABORAL,11:30,134.0,95.09903,100.175
1,2026-04-07,LABORAL,12:00,113.0,103.3199,110.60833333333333
1,2026-04-07,LABORAL,12:30,82.0,123.0235,130.925
1,2026-04-07,LABORAL,13:00,149.0,136.42404,138.85
1,2026-04-07,LABORAL,13:30,211.0,135.22408,135.49166666666667
1,2026-04-07,LABORAL,14:00,180.0,144.60036,148.47457627118644
1,2026-04-07,LABORAL,14:30,114.0,155.29999,150.69166666666666
1,2026-04-07,LABORAL,15:00,190.0,157.3748,168.025
1,2026-04-07,LABORAL,15:30,194.0,166.94878,174.84873949579833
1,2026-04-07,LABORAL,16:00,198.0,140.94728,142.71428571428572
1,2026-04-07,LABORAL,16:30,148.0,108.105545,114.59663865546219
1,2026-04-07,LABORAL,17:00,82.0,81.25264,71.49090909090908
1,2026-04-08,LABORAL,04:30,126.0,118.34269,115.275
1,2026-04-08,LABORAL,05:00,117.0,121.22297,116.21848739495799
1,2026-04-08,LABORAL,05:30,125.0,123.19746,133.56666666666666
1,2026-04-08,LABORAL,06:00,132.0,124.09465,132.40833333333333
1,2026-04-08,LABORAL,06:30,189.0,128.09496,131.51666666666668
1,2026-04-08,LABORAL,07:00,53.0,126.10119,129.78333333333333
1,2026-04-08,LABORAL,07:30,118.0,131.21509,133.34166666666667
1,2026-04-08,LABORAL,08:00,125.0,130.96223,129.52100840336135
1,2026-04-08,LABORAL,08:30,184.0,118.87501,131.6218487394958
1,2026-04-08,LABORAL,09:00,105.0,132.84831,136.3361344537815
1,2026-04-08,LABORAL,09:30,120.0,115.516685,120.09166666666667
1,2026-04-08,LABORAL,10:00,151.0,108.28026,98.01666666666667
1,2026-04-08,LABORAL,10:30,70.0,89.622185,95.75
1,2026-04-08,LABORAL,11:00,118.0,92.054924,92.86666666666666
1,2026-04-08,LABORAL,11:30,88.0,97.49453,100.425
1,2026-04-08,LABORAL,12:00,112.0,110.76066,110.69166666666666
1,2026-04-08,LABORAL,12:30,146.0,126.10017,130.125
1,2026-04-08,LABORAL,13:00,159.0,128.59882,139.05
1,2026-04-08,LABORAL,13:30,60.0,137.81389,136.33333333333334
1,2026-04-08,LABORAL,14:00,226.0,156.00102,148.10169491525423
1,2026-04-08,LABORAL,14:30,125.0,137.33688,150.63333333333333
1,2026-04-08,LABORAL,15:00,173.0,170.31183,167.65833333333333
1,2026-04-08,LABORAL,15:30,175.0,139.90742,174.52941176470588
1,2026-04-08,LABORAL,16:00,92.0,132.43202,143.31932773109244
1,2026-04-08,LABORAL,16:30,142.0,113.00837,114.4873949579832
1,2026-04-08,LABORAL,17:00,48.0,57.272205,71.88181818181818
1,2026-04-09,LABORAL,04:30,82.0,111.16474,115.275
1,2026-04-09,LABORAL,05:00,150.0,110.00572,115.68067226890756
1,2026-04-09,LABORAL,05:30,110.0,117.4055,133.96666666666667
1,2026-04-09,LABORAL,06:00,147.0,119.238106,132.075
1,2026-04-09,LABORAL,06:30,99.0,119.54438,131.96666666666667
1,2026-04-09,LABORAL,07:00,153.0,111.98423,129.05
1,2026-04-09,LABORAL,07:30,147.0,117.67788,133.39166666666668
1,2026-04-09,LABORAL,08:00,103.0,115.57844,129.3613445378151
1,2026-04-09,LABORAL,08:30,178.0,117.987274,131.46218487394958
1,2026-04-09,LABORAL,09:00,140.0,112.856705,135.92436974789916
1,2026-04-09,LABORAL,09:30,86.0,113.21919,119.88333333333334
1,2026-04-09,LABORAL,10:00,78.0,102.01418,98.65833333333333
1,2026-04-09,LABORAL,10:30,37.0,92.9555,95.40833333333333
1,2026-04-09,LABORAL,11:00,148.0,97.075096,92.54166666666667
1,2026-04-09,LABORAL,11:30,69.0,95.88828,100.76666666666667
1,2026-04-09,LABORAL,12:00,84.0,99.97526,110.675
1,2026-04-09,LABORAL,12:30,140.0,118.74165,130.38333333333333
1,2026-04-09,LABORAL,13:00,160.0,118.80048,138.6
1,2026-04-09,LABORAL,13:30,85.0,119.19402,134.89166666666668
1,2026-04-09,LABORAL,14:00,111.0,125.42497,148.8135593220339
1,2026-04-09,LABORAL,14:30,168.0,124.482,150.25833333333333
1,2026-04-09,LABORAL,15:00,189.0,132.88695,167.60833333333332
1,2026-04-09,LABORAL,15:30,129.0,134.51054,174.30252100840337
1,2026-04-09,LABORAL,16:00,109.0,121.98583,142.81512605042016
1,2026-04-09,LABORAL,16:30,110.0,110.8399,114.71666666666667
1,2026-04-09,LABORAL,17:00,91.0,61.66039,71.64545454545454
1,2026-04-09,LABORAL,17:30,16.0,32.095963,36.75
1,2026-04-10,LABORAL,04:30,113.0,109.28437,114.80833333333334
1,2026-04-10,LABORAL,05:00,124.0,117.48742,115.99159663865547
1,2026-04-10,LABORAL,05:30,139.0,115.02372,133.725
1,2026-04-10,LABORAL,06:00,131.0,119.45575,131.79166666666666
1,2026-04-10,LABORAL,06:30,93.0,119.876526,131.64166666666668
1,2026-04-10,LABORAL,07:00,152.0,116.35813,129.55
1,2026-04-10,LABORAL,07:30,98.0,120.31041,133.25833333333333
1,2026-04-10,LABORAL,08:00,187.0,109.98728,129.53781512605042
1,2026-04-10,LABORAL,08:30,81.0,119.25823,131.3109243697479
1,2026-04-10,LABORAL,09:00,162.0,116.613266,135.92436974789916
1,2026-04-10,LABORAL,09:30,144.0,108.90736,119.34166666666667
1,2026-04-10,LABORAL,10:00,90.0,94.60598,98.61666666666666
1,2026-04-10,LABORAL,10:30,87.0,94.94137,94.94166666666666
1,2026-04-10,LABORAL,11:00,99.0,97.65238,93.25833333333334
1,2026-04-10,LABORAL,11:30,100.0,92.053955,100.4
1,2026-04-10,LABORAL,12:00,134.0,96.04849,109.96666666666667
1,2026-04-10,LABORAL,12:30,88.0,118.46011,130.58333333333334
1,2026-04-10,LABORAL,13:00,132.0,122.72051,138.70833333333334
1,2026-04-10,LABORAL,13:30,162.0,124.864044,134.3
1,2026-04-10,LABORAL,14:00,172.0,130.65492,148.5084745762712
1,2026-04-10,LABORAL,14:30,205.0,125.132866,150.51666666666668
1,2026-04-10,LABORAL,15:00,101.0,138.68478,167.325
1,2026-04-10,LABORAL,15:30,211.0,134.53163,173.50420168067228
1,2026-04-10,LABORAL,16:00,104.0,120.15433,142.3781512605042
1,2026-04-10,LABORAL,16:30,165.0,104.053696,114.05833333333334
1,2026-04-10,LABORAL,17:00,56.0,57.69247,71.5909090909091
1,2026-04-11,SABADO,04:30,65.0,67.91185,74.04
1,2026-04-11,SABADO,05:00,50.0,65.88597,59.24
1,2026-04-11,SABADO,05:30,87.0,82.2454,95.38461538461539
1,2026-04-11,SABADO,06:00,66.0,80.68897,91.88461538461539
1,2026-04-11,SABADO,06:30,125.0,85.85477,107.8076923076923
1,2026-04-11,SABADO,07:00,104.0,91.61593,104.76923076923077
1,2026-04-11,SABADO,07:30,88.0,78.917625,103.61538461538461
1,2026-04-11,SABADO,08:00,55.0,96.20155,102.23076923076923
1,2026-04-11,SABADO,08:30,59.0,77.337105,95.23076923076923
1,2026-04-11,SABADO,09:00,101.0,96.49469,96.03846153846153
1,2026-04-11,SABADO,09:30,52.0,86.9551,90.65384615384616
1,2026-04-11,SABADO,10:00,123.0,81.57414,75.8076923076923
1,2026-04-11,SABADO,10:30,103.0,70.02891,91.08333333333333
1,2026-04-11,SABADO,11:00,63.0,77.78353,89.34615384615384
1,2026-04-11,SABADO,11:30,58.0,78.405785,84.76
1,2026-04-11,SABADO,12:00,176.0,83.142044,83.8076923076923
1,2026-04-11,SABADO,13:00,57.0,80.28,65.95652173913044
1,2026-04-11,SABADO,13:30,92.0,75.38445,69.72
1,2026-04-11,SABADO,14:00,62.0,93.292175,83.08333333333333
1,2026-04-11,SABADO,15:00,69.0,70.97621,68.375
1,2026-04-11,SABADO,15:30,82.0,77.27234,58.69565217391305
1,2026-04-11,SABADO,16:00,44.0,59.143158,58.91304347826087
1,2026-04-11,SABADO,16:30,43.0,64.19269,72.26315789473684
1,2026-04-11,SABADO,17:30,30.0,40.85226,35.6
1,2026-04-12,DOMINGO,07:30,30.0,32.29375,31.291666666666668
1,2026-04-12,DOMINGO,08:00,28.0,28.63157,38.95238095238095
1,2026-04-12,DOMINGO,09:30,31.0,27.96913,35.388888888888886
1,2026-04-12,DOMINGO,10:30,36.0,34.319767,35.36363636363637
1,2026-04-12,DOMINGO,12:00,36.0,52.98249,35.611111111111114
1,2026-04-12,DOMINGO,13:30,23.0,33.797913,29.789473684210527
1,2026-04-12,DOMINGO,14:30,22.0,33.43303,37.0
1,2026-04-12,DOMINGO,15:30,37.0,32.569473,44.22222222222222
1,2026-04-13,LABORAL,04:30,117.0,122.75071,114.825
1,2026-04-13,LABORAL,05:00,119.0,114.52476,116.0672268907563
1,2026-04-13,LABORAL,05:30,79.0,133.72487,133.71666666666667
1,2026-04-13,LABORAL,06:00,138.0,128.06523,131.65833333333333
1,2026-04-13,LABORAL,06:30,215.0,142.2582,131.36666666666667
1,2026-04-13,LABORAL,07:00,78.0,123.84416,129.36666666666667
1,2026-04-13,LABORAL,07:30,206.0,127.090775,133.075
1,2026-04-13,LABORAL,08:00,48.0,135.9303,129.72268907563026
1,2026-04-13,LABORAL,08:30,132.0,123.84827,131.0
1,2026-04-13,LABORAL,09:00,151.0,137.5984,136.05882352941177
1,2026-04-13,LABORAL,09:30,100.0,131.9549,119.23333333333333
1,2026-04-13,LABORAL,10:00,85.0,94.46704,98.175
1,2026-04-13,LABORAL,10:30,74.0,97.62455,95.11666666666666
1,2026-04-13,LABORAL,11:00,95.0,94.0816,93.33333333333333
1,2026-04-13,LABORAL,11:30,118.0,105.07116,99.6
1,2026-04-13,LABORAL,12:00,86.0,115.3229,109.98333333333333
1,2026-04-13,LABORAL,12:30,99.0,130.99438,130.00833333333333
1,2026-04-13,LABORAL,13:00,139.0,132.3868,138.65833333333333
1,2026-04-13,LABORAL,13:30,115.0,132.09583,134.34166666666667
1,2026-04-13,LABORAL,14:00,189.0,148.5458,148.76271186440678
1,2026-04-13,LABORAL,14:30,80.0,138.97342,150.40833333333333
1,2026-04-13,LABORAL,15:00,211.0,160.87973,167.15
1,2026-04-13,LABORAL,15:30,176.0,136.93443,173.68067226890756
1,2026-04-13,LABORAL,16:00,104.0,144.99663,141.9327731092437
1,2026-04-13,LABORAL,16:30,131.0,110.10947,114.26666666666667
1,2026-04-13,LABORAL,17:00,76.0,78.43278,71.52727272727273
1,2026-04-13,LABORAL,17:30,26.0,31.438627,36.35849056603774
1,2026-04-14,LABORAL,04:30,71.0,117.24163,114.84297520661157
1,2026-04-14,LABORAL,05:00,157.0,124.33801,116.09166666666667
1,2026-04-14,LABORAL,05:30,129.0,134.38576,133.26446280991735
1,2026-04-14,LABORAL,06:00,151.0,136.59389,131.71074380165288
1,2026-04-14,LABORAL,06:30,89.0,138.70818,132.05785123966942
1,2026-04-14,LABORAL,07:00,130.0,124.69707,128.94214876033058
1,2026-04-14,LABORAL,07:30,179.0,134.86827,133.67768595041323
1,2026-04-14,LABORAL,08:00,144.0,137.3137,129.04166666666666
1,2026-04-14,LABORAL,08:30,88.0,126.32095,131.00833333333333
1,2026-04-14,LABORAL,09:00,144.0,141.79485,136.18333333333334
1,2026-04-14,LABORAL,09:30,130.0,121.76023,119.07438016528926
1,2026-04-14,LABORAL,10:00,67.0,111.26945,98.06611570247934
1,2026-04-14,LABORAL,10:30,141.0,96.94099,94.94214876033058
1,2026-04-14,LABORAL,11:00,103.0,98.97879,93.34710743801652
1,2026-04-14,LABORAL,11:30,88.0,107.93464,99.75206611570248
1,2026-04-14,LABORAL,12:00,146.0,114.40618,109.78512396694215
1,2026-04-14,LABORAL,12:30,143.0,121.634796,129.7520661157025
1,2026-04-14,LABORAL,13:00,180.0,131.20474,138.6611570247934
1,2026-04-14,LABORAL,13:30,62.0,141.52194,134.1818181818182
1,2026-04-14,LABORAL,14:00,114.0,161.18011,149.10084033613447
1,2026-04-14,LABORAL,14:30,186.0,138.32695,149.82644628099175
1,2026-04-14,LABORAL,15:00,131.0,175.43764,167.51239669421489
1,2026-04-14,LABORAL,15:30,107.0,166.03809,173.7
1,2026-04-14,LABORAL,16:00,136.0,152.29103,141.61666666666667
1,2026-04-14,LABORAL,16:30,110.0,125.048355,114.40495867768595
1,2026-04-14,LABORAL,17:00,46.0,75.89241,71.56756756756756
1,2026-04-15,LABORAL,04:30,76.0,115.940155,114.45454545454545
1,2026-04-15,LABORAL,05:00,81.0,112.90356,116.49166666666666
1,2026-04-15,LABORAL,05:30,157.0,120.77973,133.2396694214876
1,2026-04-15,LABORAL,06:00,128.0,131.33017,131.67768595041323
1,2026-04-15,LABORAL,06:30,99.0,132.78125,131.4297520661157
1,2026-04-15,LABORAL,07:00,131.0,123.46927,128.15702479338842
1,2026-04-15,LABORAL,07:30,126.0,120.969154,134.0909090909091
1,2026-04-15,LABORAL,08:00,93.0,120.867256,129.83333333333334
1,2026-04-15,LABORAL,08:30,224.0,124.67315,130.16666666666666
1,2026-04-15,LABORAL,09:00,124.0,128.74527,136.26666666666668
1,2026-04-15,LABORAL,09:30,114.0,111.12745,118.75206611570248
1,2026-04-15,LABORAL,10:00,59.0,101.12879,98.05785123966942
1,2026-04-15,LABORAL,10:30,76.0,96.927475,94.98347107438016
1,2026-04-15,LABORAL,11:00,95.0,93.933426,93.67768595041322
1,2026-04-15,LABORAL,11:30,78.0,100.38588,99.14876033057851
1,2026-04-15,LABORAL,12:00,79.0,100.859726,109.98347107438016
1,2026-04-15,LABORAL,12:30,102.0,129.10611,129.900826446281
1,2026-04-15,LABORAL,13:00,116.0,135.32805,139.01652892561984
1,2026-04-15,LABORAL,13:30,162.0,132.23758,133.48760330578511
1,2026-04-15,LABORAL,14:00,119.0,155.2257,148.92436974789916
1,2026-04-15,LABORAL,14:30,58.0,138.55856,149.98347107438016
1,2026-04-15,LABORAL,15:00,138.0,157.26259,166.95867768595042
1,2026-04-15,LABORAL,15:30,176.0,154.73596,173.43333333333334
1,2026-04-15,LABORAL,16:00,89.0,125.14535,141.14166666666668
1,2026-04-15,LABORAL,16:30,75.0,111.51536,115.0495867768595
1,2026-04-15,LABORAL,17:00,46.0,65.954704,70.92792792792793
1,2026-04-16,LABORAL,04:30,123.0,107.68974,113.93388429752066
1,2026-04-16,LABORAL,05:00,49.0,117.12563,115.81666666666666
1,2026-04-16,LABORAL,05:30,181.0,126.97173,133.72727272727272
1,2026-04-16,LABORAL,06:00,34.0,144.62613,131.01652892561984
1,2026-04-16,LABORAL,06:30,162.0,128.7522,131.05785123966942
1,2026-04-16,LABORAL,07:00,96.0,135.84499,128.3305785123967
1,2026-04-16,LABORAL,07:30,136.0,134.05807,133.96694214876032
1,2026-04-16,LABORAL,08:00,142.0,125.61841,129.65833333333333
1,2026-04-16,LABORAL,08:30,107.0,133.44855,131.225
1,2026-04-16,LABORAL,09:00,115.0,124.92986,135.6
1,2026-04-16,LABORAL,09:30,70.0,110.93551,118.69421487603306
1,2026-04-16,LABORAL,10:00,140.0,91.89168,97.48760330578513
1,2026-04-16,LABORAL,10:30,85.0,93.61835,95.0
1,2026-04-16,LABORAL,11:00,40.0,100.67413,93.39669421487604
1,2026-04-16,LABORAL,11:30,116.0,92.6254,99.32231404958678
1,2026-04-16,LABORAL,12:00,115.0,109.91199,109.50413223140495
1,2026-04-16,LABORAL,12:30,115.0,128.29669,129.6198347107438
1,2026-04-16,LABORAL,13:00,108.0,119.11841,138.9504132231405
1,2026-04-16,LABORAL,13:30,160.0,132.30612,133.2396694214876
1,2026-04-16,LABORAL,14:00,117.0,132.82492,149.21008403361344
1,2026-04-16,LABORAL,14:30,192.0,150.77188,148.89256198347107
1,2026-04-16,LABORAL,15:00,145.0,162.70259,166.62809917355372
1,2026-04-16,LABORAL,15:30,60.0,149.97319,173.225
1,2026-04-16,LABORAL,16:00,207.0,113.68512,140.55
1,2026-04-16,LABORAL,16:30,82.0,103.76822,114.73553719008264
1,2026-04-17,LABORAL,04:30,136.0,112.305565,114.2396694214876
1,2026-04-17,LABORAL,05:00,100.0,110.38204,115.14166666666667
1,2026-04-17,LABORAL,05:30,124.0,137.03485,133.89256198347107
1,2026-04-17,LABORAL,06:00,166.0,131.01285,130.1900826446281
1,2026-04-17,LABORAL,06:30,144.0,125.91238,131.44628099173553
1,2026-04-17,LABORAL,07:30,137.0,129.65126,133.67768595041323
1,2026-04-17,LABORAL,08:00,172.0,133.23087,129.74166666666667
1,2026-04-17,LABORAL,08:30,105.0,131.25835,131.50833333333333
1,2026-04-17,LABORAL,09:00,180.0,116.38939,135.26666666666668
1,2026-04-17,LABORAL,09:30,69.0,118.29231,118.14876033057851
1,2026-04-17,LABORAL,10:00,102.0,101.30358,98.2396694214876
1,2026-04-17,LABORAL,10:30,49.0,97.31845,94.64462809917356
1,2026-04-17,LABORAL,11:00,148.0,85.46283,93.12396694214875
1,2026-04-17,LABORAL,11:30,88.0,103.95057,99.23140495867769
1,2026-04-17,LABORAL,12:00,122.0,91.85042,109.37190082644628
1,2026-04-17,LABORAL,12:30,110.0,127.695595,129.2396694214876
1,2026-04-17,LABORAL,13:00,153.0,135.87064,138.6694214876033
1,2026-04-17,LABORAL,13:30,107.0,144.09706,133.44628099173553
1,2026-04-17,LABORAL,14:00,104.0,151.14879,148.89915966386553
1,2026-04-17,LABORAL,14:30,185.0,163.16034,149.19834710743802
1,2026-04-17,LABORAL,15:00,65.0,137.628,166.28099173553719
1,2026-04-17,LABORAL,15:30,163.0,153.21721,172.26666666666668
1,2026-04-17,LABORAL,16:00,177.0,130.80309,140.675
1,2026-04-17,LABORAL,16:30,140.0,123.507774,114.96694214876032
1,2026-04-17,LABORAL,17:00,72.0,75.721275,69.99090909090908
1,2026-04-18,SABADO,04:30,63.0,70.040245,75.0
1,2026-04-18,SABADO,05:00,54.0,60.419727,58.12
1,2026-04-18,SABADO,05:30,103.0,96.37278,93.38461538461539
1,2026-04-18,SABADO,06:00,77.0,83.40446,90.26923076923077
1,2026-04-18,SABADO,06:30,86.0,104.35128,108.65384615384616
1,2026-04-18,SABADO,07:00,90.0,91.49331,102.8076923076923
1,2026-04-18,SABADO,07:30,83.0,96.32375,104.34615384615384
1,2026-04-18,SABADO,08:00,103.0,87.90035,100.1923076923077
1,2026-04-18,SABADO,08:30,91.0,82.80844,92.38461538461539
1,2026-04-18,SABADO,09:00,95.0,95.77972,96.5
1,2026-04-18,SABADO,09:30,96.0,72.26176,87.61538461538461
1,2026-04-18,SABADO,10:00,90.0,92.9412,77.03846153846153
1,2026-04-18,SABADO,10:30,84.0,84.80696,90.33333333333333
1,2026-04-18,SABADO,11:00,95.0,90.703316,87.42307692307692
1,2026-04-18,SABADO,11:30,50.0,84.232704,83.48
1,2026-04-18,SABADO,12:00,97.0,88.50996,87.1923076923077
1,2026-04-18,SABADO,12:30,58.0,80.22344,92.30434782608695
1,2026-04-18,SABADO,13:00,72.0,76.26733,66.73913043478261
1,2026-04-18,SABADO,13:30,76.0,77.97796,70.0
1,2026-04-18,SABADO,14:00,39.0,80.09761,82.29166666666667
1,2026-04-18,SABADO,14:30,40.0,86.182014,73.36
1,2026-04-18,SABADO,15:00,61.0,63.316395,68.16666666666667
1,2026-04-18,SABADO,15:30,44.0,60.766445,58.43478260869565
1,2026-04-18,SABADO,16:00,39.0,73.43047,58.73913043478261
1,2026-04-18,SABADO,17:00,47.0,43.73679,41.5
1,2026-04-18,SABADO,17:30,23.0,28.986532,34.666666666666664
1,2026-04-19,DOMINGO,06:30,14.0,33.540375,32.0
1,2026-04-19,DOMINGO,07:30,25.0,36.855446,31.125
1,2026-04-19,DOMINGO,08:00,57.0,32.49773,39.142857142857146
1,2026-04-19,DOMINGO,08:30,30.0,35.40188,44.65217391304348
1,2026-04-19,DOMINGO,09:00,19.0,34.647686,36.470588235294116
1,2026-04-19,DOMINGO,10:00,26.0,30.047028,34.26086956521739
1,2026-04-19,DOMINGO,11:00,34.0,28.983562,36.333333333333336
1,2026-04-19,DOMINGO,12:00,40.0,32.466885,36.166666666666664
1,2026-04-19,DOMINGO,12:30,15.0,33.664356,37.85
1,2026-04-19,DOMINGO,13:00,16.0,31.226906,33.642857142857146
1,2026-04-19,DOMINGO,14:00,27.0,27.473927,37.22222222222222
1,2026-04-19,DOMINGO,14:30,60.0,30.59743,37.06666666666667
1,2026-04-19,DOMINGO,16:00,35.0,32.68939,33.8
1,2026-04-20,LABORAL,04:30,86.0,112.34272,114.20661157024793
1,2026-04-20,LABORAL,05:00,119.0,112.52183,114.875
1,2026-04-20,LABORAL,05:30,195.0,122.35128,133.41322314049586
1,2026-04-20,LABORAL,06:00,185.0,129.46173,130.20661157024793
1,2026-04-20,LABORAL,06:30,126.0,145.33028,131.76859504132233
1,2026-04-20,LABORAL,07:00,74.0,117.286224,128.26666666666668
1,2026-04-20,LABORAL,07:30,137.0,140.45885,133.63636363636363
1,2026-04-20,LABORAL,08:00,149.0,124.91693,130.0
1,2026-04-20,LABORAL,08:30,134.0,127.79795,131.075
1,2026-04-20,LABORAL,09:00,128.0,128.93271,135.89166666666668
1,2026-04-20,LABORAL,09:30,121.0,114.45902,118.08264462809917
1,2026-04-20,LABORAL,10:00,106.0,104.21355,98.20661157024793
1,2026-04-20,LABORAL,10:30,72.0,94.13928,94.26446280991736
1,2026-04-20,LABORAL,11:00,21.0,96.42781,93.4297520661157
1,2026-04-20,LABORAL,11:30,108.0,95.8848,99.05785123966942
1,2026-04-20,LABORAL,12:00,120.0,101.352264,108.1900826446281
1,2026-04-20,LABORAL,12:30,89.0,128.77121,129.73553719008265
1,2026-04-20,LABORAL,13:00,143.0,130.16068,138.31404958677686
1,2026-04-20,LABORAL,13:30,97.0,134.44041,133.6198347107438
1,2026-04-20,LABORAL,14:00,172.0,147.17337,148.2436974789916
1,2026-04-20,LABORAL,14:30,206.0,135.10431,149.64462809917356
1,2026-04-20,LABORAL,15:00,59.0,168.80386,165.13223140495867
1,2026-04-20,LABORAL,15:30,226.0,150.83234,172.44166666666666
1,2026-04-20,LABORAL,16:00,126.0,134.76125,140.925
1,2026-04-20,LABORAL,16:30,80.0,122.96862,115.35537190082644
1,2026-04-20,LABORAL,17:00,71.0,78.88659,69.68181818181819
1,2026-04-21,LABORAL,04:30,79.0,108.9825,113.76859504132231
1,2026-04-21,LABORAL,05:00,165.0,123.678116,114.625
1,2026-04-21,LABORAL,05:30,168.0,137.40947,134.0495867768595
1,2026-04-21,LABORAL,06:00,53.0,136.25372,130.36363636363637
1,2026-04-21,LABORAL,06:30,183.0,135.19669,131.8181818181818
1,2026-04-21,LABORAL,07:00,77.0,131.22298,127.675
1,2026-04-21,LABORAL,07:30,164.0,136.14554,133.28925619834712
1,2026-04-21,LABORAL,08:00,191.0,129.7376,130.43333333333334
1,2026-04-21,LABORAL,08:30,88.0,127.72907,131.56666666666666
1,2026-04-21,LABORAL,09:00,118.0,132.08559,135.13333333333333
1,2026-04-21,LABORAL,09:30,144.0,128.21867,118.46280991735537
1,2026-04-21,LABORAL,10:00,27.0,96.54675,97.95867768595042
1,2026-04-21,LABORAL,10:30,96.0,94.46375,94.11570247933884
1,2026-04-21,LABORAL,11:00,177.0,122.17076,92.92561983471074
1,2026-04-21,LABORAL,11:30,48.0,103.79274,98.53719008264463
1,2026-04-21,LABORAL,12:00,74.0,118.12195,108.62809917355372
1,2026-04-21,LABORAL,12:30,130.0,122.0788,129.5206611570248
1,2026-04-21,LABORAL,13:00,107.0,131.84842,138.15702479338842
1,2026-04-21,LABORAL,13:30,67.0,124.6292,132.86776859504133
1,2026-04-21,LABORAL,14:00,222.0,141.27982,148.67226890756302
1,2026-04-21,LABORAL,14:30,146.0,158.69095,150.3801652892562
1,2026-04-21,LABORAL,15:00,129.0,156.72787,164.6198347107438
1,2026-04-21,LABORAL,15:30,169.0,158.94504,172.56666666666666
1,2026-04-21,LABORAL,16:00,214.0,130.04063,141.05833333333334
1,2026-04-21,LABORAL,16:30,38.0,108.51369,114.69421487603306
1,2026-04-21,LABORAL,17:00,44.0,64.58928,70.00909090909092
1,2026-04-21,LABORAL,17:30,47.0,32.94883,36.0
1,2026-04-22,LABORAL,04:30,123.0,100.496796,113.33884297520662
1,2026-04-22,LABORAL,05:00,112.0,104.573814,115.05833333333334
1,2026-04-22,LABORAL,05:30,144.0,145.52226,133.63636363636363
1,2026-04-22,LABORAL,06:00,115.0,131.17522,129.28099173553719
1,2026-04-22,LABORAL,06:30,123.0,126.78088,132.11570247933884
1,2026-04-22,LABORAL,07:00,147.0,121.360405,127.08333333333333
1,2026-04-22,LABORAL,07:30,93.0,121.38724,133.63636363636363
1,2026-04-22,LABORAL,08:00,169.0,126.59621,130.55
1,2026-04-22,LABORAL,08:30,96.0,122.54472,131.18333333333334
1,2026-04-22,LABORAL,09:00,92.0,114.24575,134.83333333333334
1,2026-04-22,LABORAL,09:30,161.0,112.07733,118.42148760330579
1,2026-04-22,LABORAL,10:00,63.0,91.30963,97.43801652892562
1,2026-04-22,LABORAL,10:30,89.0,92.40538,93.83471074380165
1,2026-04-22,LABORAL,11:00,69.0,94.673325,93.71900826446281
1,2026-04-22,LABORAL,11:30,129.0,89.82626,98.04132231404958
1,2026-04-22,LABORAL,12:00,76.0,93.200165,108.39669421487604
1,2026-04-22,LABORAL,12:30,122.0,120.30621,129.47107438016528
1,2026-04-22,LABORAL,13:00,211.0,113.470436,137.6694214876033
1,2026-04-22,LABORAL,13:30,107.0,131.82318,132.12396694214877
1,2026-04-22,LABORAL,15:00,51.0,147.09882,164.4297520661157
1,2026-04-22,LABORAL,15:30,202.0,147.70158,172.09166666666667
1,2026-04-22,LABORAL,16:00,111.0,129.41519,141.38333333333333
1,2026-04-22,LABORAL,16:30,127.0,105.00141,113.92561983471074
1,2026-04-22,LABORAL,17:00,87.0,66.6442,70.07272727272728
1,2026-04-23,LABORAL,04:30,122.0,114.80049,113.1900826446281
1,2026-04-23,LABORAL,05:00,118.0,118.58454,114.95833333333333
1,2026-04-23,LABORAL,05:30,133.0,143.22028,133.84297520661158
1,2026-04-23,LABORAL,06:00,124.0,122.303,128.8099173553719
1,2026-04-23,LABORAL,06:30,82.0,136.9171,132.3305785123967
1,2026-04-23,LABORAL,07:00,124.0,123.97711,127.06666666666666
1,2026-04-23,LABORAL,07:30,159.0,131.05232,133.65289256198346
1,2026-04-23,LABORAL,08:00,124.0,130.18443,130.86666666666667
1,2026-04-23,LABORAL,08:30,117.0,120.74585,130.45
1,2026-04-23,LABORAL,09:00,100.0,118.576225,134.45833333333334
1,2026-04-23,LABORAL,09:30,55.0,115.4894,118.77685950413223
1,2026-04-23,LABORAL,10:00,96.0,103.902306,97.42148760330579
1,2026-04-23,LABORAL,10:30,102.0,95.671745,93.72727272727273
1,2026-04-23,LABORAL,11:00,81.0,93.0687,93.77685950413223
1,2026-04-23,LABORAL,11:30,92.0,105.84364,98.79338842975207
1,2026-04-23,LABORAL,12:00,128.0,101.9936,107.97520661157024
1,2026-04-23,LABORAL,12:30,51.0,128.38176,129.55371900826447
1,2026-04-23,LABORAL,13:00,108.0,131.14449,138.05785123966942
1,2026-04-23,LABORAL,13:30,94.0,133.15855,131.98347107438016
1,2026-04-23,LABORAL,14:00,106.0,140.77927,148.6949152542373
1,2026-04-23,LABORAL,14:30,40.0,151.56975,150.09166666666667
1,2026-04-23,LABORAL,15:00,85.0,141.62372,163.32231404958677
1,2026-04-23,LABORAL,16:30,38.0,107.86682,114.1900826446281
1,2026-04-24,LABORAL,04:30,133.0,123.85643,113.0
1,2026-04-24,LABORAL,05:00,111.0,119.667046,114.875
1,2026-04-24,LABORAL,05:30,131.0,127.743996,133.96694214876032
1,2026-04-24,LABORAL,06:00,86.0,134.4492,128.74380165289256
1,2026-04-24,LABORAL,06:30,152.0,128.74385,131.59504132231405
1,2026-04-24,LABORAL,07:00,119.0,119.49883,126.94166666666666
1,2026-04-24,LABORAL,07:30,136.0,133.28188,133.7520661157025
1,2026-04-24,LABORAL,08:00,143.0,137.69728,131.08333333333334
1,2026-04-24,LABORAL,08:30,121.0,114.02601,130.20833333333334
1,2026-04-24,LABORAL,09:00,82.0,127.9425,134.16666666666666
1,2026-04-24,LABORAL,09:30,82.0,109.38529,118.67768595041322
1,2026-04-24,LABORAL,10:00,109.0,96.80964,97.0
1,2026-04-24,LABORAL,10:30,97.0,88.11502,94.11570247933884
1,2026-04-24,LABORAL,11:00,122.0,100.855934,93.85950413223141
1,2026-04-24,LABORAL,11:30,78.0,102.85924,98.60330578512396
1,2026-04-24,LABORAL,12:00,117.0,103.96377,108.01652892561984
1,2026-04-24,LABORAL,12:30,94.0,125.256134,129.0
1,2026-04-24,LABORAL,13:00,82.0,147.69333,137.5206611570248
1,2026-04-24,LABORAL,13:30,172.0,123.017426,131.52892561983472
1,2026-04-24,LABORAL,14:00,128.0,130.41656,148.48305084745763
1,2026-04-24,LABORAL,14:30,160.0,142.18591,149.10833333333332
1,2026-04-24,LABORAL,15:00,204.0,127.66268,162.28099173553719
1,2026-04-24,LABORAL,15:30,124.0,151.18242,172.8403361344538
1,2026-04-24,LABORAL,16:00,141.0,142.43362,139.61344537815125
1,2026-04-24,LABORAL,16:30,93.0,118.0916,113.70247933884298
1,2026-04-25,SABADO,04:30,47.0,72.417725,73.04
1,2026-04-25,SABADO,05:00,105.0,70.00688,58.24
1,2026-04-25,SABADO,05:30,87.0,95.377884,93.34615384615384
1,2026-04-25,SABADO,06:00,107.0,91.3645,87.96153846153847
1,2026-04-25,SABADO,06:30,122.0,93.35561,108.5
1,2026-04-25,SABADO,07:00,115.0,100.293365,101.92307692307692
1,2026-04-25,SABADO,07:30,34.0,90.65828,104.61538461538461
1,2026-04-25,SABADO,08:00,124.0,97.87676,97.84615384615384
1,2026-04-25,SABADO,08:30,111.0,90.91453,93.23076923076923
1,2026-04-25,SABADO,09:00,86.0,86.577515,95.26923076923077
1,2026-04-25,SABADO,09:30,43.0,80.59745,88.57692307692308
1,2026-04-25,SABADO,10:00,99.0,86.79947,75.5
1,2026-04-25,SABADO,10:30,113.0,85.57377,90.41666666666667
1,2026-04-25,SABADO,11:00,50.0,88.824844,88.11538461538461
1,2026-04-25,SABADO,11:30,44.0,83.91052,81.12
1,2026-04-25,SABADO,12:00,77.0,91.934235,89.07692307692308
1,2026-04-25,SABADO,12:30,74.0,85.075485,91.21739130434783
1,2026-04-25,SABADO,13:00,60.0,80.416664,67.30434782608695
1,2026-04-25,SABADO,13:30,81.0,78.101425,68.56
1,2026-04-25,SABADO,14:00,36.0,70.871346,80.04166666666667
1,2026-04-25,SABADO,14:30,96.0,69.945015,73.08
1,2026-04-25,SABADO,15:00,28.0,65.61792,67.41666666666667
1,2026-04-25,SABADO,15:30,37.0,64.97845,59.0
1,2026-04-25,SABADO,16:00,18.0,55.091408,55.34782608695652
1,2026-04-25,SABADO,16:30,84.0,60.775307,73.5
1,2026-04-25,SABADO,17:30,26.0,29.448345,33.0
1,2026-04-26,DOMINGO,07:30,25.0,32.9483,30.083333333333332
1,2026-04-26,DOMINGO,08:00,27.0,37.073082,39.61904761904762
1,2026-04-26,DOMINGO,08:30,12.0,31.97112,44.69565217391305
1,2026-04-26,DOMINGO,10:00,55.0,32.33061,34.56521739130435
1,2026-04-26,DOMINGO,11:00,20.0,33.710094,36.21052631578947
1,2026-04-26,DOMINGO,12:30,30.0,34.889458,37.9
1,2026-04-26,DOMINGO,13:00,32.0,33.838722,33.07142857142857
1,2026-04-26,DOMINGO,13:30,24.0,33.1,29.72222222222222
1,2026-04-26,DOMINGO,15:00,27.0,33.49853,41.88235294117647
1,2026-04-27,LABORAL,04:30,69.0,117.97496,112.90082644628099
1,2026-04-27,LABORAL,05:00,137.0,119.325905,114.79166666666667
1,2026-04-27,LABORAL,05:30,124.0,139.60806,133.900826446281
1,2026-04-27,LABORAL,06:00,129.0,137.32469,128.28099173553719
1,2026-04-27,LABORAL,06:30,144.0,128.49568,132.0082644628099
1,2026-04-27,LABORAL,07:00,126.0,128.9121,127.075
1,2026-04-27,LABORAL,07:30,88.0,139.74286,133.51239669421489
1,2026-04-27,LABORAL,08:00,78.0,139.73616,131.15
1,2026-04-27,LABORAL,08:30,118.0,132.77097,130.00833333333333
1,2026-04-27,LABORAL,09:00,104.0,126.77923,133.95
1,2026-04-27,LABORAL,09:30,177.0,109.95538,118.24793388429752
1,2026-04-27,LABORAL,10:00,46.0,97.68301,96.93388429752066
1,2026-04-27,LABORAL,10:30,162.0,98.184204,94.31404958677686
1,2026-04-27,LABORAL,11:00,27.0,99.39632,94.61157024793388
1,2026-04-27,LABORAL,11:30,110.0,97.18938,98.3305785123967
1,2026-04-27,LABORAL,12:00,86.0,104.603676,108.14049586776859
1,2026-04-27,LABORAL,12:30,72.0,119.35445,128.86776859504133
1,2026-04-27,LABORAL,13:00,126.0,130.12505,137.21487603305786
1,2026-04-27,LABORAL,13:30,148.0,131.246,131.5702479338843
1,2026-04-27,LABORAL,14:00,97.0,153.31107,148.04237288135593
1,2026-04-27,LABORAL,14:30,211.0,158.47112,148.61666666666667
1,2026-04-27,LABORAL,15:00,168.0,138.74673,162.51239669421489
1,2026-04-27,LABORAL,15:30,160.0,164.82321,172.16806722689077
1,2026-04-27,LABORAL,16:00,125.0,127.733925,140.2941176470588
1,2026-04-27,LABORAL,16:30,84.0,110.32833,113.81818181818181
1,2026-04-27,LABORAL,17:00,56.0,70.23217,70.63888888888889
1,2026-04-27,LABORAL,18:00,25.0,25.970316,26.0
1,2026-04-28,LABORAL,04:30,133.0,111.42751,112.40495867768595
1,2026-04-28,LABORAL,05:00,129.0,126.75434,115.15833333333333
1,2026-04-28,LABORAL,05:30,182.0,140.15791,133.64462809917356
1,2026-04-28,LABORAL,06:00,156.0,126.70588,128.11570247933884
1,2026-04-28,LABORAL,06:30,48.0,140.31456,132.44628099173553
1,2026-04-28,LABORAL,07:00,148.0,121.24923,127.61666666666666
1,2026-04-28,LABORAL,07:30,118.0,137.11469,133.10743801652893
1,2026-04-28,LABORAL,08:00,113.0,131.9101,130.475
1,2026-04-28,LABORAL,08:30,127.0,135.74983,130.0
1,2026-04-28,LABORAL,09:00,202.0,122.70204,133.675
1,2026-04-28,LABORAL,09:30,142.0,129.17947,118.63636363636364
1,2026-04-28,LABORAL,10:00,43.0,92.16889,96.47107438016529
1,2026-04-28,LABORAL,10:30,116.0,94.92441,95.07438016528926
1,2026-04-28,LABORAL,11:00,82.0,113.3371,93.90082644628099
1,2026-04-28,LABORAL,11:30,117.0,106.73321,98.3305785123967
1,2026-04-28,LABORAL,12:00,88.0,100.17657,108.00826446280992
1,2026-04-28,LABORAL,12:30,199.0,125.04176,128.6198347107438
1,2026-04-28,LABORAL,13:00,90.0,134.704,136.72727272727272
1,2026-04-28,LABORAL,13:30,76.0,138.03606,131.94214876033058
1,2026-04-28,LABORAL,14:00,148.0,134.25203,146.79661016949152
1,2026-04-28,LABORAL,14:30,160.0,150.12538,149.04166666666666
1,2026-04-28,LABORAL,15:00,159.0,149.35265,163.01652892561984
1,2026-04-28,LABORAL,15:30,217.0,156.38684,171.9327731092437
1,2026-04-28,LABORAL,16:00,103.0,147.73184,140.27731092436974
1,2026-04-28,LABORAL,16:30,127.0,104.52164,113.47107438016529
1,2026-04-28,LABORAL,17:30,49.0,55.635227,36.333333333333336
1,2026-04-29,LABORAL,04:30,73.0,114.83846,112.10743801652893
1,2026-04-29,LABORAL,05:00,128.0,114.704124,115.45833333333333
1,2026-04-29,LABORAL,05:30,132.0,130.60976,133.91735537190084
1,2026-04-29,LABORAL,06:00,127.0,117.70152,128.0909090909091
1,2026-04-29,LABORAL,06:30,129.0,121.698456,131.9504132231405
1,2026-04-29,LABORAL,07:00,108.0,131.00443,127.58333333333333
1,2026-04-29,LABORAL,07:30,147.0,118.25407,132.77685950413223
1,2026-04-29,LABORAL,08:00,134.0,124.28328,130.10833333333332
1,2026-04-29,LABORAL,08:30,112.0,127.695526,129.91666666666666
1,2026-04-29,LABORAL,09:00,79.0,115.05197,133.6
1,2026-04-29,LABORAL,09:30,138.0,118.49635,119.0909090909091
1,2026-04-29,LABORAL,10:00,115.0,90.33088,96.05785123966942
1,2026-04-29,LABORAL,10:30,86.0,92.21137,95.14049586776859
1,2026-04-29,LABORAL,11:00,109.0,90.831436,93.7603305785124
1,2026-04-29,LABORAL,11:30,78.0,96.41189,98.19834710743801
1,2026-04-29,LABORAL,12:00,65.0,101.048325,108.00826446280992
1,2026-04-29,LABORAL,12:30,127.0,120.4442,129.52892561983472
1,2026-04-29,LABORAL,13:00,125.0,127.64081,136.63636363636363
1,2026-04-29,LABORAL,13:30,110.0,125.67717,131.44628099173553
1,2026-04-29,LABORAL,14:00,179.0,121.75749,147.22033898305085
1,2026-04-29,LABORAL,14:30,156.0,130.0573,148.75
1,2026-04-29,LABORAL,15:00,220.0,140.11864,163.07438016528926
1,2026-04-29,LABORAL,15:30,140.0,157.32248,171.52941176470588
1,2026-04-29,LABORAL,16:00,138.0,130.68599,140.74789915966386
1,2026-04-29,LABORAL,16:30,57.0,111.5932,113.28099173553719
1,2026-04-29,LABORAL,17:00,76.0,80.16064,70.32407407407408
1,2026-04-30,LABORAL,04:30,80.0,109.83849,111.46280991735537
1,2026-04-30,LABORAL,05:00,114.0,116.48029,115.325
1,2026-04-30,LABORAL,05:30,161.0,130.74724,133.95867768595042
1,2026-04-30,LABORAL,06:00,143.0,125.269714,127.86776859504133
1,2026-04-30,LABORAL,06:30,141.0,118.41825,132.23140495867767
1,2026-04-30,LABORAL,07:00,80.0,135.47665,127.65833333333333
1,2026-04-30,LABORAL,07:30,164.0,117.91829,133.25619834710744
1,2026-04-30,LABORAL,08:00,122.0,117.14365,130.33333333333334
1,2026-04-30,LABORAL,08:30,217.0,116.15128,129.58333333333334
1,2026-04-30,LABORAL,09:00,67.0,116.53206,133.05
1,2026-04-30,LABORAL,09:30,178.0,114.45064,119.69421487603306
1,2026-04-30,LABORAL,10:00,66.0,104.15176,96.32231404958678
1,2026-04-30,LABORAL,10:30,86.0,91.7728,94.96694214876032
1,2026-04-30,LABORAL,11:00,100.0,94.51875,94.05785123966942
1,2026-04-30,LABORAL,11:30,125.0,99.43793,97.93388429752066
1,2026-04-30,LABORAL,12:30,235.0,129.653,129.2479338842975
1,2026-04-30,LABORAL,13:00,90.0,126.691444,136.54545454545453
1,2026-04-30,LABORAL,13:30,228.0,126.3495,131.67768595041323
1,2026-04-30,LABORAL,14:00,104.0,142.54332,147.45762711864407
1,2026-04-30,LABORAL,14:30,177.0,122.500824,148.6
1,2026-04-30,LABORAL,15:00,194.0,138.1097,163.16528925619835
1,2026-04-30,LABORAL,15:30,161.0,121.58722,171.1596638655462
1,2026-04-30,LABORAL,16:00,52.0,119.86264,141.41176470588235
1,2026-04-30,LABORAL,16:30,47.0,106.55506,112.37190082644628
1,2026-04-30,LABORAL,17:00,105.0,65.63347,70.37962962962963
1,2026-05-01,FESTIVO,07:00,15.0,28.711191,65.0
1,2026-05-01,FESTIVO,07:30,56.0,40.765648,23.0
1,2026-05-01,FESTIVO,08:00,21.0,28.389668,17.0
1,2026-05-01,FESTIVO,08:30,24.0,31.561737,27.0
1,2026-05-01,FESTIVO,09:00,52.0,22.578245,18.666666666666668
1,2026-05-01,FESTIVO,09:30,32.0,30.496819,20.5
1,2026-05-01,FESTIVO,10:00,21.0,19.711622,21.0
1,2026-05-01,FESTIVO,10:30,73.0,22.286163,17.5
1,2026-05-01,FESTIVO,11:00,32.0,19.313976,17.5
1,2026-05-01,FESTIVO,11:30,47.0,23.05872,28.0
1,2026-05-01,FESTIVO,12:00,23.0,20.185093,18.5
1,2026-05-01,FESTIVO,12:30,27.0,35.9073,30.0
1,2026-05-01,FESTIVO,13:30,37.0,31.652252,41.0
1,2026-05-01,FESTIVO,14:00,33.0,33.709126,23.0
1,2026-05-01,FESTIVO,14:30,37.0,37.1445,27.5
1,2026-05-01,FESTIVO,15:00,64.0,43.169346,27.0
1,2026-05-01,FESTIVO,16:00,30.0,29.539528,107.00816231343283
1,2026-05-02,SABADO,04:30,56.0,51.58236,72.08
1,2026-05-02,SABADO,05:00,97.0,69.048874,58.76
1,2026-05-02,SABADO,05:30,65.0,72.31145,92.11538461538461
1,2026-05-02,SABADO,06:00,83.0,73.1535,88.5
1,2026-05-02,SABADO,06:30,72.0,83.35298,109.15384615384616
1,2026-05-02,SABADO,07:00,105.0,86.71731,101.11538461538461
1,2026-05-02,SABADO,07:30,39.0,76.16622,102.03846153846153
1,2026-05-02,SABADO,08:00,109.0,94.88707,99.3076923076923
1,2026-05-02,SABADO,08:30,111.0,82.7871,95.1923076923077
1,2026-05-02,SABADO,09:00,164.0,76.96926,95.03846153846153
1,2026-05-02,SABADO,09:30,32.0,74.851295,87.34615384615384
1,2026-05-02,SABADO,10:00,29.0,74.79918,76.6923076923077
1,2026-05-02,SABADO,10:30,115.0,86.16292,91.29166666666667
1,2026-05-02,SABADO,11:00,86.0,79.82776,84.46153846153847
1,2026-05-02,SABADO,11:30,76.0,72.62667,80.48
1,2026-05-02,SABADO,12:00,74.0,61.143593,86.96153846153847
1,2026-05-02,SABADO,12:30,86.0,74.81065,91.82608695652173
1,2026-05-02,SABADO,13:00,39.0,57.96132,68.0
1,2026-05-02,SABADO,13:30,72.0,67.48071,70.08
1,2026-05-02,SABADO,14:00,60.0,64.28981,76.54166666666667
1,2026-05-02,SABADO,14:30,79.0,73.56518,75.24
1,2026-05-02,SABADO,15:00,51.0,66.05179,64.45833333333333
1,2026-05-02,SABADO,15:30,80.0,49.947086,58.083333333333336
1,2026-05-02,SABADO,16:00,29.0,52.80624,54.21739130434783
1,2026-05-02,SABADO,16:30,62.0,49.056606,71.83333333333333
1,2026-05-02,SABADO,17:00,29.0,45.707283,42.785714285714285
1,2026-05-04,LABORAL,04:30,120.0,112.10968,111.15
1,2026-05-04,LABORAL,05:00,116.0,126.672615,115.24369747899159
1,2026-05-04,LABORAL,05:30,137.0,124.374695,133.93333333333334
1,2026-05-04,LABORAL,06:00,136.0,130.11482,128.05
1,2026-05-04,LABORAL,06:30,85.0,134.22345,132.45833333333334
1,2026-05-04,LABORAL,07:00,53.0,126.62347,127.47058823529412
1,2026-05-04,LABORAL,07:30,113.0,130.15503,133.34166666666667
1,2026-05-04,LABORAL,08:00,123.0,123.844894,130.32773109243698
1,2026-05-04,LABORAL,08:30,113.0,133.20801,129.76470588235293
1,2026-05-04,LABORAL,09:00,195.0,134.30608,132.72268907563026
1,2026-05-04,LABORAL,09:30,88.0,132.33836,119.65
1,2026-05-04,LABORAL,10:00,139.0,101.34364,96.25833333333334
1,2026-05-04,LABORAL,10:30,87.0,98.65645,94.55833333333334
1,2026-05-04,LABORAL,11:00,106.0,97.34385,94.28333333333333
1,2026-05-04,LABORAL,11:30,111.0,98.02375,98.00833333333334
1,2026-05-04,LABORAL,12:00,110.0,118.4261,107.88235294117646
1,2026-05-04,LABORAL,12:30,176.0,118.458916,130.13333333333333
1,2026-05-04,LABORAL,13:00,47.0,134.82674,135.18333333333334
1,2026-05-04,LABORAL,13:30,188.0,139.32556,132.04166666666666
1,2026-05-04,LABORAL,14:00,106.0,138.82529,146.89743589743588
1,2026-05-04,LABORAL,14:30,176.0,158.60118,148.890756302521
1,2026-05-04,LABORAL,15:00,222.0,150.11707,162.8
1,2026-05-04,LABORAL,15:30,141.0,150.9749,171.48305084745763
1,2026-05-04,LABORAL,16:00,150.0,129.55801,140.94915254237287
1,2026-05-04,LABORAL,16:30,90.0,109.31075,110.34166666666667
1,2026-05-04,LABORAL,17:00,68.0,74.42579,71.26168224299066
1,2026-05-04,LABORAL,17:30,25.0,28.850733,36.45652173913044
1,2026-05-05,LABORAL,04:30,132.0,128.47441,111.22314049586777
1,2026-05-05,LABORAL,05:00,163.0,125.6799,115.25
1,2026-05-05,LABORAL,05:30,95.0,135.74078,133.95867768595042
1,2026-05-05,LABORAL,06:00,96.0,127.61381,128.11570247933884
1,2026-05-05,LABORAL,06:30,173.0,125.241264,132.06611570247935
1,2026-05-05,LABORAL,07:00,61.0,139.10722,126.85
1,2026-05-05,LABORAL,07:30,154.0,122.62011,133.17355371900825
1,2026-05-05,LABORAL,08:00,123.0,143.01472,130.26666666666668
1,2026-05-05,LABORAL,08:30,229.0,135.83061,129.625
1,2026-05-05,LABORAL,09:00,115.0,151.28896,133.24166666666667
1,2026-05-05,LABORAL,09:30,154.0,125.44416,119.38842975206612
1,2026-05-05,LABORAL,10:00,101.0,105.44421,96.61157024793388
1,2026-05-05,LABORAL,11:00,132.0,98.77889,94.3801652892562
1,2026-05-05,LABORAL,11:30,94.0,97.755585,98.11570247933884
1,2026-05-05,LABORAL,12:00,172.0,104.03593,107.9
1,2026-05-05,LABORAL,12:30,112.0,141.25371,130.51239669421489
1,2026-05-05,LABORAL,13:00,90.0,126.68087,134.45454545454547
1,2026-05-05,LABORAL,13:30,173.0,126.77067,132.50413223140495
1,2026-05-05,LABORAL,14:00,115.0,142.52493,146.55084745762713
1,2026-05-05,LABORAL,14:30,140.0,150.322,149.11666666666667
1,2026-05-05,LABORAL,15:00,181.0,158.4319,163.28925619834712
1,2026-05-05,LABORAL,15:30,199.0,159.13751,171.2268907563025
1,2026-05-05,LABORAL,16:00,156.0,139.73346,141.0252100840336
1,2026-05-05,LABORAL,16:30,153.0,109.75233,110.17355371900827
1,2026-05-05,LABORAL,17:00,36.0,67.27377,71.23148148148148
1,2026-05-06,LABORAL,04:30,124.0,110.39015,111.28099173553719
1,2026-05-06,LABORAL,05:00,91.0,118.2928,115.51666666666667
1,2026-05-06,LABORAL,05:30,155.0,129.7785,133.1900826446281
1,2026-05-06,LABORAL,06:00,107.0,126.54206,127.35537190082644
1,2026-05-06,LABORAL,06:30,123.0,130.69873,132.28925619834712
1,2026-05-06,LABORAL,07:00,96.0,129.93854,125.85
1,2026-05-06,LABORAL,07:30,173.0,132.1479,132.6198347107438
1,2026-05-06,LABORAL,08:00,123.0,127.86907,129.91666666666666
1,2026-05-06,LABORAL,08:30,150.0,125.51383,130.28333333333333
1,2026-05-06,LABORAL,09:00,92.0,126.101524,133.41666666666666
1,2026-05-06,LABORAL,09:30,30.0,121.75719,119.49586776859505
1,2026-05-06,LABORAL,10:00,32.0,95.48776,96.43801652892562
1,2026-05-06,LABORAL,10:30,57.0,89.194496,94.24166666666666
1,2026-05-06,LABORAL,11:00,79.0,92.607925,94.24793388429752
1,2026-05-06,LABORAL,11:30,117.0,90.36966,97.9504132231405
1,2026-05-06,LABORAL,12:00,166.0,102.17994,108.63333333333334
1,2026-05-06,LABORAL,12:30,64.0,125.246445,130.12396694214877
1,2026-05-06,LABORAL,13:00,109.0,118.28376,133.40495867768595
1,2026-05-06,LABORAL,13:30,157.0,135.80075,132.8595041322314
1,2026-05-06,LABORAL,14:00,198.0,141.69815,146.45762711864407
1,2026-05-06,LABORAL,14:30,74.0,152.27304,148.51666666666668
1,2026-05-06,LABORAL,15:00,137.0,168.65445,163.55371900826447
1,2026-05-06,LABORAL,16:00,97.0,132.06409,141.3613445378151
1,2026-05-06,LABORAL,16:30,81.0,106.72718,109.94214876033058
1,2026-05-06,LABORAL,17:00,58.0,71.25879,70.51851851851852
1,2026-05-07,LABORAL,04:30,111.0,113.47463,110.7107438016529
1,2026-05-07,LABORAL,05:00,67.0,116.02643,115.51666666666667
1,2026-05-07,LABORAL,05:30,166.0,128.7981,133.39669421487602
1,2026-05-07,LABORAL,06:00,100.0,126.65051,126.9090909090909
1,2026-05-07,LABORAL,06:30,131.0,143.45723,131.98347107438016
1,2026-05-07,LABORAL,07:00,84.0,120.46684,125.525
1,2026-05-07,LABORAL,07:30,113.0,140.56758,132.87603305785123
1,2026-05-07,LABORAL,08:00,134.0,122.17995,129.0
1,2026-05-07,LABORAL,08:30,151.0,150.09328,130.725
1,2026-05-07,LABORAL,09:00,117.0,114.9844,133.11666666666667
1,2026-05-07,LABORAL,09:30,75.0,132.88924,118.48760330578513
1,2026-05-07,LABORAL,10:00,113.0,92.954094,95.99173553719008
1,2026-05-07,LABORAL,10:30,108.0,91.284676,93.71666666666667
1,2026-05-07,LABORAL,11:00,78.0,86.15607,93.72727272727273
1,2026-05-07,LABORAL,11:30,88.0,98.648254,98.33884297520662
1,2026-05-07,LABORAL,12:00,162.0,106.289154,108.45
1,2026-05-07,LABORAL,12:30,105.0,137.92842,129.8512396694215
1,2026-05-07,LABORAL,13:00,137.0,121.78381,133.23140495867767
1,2026-05-07,LABORAL,13:30,104.0,151.76474,133.37190082644628
1,2026-05-07,LABORAL,14:00,156.0,143.64084,146.27966101694915
1,2026-05-07,LABORAL,14:30,135.0,149.17986,148.31666666666666
1,2026-05-07,LABORAL,15:00,226.0,154.51028,162.9090909090909
1,2026-05-07,LABORAL,15:30,128.0,156.45358,169.79661016949152
1,2026-05-07,LABORAL,16:00,121.0,115.39205,141.05882352941177
1,2026-05-07,LABORAL,16:30,110.0,121.64228,109.28099173553719
1,2026-05-07,LABORAL,17:00,30.0,96.24677,70.31481481481481
1,2026-05-07,LABORAL,17:30,32.0,28.58624,36.77777777777778
1,2026-05-08,LABORAL,04:30,128.0,110.67374,110.50413223140495
1,2026-05-08,LABORAL,05:00,170.0,109.71534,115.08333333333333
1,2026-05-08,LABORAL,05:30,43.0,120.39477,133.1487603305785
1,2026-05-08,LABORAL,06:00,165.0,119.96233,126.36363636363636
1,2026-05-08,LABORAL,06:30,106.0,121.26239,131.86776859504133
1,2026-05-08,LABORAL,07:00,141.0,113.411095,125.81666666666666
1,2026-05-08,LABORAL,07:30,97.0,116.59632,132.9504132231405
1,2026-05-08,LABORAL,08:00,111.0,117.430336,129.70833333333334
1,2026-05-08,LABORAL,08:30,156.0,116.43673,130.89256198347107
1,2026-05-08,LABORAL,09:00,133.0,112.48426,133.0
1,2026-05-08,LABORAL,09:30,71.0,108.72931,118.39669421487604
1,2026-05-08,LABORAL,10:00,102.0,94.037735,95.83471074380165
1,2026-05-08,LABORAL,10:30,85.0,93.422714,93.70833333333333
1,2026-05-08,LABORAL,11:00,65.0,90.440796,93.1900826446281
1,2026-05-08,LABORAL,11:30,101.0,90.6575,98.36363636363636
1,2026-05-08,LABORAL,12:00,94.0,104.15416,109.04166666666667
1,2026-05-08,LABORAL,12:30,151.0,115.441826,129.48760330578511
1,2026-05-08,LABORAL,13:00,107.0,123.66571,132.71900826446281
1,2026-05-08,LABORAL,13:30,191.0,117.74235,133.3801652892562
1,2026-05-08,LABORAL,14:00,155.0,121.26538,146.27966101694915
1,2026-05-08,LABORAL,14:30,99.0,128.01314,148.0
1,2026-05-08,LABORAL,15:00,247.0,125.1266,163.25619834710744
1,2026-05-08,LABORAL,15:30,88.0,129.41966,169.53389830508473
1,2026-05-08,LABORAL,16:00,94.0,120.41137,140.8403361344538
1,2026-05-08,LABORAL,16:30,50.0,109.73446,109.15702479338843
1,2026-05-08,LABORAL,17:00,79.0,79.12136,69.87962962962963
1,2026-05-09,SABADO,04:30,49.0,69.680305,71.12
1,2026-05-09,SABADO,05:00,69.0,76.2402,59.84
1,2026-05-09,SABADO,05:30,87.0,76.70258,89.03846153846153
1,2026-05-09,SABADO,06:00,124.0,94.5617,88.07692307692308
1,2026-05-09,SABADO,06:30,77.0,94.58262,108.53846153846153
1,2026-05-09,SABADO,07:00,149.0,99.32975,99.57692307692308
1,2026-05-09,SABADO,07:30,54.0,86.64623,100.6923076923077
1,2026-05-09,SABADO,08:00,114.0,101.738846,97.03846153846153
1,2026-05-09,SABADO,08:30,115.0,104.66939,97.6923076923077
1,2026-05-09,SABADO,09:00,101.0,102.48737,95.5
1,2026-05-09,SABADO,09:30,109.0,76.12608,82.8076923076923
1,2026-05-09,SABADO,10:00,116.0,77.41753,76.46153846153847
1,2026-05-09,SABADO,10:30,49.0,94.64662,90.95833333333333
1,2026-05-09,SABADO,11:00,89.0,83.509605,84.3076923076923
1,2026-05-09,SABADO,11:30,106.0,83.45753,80.16
1,2026-05-09,SABADO,12:00,45.0,90.0072,88.07692307692308
1,2026-05-09,SABADO,12:30,25.0,92.941246,92.3913043478261
1,2026-05-09,SABADO,13:00,116.0,69.954506,65.43478260869566
1,2026-05-09,SABADO,13:30,52.0,75.69697,70.44
1,2026-05-09,SABADO,14:00,59.0,80.29199,73.66666666666667
1,2026-05-09,SABADO,14:30,44.0,70.12333,75.76
1,2026-05-09,SABADO,15:00,46.0,69.24011,63.5
1,2026-05-09,SABADO,15:30,35.0,63.549892,58.5
1,2026-05-09,SABADO,16:00,19.0,65.054146,54.0
1,2026-05-09,SABADO,17:00,46.0,54.56055,44.57142857142857
1,2026-05-10,DOMINGO,07:00,45.0,37.144802,34.473684210526315
1,2026-05-10,DOMINGO,08:00,27.0,37.007362,37.523809523809526
1,2026-05-10,DOMINGO,09:00,28.0,37.567936,33.93333333333333
1,2026-05-10,DOMINGO,09:30,62.0,35.084602,37.11764705882353
1,2026-05-10,DOMINGO,10:00,25.0,36.282528,35.27272727272727
1,2026-05-10,DOMINGO,10:30,30.0,33.491505,34.42857142857143
1,2026-05-10,DOMINGO,11:30,39.0,35.901882,36.6
1,2026-05-10,DOMINGO,12:00,31.0,33.087223,33.11764705882353
1,2026-05-10,DOMINGO,13:00,62.0,36.311848,32.0
1,2026-05-10,DOMINGO,14:30,23.0,30.19838,42.0
1,2026-05-11,LABORAL,04:30,97.0,115.5458,109.99173553719008
1,2026-05-11,LABORAL,05:00,109.0,117.81114,115.78333333333333
1,2026-05-11,LABORAL,05:30,86.0,132.56145,132.35537190082644
1,2026-05-11,LABORAL,06:00,106.0,136.29167,126.42148760330579
1,2026-05-11,LABORAL,06:30,103.0,125.39133,131.4297520661157
1,2026-05-11,LABORAL,07:00,102.0,127.92308,126.24166666666666
1,2026-05-11,LABORAL,07:30,191.0,130.76138,132.6694214876033
1,2026-05-11,LABORAL,08:00,96.0,135.08215,128.9
1,2026-05-11,LABORAL,08:30,127.0,134.13748,131.31404958677686
1,2026-05-11,LABORAL,09:00,144.0,139.3542,133.19166666666666
1,2026-05-11,LABORAL,09:30,70.0,120.065865,117.97520661157024
1,2026-05-11,LABORAL,10:00,107.0,112.05652,95.67768595041322
1,2026-05-11,LABORAL,10:30,105.0,102.52065,93.79166666666667
1,2026-05-11,LABORAL,11:00,39.0,107.70017,92.80165289256199
1,2026-05-11,LABORAL,11:30,87.0,103.940926,98.39669421487604
1,2026-05-11,LABORAL,12:00,43.0,106.80421,108.39166666666667
1,2026-05-11,LABORAL,12:30,124.0,130.17648,129.93388429752065
1,2026-05-11,LABORAL,13:00,98.0,126.643456,131.96694214876032
1,2026-05-11,LABORAL,13:30,116.0,140.56651,133.83471074380165
1,2026-05-11,LABORAL,14:00,211.0,135.2428,146.35593220338984
1,2026-05-11,LABORAL,14:30,40.0,147.1733,147.275
1,2026-05-11,LABORAL,15:00,163.0,153.24806,163.53719008264463
1,2026-05-11,LABORAL,15:30,170.0,141.47137,168.5084745762712
1,2026-05-11,LABORAL,16:00,82.0,144.16838,140.47058823529412
1,2026-05-11,LABORAL,16:30,100.0,113.1316,108.30578512396694
1,2026-05-11,LABORAL,17:00,29.0,69.848114,69.96330275229357
1,2026-05-12,LABORAL,04:30,128.0,126.567764,109.6694214876033
1,2026-05-12,LABORAL,05:00,135.0,123.97959,115.99166666666666
1,2026-05-12,LABORAL,05:30,137.0,126.39219,131.31404958677686
1,2026-05-12,LABORAL,06:00,139.0,127.62405,126.0
1,2026-05-12,LABORAL,06:30,138.0,140.70526,131.099173553719
1,2026-05-12,LABORAL,07:00,113.0,132.1054,126.03333333333333
1,2026-05-12,LABORAL,07:30,153.0,142.17302,132.9504132231405
1,2026-05-12,LABORAL,08:00,147.0,137.66281,129.175
1,2026-05-12,LABORAL,08:30,59.0,146.70485,130.97520661157026
1,2026-05-12,LABORAL,09:00,103.0,143.61658,132.94166666666666
1,2026-05-12,LABORAL,09:30,148.0,132.01509,117.88429752066116
1,2026-05-12,LABORAL,10:00,96.0,94.807,95.62809917355372
1,2026-05-12,LABORAL,10:30,77.0,93.81411,94.26666666666667
1,2026-05-12,LABORAL,11:00,99.0,106.41363,91.7603305785124
1,2026-05-12,LABORAL,11:30,112.0,92.81856,98.19834710743801
1,2026-05-12,LABORAL,12:00,91.0,120.79605,108.14166666666667
1,2026-05-12,LABORAL,12:30,93.0,133.50887,129.80165289256198
1,2026-05-12,LABORAL,13:00,155.0,128.03734,131.62809917355372
1,2026-05-12,LABORAL,13:30,91.0,137.31297,132.89256198347107
1,2026-05-12,LABORAL,14:00,118.0,148.14923,146.9322033898305
1,2026-05-12,LABORAL,14:30,193.0,141.44254,146.6
1,2026-05-12,LABORAL,15:00,169.0,150.76604,163.36363636363637
1,2026-05-12,LABORAL,15:30,137.0,155.2477,168.48305084745763
1,2026-05-12,LABORAL,16:00,91.0,143.06776,139.9075630252101
1,2026-05-12,LABORAL,16:30,45.0,110.2615,108.23140495867769
1,2026-05-12,LABORAL,17:00,61.0,77.096756,69.5909090909091
1,2026-05-13,LABORAL,04:30,63.0,115.73384,109.72727272727273
1,2026-05-13,LABORAL,05:00,145.0,111.813354,115.99166666666666
1,2026-05-13,LABORAL,05:30,93.0,129.81454,131.03305785123968
1,2026-05-13,LABORAL,06:00,96.0,125.11465,125.97520661157024
1,2026-05-13,LABORAL,06:30,183.0,126.24686,131.0495867768595
1,2026-05-13,LABORAL,07:00,76.0,128.59055,125.76666666666667
1,2026-05-13,LABORAL,07:30,173.0,138.80553,133.13223140495867
1,2026-05-13,LABORAL,08:00,93.0,127.899734,129.225
1,2026-05-13,LABORAL,08:30,150.0,134.90184,130.34710743801654
1,2026-05-13,LABORAL,09:00,56.0,124.93808,132.70833333333334
1,2026-05-13,LABORAL,09:30,119.0,111.80905,118.44628099173553
1,2026-05-13,LABORAL,10:00,118.0,89.35694,95.69421487603306
1,2026-05-13,LABORAL,10:30,62.0,94.306206,93.525
1,2026-05-13,LABORAL,11:00,175.0,94.35225,91.7603305785124
1,2026-05-13,LABORAL,11:30,63.0,94.063034,98.4297520661157
1,2026-05-13,LABORAL,12:00,124.0,113.12471,107.94166666666666
1,2026-05-13,LABORAL,12:30,73.0,120.7654,129.45454545454547
1,2026-05-13,LABORAL,13:00,127.0,129.5579,131.73553719008265
1,2026-05-13,LABORAL,13:30,141.0,129.74835,132.21487603305786
1,2026-05-13,LABORAL,14:00,126.0,144.30037,146.71186440677965
1,2026-05-13,LABORAL,14:30,180.0,142.56775,146.93333333333334
1,2026-05-13,LABORAL,15:00,130.0,146.9576,163.59504132231405
1,2026-05-13,LABORAL,15:30,214.0,126.16634,168.11864406779662
1,2026-05-13,LABORAL,16:00,130.0,125.50899,138.72268907563026
1,2026-05-13,LABORAL,16:30,69.0,106.84654,107.55371900826447
1,2026-05-13,LABORAL,17:00,40.0,91.19574,69.53636363636363
1,2026-05-14,LABORAL,04:30,88.0,110.94085,109.15702479338843
1,2026-05-14,LABORAL,05:00,85.0,117.858376,116.20833333333333
1,2026-05-14,LABORAL,05:30,201.0,125.39984,130.2396694214876
1,2026-05-14,LABORAL,06:00,138.0,126.88999,125.25619834710744
1,2026-05-14,LABORAL,06:30,72.0,132.79005,131.78512396694214
1,2026-05-14,LABORAL,07:00,146.0,119.07022,125.325
1,2026-05-14,LABORAL,07:30,105.0,121.56244,133.6611570247934
1,2026-05-14,LABORAL,08:00,137.0,128.94882,128.525
1,2026-05-14,LABORAL,08:30,124.0,131.52351,130.38842975206612
1,2026-05-14,LABORAL,09:00,83.0,116.34659,131.98333333333332
1,2026-05-14,LABORAL,09:30,113.0,115.537735,118.46280991735537
1,2026-05-14,LABORAL,10:00,105.0,93.25185,95.80165289256199
1,2026-05-14,LABORAL,10:30,105.0,108.29866,93.28333333333333
1,2026-05-14,LABORAL,11:00,66.0,96.02091,92.44628099173553
1,2026-05-14,LABORAL,11:30,101.0,96.996666,98.14876033057851
1,2026-05-14,LABORAL,12:00,96.0,104.10627,108.1
1,2026-05-14,LABORAL,12:30,116.0,124.73364,128.3388429752066
1,2026-05-14,LABORAL,13:00,126.0,137.84685,131.73553719008265
1,2026-05-14,LABORAL,13:30,127.0,126.65639,131.88429752066116
1,2026-05-14,LABORAL,14:00,135.0,142.3149,146.91525423728814
1,2026-05-14,LABORAL,14:30,151.0,150.0284,147.46666666666667
1,2026-05-14,LABORAL,15:00,180.0,159.53041,163.07438016528926
1,2026-05-14,LABORAL,15:30,121.0,144.3503,168.23728813559322
1,2026-05-14,LABORAL,16:00,124.0,122.0952,138.74789915966386
1,2026-05-14,LABORAL,16:30,82.0,103.5978,106.90082644628099
1,2026-05-14,LABORAL,17:00,43.0,69.110466,69.76363636363637
1,2026-05-14,LABORAL,17:30,5.0,28.652,37.54761904761905
1,2026-05-15,LABORAL,04:30,147.0,115.14912,108.63636363636364
1,2026-05-15,LABORAL,05:00,89.0,126.262794,115.70833333333333
1,2026-05-15,LABORAL,05:30,116.0,124.785095,130.69421487603304
1,2026-05-15,LABORAL,06:00,137.0,132.3624,125.27272727272727
1,2026-05-15,LABORAL,06:30,86.0,129.55281,131.2479338842975
1,2026-05-15,LABORAL,07:00,183.0,126.56761,125.7
1,2026-05-15,LABORAL,07:30,120.0,127.43862,133.77685950413223
1,2026-05-15,LABORAL,08:00,112.0,125.70709,128.35
1,2026-05-15,LABORAL,08:30,84.0,140.2026,130.54545454545453
1,2026-05-15,LABORAL,09:00,136.0,123.5112,131.575
1,2026-05-15,LABORAL,09:30,98.0,112.577545,118.68595041322314
1,2026-05-15,LABORAL,10:00,90.0,91.655525,95.58677685950413
1,2026-05-15,LABORAL,10:30,116.0,102.248245,93.68333333333334
1,2026-05-15,LABORAL,11:00,55.0,89.38993,92.18181818181819
1,2026-05-15,LABORAL,11:30,151.0,101.3779,97.70247933884298
1,2026-05-15,LABORAL,12:00,117.0,109.37323,108.21666666666667
1,2026-05-15,LABORAL,12:30,87.0,125.297844,128.5206611570248
1,2026-05-15,LABORAL,13:00,122.0,125.82634,131.51239669421489
1,2026-05-15,LABORAL,13:30,93.0,135.90237,132.10743801652893
1,2026-05-15,LABORAL,14:00,218.0,139.63556,146.54237288135593
1,2026-05-15,LABORAL,14:30,100.0,143.84045,147.45833333333334
1,2026-05-15,LABORAL,15:00,161.0,163.77785,163.37190082644628
1,2026-05-15,LABORAL,15:30,160.0,133.50616,167.82203389830508
1,2026-05-15,LABORAL,16:00,163.0,125.60143,138.56302521008402
1,2026-05-15,LABORAL,16:30,126.0,108.35236,106.54545454545455
1,2026-05-15,LABORAL,17:00,80.0,71.27642,69.52252252252252
1,2026-05-16,SABADO,04:30,26.0,74.360374,69.12
1,2026-05-16,SABADO,05:00,103.0,81.39541,60.52
1,2026-05-16,SABADO,05:30,81.0,86.89992,88.5
1,2026-05-16,SABADO,06:00,33.0,94.93421,89.73076923076923
1,2026-05-16,SABADO,06:30,120.0,91.48767,105.34615384615384
1,2026-05-16,SABADO,07:00,145.0,114.44847,101.6923076923077
1,2026-05-16,SABADO,07:30,128.0,81.734146,98.53846153846153
1,2026-05-16,SABADO,08:00,77.0,103.52313,99.3076923076923
1,2026-05-16,SABADO,08:30,108.0,98.184906,94.88461538461539
1,2026-05-16,SABADO,09:00,113.0,101.478874,95.76923076923077
1,2026-05-16,SABADO,09:30,85.0,96.0331,82.8076923076923
1,2026-05-16,SABADO,10:00,83.0,92.898506,77.96153846153847
1,2026-05-16,SABADO,10:30,90.0,83.65164,89.0
1,2026-05-16,SABADO,11:00,100.0,73.63988,85.26923076923077
1,2026-05-16,SABADO,11:30,103.0,92.71809,80.4
1,2026-05-16,SABADO,12:00,118.0,81.39801,85.57692307692308
1,2026-05-16,SABADO,12:30,110.0,78.40408,88.0
1,2026-05-16,SABADO,13:00,35.0,90.67302,68.17391304347827
1,2026-05-16,SABADO,13:30,48.0,77.42432,70.52
1,2026-05-16,SABADO,14:00,25.0,76.16334,74.5
1,2026-05-16,SABADO,14:30,147.0,71.02124,73.04
1,2026-05-16,SABADO,15:00,42.0,68.22223,62.416666666666664
1,2026-05-16,SABADO,15:30,39.0,65.965866,54.75
1,2026-05-16,SABADO,16:00,45.0,69.70131,52.541666666666664
1,2026-05-16,SABADO,17:00,1.0,56.66133,44.666666666666664
1,2026-05-17,DOMINGO,07:00,20.0,36.970367,35.05263157894737
1,2026-05-17,DOMINGO,07:30,40.0,33.960537,30.363636363636363
1,2026-05-17,DOMINGO,08:00,16.0,35.46802,37.61904761904762
1,2026-05-17,DOMINGO,08:30,59.0,39.633614,42.333333333333336
1,2026-05-17,DOMINGO,10:30,24.0,33.70026,34.22727272727273
1,2026-05-17,DOMINGO,11:30,38.0,41.327843,35.46666666666667
1,2026-05-17,DOMINGO,12:00,26.0,35.742992,33.94117647058823
1,2026-05-17,DOMINGO,16:00,27.0,32.515484,35.666666666666664
1,2026-05-18,FESTIVO_PUENTE,06:30,34.0,47.50019,44.0
1,2026-05-18,FESTIVO_PUENTE,07:00,54.0,50.90049,23.0
1,2026-05-18,FESTIVO_PUENTE,08:00,26.0,40.201664,16.666666666666668
1,2026-05-18,FESTIVO_PUENTE,08:30,20.0,42.704937,23.75
1,2026-05-18,FESTIVO_PUENTE,09:00,21.0,44.64832,27.333333333333332
1,2026-05-18,FESTIVO_PUENTE,09:30,41.0,37.502296,26.0
1,2026-05-18,FESTIVO_PUENTE,10:30,16.0,32.01447,27.0
1,2026-05-18,FESTIVO_PUENTE,11:00,12.0,34.798477,23.75
1,2026-05-18,FESTIVO_PUENTE,11:30,46.0,32.434483,23.333333333333332
1,2026-05-18,FESTIVO_PUENTE,12:00,17.0,37.572105,23.75
1,2026-05-18,FESTIVO_PUENTE,13:00,23.0,41.593834,36.0
1,2026-05-18,FESTIVO_PUENTE,14:00,26.0,45.12891,25.0
1,2026-05-18,FESTIVO_PUENTE,16:30,36.0,38.753025,15.0
1,2026-05-19,LABORAL,04:30,82.0,124.283745,109.06611570247934
1,2026-05-19,LABORAL,05:00,135.0,127.28958,115.25
1,2026-05-19,LABORAL,05:30,156.0,132.53818,130.38842975206612
1,2026-05-19,LABORAL,06:00,133.0,132.53818,125.36363636363636
1,2026-05-19,LABORAL,06:30,155.0,133.29947,131.05785123966942
1,2026-05-19,LABORAL,07:00,125.0,129.19235,125.8
1,2026-05-19,LABORAL,07:30,122.0,138.65643,133.83471074380165
1,2026-05-19,LABORAL,08:00,124.0,132.63422,128.025
1,2026-05-19,LABORAL,08:30,130.0,129.08334,130.27272727272728
1,2026-05-19,LABORAL,09:00,156.0,130.97815,131.475
1,2026-05-19,LABORAL,09:30,125.0,137.31268,118.62809917355372
1,2026-05-19,LABORAL,10:00,71.0,88.56524,95.88429752066116
1,2026-05-19,LABORAL,10:30,146.0,97.22186,93.95833333333333
1,2026-05-19,LABORAL,11:00,42.0,107.840866,91.84297520661157
1,2026-05-19,LABORAL,11:30,184.0,108.39201,98.47107438016529
1,2026-05-19,LABORAL,12:00,77.0,116.04713,108.29166666666667
1,2026-05-19,LABORAL,12:30,131.0,107.32586,127.85950413223141
1,2026-05-19,LABORAL,13:00,91.0,134.90408,131.05785123966942
1,2026-05-19,LABORAL,13:30,153.0,124.67518,131.900826446281
1,2026-05-19,LABORAL,14:00,118.0,134.73032,146.95762711864407
1,2026-05-19,LABORAL,14:30,158.0,149.07648,146.85
1,2026-05-19,LABORAL,15:00,155.0,152.53622,162.8181818181818
1,2026-05-19,LABORAL,15:30,122.0,141.32382,167.10169491525423
1,2026-05-19,LABORAL,16:00,222.0,128.02106,139.16806722689077
1,2026-05-19,LABORAL,16:30,143.0,107.356,106.5702479338843
1,2026-05-19,LABORAL,17:00,48.0,80.38474,69.54054054054055
1,2026-05-20,LABORAL,04:30,82.0,102.261536,108.36363636363636
1,2026-05-20,LABORAL,05:00,128.0,129.91216,115.275
1,2026-05-20,LABORAL,05:30,88.0,130.2996,130.40495867768595
1,2026-05-20,LABORAL,06:00,137.0,126.46678,124.63636363636364
1,2026-05-20,LABORAL,06:30,145.0,137.06618,131.19834710743802
1,2026-05-20,LABORAL,07:00,130.0,122.74107,126.05833333333334
1,2026-05-20,LABORAL,07:30,101.0,130.96301,133.2396694214876
1,2026-05-20,LABORAL,08:00,58.0,124.008286,127.66666666666667
1,2026-05-20,LABORAL,08:30,185.0,130.5277,130.43801652892563
1,2026-05-20,LABORAL,09:00,91.0,125.43143,131.30833333333334
1,2026-05-20,LABORAL,09:30,104.0,113.42848,118.50413223140495
1,2026-05-20,LABORAL,10:00,191.0,97.51314,95.2892561983471
1,2026-05-20,LABORAL,10:30,67.0,104.752426,94.65
1,2026-05-20,LABORAL,11:00,66.0,92.52814,91.31404958677686
1,2026-05-20,LABORAL,11:30,92.0,92.74629,98.62809917355372
1,2026-05-20,LABORAL,12:00,82.0,105.020004,107.80833333333334
1,2026-05-20,LABORAL,12:30,104.0,127.11778,127.91735537190083
1,2026-05-20,LABORAL,13:00,47.0,123.344574,130.50413223140495
1,2026-05-20,LABORAL,13:30,178.0,128.9114,131.91735537190084
1,2026-05-20,LABORAL,14:00,117.0,136.11269,146.78813559322035
1,2026-05-20,LABORAL,14:30,130.0,145.89679,146.04166666666666
1,2026-05-20,LABORAL,15:00,270.0,148.64853,163.099173553719
1,2026-05-20,LABORAL,15:30,180.0,153.15384,166.32203389830508
1,2026-05-20,LABORAL,16:00,104.0,141.2139,139.65546218487395
1,2026-05-20,LABORAL,16:30,71.0,106.92615,106.66115702479338
1,2026-05-20,LABORAL,17:00,95.0,68.555435,69.16216216216216
1,2026-05-22,LABORAL,04:30,100.0,114.10561,107.33333333333333
1,2026-05-22,LABORAL,05:00,77.0,114.57657,115.33613445378151
1,2026-05-22,LABORAL,05:30,114.0,117.88852,129.65
1,2026-05-22,LABORAL,06:00,94.0,124.441345,124.49166666666666
1,2026-05-22,LABORAL,06:30,150.0,121.29393,131.69166666666666
1,2026-05-22,LABORAL,07:00,100.0,122.747894,126.27731092436974
1,2026-05-22,LABORAL,07:30,126.0,113.78568,132.26666666666668
1,2026-05-22,LABORAL,08:00,98.0,115.06637,127.70588235294117
1,2026-05-22,LABORAL,08:30,117.0,116.13992,131.28333333333333
1,2026-05-22,LABORAL,09:00,54.0,119.577736,129.94957983193277
1,2026-05-22,LABORAL,09:30,124.0,120.521286,118.30833333333334
1,2026-05-22,LABORAL,10:00,86.0,92.96132,96.325
1,2026-05-22,LABORAL,10:30,69.0,91.66617,94.0
1,2026-05-22,LABORAL,11:00,94.0,89.495255,91.09166666666667
1,2026-05-22,LABORAL,11:30,100.0,95.802414,98.51666666666667
1,2026-05-22,LABORAL,12:00,106.0,104.02238,107.73109243697479
1,2026-05-22,LABORAL,12:30,175.0,119.1514,127.96666666666667
1,2026-05-22,LABORAL,13:00,47.0,115.172966,129.275
1,2026-05-22,LABORAL,13:30,106.0,124.094925,132.50833333333333
1,2026-05-22,LABORAL,14:00,178.0,141.23178,146.7008547008547
1,2026-05-22,LABORAL,14:30,116.0,130.71867,145.56302521008402
1,2026-05-22,LABORAL,15:00,193.0,148.71797,163.26666666666668
1,2026-05-22,LABORAL,15:30,127.0,145.29973,166.22222222222223
1,2026-05-22,LABORAL,16:00,72.0,137.00462,139.1864406779661
1,2026-05-22,LABORAL,16:30,165.0,104.432465,106.03333333333333
1,2026-05-22,LABORAL,17:00,31.0,68.56049,69.78181818181818
1,2026-05-23,SABADO,04:30,94.0,52.545513,66.0
1,2026-05-23,SABADO,05:00,32.0,76.74505,62.64
1,2026-05-23,SABADO,05:30,145.0,79.871574,88.42307692307692
1,2026-05-23,SABADO,06:00,78.0,69.1836,86.42307692307692
1,2026-05-23,SABADO,06:30,148.0,91.97713,107.0
1,2026-05-23,SABADO,07:00,66.0,102.24866,100.3076923076923
1,2026-05-23,SABADO,07:30,119.0,87.33423,100.65384615384616
1,2026-05-23,SABADO,08:00,70.0,80.12262,98.38461538461539
1,2026-05-23,SABADO,08:30,76.0,80.934,93.96153846153847
1,2026-05-23,SABADO,09:00,82.0,78.282486,95.0
1,2026-05-23,SABADO,09:30,98.0,70.854095,83.38461538461539
1,2026-05-23,SABADO,10:00,52.0,67.12062,76.73076923076923
1,2026-05-23,SABADO,10:30,44.0,71.16692,87.125
1,2026-05-23,SABADO,11:00,129.0,77.034874,85.6923076923077
1,2026-05-23,SABADO,11:30,50.0,83.063484,80.56
1,2026-05-23,SABADO,12:00,84.0,77.56775,87.34615384615384
1,2026-05-23,SABADO,12:30,110.0,90.162506,88.52173913043478
1,2026-05-23,SABADO,13:00,79.0,53.68027,64.3913043478261
1,2026-05-23,SABADO,14:00,85.0,70.83046,72.54166666666667
1,2026-05-23,SABADO,15:00,89.0,69.79943,62.416666666666664
1,2026-05-23,SABADO,15:30,47.0,53.465347,55.333333333333336
1,2026-05-23,SABADO,16:00,24.0,46.57563,50.0
1,2026-05-23,SABADO,16:30,38.0,58.510544,71.94117647058823
1,2026-05-24,DOMINGO,08:00,28.0,36.440636,36.63636363636363
1,2026-05-24,DOMINGO,08:30,26.0,37.914467,43.42857142857143
1,2026-05-24,DOMINGO,09:00,44.0,40.20475,34.13333333333333
1,2026-05-24,DOMINGO,10:00,35.0,20.374525,35.76190476190476
1,2026-05-24,DOMINGO,11:00,27.0,35.60918,34.5
1,2026-05-24,DOMINGO,12:00,10.0,35.274677,33.23529411764706
1,2026-05-24,DOMINGO,12:30,35.0,37.579502,37.63157894736842
1,2026-05-24,DOMINGO,13:30,32.0,25.157354,28.533333333333335
1,2026-05-24,DOMINGO,14:00,16.0,36.342903,36.125
1,2026-05-24,DOMINGO,15:00,25.0,29.488214,39.6875
1,2026-05-24,DOMINGO,15:30,21.0,31.34849,49.714285714285715
1,2026-05-24,DOMINGO,16:30,32.0,28.106155,31.75
1,2026-05-25,LABORAL,04:30,54.0,115.486694,106.825
1,2026-05-25,LABORAL,05:00,152.0,116.72409,115.17647058823529
1,2026-05-25,LABORAL,05:30,114.0,130.65207,129.45
1,2026-05-25,LABORAL,06:00,128.0,111.10356,123.95
1,2026-05-25,LABORAL,06:30,124.0,137.21133,132.06666666666666
1,2026-05-25,LABORAL,07:00,145.0,120.85652,126.00840336134453
1,2026-05-25,LABORAL,07:30,66.0,118.6572,132.04166666666666
1,2026-05-25,LABORAL,08:00,144.0,115.96474,127.4201680672269
1,2026-05-25,LABORAL,08:30,210.0,117.2662,131.16666666666666
1,2026-05-25,LABORAL,09:00,176.0,116.90506,129.3109243697479
1,2026-05-25,LABORAL,09:30,50.0,111.28333,118.13333333333334
1,2026-05-25,LABORAL,10:00,71.0,88.89709,96.025
1,2026-05-25,LABORAL,10:30,110.0,89.75283,94.0
1,2026-05-25,LABORAL,11:00,74.0,95.47922,91.46666666666667
1,2026-05-25,LABORAL,11:30,72.0,93.72113,98.55833333333334
1,2026-05-25,LABORAL,12:00,122.0,97.50866,107.08403361344538
1,2026-05-25,LABORAL,12:30,120.0,122.77692,128.51666666666668
1,2026-05-25,LABORAL,13:00,82.0,116.31731,128.0
1,2026-05-25,LABORAL,13:30,114.0,121.05044,132.325
1,2026-05-25,LABORAL,14:00,158.0,123.424416,147.0940170940171
1,2026-05-25,LABORAL,14:30,134.0,118.078674,144.91596638655463
1,2026-05-25,LABORAL,15:00,177.0,139.42487,163.88333333333333
1,2026-05-25,LABORAL,15:30,164.0,140.6756,165.07692307692307
1,2026-05-25,LABORAL,16:00,68.0,121.53421,138.24576271186442
1,2026-05-25,LABORAL,16:30,138.0,110.59368,106.19166666666666
1,2026-05-25,LABORAL,17:00,92.0,58.449562,69.39090909090909
1,2026-05-25,LABORAL,17:30,29.0,28.538494,36.78048780487805
1,2026-05-26,LABORAL,04:30,154.0,114.77898,105.96666666666667
1,2026-05-26,LABORAL,05:00,112.0,130.24925,115.52941176470588
1,2026-05-26,LABORAL,05:30,153.0,130.76749,129.03333333333333
1,2026-05-26,LABORAL,06:00,69.0,134.36938,124.61666666666666
1,2026-05-26,LABORAL,06:30,152.0,139.93744,132.175
1,2026-05-26,LABORAL,07:00,149.0,131.27448,126.02521008403362
1,2026-05-26,LABORAL,07:30,137.0,121.782776,131.81666666666666
1,2026-05-26,LABORAL,08:00,110.0,134.57562,127.47899159663865
1,2026-05-26,LABORAL,08:30,108.0,147.49014,131.8
1,2026-05-26,LABORAL,09:00,151.0,117.448944,129.5546218487395
1,2026-05-26,LABORAL,09:30,83.0,117.79031,117.875
1,2026-05-26,LABORAL,10:00,91.0,98.55524,95.425
1,2026-05-26,LABORAL,10:30,80.0,99.83077,94.26890756302521
1,2026-05-26,LABORAL,11:00,119.0,95.43923,91.3
1,2026-05-26,LABORAL,11:30,101.0,102.70648,98.58333333333333
1,2026-05-26,LABORAL,12:00,106.0,107.91117,106.97478991596638
1,2026-05-26,LABORAL,12:30,89.0,133.00342,128.175
1,2026-05-26,LABORAL,13:00,157.0,120.608086,127.325
1,2026-05-26,LABORAL,13:30,171.0,137.25719,132.525
1,2026-05-26,LABORAL,14:00,50.0,149.29407,146.87179487179486
1,2026-05-26,LABORAL,14:30,214.0,146.09937,144.64705882352942
1,2026-05-26,LABORAL,15:00,129.0,193.61113,163.69166666666666
1,2026-05-26,LABORAL,15:30,138.0,162.4021,164.97435897435898
1,2026-05-26,LABORAL,16:00,148.0,143.07802,137.38135593220338
1,2026-05-26,LABORAL,16:30,78.0,112.57396,106.64166666666667
1,2026-05-26,LABORAL,17:00,117.0,69.63767,69.52727272727273
1,2026-05-27,LABORAL,04:30,122.0,109.94713,105.975
1,2026-05-27,LABORAL,05:00,130.0,115.45191,115.00840336134453
1,2026-05-27,LABORAL,05:30,87.0,124.24883,129.49166666666667
1,2026-05-27,LABORAL,06:00,175.0,125.97595,124.46666666666667
1,2026-05-27,LABORAL,06:30,92.0,133.56644,132.35
1,2026-05-27,LABORAL,07:00,58.0,123.66067,126.71428571428571
1,2026-05-27,LABORAL,07:30,194.0,122.8024,132.04166666666666
1,2026-05-27,LABORAL,08:00,130.0,122.60644,126.52941176470588
1,2026-05-27,LABORAL,08:30,80.0,133.1985,131.725
1,2026-05-27,LABORAL,09:00,156.0,118.084625,129.88235294117646
1,2026-05-27,LABORAL,09:30,108.0,117.476395,116.98333333333333
1,2026-05-27,LABORAL,10:00,39.0,89.237236,95.13333333333334
1,2026-05-27,LABORAL,10:30,74.0,88.39295,93.82352941176471
1,2026-05-27,LABORAL,11:00,108.0,87.35035,91.55
1,2026-05-27,LABORAL,11:30,59.0,96.42223,99.05833333333334
1,2026-05-27,LABORAL,12:00,155.0,102.98902,107.15966386554622
1,2026-05-27,LABORAL,12:30,101.0,123.704315,128.39166666666668
1,2026-05-27,LABORAL,13:00,112.0,114.703545,127.11666666666666
1,2026-05-27,LABORAL,14:00,222.0,125.994095,146.008547008547
1,2026-05-27,LABORAL,14:30,143.0,133.98463,144.9747899159664
1,2026-05-27,LABORAL,15:00,168.0,165.32457,162.875
1,2026-05-27,LABORAL,15:30,143.0,149.44402,165.06837606837607
1,2026-05-27,LABORAL,16:00,130.0,133.01665,137.39830508474577
1,2026-05-27,LABORAL,16:30,34.0,92.03995,105.75833333333334
1,2026-05-27,LABORAL,17:00,84.0,63.42258,69.64545454545454
1,2026-05-28,LABORAL,04:30,101.0,112.550804,105.85833333333333
1,2026-05-28,LABORAL,05:00,62.0,114.849045,115.17647058823529
1,2026-05-28,LABORAL,05:30,193.0,114.531715,128.775
1,2026-05-28,LABORAL,06:00,136.0,117.32794,125.14166666666667
1,2026-05-28,LABORAL,06:30,145.0,116.06876,131.88333333333333
1,2026-05-28,LABORAL,07:00,111.0,115.16176,126.08403361344538
1,2026-05-28,LABORAL,07:30,134.0,118.412895,132.84166666666667
1,2026-05-28,LABORAL,08:00,108.0,116.92654,126.21008403361344
1,2026-05-28,LABORAL,08:30,125.0,113.54772,131.53333333333333
1,2026-05-28,LABORAL,09:00,88.0,119.55471,129.9747899159664
1,2026-05-28,LABORAL,09:30,116.0,112.13136,117.525
1,2026-05-28,LABORAL,10:00,38.0,91.3019,94.9
1,2026-05-28,LABORAL,10:30,120.0,86.084404,93.47899159663865
1,2026-05-28,LABORAL,11:00,103.0,89.42338,91.83333333333333
1,2026-05-28,LABORAL,11:30,74.0,89.533775,98.81666666666666
1,2026-05-28,LABORAL,12:00,132.0,109.2612,107.08403361344538
1,2026-05-28,LABORAL,12:30,143.0,114.937065,127.96666666666667
1,2026-05-28,LABORAL,13:00,73.0,113.73549,126.76666666666667
1,2026-05-28,LABORAL,13:30,200.0,110.66954,133.11764705882354
1,2026-05-28,LABORAL,14:00,100.0,125.15445,146.63247863247864
1,2026-05-28,LABORAL,14:30,94.0,132.21469,144.01680672268907
1,2026-05-28,LABORAL,15:00,178.0,131.23972,163.65833333333333
1,2026-05-28,LABORAL,15:30,103.0,126.87542,165.42735042735043
1,2026-05-28,LABORAL,16:00,149.0,114.90182,137.23728813559322
1,2026-05-28,LABORAL,16:30,47.0,103.98149,104.75833333333334
1,2026-05-28,LABORAL,17:00,47.0,62.865643,69.57272727272728
1,2026-05-29,LABORAL,04:30,129.0,103.668045,105.475
1,2026-05-29,LABORAL,05:00,79.0,106.96083,114.50420168067227
1,2026-05-29,LABORAL,05:30,120.0,123.773895,129.20833333333334
1,2026-05-29,LABORAL,06:00,134.0,122.838585,124.99166666666666
1,2026-05-29,LABORAL,06:30,109.0,136.45868,132.30833333333334
1,2026-05-29,LABORAL,07:00,155.0,133.89204,125.56302521008404
1,2026-05-29,LABORAL,07:30,107.0,124.45946,132.7
1,2026-05-29,LABORAL,08:00,122.0,126.39205,126.10924369747899
1,2026-05-29,LABORAL,08:30,142.0,127.41272,131.95
1,2026-05-29,LABORAL,09:00,81.0,119.88597,129.6386554621849
1,2026-05-29,LABORAL,09:30,153.0,116.18863,117.34166666666667
1,2026-05-29,LABORAL,10:00,90.0,95.49642,94.09166666666667
1,2026-05-29,LABORAL,10:30,65.0,91.413345,93.76470588235294
1,2026-05-29,LABORAL,11:00,95.0,96.35541,92.04166666666667
1,2026-05-29,LABORAL,11:30,99.0,102.040924,98.63333333333334
1,2026-05-29,LABORAL,12:00,59.0,107.59272,107.21008403361344
1,2026-05-29,LABORAL,12:30,136.0,125.92099,127.725
1,2026-05-29,LABORAL,13:00,184.0,117.838036,126.36666666666666
1,2026-05-29,LABORAL,13:30,76.0,140.8315,133.08403361344537
1,2026-05-29,LABORAL,14:00,109.0,142.3114,146.95726495726495
1,2026-05-29,LABORAL,14:30,175.0,133.78639,143.27731092436974
1,2026-05-29,LABORAL,15:00,141.0,152.30135,163.93333333333334
1,2026-05-29,LABORAL,15:30,164.0,133.54628,164.27350427350427
1,2026-05-29,LABORAL,16:00,131.0,135.72557,136.3050847457627
1,2026-05-29,LABORAL,16:30,74.0,99.121704,104.33333333333333
1,2026-05-29,LABORAL,17:00,58.0,69.102936,69.21818181818182
1,2026-05-30,SABADO,04:30,46.0,76.3738,65.4
1,2026-05-30,SABADO,05:00,45.0,58.139843,61.64
1,2026-05-30,SABADO,05:30,107.0,100.405716,90.03846153846153
1,2026-05-30,SABADO,06:00,105.0,84.57115,85.34615384615384
1,2026-05-30,SABADO,06:30,93.0,109.75363,108.57692307692308
1,2026-05-30,SABADO,07:00,82.0,84.472725,98.46153846153847
1,2026-05-30,SABADO,07:30,87.0,101.20631,101.38461538461539
1,2026-05-30,SABADO,08:00,80.0,84.59171,95.92307692307692
1,2026-05-30,SABADO,08:30,120.0,92.978676,92.96153846153847
1,2026-05-30,SABADO,09:00,84.0,83.733765,96.88461538461539
1,2026-05-30,SABADO,09:30,75.0,88.839165,82.15384615384616
1,2026-05-30,SABADO,10:00,43.0,78.89315,76.42307692307692
1,2026-05-30,SABADO,10:30,55.0,78.651665,85.4
1,2026-05-30,SABADO,11:00,58.0,92.946304,85.61538461538461
1,2026-05-30,SABADO,11:30,54.0,81.04548,78.08
1,2026-05-30,SABADO,12:00,105.0,79.43217,88.42307692307692
1,2026-05-30,SABADO,12:30,57.0,100.69077,88.47826086956522
1,2026-05-30,SABADO,13:00,84.0,74.51225,63.21739130434783
1,2026-05-30,SABADO,13:30,42.0,67.395584,70.5
1,2026-05-30,SABADO,14:00,38.0,74.30968,71.45833333333333
1,2026-05-30,SABADO,14:30,153.0,76.051895,78.70833333333333
1,2026-05-30,SABADO,15:00,41.0,70.27276,63.875
1,2026-05-30,SABADO,15:30,33.0,61.269775,53.25
1,2026-05-31,DOMINGO,07:00,21.0,31.69389,34.77777777777778
1,2026-05-31,DOMINGO,07:30,37.0,29.464464,30.095238095238095
1,2026-05-31,DOMINGO,08:30,44.0,35.814243,42.63636363636363
1,2026-05-31,DOMINGO,09:30,48.0,30.66836,39.5
1,2026-05-31,DOMINGO,11:00,54.0,31.091236,31.4375
1,2026-05-31,DOMINGO,12:00,78.0,36.071377,32.05882352941177
1,2026-05-31,DOMINGO,12:30,65.0,34.62782,37.526315789473685
1,2026-05-31,DOMINGO,14:30,25.0,49.884956,42.0
1,2026-05-31,DOMINGO,15:30,16.0,32.068645,46.125
1,2026-06-01,LABORAL,04:30,87.0,102.106415,105.375
1,2026-06-01,LABORAL,05:00,150.0,120.82544,114.3529411764706
1,2026-06-01,LABORAL,05:30,155.0,123.66745,129.0
1,2026-06-01,LABORAL,06:00,72.0,125.18564,125.075
1,2026-06-01,LABORAL,06:30,104.0,127.723694,131.7
1,2026-06-01,LABORAL,07:00,163.0,133.39897,125.70588235294117
1,2026-06-01,LABORAL,07:30,151.0,113.76976,132.81666666666666
1,2026-06-01,LABORAL,08:00,68.0,133.9395,125.95798319327731
1,2026-06-01,LABORAL,08:30,117.0,141.81331,131.71666666666667
1,2026-06-01,LABORAL,09:00,178.0,128.87526,128.8403361344538
1,2026-06-01,LABORAL,09:30,117.0,115.22911,118.05833333333334
1,2026-06-01,LABORAL,10:00,43.0,93.85548,93.475
1,2026-06-01,LABORAL,10:30,91.0,97.6344,93.28571428571429
1,2026-06-01,LABORAL,11:00,36.0,96.60909,92.0
1,2026-06-01,LABORAL,11:30,148.0,98.022385,98.65833333333333
1,2026-06-01,LABORAL,12:00,123.0,105.5435,106.6890756302521
1,2026-06-01,LABORAL,12:30,86.0,130.43777,127.875
1,2026-06-01,LABORAL,13:00,103.0,122.33002,126.43333333333334
1,2026-06-01,LABORAL,13:30,137.0,132.70367,132.3613445378151
1,2026-06-01,LABORAL,14:00,111.0,141.08154,146.03418803418805
1,2026-06-01,LABORAL,14:30,179.0,135.94719,142.9075630252101
1,2026-06-01,LABORAL,15:00,132.0,152.02971,164.625
1,2026-06-01,LABORAL,15:30,133.0,144.65683,164.15384615384616
1,2026-06-01,LABORAL,16:00,131.0,114.95663,135.95762711864407
1,2026-06-01,LABORAL,16:30,45.0,109.45357,103.69166666666666
1,2026-06-02,LABORAL,04:30,77.0,134.11646,104.925
1,2026-06-02,LABORAL,05:00,100.0,116.77475,114.0672268907563
1,2026-06-02,LABORAL,05:30,147.0,127.14324,129.89166666666668
1,2026-06-02,LABORAL,06:00,150.0,117.23575,124.16666666666667
1,2026-06-02,LABORAL,06:30,195.0,125.69572,131.65
1,2026-06-02,LABORAL,07:00,92.0,139.43088,125.76470588235294
1,2026-06-02,LABORAL,07:30,155.0,129.39296,132.675
1,2026-06-02,LABORAL,08:00,49.0,115.14398,125.46218487394958
1,2026-06-02,LABORAL,08:30,158.0,115.68509,131.0
1,2026-06-02,LABORAL,09:00,152.0,121.66373,129.0924369747899
1,2026-06-02,LABORAL,09:30,85.0,119.400894,117.63333333333334
1,2026-06-02,LABORAL,10:00,113.0,102.983246,92.95833333333333
1,2026-06-02,LABORAL,10:30,157.0,96.422195,93.57142857142857
1,2026-06-02,LABORAL,11:00,38.0,94.14949,91.05
1,2026-06-02,LABORAL,11:30,71.0,95.51894,98.875
1,2026-06-02,LABORAL,12:00,128.0,104.05474,107.32773109243698
1,2026-06-02,LABORAL,12:30,108.0,120.749275,126.91666666666667
1,2026-06-02,LABORAL,13:00,173.0,115.883766,125.6
1,2026-06-02,LABORAL,13:30,120.0,127.37976,133.05042016806723
1,2026-06-02,LABORAL,14:00,120.0,129.9096,145.66666666666666
1,2026-06-02,LABORAL,14:30,137.0,152.28233,143.27731092436974
1,2026-06-02,LABORAL,15:00,184.0,141.00864,164.29166666666666
1,2026-06-02,LABORAL,15:30,146.0,135.27176,163.47863247863248
1,2026-06-02,LABORAL,16:00,143.0,142.22244,135.10169491525423
1,2026-06-02,LABORAL,16:30,33.0,100.43119,103.06666666666666
1,2026-06-02,LABORAL,17:00,44.0,72.20503,69.1743119266055
1,2026-06-03,LABORAL,04:30,105.0,108.40425,104.53333333333333
1,2026-06-03,LABORAL,05:00,98.0,116.44088,114.14285714285714
1,2026-06-03,LABORAL,05:30,126.0,125.6583,129.45833333333334
1,2026-06-03,LABORAL,06:00,111.0,130.43236,124.21666666666667
1,2026-06-03,LABORAL,06:30,123.0,121.98614,131.91666666666666
1,2026-06-03,LABORAL,07:00,111.0,124.96823,125.05042016806723
1,2026-06-03,LABORAL,07:30,98.0,128.7372,132.95833333333334
1,2026-06-03,LABORAL,08:00,110.0,120.702644,124.98319327731092
1,2026-06-03,LABORAL,08:30,137.0,116.28878,131.1
1,2026-06-03,LABORAL,09:00,92.0,122.9201,129.18487394957984
1,2026-06-03,LABORAL,09:30,103.0,110.50439,116.69166666666666
1,2026-06-03,LABORAL,10:00,137.0,93.69855,93.175
1,2026-06-03,LABORAL,10:30,80.0,93.825775,93.91596638655462
1,2026-06-03,LABORAL,11:00,114.0,89.15048,90.68333333333334
1,2026-06-03,LABORAL,11:30,69.0,90.20584,98.83333333333333
1,2026-06-03,LABORAL,12:00,82.0,102.392136,107.72268907563026
1,2026-06-03,LABORAL,12:30,125.0,121.33939,126.14166666666667
1,2026-06-03,LABORAL,13:00,117.0,124.6277,125.7
1,2026-06-03,LABORAL,13:30,87.0,115.98784,132.67226890756302
1,2026-06-03,LABORAL,14:00,197.0,138.79234,145.65811965811966
1,2026-06-03,LABORAL,14:30,52.0,142.79813,143.21008403361344
1,2026-06-03,LABORAL,15:00,136.0,144.95255,163.61666666666667
1,2026-06-03,LABORAL,15:30,202.0,138.96548,162.8803418803419
1,2026-06-03,LABORAL,16:00,156.0,130.47995,134.98305084745763
1,2026-06-03,LABORAL,16:30,78.0,96.50987,102.1
1,2026-06-04,LABORAL,04:30,121.0,108.27629,104.30833333333334
1,2026-06-04,LABORAL,05:00,61.0,109.99321,113.58823529411765
1,2026-06-04,LABORAL,05:30,137.0,128.3939,129.8
1,2026-06-04,LABORAL,06:00,144.0,127.71177,123.975
1,2026-06-04,LABORAL,06:30,121.0,126.53095,131.725
1,2026-06-04,LABORAL,07:00,134.0,124.10228,125.4873949579832
1,2026-06-04,LABORAL,07:30,131.0,125.831985,131.58333333333334
1,2026-06-04,LABORAL,08:00,111.0,113.17085,125.43697478991596
1,2026-06-04,LABORAL,08:30,88.0,119.7836,130.58333333333334
1,2026-06-04,LABORAL,09:00,156.0,113.80766,129.05882352941177
1,2026-06-04,LABORAL,09:30,84.0,113.94658,116.44166666666666
1,2026-06-04,LABORAL,10:00,52.0,97.9757,93.76666666666667
1,2026-06-04,LABORAL,10:30,130.0,92.86522,93.3781512605042
1,2026-06-04,LABORAL,11:00,59.0,94.99387,90.825
1,2026-06-04,LABORAL,11:30,69.0,94.050606,98.76666666666667
1,2026-06-04,LABORAL,12:00,92.0,101.70843,107.74789915966386
1,2026-06-04,LABORAL,12:30,126.0,122.39709,125.81666666666666
1,2026-06-04,LABORAL,13:00,77.0,113.17504,125.65833333333333
1,2026-06-04,LABORAL,13:30,120.0,123.77477,131.9579831932773
1,2026-06-04,LABORAL,14:00,116.0,131.61417,145.5897435897436
1,2026-06-04,LABORAL,14:30,84.0,124.595184,142.58823529411765
1,2026-06-04,LABORAL,15:00,124.0,139.11816,162.99166666666667
1,2026-06-04,LABORAL,15:30,179.0,138.56894,161.85470085470087
1,2026-06-04,LABORAL,16:00,68.0,124.36622,135.52542372881356
1,2026-06-04,LABORAL,16:30,72.0,95.21375,101.625
1,2026-06-04,LABORAL,17:00,37.0,63.71435,68.92592592592592
1,2026-06-05,LABORAL,04:30,107.0,118.51721,104.28333333333333
1,2026-06-05,LABORAL,05:00,80.0,108.86659,113.02521008403362
1,2026-06-05,LABORAL,05:30,137.0,121.54203,130.31666666666666
1,2026-06-05,LABORAL,06:00,104.0,129.3688,123.575
1,2026-06-05,LABORAL,06:30,103.0,131.23428,131.85
1,2026-06-05,LABORAL,07:00,147.0,123.17619,125.30252100840336
1,2026-06-05,LABORAL,07:30,134.0,125.01673,131.375
1,2026-06-05,LABORAL,08:00,70.0,117.27789,125.60504201680672
1,2026-06-05,LABORAL,08:30,168.0,118.755196,130.01666666666668
1,2026-06-05,LABORAL,09:00,164.0,114.19956,128.7731092436975
1,2026-06-05,LABORAL,09:30,78.0,117.880135,115.78333333333333
1,2026-06-05,LABORAL,10:00,87.0,97.67334,93.95833333333333
1,2026-06-05,LABORAL,10:30,88.0,93.600075,93.42857142857143
1,2026-06-05,LABORAL,11:00,85.0,88.9739,90.56666666666666
1,2026-06-05,LABORAL,11:30,40.0,92.92961,98.51666666666667
1,2026-06-05,LABORAL,12:00,120.0,103.433174,107.04201680672269
1,2026-06-05,LABORAL,12:30,90.0,120.67975,125.49166666666666
1,2026-06-05,LABORAL,13:00,100.0,124.81402,124.38333333333334
1,2026-06-05,LABORAL,13:30,272.0,118.07051,132.23529411764707
1,2026-06-05,LABORAL,14:00,119.0,131.99295,144.4102564102564
1,2026-06-05,LABORAL,14:30,150.0,135.34229,142.34453781512605
1,2026-06-05,LABORAL,15:00,149.0,136.26123,162.18333333333334
1,2026-06-05,LABORAL,15:30,132.0,146.24158,161.6153846153846
1,2026-06-05,LABORAL,16:00,138.0,127.3517,134.95762711864407
1,2026-06-05,LABORAL,16:30,94.0,93.59803,100.61666666666666
1,2026-06-05,LABORAL,17:00,23.0,68.7508,68.81481481481481
1,2026-06-06,SABADO,04:30,77.0,63.808186,64.12
1,2026-06-06,SABADO,05:00,60.0,76.03474,60.44
1,2026-06-06,SABADO,05:30,86.0,96.3838,89.38461538461539
1,2026-06-06,SABADO,06:00,58.0,95.10203,85.96153846153847
1,2026-06-06,SABADO,06:30,74.0,88.01884,108.76923076923077
1,2026-06-06,SABADO,07:00,153.0,85.59841,97.6923076923077
1,2026-06-06,SABADO,07:30,65.0,97.79574,98.8076923076923
1,2026-06-06,SABADO,08:00,103.0,85.784706,94.46153846153847
1,2026-06-06,SABADO,08:30,84.0,102.38392,93.96153846153847
1,2026-06-06,SABADO,09:00,169.0,92.44529,95.76923076923077
1,2026-06-06,SABADO,09:30,50.0,85.70524,80.15384615384616
1,2026-06-06,SABADO,10:00,64.0,81.60567,76.15384615384616
1,2026-06-06,SABADO,10:30,149.0,85.81635,83.52
1,2026-06-06,SABADO,11:30,84.0,74.4763,77.28
1,2026-06-06,SABADO,12:00,61.0,96.92033,88.1923076923077
1,2026-06-06,SABADO,13:00,58.0,75.889366,64.08333333333333
1,2026-06-06,SABADO,13:30,68.0,77.02648,68.66666666666667
1,2026-06-06,SABADO,14:00,113.0,69.36898,70.12
1,2026-06-06,SABADO,14:30,52.0,98.457146,81.79166666666667
1,2026-06-06,SABADO,15:00,71.0,58.120346,60.916666666666664
1,2026-06-06,SABADO,16:00,82.0,59.723755,47.291666666666664
1,2026-06-07,DOMINGO,06:30,16.0,29.732643,24.5
1,2026-06-07,DOMINGO,07:00,25.0,39.18676,34.44444444444444
1,2026-06-07,DOMINGO,07:30,32.0,34.94283,30.666666666666668
1,2026-06-07,DOMINGO,08:00,19.0,36.510773,34.86363636363637
1,2026-06-07,DOMINGO,08:30,67.0,33.96164,42.69565217391305
1,2026-06-07,DOMINGO,09:30,53.0,33.79262,38.75
1,2026-06-07,DOMINGO,10:00,23.0,29.76524,36.05
1,2026-06-07,DOMINGO,10:30,15.0,36.89902,33.666666666666664
1,2026-06-07,DOMINGO,11:00,37.0,27.813818,32.5625
1,2026-06-07,DOMINGO,11:30,19.0,40.064613,35.625
1,2026-06-07,DOMINGO,12:00,22.0,37.415688,34.35294117647059
1,2026-06-07,DOMINGO,12:30,40.0,34.486404,37.94736842105263
1,2026-06-07,DOMINGO,13:00,28.0,31.397343,32.857142857142854
1,2026-06-07,DOMINGO,13:30,21.0,38.42089,28.571428571428573
1,2026-06-07,DOMINGO,14:30,30.0,31.909615,40.0
1,2026-06-07,DOMINGO,15:00,25.0,30.423065,34.86666666666667
1,2026-06-07,DOMINGO,16:00,32.0,30.741692,34.875
1,2026-06-08,FESTIVO_PUENTE,07:30,23.0,40.841446,47.666666666666664
1,2026-06-08,FESTIVO_PUENTE,08:30,55.0,37.929256,21.5
1,2026-06-08,FESTIVO_PUENTE,09:30,18.0,30.204296,35.666666666666664
1,2026-06-08,FESTIVO_PUENTE,11:00,18.0,30.422882,19.25
1,2026-06-08,FESTIVO_PUENTE,11:30,21.0,24.239246,28.333333333333332
1,2026-06-08,FESTIVO_PUENTE,13:30,17.0,32.863003,28.333333333333332
1,2026-06-08,FESTIVO_PUENTE,14:30,24.0,36.32987,51.0
1,2026-06-08,FESTIVO_PUENTE,15:30,21.0,37.758945,23.0
1,2026-06-09,LABORAL,04:30,88.0,109.785904,103.98333333333333
1,2026-06-09,LABORAL,05:00,129.0,104.715004,113.01680672268908
1,2026-06-09,LABORAL,05:30,140.0,140.21143,129.85
1,2026-06-09,LABORAL,06:00,110.0,140.11678,123.55833333333334
1,2026-06-09,LABORAL,06:30,141.0,128.42088,131.45833333333334
1,2026-06-09,LABORAL,07:00,54.0,122.62751,125.28571428571429
1,2026-06-09,LABORAL,07:30,168.0,126.361465,130.79166666666666
1,2026-06-09,LABORAL,08:00,102.0,124.394005,125.24369747899159
1,2026-06-09,LABORAL,08:30,66.0,134.71986,129.91666666666666
1,2026-06-09,LABORAL,09:00,147.0,136.94125,128.91596638655463
1,2026-06-09,LABORAL,09:30,129.0,119.86176,115.5
1,2026-06-09,LABORAL,10:00,89.0,95.4668,94.21666666666667
1,2026-06-09,LABORAL,10:30,81.0,100.05879,93.67226890756302
1,2026-06-09,LABORAL,11:00,83.0,98.663635,90.69166666666666
1,2026-06-09,LABORAL,11:30,92.0,102.02371,97.54166666666667
1,2026-06-09,LABORAL,12:00,147.0,111.38229,107.50420168067227
1,2026-06-09,LABORAL,12:30,106.0,127.37054,125.35833333333333
1,2026-06-09,LABORAL,13:00,147.0,128.43294,123.5
1,2026-06-09,LABORAL,13:30,152.0,126.512115,133.46218487394958
1,2026-06-09,LABORAL,14:00,186.0,130.26828,144.05982905982907
1,2026-06-09,LABORAL,14:30,49.0,139.95634,142.16806722689077
1,2026-06-09,LABORAL,15:00,135.0,148.92267,161.58333333333334
1,2026-06-09,LABORAL,15:30,116.0,153.66669,161.74358974358975
1,2026-06-09,LABORAL,16:00,133.0,136.33572,134.97457627118644
1,2026-06-09,LABORAL,16:30,76.0,98.12969,100.09166666666667
1,2026-06-10,LABORAL,04:30,121.0,107.71493,103.60833333333333
1,2026-06-10,LABORAL,05:00,67.0,109.54504,113.34453781512605
1,2026-06-10,LABORAL,05:30,145.0,126.49172,129.65833333333333
1,2026-06-10,LABORAL,06:00,93.0,124.66553,122.93333333333334
1,2026-06-10,LABORAL,06:30,136.0,126.23027,131.9
1,2026-06-10,LABORAL,07:00,54.0,114.42958,124.39495798319328
1,2026-06-10,LABORAL,07:30,154.0,127.941376,130.41666666666666
1,2026-06-10,LABORAL,08:00,72.0,114.94794,124.4873949579832
1,2026-06-10,LABORAL,08:30,112.0,122.68333,129.05
1,2026-06-10,LABORAL,09:00,142.0,119.72707,129.41176470588235
1,2026-06-10,LABORAL,09:30,100.0,121.60345,114.88333333333334
1,2026-06-10,LABORAL,10:00,72.0,99.00918,93.88333333333334
1,2026-06-10,LABORAL,10:30,76.0,92.07362,93.17647058823529
1,2026-06-10,LABORAL,11:00,104.0,91.99624,90.73333333333333
1,2026-06-10,LABORAL,11:30,65.0,94.95301,97.39166666666667
1,2026-06-10,LABORAL,12:00,79.0,109.14948,107.96638655462185
1,2026-06-10,LABORAL,12:30,87.0,118.016884,124.75833333333334
1,2026-06-10,LABORAL,13:00,167.0,112.89762,123.5
1,2026-06-10,LABORAL,13:30,101.0,121.069,133.94957983193277
1,2026-06-10,LABORAL,14:00,50.0,134.01598,143.72649572649573
1,2026-06-10,LABORAL,14:30,57.0,123.80313,140.80672268907563
1,2026-06-10,LABORAL,15:00,66.0,140.89703,160.89166666666668
1,2026-06-10,LABORAL,15:30,47.0,145.28052,161.0854700854701
1,2026-06-10,LABORAL,16:00,37.0,138.40852,134.635593220339
3,2026-04-02,FESTIVO,07:00,26.0,38.843735,11.0
3,2026-04-02,FESTIVO,07:30,42.0,54.980747,126.4241668555883
3,2026-04-02,FESTIVO,08:00,11.0,41.001553,14.0
3,2026-04-02,FESTIVO,08:30,62.0,29.050634,17.5
3,2026-04-02,FESTIVO,09:00,50.0,36.96945,16.0
3,2026-04-02,FESTIVO,09:30,17.0,33.981937,126.4241668555883
3,2026-04-02,FESTIVO,10:00,24.0,30.307804,126.4241668555883
3,2026-04-02,FESTIVO,10:30,46.0,36.15757,22.5
3,2026-04-02,FESTIVO,11:00,22.0,35.342373,126.4241668555883
3,2026-04-02,FESTIVO,11:30,55.0,30.898607,48.5
3,2026-04-02,FESTIVO,12:00,14.0,37.27668,126.4241668555883
3,2026-04-02,FESTIVO,12:30,46.0,32.30973,35.0
3,2026-04-02,FESTIVO,13:00,29.0,30.954716,25.0
3,2026-04-02,FESTIVO,13:30,13.0,29.69218,126.4241668555883
3,2026-04-02,FESTIVO,14:00,23.0,32.440384,126.4241668555883
3,2026-04-02,FESTIVO,14:30,26.0,34.6168,35.0
3,2026-04-02,FESTIVO,15:00,21.0,37.67907,126.4241668555883
3,2026-04-02,FESTIVO,15:30,20.0,32.135796,126.4241668555883
3,2026-04-02,FESTIVO,16:00,42.0,34.701965,126.4241668555883
3,2026-04-03,FESTIVO,07:00,1.0,24.760542,18.5
3,2026-04-03,FESTIVO,07:30,28.0,42.8661,42.0
3,2026-04-03,FESTIVO,08:30,25.0,26.28505,32.333333333333336
3,2026-04-03,FESTIVO,09:00,17.0,36.416008,33.0
3,2026-04-03,FESTIVO,09:30,17.0,29.285395,17.0
3,2026-04-03,FESTIVO,10:30,35.0,25.599684,30.333333333333332
3,2026-04-03,FESTIVO,11:00,14.0,23.095795,22.0
3,2026-04-03,FESTIVO,11:30,24.0,24.956768,50.666666666666664
3,2026-04-03,FESTIVO,12:30,27.0,26.142529,40.5
3,2026-04-03,FESTIVO,14:00,24.0,29.306768,23.0
3,2026-04-03,FESTIVO,15:00,28.0,32.83275,21.0
3,2026-04-04,SABADO,04:00,25.0,48.65982,40.24
3,2026-04-04,SABADO,04:30,86.0,96.00184,96.6923076923077
3,2026-04-04,SABADO,05:00,64.0,154.58401,163.92307692307693
3,2026-04-04,SABADO,05:30,98.0,155.56775,148.3846153846154
3,2026-04-04,SABADO,06:00,100.0,176.40128,207.57692307692307
3,2026-04-04,SABADO,06:30,67.0,169.87708,192.34615384615384
3,2026-04-04,SABADO,07:00,73.0,128.19217,135.19230769230768
3,2026-04-04,SABADO,07:30,42.0,93.9386,108.11538461538461
3,2026-04-04,SABADO,08:00,107.0,95.37379,118.26923076923077
3,2026-04-04,SABADO,08:30,32.0,92.86583,108.84615384615384
3,2026-04-04,SABADO,09:00,85.0,98.92069,94.11538461538461
3,2026-04-04,SABADO,09:30,97.0,74.2067,87.61538461538461
3,2026-04-04,SABADO,10:00,31.0,86.85989,90.76923076923077
3,2026-04-04,SABADO,10:30,36.0,93.75462,77.76923076923077
3,2026-04-04,SABADO,11:00,44.0,79.86112,94.65384615384616
3,2026-04-04,SABADO,11:30,70.0,88.69919,87.08
3,2026-04-04,SABADO,12:00,31.0,84.66556,85.07692307692308
3,2026-04-04,SABADO,12:30,62.0,79.75739,78.91304347826087
3,2026-04-04,SABADO,13:30,41.0,64.44604,66.92
3,2026-04-04,SABADO,14:00,27.0,62.79876,69.25
3,2026-04-04,SABADO,14:30,64.0,62.265022,65.64
3,2026-04-04,SABADO,15:00,30.0,79.02788,67.9090909090909
3,2026-04-04,SABADO,15:30,72.0,59.52726,57.78260869565217
3,2026-04-05,DOMINGO,07:00,15.0,40.251064,30.95
3,2026-04-05,DOMINGO,07:30,32.0,38.98768,33.833333333333336
3,2026-04-05,DOMINGO,08:00,33.0,39.643925,40.583333333333336
3,2026-04-05,DOMINGO,08:30,22.0,45.200317,37.05263157894737
3,2026-04-05,DOMINGO,09:30,30.0,45.69489,33.15
3,2026-04-05,DOMINGO,10:30,34.0,42.265034,37.3
3,2026-04-05,DOMINGO,11:30,36.0,43.058163,30.375
3,2026-04-05,DOMINGO,12:00,21.0,44.052216,35.22727272727273
3,2026-04-05,DOMINGO,14:00,31.0,47.012306,33.0
3,2026-04-05,DOMINGO,14:30,28.0,39.596516,35.529411764705884
3,2026-04-05,DOMINGO,15:00,17.0,47.201042,36.07692307692308
3,2026-04-06,LABORAL,04:00,35.0,56.98617,56.663716814159294
3,2026-04-06,LABORAL,04:30,118.0,153.5664,143.19327731092437
3,2026-04-06,LABORAL,05:00,262.0,238.9288,265.64166666666665
3,2026-04-06,LABORAL,05:30,251.0,247.90161,242.65
3,2026-04-06,LABORAL,06:00,180.0,269.0265,299.625
3,2026-04-06,LABORAL,06:30,304.0,209.26253,213.91666666666666
3,2026-04-06,LABORAL,07:00,186.0,156.84087,172.9
3,2026-04-06,LABORAL,07:30,141.0,140.75589,151.73949579831933
3,2026-04-06,LABORAL,08:00,172.0,134.82747,138.75862068965517
3,2026-04-06,LABORAL,08:30,117.0,130.96791,140.30252100840337
3,2026-04-06,LABORAL,09:00,134.0,128.61827,137.49579831932772
3,2026-04-06,LABORAL,09:30,137.0,130.22063,119.21186440677967
3,2026-04-06,LABORAL,10:00,145.0,132.55699,128.55084745762713
3,2026-04-06,LABORAL,10:30,70.0,123.494896,116.46666666666667
3,2026-04-06,LABORAL,11:00,185.0,118.58539,108.89075630252101
3,2026-04-06,LABORAL,11:30,101.0,131.13916,130.76470588235293
3,2026-04-06,LABORAL,12:00,198.0,161.07349,170.66666666666666
3,2026-04-06,LABORAL,12:30,179.0,124.49757,138.40677966101694
3,2026-04-06,LABORAL,13:00,124.0,129.59308,138.49166666666667
3,2026-04-06,LABORAL,13:30,175.0,127.00416,134.10084033613447
3,2026-04-06,LABORAL,14:00,113.0,128.57591,127.78151260504201
3,2026-04-06,LABORAL,14:30,150.0,132.22337,143.84745762711864
3,2026-04-06,LABORAL,15:00,117.0,136.24556,143.2268907563025
3,2026-04-06,LABORAL,15:30,110.0,122.65865,136.04237288135593
3,2026-04-06,LABORAL,16:00,125.0,111.22015,107.04310344827586
3,2026-04-06,LABORAL,16:30,119.0,103.65741,83.77391304347826
3,2026-04-06,LABORAL,17:30,17.0,39.744263,34.61764705882353
3,2026-04-07,LABORAL,04:00,45.0,50.878536,56.08849557522124
3,2026-04-07,LABORAL,04:30,72.0,144.85217,143.16806722689077
3,2026-04-07,LABORAL,05:00,361.0,258.03458,265.4916666666667
3,2026-04-07,LABORAL,05:30,270.0,247.6862,241.96666666666667
3,2026-04-07,LABORAL,06:00,358.0,264.38452,297.8666666666667
3,2026-04-07,LABORAL,06:30,182.0,247.93178,214.40833333333333
3,2026-04-07,LABORAL,07:00,214.0,175.23177,173.18333333333334
3,2026-04-07,LABORAL,07:30,200.0,148.0216,151.01680672268907
3,2026-04-07,LABORAL,08:00,177.0,142.05371,139.01724137931035
3,2026-04-07,LABORAL,08:30,130.0,139.9812,139.30252100840337
3,2026-04-07,LABORAL,09:00,91.0,133.60428,137.43697478991598
3,2026-04-07,LABORAL,09:30,144.0,125.71601,119.71186440677967
3,2026-04-07,LABORAL,10:00,185.0,137.60062,128.26271186440678
3,2026-04-07,LABORAL,10:30,96.0,120.760086,115.76666666666667
3,2026-04-07,LABORAL,11:00,107.0,137.73625,109.74789915966386
3,2026-04-07,LABORAL,11:30,183.0,131.5479,130.2941176470588
3,2026-04-07,LABORAL,12:00,133.0,173.08484,170.94166666666666
3,2026-04-07,LABORAL,12:30,194.0,139.2958,138.09322033898306
3,2026-04-07,LABORAL,13:00,98.0,135.25275,138.44166666666666
3,2026-04-07,LABORAL,13:30,150.0,134.28308,134.30252100840337
3,2026-04-07,LABORAL,14:00,189.0,127.08079,127.72268907563026
3,2026-04-07,LABORAL,14:30,168.0,128.99445,143.95762711864407
3,2026-04-07,LABORAL,15:00,111.0,152.68605,142.3361344537815
3,2026-04-07,LABORAL,15:30,174.0,122.88681,136.0593220338983
3,2026-04-07,LABORAL,16:00,111.0,120.54461,106.58620689655173
3,2026-04-07,LABORAL,16:30,108.0,93.05074,83.74782608695652
3,2026-04-08,LABORAL,04:00,88.0,47.141056,55.9646017699115
3,2026-04-08,LABORAL,04:30,146.0,132.0206,142.5546218487395
3,2026-04-08,LABORAL,05:00,229.0,269.30304,266.775
3,2026-04-08,LABORAL,05:30,335.0,234.59998,241.44166666666666
3,2026-04-08,LABORAL,06:00,278.0,288.26263,298.34166666666664
3,2026-04-08,LABORAL,06:30,162.0,184.75452,213.575
3,2026-04-08,LABORAL,07:00,154.0,167.29459,172.89166666666668
3,2026-04-08,LABORAL,07:30,108.0,143.45786,151.4453781512605
3,2026-04-08,LABORAL,08:00,168.0,141.72684,139.56034482758622
3,2026-04-08,LABORAL,08:30,127.0,135.48828,139.58823529411765
3,2026-04-08,LABORAL,09:00,147.0,129.01057,136.61344537815125
3,2026-04-08,LABORAL,09:30,119.0,122.47103,119.38135593220339
3,2026-04-08,LABORAL,10:00,126.0,124.77758,129.27966101694915
3,2026-04-08,LABORAL,10:30,155.0,120.25139,114.95
3,2026-04-08,LABORAL,11:00,98.0,118.2455,110.0
3,2026-04-08,LABORAL,11:30,121.0,122.99285,130.65546218487395
3,2026-04-08,LABORAL,12:00,229.0,168.8652,170.475
3,2026-04-08,LABORAL,12:30,98.0,125.91908,138.47457627118644
3,2026-04-08,LABORAL,13:00,191.0,121.83831,138.03333333333333
3,2026-04-08,LABORAL,13:30,186.0,127.708244,133.91596638655463
3,2026-04-08,LABORAL,14:00,91.0,137.27892,127.63865546218487
3,2026-04-08,LABORAL,14:30,195.0,130.70535,143.97457627118644
3,2026-04-08,LABORAL,15:00,61.0,123.69817,141.9747899159664
3,2026-04-08,LABORAL,15:30,106.0,127.60974,136.64406779661016
3,2026-04-08,LABORAL,16:00,140.0,109.41896,106.13793103448276
3,2026-04-08,LABORAL,16:30,55.0,82.322235,83.54782608695652
3,2026-04-08,LABORAL,17:00,40.0,48.94341,53.36666666666667
3,2026-04-09,LABORAL,04:00,77.0,49.830402,56.29203539823009
3,2026-04-09,LABORAL,04:30,66.0,143.09636,142.1596638655462
3,2026-04-09,LABORAL,05:00,348.0,208.92393,267.39166666666665
3,2026-04-09,LABORAL,05:30,236.0,213.61159,241.125
3,2026-04-09,LABORAL,06:00,306.0,234.95537,298.75
3,2026-04-09,LABORAL,06:30,126.0,171.369,213.13333333333333
3,2026-04-09,LABORAL,07:00,183.0,152.10233,172.05
3,2026-04-09,LABORAL,07:30,230.0,139.45209,150.67226890756302
3,2026-04-09,LABORAL,08:00,90.0,131.68442,139.81034482758622
3,2026-04-09,LABORAL,08:30,120.0,127.59084,139.21848739495798
3,2026-04-09,LABORAL,09:00,139.0,123.15189,137.63025210084032
3,2026-04-09,LABORAL,09:30,145.0,124.95663,119.72033898305085
3,2026-04-09,LABORAL,10:00,170.0,119.780914,129.51694915254237
3,2026-04-09,LABORAL,10:30,38.0,123.41977,115.14166666666667
3,2026-04-09,LABORAL,11:00,172.0,117.96498,109.70588235294117
3,2026-04-09,LABORAL,11:30,78.0,123.322,130.71428571428572
3,2026-04-09,LABORAL,12:00,159.0,139.50531,170.31666666666666
3,2026-04-09,LABORAL,12:30,43.0,119.502686,138.5084745762712
3,2026-04-09,LABORAL,13:00,169.0,128.70287,138.81666666666666
3,2026-04-09,LABORAL,13:30,141.0,127.86874,134.10084033613447
3,2026-04-09,LABORAL,14:00,81.0,114.18584,127.05042016806723
3,2026-04-09,LABORAL,14:30,162.0,122.52794,144.40677966101694
3,2026-04-09,LABORAL,15:00,126.0,118.86884,141.08403361344537
3,2026-04-09,LABORAL,15:30,144.0,114.298065,136.33898305084745
3,2026-04-09,LABORAL,16:00,93.0,111.30181,106.46551724137932
3,2026-04-09,LABORAL,16:30,78.0,84.4827,83.18260869565218
3,2026-04-09,LABORAL,17:00,41.0,47.193054,53.27777777777778
3,2026-04-10,LABORAL,04:00,93.0,64.94453,56.473684210526315
3,2026-04-10,LABORAL,04:30,50.0,140.46138,140.8655462184874
3,2026-04-10,LABORAL,05:00,298.0,201.3603,268.4166666666667
3,2026-04-10,LABORAL,05:30,229.0,202.5408,240.175
3,2026-04-10,LABORAL,06:00,416.0,232.12039,299.2
3,2026-04-10,LABORAL,06:30,134.0,180.40544,211.98333333333332
3,2026-04-10,LABORAL,07:00,192.0,158.92072,172.25
3,2026-04-10,LABORAL,07:30,153.0,146.71292,150.7563025210084
3,2026-04-10,LABORAL,08:00,186.0,128.17043,139.97413793103448
3,2026-04-10,LABORAL,08:30,170.0,132.04985,138.890756302521
3,2026-04-10,LABORAL,09:00,142.0,127.53316,137.91596638655463
3,2026-04-10,LABORAL,09:30,78.0,122.86873,119.86440677966101
3,2026-04-10,LABORAL,10:00,122.0,123.07611,129.66101694915255
3,2026-04-10,LABORAL,10:30,141.0,113.12141,114.35
3,2026-04-10,LABORAL,11:00,110.0,124.02326,110.10084033613445
3,2026-04-10,LABORAL,11:30,94.0,115.73157,130.5546218487395
3,2026-04-10,LABORAL,12:00,198.0,145.77899,170.425
3,2026-04-10,LABORAL,12:30,109.0,118.47703,137.98305084745763
3,2026-04-10,LABORAL,13:00,135.0,133.32036,138.79166666666666
3,2026-04-10,LABORAL,13:30,178.0,125.98996,133.890756302521
3,2026-04-10,LABORAL,14:00,137.0,122.63651,127.18487394957984
3,2026-04-10,LABORAL,14:30,191.0,125.387566,144.24576271186442
3,2026-04-10,LABORAL,15:00,83.0,128.45325,139.94117647058823
3,2026-04-10,LABORAL,15:30,61.0,122.32993,136.5677966101695
3,2026-04-10,LABORAL,16:00,37.0,109.709076,106.33620689655173
3,2026-04-10,LABORAL,16:30,68.0,77.067474,83.13793103448276
3,2026-04-10,LABORAL,17:00,57.0,42.033066,52.644444444444446
3,2026-04-11,SABADO,04:00,30.0,51.639248,40.04
3,2026-04-11,SABADO,04:30,71.0,82.54577,97.57692307692308
3,2026-04-11,SABADO,05:00,232.0,138.12625,160.76923076923077
3,2026-04-11,SABADO,05:30,148.0,124.24301,146.34615384615384
3,2026-04-11,SABADO,06:00,161.0,154.28758,205.65384615384616
3,2026-04-11,SABADO,06:30,201.0,122.15331,186.8846153846154
3,2026-04-11,SABADO,07:00,141.0,118.621544,129.8846153846154
3,2026-04-11,SABADO,07:30,119.0,103.20799,104.96153846153847
3,2026-04-11,SABADO,08:00,76.0,102.594864,117.5
3,2026-04-11,SABADO,08:30,134.0,93.82197,106.6923076923077
3,2026-04-11,SABADO,09:00,77.0,88.39544,91.84615384615384
3,2026-04-11,SABADO,09:30,89.0,77.03734,89.23076923076923
3,2026-04-11,SABADO,10:00,75.0,91.197205,87.0
3,2026-04-11,SABADO,10:30,121.0,76.35267,76.88461538461539
3,2026-04-11,SABADO,11:00,101.0,87.76536,91.42307692307692
3,2026-04-11,SABADO,11:30,45.0,74.93399,85.68
3,2026-04-11,SABADO,12:00,87.0,91.33994,83.76923076923077
3,2026-04-11,SABADO,12:30,109.0,75.98076,75.73913043478261
3,2026-04-11,SABADO,13:00,25.0,70.203415,73.69565217391305
3,2026-04-11,SABADO,13:30,40.0,73.20923,63.56
3,2026-04-11,SABADO,14:00,82.0,76.94683,67.83333333333333
3,2026-04-11,SABADO,15:00,142.0,61.365288,66.26086956521739
3,2026-04-11,SABADO,16:00,18.0,55.33591,52.89473684210526
3,2026-04-11,SABADO,16:30,29.0,50.506542,50.53846153846154
3,2026-04-12,DOMINGO,08:00,34.0,33.116882,40.875
3,2026-04-12,DOMINGO,08:30,24.0,35.20427,36.3
3,2026-04-12,DOMINGO,09:30,32.0,27.527004,33.0
3,2026-04-12,DOMINGO,10:00,38.0,33.976494,40.09090909090909
3,2026-04-12,DOMINGO,11:00,25.0,33.7148,39.94444444444444
3,2026-04-12,DOMINGO,12:00,28.0,28.017466,35.31818181818182
3,2026-04-12,DOMINGO,13:00,21.0,35.358994,31.72222222222222
3,2026-04-12,DOMINGO,14:00,25.0,28.311705,30.571428571428573
3,2026-04-13,LABORAL,04:00,81.0,53.151382,56.421052631578945
3,2026-04-13,LABORAL,04:30,93.0,153.2267,140.4453781512605
3,2026-04-13,LABORAL,05:00,270.0,276.64703,268.15833333333336
3,2026-04-13,LABORAL,05:30,294.0,243.03554,239.86666666666667
3,2026-04-13,LABORAL,06:00,206.0,255.32611,300.19166666666666
3,2026-04-13,LABORAL,06:30,291.0,259.04837,210.90833333333333
3,2026-04-13,LABORAL,07:00,188.0,188.01704,172.05833333333334
3,2026-04-13,LABORAL,07:30,144.0,149.42386,150.78991596638656
3,2026-04-13,LABORAL,08:00,111.0,136.35822,140.72413793103448
3,2026-04-13,LABORAL,08:30,55.0,127.31437,139.2268907563025
3,2026-04-13,LABORAL,09:00,66.0,132.98424,137.91596638655463
3,2026-04-13,LABORAL,09:30,25.0,126.69272,119.4322033898305
3,2026-04-13,LABORAL,10:00,114.0,128.176,129.64406779661016
3,2026-04-13,LABORAL,10:30,178.0,123.13421,114.45833333333333
3,2026-04-13,LABORAL,11:00,48.0,127.32282,110.09243697478992
3,2026-04-13,LABORAL,11:30,150.0,123.371284,130.3613445378151
3,2026-04-13,LABORAL,12:00,126.0,154.52632,170.50833333333333
3,2026-04-13,LABORAL,12:30,147.0,131.42738,137.83050847457628
3,2026-04-13,LABORAL,13:00,194.0,133.77367,138.49166666666667
3,2026-04-13,LABORAL,13:30,70.0,129.48965,134.19327731092437
3,2026-04-13,LABORAL,14:00,121.0,128.2957,127.3109243697479
3,2026-04-13,LABORAL,14:30,121.0,130.58138,144.45762711864407
3,2026-04-13,LABORAL,15:00,134.0,131.35739,139.63025210084032
3,2026-04-13,LABORAL,15:30,118.0,131.49611,135.20338983050848
3,2026-04-13,LABORAL,16:00,105.0,116.41619,106.01724137931035
3,2026-04-13,LABORAL,16:30,41.0,95.18887,82.90517241379311
3,2026-04-13,LABORAL,17:00,48.0,48.222473,52.75555555555555
3,2026-04-14,LABORAL,04:00,50.0,48.080875,56.63478260869565
3,2026-04-14,LABORAL,04:30,113.0,142.30095,140.05
3,2026-04-14,LABORAL,05:00,362.0,275.60635,268.1735537190083
3,2026-04-14,LABORAL,05:30,148.0,265.18958,240.31404958677686
3,2026-04-14,LABORAL,06:00,316.0,306.69626,299.41322314049586
3,2026-04-14,LABORAL,06:30,252.0,225.72237,211.5702479338843
3,2026-04-14,LABORAL,07:00,162.0,211.1302,172.1900826446281
3,2026-04-14,LABORAL,07:30,163.0,151.30513,150.73333333333332
3,2026-04-14,LABORAL,08:00,165.0,136.89217,140.47008547008548
3,2026-04-14,LABORAL,08:30,139.0,145.81996,138.525
3,2026-04-14,LABORAL,09:00,105.0,123.96674,137.31666666666666
3,2026-04-14,LABORAL,09:30,134.0,128.27037,118.63865546218487
3,2026-04-14,LABORAL,10:00,194.0,133.11687,129.51260504201682
3,2026-04-14,LABORAL,10:30,62.0,128.38014,114.98347107438016
3,2026-04-14,LABORAL,11:00,141.0,128.84532,109.575
3,2026-04-14,LABORAL,11:30,145.0,144.6884,130.525
3,2026-04-14,LABORAL,12:00,188.0,164.20204,170.1404958677686
3,2026-04-14,LABORAL,12:30,141.0,140.87373,137.9075630252101
3,2026-04-14,LABORAL,13:00,89.0,142.2457,138.9504132231405
3,2026-04-14,LABORAL,13:30,188.0,127.37763,133.65833333333333
3,2026-04-14,LABORAL,14:00,39.0,149.19543,127.25833333333334
3,2026-04-14,LABORAL,14:30,142.0,140.8438,144.26050420168067
3,2026-04-14,LABORAL,15:00,105.0,137.11295,139.58333333333334
3,2026-04-14,LABORAL,15:30,163.0,136.01491,135.05882352941177
3,2026-04-14,LABORAL,16:00,87.0,107.85081,106.00854700854701
3,2026-04-14,LABORAL,16:30,83.0,87.95761,82.54700854700855
3,2026-04-14,LABORAL,17:00,36.0,49.870186,52.7032967032967
3,2026-04-14,LABORAL,17:30,10.0,38.51862,34.3235294117647
3,2026-04-15,LABORAL,04:00,53.0,60.91276,56.44347826086957
3,2026-04-15,LABORAL,04:30,128.0,130.20882,139.575
3,2026-04-15,LABORAL,05:00,321.0,286.8723,268.8677685950413
3,2026-04-15,LABORAL,05:30,297.0,241.82973,240.89256198347107
3,2026-04-15,LABORAL,06:00,180.0,300.72748,299.2892561983471
3,2026-04-15,LABORAL,06:30,204.0,193.07008,211.88429752066116
3,2026-04-15,LABORAL,07:00,162.0,165.52116,171.44628099173553
3,2026-04-15,LABORAL,07:30,186.0,146.58482,150.875
3,2026-04-15,LABORAL,08:00,171.0,141.5339,140.82051282051282
3,2026-04-15,LABORAL,08:30,175.0,138.2456,138.21666666666667
3,2026-04-15,LABORAL,09:00,140.0,122.04171,136.31666666666666
3,2026-04-15,LABORAL,09:30,146.0,124.26821,118.3109243697479
3,2026-04-15,LABORAL,10:00,87.0,129.5404,129.7310924369748
3,2026-04-15,LABORAL,10:30,62.0,129.36797,114.47107438016529
3,2026-04-15,LABORAL,11:00,67.0,119.0888,109.59166666666667
3,2026-04-15,LABORAL,11:30,124.0,132.63412,130.49166666666667
3,2026-04-15,LABORAL,12:00,158.0,168.11417,169.1487603305785
3,2026-04-15,LABORAL,12:30,119.0,122.529106,138.64705882352942
3,2026-04-15,LABORAL,13:00,90.0,130.28258,138.89256198347107
3,2026-04-15,LABORAL,13:30,148.0,136.87492,133.65833333333333
3,2026-04-15,LABORAL,14:00,131.0,110.2864,127.19166666666666
3,2026-04-15,LABORAL,14:30,146.0,131.271,143.5546218487395
3,2026-04-15,LABORAL,15:00,103.0,122.790306,139.15
3,2026-04-15,LABORAL,15:30,54.0,129.54657,134.49579831932772
3,2026-04-15,LABORAL,16:00,100.0,97.14427,105.11965811965813
3,2026-04-15,LABORAL,16:30,56.0,80.20013,82.71794871794872
3,2026-04-15,LABORAL,17:00,28.0,45.93698,52.18681318681319
3,2026-04-16,LABORAL,04:00,51.0,54.095783,56.278260869565216
3,2026-04-16,LABORAL,04:30,122.0,136.23236,139.025
3,2026-04-16,LABORAL,05:00,310.0,279.19852,269.72727272727275
3,2026-04-16,LABORAL,05:30,197.0,235.39903,241.0082644628099
3,2026-04-16,LABORAL,06:00,258.0,282.23547,298.10743801652893
3,2026-04-16,LABORAL,06:30,213.0,185.5549,211.40495867768595
3,2026-04-16,LABORAL,07:00,209.0,169.5927,172.0
3,2026-04-16,LABORAL,07:30,136.0,145.54384,150.38333333333333
3,2026-04-16,LABORAL,08:00,78.0,132.94507,140.56410256410257
3,2026-04-16,LABORAL,08:30,115.0,137.7581,138.49166666666667
3,2026-04-16,LABORAL,09:00,138.0,132.12993,136.225
3,2026-04-16,LABORAL,09:30,84.0,126.87857,118.15126050420169
3,2026-04-16,LABORAL,10:00,149.0,124.093254,129.4033613445378
3,2026-04-16,LABORAL,10:30,75.0,110.66009,113.85950413223141
3,2026-04-16,LABORAL,11:00,73.0,119.68773,109.51666666666667
3,2026-04-16,LABORAL,11:30,170.0,122.038635,130.55833333333334
3,2026-04-16,LABORAL,12:00,159.0,171.00877,168.93388429752065
3,2026-04-16,LABORAL,12:30,98.0,122.82867,137.52941176470588
3,2026-04-16,LABORAL,13:00,146.0,118.06055,138.86776859504133
3,2026-04-16,LABORAL,13:30,140.0,137.25627,133.7
3,2026-04-16,LABORAL,14:00,26.0,116.607155,127.34166666666667
3,2026-04-16,LABORAL,14:30,100.0,135.95615,143.63025210084032
3,2026-04-16,LABORAL,15:00,171.0,118.76103,138.85833333333332
3,2026-04-16,LABORAL,15:30,109.0,126.23616,133.50420168067228
3,2026-04-16,LABORAL,16:00,91.0,99.97543,104.58974358974359
3,2026-04-16,LABORAL,16:30,53.0,79.03761,82.52136752136752
3,2026-04-16,LABORAL,17:00,49.0,43.54182,51.65934065934066
3,2026-04-17,LABORAL,04:00,51.0,55.059666,56.19130434782609
3,2026-04-17,LABORAL,04:30,175.0,134.79034,138.71666666666667
3,2026-04-17,LABORAL,05:00,273.0,266.53473,269.9586776859504
3,2026-04-17,LABORAL,05:30,179.0,240.729,240.0495867768595
3,2026-04-17,LABORAL,06:00,288.0,271.43164,298.1900826446281
3,2026-04-17,LABORAL,06:30,291.0,178.9472,211.50413223140495
3,2026-04-17,LABORAL,07:00,120.0,161.63036,172.3801652892562
3,2026-04-17,LABORAL,07:30,111.0,145.91466,150.44166666666666
3,2026-04-17,LABORAL,08:00,143.0,131.32274,139.71794871794873
3,2026-04-17,LABORAL,08:30,187.0,137.56499,138.14166666666668
3,2026-04-17,LABORAL,09:00,111.0,132.61919,136.425
3,2026-04-17,LABORAL,09:30,136.0,109.956856,118.19327731092437
3,2026-04-17,LABORAL,10:00,139.0,131.4213,129.109243697479
3,2026-04-17,LABORAL,10:30,76.0,114.08813,113.42148760330579
3,2026-04-17,LABORAL,11:00,105.0,114.39634,109.06666666666666
3,2026-04-17,LABORAL,11:30,204.0,126.060295,131.00833333333333
3,2026-04-17,LABORAL,12:00,196.0,153.95778,168.94214876033058
3,2026-04-17,LABORAL,12:30,96.0,118.27108,136.71428571428572
3,2026-04-17,LABORAL,13:00,114.0,126.507385,138.76859504132233
3,2026-04-17,LABORAL,13:30,162.0,134.54747,133.775
3,2026-04-17,LABORAL,14:30,106.0,127.692924,143.08403361344537
3,2026-04-17,LABORAL,15:00,166.0,128.31857,138.91666666666666
3,2026-04-17,LABORAL,15:30,98.0,120.73087,133.2268907563025
3,2026-04-17,LABORAL,16:00,107.0,99.76111,104.41880341880342
3,2026-04-17,LABORAL,16:30,80.0,83.50722,82.12820512820512
3,2026-04-17,LABORAL,17:00,56.0,39.560772,51.9010989010989
3,2026-04-18,SABADO,04:00,36.0,38.23819,39.64
3,2026-04-18,SABADO,04:30,99.0,99.031136,96.1923076923077
3,2026-04-18,SABADO,05:00,163.0,202.21461,165.30769230769232
3,2026-04-18,SABADO,05:30,123.0,150.43825,143.46153846153845
3,2026-04-18,SABADO,06:00,222.0,170.08415,206.03846153846155
3,2026-04-18,SABADO,06:30,96.0,176.82239,186.15384615384616
3,2026-04-18,SABADO,07:00,123.0,133.57446,130.30769230769232
3,2026-04-18,SABADO,07:30,117.0,108.82663,104.5
3,2026-04-18,SABADO,08:00,107.0,91.02243,115.6923076923077
3,2026-04-18,SABADO,08:30,118.0,114.9783,104.53846153846153
3,2026-04-18,SABADO,09:00,90.0,90.806435,92.61538461538461
3,2026-04-18,SABADO,09:30,53.0,77.208664,87.88461538461539
3,2026-04-18,SABADO,10:00,50.0,80.03402,84.57692307692308
3,2026-04-18,SABADO,10:30,64.0,84.946266,79.34615384615384
3,2026-04-18,SABADO,11:00,47.0,74.663574,90.88461538461539
3,2026-04-18,SABADO,11:30,125.0,81.71568,78.96
3,2026-04-18,SABADO,12:00,83.0,98.02252,84.92307692307692
3,2026-04-18,SABADO,12:30,46.0,81.048035,76.95652173913044
3,2026-04-18,SABADO,13:00,68.0,70.75131,72.34782608695652
3,2026-04-18,SABADO,13:30,26.0,71.42912,61.36
3,2026-04-18,SABADO,14:00,98.0,44.938477,67.45833333333333
3,2026-04-18,SABADO,14:30,29.0,62.330154,66.375
3,2026-04-18,SABADO,15:00,35.0,77.724174,71.04347826086956
3,2026-04-18,SABADO,15:30,42.0,60.83578,58.68181818181818
3,2026-04-18,SABADO,16:00,39.0,55.23155,49.78947368421053
3,2026-04-19,DOMINGO,07:00,26.0,29.952284,28.31578947368421
3,2026-04-19,DOMINGO,07:30,51.0,37.527428,34.47826086956522
3,2026-04-19,DOMINGO,08:00,47.0,27.71601,40.708333333333336
3,2026-04-19,DOMINGO,09:00,45.0,33.781376,36.64705882352941
3,2026-04-19,DOMINGO,09:30,36.0,31.612526,32.95238095238095
3,2026-04-19,DOMINGO,11:30,27.0,43.746197,30.9375
3,2026-04-19,DOMINGO,12:00,23.0,28.177116,35.40909090909091
3,2026-04-19,DOMINGO,13:00,24.0,29.057545,31.61111111111111
3,2026-04-19,DOMINGO,14:00,22.0,34.664116,30.318181818181817
3,2026-04-19,DOMINGO,14:30,25.0,27.285995,36.375
3,2026-04-19,DOMINGO,15:30,22.0,26.768997,31.692307692307693
3,2026-04-20,LABORAL,04:00,57.0,52.979748,56.017391304347825
3,2026-04-20,LABORAL,04:30,82.0,150.07918,138.93333333333334
3,2026-04-20,LABORAL,05:00,294.0,262.31906,269.88429752066116
3,2026-04-20,LABORAL,05:30,278.0,262.4593,239.92561983471074
3,2026-04-20,LABORAL,06:00,271.0,283.2826,296.7603305785124
3,2026-04-20,LABORAL,06:30,261.0,234.89703,212.47107438016528
3,2026-04-20,LABORAL,07:00,86.0,180.08792,171.93388429752065
3,2026-04-20,LABORAL,07:30,107.0,136.55414,150.16666666666666
3,2026-04-20,LABORAL,08:00,121.0,134.79405,139.07692307692307
3,2026-04-20,LABORAL,08:30,84.0,143.69536,138.86666666666667
3,2026-04-20,LABORAL,09:00,139.0,130.6907,136.34166666666667
3,2026-04-20,LABORAL,09:30,84.0,127.93868,118.58823529411765
3,2026-04-20,LABORAL,10:00,127.0,129.25453,128.60504201680672
3,2026-04-20,LABORAL,10:30,60.0,128.9135,113.2396694214876
3,2026-04-20,LABORAL,11:00,177.0,115.30122,108.98333333333333
3,2026-04-20,LABORAL,11:30,93.0,134.63652,131.53333333333333
3,2026-04-20,LABORAL,12:00,147.0,140.40605,168.84297520661158
3,2026-04-20,LABORAL,12:30,140.0,129.72496,136.47899159663865
3,2026-04-20,LABORAL,13:00,133.0,123.571625,138.5206611570248
3,2026-04-20,LABORAL,13:30,185.0,124.521034,133.49166666666667
3,2026-04-20,LABORAL,14:00,147.0,124.149315,126.68067226890756
3,2026-04-20,LABORAL,14:30,106.0,131.13611,142.83193277310923
3,2026-04-20,LABORAL,15:00,110.0,132.11798,139.1404958677686
3,2026-04-20,LABORAL,15:30,118.0,131.56541,132.61344537815125
3,2026-04-20,LABORAL,16:00,138.0,113.3752,104.44067796610169
3,2026-04-20,LABORAL,16:30,43.0,84.1668,82.0
3,2026-04-20,LABORAL,17:00,80.0,45.973717,52.05494505494506
3,2026-04-21,LABORAL,04:00,49.0,47.84869,55.96521739130435
3,2026-04-21,LABORAL,04:30,182.0,138.10042,138.23333333333332
3,2026-04-21,LABORAL,05:00,297.0,259.03006,269.87603305785126
3,2026-04-21,LABORAL,05:30,350.0,203.87877,240.13223140495867
3,2026-04-21,LABORAL,06:00,273.0,276.98544,296.72727272727275
3,2026-04-21,LABORAL,06:30,204.0,241.4496,211.67768595041323
3,2026-04-21,LABORAL,07:00,171.0,187.03282,171.48760330578511
3,2026-04-21,LABORAL,07:30,190.0,155.70697,149.725
3,2026-04-21,LABORAL,08:00,108.0,145.93259,138.39316239316238
3,2026-04-21,LABORAL,08:30,167.0,130.5582,138.23333333333332
3,2026-04-21,LABORAL,09:00,104.0,130.54282,136.275
3,2026-04-21,LABORAL,09:30,65.0,125.31057,118.15966386554622
3,2026-04-21,LABORAL,10:00,131.0,134.09758,128.4033613445378
3,2026-04-21,LABORAL,10:30,154.0,112.53937,112.78512396694215
3,2026-04-21,LABORAL,11:00,90.0,129.6359,109.16666666666667
3,2026-04-21,LABORAL,11:30,135.0,132.79224,131.29166666666666
3,2026-04-21,LABORAL,12:00,190.0,165.83768,168.72727272727272
3,2026-04-21,LABORAL,12:30,73.0,138.50816,135.91596638655463
3,2026-04-21,LABORAL,13:00,145.0,120.6897,138.84297520661158
3,2026-04-21,LABORAL,13:30,199.0,139.03163,133.4
3,2026-04-21,LABORAL,14:00,108.0,128.10565,126.36974789915966
3,2026-04-21,LABORAL,14:30,101.0,132.7213,142.6638655462185
3,2026-04-21,LABORAL,15:00,119.0,125.102135,138.78512396694214
3,2026-04-21,LABORAL,15:30,204.0,144.54146,131.5966386554622
3,2026-04-21,LABORAL,16:00,131.0,108.23411,105.28813559322033
3,2026-04-21,LABORAL,16:30,34.0,75.861565,81.41025641025641
3,2026-04-21,LABORAL,18:00,20.0,40.018623,12.666666666666666
3,2026-04-22,LABORAL,04:00,42.0,49.192867,55.904347826086955
3,2026-04-22,LABORAL,04:30,121.0,142.79817,138.68333333333334
3,2026-04-22,LABORAL,05:00,295.0,271.41367,269.73553719008265
3,2026-04-22,LABORAL,05:30,188.0,258.25378,240.61157024793388
3,2026-04-22,LABORAL,06:00,525.0,236.80386,296.5289256198347
3,2026-04-22,LABORAL,06:30,146.0,201.28459,211.32231404958677
3,2026-04-22,LABORAL,07:00,154.0,171.38802,171.48760330578511
3,2026-04-22,LABORAL,07:30,158.0,139.5999,149.78333333333333
3,2026-04-22,LABORAL,08:00,84.0,136.42714,138.0
3,2026-04-22,LABORAL,08:30,111.0,135.80666,138.48333333333332
3,2026-04-22,LABORAL,09:00,127.0,120.81801,135.59166666666667
3,2026-04-22,LABORAL,09:30,137.0,119.051544,117.74789915966386
3,2026-04-22,LABORAL,10:00,95.0,115.13825,128.18487394957984
3,2026-04-22,LABORAL,10:30,114.0,119.756485,112.90082644628099
3,2026-04-22,LABORAL,11:00,113.0,106.49157,109.30833333333334
3,2026-04-22,LABORAL,11:30,105.0,122.241844,131.14166666666668
3,2026-04-22,LABORAL,12:00,167.0,166.83853,168.52892561983472
3,2026-04-22,LABORAL,12:30,124.0,123.424614,135.3781512605042
3,2026-04-22,LABORAL,13:00,63.0,117.49771,139.02479338842974
3,2026-04-22,LABORAL,13:30,149.0,135.98248,133.83333333333334
3,2026-04-22,LABORAL,14:00,43.0,123.2292,125.97478991596638
3,2026-04-22,LABORAL,14:30,43.0,112.53598,141.49579831932772
3,2026-04-22,LABORAL,15:00,78.0,129.85724,139.2396694214876
3,2026-04-22,LABORAL,15:30,107.0,119.11598,131.63025210084032
3,2026-04-22,LABORAL,16:00,124.0,106.719475,105.23728813559322
3,2026-04-22,LABORAL,16:30,55.0,73.15688,80.72649572649573
3,2026-04-22,LABORAL,17:00,47.0,48.42401,51.83516483516483
3,2026-04-23,LABORAL,04:00,43.0,50.898914,55.78448275862069
3,2026-04-23,LABORAL,04:30,119.0,139.3602,137.81666666666666
3,2026-04-23,LABORAL,05:00,288.0,271.60852,269.7190082644628
3,2026-04-23,LABORAL,05:30,248.0,233.45486,239.27272727272728
3,2026-04-23,LABORAL,06:00,152.0,313.1998,298.5702479338843
3,2026-04-23,LABORAL,06:30,214.0,198.03645,211.47107438016528
3,2026-04-23,LABORAL,07:00,175.0,179.88982,171.23140495867767
3,2026-04-23,LABORAL,07:30,169.0,147.79047,149.825
3,2026-04-23,LABORAL,08:00,119.0,121.10575,137.23931623931625
3,2026-04-23,LABORAL,08:30,187.0,129.65146,139.05
3,2026-04-23,LABORAL,09:00,137.0,129.01624,134.90833333333333
3,2026-04-23,LABORAL,09:30,109.0,113.03611,117.89075630252101
3,2026-04-23,LABORAL,10:00,93.0,120.83725,128.0672268907563
3,2026-04-23,LABORAL,10:30,120.0,114.1685,113.13223140495867
3,2026-04-23,LABORAL,11:00,82.0,108.86639,109.45833333333333
3,2026-04-23,LABORAL,11:30,73.0,131.87733,130.89166666666668
3,2026-04-23,LABORAL,12:00,151.0,170.24545,168.5206611570248
3,2026-04-23,LABORAL,12:30,140.0,111.56629,135.2436974789916
3,2026-04-23,LABORAL,13:00,104.0,121.276985,138.31404958677686
3,2026-04-23,LABORAL,14:00,50.0,118.60951,125.08403361344538
3,2026-04-23,LABORAL,15:00,59.0,117.81315,138.79338842975207
3,2026-04-23,LABORAL,17:00,32.0,43.260887,51.83516483516483
3,2026-04-24,LABORAL,04:00,45.0,49.369225,55.675213675213676
3,2026-04-24,LABORAL,04:30,118.0,135.6966,137.625
3,2026-04-24,LABORAL,05:00,248.0,276.25443,269.900826446281
3,2026-04-24,LABORAL,05:30,285.0,216.7247,238.6198347107438
3,2026-04-24,LABORAL,06:00,202.0,258.04074,297.02479338842977
3,2026-04-24,LABORAL,06:30,320.0,206.94713,211.8099173553719
3,2026-04-24,LABORAL,07:00,52.0,156.76997,170.87603305785123
3,2026-04-24,LABORAL,07:30,171.0,138.37738,150.21666666666667
3,2026-04-24,LABORAL,08:00,148.0,136.42302,136.46153846153845
3,2026-04-24,LABORAL,08:30,150.0,130.7791,139.79166666666666
3,2026-04-24,LABORAL,09:00,84.0,129.74763,135.18333333333334
3,2026-04-24,LABORAL,09:30,78.0,121.58795,117.81512605042016
3,2026-04-24,LABORAL,10:00,145.0,120.902794,127.52100840336135
3,2026-04-24,LABORAL,10:30,92.0,114.981255,113.2396694214876
3,2026-04-24,LABORAL,11:00,59.0,111.07496,109.14166666666667
3,2026-04-24,LABORAL,11:30,126.0,122.89065,130.30833333333334
3,2026-04-24,LABORAL,12:00,190.0,164.74977,168.34710743801654
3,2026-04-24,LABORAL,12:30,116.0,122.12333,135.64705882352942
3,2026-04-24,LABORAL,13:00,120.0,121.29312,137.89256198347107
3,2026-04-24,LABORAL,13:30,144.0,126.78248,134.6638655462185
3,2026-04-24,LABORAL,14:30,30.0,112.412926,140.28813559322035
3,2026-04-24,LABORAL,15:00,175.0,125.454124,138.50413223140495
3,2026-04-24,LABORAL,15:30,49.0,110.62914,130.364406779661
3,2026-04-24,LABORAL,16:00,59.0,101.59193,105.03418803418803
3,2026-04-24,LABORAL,16:30,71.0,74.54295,80.72413793103448
3,2026-04-25,SABADO,04:00,32.0,39.80402,39.24
3,2026-04-25,SABADO,04:30,105.0,97.72847,96.0
3,2026-04-25,SABADO,05:00,176.0,167.8032,164.26923076923077
3,2026-04-25,SABADO,05:30,122.0,150.33806,141.57692307692307
3,2026-04-25,SABADO,06:00,210.0,169.6645,205.1153846153846
3,2026-04-25,SABADO,06:30,208.0,152.2224,182.1153846153846
3,2026-04-25,SABADO,07:00,93.0,126.843506,126.88461538461539
3,2026-04-25,SABADO,07:30,136.0,112.45088,106.03846153846153
3,2026-04-25,SABADO,08:00,148.0,104.792114,114.11538461538461
3,2026-04-25,SABADO,08:30,61.0,109.67499,105.96153846153847
3,2026-04-25,SABADO,09:00,116.0,87.94145,92.0
3,2026-04-25,SABADO,09:30,49.0,82.13919,86.96153846153847
3,2026-04-25,SABADO,10:00,101.0,87.67331,82.38461538461539
3,2026-04-25,SABADO,10:30,95.0,79.251396,79.53846153846153
3,2026-04-25,SABADO,11:00,85.0,72.975266,86.76923076923077
3,2026-04-25,SABADO,11:30,82.0,81.56229,80.24
3,2026-04-25,SABADO,12:00,29.0,99.620255,86.53846153846153
3,2026-04-25,SABADO,12:30,76.0,76.15027,73.47826086956522
3,2026-04-25,SABADO,13:00,63.0,72.65463,71.82608695652173
3,2026-04-25,SABADO,14:00,93.0,51.972015,67.0
3,2026-04-25,SABADO,14:30,34.0,56.728104,66.75
3,2026-04-25,SABADO,15:00,56.0,60.59965,69.0
3,2026-04-25,SABADO,15:30,45.0,56.236996,57.40909090909091
3,2026-04-26,DOMINGO,07:00,28.0,25.31198,28.2
3,2026-04-26,DOMINGO,07:30,33.0,49.780697,34.82608695652174
3,2026-04-26,DOMINGO,08:00,23.0,34.832535,39.958333333333336
3,2026-04-26,DOMINGO,09:00,39.0,32.03773,37.94117647058823
3,2026-04-26,DOMINGO,10:30,34.0,31.648577,36.473684210526315
3,2026-04-26,DOMINGO,11:00,24.0,31.375196,39.1764705882353
3,2026-04-26,DOMINGO,11:30,27.0,31.61961,31.3125
3,2026-04-26,DOMINGO,12:00,27.0,32.71088,35.54545454545455
3,2026-04-26,DOMINGO,13:30,48.0,25.274897,31.25
3,2026-04-26,DOMINGO,14:30,25.0,27.481491,34.6875
3,2026-04-27,LABORAL,04:00,48.0,53.062897,55.53846153846154
3,2026-04-27,LABORAL,04:30,124.0,146.60167,137.525
3,2026-04-27,LABORAL,05:00,339.0,275.59753,269.3057851239669
3,2026-04-27,LABORAL,05:30,244.0,248.82701,238.45454545454547
3,2026-04-27,LABORAL,06:00,400.0,302.2155,296.11570247933884
3,2026-04-27,LABORAL,06:30,222.0,259.1038,212.70247933884298
3,2026-04-27,LABORAL,07:00,77.0,158.48921,169.98347107438016
3,2026-04-27,LABORAL,07:30,213.0,147.3193,150.4
3,2026-04-27,LABORAL,08:00,90.0,138.62912,136.54700854700855
3,2026-04-27,LABORAL,08:30,102.0,132.62518,140.20833333333334
3,2026-04-27,LABORAL,09:00,115.0,134.63545,134.35833333333332
3,2026-04-27,LABORAL,09:30,113.0,122.49752,117.61344537815125
3,2026-04-27,LABORAL,10:00,184.0,127.30076,128.03361344537817
3,2026-04-27,LABORAL,10:30,79.0,119.03054,112.61157024793388
3,2026-04-27,LABORAL,11:00,111.0,126.74088,109.25833333333334
3,2026-04-27,LABORAL,11:30,92.0,124.85421,130.55
3,2026-04-27,LABORAL,12:00,195.0,151.91417,168.10743801652893
3,2026-04-27,LABORAL,12:30,105.0,130.01675,135.71428571428572
3,2026-04-27,LABORAL,13:00,135.0,133.52403,137.88429752066116
3,2026-04-27,LABORAL,13:30,143.0,132.32758,134.52941176470588
3,2026-04-27,LABORAL,14:00,102.0,126.8923,124.22033898305085
3,2026-04-27,LABORAL,14:30,222.0,129.00209,139.5084745762712
3,2026-04-27,LABORAL,15:00,95.0,125.215805,138.10743801652893
3,2026-04-27,LABORAL,15:30,88.0,128.05876,129.76271186440678
3,2026-04-27,LABORAL,16:00,114.0,109.47803,104.38461538461539
3,2026-04-27,LABORAL,16:30,34.0,83.528534,80.64102564102564
3,2026-04-27,LABORAL,17:00,30.0,44.627285,51.65934065934066
3,2026-04-27,LABORAL,17:30,29.0,34.20606,33.59375
3,2026-04-28,LABORAL,04:00,35.0,51.535133,55.41880341880342
3,2026-04-28,LABORAL,04:30,106.0,146.14954,137.21666666666667
3,2026-04-28,LABORAL,05:00,354.0,272.0759,269.8347107438017
3,2026-04-28,LABORAL,05:30,201.0,277.15842,238.50413223140495
3,2026-04-28,LABORAL,06:00,213.0,293.74078,296.4793388429752
3,2026-04-28,LABORAL,06:30,209.0,226.42871,212.9917355371901
3,2026-04-28,LABORAL,07:00,185.0,176.6301,169.0909090909091
3,2026-04-28,LABORAL,07:30,124.0,155.12772,151.30833333333334
3,2026-04-28,LABORAL,08:00,171.0,128.40987,136.73504273504273
3,2026-04-28,LABORAL,08:30,142.0,142.60004,140.08333333333334
3,2026-04-28,LABORAL,09:00,133.0,122.22232,134.51666666666668
3,2026-04-28,LABORAL,09:30,107.0,114.374695,116.96638655462185
3,2026-04-28,LABORAL,10:00,76.0,128.43384,128.69747899159663
3,2026-04-28,LABORAL,10:30,124.0,125.80804,112.51239669421487
3,2026-04-28,LABORAL,11:00,89.0,113.467354,109.38333333333334
3,2026-04-28,LABORAL,11:30,137.0,138.75136,130.15
3,2026-04-28,LABORAL,12:00,174.0,168.96803,168.1900826446281
3,2026-04-28,LABORAL,12:30,164.0,126.01316,135.30252100840337
3,2026-04-28,LABORAL,13:00,99.0,130.12715,138.13223140495867
3,2026-04-28,LABORAL,13:30,75.0,130.4603,134.60504201680672
3,2026-04-28,LABORAL,14:00,195.0,127.11772,124.05084745762711
3,2026-04-28,LABORAL,14:30,109.0,123.94975,139.98305084745763
3,2026-04-28,LABORAL,15:00,97.0,129.2551,137.17355371900825
3,2026-04-28,LABORAL,15:30,149.0,129.39787,128.77118644067798
3,2026-04-28,LABORAL,16:00,128.0,108.28837,104.33333333333333
3,2026-04-28,LABORAL,16:30,53.0,80.59266,80.53846153846153
3,2026-04-28,LABORAL,17:00,30.0,46.632915,51.57142857142857
3,2026-04-29,LABORAL,04:00,51.0,46.63106,55.282051282051285
3,2026-04-29,LABORAL,04:30,134.0,128.74496,136.75
3,2026-04-29,LABORAL,05:00,434.0,283.96262,270.5702479338843
3,2026-04-29,LABORAL,05:30,237.0,206.44022,237.80165289256198
3,2026-04-29,LABORAL,06:00,291.0,292.60403,295.3801652892562
3,2026-04-29,LABORAL,06:30,175.0,179.15923,212.6694214876033
3,2026-04-29,LABORAL,07:00,141.0,163.8702,169.27272727272728
3,2026-04-29,LABORAL,07:30,197.0,146.77905,150.95
3,2026-04-29,LABORAL,08:00,161.0,128.039,136.67521367521368
3,2026-04-29,LABORAL,08:30,102.0,135.68387,139.76666666666668
3,2026-04-29,LABORAL,09:00,182.0,127.98283,134.91666666666666
3,2026-04-29,LABORAL,09:30,82.0,120.32379,116.72268907563026
3,2026-04-29,LABORAL,10:00,88.0,116.55383,128.25210084033614
3,2026-04-29,LABORAL,10:30,170.0,121.40184,112.66115702479338
3,2026-04-29,LABORAL,11:00,102.0,113.0086,108.79166666666667
3,2026-04-29,LABORAL,11:30,196.0,124.87961,129.76666666666668
3,2026-04-29,LABORAL,12:00,107.0,159.87323,167.97520661157026
3,2026-04-29,LABORAL,12:30,134.0,128.16492,135.76470588235293
3,2026-04-29,LABORAL,13:00,112.0,118.99671,138.34710743801654
3,2026-04-29,LABORAL,13:30,59.0,124.311745,134.42857142857142
3,2026-04-29,LABORAL,14:00,182.0,122.514534,124.33898305084746
3,2026-04-29,LABORAL,14:30,119.0,135.3136,139.38135593220338
3,2026-04-29,LABORAL,15:00,145.0,112.194786,136.3305785123967
3,2026-04-29,LABORAL,15:30,129.0,126.044235,129.40677966101694
3,2026-04-29,LABORAL,16:00,96.0,100.85162,104.09401709401709
3,2026-04-29,LABORAL,16:30,70.0,81.10382,80.47863247863248
3,2026-04-30,LABORAL,04:00,45.0,50.61763,55.24786324786325
3,2026-04-30,LABORAL,04:30,124.0,138.48625,136.85
3,2026-04-30,LABORAL,05:00,353.0,275.13074,271.31404958677683
3,2026-04-30,LABORAL,05:30,268.0,231.46819,237.94214876033058
3,2026-04-30,LABORAL,06:00,175.0,236.55684,295.4793388429752
3,2026-04-30,LABORAL,06:30,288.0,199.20523,211.93388429752065
3,2026-04-30,LABORAL,07:00,130.0,146.55655,168.73553719008265
3,2026-04-30,LABORAL,07:30,145.0,144.97624,150.98333333333332
3,2026-04-30,LABORAL,08:00,195.0,145.552,137.03418803418805
3,2026-04-30,LABORAL,08:30,140.0,125.36395,139.25
3,2026-04-30,LABORAL,09:00,160.0,133.71153,135.69166666666666
3,2026-04-30,LABORAL,09:30,111.0,117.78082,116.27731092436974
3,2026-04-30,LABORAL,10:00,146.0,110.58906,127.78991596638656
3,2026-04-30,LABORAL,10:30,125.0,120.548164,113.50413223140495
3,2026-04-30,LABORAL,11:00,86.0,109.3944,108.1
3,2026-04-30,LABORAL,11:30,98.0,125.00091,130.16666666666666
3,2026-04-30,LABORAL,12:00,162.0,162.9503,167.71074380165288
3,2026-04-30,LABORAL,12:30,119.0,132.68564,135.61344537815125
3,2026-04-30,LABORAL,13:00,204.0,118.18004,138.17355371900825
3,2026-04-30,LABORAL,13:30,136.0,112.805855,133.1764705882353
3,2026-04-30,LABORAL,14:00,139.0,131.31215,125.04237288135593
3,2026-04-30,LABORAL,14:30,136.0,117.85773,139.88983050847457
3,2026-04-30,LABORAL,15:00,193.0,117.6244,136.1404958677686
3,2026-04-30,LABORAL,15:30,58.0,118.461975,129.11016949152543
3,2026-04-30,LABORAL,16:00,139.0,98.4011,104.02542372881356
3,2026-04-30,LABORAL,16:30,31.0,72.6245,79.66666666666667
3,2026-04-30,LABORAL,17:00,47.0,45.716652,50.86666666666667
3,2026-05-01,FESTIVO,07:00,40.0,49.39434,12.666666666666666
3,2026-05-01,FESTIVO,07:30,24.0,30.692993,35.0
3,2026-05-01,FESTIVO,08:00,50.0,28.367456,13.0
3,2026-05-01,FESTIVO,08:30,26.0,34.59124,30.5
3,2026-05-01,FESTIVO,09:00,60.0,42.556164,27.666666666666668
3,2026-05-01,FESTIVO,09:30,41.0,31.574217,17.0
3,2026-05-01,FESTIVO,10:00,6.0,38.22492,24.0
3,2026-05-01,FESTIVO,10:30,47.0,31.01974,31.5
3,2026-05-01,FESTIVO,11:00,25.0,26.573545,18.0
3,2026-05-01,FESTIVO,11:30,27.0,31.729206,44.0
3,2026-05-01,FESTIVO,12:00,51.0,35.41405,14.0
3,2026-05-01,FESTIVO,12:30,18.0,36.959454,36.0
3,2026-05-01,FESTIVO,13:00,23.0,32.86613,26.333333333333332
3,2026-05-01,FESTIVO,13:30,52.0,32.1572,13.0
3,2026-05-01,FESTIVO,14:00,28.0,36.72258,23.5
3,2026-05-01,FESTIVO,14:30,31.0,37.253548,30.5
3,2026-05-01,FESTIVO,15:00,23.0,49.8296,24.5
3,2026-05-01,FESTIVO,15:30,30.0,38.6237,20.0
3,2026-05-02,SABADO,04:00,26.0,40.765656,38.88
3,2026-05-02,SABADO,04:30,66.0,84.74013,97.46153846153847
3,2026-05-02,SABADO,05:00,90.0,160.49034,160.69230769230768
3,2026-05-02,SABADO,05:30,149.0,132.10675,142.6153846153846
3,2026-05-02,SABADO,06:00,120.0,157.7691,201.3846153846154
3,2026-05-02,SABADO,06:30,198.0,167.64551,184.65384615384616
3,2026-05-02,SABADO,07:00,136.0,106.297325,125.23076923076923
3,2026-05-02,SABADO,07:30,59.0,92.18755,105.8076923076923
3,2026-05-02,SABADO,08:00,98.0,99.89606,116.11538461538461
3,2026-05-02,SABADO,08:30,74.0,86.11635,103.73076923076923
3,2026-05-02,SABADO,09:00,124.0,96.285614,92.57692307692308
3,2026-05-02,SABADO,09:30,38.0,73.20363,83.5
3,2026-05-02,SABADO,10:00,61.0,73.07601,84.26923076923077
3,2026-05-02,SABADO,10:30,117.0,69.58982,81.3076923076923
3,2026-05-02,SABADO,11:00,83.0,63.47485,85.84615384615384
3,2026-05-02,SABADO,11:30,99.0,67.42163,81.6
3,2026-05-02,SABADO,12:00,57.0,73.75868,82.53846153846153
3,2026-05-02,SABADO,12:30,55.0,67.76529,73.58333333333333
3,2026-05-02,SABADO,13:00,53.0,72.04595,71.45833333333333
3,2026-05-02,SABADO,13:30,100.0,64.47273,59.75
3,2026-05-02,SABADO,14:00,40.0,59.695824,68.04
3,2026-05-02,SABADO,14:30,79.0,62.634518,65.58333333333333
3,2026-05-02,SABADO,15:00,45.0,60.55474,68.45833333333333
3,2026-05-02,SABADO,15:30,75.0,55.195583,55.45454545454545
3,2026-05-02,SABADO,16:00,39.0,55.95422,47.36842105263158
3,2026-05-02,SABADO,16:30,45.0,42.462868,51.92307692307692
3,2026-05-03,DOMINGO,08:00,32.0,35.045956,38.541666666666664
3,2026-05-03,DOMINGO,09:00,17.0,34.818565,38.705882352941174
3,2026-05-03,DOMINGO,10:30,33.0,32.56132,37.21052631578947
3,2026-05-03,DOMINGO,11:30,27.0,36.79093,31.058823529411764
3,2026-05-03,DOMINGO,13:00,26.0,40.437073,31.555555555555557
3,2026-05-03,DOMINGO,13:30,41.0,31.621836,32.6875
3,2026-05-03,DOMINGO,14:30,23.0,27.82204,34.11764705882353
3,2026-05-03,DOMINGO,15:00,29.0,35.978012,31.833333333333332
3,2026-05-04,LABORAL,04:00,74.0,56.297413,55.18103448275862
3,2026-05-04,LABORAL,04:30,106.0,137.41135,136.5966386554622
3,2026-05-04,LABORAL,05:00,271.0,257.1724,272.15833333333336
3,2026-05-04,LABORAL,05:30,195.0,242.36456,237.88333333333333
3,2026-05-04,LABORAL,06:00,323.0,297.4315,295.15833333333336
3,2026-05-04,LABORAL,06:30,190.0,238.4851,212.45
3,2026-05-04,LABORAL,07:00,175.0,160.77457,167.99166666666667
3,2026-05-04,LABORAL,07:30,129.0,146.19202,150.34453781512605
3,2026-05-04,LABORAL,08:00,151.0,131.78351,137.04310344827587
3,2026-05-04,LABORAL,08:30,125.0,132.23386,139.7563025210084
3,2026-05-04,LABORAL,09:00,154.0,132.1185,135.57983193277312
3,2026-05-04,LABORAL,09:30,85.0,125.62576,116.83898305084746
3,2026-05-04,LABORAL,10:00,128.0,137.20023,127.7542372881356
3,2026-05-04,LABORAL,10:30,154.0,120.47339,113.21666666666667
3,2026-05-04,LABORAL,11:00,68.0,120.906815,108.03361344537815
3,2026-05-04,LABORAL,11:30,195.0,122.00346,129.32773109243698
3,2026-05-04,LABORAL,12:00,164.0,153.36786,167.65
3,2026-05-04,LABORAL,12:30,87.0,125.54912,135.9747899159664
3,2026-05-04,LABORAL,13:00,234.0,125.07578,137.7
3,2026-05-04,LABORAL,13:30,81.0,122.816315,132.75423728813558
3,2026-05-04,LABORAL,14:00,82.0,120.302315,125.19658119658119
3,2026-05-04,LABORAL,14:30,135.0,123.88401,139.82051282051282
3,2026-05-04,LABORAL,15:00,160.0,119.30757,136.04166666666666
3,2026-05-04,LABORAL,15:30,111.0,116.53297,128.52136752136752
3,2026-05-04,LABORAL,16:00,126.0,106.349266,103.99145299145299
3,2026-05-04,LABORAL,16:30,47.0,86.37453,79.96551724137932
3,2026-05-04,LABORAL,17:00,80.0,50.549107,50.70786516853933
3,2026-05-05,LABORAL,04:00,46.0,45.960598,55.34188034188034
3,2026-05-05,LABORAL,04:30,136.0,139.2348,136.34166666666667
3,2026-05-05,LABORAL,05:00,301.0,260.48074,272.1487603305785
3,2026-05-05,LABORAL,05:30,298.0,233.0684,237.52892561983472
3,2026-05-05,LABORAL,06:00,236.0,288.3218,295.3884297520661
3,2026-05-05,LABORAL,06:30,194.0,226.47374,212.26446280991735
3,2026-05-05,LABORAL,07:00,61.0,189.44727,168.0495867768595
3,2026-05-05,LABORAL,07:30,187.0,149.27368,150.16666666666666
3,2026-05-05,LABORAL,08:00,103.0,149.32378,137.16239316239316
3,2026-05-05,LABORAL,08:30,237.0,134.49475,139.63333333333333
3,2026-05-05,LABORAL,09:00,67.0,142.98038,135.73333333333332
3,2026-05-05,LABORAL,09:30,177.0,122.73777,116.57142857142857
3,2026-05-05,LABORAL,10:00,102.0,126.60883,127.75630252100841
3,2026-05-05,LABORAL,10:30,71.0,139.40605,113.55371900826447
3,2026-05-05,LABORAL,11:00,114.0,109.353745,107.7
3,2026-05-05,LABORAL,11:30,147.0,147.60077,129.875
3,2026-05-05,LABORAL,12:00,235.0,157.45267,167.6198347107438
3,2026-05-05,LABORAL,12:30,100.0,139.29689,135.56666666666666
3,2026-05-05,LABORAL,13:00,145.0,139.0426,138.49586776859505
3,2026-05-05,LABORAL,13:30,49.0,119.68108,132.31932773109244
3,2026-05-05,LABORAL,14:00,136.0,128.77997,124.83050847457628
3,2026-05-05,LABORAL,14:30,120.0,140.14114,139.77966101694915
3,2026-05-05,LABORAL,15:00,176.0,126.87105,136.2396694214876
3,2026-05-05,LABORAL,15:30,86.0,126.68483,128.3728813559322
3,2026-05-05,LABORAL,16:00,125.0,108.56083,104.17796610169492
3,2026-05-05,LABORAL,16:30,95.0,81.457466,79.68376068376068
3,2026-05-05,LABORAL,17:00,57.0,45.214985,51.03333333333333
3,2026-05-06,LABORAL,04:00,44.0,50.76329,55.23931623931624
3,2026-05-06,LABORAL,04:30,108.0,132.82784,135.90833333333333
3,2026-05-06,LABORAL,05:00,282.0,278.98297,271.97520661157023
3,2026-05-06,LABORAL,05:30,197.0,229.33023,236.60330578512398
3,2026-05-06,LABORAL,06:00,251.0,276.6177,294.8181818181818
3,2026-05-06,LABORAL,06:30,122.0,178.56052,212.04132231404958
3,2026-05-06,LABORAL,07:00,86.0,148.6893,167.0495867768595
3,2026-05-06,LABORAL,07:30,197.0,137.83487,150.18333333333334
3,2026-05-06,LABORAL,08:00,122.0,132.30629,136.86324786324786
3,2026-05-06,LABORAL,08:30,171.0,134.44693,140.26666666666668
3,2026-05-06,LABORAL,09:00,87.0,124.49971,135.35
3,2026-05-06,LABORAL,09:30,99.0,117.9619,116.42857142857143
3,2026-05-06,LABORAL,10:00,50.0,118.34111,128.03361344537817
3,2026-05-06,LABORAL,10:30,72.0,124.42951,112.80165289256199
3,2026-05-06,LABORAL,11:00,122.0,120.492096,107.09166666666667
3,2026-05-06,LABORAL,11:30,43.0,137.48297,129.96666666666667
3,2026-05-06,LABORAL,12:00,190.0,161.55022,168.28925619834712
3,2026-05-06,LABORAL,12:30,122.0,119.89987,134.90833333333333
3,2026-05-06,LABORAL,13:00,143.0,139.23077,137.87603305785123
3,2026-05-06,LABORAL,13:30,144.0,111.48045,131.23529411764707
3,2026-05-06,LABORAL,14:00,65.0,131.2393,124.03389830508475
3,2026-05-06,LABORAL,14:30,90.0,127.753174,139.6949152542373
3,2026-05-06,LABORAL,17:00,50.0,49.066437,50.74444444444445
3,2026-05-07,LABORAL,04:00,46.0,50.5128,55.034188034188034
3,2026-05-07,LABORAL,04:30,109.0,132.04506,135.425
3,2026-05-07,LABORAL,05:00,247.0,287.65115,272.5702479338843
3,2026-05-07,LABORAL,05:30,297.0,237.43204,235.43801652892563
3,2026-05-07,LABORAL,06:00,274.0,239.7438,294.1652892561983
3,2026-05-07,LABORAL,06:30,214.0,220.42508,210.96694214876032
3,2026-05-07,LABORAL,07:00,152.0,158.32516,165.7520661157025
3,2026-05-07,LABORAL,07:30,136.0,143.57613,150.30833333333334
3,2026-05-07,LABORAL,08:00,77.0,134.31918,136.27350427350427
3,2026-05-07,LABORAL,08:30,142.0,139.5377,140.66666666666666
3,2026-05-07,LABORAL,09:00,196.0,129.8737,135.25
3,2026-05-07,LABORAL,09:30,45.0,120.43724,116.07563025210084
3,2026-05-07,LABORAL,10:00,170.0,121.05091,126.96638655462185
3,2026-05-07,LABORAL,10:30,62.0,118.858154,112.67768595041322
3,2026-05-07,LABORAL,11:00,128.0,116.81412,106.75
3,2026-05-07,LABORAL,11:30,122.0,115.39389,128.925
3,2026-05-07,LABORAL,12:00,157.0,184.48372,168.43801652892563
3,2026-05-07,LABORAL,12:30,160.0,130.94566,134.66666666666666
3,2026-05-07,LABORAL,13:00,188.0,133.27565,138.0495867768595
3,2026-05-07,LABORAL,13:30,124.0,124.56853,130.9327731092437
3,2026-05-07,LABORAL,14:00,49.0,118.718025,123.63559322033899
3,2026-05-07,LABORAL,14:30,100.0,117.752045,139.27118644067798
3,2026-05-07,LABORAL,15:00,168.0,126.004425,135.475
3,2026-05-07,LABORAL,15:30,166.0,104.5367,127.27350427350427
3,2026-05-07,LABORAL,16:00,121.0,96.13548,104.91452991452991
3,2026-05-07,LABORAL,16:30,54.0,78.49719,79.30172413793103
3,2026-05-08,LABORAL,04:00,48.0,51.809967,55.0940170940171
3,2026-05-08,LABORAL,04:30,109.0,120.575325,134.96666666666667
3,2026-05-08,LABORAL,05:00,312.0,239.26416,272.57851239669424
3,2026-05-08,LABORAL,05:30,167.0,216.85284,236.34710743801654
3,2026-05-08,LABORAL,06:00,345.0,244.10236,293.099173553719
3,2026-05-08,LABORAL,06:30,182.0,179.98972,210.5702479338843
3,2026-05-08,LABORAL,07:00,197.0,151.32793,165.4214876033058
3,2026-05-08,LABORAL,07:30,107.0,140.82677,150.1900826446281
3,2026-05-08,LABORAL,08:00,111.0,125.28742,135.89743589743588
3,2026-05-08,LABORAL,08:30,111.0,143.67241,140.67768595041323
3,2026-05-08,LABORAL,09:00,113.0,133.01062,136.19166666666666
3,2026-05-08,LABORAL,09:30,104.0,107.89054,115.49579831932773
3,2026-05-08,LABORAL,10:00,86.0,122.28983,127.15966386554622
3,2026-05-08,LABORAL,10:30,118.0,103.665474,112.57851239669421
3,2026-05-08,LABORAL,11:00,88.0,113.32174,106.25833333333334
3,2026-05-08,LABORAL,11:30,140.0,112.71313,128.625
3,2026-05-08,LABORAL,12:00,177.0,150.50282,168.38842975206612
3,2026-05-08,LABORAL,12:30,50.0,133.41113,135.33333333333334
3,2026-05-08,LABORAL,13:00,236.0,139.23514,138.15702479338842
3,2026-05-08,LABORAL,13:30,110.0,117.68006,130.38655462184875
3,2026-05-08,LABORAL,14:00,129.0,104.58151,121.7542372881356
3,2026-05-08,LABORAL,14:30,146.0,113.14506,139.55084745762713
3,2026-05-08,LABORAL,15:00,104.0,123.338844,135.775
3,2026-05-08,LABORAL,15:30,151.0,120.36521,126.97435897435898
3,2026-05-08,LABORAL,16:00,49.0,106.08318,105.00854700854701
3,2026-05-08,LABORAL,16:30,65.0,72.69044,79.32758620689656
3,2026-05-09,SABADO,04:00,43.0,39.19373,38.4
3,2026-05-09,SABADO,04:30,85.0,84.35231,95.96153846153847
3,2026-05-09,SABADO,05:00,176.0,149.07887,155.03846153846155
3,2026-05-09,SABADO,05:30,186.0,152.05226,144.1153846153846
3,2026-05-09,SABADO,06:00,151.0,190.641,198.23076923076923
3,2026-05-09,SABADO,06:30,213.0,155.52779,184.65384615384616
3,2026-05-09,SABADO,07:00,133.0,140.41402,124.88461538461539
3,2026-05-09,SABADO,07:30,133.0,110.882324,104.57692307692308
3,2026-05-09,SABADO,08:00,119.0,88.213,115.03846153846153
3,2026-05-09,SABADO,09:00,121.0,90.96665,93.76923076923077
3,2026-05-09,SABADO,09:30,55.0,72.805244,80.88461538461539
3,2026-05-09,SABADO,10:00,116.0,85.74382,82.53846153846153
3,2026-05-09,SABADO,10:30,29.0,72.74512,81.84615384615384
3,2026-05-09,SABADO,11:00,79.0,77.431595,84.96153846153847
3,2026-05-09,SABADO,11:30,95.0,83.37179,83.2
3,2026-05-09,SABADO,12:00,81.0,82.38837,79.84615384615384
3,2026-05-09,SABADO,12:30,78.0,75.11078,71.83333333333333
3,2026-05-09,SABADO,13:00,71.0,79.271194,71.375
3,2026-05-09,SABADO,13:30,47.0,63.976955,59.708333333333336
3,2026-05-09,SABADO,14:00,60.0,64.545,67.44
3,2026-05-09,SABADO,14:30,65.0,64.52442,63.958333333333336
3,2026-05-09,SABADO,15:00,39.0,65.609375,69.45833333333333
3,2026-05-09,SABADO,15:30,51.0,63.562656,57.09090909090909
3,2026-05-09,SABADO,16:00,30.0,52.3647,45.526315789473685
3,2026-05-09,SABADO,17:00,37.0,38.251022,53.833333333333336
3,2026-05-10,DOMINGO,07:00,28.0,34.645916,27.736842105263158
3,2026-05-10,DOMINGO,07:30,21.0,35.69719,35.40909090909091
3,2026-05-10,DOMINGO,08:00,44.0,37.225933,39.0
3,2026-05-10,DOMINGO,08:30,25.0,28.114017,34.64705882352941
3,2026-05-10,DOMINGO,10:30,45.0,27.32226,38.36842105263158
3,2026-05-10,DOMINGO,11:30,70.0,30.446875,30.352941176470587
3,2026-05-10,DOMINGO,12:30,43.0,26.905994,28.928571428571427
3,2026-05-10,DOMINGO,14:00,25.0,29.88974,30.75
3,2026-05-10,DOMINGO,14:30,23.0,29.616636,32.705882352941174
3,2026-05-11,LABORAL,04:00,51.0,56.41531,55.05982905982906
3,2026-05-11,LABORAL,04:30,208.0,137.447,134.51666666666668
3,2026-05-11,LABORAL,05:00,251.0,275.92303,272.6280991735537
3,2026-05-11,LABORAL,05:30,206.0,235.33728,235.62809917355372
3,2026-05-11,LABORAL,06:00,217.0,291.23965,293.2314049586777
3,2026-05-11,LABORAL,06:30,297.0,226.60709,210.27272727272728
3,2026-05-11,LABORAL,07:00,128.0,175.87685,165.6198347107438
3,2026-05-11,LABORAL,07:30,103.0,140.2408,149.61157024793388
3,2026-05-11,LABORAL,08:00,198.0,138.2801,135.68376068376068
3,2026-05-11,LABORAL,08:30,22.0,135.71559,139.73553719008265
3,2026-05-11,LABORAL,09:00,157.0,141.27554,135.71666666666667
3,2026-05-11,LABORAL,09:30,86.0,120.12669,115.83193277310924
3,2026-05-11,LABORAL,10:00,75.0,131.01227,126.8655462184874
3,2026-05-11,LABORAL,10:30,176.0,129.60478,112.21487603305785
3,2026-05-11,LABORAL,11:00,85.0,125.870575,105.75
3,2026-05-11,LABORAL,11:30,204.0,127.67691,128.88333333333333
3,2026-05-11,LABORAL,12:00,95.0,144.30312,168.1900826446281
3,2026-05-11,LABORAL,12:30,114.0,120.39941,134.66666666666666
3,2026-05-11,LABORAL,13:00,160.0,132.36407,138.70247933884298
3,2026-05-11,LABORAL,13:30,135.0,119.38136,129.9075630252101
3,2026-05-11,LABORAL,14:00,143.0,125.46148,121.4322033898305
3,2026-05-11,LABORAL,14:30,115.0,134.97923,139.28813559322035
3,2026-05-11,LABORAL,15:00,75.0,124.58931,135.35833333333332
3,2026-05-11,LABORAL,15:30,80.0,125.04961,126.62393162393163
3,2026-05-11,LABORAL,16:00,117.0,99.58708,104.12820512820512
3,2026-05-11,LABORAL,16:30,31.0,76.20802,78.89655172413794
3,2026-05-12,LABORAL,04:00,55.0,49.813923,55.05982905982906
3,2026-05-12,LABORAL,04:30,151.0,149.5671,134.81666666666666
3,2026-05-12,LABORAL,05:00,279.0,265.65356,272.1487603305785
3,2026-05-12,LABORAL,05:30,161.0,260.02435,234.900826446281
3,2026-05-12,LABORAL,06:00,355.0,262.3756,293.0
3,2026-05-12,LABORAL,06:30,236.0,218.05835,211.38842975206612
3,2026-05-12,LABORAL,07:00,108.0,143.21141,164.71900826446281
3,2026-05-12,LABORAL,07:30,153.0,149.51204,149.02479338842974
3,2026-05-12,LABORAL,08:00,158.0,139.1154,136.47863247863248
3,2026-05-12,LABORAL,08:30,232.0,160.32968,137.95867768595042
3,2026-05-12,LABORAL,09:00,126.0,126.875916,135.85
3,2026-05-12,LABORAL,09:30,33.0,133.49866,115.3529411764706
3,2026-05-12,LABORAL,10:00,178.0,113.382545,126.24369747899159
3,2026-05-12,LABORAL,10:30,78.0,131.88518,112.59504132231405
3,2026-05-12,LABORAL,11:00,135.0,119.38679,105.58333333333333
3,2026-05-12,LABORAL,11:30,68.0,133.57333,129.725
3,2026-05-12,LABORAL,12:00,214.0,154.24388,167.2479338842975
3,2026-05-12,LABORAL,12:30,145.0,125.77444,134.64166666666668
3,2026-05-12,LABORAL,13:00,83.0,136.15808,139.34710743801654
3,2026-05-12,LABORAL,13:30,218.0,121.90579,129.0924369747899
3,2026-05-12,LABORAL,14:00,92.0,135.79175,121.61016949152543
3,2026-05-12,LABORAL,14:30,149.0,131.47943,139.38135593220338
3,2026-05-12,LABORAL,15:00,136.0,127.445694,134.09166666666667
3,2026-05-12,LABORAL,15:30,169.0,109.79731,126.68376068376068
3,2026-05-12,LABORAL,16:00,118.0,111.78822,104.42735042735043
3,2026-05-12,LABORAL,16:30,63.0,76.261566,78.3103448275862
3,2026-05-12,LABORAL,17:00,29.0,44.721935,50.67777777777778
3,2026-05-13,LABORAL,04:00,45.0,49.76978,55.11965811965812
3,2026-05-13,LABORAL,04:30,151.0,130.88875,134.59166666666667
3,2026-05-13,LABORAL,05:00,311.0,257.3836,272.2892561983471
3,2026-05-13,LABORAL,05:30,275.0,202.14487,234.34710743801654
3,2026-05-13,LABORAL,06:00,137.0,272.45023,293.42148760330576
3,2026-05-13,LABORAL,06:30,341.0,188.41351,211.65289256198346
3,2026-05-13,LABORAL,07:00,53.0,136.88464,164.0909090909091
3,2026-05-13,LABORAL,07:30,124.0,138.2056,148.49586776859505
3,2026-05-13,LABORAL,08:00,171.0,134.686,136.63247863247864
3,2026-05-13,LABORAL,08:30,162.0,144.23926,138.86776859504133
3,2026-05-13,LABORAL,09:00,41.0,124.25952,135.48333333333332
3,2026-05-13,LABORAL,09:30,115.0,109.451454,114.94117647058823
3,2026-05-13,LABORAL,10:00,153.0,116.62584,126.66386554621849
3,2026-05-13,LABORAL,10:30,105.0,114.09646,112.05785123966942
3,2026-05-13,LABORAL,11:00,70.0,119.95584,105.69166666666666
3,2026-05-13,LABORAL,11:30,157.0,122.00232,129.03333333333333
3,2026-05-13,LABORAL,12:00,97.0,152.92183,167.1487603305785
3,2026-05-13,LABORAL,12:30,130.0,130.18127,134.675
3,2026-05-13,LABORAL,13:00,146.0,121.481384,138.82644628099175
3,2026-05-13,LABORAL,13:30,80.0,127.04558,129.49579831932772
3,2026-05-13,LABORAL,14:00,208.0,112.580215,121.08474576271186
3,2026-05-13,LABORAL,14:30,118.0,118.614586,139.5677966101695
3,2026-05-13,LABORAL,15:00,134.0,112.26573,134.0
3,2026-05-13,LABORAL,15:30,102.0,125.79189,126.82051282051282
3,2026-05-13,LABORAL,16:00,95.0,107.44699,104.03418803418803
3,2026-05-13,LABORAL,16:30,83.0,74.899155,78.16379310344827
3,2026-05-14,LABORAL,04:00,45.0,50.661728,55.05128205128205
3,2026-05-14,LABORAL,04:30,210.0,132.06184,134.95833333333334
3,2026-05-14,LABORAL,05:00,182.0,265.44113,272.504132231405
3,2026-05-14,LABORAL,05:30,231.0,244.729,234.50413223140495
3,2026-05-14,LABORAL,06:00,327.0,264.4764,292.10743801652893
3,2026-05-14,LABORAL,06:30,182.0,235.47984,212.93388429752065
3,2026-05-14,LABORAL,07:00,133.0,160.43031,163.28099173553719
3,2026-05-14,LABORAL,07:30,172.0,141.18913,147.86776859504133
3,2026-05-14,LABORAL,08:00,139.0,136.16673,137.42735042735043
3,2026-05-14,LABORAL,08:30,123.0,142.3802,139.13223140495867
3,2026-05-14,LABORAL,09:00,156.0,127.2531,134.725
3,2026-05-14,LABORAL,09:30,57.0,112.02113,115.03361344537815
3,2026-05-14,LABORAL,10:00,87.0,134.86275,126.5126050420168
3,2026-05-14,LABORAL,10:30,99.0,105.25629,112.44628099173553
3,2026-05-14,LABORAL,11:00,120.0,112.11704,105.25833333333334
3,2026-05-14,LABORAL,11:30,84.0,128.83235,128.88333333333333
3,2026-05-14,LABORAL,12:00,128.0,161.30322,166.84297520661158
3,2026-05-14,LABORAL,12:30,135.0,135.97139,134.65833333333333
3,2026-05-14,LABORAL,13:00,155.0,128.3709,138.92561983471074
3,2026-05-14,LABORAL,13:30,97.0,124.63567,129.45378151260505
3,2026-05-14,LABORAL,14:00,94.0,121.17619,121.0677966101695
3,2026-05-14,LABORAL,14:30,146.0,123.42247,139.6949152542373
3,2026-05-14,LABORAL,15:00,179.0,127.89234,133.89166666666668
3,2026-05-14,LABORAL,15:30,84.0,124.91803,126.5042735042735
3,2026-05-14,LABORAL,16:00,149.0,104.1983,103.46153846153847
3,2026-05-14,LABORAL,16:30,43.0,76.32407,77.89655172413794
3,2026-05-14,LABORAL,17:00,85.0,42.807983,50.86516853932584
3,2026-05-15,LABORAL,04:00,53.0,50.539776,55.034188034188034
3,2026-05-15,LABORAL,04:30,255.0,134.22687,135.21666666666667
3,2026-05-15,LABORAL,05:00,190.0,256.30695,272.4297520661157
3,2026-05-15,LABORAL,05:30,234.0,218.02438,234.83471074380165
3,2026-05-15,LABORAL,06:00,278.0,271.65796,291.6611570247934
3,2026-05-15,LABORAL,06:30,202.0,214.83035,212.15702479338842
3,2026-05-15,LABORAL,07:00,68.0,168.00401,163.1818181818182
3,2026-05-15,LABORAL,07:30,180.0,135.61238,148.0495867768595
3,2026-05-15,LABORAL,08:00,93.0,137.1214,137.46153846153845
3,2026-05-15,LABORAL,08:30,181.0,134.5155,139.29752066115702
3,2026-05-15,LABORAL,09:00,102.0,131.17223,135.29166666666666
3,2026-05-15,LABORAL,09:30,110.0,114.612114,114.92436974789916
3,2026-05-15,LABORAL,10:00,183.0,117.78195,126.08403361344538
3,2026-05-15,LABORAL,10:30,108.0,116.07156,112.02479338842976
3,2026-05-15,LABORAL,11:00,86.0,111.465675,105.49166666666666
3,2026-05-15,LABORAL,11:30,117.0,125.222946,128.85
3,2026-05-15,LABORAL,12:00,168.0,145.76936,166.19834710743802
3,2026-05-15,LABORAL,12:30,105.0,121.84499,134.775
3,2026-05-15,LABORAL,13:00,155.0,136.97913,139.43801652892563
3,2026-05-15,LABORAL,13:30,157.0,119.111435,129.87394957983193
3,2026-05-15,LABORAL,14:00,93.0,128.49911,120.8135593220339
3,2026-05-15,LABORAL,14:30,140.0,127.38922,139.77118644067798
3,2026-05-15,LABORAL,15:00,164.0,125.7331,134.375
3,2026-05-15,LABORAL,15:30,152.0,116.517426,125.25641025641026
3,2026-05-15,LABORAL,16:00,99.0,107.62898,104.0
3,2026-05-15,LABORAL,16:30,84.0,67.19789,77.81896551724138
3,2026-05-15,LABORAL,17:00,26.0,45.372215,51.24444444444445
3,2026-05-16,SABADO,04:00,36.0,42.947823,38.12
3,2026-05-16,SABADO,04:30,111.0,108.873535,94.1923076923077
3,2026-05-16,SABADO,05:00,166.0,147.31078,157.34615384615384
3,2026-05-16,SABADO,05:30,109.0,161.6793,144.84615384615384
3,2026-05-16,SABADO,06:00,234.0,175.076,194.69230769230768
3,2026-05-16,SABADO,06:30,229.0,171.82034,184.30769230769232
3,2026-05-16,SABADO,07:00,122.0,127.59486,125.3076923076923
3,2026-05-16,SABADO,07:30,56.0,110.97698,104.61538461538461
3,2026-05-16,SABADO,08:00,98.0,105.212166,114.03846153846153
3,2026-05-16,SABADO,08:30,152.0,101.68916,100.8
3,2026-05-16,SABADO,09:00,93.0,102.064224,95.88461538461539
3,2026-05-16,SABADO,09:30,59.0,78.87675,79.96153846153847
3,2026-05-16,SABADO,10:00,58.0,80.43358,83.07692307692308
3,2026-05-16,SABADO,10:30,155.0,78.51355,80.6923076923077
3,2026-05-16,SABADO,11:00,82.0,75.63736,84.11538461538461
3,2026-05-16,SABADO,11:30,100.0,73.18373,84.76
3,2026-05-16,SABADO,12:00,39.0,80.5385,77.73076923076923
3,2026-05-16,SABADO,12:30,112.0,71.1216,70.29166666666667
3,2026-05-16,SABADO,13:30,117.0,67.13716,59.666666666666664
3,2026-05-16,SABADO,14:00,44.0,65.6667,65.04
3,2026-05-16,SABADO,14:30,28.0,72.63538,65.5
3,2026-05-16,SABADO,15:00,87.0,68.910446,68.54166666666667
3,2026-05-16,SABADO,15:30,40.0,57.120785,55.63636363636363
3,2026-05-16,SABADO,16:00,21.0,62.087234,45.578947368421055
3,2026-05-16,SABADO,16:30,38.0,46.029823,49.38461538461539
3,2026-05-16,SABADO,17:00,27.0,46.53203,51.42857142857143
3,2026-05-17,DOMINGO,07:00,48.0,25.257263,27.473684210526315
3,2026-05-17,DOMINGO,07:30,23.0,34.89152,33.77272727272727
3,2026-05-17,DOMINGO,08:00,68.0,36.45002,39.041666666666664
3,2026-05-17,DOMINGO,08:30,24.0,37.20906,32.470588235294116
3,2026-05-17,DOMINGO,09:00,50.0,30.12439,37.35294117647059
3,2026-05-17,DOMINGO,09:30,37.0,33.234142,31.11111111111111
3,2026-05-17,DOMINGO,10:00,16.0,33.319145,42.888888888888886
3,2026-05-17,DOMINGO,10:30,47.0,37.2042,38.26315789473684
3,2026-05-17,DOMINGO,11:00,25.0,29.527723,36.8
3,2026-05-17,DOMINGO,11:30,16.0,40.34978,31.88235294117647
3,2026-05-17,DOMINGO,12:30,28.0,28.193779,31.785714285714285
3,2026-05-17,DOMINGO,13:00,24.0,26.722818,30.647058823529413
3,2026-05-17,DOMINGO,14:00,25.0,30.04673,30.75
3,2026-05-17,DOMINGO,15:30,25.0,26.382376,30.53846153846154
3,2026-05-17,DOMINGO,16:30,19.0,29.71588,31.714285714285715
3,2026-05-18,FESTIVO_PUENTE,07:00,53.0,39.958416,36.0
3,2026-05-18,FESTIVO_PUENTE,07:30,23.0,40.25272,29.0
3,2026-05-18,FESTIVO_PUENTE,08:00,30.0,34.14755,34.75
3,2026-05-18,FESTIVO_PUENTE,09:00,19.0,30.22841,23.0
3,2026-05-18,FESTIVO_PUENTE,09:30,42.0,38.556866,20.333333333333332
3,2026-05-18,FESTIVO_PUENTE,10:30,21.0,30.137533,33.0
3,2026-05-18,FESTIVO_PUENTE,11:00,26.0,29.46814,24.5
3,2026-05-18,FESTIVO_PUENTE,11:30,19.0,23.395567,23.75
3,2026-05-18,FESTIVO_PUENTE,12:00,24.0,48.206135,29.25
3,2026-05-18,FESTIVO_PUENTE,12:30,29.0,23.545229,31.333333333333332
3,2026-05-18,FESTIVO_PUENTE,13:00,36.0,18.74674,19.333333333333332
3,2026-05-18,FESTIVO_PUENTE,13:30,26.0,31.43134,30.333333333333332
3,2026-05-18,FESTIVO_PUENTE,14:00,28.0,29.479609,32.25
3,2026-05-19,LABORAL,04:00,51.0,50.20491,55.07692307692308
3,2026-05-19,LABORAL,04:30,183.0,148.50252,136.38333333333333
3,2026-05-19,LABORAL,05:00,212.0,260.12292,271.94214876033055
3,2026-05-19,LABORAL,05:30,247.0,210.84894,234.44628099173553
3,2026-05-19,LABORAL,06:00,312.0,293.31152,291.46280991735534
3,2026-05-19,LABORAL,06:30,178.0,235.23856,212.099173553719
3,2026-05-19,LABORAL,07:00,223.0,158.09865,162.0495867768595
3,2026-05-19,LABORAL,07:30,108.0,142.63464,149.0
3,2026-05-19,LABORAL,08:00,167.0,143.66368,137.07692307692307
3,2026-05-19,LABORAL,08:30,129.0,149.6262,139.2396694214876
3,2026-05-19,LABORAL,09:00,178.0,136.27385,135.20833333333334
3,2026-05-19,LABORAL,09:30,124.0,117.50324,115.04201680672269
3,2026-05-19,LABORAL,10:00,168.0,135.38196,126.17647058823529
3,2026-05-19,LABORAL,10:30,120.0,115.99878,111.68595041322314
3,2026-05-19,LABORAL,11:00,95.0,123.06231,105.16666666666667
3,2026-05-19,LABORAL,11:30,184.0,139.9488,129.05833333333334
3,2026-05-19,LABORAL,12:00,141.0,154.63055,165.30578512396696
3,2026-05-19,LABORAL,12:30,142.0,133.75877,134.14166666666668
3,2026-05-19,LABORAL,13:00,197.0,118.100365,139.46280991735537
3,2026-05-19,LABORAL,13:30,84.0,136.95235,130.21008403361344
3,2026-05-19,LABORAL,14:00,142.0,121.19596,120.12711864406779
3,2026-05-19,LABORAL,14:30,114.0,128.32146,139.88135593220338
3,2026-05-19,LABORAL,15:00,169.0,125.0111,134.625
3,2026-05-19,LABORAL,15:30,195.0,133.23645,125.96581196581197
3,2026-05-19,LABORAL,16:00,51.0,107.982155,103.98290598290598
3,2026-05-19,LABORAL,16:30,58.0,83.88247,77.64655172413794
3,2026-05-19,LABORAL,17:00,44.0,43.916943,50.48888888888889
3,2026-05-20,LABORAL,04:00,45.0,49.4073,55.05128205128205
3,2026-05-20,LABORAL,04:30,133.0,142.66646,136.55
3,2026-05-20,LABORAL,05:00,268.0,252.89787,271.1900826446281
3,2026-05-20,LABORAL,05:30,285.0,247.55037,234.50413223140495
3,2026-05-20,LABORAL,06:00,241.0,214.93517,290.60330578512395
3,2026-05-20,LABORAL,06:30,284.0,221.32559,211.45454545454547
3,2026-05-20,LABORAL,07:00,139.0,141.3807,162.01652892561984
3,2026-05-20,LABORAL,07:30,139.0,140.02562,148.1900826446281
3,2026-05-20,LABORAL,08:00,158.0,136.46666,137.98290598290598
3,2026-05-20,LABORAL,08:30,101.0,143.27518,138.13223140495867
3,2026-05-20,LABORAL,09:00,175.0,123.7119,135.59166666666667
3,2026-05-20,LABORAL,09:30,80.0,120.23698,115.02521008403362
3,2026-05-20,LABORAL,10:00,139.0,132.03435,126.4453781512605
3,2026-05-20,LABORAL,10:30,99.0,121.59106,111.77685950413223
3,2026-05-20,LABORAL,11:00,87.0,108.17522,104.625
3,2026-05-20,LABORAL,11:30,70.0,140.53178,129.50833333333333
3,2026-05-20,LABORAL,12:00,201.0,143.74243,164.8181818181818
3,2026-05-20,LABORAL,12:30,151.0,132.70154,134.40833333333333
3,2026-05-20,LABORAL,13:00,132.0,129.9475,139.16528925619835
3,2026-05-20,LABORAL,13:30,153.0,111.02516,129.7983193277311
3,2026-05-20,LABORAL,14:00,104.0,134.31505,120.4322033898305
3,2026-05-20,LABORAL,14:30,194.0,123.37754,138.88983050847457
3,2026-05-20,LABORAL,15:00,100.0,132.54872,134.83333333333334
3,2026-05-20,LABORAL,15:30,71.0,131.50906,126.53846153846153
3,2026-05-20,LABORAL,16:00,120.0,107.04626,102.64102564102564
3,2026-05-20,LABORAL,16:30,41.0,71.869995,77.47863247863248
3,2026-05-20,LABORAL,17:00,12.0,42.076393,50.56666666666667
3,2026-05-22,LABORAL,04:00,41.0,49.711777,54.914529914529915
3,2026-05-22,LABORAL,04:30,182.0,132.69475,135.42016806722688
3,2026-05-22,LABORAL,05:00,193.0,205.61876,270.71666666666664
3,2026-05-22,LABORAL,05:30,182.0,233.62437,233.925
3,2026-05-22,LABORAL,06:00,304.0,261.07782,290.9583333333333
3,2026-05-22,LABORAL,06:30,192.0,194.90495,211.25
3,2026-05-22,LABORAL,07:00,118.0,138.45732,161.64166666666668
3,2026-05-22,LABORAL,07:30,163.0,133.99825,148.04166666666666
3,2026-05-22,LABORAL,08:00,95.0,130.5294,137.5344827586207
3,2026-05-22,LABORAL,08:30,136.0,121.54124,136.96666666666667
3,2026-05-22,LABORAL,09:00,107.0,128.21977,136.43697478991598
3,2026-05-22,LABORAL,09:30,175.0,112.017334,113.6864406779661
3,2026-05-22,LABORAL,10:00,94.0,121.998024,127.34745762711864
3,2026-05-22,LABORAL,10:30,113.0,113.67706,111.70833333333333
3,2026-05-22,LABORAL,11:00,74.0,112.188736,103.91596638655462
3,2026-05-22,LABORAL,12:00,116.0,162.7338,164.68333333333334
3,2026-05-22,LABORAL,12:30,142.0,118.34526,133.84873949579833
3,2026-05-22,LABORAL,13:00,61.0,125.49645,138.79166666666666
3,2026-05-22,LABORAL,13:30,193.0,125.95597,129.97457627118644
3,2026-05-22,LABORAL,14:00,94.0,111.85936,119.47863247863248
3,2026-05-22,LABORAL,14:30,113.0,122.78707,138.94017094017093
3,2026-05-22,LABORAL,15:00,119.0,118.69456,134.47058823529412
3,2026-05-22,LABORAL,15:30,57.0,115.49342,124.89655172413794
3,2026-05-22,LABORAL,16:00,132.0,106.79291,102.9396551724138
3,2026-05-22,LABORAL,16:30,37.0,64.54778,76.85344827586206
3,2026-05-22,LABORAL,17:00,36.0,51.67807,49.733333333333334
3,2026-05-23,SABADO,04:00,22.0,37.791718,37.72
3,2026-05-23,SABADO,04:30,120.0,102.404274,94.8076923076923
3,2026-05-23,SABADO,05:00,143.0,141.42516,156.57692307692307
3,2026-05-23,SABADO,05:30,176.0,135.2009,142.1153846153846
3,2026-05-23,SABADO,06:00,244.0,213.80634,197.69230769230768
3,2026-05-23,SABADO,06:30,99.0,176.85712,186.0
3,2026-05-23,SABADO,07:00,131.0,131.9984,125.3076923076923
3,2026-05-23,SABADO,07:30,82.0,101.0624,102.11538461538461
3,2026-05-23,SABADO,08:00,158.0,98.49616,113.23076923076923
3,2026-05-23,SABADO,08:30,86.0,100.94894,102.24
3,2026-05-23,SABADO,09:00,97.0,88.95474,97.34615384615384
3,2026-05-23,SABADO,09:30,104.0,83.257195,79.1923076923077
3,2026-05-23,SABADO,10:00,53.0,76.05163,83.1923076923077
3,2026-05-23,SABADO,10:30,65.0,86.057915,82.03846153846153
3,2026-05-23,SABADO,11:00,68.0,76.184326,83.42307692307692
3,2026-05-23,SABADO,11:30,48.0,68.901855,86.0
3,2026-05-23,SABADO,12:00,85.0,69.16357,76.03846153846153
3,2026-05-23,SABADO,12:30,73.0,70.43445,72.5
3,2026-05-23,SABADO,13:00,50.0,56.142174,72.30434782608695
3,2026-05-23,SABADO,13:30,56.0,80.89261,61.666666666666664
3,2026-05-23,SABADO,14:00,32.0,59.54075,64.64
3,2026-05-23,SABADO,15:00,48.0,60.68535,67.66666666666667
3,2026-05-23,SABADO,15:30,44.0,53.03105,55.13636363636363
3,2026-05-23,SABADO,16:00,54.0,53.524704,44.35
3,2026-05-23,SABADO,16:30,30.0,45.24431,48.30769230769231
3,2026-05-24,DOMINGO,07:00,11.0,30.395042,28.5
3,2026-05-24,DOMINGO,08:00,24.0,37.762245,40.2
3,2026-05-24,DOMINGO,08:30,80.0,31.758698,29.941176470588236
3,2026-05-24,DOMINGO,09:30,24.0,31.421043,32.166666666666664
3,2026-05-24,DOMINGO,10:00,22.0,28.010551,39.166666666666664
3,2026-05-24,DOMINGO,11:00,74.0,31.997656,36.0625
3,2026-05-24,DOMINGO,12:00,32.0,32.252552,36.10526315789474
3,2026-05-24,DOMINGO,12:30,40.0,25.870193,30.571428571428573
3,2026-05-24,DOMINGO,13:30,23.0,30.848124,33.92857142857143
3,2026-05-24,DOMINGO,14:00,25.0,27.610498,30.1
3,2026-05-24,DOMINGO,15:00,29.0,27.963297,31.4
3,2026-05-25,LABORAL,04:00,48.0,56.274178,54.7008547008547
3,2026-05-25,LABORAL,04:30,205.0,144.7768,135.67226890756302
3,2026-05-25,LABORAL,05:00,304.0,213.17757,269.21666666666664
3,2026-05-25,LABORAL,05:30,214.0,225.48926,233.93333333333334
3,2026-05-25,LABORAL,06:00,300.0,247.33855,290.5
3,2026-05-25,LABORAL,06:30,131.0,186.60446,210.63333333333333
3,2026-05-25,LABORAL,07:00,239.0,148.93596,161.45
3,2026-05-25,LABORAL,07:30,110.0,140.69122,148.38333333333333
3,2026-05-25,LABORAL,08:00,122.0,133.00969,137.55172413793105
3,2026-05-25,LABORAL,08:30,223.0,132.312,136.58333333333334
3,2026-05-25,LABORAL,09:00,111.0,137.30244,136.8655462184874
3,2026-05-25,LABORAL,09:30,113.0,118.55511,114.28813559322033
3,2026-05-25,LABORAL,10:00,144.0,127.00572,127.08474576271186
3,2026-05-25,LABORAL,10:30,105.0,123.92052,111.49166666666666
3,2026-05-25,LABORAL,11:00,62.0,118.65024,103.08403361344538
3,2026-05-25,LABORAL,11:30,230.0,125.56153,130.28813559322035
3,2026-05-25,LABORAL,12:00,61.0,134.68675,163.68333333333334
3,2026-05-25,LABORAL,12:30,217.0,126.66846,133.76470588235293
3,2026-05-25,LABORAL,13:00,62.0,122.96303,138.05
3,2026-05-25,LABORAL,13:30,151.0,125.29056,130.57627118644066
3,2026-05-25,LABORAL,14:00,143.0,120.30648,119.21367521367522
3,2026-05-25,LABORAL,14:30,122.0,122.04239,139.32478632478632
3,2026-05-25,LABORAL,15:00,103.0,122.07407,133.7310924369748
3,2026-05-25,LABORAL,15:30,180.0,116.75735,123.85344827586206
3,2026-05-25,LABORAL,16:00,71.0,110.93079,103.25862068965517
3,2026-05-25,LABORAL,16:30,73.0,69.95994,76.25
3,2026-05-25,LABORAL,17:00,30.0,46.516327,49.44444444444444
3,2026-05-25,LABORAL,17:30,27.0,34.58458,33.46153846153846
3,2026-05-26,LABORAL,04:00,47.0,48.91419,54.623931623931625
3,2026-05-26,LABORAL,04:30,166.0,144.98444,136.0420168067227
3,2026-05-26,LABORAL,05:00,314.0,243.79524,269.53333333333336
3,2026-05-26,LABORAL,05:30,195.0,244.5526,233.81666666666666
3,2026-05-26,LABORAL,06:00,342.0,285.59357,290.2583333333333
3,2026-05-26,LABORAL,06:30,210.0,191.34846,210.14166666666668
3,2026-05-26,LABORAL,07:00,168.0,186.62285,162.525
3,2026-05-26,LABORAL,07:30,120.0,145.13326,147.59166666666667
3,2026-05-26,LABORAL,08:00,159.0,142.18723,137.39655172413794
3,2026-05-26,LABORAL,08:30,126.0,139.93391,137.13333333333333
3,2026-05-26,LABORAL,09:00,158.0,137.9312,136.61344537815125
3,2026-05-26,LABORAL,09:30,104.0,122.564705,114.35593220338983
3,2026-05-26,LABORAL,10:00,132.0,141.80978,126.57627118644068
3,2026-05-26,LABORAL,10:30,143.0,118.52032,111.46666666666667
3,2026-05-26,LABORAL,11:00,113.0,111.27358,102.98319327731092
3,2026-05-26,LABORAL,11:30,127.0,142.47934,130.71186440677965
3,2026-05-26,LABORAL,12:00,211.0,150.17406,162.83333333333334
3,2026-05-26,LABORAL,12:30,156.0,130.40436,134.39495798319328
3,2026-05-26,LABORAL,13:00,64.0,138.95906,137.28333333333333
3,2026-05-26,LABORAL,13:30,210.0,128.50592,131.3050847457627
3,2026-05-26,LABORAL,14:00,65.0,134.01373,119.05128205128206
3,2026-05-26,LABORAL,14:30,201.0,124.22328,139.0940170940171
3,2026-05-26,LABORAL,15:00,87.0,133.33208,133.14285714285714
3,2026-05-26,LABORAL,15:30,135.0,137.6045,123.86206896551724
3,2026-05-26,LABORAL,16:00,97.0,102.269966,102.88793103448276
3,2026-05-26,LABORAL,16:30,56.0,70.98022,76.21551724137932
3,2026-05-26,LABORAL,17:00,27.0,44.78836,49.23076923076923
3,2026-05-27,LABORAL,04:00,42.0,46.58281,54.51282051282051
3,2026-05-27,LABORAL,04:30,215.0,140.88425,136.35294117647058
3,2026-05-27,LABORAL,05:00,118.0,268.69934,269.2
3,2026-05-27,LABORAL,05:30,241.0,228.04631,233.175
3,2026-05-27,LABORAL,06:00,261.0,271.29437,290.1166666666667
3,2026-05-27,LABORAL,06:30,150.0,207.99738,210.09166666666667
3,2026-05-27,LABORAL,07:00,128.0,159.62093,162.35833333333332
3,2026-05-27,LABORAL,07:30,162.0,134.68542,146.875
3,2026-05-27,LABORAL,08:00,119.0,135.99005,137.5811965811966
3,2026-05-27,LABORAL,08:30,46.0,135.5163,136.88333333333333
3,2026-05-27,LABORAL,09:00,152.0,130.3597,136.53781512605042
3,2026-05-27,LABORAL,09:30,48.0,107.66412,114.00847457627118
3,2026-05-27,LABORAL,10:00,145.0,120.26836,126.63559322033899
3,2026-05-27,LABORAL,10:30,110.0,114.66434,111.4
3,2026-05-27,LABORAL,11:00,131.0,102.09398,102.87394957983193
3,2026-05-27,LABORAL,11:30,89.0,130.55367,130.66949152542372
3,2026-05-27,LABORAL,12:00,160.0,141.28871,163.23333333333332
3,2026-05-27,LABORAL,12:30,128.0,147.43166,134.10084033613447
3,2026-05-27,LABORAL,13:00,76.0,124.81459,136.53333333333333
3,2026-05-27,LABORAL,13:30,149.0,133.15388,132.05084745762713
3,2026-05-27,LABORAL,14:00,109.0,111.225204,118.2991452991453
3,2026-05-27,LABORAL,14:30,113.0,131.91794,139.22222222222223
3,2026-05-27,LABORAL,15:00,164.0,112.6112,132.3781512605042
3,2026-05-27,LABORAL,15:30,69.0,114.29649,123.98275862068965
3,2026-05-27,LABORAL,16:00,86.0,101.4334,102.56896551724138
3,2026-05-27,LABORAL,16:30,54.0,63.429184,75.66379310344827
3,2026-05-28,LABORAL,04:00,50.0,51.65189,54.34188034188034
3,2026-05-28,LABORAL,04:30,148.0,133.57782,136.890756302521
3,2026-05-28,LABORAL,05:00,237.0,216.2065,268.68333333333334
3,2026-05-28,LABORAL,05:30,214.0,209.96754,232.85833333333332
3,2026-05-28,LABORAL,06:00,329.0,268.66592,289.65
3,2026-05-28,LABORAL,06:30,157.0,196.05714,209.78333333333333
3,2026-05-28,LABORAL,07:00,208.0,169.87682,162.20833333333334
3,2026-05-28,LABORAL,07:30,60.0,141.03845,147.025
3,2026-05-28,LABORAL,08:00,173.0,133.50699,137.2136752136752
3,2026-05-28,LABORAL,08:30,74.0,124.530426,136.15
3,2026-05-28,LABORAL,09:00,169.0,132.48672,136.52100840336135
3,2026-05-28,LABORAL,09:30,94.0,117.34055,113.67796610169492
3,2026-05-28,LABORAL,10:00,75.0,121.34503,127.02542372881356
3,2026-05-28,LABORAL,10:30,164.0,120.76679,111.45
3,2026-05-28,LABORAL,11:00,119.0,114.42304,102.68067226890756
3,2026-05-28,LABORAL,11:30,143.0,115.55591,131.01694915254237
3,2026-05-28,LABORAL,12:00,103.0,161.0004,163.05833333333334
3,2026-05-28,LABORAL,12:30,145.0,126.5562,133.88235294117646
3,2026-05-28,LABORAL,13:00,93.0,116.49667,135.83333333333334
3,2026-05-28,LABORAL,13:30,123.0,143.44751,132.27966101694915
3,2026-05-28,LABORAL,14:00,115.0,113.02912,118.24786324786325
3,2026-05-28,LABORAL,14:30,168.0,135.08344,138.3846153846154
3,2026-05-28,LABORAL,15:00,101.0,122.120995,132.71428571428572
3,2026-05-28,LABORAL,15:30,128.0,107.57214,123.38793103448276
3,2026-05-28,LABORAL,16:00,130.0,100.63789,101.81896551724138
3,2026-05-28,LABORAL,16:30,40.0,66.94646,75.32758620689656
3,2026-05-28,LABORAL,17:00,36.0,43.72644,48.89010989010989
3,2026-05-29,LABORAL,04:00,116.0,47.627483,54.23931623931624
3,2026-05-29,LABORAL,04:30,69.0,145.94559,136.8235294117647
3,2026-05-29,LABORAL,05:00,243.0,197.72667,268.40833333333336
3,2026-05-29,LABORAL,05:30,317.0,213.72778,232.2
3,2026-05-29,LABORAL,06:00,215.0,259.28793,290.03333333333336
3,2026-05-29,LABORAL,06:30,257.0,181.83044,209.36666666666667
3,2026-05-29,LABORAL,07:00,146.0,161.1347,163.09166666666667
3,2026-05-29,LABORAL,07:30,173.0,135.79008,146.05833333333334
3,2026-05-29,LABORAL,08:00,122.0,130.9708,137.46153846153845
3,2026-05-29,LABORAL,08:30,88.0,125.55707,135.275
3,2026-05-29,LABORAL,09:00,146.0,127.95438,137.0924369747899
3,2026-05-29,LABORAL,09:30,138.0,116.44829,112.91525423728814
3,2026-05-29,LABORAL,10:00,86.0,115.5649,126.50847457627118
3,2026-05-29,LABORAL,10:30,87.0,119.936874,112.025
3,2026-05-29,LABORAL,11:00,145.0,111.30864,102.96638655462185
3,2026-05-29,LABORAL,11:30,74.0,118.93804,130.8728813559322
3,2026-05-29,LABORAL,12:00,190.0,145.2629,161.20833333333334
3,2026-05-29,LABORAL,12:30,149.0,125.836914,133.78151260504202
3,2026-05-29,LABORAL,13:00,174.0,115.57091,135.70833333333334
3,2026-05-29,LABORAL,13:30,56.0,128.13496,132.74576271186442
3,2026-05-29,LABORAL,14:00,118.0,116.562096,118.42735042735043
3,2026-05-29,LABORAL,14:30,168.0,123.63376,138.3760683760684
3,2026-05-29,LABORAL,15:00,138.0,125.43701,132.51260504201682
3,2026-05-29,LABORAL,15:30,84.0,107.79332,123.33620689655173
3,2026-05-29,LABORAL,16:00,72.0,102.67683,101.73275862068965
3,2026-05-29,LABORAL,16:30,75.0,66.809616,74.77586206896552
3,2026-05-29,LABORAL,17:00,19.0,41.181877,48.2967032967033
3,2026-05-30,SABADO,04:30,175.0,86.22161,95.6923076923077
3,2026-05-30,SABADO,05:00,105.0,157.92043,155.53846153846155
3,2026-05-30,SABADO,05:30,174.0,161.84976,140.3846153846154
3,2026-05-30,SABADO,06:00,122.0,198.61966,195.92307692307693
3,2026-05-30,SABADO,06:30,210.0,130.72054,183.26923076923077
3,2026-05-30,SABADO,07:00,142.0,124.39256,125.61538461538461
3,2026-05-30,SABADO,07:30,104.0,99.6536,102.26923076923077
3,2026-05-30,SABADO,08:00,49.0,107.23496,114.42307692307692
3,2026-05-30,SABADO,08:30,139.0,82.02716,102.6
3,2026-05-30,SABADO,09:00,80.0,95.99885,96.6923076923077
3,2026-05-30,SABADO,09:30,59.0,82.33948,78.96153846153847
3,2026-05-30,SABADO,10:00,99.0,71.64117,81.42307692307692
3,2026-05-30,SABADO,10:30,51.0,81.223495,81.07692307692308
3,2026-05-30,SABADO,11:00,30.0,82.22259,83.15384615384616
3,2026-05-30,SABADO,11:30,121.0,83.20122,83.68
3,2026-05-30,SABADO,12:00,105.0,93.265625,76.34615384615384
3,2026-05-30,SABADO,12:30,18.0,85.997475,73.95833333333333
3,2026-05-30,SABADO,13:00,36.0,70.40771,70.1304347826087
3,2026-05-30,SABADO,13:30,58.0,58.801098,62.541666666666664
3,2026-05-30,SABADO,14:00,54.0,67.0139,62.04
3,2026-05-30,SABADO,14:30,31.0,65.27012,64.08333333333333
3,2026-05-30,SABADO,15:00,81.0,63.8769,65.0
3,2026-05-30,SABADO,15:30,39.0,55.707436,54.63636363636363
3,2026-05-31,DOMINGO,07:00,29.0,29.268545,27.25
3,2026-05-31,DOMINGO,08:00,29.0,33.343845,39.76
3,2026-05-31,DOMINGO,08:30,37.0,37.605812,33.35294117647059
3,2026-05-31,DOMINGO,09:00,32.0,29.499777,38.05555555555556
3,2026-05-31,DOMINGO,10:00,61.0,33.33462,38.26315789473684
3,2026-05-31,DOMINGO,11:00,25.0,30.436327,38.294117647058826
3,2026-05-31,DOMINGO,11:30,42.0,26.87814,32.375
3,2026-05-31,DOMINGO,14:00,24.0,33.11683,29.857142857142858
3,2026-05-31,DOMINGO,14:30,23.0,26.249685,31.375
3,2026-06-01,LABORAL,04:00,49.0,52.910507,54.73504273504273
3,2026-06-01,LABORAL,04:30,131.0,158.46622,136.35294117647058
3,2026-06-01,LABORAL,05:00,236.0,243.57607,267.68333333333334
3,2026-06-01,LABORAL,05:30,237.0,245.18353,233.04166666666666
3,2026-06-01,LABORAL,06:00,226.0,291.18567,289.175
3,2026-06-01,LABORAL,06:30,187.0,213.57178,209.69166666666666
3,2026-06-01,LABORAL,07:00,167.0,179.60495,163.41666666666666
3,2026-06-01,LABORAL,07:30,106.0,139.40485,146.18333333333334
3,2026-06-01,LABORAL,08:00,77.0,135.08978,136.76068376068375
3,2026-06-01,LABORAL,08:30,156.0,146.5182,135.575
3,2026-06-01,LABORAL,09:00,43.0,131.74228,136.84873949579833
3,2026-06-01,LABORAL,09:30,143.0,119.865486,113.54237288135593
3,2026-06-01,LABORAL,10:00,139.0,131.0131,126.3135593220339
3,2026-06-01,LABORAL,11:00,74.0,112.371445,102.98319327731092
3,2026-06-01,LABORAL,11:30,150.0,139.29189,130.5677966101695
3,2026-06-01,LABORAL,12:00,136.0,133.90135,160.88333333333333
3,2026-06-01,LABORAL,12:30,172.0,156.23573,133.64705882352942
3,2026-06-01,LABORAL,13:00,70.0,118.81459,135.925
3,2026-06-01,LABORAL,13:30,110.0,129.18036,132.33898305084745
3,2026-06-01,LABORAL,14:00,82.0,121.225784,117.72649572649573
3,2026-06-01,LABORAL,14:30,178.0,129.37772,138.5811965811966
3,2026-06-01,LABORAL,15:00,47.0,115.67579,132.6218487394958
3,2026-06-01,LABORAL,15:30,117.0,119.09469,123.01724137931035
3,2026-06-01,LABORAL,16:00,63.0,105.45241,100.86206896551724
3,2026-06-01,LABORAL,16:30,52.0,67.60365,74.84482758620689
3,2026-06-02,LABORAL,04:30,167.0,138.78432,135.91596638655463
3,2026-06-02,LABORAL,05:00,224.0,274.30185,267.3666666666667
3,2026-06-02,LABORAL,05:30,286.0,232.26842,232.2
3,2026-06-02,LABORAL,06:00,279.0,282.35904,288.775
3,2026-06-02,LABORAL,06:30,120.0,215.8693,208.675
3,2026-06-02,LABORAL,07:00,227.0,178.46712,163.96666666666667
3,2026-06-02,LABORAL,07:30,65.0,142.19168,145.74166666666667
3,2026-06-02,LABORAL,08:00,173.0,139.15916,136.0940170940171
3,2026-06-02,LABORAL,08:30,84.0,138.22229,135.81666666666666
3,2026-06-02,LABORAL,09:00,121.0,139.17775,135.58823529411765
3,2026-06-02,LABORAL,09:30,194.0,129.07256,113.80508474576271
3,2026-06-02,LABORAL,10:00,72.0,128.99081,126.2457627118644
3,2026-06-02,LABORAL,10:30,161.0,122.6761,111.84873949579831
3,2026-06-02,LABORAL,11:00,94.0,121.45668,102.85714285714286
3,2026-06-02,LABORAL,11:30,101.0,133.2554,130.16949152542372
3,2026-06-02,LABORAL,12:00,188.0,163.96968,160.49166666666667
3,2026-06-02,LABORAL,12:30,135.0,140.887,133.80672268907563
3,2026-06-02,LABORAL,13:00,105.0,118.98467,135.55
3,2026-06-02,LABORAL,13:30,103.0,141.1474,131.5677966101695
3,2026-06-02,LABORAL,14:00,120.0,110.345116,116.8974358974359
3,2026-06-02,LABORAL,14:30,152.0,136.65517,138.87179487179486
3,2026-06-02,LABORAL,15:00,174.0,113.16569,131.87394957983193
3,2026-06-02,LABORAL,15:30,97.0,126.28273,123.55172413793103
3,2026-06-02,LABORAL,16:00,102.0,101.888725,100.37068965517241
3,2026-06-02,LABORAL,16:30,76.0,66.66621,73.9396551724138
3,2026-06-03,LABORAL,04:30,170.0,134.09692,135.94117647058823
3,2026-06-03,LABORAL,05:00,253.0,208.09396,267.65
3,2026-06-03,LABORAL,05:30,311.0,230.45885,232.71666666666667
3,2026-06-03,LABORAL,06:00,202.0,256.07538,288.075
3,2026-06-03,LABORAL,06:30,215.0,176.57745,207.225
3,2026-06-03,LABORAL,07:00,135.0,164.13089,164.35833333333332
3,2026-06-03,LABORAL,07:30,155.0,129.28648,145.34166666666667
3,2026-06-03,LABORAL,08:00,105.0,130.85074,136.1196581196581
3,2026-06-03,LABORAL,08:30,153.0,120.3855,136.025
3,2026-06-03,LABORAL,09:00,68.0,123.96379,134.27731092436974
3,2026-06-03,LABORAL,09:30,114.0,126.407036,114.72881355932203
3,2026-06-03,LABORAL,10:00,127.0,115.24466,125.54237288135593
3,2026-06-03,LABORAL,10:30,121.0,128.81776,112.03361344537815
3,2026-06-03,LABORAL,11:00,101.0,112.32576,102.82352941176471
3,2026-06-03,LABORAL,11:30,84.0,116.299385,130.08474576271186
3,2026-06-03,LABORAL,12:00,163.0,156.52727,160.46666666666667
3,2026-06-03,LABORAL,12:30,82.0,126.400665,133.83193277310923
3,2026-06-03,LABORAL,13:00,146.0,114.29535,135.76666666666668
3,2026-06-03,LABORAL,13:30,116.0,119.85269,130.44915254237287
3,2026-06-03,LABORAL,14:00,93.0,126.05221,117.55555555555556
3,2026-06-03,LABORAL,14:30,152.0,126.415405,138.1965811965812
3,2026-06-03,LABORAL,15:00,53.0,126.05991,132.71428571428572
3,2026-06-03,LABORAL,15:30,122.0,107.80417,122.25
3,2026-06-03,LABORAL,16:00,109.0,102.74928,100.74137931034483
3,2026-06-03,LABORAL,16:30,46.0,69.27118,73.59482758620689
3,2026-06-03,LABORAL,17:00,29.0,39.607105,47.05555555555556
3,2026-06-04,LABORAL,04:30,157.0,128.23714,136.11764705882354
3,2026-06-04,LABORAL,05:00,293.0,249.67181,267.275
3,2026-06-04,LABORAL,05:30,240.0,241.14783,232.775
3,2026-06-04,LABORAL,06:00,278.0,286.61502,286.8333333333333
3,2026-06-04,LABORAL,06:30,128.0,185.45749,207.225
3,2026-06-04,LABORAL,07:00,157.0,183.91162,163.95833333333334
3,2026-06-04,LABORAL,07:30,117.0,132.3824,145.575
3,2026-06-04,LABORAL,08:00,67.0,132.35571,136.28205128205127
3,2026-06-04,LABORAL,08:30,183.0,122.85597,135.89166666666668
3,2026-06-04,LABORAL,09:00,64.0,122.4206,133.08403361344537
3,2026-06-04,LABORAL,09:30,85.0,117.07775,114.66949152542372
3,2026-06-04,LABORAL,10:00,129.0,105.35885,125.5546218487395
3,2026-06-04,LABORAL,10:30,90.0,121.18996,111.97478991596638
3,2026-06-04,LABORAL,11:00,92.0,112.020454,102.50420168067227
3,2026-06-04,LABORAL,11:30,106.0,122.727875,129.74576271186442
3,2026-06-04,LABORAL,12:00,133.0,151.67719,160.75833333333333
3,2026-06-04,LABORAL,12:30,123.0,119.930824,133.35294117647058
3,2026-06-04,LABORAL,13:00,84.0,121.82396,136.60833333333332
3,2026-06-04,LABORAL,13:30,134.0,121.44651,129.72881355932202
3,2026-06-04,LABORAL,14:00,97.0,115.8492,117.31623931623932
3,2026-06-04,LABORAL,14:30,123.0,131.36649,138.4017094017094
3,2026-06-04,LABORAL,15:00,119.0,119.937706,131.38655462184875
3,2026-06-04,LABORAL,15:30,112.0,121.67057,122.32758620689656
3,2026-06-04,LABORAL,16:00,77.0,104.664764,101.17241379310344
3,2026-06-04,LABORAL,16:30,73.0,61.044853,73.08620689655173
3,2026-06-04,LABORAL,17:00,58.0,39.761093,46.37777777777778
3,2026-06-05,LABORAL,04:30,142.0,131.44139,136.21008403361344
3,2026-06-05,LABORAL,05:00,269.0,228.8657,266.81666666666666
3,2026-06-05,LABORAL,05:30,193.0,274.44452,233.025
3,2026-06-05,LABORAL,06:00,329.0,244.04208,287.09166666666664
3,2026-06-05,LABORAL,06:30,178.0,203.49063,206.18333333333334
3,2026-06-05,LABORAL,07:00,132.0,166.06952,164.29166666666666
3,2026-06-05,LABORAL,07:30,125.0,136.89699,145.2
3,2026-06-05,LABORAL,08:00,138.0,121.921684,136.02564102564102
3,2026-06-05,LABORAL,08:30,108.0,139.27586,135.85
3,2026-06-05,LABORAL,09:00,118.0,116.607376,132.53781512605042
3,2026-06-05,LABORAL,09:30,59.0,112.87108,114.55084745762711
3,2026-06-05,LABORAL,10:00,140.0,109.53426,125.5546218487395
3,2026-06-05,LABORAL,10:30,112.0,102.79144,111.90756302521008
3,2026-06-05,LABORAL,11:00,109.0,109.422104,102.12605042016807
3,2026-06-05,LABORAL,11:30,90.0,108.812294,129.27118644067798
3,2026-06-05,LABORAL,12:00,178.0,162.49423,160.96666666666667
3,2026-06-05,LABORAL,12:30,114.0,120.814865,132.63025210084032
3,2026-06-05,LABORAL,13:00,45.0,124.32321,136.38333333333333
3,2026-06-05,LABORAL,13:30,158.0,113.9378,129.5593220338983
3,2026-06-05,LABORAL,14:00,125.0,120.98861,117.08547008547009
3,2026-06-05,LABORAL,14:30,110.0,129.39795,138.0
3,2026-06-05,LABORAL,15:00,126.0,124.241196,131.87394957983193
3,2026-06-05,LABORAL,15:30,110.0,107.5634,122.16379310344827
3,2026-06-05,LABORAL,16:00,110.0,99.21754,100.14655172413794
3,2026-06-05,LABORAL,16:30,41.0,57.70486,73.14655172413794
3,2026-06-06,SABADO,04:00,53.0,34.05451,37.125
3,2026-06-06,SABADO,04:30,93.0,101.83195,97.46153846153847
3,2026-06-06,SABADO,05:00,106.0,170.11508,153.23076923076923
3,2026-06-06,SABADO,05:30,188.0,152.76479,143.15384615384616
3,2026-06-06,SABADO,06:00,213.0,179.4317,191.23076923076923
3,2026-06-06,SABADO,06:30,181.0,167.58502,184.6153846153846
3,2026-06-06,SABADO,07:00,105.0,129.26863,128.03846153846155
3,2026-06-06,SABADO,07:30,138.0,106.99533,101.3076923076923
3,2026-06-06,SABADO,08:00,94.0,92.72651,110.38461538461539
3,2026-06-06,SABADO,08:30,92.0,107.2332,104.72
3,2026-06-06,SABADO,09:00,75.0,80.52786,95.38461538461539
3,2026-06-06,SABADO,09:30,93.0,73.89769,78.26923076923077
3,2026-06-06,SABADO,10:00,100.0,86.373886,83.07692307692308
3,2026-06-06,SABADO,10:30,96.0,79.44014,78.6923076923077
3,2026-06-06,SABADO,11:00,65.0,83.71039,81.03846153846153
3,2026-06-06,SABADO,11:30,48.0,71.00231,83.6
3,2026-06-06,SABADO,12:00,93.0,83.090454,76.07692307692308
3,2026-06-06,SABADO,12:30,72.0,71.30632,71.70833333333333
3,2026-06-06,SABADO,13:00,41.0,57.842148,69.82608695652173
3,2026-06-06,SABADO,13:30,82.0,75.37717,63.75
3,2026-06-06,SABADO,14:00,30.0,63.562977,61.84
3,2026-06-06,SABADO,14:30,48.0,67.17199,60.0
3,2026-06-06,SABADO,15:00,75.0,65.98379,65.95833333333333
3,2026-06-06,SABADO,16:00,52.0,45.331593,45.3
3,2026-06-07,DOMINGO,06:30,52.0,39.684288,33.5
3,2026-06-07,DOMINGO,07:00,23.0,26.917685,27.7
3,2026-06-07,DOMINGO,07:30,19.0,34.59633,31.523809523809526
3,2026-06-07,DOMINGO,08:00,38.0,31.900433,38.72
3,2026-06-07,DOMINGO,08:30,30.0,29.891077,33.55555555555556
3,2026-06-07,DOMINGO,09:00,25.0,32.63547,36.166666666666664
3,2026-06-07,DOMINGO,09:30,44.0,27.136929,31.72222222222222
3,2026-06-07,DOMINGO,10:00,26.0,38.12483,38.526315789473685
3,2026-06-07,DOMINGO,10:30,47.0,30.15678,40.1764705882353
3,2026-06-07,DOMINGO,11:00,27.0,34.192726,35.470588235294116
3,2026-06-07,DOMINGO,11:30,28.0,38.367702,32.94117647058823
3,2026-06-07,DOMINGO,12:00,25.0,30.859457,35.44444444444444
3,2026-06-07,DOMINGO,12:30,26.0,34.102356,31.307692307692307
3,2026-06-07,DOMINGO,13:00,20.0,26.834564,29.125
3,2026-06-07,DOMINGO,13:30,12.0,27.954561,32.857142857142854
3,2026-06-07,DOMINGO,14:00,26.0,26.538237,29.714285714285715
3,2026-06-07,DOMINGO,14:30,18.0,32.615753,31.125
3,2026-06-07,DOMINGO,15:00,18.0,28.937864,31.333333333333332
3,2026-06-08,FESTIVO_PUENTE,07:30,32.0,29.047909,24.666666666666668
3,2026-06-08,FESTIVO_PUENTE,08:00,19.0,39.08856,34.5
3,2026-06-08,FESTIVO_PUENTE,08:30,19.0,32.77187,31.5
3,2026-06-08,FESTIVO_PUENTE,10:30,33.0,35.592274,26.5
3,2026-06-08,FESTIVO_PUENTE,11:00,19.0,35.383995,25.0
3,2026-06-08,FESTIVO_PUENTE,11:30,46.0,30.179356,21.25
3,2026-06-08,FESTIVO_PUENTE,13:30,23.0,34.91048,29.333333333333332
3,2026-06-08,FESTIVO_PUENTE,15:00,31.0,45.318207,20.0
3,2026-06-08,FESTIVO_PUENTE,15:30,25.0,29.580832,121.53166627716756
3,2026-06-09,LABORAL,04:30,158.0,154.75394,136.42857142857142
3,2026-06-09,LABORAL,05:00,185.0,231.742,266.0416666666667
3,2026-06-09,LABORAL,05:30,342.0,259.73477,232.29166666666666
3,2026-06-09,LABORAL,06:00,230.0,282.19916,287.1666666666667
3,2026-06-09,LABORAL,06:30,209.0,192.75517,206.7
3,2026-06-09,LABORAL,07:00,135.0,185.0655,163.29166666666666
3,2026-06-09,LABORAL,07:30,97.0,135.26398,145.14166666666668
3,2026-06-09,LABORAL,08:00,205.0,141.43912,135.8803418803419
3,2026-06-09,LABORAL,08:30,107.0,131.94376,136.2
3,2026-06-09,LABORAL,09:00,196.0,134.34096,132.16806722689077
3,2026-06-09,LABORAL,09:30,139.0,123.071045,114.10169491525424
3,2026-06-09,LABORAL,10:00,129.0,118.356766,125.7983193277311
3,2026-06-09,LABORAL,10:30,108.0,128.60732,112.1344537815126
3,2026-06-09,LABORAL,11:00,98.0,123.52608,101.85714285714286
3,2026-06-09,LABORAL,11:30,137.0,140.00769,129.11016949152543
3,2026-06-09,LABORAL,12:00,180.0,160.68843,160.53333333333333
3,2026-06-09,LABORAL,12:30,99.0,141.81688,132.1764705882353
3,2026-06-09,LABORAL,13:00,148.0,132.70607,135.88333333333333
3,2026-06-09,LABORAL,13:30,103.0,136.70926,129.6271186440678
3,2026-06-09,LABORAL,14:00,92.0,127.302216,117.53846153846153
3,2026-06-09,LABORAL,14:30,169.0,131.22026,137.03418803418805
3,2026-06-09,LABORAL,15:00,116.0,141.86917,131.2268907563025
3,2026-06-09,LABORAL,15:30,105.0,120.77484,122.56896551724138
3,2026-06-09,LABORAL,16:00,107.0,105.829285,99.87931034482759
3,2026-06-09,LABORAL,16:30,44.0,65.19133,72.87068965517241
3,2026-06-09,LABORAL,17:00,50.0,40.231995,46.78651685393258
3,2026-06-10,LABORAL,04:00,29.0,51.921955,54.589285714285715
3,2026-06-10,LABORAL,04:30,118.0,142.19746,136.32773109243698
3,2026-06-10,LABORAL,05:00,285.0,226.2796,265.25
3,2026-06-10,LABORAL,05:30,257.0,269.59503,233.19166666666666
3,2026-06-10,LABORAL,06:00,302.0,236.55157,286.43333333333334
3,2026-06-10,LABORAL,06:30,180.0,219.66402,206.55833333333334
3,2026-06-10,LABORAL,07:00,113.0,162.05588,162.69166666666666
3,2026-06-10,LABORAL,07:30,113.0,132.67303,144.73333333333332
3,2026-06-10,LABORAL,08:00,172.0,133.59096,135.74358974358975
3,2026-06-10,LABORAL,08:30,66.0,130.60248,135.75833333333333
3,2026-06-10,LABORAL,09:00,102.0,130.92601,132.05882352941177
3,2026-06-10,LABORAL,09:30,128.0,127.00276,114.38983050847457
3,2026-06-10,LABORAL,10:00,108.0,123.89322,124.91596638655462
3,2026-06-10,LABORAL,10:30,45.0,118.20076,112.12605042016807
3,2026-06-10,LABORAL,11:00,117.0,112.84952,102.14285714285714
3,2026-06-10,LABORAL,11:30,113.0,113.14853,127.94067796610169
3,2026-06-10,LABORAL,12:00,112.0,160.89777,160.625
3,2026-06-10,LABORAL,12:30,134.0,113.664986,131.7058823529412
3,2026-06-10,LABORAL,13:00,53.0,128.3084,136.15833333333333
3,2026-06-10,LABORAL,13:30,48.0,119.55679,128.66101694915255
3,2026-06-10,LABORAL,14:30,55.0,128.29742,136.39316239316238
3,2026-06-10,LABORAL,15:00,41.0,117.43391,131.03361344537817
