dataset_version,run_id,model,route,granularity_min,fold,origin_timestamp,timestamp,horizon,y_real,y_pred,error,error_abs,error_squared,tipo_dia,hora_del_dia,is_gap
freeze_20260610_192142,baselines_full_20260718,historical_average_route_day_type_slot,1,30,1,2024-10-16 14:30:00,2024-10-16 15:00:00,1,289.0,224.44628099173553,-64.55371900826447,64.55371900826447,4167.182637797965,LABORAL,15,False
freeze_20260610_192142,baselines_full_20260718,historical_average_route_day_type_slot,1,30,1,2024-10-18 10:00:00,2024-10-18 10:30:00,1,73.0,128.62809917355372,55.62809917355372,55.62809917355372,3094.485417662728,LABORAL,10,False
freeze_20260610_192142,baselines_full_20260718,historical_average_route_day_type_slot,1,30,1,2024-10-20 06:00:00,2024-10-20 06:30:00,1,26.0,43.95454545454545,17.954545454545453,17.954545454545453,322.3657024793388,DOMINGO,6,False
freeze_20260610_192142,baselines_full_20260718,historical_average_route_day_type_slot,1,30,1,2024-10-20 10:30:00,2024-10-20 11:00:00,1,55.0,43.0,-12.0,12.0,144.0,DOMINGO,11,False
freeze_20260610_192142,baselines_full_20260718,historical_average_route_day_type_slot,1,30,1,2024-10-20 15:00:00,2024-10-20 15:30:00,1,37.0,38.526315789473685,1.526315789473685,1.526315789473685,2.3296398891966783,DOMINGO,15,False
freeze_20260610_192142,baselines_full_20260718,historical_average_route_day_type_slot,1,30,1,2024-10-21 11:30:00,2024-10-21 12:00:00,1,108.0,145.04132231404958,37.04132231404958,37.04132231404958,1372.0595587733073,LABORAL,12,False
freeze_20260610_192142,baselines_full_20260718,historical_average_route_day_type_slot,1,30,1,2024-10-21 15:30:00,2024-10-21 16:00:00,1,229.0,197.01652892561984,-31.983471074380162,31.983471074380162,1022.9424219657126,LABORAL,16,False
freeze_20260610_192142,baselines_full_20260718,historical_average_route_day_type_slot,1,30,1,2024-10-22 17:00:00,2024-10-22 17:30:00,1,81.0,51.183673469387756,-29.816326530612244,29.816326530612244,889.0133277800916,LABORAL,17,False
freeze_20260610_192142,baselines_full_20260718,historical_average_route_day_type_slot,1,30,1,2024-10-24 06:00:00,2024-10-24 06:30:00,1,140.0,164.03333333333333,24.03333333333333,24.03333333333333,577.601111111111,LABORAL,6,False
freeze_20260610_192142,baselines_full_20260718,historical_average_route_day_type_slot,1,30,1,2024-10-24 14:00:00,2024-10-24 14:30:00,1,184.0,193.14754098360655,9.147540983606547,9.147540983606547,83.67750604676142,LABORAL,14,False
freeze_20260610_192142,baselines_full_20260718,historical_average_route_day_type_slot,1,30,1,2024-10-24 15:00:00,2024-10-24 15:30:00,1,241.0,232.25409836065575,-8.745901639344254,8.745901639344254,76.4907954850845,LABORAL,15,False
freeze_20260610_192142,baselines_full_20260718,historical_average_route_day_type_slot,1,30,1,2024-10-26 17:00:00,2024-10-26 17:30:00,1,,40.5,,,,SABADO,17,True
freeze_20260610_192142,baselines_full_20260718,historical_average_route_day_type_slot,1,30,1,2024-10-27 09:00:00,2024-10-27 09:30:00,1,30.0,42.130434782608695,12.130434782608695,12.130434782608695,147.14744801512288,DOMINGO,9,False
freeze_20260610_192142,baselines_full_20260718,historical_average_route_day_type_slot,1,30,1,2024-10-28 16:00:00,2024-10-28 16:30:00,1,185.0,149.18032786885246,-35.81967213114754,35.81967213114754,1283.0489115829077,LABORAL,16,False
freeze_20260610_192142,baselines_full_20260718,historical_average_route_day_type_slot,1,30,2,2024-10-29 08:30:00,2024-10-29 09:00:00,1,160.0,160.9090909090909,0.9090909090909065,0.9090909090909065,0.8264462809917308,LABORAL,9,False
freeze_20260610_192142,baselines_full_20260718,historical_average_route_day_type_slot,1,30,2,2024-10-31 06:30:00,2024-10-31 07:00:00,1,151.0,147.8923076923077,-3.1076923076923038,3.1076923076923038,9.657751479289916,LABORAL,7,False
freeze_20260610_192142,baselines_full_20260718,historical_average_route_day_type_slot,1,30,2,2024-11-01 16:30:00,2024-11-01 17:00:00,1,89.0,94.03076923076924,5.030769230769238,5.030769230769238,25.30863905325451,LABORAL,17,False
freeze_20260610_192142,baselines_full_20260718,historical_average_route_day_type_slot,1,30,2,2024-11-03 12:30:00,2024-11-03 13:00:00,1,71.0,38.09090909090909,-32.90909090909091,32.90909090909091,1083.0082644628098,DOMINGO,13,False
freeze_20260610_192142,baselines_full_20260718,historical_average_route_day_type_slot,1,30,2,2024-11-03 13:30:00,2024-11-03 14:00:00,1,34.0,34.208333333333336,0.2083333333333357,0.2083333333333357,0.04340277777777876,DOMINGO,14,False
freeze_20260610_192142,baselines_full_20260718,historical_average_route_day_type_slot,1,30,2,2024-11-04 05:30:00,2024-11-04 06:00:00,1,,39.0,,,,FESTIVO_PUENTE,6,True
freeze_20260610_192142,baselines_full_20260718,historical_average_route_day_type_slot,1,30,2,2024-11-04 12:00:00,2024-11-04 12:30:00,1,7.0,43.333333333333336,36.333333333333336,36.333333333333336,1320.1111111111113,FESTIVO_PUENTE,12,False
freeze_20260610_192142,baselines_full_20260718,historical_average_route_day_type_slot,1,30,2,2024-11-05 09:00:00,2024-11-05 09:30:00,1,180.0,144.43939393939394,-35.56060606060606,35.56060606060606,1264.5567033976126,LABORAL,9,False
freeze_20260610_192142,baselines_full_20260718,historical_average_route_day_type_slot,1,30,2,2024-11-06 04:30:00,2024-11-06 05:00:00,1,265.0,197.3969465648855,-67.6030534351145,67.6030534351145,4570.172833750947,LABORAL,5,False
freeze_20260610_192142,baselines_full_20260718,historical_average_route_day_type_slot,1,30,2,2024-11-07 05:30:00,2024-11-07 06:00:00,1,255.0,217.26717557251908,-37.73282442748092,37.73282442748092,1423.7660392751009,LABORAL,6,False
freeze_20260610_192142,baselines_full_20260718,historical_average_route_day_type_slot,1,30,2,2024-11-08 09:30:00,2024-11-08 10:00:00,1,137.0,137.8939393939394,0.8939393939394051,0.8939393939394051,0.799127640036751,LABORAL,10,False
freeze_20260610_192142,baselines_full_20260718,historical_average_route_day_type_slot,1,30,2,2024-11-08 11:00:00,2024-11-08 11:30:00,1,138.0,130.82575757575756,-7.174242424242436,7.174242424242436,51.46975436179999,LABORAL,11,False
freeze_20260610_192142,baselines_full_20260718,historical_average_route_day_type_slot,1,30,2,2024-11-08 12:00:00,2024-11-08 12:30:00,1,214.0,175.0681818181818,-38.93181818181819,38.93181818181819,1515.686466942149,LABORAL,12,False
freeze_20260610_192142,baselines_full_20260718,historical_average_route_day_type_slot,1,30,2,2024-11-09 10:00:00,2024-11-09 10:30:00,1,135.0,152.96296296296296,17.962962962962962,17.962962962962962,322.6680384087791,SABADO,10,False
freeze_20260610_192142,baselines_full_20260718,historical_average_route_day_type_slot,1,30,2,2024-11-10 10:00:00,2024-11-10 10:30:00,1,41.0,44.23076923076923,3.2307692307692335,3.2307692307692335,10.437869822485224,DOMINGO,10,False
freeze_20260610_192142,baselines_full_20260718,historical_average_route_day_type_slot,1,30,2,2024-11-11 14:00:00,2024-11-11 14:30:00,1,,48.0,,,,FESTIVO_PUENTE,14,True
freeze_20260610_192142,baselines_full_20260718,historical_average_route_day_type_slot,1,30,3,2024-11-12 06:00:00,2024-11-12 06:30:00,1,102.0,162.07971014492753,60.07971014492753,60.07971014492753,3609.5715710985082,LABORAL,6,False
freeze_20260610_192142,baselines_full_20260718,historical_average_route_day_type_slot,1,30,3,2024-11-12 12:30:00,2024-11-12 13:00:00,1,250.0,185.94285714285715,-64.05714285714285,64.05714285714285,4103.317551020407,LABORAL,13,False
freeze_20260610_192142,baselines_full_20260718,historical_average_route_day_type_slot,1,30,3,2024-11-13 08:00:00,2024-11-13 08:30:00,1,160.0,170.50359712230215,10.503597122302153,10.503597122302153,110.32555250763407,LABORAL,8,False
freeze_20260610_192142,baselines_full_20260718,historical_average_route_day_type_slot,1,30,3,2024-11-15 14:00:00,2024-11-15 14:30:00,1,172.0,194.22857142857143,22.228571428571428,22.228571428571428,494.109387755102,LABORAL,14,False
freeze_20260610_192142,baselines_full_20260718,historical_average_route_day_type_slot,1,30,3,2024-11-15 16:30:00,2024-11-15 17:00:00,1,122.0,95.28467153284672,-26.715328467153284,26.715328467153284,713.7087751078907,LABORAL,17,False
freeze_20260610_192142,baselines_full_20260718,historical_average_route_day_type_slot,1,30,3,2024-11-18 11:30:00,2024-11-18 12:00:00,1,173.0,145.71223021582733,-27.287769784172667,27.287769784172667,744.6223797940069,LABORAL,12,False
freeze_20260610_192142,baselines_full_20260718,historical_average_route_day_type_slot,1,30,3,2024-11-19 04:00:00,2024-11-19 04:30:00,1,207.0,211.54347826086956,4.543478260869563,4.543478260869563,20.643194706994308,LABORAL,4,False
freeze_20260610_192142,baselines_full_20260718,historical_average_route_day_type_slot,1,30,3,2024-11-21 06:30:00,2024-11-21 07:00:00,1,175.0,149.14492753623188,-25.855072463768124,25.855072463768124,668.4847721067007,LABORAL,7,False
freeze_20260610_192142,baselines_full_20260718,historical_average_route_day_type_slot,1,30,3,2024-11-21 08:00:00,2024-11-21 08:30:00,1,148.0,170.50359712230215,22.503597122302153,22.503597122302153,506.41188344288577,LABORAL,8,False
freeze_20260610_192142,baselines_full_20260718,historical_average_route_day_type_slot,1,30,3,2024-11-21 12:00:00,2024-11-21 12:30:00,1,116.0,176.11428571428573,60.11428571428573,60.11428571428573,3613.7273469387774,LABORAL,12,False
freeze_20260610_192142,baselines_full_20260718,historical_average_route_day_type_slot,1,30,3,2024-11-22 05:30:00,2024-11-22 06:00:00,1,233.0,216.97841726618705,-16.02158273381295,16.02158273381295,256.6911132964132,LABORAL,6,False
freeze_20260610_192142,baselines_full_20260718,historical_average_route_day_type_slot,1,30,3,2024-11-22 13:30:00,2024-11-22 14:00:00,1,234.0,192.35,-41.650000000000006,41.650000000000006,1734.7225000000005,LABORAL,14,False
freeze_20260610_192142,baselines_full_20260718,historical_average_route_day_type_slot,1,30,3,2024-11-24 05:30:00,2024-11-24 06:00:00,1,27.0,43.18518518518518,16.185185185185183,16.185185185185183,261.96021947873794,DOMINGO,6,False
freeze_20260610_192142,baselines_full_20260718,historical_average_route_day_type_slot,1,30,3,2024-11-24 09:00:00,2024-11-24 09:30:00,1,,42.370370370370374,,,,DOMINGO,9,True
freeze_20260610_192142,baselines_full_20260718,historical_average_route_day_type_slot,1,30,3,2024-11-25 09:30:00,2024-11-25 10:00:00,1,181.0,138.3,-42.69999999999999,42.69999999999999,1823.289999999999,LABORAL,10,False
freeze_20260610_192142,baselines_full_20260718,historical_average_route_day_type_slot,1,30,3,2024-11-25 13:00:00,2024-11-25 13:30:00,1,138.0,182.29285714285714,44.292857142857144,44.292857142857144,1961.8571938775513,LABORAL,13,False
freeze_20260610_192142,baselines_full_20260718,historical_average_route_day_type_slot,1,30,3,2024-11-25 17:00:00,2024-11-25 17:30:00,1,83.0,51.07826086956522,-31.92173913043478,31.92173913043478,1018.997429111531,LABORAL,17,False
freeze_20260610_192142,baselines_full_20260718,historical_average_route_day_type_slot,1,30,4,2024-11-27 09:00:00,2024-11-27 09:30:00,1,162.0,144.4,-17.599999999999994,17.599999999999994,309.7599999999998,LABORAL,9,False
freeze_20260610_192142,baselines_full_20260718,historical_average_route_day_type_slot,1,30,4,2024-11-29 16:30:00,2024-11-29 17:00:00,1,52.0,95.20408163265306,43.20408163265306,43.20408163265306,1866.5926697209493,LABORAL,17,False
freeze_20260610_192142,baselines_full_20260718,historical_average_route_day_type_slot,1,30,4,2024-12-01 05:00:00,2024-12-01 05:30:00,1,,42.48,,,,DOMINGO,5,True
freeze_20260610_192142,baselines_full_20260718,historical_average_route_day_type_slot,1,30,4,2024-12-01 14:30:00,2024-12-01 15:00:00,1,39.0,37.40909090909091,-1.5909090909090935,1.5909090909090935,2.5309917355371985,DOMINGO,15,False
freeze_20260610_192142,baselines_full_20260718,historical_average_route_day_type_slot,1,30,4,2024-12-03 07:00:00,2024-12-03 07:30:00,1,252.0,178.1006711409396,-73.8993288590604,73.8993288590604,5461.110805819558,LABORAL,7,False
freeze_20260610_192142,baselines_full_20260718,historical_average_route_day_type_slot,1,30,4,2024-12-04 16:00:00,2024-12-04 16:30:00,1,253.0,151.45333333333335,-101.54666666666665,101.54666666666665,10311.725511111108,LABORAL,16,False
freeze_20260610_192142,baselines_full_20260718,historical_average_route_day_type_slot,1,30,4,2024-12-05 11:30:00,2024-12-05 12:00:00,1,164.0,144.71812080536913,-19.281879194630875,19.281879194630875,371.790865276339,LABORAL,12,False
freeze_20260610_192142,baselines_full_20260718,historical_average_route_day_type_slot,1,30,4,2024-12-06 04:00:00,2024-12-06 04:30:00,1,164.0,211.6283783783784,47.628378378378386,47.628378378378386,2268.462426953982,LABORAL,4,False
freeze_20260610_192142,baselines_full_20260718,historical_average_route_day_type_slot,1,30,4,2024-12-06 16:00:00,2024-12-06 16:30:00,1,193.0,151.45333333333335,-41.54666666666665,41.54666666666665,1726.12551111111,LABORAL,16,False
freeze_20260610_192142,baselines_full_20260718,historical_average_route_day_type_slot,1,30,4,2024-12-07 15:30:00,2024-12-07 16:00:00,1,103.0,83.1,-19.900000000000006,19.900000000000006,396.0100000000002,SABADO,16,False
freeze_20260610_192142,baselines_full_20260718,historical_average_route_day_type_slot,1,30,4,2024-12-07 16:30:00,2024-12-07 17:00:00,1,21.0,52.111111111111114,31.111111111111114,31.111111111111114,967.9012345679014,SABADO,17,False
freeze_20260610_192142,baselines_full_20260718,historical_average_route_day_type_slot,1,30,4,2024-12-08 11:30:00,2024-12-08 12:00:00,1,29.0,65.33333333333333,36.33333333333333,36.33333333333333,1320.1111111111109,FESTIVO,12,False
freeze_20260610_192142,baselines_full_20260718,historical_average_route_day_type_slot,1,30,4,2024-12-08 12:30:00,2024-12-08 13:00:00,1,38.0,44.333333333333336,6.333333333333336,6.333333333333336,40.11111111111114,FESTIVO,13,False
freeze_20260610_192142,baselines_full_20260718,historical_average_route_day_type_slot,1,30,4,2024-12-08 15:30:00,2024-12-08 16:00:00,1,55.0,69.0,14.0,14.0,196.0,FESTIVO,16,False
freeze_20260610_192142,baselines_full_20260718,historical_average_route_day_type_slot,1,30,4,2024-12-09 08:30:00,2024-12-09 09:00:00,1,185.0,161.98666666666668,-23.01333333333332,23.01333333333332,529.6135111111106,LABORAL,9,False
freeze_20260610_192142,baselines_full_20260718,historical_average_route_day_type_slot,1,30,5,2024-12-10 11:30:00,2024-12-10 12:00:00,1,120.0,143.96226415094338,23.962264150943383,23.962264150943383,574.1901032395864,LABORAL,12,False
freeze_20260610_192142,baselines_full_20260718,historical_average_route_day_type_slot,1,30,5,2024-12-13 12:00:00,2024-12-13 12:30:00,1,223.0,177.7625,-45.23750000000001,45.23750000000001,2046.431406250001,LABORAL,12,False
freeze_20260610_192142,baselines_full_20260718,historical_average_route_day_type_slot,1,30,5,2024-12-13 14:00:00,2024-12-13 14:30:00,1,176.0,192.7625,16.76249999999999,16.76249999999999,280.9814062499996,LABORAL,14,False
freeze_20260610_192142,baselines_full_20260718,historical_average_route_day_type_slot,1,30,5,2024-12-13 15:30:00,2024-12-13 16:00:00,1,284.0,203.35849056603774,-80.64150943396226,80.64150943396226,6503.053043787823,LABORAL,16,False
freeze_20260610_192142,baselines_full_20260718,historical_average_route_day_type_slot,1,30,5,2024-12-14 10:30:00,2024-12-14 11:00:00,1,105.0,125.21212121212122,20.212121212121218,20.212121212121218,408.5298438934805,SABADO,11,False
freeze_20260610_192142,baselines_full_20260718,historical_average_route_day_type_slot,1,30,5,2024-12-15 07:30:00,2024-12-15 08:00:00,1,43.0,41.892857142857146,-1.107142857142854,1.107142857142854,1.2257653061224423,DOMINGO,8,False
freeze_20260610_192142,baselines_full_20260718,historical_average_route_day_type_slot,1,30,5,2024-12-18 05:00:00,2024-12-18 05:30:00,1,174.0,222.37106918238993,48.37106918238993,48.37106918238993,2339.760333847553,LABORAL,5,False
freeze_20260610_192142,baselines_full_20260718,historical_average_route_day_type_slot,1,30,5,2024-12-18 07:00:00,2024-12-18 07:30:00,1,170.0,178.44025157232704,8.440251572327043,8.440251572327043,71.23784660416912,LABORAL,7,False
freeze_20260610_192142,baselines_full_20260718,historical_average_route_day_type_slot,1,30,5,2024-12-19 06:30:00,2024-12-19 07:00:00,1,86.0,150.80379746835442,64.80379746835442,64.80379746835442,4199.532166319498,LABORAL,7,False
freeze_20260610_192142,baselines_full_20260718,historical_average_route_day_type_slot,1,30,5,2024-12-19 10:30:00,2024-12-19 11:00:00,1,96.0,118.08227848101266,22.082278481012665,22.082278481012665,487.627022912995,LABORAL,11,False
freeze_20260610_192142,baselines_full_20260718,historical_average_route_day_type_slot,1,30,5,2024-12-19 15:00:00,2024-12-19 15:30:00,1,275.0,227.51875,-47.48124999999999,47.48124999999999,2254.469101562499,LABORAL,15,False
freeze_20260610_192142,baselines_full_20260718,historical_average_route_day_type_slot,1,30,5,2024-12-20 04:30:00,2024-12-20 05:00:00,1,128.0,191.18867924528303,63.188679245283026,63.188679245283026,3992.809184763262,LABORAL,5,False
freeze_20260610_192142,baselines_full_20260718,historical_average_route_day_type_slot,1,30,5,2024-12-22 08:00:00,2024-12-22 08:30:00,1,48.0,53.75757575757576,5.757575757575758,5.757575757575758,33.149678604224064,DOMINGO,8,False
freeze_20260610_192142,baselines_full_20260718,historical_average_route_day_type_slot,1,30,5,2024-12-23 17:30:00,2024-12-23 18:00:00,1,51.0,28.90625,-22.09375,22.09375,488.1337890625,LABORAL,18,False
freeze_20260610_192142,baselines_full_20260718,historical_average_route_day_type_slot,1,30,6,2024-12-24 17:30:00,2024-12-24 18:00:00,1,,30.62162162162162,,,,LABORAL,18,True
freeze_20260610_192142,baselines_full_20260718,historical_average_route_day_type_slot,1,30,6,2024-12-25 12:30:00,2024-12-25 13:00:00,1,48.0,42.75,-5.25,5.25,27.5625,FESTIVO,13,False
freeze_20260610_192142,baselines_full_20260718,historical_average_route_day_type_slot,1,30,6,2024-12-25 15:00:00,2024-12-25 15:30:00,1,,39.333333333333336,,,,FESTIVO,15,True
freeze_20260610_192142,baselines_full_20260718,historical_average_route_day_type_slot,1,30,6,2024-12-26 04:00:00,2024-12-26 04:30:00,1,103.0,207.91071428571428,104.91071428571428,104.91071428571428,11006.257971938774,LABORAL,4,False
freeze_20260610_192142,baselines_full_20260718,historical_average_route_day_type_slot,1,30,6,2024-12-26 15:30:00,2024-12-26 16:00:00,1,149.0,204.2662721893491,55.26627218934911,55.26627218934911,3054.360841707223,LABORAL,16,False
freeze_20260610_192142,baselines_full_20260718,historical_average_route_day_type_slot,1,30,6,2024-12-29 13:30:00,2024-12-29 14:00:00,1,64.0,35.516129032258064,-28.483870967741936,28.483870967741936,811.3309053069719,DOMINGO,14,False
freeze_20260610_192142,baselines_full_20260718,historical_average_route_day_type_slot,1,30,6,2024-12-31 17:30:00,2024-12-31 18:00:00,1,,30.62162162162162,,,,LABORAL,18,True
freeze_20260610_192142,baselines_full_20260718,historical_average_route_day_type_slot,1,30,6,2025-01-01 15:00:00,2025-01-01 15:30:00,1,,39.333333333333336,,,,FESTIVO,15,True
freeze_20260610_192142,baselines_full_20260718,historical_average_route_day_type_slot,1,30,6,2025-01-02 04:30:00,2025-01-02 05:00:00,1,45.0,188.11242603550295,143.11242603550295,143.11242603550295,20481.166485767302,LABORAL,5,False
freeze_20260610_192142,baselines_full_20260718,historical_average_route_day_type_slot,1,30,6,2025-01-04 13:00:00,2025-01-04 13:30:00,1,93.0,116.37142857142857,23.371428571428567,23.371428571428567,546.2236734693876,SABADO,13,False
freeze_20260610_192142,baselines_full_20260718,historical_average_route_day_type_slot,1,30,6,2025-01-04 13:30:00,2025-01-04 14:00:00,1,62.0,106.08823529411765,44.08823529411765,44.08823529411765,1943.7724913494815,SABADO,14,False
freeze_20260610_192142,baselines_full_20260718,historical_average_route_day_type_slot,1,30,6,2025-01-06 06:00:00,2025-01-06 06:30:00,1,34.0,38.8,4.799999999999997,4.799999999999997,23.039999999999974,FESTIVO_PUENTE,6,False
freeze_20260610_192142,baselines_full_20260718,historical_average_route_day_type_slot,1,30,6,2025-01-06 12:30:00,2025-01-06 13:00:00,1,,51.333333333333336,,,,FESTIVO_PUENTE,13,True
freeze_20260610_192142,baselines_full_20260718,historical_average_route_day_type_slot,1,30,7,2025-01-07 09:00:00,2025-01-07 09:30:00,1,114.0,146.24858757062148,32.24858757062148,32.24858757062148,1039.9714003000422,LABORAL,9,False
freeze_20260610_192142,baselines_full_20260718,historical_average_route_day_type_slot,1,30,7,2025-01-07 14:30:00,2025-01-07 15:00:00,1,212.0,224.3409090909091,12.340909090909093,12.340909090909093,152.2980371900827,LABORAL,15,False
freeze_20260610_192142,baselines_full_20260718,historical_average_route_day_type_slot,1,30,7,2025-01-10 04:00:00,2025-01-10 04:30:00,1,134.0,203.61142857142858,69.61142857142858,69.61142857142858,4845.750987755103,LABORAL,4,False
freeze_20260610_192142,baselines_full_20260718,historical_average_route_day_type_slot,1,30,7,2025-01-11 06:30:00,2025-01-11 07:00:00,1,206.0,149.6216216216216,-56.378378378378386,56.378378378378386,3178.5215485756034,SABADO,7,False
freeze_20260610_192142,baselines_full_20260718,historical_average_route_day_type_slot,1,30,7,2025-01-11 10:30:00,2025-01-11 11:00:00,1,97.0,126.94594594594595,29.94594594594595,29.94594594594595,896.7596785975168,SABADO,11,False
freeze_20260610_192142,baselines_full_20260718,historical_average_route_day_type_slot,1,30,7,2025-01-11 12:30:00,2025-01-11 13:00:00,1,,114.55555555555556,,,,SABADO,13,True
freeze_20260610_192142,baselines_full_20260718,historical_average_route_day_type_slot,1,30,7,2025-01-12 04:30:00,2025-01-12 05:00:00,1,,28.833333333333332,,,,DOMINGO,5,True
freeze_20260610_192142,baselines_full_20260718,historical_average_route_day_type_slot,1,30,7,2025-01-13 13:00:00,2025-01-13 13:30:00,1,220.0,180.0677966101695,-39.932203389830505,39.932203389830505,1594.5808675667909,LABORAL,13,False
freeze_20260610_192142,baselines_full_20260718,historical_average_route_day_type_slot,1,30,7,2025-01-13 15:30:00,2025-01-13 16:00:00,1,185.0,200.375,15.375,15.375,236.390625,LABORAL,16,False
freeze_20260610_192142,baselines_full_20260718,historical_average_route_day_type_slot,1,30,7,2025-01-15 14:30:00,2025-01-15 15:00:00,1,250.0,224.3409090909091,-25.659090909090907,25.659090909090907,658.3889462809916,LABORAL,15,False
freeze_20260610_192142,baselines_full_20260718,historical_average_route_day_type_slot,1,30,7,2025-01-16 05:30:00,2025-01-16 06:00:00,1,168.0,211.73295454545453,43.73295454545453,43.73295454545453,1912.5713132747921,LABORAL,6,False
freeze_20260610_192142,baselines_full_20260718,historical_average_route_day_type_slot,1,30,7,2025-01-16 15:00:00,2025-01-16 15:30:00,1,143.0,222.75141242937852,79.75141242937852,79.75141242937852,6360.287784480831,LABORAL,15,False
freeze_20260610_192142,baselines_full_20260718,historical_average_route_day_type_slot,1,30,7,2025-01-18 05:00:00,2025-01-18 05:30:00,1,72.0,128.67567567567568,56.67567567567568,56.67567567567568,3212.1322132943756,SABADO,5,False
freeze_20260610_192142,baselines_full_20260718,historical_average_route_day_type_slot,1,30,7,2025-01-20 07:00:00,2025-01-20 07:30:00,1,198.0,177.66477272727272,-20.33522727272728,20.33522727272728,413.5214682334714,LABORAL,7,False
freeze_20260610_192142,baselines_full_20260718,historical_average_route_day_type_slot,1,30,7,2025-01-20 13:30:00,2025-01-20 14:00:00,1,206.0,188.80225988700565,-17.197740112994353,17.197740112994353,295.762264994095,LABORAL,14,False
freeze_20260610_192142,baselines_full_20260718,historical_average_route_day_type_slot,1,30,8,2025-01-22 05:30:00,2025-01-22 06:00:00,1,195.0,209.22043010752688,14.22043010752688,14.22043010752688,202.22063244305696,LABORAL,6,False
freeze_20260610_192142,baselines_full_20260718,historical_average_route_day_type_slot,1,30,8,2025-01-25 16:30:00,2025-01-25 17:00:00,1,53.0,52.391304347826086,-0.608695652173914,0.608695652173914,0.3705103969754265,SABADO,17,False
freeze_20260610_192142,baselines_full_20260718,historical_average_route_day_type_slot,1,30,8,2025-01-27 07:30:00,2025-01-27 08:00:00,1,194.0,168.33155080213905,-25.66844919786095,25.66844919786095,658.8692842231685,LABORAL,8,False
freeze_20260610_192142,baselines_full_20260718,historical_average_route_day_type_slot,1,30,8,2025-01-30 12:00:00,2025-01-30 12:30:00,1,136.0,176.3903743315508,40.39037433155079,40.39037433155079,1631.3823386427969,LABORAL,12,False
freeze_20260610_192142,baselines_full_20260718,historical_average_route_day_type_slot,1,30,8,2025-01-30 14:00:00,2025-01-30 14:30:00,1,157.0,190.54010695187165,33.54010695187165,33.54010695187165,1124.938774342989,LABORAL,14,False
freeze_20260610_192142,baselines_full_20260718,historical_average_route_day_type_slot,1,30,8,2025-01-30 16:00:00,2025-01-30 16:30:00,1,128.0,150.0268817204301,22.02688172043011,22.02688172043011,485.18351832581817,LABORAL,16,False
freeze_20260610_192142,baselines_full_20260718,historical_average_route_day_type_slot,1,30,8,2025-01-31 07:30:00,2025-01-31 08:00:00,1,209.0,168.33155080213905,-40.66844919786095,40.66844919786095,1653.922760158997,LABORAL,8,False
freeze_20260610_192142,baselines_full_20260718,historical_average_route_day_type_slot,1,30,8,2025-01-31 08:30:00,2025-01-31 09:00:00,1,135.0,161.44385026737967,26.443850267379673,26.443850267379673,699.2772169635961,LABORAL,9,False
freeze_20260610_192142,baselines_full_20260718,historical_average_route_day_type_slot,1,30,8,2025-01-31 11:30:00,2025-01-31 12:00:00,1,166.0,142.3279569892473,-23.672043010752702,23.672043010752702,560.3656203029259,LABORAL,12,False
freeze_20260610_192142,baselines_full_20260718,historical_average_route_day_type_slot,1,30,8,2025-01-31 14:00:00,2025-01-31 14:30:00,1,69.0,190.54010695187165,121.54010695187165,121.54010695187165,14771.9975978724,LABORAL,14,False
freeze_20260610_192142,baselines_full_20260718,historical_average_route_day_type_slot,1,30,8,2025-02-02 15:30:00,2025-02-02 16:00:00,1,7.0,46.56,39.56,39.56,1564.9936000000002,DOMINGO,16,False
freeze_20260610_192142,baselines_full_20260718,historical_average_route_day_type_slot,1,30,8,2025-02-03 07:30:00,2025-02-03 08:00:00,1,154.0,168.33155080213905,14.331550802139049,14.331550802139049,205.39334839429242,LABORAL,8,False
freeze_20260610_192142,baselines_full_20260718,historical_average_route_day_type_slot,1,30,9,2025-02-04 04:30:00,2025-02-04 05:00:00,1,195.0,179.45408163265307,-15.545918367346928,15.545918367346928,241.6755778842146,LABORAL,5,False
freeze_20260610_192142,baselines_full_20260718,historical_average_route_day_type_slot,1,30,9,2025-02-04 13:00:00,2025-02-04 13:30:00,1,130.0,177.38071065989848,47.38071065989848,47.38071065989848,2244.9317426370176,LABORAL,13,False
freeze_20260610_192142,baselines_full_20260718,historical_average_route_day_type_slot,1,30,9,2025-02-06 07:30:00,2025-02-06 08:00:00,1,147.0,167.72081218274113,20.720812182741128,20.720812182741128,429.35205751243313,LABORAL,8,False
freeze_20260610_192142,baselines_full_20260718,historical_average_route_day_type_slot,1,30,9,2025-02-09 11:30:00,2025-02-09 12:00:00,1,27.0,42.875,15.875,15.875,252.015625,DOMINGO,12,False
freeze_20260610_192142,baselines_full_20260718,historical_average_route_day_type_slot,1,30,9,2025-02-10 11:00:00,2025-02-10 11:30:00,1,78.0,128.01015228426397,50.01015228426397,50.01015228426397,2501.0153314952727,LABORAL,11,False
freeze_20260610_192142,baselines_full_20260718,historical_average_route_day_type_slot,1,30,9,2025-02-11 05:00:00,2025-02-11 05:30:00,1,233.0,210.5,-22.5,22.5,506.25,LABORAL,5,False
freeze_20260610_192142,baselines_full_20260718,historical_average_route_day_type_slot,1,30,9,2025-02-13 11:00:00,2025-02-13 11:30:00,1,101.0,128.01015228426397,27.010152284263967,27.010152284263967,729.54832641913,LABORAL,11,False
freeze_20260610_192142,baselines_full_20260718,historical_average_route_day_type_slot,1,30,9,2025-02-14 17:00:00,2025-02-14 17:30:00,1,102.0,51.66242038216561,-50.33757961783439,50.33757961783439,2533.8719217818166,LABORAL,17,False
freeze_20260610_192142,baselines_full_20260718,historical_average_route_day_type_slot,1,30,9,2025-02-15 05:00:00,2025-02-15 05:30:00,1,121.0,126.60975609756098,5.609756097560975,5.609756097560975,31.46936347412254,SABADO,5,False
freeze_20260610_192142,baselines_full_20260718,historical_average_route_day_type_slot,1,30,10,2025-02-19 12:00:00,2025-02-19 12:30:00,1,48.0,174.29951690821255,126.29951690821255,126.29951690821255,15951.567971247869,LABORAL,12,False
freeze_20260610_192142,baselines_full_20260718,historical_average_route_day_type_slot,1,30,10,2025-02-20 09:00:00,2025-02-20 09:30:00,1,148.0,145.20289855072463,-2.797101449275374,2.797101449275374,7.823776517538397,LABORAL,9,False
freeze_20260610_192142,baselines_full_20260718,historical_average_route_day_type_slot,1,30,10,2025-02-20 16:30:00,2025-02-20 17:00:00,1,121.0,93.64,-27.36,27.36,748.5695999999999,LABORAL,17,False
freeze_20260610_192142,baselines_full_20260718,historical_average_route_day_type_slot,1,30,10,2025-02-21 09:30:00,2025-02-21 10:00:00,1,124.0,136.80676328502415,12.806763285024147,12.806763285024147,164.01318583864247,LABORAL,10,False
freeze_20260610_192142,baselines_full_20260718,historical_average_route_day_type_slot,1,30,10,2025-02-24 15:30:00,2025-02-24 16:00:00,1,268.0,196.60679611650485,-71.39320388349515,71.39320388349515,5096.989560750307,LABORAL,16,False
freeze_20260610_192142,baselines_full_20260718,historical_average_route_day_type_slot,1,30,10,2025-02-25 11:00:00,2025-02-25 11:30:00,1,97.0,127.19806763285024,30.19806763285024,30.19806763285024,911.9232887581973,LABORAL,11,False
freeze_20260610_192142,baselines_full_20260718,historical_average_route_day_type_slot,1,30,10,2025-02-26 09:30:00,2025-02-26 10:00:00,1,154.0,136.80676328502415,-17.193236714975853,17.193236714975853,295.6073887371937,LABORAL,10,False
freeze_20260610_192142,baselines_full_20260718,historical_average_route_day_type_slot,1,30,10,2025-02-26 16:00:00,2025-02-26 16:30:00,1,165.0,150.29126213592232,-14.708737864077676,14.708737864077676,216.3469695541523,LABORAL,16,False
freeze_20260610_192142,baselines_full_20260718,historical_average_route_day_type_slot,1,30,10,2025-02-27 14:00:00,2025-02-27 14:30:00,1,223.0,187.29468599033817,-35.70531400966183,35.70531400966183,1274.8694485285537,LABORAL,14,False
freeze_20260610_192142,baselines_full_20260718,historical_average_route_day_type_slot,1,30,10,2025-02-28 05:30:00,2025-02-28 06:00:00,1,149.0,204.88834951456312,55.88834951456312,55.88834951456312,3123.5076114619674,LABORAL,6,False
freeze_20260610_192142,baselines_full_20260718,historical_average_route_day_type_slot,1,30,10,2025-03-01 06:00:00,2025-03-01 06:30:00,1,90.0,146.51162790697674,56.51162790697674,56.51162790697674,3193.5640886965925,SABADO,6,False
freeze_20260610_192142,baselines_full_20260718,historical_average_route_day_type_slot,1,30,10,2025-03-02 08:00:00,2025-03-02 08:30:00,1,34.0,51.5,17.5,17.5,306.25,DOMINGO,8,False
freeze_20260610_192142,baselines_full_20260718,historical_average_route_day_type_slot,1,30,10,2025-03-03 06:30:00,2025-03-03 07:00:00,1,182.0,150.8390243902439,-31.160975609756093,31.160975609756093,971.0064009518142,LABORAL,7,False
freeze_20260610_192142,baselines_full_20260718,historical_average_route_day_type_slot,1,30,10,2025-03-03 15:30:00,2025-03-03 16:00:00,1,203.0,196.60679611650485,-6.393203883495147,6.393203883495147,40.873055895937426,LABORAL,16,False
freeze_20260610_192142,baselines_full_20260718,historical_average_route_day_type_slot,1,30,10,2025-03-03 16:30:00,2025-03-03 17:00:00,1,126.0,93.64,-32.36,32.36,1047.1696,LABORAL,17,False
freeze_20260610_192142,baselines_full_20260718,historical_average_route_day_type_slot,1,30,11,2025-03-05 17:30:00,2025-03-05 18:00:00,1,23.0,29.625,6.625,6.625,43.890625,LABORAL,18,False
freeze_20260610_192142,baselines_full_20260718,historical_average_route_day_type_slot,1,30,11,2025-03-06 08:00:00,2025-03-06 08:30:00,1,143.0,164.47685185185185,21.476851851851848,21.476851851851848,461.25516546639216,LABORAL,8,False
freeze_20260610_192142,baselines_full_20260718,historical_average_route_day_type_slot,1,30,11,2025-03-07 14:30:00,2025-03-07 15:00:00,1,184.0,216.21759259259258,32.21759259259258,32.21759259259258,1037.9732724622763,LABORAL,15,False
freeze_20260610_192142,baselines_full_20260718,historical_average_route_day_type_slot,1,30,11,2025-03-08 08:00:00,2025-03-08 08:30:00,1,115.0,121.35555555555555,6.355555555555554,6.355555555555554,40.39308641975307,SABADO,8,False
freeze_20260610_192142,baselines_full_20260718,historical_average_route_day_type_slot,1,30,11,2025-03-09 09:00:00,2025-03-09 09:30:00,1,22.0,42.94871794871795,20.94871794871795,20.94871794871795,438.84878369493754,DOMINGO,9,False
freeze_20260610_192142,baselines_full_20260718,historical_average_route_day_type_slot,1,30,11,2025-03-09 12:00:00,2025-03-09 12:30:00,1,31.0,45.97435897435897,14.974358974358971,14.974358974358971,224.23142669296504,DOMINGO,12,False
freeze_20260610_192142,baselines_full_20260718,historical_average_route_day_type_slot,1,30,11,2025-03-09 16:30:00,2025-03-09 17:00:00,1,,30.88888888888889,,,,DOMINGO,17,True
freeze_20260610_192142,baselines_full_20260718,historical_average_route_day_type_slot,1,30,11,2025-03-11 04:30:00,2025-03-11 05:00:00,1,191.0,176.9814814814815,-14.018518518518505,14.018518518518505,196.51886145404626,LABORAL,5,False
freeze_20260610_192142,baselines_full_20260718,historical_average_route_day_type_slot,1,30,11,2025-03-13 11:00:00,2025-03-13 11:30:00,1,114.0,126.55760368663594,12.557603686635943,12.557603686635943,157.69341035061262,LABORAL,11,False
freeze_20260610_192142,baselines_full_20260718,historical_average_route_day_type_slot,1,30,11,2025-03-13 17:00:00,2025-03-13 17:30:00,1,80.0,51.429378531073446,-28.570621468926554,28.570621468926554,816.280411120687,LABORAL,17,False
freeze_20260610_192142,baselines_full_20260718,historical_average_route_day_type_slot,1,30,11,2025-03-14 10:00:00,2025-03-14 10:30:00,1,124.0,126.47222222222223,2.4722222222222285,2.4722222222222285,6.111882716049414,LABORAL,10,False
freeze_20260610_192142,baselines_full_20260718,historical_average_route_day_type_slot,1,30,11,2025-03-16 05:00:00,2025-03-16 05:30:00,1,,41.25,,,,DOMINGO,5,True
freeze_20260610_192142,baselines_full_20260718,historical_average_route_day_type_slot,1,30,11,2025-03-17 14:30:00,2025-03-17 15:00:00,1,234.0,216.21759259259258,-17.78240740740742,17.78240740740742,316.2140132030182,LABORAL,15,False
freeze_20260610_192142,baselines_full_20260718,historical_average_route_day_type_slot,1,30,12,2025-03-18 13:00:00,2025-03-18 13:30:00,1,137.0,173.352422907489,36.352422907489,36.352422907489,1321.4986512449311,LABORAL,13,False
freeze_20260610_192142,baselines_full_20260718,historical_average_route_day_type_slot,1,30,12,2025-03-19 07:30:00,2025-03-19 08:00:00,1,101.0,165.29515418502203,64.29515418502203,64.29515418502203,4133.866851675755,LABORAL,8,False
freeze_20260610_192142,baselines_full_20260718,historical_average_route_day_type_slot,1,30,12,2025-03-19 16:00:00,2025-03-19 16:30:00,1,190.0,150.00884955752213,-39.991150442477874,39.991150442477874,1599.2921137128983,LABORAL,16,False
freeze_20260610_192142,baselines_full_20260718,historical_average_route_day_type_slot,1,30,12,2025-03-20 05:30:00,2025-03-20 06:00:00,1,181.0,201.7566371681416,20.756637168141594,20.756637168141594,430.8379865298771,LABORAL,6,False
freeze_20260610_192142,baselines_full_20260718,historical_average_route_day_type_slot,1,30,12,2025-03-21 08:00:00,2025-03-21 08:30:00,1,55.0,163.76888888888888,108.76888888888888,108.76888888888888,11830.671190123456,LABORAL,8,False
freeze_20260610_192142,baselines_full_20260718,historical_average_route_day_type_slot,1,30,12,2025-03-21 12:00:00,2025-03-21 12:30:00,1,185.0,172.1013215859031,-12.898678414096906,12.898678414096906,166.37590483028947,LABORAL,12,False
freeze_20260610_192142,baselines_full_20260718,historical_average_route_day_type_slot,1,30,12,2025-03-21 13:30:00,2025-03-21 14:00:00,1,211.0,182.75770925110132,-28.242290748898682,28.242290748898682,797.626986745328,LABORAL,14,False
freeze_20260610_192142,baselines_full_20260718,historical_average_route_day_type_slot,1,30,12,2025-03-23 07:00:00,2025-03-23 07:30:00,1,19.0,46.52272727272727,27.522727272727273,27.522727272727273,757.5005165289257,DOMINGO,7,False
freeze_20260610_192142,baselines_full_20260718,historical_average_route_day_type_slot,1,30,12,2025-03-24 05:30:00,2025-03-24 06:00:00,1,,36.57142857142857,,,,FESTIVO_PUENTE,6,True
freeze_20260610_192142,baselines_full_20260718,historical_average_route_day_type_slot,1,30,12,2025-03-24 06:30:00,2025-03-24 07:00:00,1,20.0,40.333333333333336,20.333333333333336,20.333333333333336,413.4444444444445,FESTIVO_PUENTE,7,False
freeze_20260610_192142,baselines_full_20260718,historical_average_route_day_type_slot,1,30,12,2025-03-24 07:30:00,2025-03-24 08:00:00,1,36.0,35.0,-1.0,1.0,1.0,FESTIVO_PUENTE,8,False
freeze_20260610_192142,baselines_full_20260718,historical_average_route_day_type_slot,1,30,12,2025-03-25 09:30:00,2025-03-25 10:00:00,1,155.0,136.1013215859031,-18.898678414096906,18.898678414096906,357.16004579945235,LABORAL,10,False
freeze_20260610_192142,baselines_full_20260718,historical_average_route_day_type_slot,1,30,12,2025-03-27 13:00:00,2025-03-27 13:30:00,1,147.0,173.352422907489,26.352422907489,26.352422907489,694.450193095151,LABORAL,13,False
freeze_20260610_192142,baselines_full_20260718,historical_average_route_day_type_slot,1,30,12,2025-03-28 14:30:00,2025-03-28 15:00:00,1,258.0,214.73451327433628,-43.26548672566372,43.26548672566372,1871.9023416085836,LABORAL,15,False
freeze_20260610_192142,baselines_full_20260718,historical_average_route_day_type_slot,1,30,13,2025-04-01 14:00:00,2025-04-01 14:30:00,1,161.0,184.76271186440678,23.762711864406782,23.762711864406782,564.6664751508189,LABORAL,14,False
freeze_20260610_192142,baselines_full_20260718,historical_average_route_day_type_slot,1,30,13,2025-04-02 04:00:00,2025-04-02 04:30:00,1,167.0,192.3803418803419,25.380341880341888,25.380341880341888,644.1617539630364,LABORAL,4,False
freeze_20260610_192142,baselines_full_20260718,historical_average_route_day_type_slot,1,30,13,2025-04-03 10:30:00,2025-04-03 11:00:00,1,125.0,115.57264957264957,-9.427350427350433,9.427350427350433,88.87493608006439,LABORAL,11,False
freeze_20260610_192142,baselines_full_20260718,historical_average_route_day_type_slot,1,30,13,2025-04-05 04:30:00,2025-04-05 05:00:00,1,93.0,100.42857142857143,7.428571428571431,7.428571428571431,55.183673469387784,SABADO,5,False
freeze_20260610_192142,baselines_full_20260718,historical_average_route_day_type_slot,1,30,13,2025-04-05 12:30:00,2025-04-05 13:00:00,1,73.0,110.26086956521739,37.26086956521739,37.26086956521739,1388.3724007561436,SABADO,13,False
freeze_20260610_192142,baselines_full_20260718,historical_average_route_day_type_slot,1,30,13,2025-04-07 09:30:00,2025-04-07 10:00:00,1,151.0,135.40254237288136,-15.597457627118644,15.597457627118644,243.28068442976155,LABORAL,10,False
freeze_20260610_192142,baselines_full_20260718,historical_average_route_day_type_slot,1,30,13,2025-04-07 12:00:00,2025-04-07 12:30:00,1,113.0,171.75423728813558,58.754237288135585,58.754237288135585,3452.060399310542,LABORAL,12,False
freeze_20260610_192142,baselines_full_20260718,historical_average_route_day_type_slot,1,30,13,2025-04-07 13:30:00,2025-04-07 14:00:00,1,163.0,182.36016949152543,19.360169491525426,19.360169491525426,374.81616274059184,LABORAL,14,False
freeze_20260610_192142,baselines_full_20260718,historical_average_route_day_type_slot,1,30,13,2025-04-07 14:00:00,2025-04-07 14:30:00,1,153.0,184.76271186440678,31.762711864406782,31.762711864406782,1008.8698649813274,LABORAL,14,False
freeze_20260610_192142,baselines_full_20260718,historical_average_route_day_type_slot,1,30,13,2025-04-10 05:30:00,2025-04-10 06:00:00,1,138.0,201.15744680851063,63.15744680851063,63.15744680851063,3988.8630873698494,LABORAL,6,False
freeze_20260610_192142,baselines_full_20260718,historical_average_route_day_type_slot,1,30,13,2025-04-12 04:30:00,2025-04-12 05:00:00,1,40.0,100.42857142857143,60.42857142857143,60.42857142857143,3651.6122448979595,SABADO,5,False
freeze_20260610_192142,baselines_full_20260718,historical_average_route_day_type_slot,1,30,13,2025-04-12 07:00:00,2025-04-12 07:30:00,1,122.0,137.85714285714286,15.857142857142861,15.857142857142861,251.44897959183686,SABADO,7,False
freeze_20260610_192142,baselines_full_20260718,historical_average_route_day_type_slot,1,30,13,2025-04-13 08:00:00,2025-04-13 08:30:00,1,80.0,49.291666666666664,-30.708333333333336,30.708333333333336,943.0017361111113,DOMINGO,8,False
freeze_20260610_192142,baselines_full_20260718,historical_average_route_day_type_slot,1,30,13,2025-04-13 10:00:00,2025-04-13 10:30:00,1,41.0,44.28888888888889,3.2888888888888914,3.2888888888888914,10.816790123456807,DOMINGO,10,False
freeze_20260610_192142,baselines_full_20260718,historical_average_route_day_type_slot,1,30,13,2025-04-13 13:30:00,2025-04-13 14:00:00,1,,37.53488372093023,,,,DOMINGO,14,True
freeze_20260610_192142,baselines_full_20260718,historical_average_route_day_type_slot,1,30,13,2025-04-14 15:30:00,2025-04-14 16:00:00,1,167.0,197.10638297872342,30.106382978723417,30.106382978723417,906.394296061567,LABORAL,16,False
freeze_20260610_192142,baselines_full_20260718,historical_average_route_day_type_slot,1,30,14,2025-04-15 11:30:00,2025-04-15 12:00:00,1,53.0,140.19591836734693,87.19591836734693,87.19591836734693,7603.12817992503,LABORAL,12,False
freeze_20260610_192142,baselines_full_20260718,historical_average_route_day_type_slot,1,30,14,2025-04-20 15:30:00,2025-04-20 16:00:00,1,27.0,41.970588235294116,14.970588235294116,14.970588235294116,224.11851211072658,DOMINGO,16,False
freeze_20260610_192142,baselines_full_20260718,historical_average_route_day_type_slot,1,30,14,2025-04-20 16:30:00,2025-04-20 17:00:00,1,,30.272727272727273,,,,DOMINGO,17,True
freeze_20260610_192142,baselines_full_20260718,historical_average_route_day_type_slot,1,30,14,2025-04-21 04:30:00,2025-04-21 05:00:00,1,162.0,173.83265306122448,11.832653061224477,11.832653061224477,140.011678467305,LABORAL,5,False
freeze_20260610_192142,baselines_full_20260718,historical_average_route_day_type_slot,1,30,14,2025-04-23 04:00:00,2025-04-23 04:30:00,1,183.0,191.39344262295083,8.393442622950829,8.393442622950829,70.44987906476769,LABORAL,4,False
freeze_20260610_192142,baselines_full_20260718,historical_average_route_day_type_slot,1,30,14,2025-04-24 10:00:00,2025-04-24 10:30:00,1,98.0,125.58775510204082,27.587755102040816,27.587755102040816,761.0842315701791,LABORAL,10,False
freeze_20260610_192142,baselines_full_20260718,historical_average_route_day_type_slot,1,30,14,2025-04-24 11:30:00,2025-04-24 12:00:00,1,127.0,140.19591836734693,13.195918367346934,13.195918367346934,174.13226155768416,LABORAL,12,False
freeze_20260610_192142,baselines_full_20260718,historical_average_route_day_type_slot,1,30,14,2025-04-25 17:30:00,2025-04-25 18:00:00,1,,28.307692307692307,,,,LABORAL,18,True
freeze_20260610_192142,baselines_full_20260718,historical_average_route_day_type_slot,1,30,14,2025-04-27 11:30:00,2025-04-27 12:00:00,1,,41.3,,,,DOMINGO,12,True
freeze_20260610_192142,baselines_full_20260718,historical_average_route_day_type_slot,1,30,14,2025-04-28 04:00:00,2025-04-28 04:30:00,1,175.0,191.39344262295083,16.39344262295083,16.39344262295083,268.74496103198095,LABORAL,4,False
freeze_20260610_192142,baselines_full_20260718,historical_average_route_day_type_slot,1,30,15,2025-05-01 08:00:00,2025-05-01 08:30:00,1,40.0,53.333333333333336,13.333333333333336,13.333333333333336,177.77777777777783,FESTIVO,8,False
freeze_20260610_192142,baselines_full_20260718,historical_average_route_day_type_slot,1,30,15,2025-05-01 14:00:00,2025-05-01 14:30:00,1,,39.4,,,,FESTIVO,14,True
freeze_20260610_192142,baselines_full_20260718,historical_average_route_day_type_slot,1,30,15,2025-05-02 06:00:00,2025-05-02 06:30:00,1,208.0,153.8015873015873,-54.19841269841271,54.19841269841271,2937.467939027464,LABORAL,6,False
freeze_20260610_192142,baselines_full_20260718,historical_average_route_day_type_slot,1,30,15,2025-05-03 05:30:00,2025-05-03 06:00:00,1,93.0,148.0566037735849,55.0566037735849,55.0566037735849,3031.2296190815227,SABADO,6,False
freeze_20260610_192142,baselines_full_20260718,historical_average_route_day_type_slot,1,30,15,2025-05-04 12:30:00,2025-05-04 13:00:00,1,41.0,40.46341463414634,-0.5365853658536608,0.5365853658536608,0.287923854848307,DOMINGO,13,False
freeze_20260610_192142,baselines_full_20260718,historical_average_route_day_type_slot,1,30,15,2025-05-04 14:30:00,2025-05-04 15:00:00,1,,36.142857142857146,,,,DOMINGO,15,True
freeze_20260610_192142,baselines_full_20260718,historical_average_route_day_type_slot,1,30,15,2025-05-08 10:30:00,2025-05-08 11:00:00,1,71.0,114.98412698412699,43.98412698412699,43.98412698412699,1934.6034265558078,LABORAL,11,False
freeze_20260610_192142,baselines_full_20260718,historical_average_route_day_type_slot,1,30,15,2025-05-10 10:30:00,2025-05-10 11:00:00,1,106.0,125.90566037735849,19.905660377358487,19.905660377358487,396.2353150587396,SABADO,11,False
freeze_20260610_192142,baselines_full_20260718,historical_average_route_day_type_slot,1,30,15,2025-05-10 13:30:00,2025-05-10 14:00:00,1,94.0,93.94,-0.060000000000002274,0.060000000000002274,0.0036000000000002727,SABADO,14,False
freeze_20260610_192142,baselines_full_20260718,historical_average_route_day_type_slot,1,30,15,2025-05-11 16:30:00,2025-05-11 17:00:00,1,,30.272727272727273,,,,DOMINGO,17,True
freeze_20260610_192142,baselines_full_20260718,historical_average_route_day_type_slot,1,30,15,2025-05-12 16:30:00,2025-05-12 17:00:00,1,126.0,95.38866396761134,-30.611336032388664,30.611336032388664,937.0538936878165,LABORAL,17,False
freeze_20260610_192142,baselines_full_20260718,historical_average_route_day_type_slot,1,30,16,2025-05-13 12:00:00,2025-05-13 12:30:00,1,148.0,168.98859315589354,20.98859315589354,20.98859315589354,440.52104266362113,LABORAL,12,False
freeze_20260610_192142,baselines_full_20260718,historical_average_route_day_type_slot,1,30,16,2025-05-14 05:30:00,2025-05-14 06:00:00,1,225.0,197.05343511450383,-27.946564885496173,27.946564885496173,781.0104888992477,LABORAL,6,False
freeze_20260610_192142,baselines_full_20260718,historical_average_route_day_type_slot,1,30,16,2025-05-14 06:00:00,2025-05-14 06:30:00,1,126.0,153.73946360153258,27.739463601532577,27.739463601532577,769.4778409007507,LABORAL,6,False
freeze_20260610_192142,baselines_full_20260718,historical_average_route_day_type_slot,1,30,16,2025-05-15 11:30:00,2025-05-15 12:00:00,1,115.0,137.7709923664122,22.7709923664122,22.7709923664122,518.5180933512028,LABORAL,12,False
freeze_20260610_192142,baselines_full_20260718,historical_average_route_day_type_slot,1,30,16,2025-05-17 04:30:00,2025-05-17 05:00:00,1,34.0,95.38181818181818,61.381818181818176,61.381818181818176,3767.727603305784,SABADO,5,False
freeze_20260610_192142,baselines_full_20260718,historical_average_route_day_type_slot,1,30,16,2025-05-17 11:00:00,2025-05-17 11:30:00,1,103.0,110.58181818181818,7.5818181818181785,7.5818181818181785,57.48396694214871,SABADO,11,False
freeze_20260610_192142,baselines_full_20260718,historical_average_route_day_type_slot,1,30,16,2025-05-19 13:30:00,2025-05-19 14:00:00,1,185.0,181.7832699619772,-3.2167300380228028,3.2167300380228028,10.347352137518183,LABORAL,14,False
freeze_20260610_192142,baselines_full_20260718,historical_average_route_day_type_slot,1,30,16,2025-05-20 06:00:00,2025-05-20 06:30:00,1,139.0,153.73946360153258,14.739463601532577,14.739463601532577,217.25178726090368,LABORAL,6,False
freeze_20260610_192142,baselines_full_20260718,historical_average_route_day_type_slot,1,30,16,2025-05-22 04:30:00,2025-05-22 05:00:00,1,101.0,171.40458015267177,70.40458015267177,70.40458015267177,4956.8049064739835,LABORAL,5,False
freeze_20260610_192142,baselines_full_20260718,historical_average_route_day_type_slot,1,30,16,2025-05-23 05:00:00,2025-05-23 05:30:00,1,147.0,198.86259541984734,51.86259541984734,51.86259541984734,2689.72880368277,LABORAL,5,False
freeze_20260610_192142,baselines_full_20260718,historical_average_route_day_type_slot,1,30,16,2025-05-23 06:00:00,2025-05-23 06:30:00,1,125.0,153.73946360153258,28.739463601532577,28.739463601532577,825.9567681038159,LABORAL,6,False
freeze_20260610_192142,baselines_full_20260718,historical_average_route_day_type_slot,1,30,16,2025-05-23 16:00:00,2025-05-23 16:30:00,1,141.0,150.0381679389313,9.03816793893131,9.03816793893131,81.68847969232583,LABORAL,16,False
freeze_20260610_192142,baselines_full_20260718,historical_average_route_day_type_slot,1,30,16,2025-05-25 06:00:00,2025-05-25 06:30:00,1,38.0,40.361111111111114,2.3611111111111143,2.3611111111111143,5.574845679012361,DOMINGO,6,False
freeze_20260610_192142,baselines_full_20260718,historical_average_route_day_type_slot,1,30,17,2025-05-27 15:00:00,2025-05-27 15:30:00,1,209.0,210.07692307692307,1.076923076923066,1.076923076923066,1.1597633136094438,LABORAL,15,False
freeze_20260610_192142,baselines_full_20260718,historical_average_route_day_type_slot,1,30,17,2025-05-29 11:00:00,2025-05-29 11:30:00,1,104.0,124.39194139194139,20.391941391941387,20.391941391941387,415.83127373237244,LABORAL,11,False
freeze_20260610_192142,baselines_full_20260718,historical_average_route_day_type_slot,1,30,17,2025-05-29 13:00:00,2025-05-29 13:30:00,1,116.0,171.8168498168498,55.81684981684981,55.81684981684981,3115.5207234767668,LABORAL,13,False
freeze_20260610_192142,baselines_full_20260718,historical_average_route_day_type_slot,1,30,17,2025-05-30 06:00:00,2025-05-30 06:30:00,1,169.0,153.28413284132841,-15.715867158671585,15.715867158671585,246.98848054901208,LABORAL,6,False
freeze_20260610_192142,baselines_full_20260718,historical_average_route_day_type_slot,1,30,17,2025-06-01 15:00:00,2025-06-01 15:30:00,1,39.0,38.30952380952381,-0.6904761904761898,0.6904761904761898,0.47675736961451154,DOMINGO,15,False
freeze_20260610_192142,baselines_full_20260718,historical_average_route_day_type_slot,1,30,17,2025-06-02 11:30:00,2025-06-02 12:00:00,1,15.0,44.0,29.0,29.0,841.0,FESTIVO_PUENTE,12,False
freeze_20260610_192142,baselines_full_20260718,historical_average_route_day_type_slot,1,30,17,2025-06-03 06:00:00,2025-06-03 06:30:00,1,127.0,153.28413284132841,26.284132841328415,26.284132841328415,690.855639220599,LABORAL,6,False
freeze_20260610_192142,baselines_full_20260718,historical_average_route_day_type_slot,1,30,17,2025-06-04 04:00:00,2025-06-04 04:30:00,1,138.0,188.97785977859778,50.977859778597775,50.977859778597775,2598.742187606377,LABORAL,4,False
freeze_20260610_192142,baselines_full_20260718,historical_average_route_day_type_slot,1,30,17,2025-06-04 09:00:00,2025-06-04 09:30:00,1,100.0,144.0879120879121,44.08791208791209,44.08791208791209,1943.7439922714648,LABORAL,9,False
freeze_20260610_192142,baselines_full_20260718,historical_average_route_day_type_slot,1,30,17,2025-06-05 09:30:00,2025-06-05 10:00:00,1,184.0,132.71062271062272,-51.289377289377285,51.289377289377285,2630.6002227320905,LABORAL,10,False
freeze_20260610_192142,baselines_full_20260718,historical_average_route_day_type_slot,1,30,17,2025-06-05 17:00:00,2025-06-05 17:30:00,1,62.0,50.12608695652174,-11.873913043478261,11.873913043478261,140.98981096408318,LABORAL,17,False
freeze_20260610_192142,baselines_full_20260718,historical_average_route_day_type_slot,1,30,17,2025-06-07 06:00:00,2025-06-07 06:30:00,1,150.0,142.98245614035088,-7.017543859649123,7.017543859649123,49.24592182209911,SABADO,6,False
freeze_20260610_192142,baselines_full_20260718,historical_average_route_day_type_slot,1,30,17,2025-06-09 07:30:00,2025-06-09 08:00:00,1,116.0,162.06227106227107,46.062271062271066,46.062271062271066,2121.7328154141346,LABORAL,8,False
freeze_20260610_192142,baselines_full_20260718,historical_average_route_day_type_slot,1,30,18,2025-06-12 06:00:00,2025-06-12 06:30:00,1,126.0,152.89285714285714,26.89285714285714,26.89285714285714,723.2257653061222,LABORAL,6,False
freeze_20260610_192142,baselines_full_20260718,historical_average_route_day_type_slot,1,30,18,2025-06-13 04:30:00,2025-06-13 05:00:00,1,155.0,168.84341637010675,13.843416370106752,13.843416370106752,191.6401767961396,LABORAL,5,False
freeze_20260610_192142,baselines_full_20260718,historical_average_route_day_type_slot,1,30,18,2025-06-13 17:30:00,2025-06-13 18:00:00,1,,26.285714285714285,,,,LABORAL,18,True
freeze_20260610_192142,baselines_full_20260718,historical_average_route_day_type_slot,1,30,18,2025-06-17 06:00:00,2025-06-17 06:30:00,1,137.0,152.89285714285714,15.892857142857139,15.892857142857139,252.5829081632652,LABORAL,6,False
freeze_20260610_192142,baselines_full_20260718,historical_average_route_day_type_slot,1,30,18,2025-06-17 14:30:00,2025-06-17 15:00:00,1,264.0,208.9252669039146,-55.074733096085396,55.074733096085396,3033.226225605044,LABORAL,15,False
freeze_20260610_192142,baselines_full_20260718,historical_average_route_day_type_slot,1,30,18,2025-06-19 06:30:00,2025-06-19 07:00:00,1,154.0,149.01785714285714,-4.982142857142861,4.982142857142861,24.821747448979632,LABORAL,7,False
freeze_20260610_192142,baselines_full_20260718,historical_average_route_day_type_slot,1,30,18,2025-06-22 06:30:00,2025-06-22 07:00:00,1,,40.23255813953488,,,,DOMINGO,7,True
freeze_20260610_192142,baselines_full_20260718,historical_average_route_day_type_slot,1,30,19,2025-06-25 17:00:00,2025-06-25 17:30:00,1,30.0,49.84552845528455,19.84552845528455,19.84552845528455,393.8449996695088,LABORAL,17,False
freeze_20260610_192142,baselines_full_20260718,historical_average_route_day_type_slot,1,30,19,2025-06-26 08:30:00,2025-06-26 09:00:00,1,145.0,153.2,8.199999999999989,8.199999999999989,67.23999999999981,LABORAL,9,False
freeze_20260610_192142,baselines_full_20260718,historical_average_route_day_type_slot,1,30,19,2025-06-26 10:00:00,2025-06-26 10:30:00,1,65.0,122.77586206896552,57.77586206896552,57.77586206896552,3338.050237812129,LABORAL,10,False
freeze_20260610_192142,baselines_full_20260718,historical_average_route_day_type_slot,1,30,19,2025-06-26 17:30:00,2025-06-26 18:00:00,1,,26.0625,,,,LABORAL,18,True
freeze_20260610_192142,baselines_full_20260718,historical_average_route_day_type_slot,1,30,19,2025-06-27 10:30:00,2025-06-27 11:00:00,1,135.0,113.05190311418686,-21.948096885813143,21.948096885813143,481.7189569090406,LABORAL,11,False
freeze_20260610_192142,baselines_full_20260718,historical_average_route_day_type_slot,1,30,19,2025-06-27 14:30:00,2025-06-27 15:00:00,1,280.0,208.45172413793102,-71.54827586206898,71.54827586206898,5119.155778834722,LABORAL,15,False
freeze_20260610_192142,baselines_full_20260718,historical_average_route_day_type_slot,1,30,19,2025-06-28 05:00:00,2025-06-28 05:30:00,1,131.0,116.80327868852459,-14.196721311475414,14.196721311475414,201.54689599570023,SABADO,5,False
freeze_20260610_192142,baselines_full_20260718,historical_average_route_day_type_slot,1,30,19,2025-06-28 17:00:00,2025-06-28 17:30:00,1,,36.125,,,,SABADO,17,True
freeze_20260610_192142,baselines_full_20260718,historical_average_route_day_type_slot,1,30,19,2025-06-30 15:30:00,2025-06-30 16:00:00,1,24.0,46.6,22.6,22.6,510.76000000000005,FESTIVO_PUENTE,16,False
freeze_20260610_192142,baselines_full_20260718,historical_average_route_day_type_slot,1,30,19,2025-07-01 05:00:00,2025-07-01 05:30:00,1,177.0,195.2344827586207,18.234482758620686,18.234482758620686,332.49636147443505,LABORAL,5,False
freeze_20260610_192142,baselines_full_20260718,historical_average_route_day_type_slot,1,30,19,2025-07-02 16:00:00,2025-07-02 16:30:00,1,215.0,148.98620689655172,-66.01379310344828,66.01379310344828,4357.820879904875,LABORAL,16,False
freeze_20260610_192142,baselines_full_20260718,historical_average_route_day_type_slot,1,30,19,2025-07-04 16:30:00,2025-07-04 17:00:00,1,107.0,95.17605633802818,-11.823943661971825,11.823943661971825,139.80564372148368,LABORAL,17,False
freeze_20260610_192142,baselines_full_20260718,historical_average_route_day_type_slot,1,30,19,2025-07-06 07:00:00,2025-07-06 07:30:00,1,24.0,44.642857142857146,20.642857142857146,20.642857142857146,426.1275510204083,DOMINGO,7,False
freeze_20260610_192142,baselines_full_20260718,historical_average_route_day_type_slot,1,30,19,2025-07-06 13:30:00,2025-07-06 14:00:00,1,42.0,35.95918367346939,-6.04081632653061,6.04081632653061,36.491461890878774,DOMINGO,14,False
freeze_20260610_192142,baselines_full_20260718,historical_average_route_day_type_slot,1,30,20,2025-07-08 17:30:00,2025-07-08 18:00:00,1,27.0,25.951219512195124,-1.0487804878048763,1.0487804878048763,1.0999405116002343,LABORAL,18,False
freeze_20260610_192142,baselines_full_20260718,historical_average_route_day_type_slot,1,30,20,2025-07-09 12:00:00,2025-07-09 12:30:00,1,160.0,166.20066889632108,6.200668896321076,6.200668896321076,38.44829476180364,LABORAL,12,False
freeze_20260610_192142,baselines_full_20260718,historical_average_route_day_type_slot,1,30,20,2025-07-10 08:00:00,2025-07-10 08:30:00,1,73.0,160.63087248322148,87.63087248322148,87.63087248322148,7679.169812170624,LABORAL,8,False
freeze_20260610_192142,baselines_full_20260718,historical_average_route_day_type_slot,1,30,20,2025-07-11 06:30:00,2025-07-11 07:00:00,1,63.0,148.8724832214765,85.8724832214765,85.8724832214765,7374.083374622763,LABORAL,7,False
freeze_20260610_192142,baselines_full_20260718,historical_average_route_day_type_slot,1,30,20,2025-07-11 11:00:00,2025-07-11 11:30:00,1,143.0,122.03,-20.97,20.97,439.74089999999995,LABORAL,11,False
freeze_20260610_192142,baselines_full_20260718,historical_average_route_day_type_slot,1,30,20,2025-07-12 13:30:00,2025-07-12 14:00:00,1,31.0,89.6,58.599999999999994,58.599999999999994,3433.959999999999,SABADO,14,False
freeze_20260610_192142,baselines_full_20260718,historical_average_route_day_type_slot,1,30,20,2025-07-12 16:30:00,2025-07-12 17:00:00,1,,49.0,,,,SABADO,17,True
freeze_20260610_192142,baselines_full_20260718,historical_average_route_day_type_slot,1,30,20,2025-07-13 15:00:00,2025-07-13 15:30:00,1,33.0,38.13333333333333,5.133333333333333,5.133333333333333,26.351111111111106,DOMINGO,15,False
freeze_20260610_192142,baselines_full_20260718,historical_average_route_day_type_slot,1,30,20,2025-07-16 05:30:00,2025-07-16 06:00:00,1,103.0,192.83946488294313,89.83946488294313,89.83946488294313,8071.129450453573,LABORAL,6,False
freeze_20260610_192142,baselines_full_20260718,historical_average_route_day_type_slot,1,30,20,2025-07-16 13:00:00,2025-07-16 13:30:00,1,181.0,170.33333333333334,-10.666666666666657,10.666666666666657,113.77777777777757,LABORAL,13,False
freeze_20260610_192142,baselines_full_20260718,historical_average_route_day_type_slot,1,30,20,2025-07-17 15:00:00,2025-07-17 15:30:00,1,210.0,208.29666666666665,-1.7033333333333474,1.7033333333333474,2.9013444444444922,LABORAL,15,False
freeze_20260610_192142,baselines_full_20260718,historical_average_route_day_type_slot,1,30,20,2025-07-18 10:00:00,2025-07-18 10:30:00,1,91.0,121.50836120401338,30.508361204013383,30.508361204013383,930.760103354549,LABORAL,10,False
freeze_20260610_192142,baselines_full_20260718,historical_average_route_day_type_slot,1,30,20,2025-07-19 06:00:00,2025-07-19 06:30:00,1,102.0,141.5079365079365,39.507936507936506,39.507936507936506,1560.8770471151422,SABADO,6,False
freeze_20260610_192142,baselines_full_20260718,historical_average_route_day_type_slot,1,30,20,2025-07-20 08:00:00,2025-07-20 08:30:00,1,29.0,51.42857142857143,22.42857142857143,22.42857142857143,503.0408163265307,FESTIVO,8,False
freeze_20260610_192142,baselines_full_20260718,historical_average_route_day_type_slot,1,30,20,2025-07-21 13:00:00,2025-07-21 13:30:00,1,182.0,170.33333333333334,-11.666666666666657,11.666666666666657,136.1111111111109,LABORAL,13,False
freeze_20260610_192142,baselines_full_20260718,historical_average_route_day_type_slot,1,30,20,2025-07-21 15:00:00,2025-07-21 15:30:00,1,275.0,208.29666666666665,-66.70333333333335,66.70333333333335,4449.33467777778,LABORAL,15,False
freeze_20260610_192142,baselines_full_20260718,historical_average_route_day_type_slot,1,30,21,2025-07-23 04:30:00,2025-07-23 05:00:00,1,137.0,165.26860841423948,28.26860841423948,28.26860841423948,799.1142216776111,LABORAL,5,False
freeze_20260610_192142,baselines_full_20260718,historical_average_route_day_type_slot,1,30,21,2025-07-24 11:30:00,2025-07-24 12:00:00,1,113.0,133.6925566343042,20.692556634304196,20.692556634304196,428.1819000638866,LABORAL,12,False
freeze_20260610_192142,baselines_full_20260718,historical_average_route_day_type_slot,1,30,21,2025-07-26 07:00:00,2025-07-26 07:30:00,1,131.0,132.6,1.5999999999999943,1.5999999999999943,2.559999999999982,SABADO,7,False
freeze_20260610_192142,baselines_full_20260718,historical_average_route_day_type_slot,1,30,21,2025-07-27 15:30:00,2025-07-27 16:00:00,1,32.0,41.225,9.225000000000001,9.225000000000001,85.10062500000002,DOMINGO,16,False
freeze_20260610_192142,baselines_full_20260718,historical_average_route_day_type_slot,1,30,21,2025-07-28 10:00:00,2025-07-28 10:30:00,1,26.0,120.6537216828479,94.6537216828479,94.6537216828479,8959.32702841403,LABORAL,10,False
freeze_20260610_192142,baselines_full_20260718,historical_average_route_day_type_slot,1,30,21,2025-07-29 04:00:00,2025-07-29 04:30:00,1,131.0,182.5909090909091,51.59090909090909,51.59090909090909,2661.6219008264466,LABORAL,4,False
freeze_20260610_192142,baselines_full_20260718,historical_average_route_day_type_slot,1,30,22,2025-08-06 15:30:00,2025-08-06 16:00:00,1,113.0,187.45454545454547,74.45454545454547,74.45454545454547,5543.479338842977,LABORAL,16,False
freeze_20260610_192142,baselines_full_20260718,historical_average_route_day_type_slot,1,30,22,2025-08-06 16:00:00,2025-08-06 16:30:00,1,182.0,147.1473354231975,-34.85266457680251,34.85266457680251,1214.7082281031046,LABORAL,16,False
freeze_20260610_192142,baselines_full_20260718,historical_average_route_day_type_slot,1,30,22,2025-08-07 06:30:00,2025-08-07 07:00:00,1,53.0,43.125,-9.875,9.875,97.515625,FESTIVO,7,False
freeze_20260610_192142,baselines_full_20260718,historical_average_route_day_type_slot,1,30,22,2025-08-07 08:30:00,2025-08-07 09:00:00,1,31.0,52.5,21.5,21.5,462.25,FESTIVO,9,False
freeze_20260610_192142,baselines_full_20260718,historical_average_route_day_type_slot,1,30,22,2025-08-07 11:30:00,2025-08-07 12:00:00,1,31.0,43.25,12.25,12.25,150.0625,FESTIVO,12,False
freeze_20260610_192142,baselines_full_20260718,historical_average_route_day_type_slot,1,30,22,2025-08-08 14:00:00,2025-08-08 14:30:00,1,256.0,179.34375,-76.65625,76.65625,5876.1806640625,LABORAL,14,False
freeze_20260610_192142,baselines_full_20260718,historical_average_route_day_type_slot,1,30,22,2025-08-09 14:30:00,2025-08-09 15:00:00,1,78.0,91.92424242424242,13.924242424242422,13.924242424242422,193.8845270890725,SABADO,15,False
freeze_20260610_192142,baselines_full_20260718,historical_average_route_day_type_slot,1,30,22,2025-08-10 11:30:00,2025-08-10 12:00:00,1,35.0,40.76923076923077,5.7692307692307665,5.7692307692307665,33.28402366863902,DOMINGO,12,False
freeze_20260610_192142,baselines_full_20260718,historical_average_route_day_type_slot,1,30,22,2025-08-11 07:00:00,2025-08-11 07:30:00,1,93.0,165.01880877742946,72.01880877742946,72.01880877742946,5186.70881771995,LABORAL,7,False
freeze_20260610_192142,baselines_full_20260718,historical_average_route_day_type_slot,1,30,22,2025-08-11 16:00:00,2025-08-11 16:30:00,1,126.0,147.1473354231975,21.14733542319749,21.14733542319749,447.20979550122337,LABORAL,16,False
freeze_20260610_192142,baselines_full_20260718,historical_average_route_day_type_slot,1,30,22,2025-08-12 11:00:00,2025-08-12 11:30:00,1,99.0,120.328125,21.328125,21.328125,454.888916015625,LABORAL,11,False
freeze_20260610_192142,baselines_full_20260718,historical_average_route_day_type_slot,1,30,22,2025-08-12 11:30:00,2025-08-12 12:00:00,1,97.0,132.4858934169279,35.485893416927894,35.485893416927894,1259.2486315975664,LABORAL,12,False
freeze_20260610_192142,baselines_full_20260718,historical_average_route_day_type_slot,1,30,22,2025-08-14 05:00:00,2025-08-14 05:30:00,1,121.0,190.67084639498432,69.67084639498432,69.67084639498432,4854.0268373935005,LABORAL,5,False
freeze_20260610_192142,baselines_full_20260718,historical_average_route_day_type_slot,1,30,22,2025-08-15 13:00:00,2025-08-15 13:30:00,1,120.0,169.571875,49.571875000000006,49.571875000000006,2457.3707910156254,LABORAL,13,False
freeze_20260610_192142,baselines_full_20260718,historical_average_route_day_type_slot,1,30,22,2025-08-16 13:30:00,2025-08-16 14:00:00,1,107.0,87.80952380952381,-19.19047619047619,19.19047619047619,368.27437641723355,SABADO,14,False
freeze_20260610_192142,baselines_full_20260718,historical_average_route_day_type_slot,1,30,22,2025-08-17 14:00:00,2025-08-17 14:30:00,1,34.0,37.81132075471698,3.8113207547169807,3.8113207547169807,14.526165895336415,DOMINGO,14,False
freeze_20260610_192142,baselines_full_20260718,historical_average_route_day_type_slot,1,30,22,2025-08-17 15:30:00,2025-08-17 16:00:00,1,51.0,41.0,-10.0,10.0,100.0,DOMINGO,16,False
freeze_20260610_192142,baselines_full_20260718,historical_average_route_day_type_slot,1,30,22,2025-08-17 16:30:00,2025-08-17 17:00:00,1,,30.583333333333332,,,,DOMINGO,17,True
freeze_20260610_192142,baselines_full_20260718,historical_average_route_day_type_slot,1,30,22,2025-08-18 07:00:00,2025-08-18 07:30:00,1,46.0,36.61538461538461,-9.384615384615387,9.384615384615387,88.07100591715981,FESTIVO_PUENTE,7,False
freeze_20260610_192142,baselines_full_20260718,historical_average_route_day_type_slot,1,30,23,2025-08-19 07:30:00,2025-08-19 08:00:00,1,118.0,158.97560975609755,40.975609756097555,40.975609756097555,1679.000594883997,LABORAL,8,False
freeze_20260610_192142,baselines_full_20260718,historical_average_route_day_type_slot,1,30,23,2025-08-19 17:30:00,2025-08-19 18:00:00,1,21.0,26.03448275862069,5.03448275862069,5.03448275862069,25.346016646848998,LABORAL,18,False
freeze_20260610_192142,baselines_full_20260718,historical_average_route_day_type_slot,1,30,23,2025-08-20 09:00:00,2025-08-20 09:30:00,1,121.0,139.91158536585365,18.911585365853654,18.911585365853654,357.64806104997007,LABORAL,9,False
freeze_20260610_192142,baselines_full_20260718,historical_average_route_day_type_slot,1,30,23,2025-08-21 08:30:00,2025-08-21 09:00:00,1,108.0,150.3822629969419,42.382262996941904,42.382262996941904,1796.256216741951,LABORAL,9,False
freeze_20260610_192142,baselines_full_20260718,historical_average_route_day_type_slot,1,30,23,2025-08-21 12:00:00,2025-08-21 12:30:00,1,133.0,164.07339449541286,31.073394495412856,31.073394495412856,965.555845467554,LABORAL,12,False
freeze_20260610_192142,baselines_full_20260718,historical_average_route_day_type_slot,1,30,23,2025-08-22 11:00:00,2025-08-22 11:30:00,1,88.0,120.02134146341463,32.02134146341463,32.02134146341463,1025.366309116597,LABORAL,11,False
freeze_20260610_192142,baselines_full_20260718,historical_average_route_day_type_slot,1,30,23,2025-08-22 12:30:00,2025-08-22 13:00:00,1,139.0,162.6158536585366,23.615853658536594,23.615853658536594,557.7085440214162,LABORAL,13,False
freeze_20260610_192142,baselines_full_20260718,historical_average_route_day_type_slot,1,30,23,2025-08-23 09:00:00,2025-08-23 09:30:00,1,127.0,119.25,-7.75,7.75,60.0625,SABADO,9,False
freeze_20260610_192142,baselines_full_20260718,historical_average_route_day_type_slot,1,30,23,2025-08-26 13:30:00,2025-08-26 14:00:00,1,156.0,175.16158536585365,19.161585365853654,19.161585365853654,367.1663537328969,LABORAL,14,False
freeze_20260610_192142,baselines_full_20260718,historical_average_route_day_type_slot,1,30,23,2025-08-27 06:30:00,2025-08-27 07:00:00,1,84.0,147.50306748466258,63.50306748466258,63.50306748466258,4032.63957996161,LABORAL,7,False
freeze_20260610_192142,baselines_full_20260718,historical_average_route_day_type_slot,1,30,23,2025-08-27 14:00:00,2025-08-27 14:30:00,1,176.0,179.0731707317073,3.0731707317073074,3.0731707317073074,9.444378346222427,LABORAL,14,False
freeze_20260610_192142,baselines_full_20260718,historical_average_route_day_type_slot,1,30,23,2025-08-29 12:00:00,2025-08-29 12:30:00,1,147.0,164.07339449541286,17.073394495412856,17.073394495412856,291.500799595994,LABORAL,12,False
freeze_20260610_192142,baselines_full_20260718,historical_average_route_day_type_slot,1,30,23,2025-08-30 10:30:00,2025-08-30 11:00:00,1,114.0,121.6376811594203,7.637681159420296,7.637681159420296,58.334173492963764,SABADO,11,False
freeze_20260610_192142,baselines_full_20260718,historical_average_route_day_type_slot,1,30,23,2025-08-31 14:00:00,2025-08-31 14:30:00,1,65.0,38.69090909090909,-26.309090909090912,26.309090909090912,692.16826446281,DOMINGO,14,False
freeze_20260610_192142,baselines_full_20260718,historical_average_route_day_type_slot,1,30,23,2025-09-01 04:00:00,2025-09-01 04:30:00,1,94.0,179.36503067484662,85.36503067484662,85.36503067484662,7287.188462117505,LABORAL,4,False
freeze_20260610_192142,baselines_full_20260718,historical_average_route_day_type_slot,1,30,23,2025-09-01 06:00:00,2025-09-01 06:30:00,1,129.0,149.69846153846154,20.698461538461544,20.698461538461544,428.42631005917184,LABORAL,6,False
freeze_20260610_192142,baselines_full_20260718,historical_average_route_day_type_slot,1,30,23,2025-09-01 09:00:00,2025-09-01 09:30:00,1,139.0,139.91158536585365,0.9115853658536537,0.9115853658536537,0.8309878792385397,LABORAL,9,False
freeze_20260610_192142,baselines_full_20260718,historical_average_route_day_type_slot,1,30,24,2025-09-03 07:00:00,2025-09-03 07:30:00,1,143.0,162.94362017804156,19.943620178041556,19.943620178041556,397.7479858059863,LABORAL,7,False
freeze_20260610_192142,baselines_full_20260718,historical_average_route_day_type_slot,1,30,24,2025-09-03 13:00:00,2025-09-03 13:30:00,1,93.0,168.36094674556213,75.36094674556213,75.36094674556213,5679.272294387451,LABORAL,13,False
freeze_20260610_192142,baselines_full_20260718,historical_average_route_day_type_slot,1,30,24,2025-09-08 06:00:00,2025-09-08 06:30:00,1,111.0,149.29850746268656,38.29850746268656,38.29850746268656,1466.775673869458,LABORAL,6,False
freeze_20260610_192142,baselines_full_20260718,historical_average_route_day_type_slot,1,30,24,2025-09-09 08:00:00,2025-09-09 08:30:00,1,128.0,157.92261904761904,29.922619047619037,29.922619047619037,895.3631306689335,LABORAL,8,False
freeze_20260610_192142,baselines_full_20260718,historical_average_route_day_type_slot,1,30,24,2025-09-09 14:30:00,2025-09-09 15:00:00,1,194.0,206.08011869436203,12.080118694362028,12.080118694362028,145.92926766987495,LABORAL,15,False
freeze_20260610_192142,baselines_full_20260718,historical_average_route_day_type_slot,1,30,24,2025-09-10 06:30:00,2025-09-10 07:00:00,1,188.0,147.19345238095238,-40.80654761904762,40.80654761904762,1665.174328585601,LABORAL,7,False
freeze_20260610_192142,baselines_full_20260718,historical_average_route_day_type_slot,1,30,24,2025-09-11 05:00:00,2025-09-11 05:30:00,1,163.0,188.31157270029672,25.311572700296722,25.311572700296722,640.6757125624063,LABORAL,5,False
freeze_20260610_192142,baselines_full_20260718,historical_average_route_day_type_slot,1,30,24,2025-09-11 06:00:00,2025-09-11 06:30:00,1,92.0,149.29850746268656,57.29850746268656,57.29850746268656,3283.1189574515474,LABORAL,6,False
freeze_20260610_192142,baselines_full_20260718,historical_average_route_day_type_slot,1,30,24,2025-09-11 15:00:00,2025-09-11 15:30:00,1,215.0,205.7396449704142,-9.26035502958581,9.26035502958581,85.7541752739752,LABORAL,15,False
freeze_20260610_192142,baselines_full_20260718,historical_average_route_day_type_slot,1,30,24,2025-09-11 15:30:00,2025-09-11 16:00:00,1,190.0,186.88724035608308,-3.1127596439169167,3.1127596439169167,9.68927260079777,LABORAL,16,False
freeze_20260610_192142,baselines_full_20260718,historical_average_route_day_type_slot,1,30,24,2025-09-12 05:30:00,2025-09-12 06:00:00,1,137.0,187.4807121661721,50.48071216617211,50.48071216617211,2548.302300803917,LABORAL,6,False
freeze_20260610_192142,baselines_full_20260718,historical_average_route_day_type_slot,1,30,24,2025-09-13 12:00:00,2025-09-13 12:30:00,1,158.0,116.38028169014085,-41.61971830985915,41.61971830985915,1732.2009521920252,SABADO,12,False
freeze_20260610_192142,baselines_full_20260718,historical_average_route_day_type_slot,1,30,24,2025-09-15 09:00:00,2025-09-15 09:30:00,1,107.0,139.4171597633136,32.417159763313606,32.417159763313606,1050.8722471201986,LABORAL,9,False
freeze_20260610_192142,baselines_full_20260718,historical_average_route_day_type_slot,1,30,24,2025-09-15 11:00:00,2025-09-15 11:30:00,1,70.0,120.01183431952663,50.01183431952663,50.01183431952663,2501.1835720037816,LABORAL,11,False
freeze_20260610_192142,baselines_full_20260718,historical_average_route_day_type_slot,1,30,24,2025-09-15 15:30:00,2025-09-15 16:00:00,1,84.0,186.88724035608308,102.88724035608308,102.88724035608308,10585.784228090411,LABORAL,16,False
freeze_20260610_192142,baselines_full_20260718,historical_average_route_day_type_slot,1,30,25,2025-09-17 15:00:00,2025-09-17 15:30:00,1,176.0,205.19827586206895,29.198275862068954,29.198275862068954,852.5393133174786,LABORAL,15,False
freeze_20260610_192142,baselines_full_20260718,historical_average_route_day_type_slot,1,30,25,2025-09-18 05:30:00,2025-09-18 06:00:00,1,195.0,186.43515850144092,-8.564841498559076,8.564841498559076,73.35650989543969,LABORAL,6,False
freeze_20260610_192142,baselines_full_20260718,historical_average_route_day_type_slot,1,30,25,2025-09-18 17:30:00,2025-09-18 18:00:00,1,,25.61111111111111,,,,LABORAL,18,True
freeze_20260610_192142,baselines_full_20260718,historical_average_route_day_type_slot,1,30,25,2025-09-19 04:30:00,2025-09-19 05:00:00,1,92.0,161.56484149855908,69.56484149855908,69.56484149855908,4839.267172719647,LABORAL,5,False
freeze_20260610_192142,baselines_full_20260718,historical_average_route_day_type_slot,1,30,25,2025-09-19 10:00:00,2025-09-19 10:30:00,1,112.0,117.59365994236312,5.593659942363118,5.593659942363118,31.28903155079776,LABORAL,10,False
freeze_20260610_192142,baselines_full_20260718,historical_average_route_day_type_slot,1,30,25,2025-09-19 11:30:00,2025-09-19 12:00:00,1,161.0,131.2449567723343,-29.75504322766571,29.75504322766571,885.362597480255,LABORAL,12,False
freeze_20260610_192142,baselines_full_20260718,historical_average_route_day_type_slot,1,30,25,2025-09-19 13:00:00,2025-09-19 13:30:00,1,139.0,167.58333333333334,28.583333333333343,28.583333333333343,817.006944444445,LABORAL,13,False
freeze_20260610_192142,baselines_full_20260718,historical_average_route_day_type_slot,1,30,25,2025-09-19 14:00:00,2025-09-19 14:30:00,1,212.0,178.84195402298852,-33.15804597701148,33.15804597701148,1099.4560130136074,LABORAL,14,False
freeze_20260610_192142,baselines_full_20260718,historical_average_route_day_type_slot,1,30,25,2025-09-20 08:00:00,2025-09-20 08:30:00,1,120.0,113.6027397260274,-6.397260273972606,6.397260273972606,40.92493901294806,SABADO,8,False
freeze_20260610_192142,baselines_full_20260718,historical_average_route_day_type_slot,1,30,25,2025-09-20 15:30:00,2025-09-20 16:00:00,1,33.0,72.12857142857143,39.12857142857143,39.12857142857143,1531.0451020408168,SABADO,16,False
freeze_20260610_192142,baselines_full_20260718,historical_average_route_day_type_slot,1,30,25,2025-09-21 13:00:00,2025-09-21 13:30:00,1,29.0,39.490566037735846,10.490566037735846,10.490566037735846,110.05197579209677,DOMINGO,13,False
freeze_20260610_192142,baselines_full_20260718,historical_average_route_day_type_slot,1,30,25,2025-09-22 07:00:00,2025-09-22 07:30:00,1,261.0,162.11527377521614,-98.88472622478386,98.88472622478386,9778.189080550457,LABORAL,7,False
freeze_20260610_192142,baselines_full_20260718,historical_average_route_day_type_slot,1,30,25,2025-09-22 11:00:00,2025-09-22 11:30:00,1,195.0,119.61206896551724,-75.38793103448276,75.38793103448276,5683.3401456599295,LABORAL,11,False
freeze_20260610_192142,baselines_full_20260718,historical_average_route_day_type_slot,1,30,25,2025-09-23 05:00:00,2025-09-23 05:30:00,1,167.0,187.72334293948126,20.723342939481256,20.723342939481256,429.4569425873476,LABORAL,5,False
freeze_20260610_192142,baselines_full_20260718,historical_average_route_day_type_slot,1,30,25,2025-09-23 16:00:00,2025-09-23 16:30:00,1,148.0,146.69740634005763,-1.3025936599423744,1.3025936599423744,1.6967502429220702,LABORAL,16,False
freeze_20260610_192142,baselines_full_20260718,historical_average_route_day_type_slot,1,30,25,2025-09-24 04:30:00,2025-09-24 05:00:00,1,100.0,161.56484149855908,61.564841498559076,61.564841498559076,3790.229708742702,LABORAL,5,False
freeze_20260610_192142,baselines_full_20260718,historical_average_route_day_type_slot,1,30,25,2025-09-24 11:30:00,2025-09-24 12:00:00,1,101.0,131.2449567723343,30.24495677233429,30.24495677233429,914.7574101603699,LABORAL,12,False
freeze_20260610_192142,baselines_full_20260718,historical_average_route_day_type_slot,1,30,25,2025-09-26 06:30:00,2025-09-26 07:00:00,1,110.0,146.96242774566474,36.96242774566474,36.96242774566474,1366.2210648534867,LABORAL,7,False
freeze_20260610_192142,baselines_full_20260718,historical_average_route_day_type_slot,1,30,25,2025-09-27 13:00:00,2025-09-27 13:30:00,1,98.0,104.84507042253522,6.8450704225352155,6.8450704225352155,46.854989089466436,SABADO,13,False
freeze_20260610_192142,baselines_full_20260718,historical_average_route_day_type_slot,1,30,25,2025-09-28 06:00:00,2025-09-28 06:30:00,1,,39.13636363636363,,,,DOMINGO,6,True
freeze_20260610_192142,baselines_full_20260718,historical_average_route_day_type_slot,1,30,25,2025-09-28 07:00:00,2025-09-28 07:30:00,1,36.0,43.18181818181818,7.18181818181818,7.18181818181818,51.57851239669419,DOMINGO,7,False
freeze_20260610_192142,baselines_full_20260718,historical_average_route_day_type_slot,1,30,25,2025-09-28 10:30:00,2025-09-28 11:00:00,1,28.0,40.50819672131148,12.508196721311478,12.508196721311478,156.4549852190272,DOMINGO,11,False
freeze_20260610_192142,baselines_full_20260718,historical_average_route_day_type_slot,1,30,25,2025-09-29 12:30:00,2025-09-29 13:00:00,1,146.0,161.23850574712642,15.238505747126425,15.238505747126425,232.2120574052051,LABORAL,13,False
freeze_20260610_192142,baselines_full_20260718,historical_average_route_day_type_slot,1,30,26,2025-09-30 06:30:00,2025-09-30 07:00:00,1,132.0,146.14606741573033,14.146067415730329,14.146067415730329,200.11122333038733,LABORAL,7,False
freeze_20260610_192142,baselines_full_20260718,historical_average_route_day_type_slot,1,30,26,2025-09-30 07:00:00,2025-09-30 07:30:00,1,217.0,162.1204481792717,-54.879551820728295,54.879551820728295,3011.7652080440025,LABORAL,7,False
freeze_20260610_192142,baselines_full_20260718,historical_average_route_day_type_slot,1,30,26,2025-09-30 07:30:00,2025-09-30 08:00:00,1,113.0,157.15642458100558,44.15642458100558,44.15642458100558,1949.7898317780339,LABORAL,8,False
freeze_20260610_192142,baselines_full_20260718,historical_average_route_day_type_slot,1,30,26,2025-09-30 09:00:00,2025-09-30 09:30:00,1,126.0,138.62569832402235,12.625698324022352,12.625698324022352,159.40825816922083,LABORAL,9,False
freeze_20260610_192142,baselines_full_20260718,historical_average_route_day_type_slot,1,30,26,2025-09-30 16:00:00,2025-09-30 16:30:00,1,192.0,146.11764705882354,-45.882352941176464,45.882352941176464,2105.1903114186844,LABORAL,16,False
freeze_20260610_192142,baselines_full_20260718,historical_average_route_day_type_slot,1,30,26,2025-10-01 08:30:00,2025-10-01 09:00:00,1,138.0,150.47899159663865,12.47899159663865,12.47899159663865,155.72523126897804,LABORAL,9,False
freeze_20260610_192142,baselines_full_20260718,historical_average_route_day_type_slot,1,30,26,2025-10-03 04:30:00,2025-10-03 05:00:00,1,116.0,160.68627450980392,44.68627450980392,44.68627450980392,1996.8631295655518,LABORAL,5,False
freeze_20260610_192142,baselines_full_20260718,historical_average_route_day_type_slot,1,30,26,2025-10-03 16:30:00,2025-10-03 17:00:00,1,39.0,90.7094017094017,51.7094017094017,51.7094017094017,2673.8622251442757,LABORAL,17,False
freeze_20260610_192142,baselines_full_20260718,historical_average_route_day_type_slot,1,30,26,2025-10-04 12:30:00,2025-10-04 13:00:00,1,,102.22535211267606,,,,SABADO,13,True
freeze_20260610_192142,baselines_full_20260718,historical_average_route_day_type_slot,1,30,26,2025-10-04 17:00:00,2025-10-04 17:30:00,1,30.0,34.266666666666666,4.266666666666666,4.266666666666666,18.204444444444437,SABADO,17,False
freeze_20260610_192142,baselines_full_20260718,historical_average_route_day_type_slot,1,30,26,2025-10-05 10:30:00,2025-10-05 11:00:00,1,33.0,40.857142857142854,7.857142857142854,7.857142857142854,61.734693877550974,DOMINGO,11,False
freeze_20260610_192142,baselines_full_20260718,historical_average_route_day_type_slot,1,30,26,2025-10-08 04:00:00,2025-10-08 04:30:00,1,126.0,175.30337078651687,49.303370786516865,49.303370786516865,2430.8223709127647,LABORAL,4,False
freeze_20260610_192142,baselines_full_20260718,historical_average_route_day_type_slot,1,30,26,2025-10-09 15:30:00,2025-10-09 16:00:00,1,161.0,185.35854341736695,24.358543417366946,24.358543417366946,593.3386374157506,LABORAL,16,False
freeze_20260610_192142,baselines_full_20260718,historical_average_route_day_type_slot,1,30,26,2025-10-12 12:00:00,2025-10-12 12:30:00,1,27.0,44.38333333333333,17.383333333333333,17.383333333333333,302.18027777777775,DOMINGO,12,False
freeze_20260610_192142,baselines_full_20260718,historical_average_route_day_type_slot,1,30,26,2025-10-12 14:00:00,2025-10-12 14:30:00,1,21.0,38.813559322033896,17.813559322033896,17.813559322033896,317.3228957196207,DOMINGO,14,False
freeze_20260610_192142,baselines_full_20260718,historical_average_route_day_type_slot,1,30,26,2025-10-13 07:30:00,2025-10-13 08:00:00,1,25.0,33.0,8.0,8.0,64.0,FESTIVO_PUENTE,8,False
freeze_20260610_192142,baselines_full_20260718,historical_average_route_day_type_slot,1,30,27,2025-10-14 09:30:00,2025-10-14 10:00:00,1,68.0,126.65395095367847,58.653950953678475,58.653950953678475,3440.28596247652,LABORAL,10,False
freeze_20260610_192142,baselines_full_20260718,historical_average_route_day_type_slot,1,30,27,2025-10-15 08:30:00,2025-10-15 09:00:00,1,204.0,150.29781420765028,-53.702185792349724,53.702185792349724,2883.9247588760486,LABORAL,9,False
freeze_20260610_192142,baselines_full_20260718,historical_average_route_day_type_slot,1,30,27,2025-10-16 12:30:00,2025-10-16 13:00:00,1,142.0,160.79291553133515,18.792915531335154,18.792915531335154,353.17367416789807,LABORAL,13,False
freeze_20260610_192142,baselines_full_20260718,historical_average_route_day_type_slot,1,30,27,2025-10-16 15:30:00,2025-10-16 16:00:00,1,192.0,184.89071038251367,-7.109289617486326,7.109289617486326,50.541998865298865,LABORAL,16,False
freeze_20260610_192142,baselines_full_20260718,historical_average_route_day_type_slot,1,30,27,2025-10-17 07:00:00,2025-10-17 07:30:00,1,142.0,161.9262295081967,19.926229508196712,19.926229508196712,397.0546224133294,LABORAL,7,False
freeze_20260610_192142,baselines_full_20260718,historical_average_route_day_type_slot,1,30,27,2025-10-18 09:30:00,2025-10-18 10:00:00,1,130.0,120.13157894736842,-9.868421052631575,9.868421052631575,97.38573407202209,SABADO,10,False
freeze_20260610_192142,baselines_full_20260718,historical_average_route_day_type_slot,1,30,27,2025-10-18 14:00:00,2025-10-18 14:30:00,1,47.0,91.86842105263158,44.868421052631575,44.868421052631575,2013.1752077562323,SABADO,14,False
freeze_20260610_192142,baselines_full_20260718,historical_average_route_day_type_slot,1,30,27,2025-10-18 16:30:00,2025-10-18 17:00:00,1,29.0,47.55102040816327,18.551020408163268,18.551020408163268,344.1403581840901,SABADO,17,False
freeze_20260610_192142,baselines_full_20260718,historical_average_route_day_type_slot,1,30,27,2025-10-19 15:30:00,2025-10-19 16:00:00,1,26.0,39.680851063829785,13.680851063829785,13.680851063829785,187.16568583069255,DOMINGO,16,False
freeze_20260610_192142,baselines_full_20260718,historical_average_route_day_type_slot,1,30,27,2025-10-21 13:30:00,2025-10-21 14:00:00,1,199.0,173.4959128065395,-25.504087193460492,25.504087193460492,650.4584635716354,LABORAL,14,False
freeze_20260610_192142,baselines_full_20260718,historical_average_route_day_type_slot,1,30,27,2025-10-22 06:00:00,2025-10-22 06:30:00,1,97.0,148.76373626373626,51.76373626373626,51.76373626373626,2679.4843919816444,LABORAL,6,False
freeze_20260610_192142,baselines_full_20260718,historical_average_route_day_type_slot,1,30,27,2025-10-23 13:30:00,2025-10-23 14:00:00,1,131.0,173.4959128065395,42.49591280653951,42.49591280653951,1805.9026052610086,LABORAL,14,False
freeze_20260610_192142,baselines_full_20260718,historical_average_route_day_type_slot,1,30,27,2025-10-23 14:00:00,2025-10-23 14:30:00,1,158.0,178.6485013623978,20.64850136239781,20.64850136239781,426.36060851294417,LABORAL,14,False
freeze_20260610_192142,baselines_full_20260718,historical_average_route_day_type_slot,1,30,27,2025-10-24 05:00:00,2025-10-24 05:30:00,1,139.0,185.56284153005464,46.56284153005464,46.56284153005464,2168.0982113529813,LABORAL,5,False
freeze_20260610_192142,baselines_full_20260718,historical_average_route_day_type_slot,1,30,27,2025-10-25 13:00:00,2025-10-25 13:30:00,1,43.0,103.29333333333334,60.29333333333334,60.29333333333334,3635.286044444445,SABADO,13,False
freeze_20260610_192142,baselines_full_20260718,historical_average_route_day_type_slot,1,30,27,2025-10-26 16:00:00,2025-10-26 16:30:00,1,,35.73913043478261,,,,DOMINGO,16,True
freeze_20260610_192142,baselines_full_20260718,historical_average_route_day_type_slot,1,30,27,2025-10-27 04:00:00,2025-10-27 04:30:00,1,129.0,174.0082191780822,45.008219178082186,45.008219178082186,2025.739793582285,LABORAL,4,False
freeze_20260610_192142,baselines_full_20260718,historical_average_route_day_type_slot,1,30,27,2025-10-27 06:00:00,2025-10-27 06:30:00,1,91.0,148.76373626373626,57.76373626373626,57.76373626373626,3336.64922714648,LABORAL,6,False
freeze_20260610_192142,baselines_full_20260718,historical_average_route_day_type_slot,1,30,27,2025-10-27 10:00:00,2025-10-27 10:30:00,1,70.0,116.9207650273224,46.9207650273224,46.9207650273224,2201.558190749201,LABORAL,10,False
freeze_20260610_192142,baselines_full_20260718,historical_average_route_day_type_slot,1,30,27,2025-10-27 12:00:00,2025-10-27 12:30:00,1,102.0,160.9207650273224,58.9207650273224,58.9207650273224,3471.656551404939,LABORAL,12,False
freeze_20260610_192142,baselines_full_20260718,historical_average_route_day_type_slot,1,30,28,2025-10-29 06:00:00,2025-10-29 06:30:00,1,95.0,148.14705882352942,53.14705882352942,53.14705882352942,2824.6098615916962,LABORAL,6,False
freeze_20260610_192142,baselines_full_20260718,historical_average_route_day_type_slot,1,30,28,2025-10-30 05:00:00,2025-10-30 05:30:00,1,139.0,184.45744680851064,45.45744680851064,45.45744680851064,2066.379470348574,LABORAL,5,False
freeze_20260610_192142,baselines_full_20260718,historical_average_route_day_type_slot,1,30,28,2025-10-30 10:30:00,2025-10-30 11:00:00,1,73.0,108.592,35.592,35.592,1266.790464,LABORAL,11,False
freeze_20260610_192142,baselines_full_20260718,historical_average_route_day_type_slot,1,30,28,2025-11-02 06:00:00,2025-11-02 06:30:00,1,,39.1063829787234,,,,DOMINGO,6,True
freeze_20260610_192142,baselines_full_20260718,historical_average_route_day_type_slot,1,30,28,2025-11-03 09:30:00,2025-11-03 10:00:00,1,11.0,31.692307692307693,20.692307692307693,20.692307692307693,428.1715976331361,FESTIVO_PUENTE,10,False
freeze_20260610_192142,baselines_full_20260718,historical_average_route_day_type_slot,1,30,28,2025-11-03 12:00:00,2025-11-03 12:30:00,1,24.0,39.44444444444444,15.444444444444443,15.444444444444443,238.5308641975308,FESTIVO_PUENTE,12,False
freeze_20260610_192142,baselines_full_20260718,historical_average_route_day_type_slot,1,30,28,2025-11-03 14:30:00,2025-11-03 15:00:00,1,32.0,43.72727272727273,11.727272727272727,11.727272727272727,137.5289256198347,FESTIVO_PUENTE,15,False
freeze_20260610_192142,baselines_full_20260718,historical_average_route_day_type_slot,1,30,28,2025-11-09 12:00:00,2025-11-09 12:30:00,1,30.0,43.492063492063494,13.492063492063494,13.492063492063494,182.03577727387255,DOMINGO,12,False
freeze_20260610_192142,baselines_full_20260718,historical_average_route_day_type_slot,1,30,28,2025-11-09 13:30:00,2025-11-09 14:00:00,1,,34.78688524590164,,,,DOMINGO,14,True
freeze_20260610_192142,baselines_full_20260718,historical_average_route_day_type_slot,1,30,29,2025-11-11 09:30:00,2025-11-11 10:00:00,1,88.0,125.41450777202073,37.41450777202073,37.41450777202073,1399.8453918225994,LABORAL,10,False
freeze_20260610_192142,baselines_full_20260718,historical_average_route_day_type_slot,1,30,29,2025-11-11 12:30:00,2025-11-11 13:00:00,1,142.0,160.8523316062176,18.852331606217604,18.852331606217604,355.4104069907912,LABORAL,13,False
freeze_20260610_192142,baselines_full_20260718,historical_average_route_day_type_slot,1,30,29,2025-11-12 04:00:00,2025-11-12 04:30:00,1,132.0,172.27864583333334,40.27864583333334,40.27864583333334,1622.3693101671015,LABORAL,4,False
freeze_20260610_192142,baselines_full_20260718,historical_average_route_day_type_slot,1,30,29,2025-11-12 11:00:00,2025-11-12 11:30:00,1,97.0,118.0,21.0,21.0,441.0,LABORAL,11,False
freeze_20260610_192142,baselines_full_20260718,historical_average_route_day_type_slot,1,30,29,2025-11-12 13:00:00,2025-11-12 13:30:00,1,181.0,166.16321243523316,-14.836787564766837,14.836787564766837,220.13026524201985,LABORAL,13,False
freeze_20260610_192142,baselines_full_20260718,historical_average_route_day_type_slot,1,30,29,2025-11-13 10:30:00,2025-11-13 11:00:00,1,98.0,108.77864583333333,10.778645833333329,10.778645833333329,116.17920600043392,LABORAL,11,False
freeze_20260610_192142,baselines_full_20260718,historical_average_route_day_type_slot,1,30,29,2025-11-14 08:00:00,2025-11-14 08:30:00,1,117.0,155.6762402088773,38.67624020887729,38.67624020887729,1495.8515566947763,LABORAL,8,False
freeze_20260610_192142,baselines_full_20260718,historical_average_route_day_type_slot,1,30,29,2025-11-15 05:30:00,2025-11-15 06:00:00,1,119.0,132.98765432098764,13.987654320987644,13.987654320987644,195.6544734034443,SABADO,6,False
freeze_20260610_192142,baselines_full_20260718,historical_average_route_day_type_slot,1,30,29,2025-11-15 07:00:00,2025-11-15 07:30:00,1,73.0,126.93827160493827,53.938271604938265,53.938271604938265,2909.3371437280894,SABADO,7,False
freeze_20260610_192142,baselines_full_20260718,historical_average_route_day_type_slot,1,30,29,2025-11-15 10:00:00,2025-11-15 10:30:00,1,135.0,121.76543209876543,-13.23456790123457,13.23456790123457,175.1537875323884,SABADO,10,False
freeze_20260610_192142,baselines_full_20260718,historical_average_route_day_type_slot,1,30,29,2025-11-16 07:00:00,2025-11-16 07:30:00,1,40.0,42.027027027027025,2.0270270270270245,2.0270270270270245,4.108838568298018,DOMINGO,7,False
freeze_20260610_192142,baselines_full_20260718,historical_average_route_day_type_slot,1,30,29,2025-11-16 14:30:00,2025-11-16 15:00:00,1,,34.03921568627451,,,,DOMINGO,15,True
freeze_20260610_192142,baselines_full_20260718,historical_average_route_day_type_slot,1,30,29,2025-11-18 04:30:00,2025-11-18 05:00:00,1,132.0,158.05194805194805,26.051948051948045,26.051948051948045,678.7039973013996,LABORAL,5,False
freeze_20260610_192142,baselines_full_20260718,historical_average_route_day_type_slot,1,30,29,2025-11-19 14:30:00,2025-11-19 15:00:00,1,125.0,204.04155844155844,79.04155844155844,79.04155844155844,6247.567960870298,LABORAL,15,False
freeze_20260610_192142,baselines_full_20260718,historical_average_route_day_type_slot,1,30,29,2025-11-20 12:30:00,2025-11-20 13:00:00,1,168.0,160.8523316062176,-7.147668393782396,7.147668393782396,51.08916346747582,LABORAL,13,False
freeze_20260610_192142,baselines_full_20260718,historical_average_route_day_type_slot,1,30,29,2025-11-22 04:30:00,2025-11-22 05:00:00,1,57.0,86.34567901234568,29.345679012345684,29.345679012345684,861.168876695626,SABADO,5,False
freeze_20260610_192142,baselines_full_20260718,historical_average_route_day_type_slot,1,30,29,2025-11-23 05:30:00,2025-11-23 06:00:00,1,,40.38297872340426,,,,DOMINGO,6,True
freeze_20260610_192142,baselines_full_20260718,historical_average_route_day_type_slot,1,30,29,2025-11-23 14:00:00,2025-11-23 14:30:00,1,,37.55384615384615,,,,DOMINGO,14,True
freeze_20260610_192142,baselines_full_20260718,historical_average_route_day_type_slot,1,30,29,2025-11-24 04:00:00,2025-11-24 04:30:00,1,157.0,172.27864583333334,15.278645833333343,15.278645833333343,233.4370185004343,LABORAL,4,False
freeze_20260610_192142,baselines_full_20260718,historical_average_route_day_type_slot,1,30,30,2025-11-25 10:00:00,2025-11-25 10:30:00,1,133.0,115.51776649746193,-17.482233502538065,17.482233502538065,305.6284882372644,LABORAL,10,False
freeze_20260610_192142,baselines_full_20260718,historical_average_route_day_type_slot,1,30,30,2025-11-26 06:30:00,2025-11-26 07:00:00,1,133.0,144.3587786259542,11.358778625954187,11.358778625954187,129.0218518734337,LABORAL,7,False
freeze_20260610_192142,baselines_full_20260718,historical_average_route_day_type_slot,1,30,30,2025-11-28 06:30:00,2025-11-28 07:00:00,1,138.0,144.3587786259542,6.358778625954187,6.358778625954187,40.43406561389182,LABORAL,7,False
freeze_20260610_192142,baselines_full_20260718,historical_average_route_day_type_slot,1,30,30,2025-11-28 10:30:00,2025-11-28 11:00:00,1,100.0,108.36895674300254,8.368956743002542,8.368956743002542,70.03943696624772,LABORAL,11,False
freeze_20260610_192142,baselines_full_20260718,historical_average_route_day_type_slot,1,30,30,2025-11-29 08:00:00,2025-11-29 08:30:00,1,94.0,113.98795180722891,19.98795180722891,19.98795180722891,399.5182174481055,SABADO,8,False
freeze_20260610_192142,baselines_full_20260718,historical_average_route_day_type_slot,1,30,30,2025-12-02 17:00:00,2025-12-02 17:30:00,1,,46.68,,,,LABORAL,17,True
freeze_20260610_192142,baselines_full_20260718,historical_average_route_day_type_slot,1,30,30,2025-12-03 04:00:00,2025-12-03 04:30:00,1,132.0,171.63613231552162,39.63613231552162,39.63613231552162,1571.0229849335374,LABORAL,4,False
freeze_20260610_192142,baselines_full_20260718,historical_average_route_day_type_slot,1,30,30,2025-12-03 06:00:00,2025-12-03 06:30:00,1,146.0,147.10204081632654,1.1020408163265358,1.1020408163265358,1.2144939608496574,LABORAL,6,False
freeze_20260610_192142,baselines_full_20260718,historical_average_route_day_type_slot,1,30,30,2025-12-03 09:00:00,2025-12-03 09:30:00,1,133.0,136.99240506329113,3.9924050632911303,3.9924050632911303,15.939298189392654,LABORAL,9,False
freeze_20260610_192142,baselines_full_20260718,historical_average_route_day_type_slot,1,30,30,2025-12-04 14:00:00,2025-12-04 14:30:00,1,113.0,177.67848101265824,64.67848101265824,64.67848101265824,4183.3059061047925,LABORAL,14,False
freeze_20260610_192142,baselines_full_20260718,historical_average_route_day_type_slot,1,30,30,2025-12-05 10:30:00,2025-12-05 11:00:00,1,70.0,108.36895674300254,38.36895674300254,38.36895674300254,1472.1768415464003,LABORAL,11,False
freeze_20260610_192142,baselines_full_20260718,historical_average_route_day_type_slot,1,30,30,2025-12-06 06:30:00,2025-12-06 07:00:00,1,44.0,132.4578313253012,88.45783132530121,88.45783132530121,7824.787922775441,SABADO,7,False
freeze_20260610_192142,baselines_full_20260718,historical_average_route_day_type_slot,1,30,30,2025-12-06 10:00:00,2025-12-06 10:30:00,1,125.0,121.92682926829268,-3.0731707317073216,3.0731707317073216,9.444378346222514,SABADO,10,False
freeze_20260610_192142,baselines_full_20260718,historical_average_route_day_type_slot,1,30,30,2025-12-07 07:30:00,2025-12-07 08:00:00,1,25.0,39.44285714285714,14.442857142857143,14.442857142857143,208.5961224489796,DOMINGO,8,False
freeze_20260610_192142,baselines_full_20260718,historical_average_route_day_type_slot,1,30,31,2025-12-09 12:30:00,2025-12-09 13:00:00,1,147.0,161.11138613861385,14.111386138613852,14.111386138613852,199.13121875306317,LABORAL,13,False
freeze_20260610_192142,baselines_full_20260718,historical_average_route_day_type_slot,1,30,31,2025-12-09 14:00:00,2025-12-09 14:30:00,1,211.0,177.490099009901,-33.509900990099,33.509900990099,1122.9134643662378,LABORAL,14,False
freeze_20260610_192142,baselines_full_20260718,historical_average_route_day_type_slot,1,30,31,2025-12-10 10:30:00,2025-12-10 11:00:00,1,70.0,108.00746268656717,38.007462686567166,38.007462686567166,1444.5672198707955,LABORAL,11,False
freeze_20260610_192142,baselines_full_20260718,historical_average_route_day_type_slot,1,30,31,2025-12-10 13:00:00,2025-12-10 13:30:00,1,118.0,164.6608910891089,46.6608910891089,46.6608910891089,2177.2387572296825,LABORAL,13,False
freeze_20260610_192142,baselines_full_20260718,historical_average_route_day_type_slot,1,30,31,2025-12-12 09:00:00,2025-12-12 09:30:00,1,97.0,136.94059405940595,39.94059405940595,39.94059405940595,1595.2510538182541,LABORAL,9,False
freeze_20260610_192142,baselines_full_20260718,historical_average_route_day_type_slot,1,30,31,2025-12-13 15:00:00,2025-12-13 15:30:00,1,38.0,84.07317073170732,46.07317073170732,46.07317073170732,2122.737061273052,SABADO,15,False
freeze_20260610_192142,baselines_full_20260718,historical_average_route_day_type_slot,1,30,31,2025-12-14 09:00:00,2025-12-14 09:30:00,1,44.0,39.513513513513516,-4.486486486486484,4.486486486486484,20.128560993425836,DOMINGO,9,False
freeze_20260610_192142,baselines_full_20260718,historical_average_route_day_type_slot,1,30,31,2025-12-16 04:00:00,2025-12-16 04:30:00,1,109.0,170.88059701492537,61.88059701492537,61.88059701492537,3829.2082869235905,LABORAL,4,False
freeze_20260610_192142,baselines_full_20260718,historical_average_route_day_type_slot,1,30,31,2025-12-16 11:00:00,2025-12-16 11:30:00,1,147.0,117.15346534653466,-29.84653465346534,29.84653465346534,890.8156308205074,LABORAL,11,False
freeze_20260610_192142,baselines_full_20260718,historical_average_route_day_type_slot,1,30,31,2025-12-17 06:00:00,2025-12-17 06:30:00,1,141.0,146.86783042394015,5.867830423940148,5.867830423940148,34.431433884117624,LABORAL,6,False
freeze_20260610_192142,baselines_full_20260718,historical_average_route_day_type_slot,1,30,31,2025-12-19 13:30:00,2025-12-19 14:00:00,1,226.0,171.84158415841586,-54.158415841584144,54.158415841584144,2933.1340064699525,LABORAL,14,False
freeze_20260610_192142,baselines_full_20260718,historical_average_route_day_type_slot,1,30,31,2025-12-20 15:30:00,2025-12-20 16:00:00,1,64.0,70.8625,6.862499999999997,6.862499999999997,47.09390624999996,SABADO,16,False
freeze_20260610_192142,baselines_full_20260718,historical_average_route_day_type_slot,1,30,31,2025-12-21 05:30:00,2025-12-21 06:00:00,1,,40.0,,,,DOMINGO,6,True
freeze_20260610_192142,baselines_full_20260718,historical_average_route_day_type_slot,1,30,32,2025-12-23 09:30:00,2025-12-23 10:00:00,1,84.0,123.77053140096618,39.77053140096618,39.77053140096618,1581.6951679152367,LABORAL,10,False
freeze_20260610_192142,baselines_full_20260718,historical_average_route_day_type_slot,1,30,32,2025-12-23 10:30:00,2025-12-23 11:00:00,1,213.0,107.41747572815534,-105.58252427184466,105.58252427184466,11147.669431614668,LABORAL,11,False
freeze_20260610_192142,baselines_full_20260718,historical_average_route_day_type_slot,1,30,32,2025-12-26 11:30:00,2025-12-26 12:00:00,1,132.0,129.72639225181598,-2.27360774818402,2.27360774818402,5.169292192602409,LABORAL,12,False
freeze_20260610_192142,baselines_full_20260718,historical_average_route_day_type_slot,1,30,32,2025-12-28 16:30:00,2025-12-28 17:00:00,1,,29.153846153846153,,,,DOMINGO,17,True
freeze_20260610_192142,baselines_full_20260718,historical_average_route_day_type_slot,1,30,32,2025-12-30 15:00:00,2025-12-30 15:30:00,1,139.0,203.5024154589372,64.50241545893721,64.50241545893721,4160.561600037342,LABORAL,15,False
freeze_20260610_192142,baselines_full_20260718,historical_average_route_day_type_slot,1,30,32,2025-12-31 07:00:00,2025-12-31 07:30:00,1,50.0,159.8401937046005,109.8401937046005,109.8401937046005,12064.868153064159,LABORAL,7,False
freeze_20260610_192142,baselines_full_20260718,historical_average_route_day_type_slot,1,30,32,2025-12-31 14:30:00,2025-12-31 15:00:00,1,41.0,202.55690072639226,161.55690072639226,161.55690072639226,26100.632172317364,LABORAL,15,False
freeze_20260610_192142,baselines_full_20260718,historical_average_route_day_type_slot,1,30,32,2026-01-01 04:30:00,2026-01-01 05:00:00,1,,34.75,,,,FESTIVO,5,True
freeze_20260610_192142,baselines_full_20260718,historical_average_route_day_type_slot,1,30,32,2026-01-01 08:00:00,2026-01-01 08:30:00,1,,50.111111111111114,,,,FESTIVO,8,True
freeze_20260610_192142,baselines_full_20260718,historical_average_route_day_type_slot,1,30,32,2026-01-01 14:30:00,2026-01-01 15:00:00,1,,49.0,,,,FESTIVO,15,True
freeze_20260610_192142,baselines_full_20260718,historical_average_route_day_type_slot,1,30,32,2026-01-01 16:00:00,2026-01-01 16:30:00,1,,30.333333333333332,,,,FESTIVO,16,True
freeze_20260610_192142,baselines_full_20260718,historical_average_route_day_type_slot,1,30,32,2026-01-02 04:00:00,2026-01-02 04:30:00,1,47.0,169.35194174757282,122.35194174757282,122.35194174757282,14969.997649401454,LABORAL,4,False
freeze_20260610_192142,baselines_full_20260718,historical_average_route_day_type_slot,1,30,32,2026-01-02 04:30:00,2026-01-02 05:00:00,1,,155.6004842615012,,,,LABORAL,5,True
freeze_20260610_192142,baselines_full_20260718,historical_average_route_day_type_slot,1,30,32,2026-01-02 16:30:00,2026-01-02 17:00:00,1,43.0,88.59305210918114,45.593052109181144,45.593052109181144,2078.726400630507,LABORAL,17,False
freeze_20260610_192142,baselines_full_20260718,historical_average_route_day_type_slot,1,30,32,2026-01-03 11:00:00,2026-01-03 11:30:00,1,65.0,101.8735632183908,36.8735632183908,36.8735632183908,1359.659664420663,SABADO,11,False
freeze_20260610_192142,baselines_full_20260718,historical_average_route_day_type_slot,1,30,32,2026-01-03 15:00:00,2026-01-03 15:30:00,1,28.0,83.25,55.25,55.25,3052.5625,SABADO,15,False
freeze_20260610_192142,baselines_full_20260718,historical_average_route_day_type_slot,1,30,32,2026-01-03 16:00:00,2026-01-03 16:30:00,1,30.0,62.87179487179487,32.87179487179487,32.87179487179487,1080.5548980933595,SABADO,16,False
freeze_20260610_192142,baselines_full_20260718,historical_average_route_day_type_slot,1,30,32,2026-01-04 10:30:00,2026-01-04 11:00:00,1,,41.054794520547944,,,,DOMINGO,11,True
freeze_20260610_192142,baselines_full_20260718,historical_average_route_day_type_slot,1,30,32,2026-01-04 14:30:00,2026-01-04 15:00:00,1,35.0,36.19642857142857,1.1964285714285694,1.1964285714285694,1.4314413265306074,DOMINGO,15,False
freeze_20260610_192142,baselines_full_20260718,historical_average_route_day_type_slot,1,30,32,2026-01-05 09:30:00,2026-01-05 10:00:00,1,163.0,123.77053140096618,-39.22946859903382,39.22946859903382,1538.9512065625806,LABORAL,10,False
freeze_20260610_192142,baselines_full_20260718,historical_average_route_day_type_slot,1,30,32,2026-01-05 10:30:00,2026-01-05 11:00:00,1,68.0,107.41747572815534,39.41747572815534,39.41747572815534,1553.7373927797153,LABORAL,11,False
freeze_20260610_192142,baselines_full_20260718,historical_average_route_day_type_slot,1,30,33,2026-01-06 13:00:00,2026-01-06 13:30:00,1,119.0,163.09478672985782,44.094786729857816,44.094786729857816,1944.350216751645,LABORAL,13,False
freeze_20260610_192142,baselines_full_20260718,historical_average_route_day_type_slot,1,30,33,2026-01-07 06:00:00,2026-01-07 06:30:00,1,123.0,146.26252983293557,23.26252983293557,23.26252983293557,541.1452942282174,LABORAL,6,False
freeze_20260610_192142,baselines_full_20260718,historical_average_route_day_type_slot,1,30,33,2026-01-08 13:30:00,2026-01-08 14:00:00,1,120.0,171.43467933491686,51.434679334916865,51.434679334916865,2645.526238285724,LABORAL,14,False
freeze_20260610_192142,baselines_full_20260718,historical_average_route_day_type_slot,1,30,33,2026-01-09 05:00:00,2026-01-09 05:30:00,1,95.0,179.6437054631829,84.6437054631829,84.6437054631829,7164.556874538058,LABORAL,5,False
freeze_20260610_192142,baselines_full_20260718,historical_average_route_day_type_slot,1,30,33,2026-01-09 12:00:00,2026-01-09 12:30:00,1,75.0,157.59619952494063,82.59619952494063,82.59619952494063,6822.132175963803,LABORAL,12,False
freeze_20260610_192142,baselines_full_20260718,historical_average_route_day_type_slot,1,30,33,2026-01-09 15:00:00,2026-01-09 15:30:00,1,120.0,202.77672209026127,82.77672209026127,82.77672209026127,6851.985720008349,LABORAL,15,False
freeze_20260610_192142,baselines_full_20260718,historical_average_route_day_type_slot,1,30,33,2026-01-10 12:00:00,2026-01-10 12:30:00,1,43.0,112.03370786516854,69.03370786516854,69.03370786516854,4765.652821613432,SABADO,12,False
freeze_20260610_192142,baselines_full_20260718,historical_average_route_day_type_slot,1,30,33,2026-01-10 15:00:00,2026-01-10 15:30:00,1,29.0,83.3953488372093,54.3953488372093,54.3953488372093,2958.8539751216867,SABADO,15,False
freeze_20260610_192142,baselines_full_20260718,historical_average_route_day_type_slot,1,30,33,2026-01-10 17:00:00,2026-01-10 17:30:00,1,,34.23529411764706,,,,SABADO,17,True
freeze_20260610_192142,baselines_full_20260718,historical_average_route_day_type_slot,1,30,33,2026-01-10 17:30:00,2026-01-10 18:00:00,1,,25.88888888888889,,,,SABADO,18,True
freeze_20260610_192142,baselines_full_20260718,historical_average_route_day_type_slot,1,30,33,2026-01-11 14:00:00,2026-01-11 14:30:00,1,37.0,39.130434782608695,2.1304347826086953,2.1304347826086953,4.538752362948959,DOMINGO,14,False
freeze_20260610_192142,baselines_full_20260718,historical_average_route_day_type_slot,1,30,33,2026-01-13 08:00:00,2026-01-13 08:30:00,1,96.0,153.84964200477327,57.84964200477327,57.84964200477327,3346.5810800804284,LABORAL,8,False
freeze_20260610_192142,baselines_full_20260718,historical_average_route_day_type_slot,1,30,33,2026-01-13 09:00:00,2026-01-13 09:30:00,1,152.0,136.5829383886256,-15.417061611374407,15.417061611374407,237.68578872891445,LABORAL,9,False
freeze_20260610_192142,baselines_full_20260718,historical_average_route_day_type_slot,1,30,33,2026-01-14 11:30:00,2026-01-14 12:00:00,1,112.0,129.28266033254158,17.28266033254158,17.28266033254158,298.6903481700063,LABORAL,12,False
freeze_20260610_192142,baselines_full_20260718,historical_average_route_day_type_slot,1,30,33,2026-01-16 04:00:00,2026-01-16 04:30:00,1,113.0,167.71190476190475,54.71190476190475,54.71190476190475,2993.3925226757356,LABORAL,4,False
freeze_20260610_192142,baselines_full_20260718,historical_average_route_day_type_slot,1,30,33,2026-01-17 06:30:00,2026-01-17 07:00:00,1,80.0,129.47191011235955,49.47191011235955,49.47191011235955,2447.4698901653833,SABADO,7,False
freeze_20260610_192142,baselines_full_20260718,historical_average_route_day_type_slot,1,30,33,2026-01-17 08:30:00,2026-01-17 09:00:00,1,87.0,113.56179775280899,26.561797752808985,26.561797752808985,705.5290998611284,SABADO,9,False
freeze_20260610_192142,baselines_full_20260718,historical_average_route_day_type_slot,1,30,33,2026-01-17 14:30:00,2026-01-17 15:00:00,1,83.0,87.2183908045977,4.218390804597703,4.218390804597703,17.79482098031446,SABADO,15,False
freeze_20260610_192142,baselines_full_20260718,historical_average_route_day_type_slot,1,30,34,2026-01-20 07:00:00,2026-01-20 07:30:00,1,99.0,158.24186046511628,59.241860465116275,59.241860465116275,3509.5980313683067,LABORAL,7,False
freeze_20260610_192142,baselines_full_20260718,historical_average_route_day_type_slot,1,30,34,2026-01-20 09:30:00,2026-01-20 10:00:00,1,102.0,123.29466357308584,21.294663573085842,21.294663573085842,453.46269669090907,LABORAL,10,False
freeze_20260610_192142,baselines_full_20260718,historical_average_route_day_type_slot,1,30,34,2026-01-21 06:00:00,2026-01-21 06:30:00,1,91.0,146.03971962616822,55.03971962616822,55.03971962616822,3029.370736527207,LABORAL,6,False
freeze_20260610_192142,baselines_full_20260718,historical_average_route_day_type_slot,1,30,34,2026-01-21 15:30:00,2026-01-21 16:00:00,1,155.0,178.44988344988346,23.44988344988346,23.44988344988346,549.8970338131181,LABORAL,16,False
freeze_20260610_192142,baselines_full_20260718,historical_average_route_day_type_slot,1,30,34,2026-01-23 10:00:00,2026-01-23 10:30:00,1,81.0,113.76279069767442,32.76279069767442,32.76279069767442,1073.4004542996215,LABORAL,10,False
freeze_20260610_192142,baselines_full_20260718,historical_average_route_day_type_slot,1,30,34,2026-01-24 06:30:00,2026-01-24 07:00:00,1,51.0,128.82417582417582,77.82417582417582,77.82417582417582,6056.602342712233,SABADO,7,False
freeze_20260610_192142,baselines_full_20260718,historical_average_route_day_type_slot,1,30,34,2026-01-24 07:00:00,2026-01-24 07:30:00,1,109.0,126.05494505494505,17.05494505494505,17.05494505494505,290.87115082719464,SABADO,7,False
freeze_20260610_192142,baselines_full_20260718,historical_average_route_day_type_slot,1,30,34,2026-01-25 10:00:00,2026-01-25 10:30:00,1,32.0,41.39473684210526,9.39473684210526,9.39473684210526,88.26108033240992,DOMINGO,10,False
freeze_20260610_192142,baselines_full_20260718,historical_average_route_day_type_slot,1,30,34,2026-01-25 11:30:00,2026-01-25 12:00:00,1,,39.49295774647887,,,,DOMINGO,12,True
freeze_20260610_192142,baselines_full_20260718,historical_average_route_day_type_slot,1,30,34,2026-01-28 07:30:00,2026-01-28 08:00:00,1,153.0,152.5243619489559,-0.4756380510440863,0.4756380510440863,0.22623155560101685,LABORAL,8,False
freeze_20260610_192142,baselines_full_20260718,historical_average_route_day_type_slot,1,30,34,2026-01-29 16:00:00,2026-01-29 16:30:00,1,58.0,143.22610722610722,85.22610722610722,85.22610722610722,7263.489352915924,LABORAL,16,False
freeze_20260610_192142,baselines_full_20260718,historical_average_route_day_type_slot,1,30,34,2026-01-30 04:30:00,2026-01-30 05:00:00,1,111.0,152.8997668997669,41.89976689976689,41.89976689976689,1755.590466254801,LABORAL,5,False
freeze_20260610_192142,baselines_full_20260718,historical_average_route_day_type_slot,1,30,34,2026-01-31 07:30:00,2026-01-31 08:00:00,1,102.0,117.72527472527473,15.72527472527473,15.72527472527473,247.28426518536423,SABADO,8,False
freeze_20260610_192142,baselines_full_20260718,historical_average_route_day_type_slot,1,30,34,2026-02-01 16:30:00,2026-02-01 17:00:00,1,,29.153846153846153,,,,DOMINGO,17,True
freeze_20260610_192142,baselines_full_20260718,historical_average_route_day_type_slot,1,30,34,2026-02-02 16:00:00,2026-02-02 16:30:00,1,93.0,143.22610722610722,50.22610722610722,50.22610722610722,2522.6618470884196,LABORAL,16,False
freeze_20260610_192142,baselines_full_20260718,historical_average_route_day_type_slot,1,30,35,2026-02-03 10:00:00,2026-02-03 10:30:00,1,187.0,113.34318181818182,-73.65681818181818,73.65681818181818,5425.326864669421,LABORAL,10,False
freeze_20260610_192142,baselines_full_20260718,historical_average_route_day_type_slot,1,30,35,2026-02-04 15:00:00,2026-02-04 15:30:00,1,177.0,200.40227272727273,23.40227272727273,23.40227272727273,547.6663688016531,LABORAL,15,False
freeze_20260610_192142,baselines_full_20260718,historical_average_route_day_type_slot,1,30,35,2026-02-05 12:30:00,2026-02-05 13:00:00,1,127.0,157.99092970521542,30.99092970521542,30.99092970521542,960.4377239936036,LABORAL,13,False
freeze_20260610_192142,baselines_full_20260718,historical_average_route_day_type_slot,1,30,35,2026-02-07 04:30:00,2026-02-07 05:00:00,1,67.0,82.30434782608695,15.304347826086953,15.304347826086953,234.22306238185246,SABADO,5,False
freeze_20260610_192142,baselines_full_20260718,historical_average_route_day_type_slot,1,30,35,2026-02-08 05:00:00,2026-02-08 05:30:00,1,,37.23255813953488,,,,DOMINGO,5,True
freeze_20260610_192142,baselines_full_20260718,historical_average_route_day_type_slot,1,30,35,2026-02-08 09:00:00,2026-02-08 09:30:00,1,,39.41463414634146,,,,DOMINGO,9,True
freeze_20260610_192142,baselines_full_20260718,historical_average_route_day_type_slot,1,30,35,2026-02-09 17:00:00,2026-02-09 17:30:00,1,,46.501457725947525,,,,LABORAL,17,True
freeze_20260610_192142,baselines_full_20260718,historical_average_route_day_type_slot,1,30,35,2026-02-10 04:30:00,2026-02-10 05:00:00,1,168.0,152.25284738041003,-15.747152619589968,15.747152619589968,247.9728156246592,LABORAL,5,False
freeze_20260610_192142,baselines_full_20260718,historical_average_route_day_type_slot,1,30,35,2026-02-10 05:00:00,2026-02-10 05:30:00,1,88.0,176.8272727272727,88.82727272727271,88.82727272727271,7890.284380165287,LABORAL,5,False
freeze_20260610_192142,baselines_full_20260718,historical_average_route_day_type_slot,1,30,35,2026-02-10 05:30:00,2026-02-10 06:00:00,1,181.0,177.63863636363635,-3.3613636363636488,3.3613636363636488,11.298765495867851,LABORAL,6,False
freeze_20260610_192142,baselines_full_20260718,historical_average_route_day_type_slot,1,30,35,2026-02-10 10:00:00,2026-02-10 10:30:00,1,101.0,113.34318181818182,12.343181818181819,12.343181818181819,152.35413739669423,LABORAL,10,False
freeze_20260610_192142,baselines_full_20260718,historical_average_route_day_type_slot,1,30,35,2026-02-10 12:30:00,2026-02-10 13:00:00,1,140.0,157.99092970521542,17.99092970521542,17.99092970521542,323.6735516580027,LABORAL,13,False
freeze_20260610_192142,baselines_full_20260718,historical_average_route_day_type_slot,1,30,35,2026-02-11 10:00:00,2026-02-11 10:30:00,1,115.0,113.34318181818182,-1.6568181818181813,1.6568181818181813,2.7450464876033043,LABORAL,10,False
freeze_20260610_192142,baselines_full_20260718,historical_average_route_day_type_slot,1,30,35,2026-02-12 17:30:00,2026-02-12 18:00:00,1,,25.852941176470587,,,,LABORAL,18,True
freeze_20260610_192142,baselines_full_20260718,historical_average_route_day_type_slot,1,30,35,2026-02-13 06:30:00,2026-02-13 07:00:00,1,147.0,143.10250569476082,-3.897494305239178,3.897494305239178,15.190461859371823,LABORAL,7,False
freeze_20260610_192142,baselines_full_20260718,historical_average_route_day_type_slot,1,30,35,2026-02-13 07:30:00,2026-02-13 08:00:00,1,249.0,151.96825396825398,-97.03174603174602,97.03174603174602,9415.159737969261,LABORAL,8,False
freeze_20260610_192142,baselines_full_20260718,historical_average_route_day_type_slot,1,30,36,2026-02-18 08:30:00,2026-02-18 09:00:00,1,150.0,148.0400890868597,-1.9599109131403054,1.9599109131403054,3.841250787446466,LABORAL,9,False
freeze_20260610_192142,baselines_full_20260718,historical_average_route_day_type_slot,1,30,36,2026-02-18 14:00:00,2026-02-18 14:30:00,1,111.0,173.44345898004434,62.44345898004434,62.44345898004434,3899.1855693924804,LABORAL,14,False
freeze_20260610_192142,baselines_full_20260718,historical_average_route_day_type_slot,1,30,36,2026-02-18 16:00:00,2026-02-18 16:30:00,1,80.0,141.2160356347439,61.21603563474389,61.21603563474389,3747.4030188342335,LABORAL,16,False
freeze_20260610_192142,baselines_full_20260718,historical_average_route_day_type_slot,1,30,36,2026-02-19 04:00:00,2026-02-19 04:30:00,1,130.0,163.42984409799556,33.429844097995556,33.429844097995556,1117.5544764162883,LABORAL,4,False
freeze_20260610_192142,baselines_full_20260718,historical_average_route_day_type_slot,1,30,36,2026-02-19 11:00:00,2026-02-19 11:30:00,1,122.0,115.25055432372505,-6.749445676274945,6.749445676274945,45.55501693698655,LABORAL,11,False
freeze_20260610_192142,baselines_full_20260718,historical_average_route_day_type_slot,1,30,36,2026-02-19 15:30:00,2026-02-19 16:00:00,1,222.0,177.00445434298442,-44.99554565701558,44.99554565701558,2024.599128972574,LABORAL,16,False
freeze_20260610_192142,baselines_full_20260718,historical_average_route_day_type_slot,1,30,36,2026-02-20 06:00:00,2026-02-20 06:30:00,1,139.0,145.40178571428572,6.401785714285722,6.401785714285722,40.98286033163276,LABORAL,6,False
freeze_20260610_192142,baselines_full_20260718,historical_average_route_day_type_slot,1,30,36,2026-02-20 14:30:00,2026-02-20 15:00:00,1,138.0,198.42222222222222,60.42222222222222,60.42222222222222,3650.8449382716044,LABORAL,15,False
freeze_20260610_192142,baselines_full_20260718,historical_average_route_day_type_slot,1,30,36,2026-02-21 07:00:00,2026-02-21 07:30:00,1,89.0,125.3578947368421,36.3578947368421,36.3578947368421,1321.8965096952904,SABADO,7,False
freeze_20260610_192142,baselines_full_20260718,historical_average_route_day_type_slot,1,30,36,2026-02-22 06:30:00,2026-02-22 07:00:00,1,,36.35616438356164,,,,DOMINGO,7,True
freeze_20260610_192142,baselines_full_20260718,historical_average_route_day_type_slot,1,30,36,2026-02-22 10:00:00,2026-02-22 10:30:00,1,32.0,40.85,8.850000000000001,8.850000000000001,78.32250000000002,DOMINGO,10,False
freeze_20260610_192142,baselines_full_20260718,historical_average_route_day_type_slot,1,30,36,2026-02-23 13:30:00,2026-02-23 14:00:00,1,147.0,169.43777777777777,22.437777777777768,22.437777777777768,503.45387160493783,LABORAL,14,False
freeze_20260610_192142,baselines_full_20260718,historical_average_route_day_type_slot,1,30,36,2026-02-24 13:30:00,2026-02-24 14:00:00,1,136.0,169.43777777777777,33.43777777777777,33.43777777777777,1118.0849827160487,LABORAL,14,False
freeze_20260610_192142,baselines_full_20260718,historical_average_route_day_type_slot,1,30,36,2026-02-25 06:00:00,2026-02-25 06:30:00,1,89.0,145.40178571428572,56.40178571428572,56.40178571428572,3181.161431760205,LABORAL,6,False
freeze_20260610_192142,baselines_full_20260718,historical_average_route_day_type_slot,1,30,36,2026-02-25 10:30:00,2026-02-25 11:00:00,1,119.0,106.17371937639199,-12.826280623608014,12.826280623608014,164.51347463554237,LABORAL,11,False
freeze_20260610_192142,baselines_full_20260718,historical_average_route_day_type_slot,1,30,36,2026-02-27 15:00:00,2026-02-27 15:30:00,1,161.0,199.53555555555556,38.53555555555556,38.53555555555556,1484.989041975309,LABORAL,15,False
freeze_20260610_192142,baselines_full_20260718,historical_average_route_day_type_slot,1,30,36,2026-02-28 04:30:00,2026-02-28 05:00:00,1,24.0,81.92553191489361,57.92553191489361,57.92553191489361,3355.3672476233583,SABADO,5,False
freeze_20260610_192142,baselines_full_20260718,historical_average_route_day_type_slot,1,30,36,2026-03-01 09:00:00,2026-03-01 09:30:00,1,34.0,39.41463414634146,5.414634146341463,5.414634146341463,29.318262938726942,DOMINGO,9,False
freeze_20260610_192142,baselines_full_20260718,historical_average_route_day_type_slot,1,30,36,2026-03-01 10:30:00,2026-03-01 11:00:00,1,,40.3974358974359,,,,DOMINGO,11,True
freeze_20260610_192142,baselines_full_20260718,historical_average_route_day_type_slot,1,30,37,2026-03-06 07:00:00,2026-03-06 07:30:00,1,100.0,155.97608695652173,55.976086956521726,55.976086956521726,3133.3223109640817,LABORAL,7,False
freeze_20260610_192142,baselines_full_20260718,historical_average_route_day_type_slot,1,30,37,2026-03-06 08:00:00,2026-03-06 08:30:00,1,158.0,151.1943231441048,-6.8056768558952,6.8056768558952,46.317237466867574,LABORAL,8,False
freeze_20260610_192142,baselines_full_20260718,historical_average_route_day_type_slot,1,30,37,2026-03-06 10:00:00,2026-03-06 10:30:00,1,103.0,112.91739130434783,9.91739130434783,9.91739130434783,98.35465028355397,LABORAL,10,False
freeze_20260610_192142,baselines_full_20260718,historical_average_route_day_type_slot,1,30,37,2026-03-07 05:30:00,2026-03-07 06:00:00,1,83.0,127.16494845360825,44.16494845360825,44.16494845360825,1950.5426719098734,SABADO,6,False
freeze_20260610_192142,baselines_full_20260718,historical_average_route_day_type_slot,1,30,37,2026-03-08 08:00:00,2026-03-08 08:30:00,1,39.0,47.943820224719104,8.943820224719104,8.943820224719104,79.99192021209448,DOMINGO,8,False
freeze_20260610_192142,baselines_full_20260718,historical_average_route_day_type_slot,1,30,37,2026-03-08 12:00:00,2026-03-08 12:30:00,1,,43.23076923076923,,,,DOMINGO,12,True
freeze_20260610_192142,baselines_full_20260718,historical_average_route_day_type_slot,1,30,37,2026-03-09 07:30:00,2026-03-09 08:00:00,1,164.0,151.2754880694143,-12.724511930585692,12.724511930585692,161.9132038716176,LABORAL,8,False
freeze_20260610_192142,baselines_full_20260718,historical_average_route_day_type_slot,1,30,37,2026-03-10 15:00:00,2026-03-10 15:30:00,1,113.0,199.1304347826087,86.13043478260869,86.13043478260869,7418.451795841209,LABORAL,15,False
freeze_20260610_192142,baselines_full_20260718,historical_average_route_day_type_slot,1,30,37,2026-03-10 17:00:00,2026-03-10 17:30:00,1,,46.333333333333336,,,,LABORAL,17,True
freeze_20260610_192142,baselines_full_20260718,historical_average_route_day_type_slot,1,30,37,2026-03-12 13:30:00,2026-03-12 14:00:00,1,178.0,169.07391304347826,-8.926086956521743,8.926086956521743,79.6750283553876,LABORAL,14,False
freeze_20260610_192142,baselines_full_20260718,historical_average_route_day_type_slot,1,30,37,2026-03-12 17:30:00,2026-03-12 18:00:00,1,,25.764150943396228,,,,LABORAL,18,True
freeze_20260610_192142,baselines_full_20260718,historical_average_route_day_type_slot,1,30,37,2026-03-15 10:00:00,2026-03-15 10:30:00,1,38.0,40.53658536585366,2.536585365853661,2.536585365853661,6.43426531826295,DOMINGO,10,False
freeze_20260610_192142,baselines_full_20260718,historical_average_route_day_type_slot,1,30,37,2026-03-16 12:00:00,2026-03-16 12:30:00,1,169.0,154.66739130434783,-14.33260869565217,14.33260869565217,205.42367202268417,LABORAL,12,False
freeze_20260610_192142,baselines_full_20260718,historical_average_route_day_type_slot,1,30,38,2026-03-17 15:30:00,2026-03-17 16:00:00,1,73.0,175.83582089552237,102.83582089552237,102.83582089552237,10575.206059255956,LABORAL,16,False
freeze_20260610_192142,baselines_full_20260718,historical_average_route_day_type_slot,1,30,38,2026-03-18 10:30:00,2026-03-18 11:00:00,1,90.0,105.63113006396588,15.631130063965884,15.631130063965884,244.3322270766181,LABORAL,11,False
freeze_20260610_192142,baselines_full_20260718,historical_average_route_day_type_slot,1,30,38,2026-03-20 04:00:00,2026-03-20 04:30:00,1,70.0,161.50106609808103,91.50106609808103,91.50106609808103,8372.445097085392,LABORAL,4,False
freeze_20260610_192142,baselines_full_20260718,historical_average_route_day_type_slot,1,30,38,2026-03-20 12:00:00,2026-03-20 12:30:00,1,85.0,154.12765957446808,69.12765957446808,69.12765957446808,4778.633318243549,LABORAL,12,False
freeze_20260610_192142,baselines_full_20260718,historical_average_route_day_type_slot,1,30,38,2026-03-21 16:00:00,2026-03-21 16:30:00,1,79.0,62.160919540229884,-16.839080459770116,16.839080459770116,283.55463073061173,SABADO,16,False
freeze_20260610_192142,baselines_full_20260718,historical_average_route_day_type_slot,1,30,38,2026-03-23 15:30:00,2026-03-23 16:00:00,1,18.0,42.285714285714285,24.285714285714285,24.285714285714285,589.7959183673469,FESTIVO_PUENTE,16,False
freeze_20260610_192142,baselines_full_20260718,historical_average_route_day_type_slot,1,30,38,2026-03-24 11:00:00,2026-03-24 11:30:00,1,91.0,114.81528662420382,23.81528662420382,23.81528662420382,567.1678769929814,LABORAL,11,False
freeze_20260610_192142,baselines_full_20260718,historical_average_route_day_type_slot,1,30,38,2026-03-25 07:00:00,2026-03-25 07:30:00,1,164.0,155.6936170212766,-8.306382978723406,8.306382978723406,68.99599818922592,LABORAL,7,False
freeze_20260610_192142,baselines_full_20260718,historical_average_route_day_type_slot,1,30,38,2026-03-27 15:00:00,2026-03-27 15:30:00,1,124.0,198.70425531914893,74.70425531914893,74.70425531914893,5580.725762788591,LABORAL,15,False
freeze_20260610_192142,baselines_full_20260718,historical_average_route_day_type_slot,1,30,38,2026-03-28 06:30:00,2026-03-28 07:00:00,1,58.0,126.52525252525253,68.52525252525253,68.52525252525253,4695.710233649627,SABADO,7,False
freeze_20260610_192142,baselines_full_20260718,historical_average_route_day_type_slot,1,30,38,2026-03-28 07:00:00,2026-03-28 07:30:00,1,120.0,124.0,4.0,4.0,16.0,SABADO,7,False
freeze_20260610_192142,baselines_full_20260718,historical_average_route_day_type_slot,1,30,38,2026-03-28 11:30:00,2026-03-28 12:00:00,1,31.0,103.42268041237114,72.42268041237114,72.42268041237114,5245.044638112446,SABADO,12,False
freeze_20260610_192142,baselines_full_20260718,historical_average_route_day_type_slot,1,30,38,2026-03-30 06:00:00,2026-03-30 06:30:00,1,129.0,144.79700854700855,15.797008547008545,15.797008547008545,249.54547903426104,LABORAL,6,False
freeze_20260610_192142,baselines_full_20260718,historical_average_route_day_type_slot,1,30,38,2026-03-30 06:30:00,2026-03-30 07:00:00,1,136.0,142.38379530916845,6.383795309168448,6.383795309168448,40.752842549361084,LABORAL,7,False
freeze_20260610_192142,baselines_full_20260718,historical_average_route_day_type_slot,1,30,38,2026-03-30 08:30:00,2026-03-30 09:00:00,1,115.0,147.29424307036248,32.294243070362484,32.294243070362484,1042.9181354876553,LABORAL,9,False
freeze_20260610_192142,baselines_full_20260718,historical_average_route_day_type_slot,1,30,test_final,2026-04-01 16:30:00,2026-04-01 17:00:00,1,,85.89247311827957,,,,LABORAL,17,True
freeze_20260610_192142,baselines_full_20260718,historical_average_route_day_type_slot,1,30,test_final,2026-04-02 05:00:00,2026-04-02 05:30:00,1,,59.8,,,,FESTIVO,5,True
freeze_20260610_192142,baselines_full_20260718,historical_average_route_day_type_slot,1,30,test_final,2026-04-02 07:30:00,2026-04-02 08:00:00,1,11.0,39.36363636363637,28.363636363636367,28.363636363636367,804.4958677685952,FESTIVO,8,False
freeze_20260610_192142,baselines_full_20260718,historical_average_route_day_type_slot,1,30,test_final,2026-04-04 13:00:00,2026-04-04 13:30:00,1,21.0,95.75510204081633,74.75510204081633,74.75510204081633,5588.325281132861,SABADO,13,False
freeze_20260610_192142,baselines_full_20260718,historical_average_route_day_type_slot,1,30,test_final,2026-04-05 12:00:00,2026-04-05 12:30:00,1,23.0,42.71604938271605,19.71604938271605,19.71604938271605,388.72260326169794,DOMINGO,12,False
freeze_20260610_192142,baselines_full_20260718,historical_average_route_day_type_slot,1,30,test_final,2026-04-07 10:30:00,2026-04-07 11:00:00,1,84.0,105.34791666666666,21.347916666666663,21.347916666666663,455.73354600694427,LABORAL,11,False
freeze_20260610_192142,baselines_full_20260718,historical_average_route_day_type_slot,1,30,test_final,2026-04-08 16:00:00,2026-04-08 16:30:00,1,142.0,138.71816283924844,-3.2818371607515644,3.2818371607515644,10.770455149689889,LABORAL,16,False
freeze_20260610_192142,baselines_full_20260718,historical_average_route_day_type_slot,1,30,test_final,2026-04-09 09:00:00,2026-04-09 09:30:00,1,86.0,134.04771784232366,48.047717842323664,48.047717842323664,2308.5831898555475,LABORAL,9,False
freeze_20260610_192142,baselines_full_20260718,historical_average_route_day_type_slot,1,30,test_final,2026-04-11 06:00:00,2026-04-11 06:30:00,1,125.0,129.23762376237624,4.237623762376245,4.237623762376245,17.9574551514558,SABADO,6,False
freeze_20260610_192142,baselines_full_20260718,historical_average_route_day_type_slot,1,30,test_final,2026-04-12 05:00:00,2026-04-12 05:30:00,1,,37.23255813953488,,,,DOMINGO,5,True
freeze_20260610_192142,baselines_full_20260718,historical_average_route_day_type_slot,1,30,test_final,2026-04-12 08:30:00,2026-04-12 09:00:00,1,,45.12820512820513,,,,DOMINGO,9,True
freeze_20260610_192142,baselines_full_20260718,historical_average_route_day_type_slot,1,30,test_final,2026-04-13 11:00:00,2026-04-13 11:30:00,1,118.0,114.0746887966805,-3.9253112033194952,3.9253112033194952,15.408068042905544,LABORAL,11,False
freeze_20260610_192142,baselines_full_20260718,historical_average_route_day_type_slot,1,30,test_final,2026-04-14 05:30:00,2026-04-14 06:00:00,1,151.0,172.73388773388774,21.73388773388774,21.73388773388774,472.361876029236,LABORAL,6,False
freeze_20260610_192142,baselines_full_20260718,historical_average_route_day_type_slot,1,30,test_final,2026-04-14 12:30:00,2026-04-14 13:00:00,1,180.0,155.4875518672199,-24.512448132780094,24.512448132780094,600.8601134622343,LABORAL,13,False
freeze_20260610_192142,baselines_full_20260718,historical_average_route_day_type_slot,1,30,test_final,2026-04-14 16:00:00,2026-04-14 16:30:00,1,110.0,138.71816283924844,28.718162839248436,28.718162839248436,824.7328768615897,LABORAL,16,False
freeze_20260610_192142,baselines_full_20260718,historical_average_route_day_type_slot,1,30,test_final,2026-04-15 10:00:00,2026-04-15 10:30:00,1,76.0,111.94386694386695,35.94386694386695,35.94386694386695,1291.9615708784113,LABORAL,10,False
freeze_20260610_192142,baselines_full_20260718,historical_average_route_day_type_slot,1,30,test_final,2026-04-15 17:00:00,2026-04-15 17:30:00,1,,45.97486033519553,,,,LABORAL,17,True
freeze_20260610_192142,baselines_full_20260718,historical_average_route_day_type_slot,1,30,test_final,2026-04-17 16:00:00,2026-04-17 16:30:00,1,140.0,138.71816283924844,-1.2818371607515644,1.2818371607515644,1.643106506683632,LABORAL,16,False
freeze_20260610_192142,baselines_full_20260718,historical_average_route_day_type_slot,1,30,test_final,2026-04-18 16:00:00,2026-04-18 16:30:00,1,,62.35227272727273,,,,SABADO,16,True
freeze_20260610_192142,baselines_full_20260718,historical_average_route_day_type_slot,1,30,test_final,2026-04-20 05:30:00,2026-04-20 06:00:00,1,185.0,172.73388773388774,-12.266112266112259,12.266112266112259,150.45751012486963,LABORAL,6,False
freeze_20260610_192142,baselines_full_20260718,historical_average_route_day_type_slot,1,30,test_final,2026-04-21 07:30:00,2026-04-21 08:00:00,1,191.0,150.16216216216216,-40.83783783783784,40.83783783783784,1667.7289992695398,LABORAL,8,False
freeze_20260610_192142,baselines_full_20260718,historical_average_route_day_type_slot,1,30,test_final,2026-04-24 06:00:00,2026-04-24 06:30:00,1,152.0,144.5490605427975,-7.450939457202509,7.450939457202509,55.51649879489722,LABORAL,6,False
freeze_20260610_192142,baselines_full_20260718,historical_average_route_day_type_slot,1,30,test_final,2026-04-24 10:00:00,2026-04-24 10:30:00,1,97.0,111.94386694386695,14.94386694386695,14.94386694386695,223.31915923599936,LABORAL,10,False
freeze_20260610_192142,baselines_full_20260718,historical_average_route_day_type_slot,1,30,test_final,2026-04-24 17:00:00,2026-04-24 17:30:00,1,,45.97486033519553,,,,LABORAL,17,True
freeze_20260610_192142,baselines_full_20260718,historical_average_route_day_type_slot,1,30,test_final,2026-04-25 06:00:00,2026-04-25 06:30:00,1,122.0,129.23762376237624,7.237623762376245,7.237623762376245,52.38319772571327,SABADO,6,False
freeze_20260610_192142,baselines_full_20260718,historical_average_route_day_type_slot,1,30,test_final,2026-04-26 10:00:00,2026-04-26 10:30:00,1,,39.98837209302326,,,,DOMINGO,10,True
freeze_20260610_192142,baselines_full_20260718,historical_average_route_day_type_slot,1,30,test_final,2026-04-27 06:30:00,2026-04-27 07:00:00,1,126.0,141.90625,15.90625,15.90625,253.0087890625,LABORAL,7,False
freeze_20260610_192142,baselines_full_20260718,historical_average_route_day_type_slot,1,30,test_final,2026-04-28 15:30:00,2026-04-28 16:00:00,1,103.0,174.99791231732777,71.99791231732777,71.99791231732777,5183.699378053619,LABORAL,16,False
freeze_20260610_192142,baselines_full_20260718,historical_average_route_day_type_slot,1,30,test_final,2026-04-30 12:00:00,2026-04-30 12:30:00,1,235.0,153.59043659043658,-81.40956340956342,81.40956340956342,6627.517014535727,LABORAL,12,False
freeze_20260610_192142,baselines_full_20260718,historical_average_route_day_type_slot,1,30,test_final,2026-05-01 11:30:00,2026-05-01 12:00:00,1,23.0,41.888888888888886,18.888888888888886,18.888888888888886,356.79012345679,FESTIVO,12,False
freeze_20260610_192142,baselines_full_20260718,historical_average_route_day_type_slot,1,30,test_final,2026-05-02 09:00:00,2026-05-02 09:30:00,1,32.0,110.96,78.96,78.96,6234.681599999999,SABADO,9,False
freeze_20260610_192142,baselines_full_20260718,historical_average_route_day_type_slot,1,30,test_final,2026-05-02 11:30:00,2026-05-02 12:00:00,1,74.0,102.22222222222223,28.22222222222223,28.22222222222223,796.4938271604942,SABADO,12,False
freeze_20260610_192142,baselines_full_20260718,historical_average_route_day_type_slot,1,30,test_final,2026-05-02 16:00:00,2026-05-02 16:30:00,1,62.0,62.35227272727273,0.3522727272727266,0.3522727272727266,0.12409607438016483,SABADO,16,False
freeze_20260610_192142,baselines_full_20260718,historical_average_route_day_type_slot,1,30,test_final,2026-05-02 16:30:00,2026-05-02 17:00:00,1,29.0,46.53225806451613,17.532258064516128,17.532258064516128,307.38007284079083,SABADO,17,False
freeze_20260610_192142,baselines_full_20260718,historical_average_route_day_type_slot,1,30,test_final,2026-05-04 07:30:00,2026-05-04 08:00:00,1,123.0,150.16216216216216,27.16216216216216,27.16216216216216,737.7830533235938,LABORAL,8,False
freeze_20260610_192142,baselines_full_20260718,historical_average_route_day_type_slot,1,30,test_final,2026-05-04 14:30:00,2026-05-04 15:00:00,1,222.0,196.0873180873181,-25.912681912681904,25.912681912681904,671.4670839078319,LABORAL,15,False
freeze_20260610_192142,baselines_full_20260718,historical_average_route_day_type_slot,1,30,test_final,2026-05-05 06:00:00,2026-05-05 06:30:00,1,173.0,144.5490605427975,-28.45093945720251,28.45093945720251,809.4559559974026,LABORAL,6,False
freeze_20260610_192142,baselines_full_20260718,historical_average_route_day_type_slot,1,30,test_final,2026-05-05 17:00:00,2026-05-05 17:30:00,1,,45.97486033519553,,,,LABORAL,17,True
freeze_20260610_192142,baselines_full_20260718,historical_average_route_day_type_slot,1,30,test_final,2026-05-09 14:00:00,2026-05-09 14:30:00,1,44.0,87.8,43.8,43.8,1918.4399999999998,SABADO,14,False
freeze_20260610_192142,baselines_full_20260718,historical_average_route_day_type_slot,1,30,test_final,2026-05-10 04:30:00,2026-05-10 05:00:00,1,,26.1,,,,DOMINGO,5,True
freeze_20260610_192142,baselines_full_20260718,historical_average_route_day_type_slot,1,30,test_final,2026-05-10 08:00:00,2026-05-10 08:30:00,1,,47.344086021505376,,,,DOMINGO,8,True
freeze_20260610_192142,baselines_full_20260718,historical_average_route_day_type_slot,1,30,test_final,2026-05-12 05:00:00,2026-05-12 05:30:00,1,137.0,173.11434511434513,36.11434511434513,36.11434511434513,1304.2459230380239,LABORAL,5,False
freeze_20260610_192142,baselines_full_20260718,historical_average_route_day_type_slot,1,30,test_final,2026-05-12 06:00:00,2026-05-12 06:30:00,1,138.0,144.5490605427975,6.549060542797491,6.549060542797491,42.89019399322697,LABORAL,6,False
freeze_20260610_192142,baselines_full_20260718,historical_average_route_day_type_slot,1,30,test_final,2026-05-15 07:00:00,2026-05-15 07:30:00,1,120.0,155.15592515592516,35.15592515592516,35.15592515592516,1235.9390735690115,LABORAL,7,False
freeze_20260610_192142,baselines_full_20260718,historical_average_route_day_type_slot,1,30,test_final,2026-05-15 11:30:00,2026-05-15 12:00:00,1,117.0,126.5987525987526,9.598752598752597,9.598752598752597,92.13605145205973,LABORAL,12,False
freeze_20260610_192142,baselines_full_20260718,historical_average_route_day_type_slot,1,30,test_final,2026-05-16 05:00:00,2026-05-16 05:30:00,1,81.0,109.76237623762377,28.76237623762377,28.76237623762377,827.2742868346245,SABADO,5,False
freeze_20260610_192142,baselines_full_20260718,historical_average_route_day_type_slot,1,30,test_final,2026-05-18 14:30:00,2026-05-18 15:00:00,1,,42.30769230769231,,,,FESTIVO_PUENTE,15,True
freeze_20260610_192142,baselines_full_20260718,historical_average_route_day_type_slot,1,30,test_final,2026-05-18 15:30:00,2026-05-18 16:00:00,1,,39.25,,,,FESTIVO_PUENTE,16,True
freeze_20260610_192142,baselines_full_20260718,historical_average_route_day_type_slot,1,30,test_final,2026-05-22 10:30:00,2026-05-22 11:00:00,1,94.0,105.34791666666666,11.347916666666663,11.347916666666663,128.77521267361104,LABORAL,11,False
freeze_20260610_192142,baselines_full_20260718,historical_average_route_day_type_slot,1,30,test_final,2026-05-23 07:30:00,2026-05-23 08:00:00,1,70.0,117.0990099009901,47.0990099009901,47.0990099009901,2218.316733653563,SABADO,8,False
freeze_20260610_192142,baselines_full_20260718,historical_average_route_day_type_slot,1,30,test_final,2026-05-23 09:30:00,2026-05-23 10:00:00,1,52.0,109.37,57.370000000000005,57.370000000000005,3291.3169000000007,SABADO,10,False
freeze_20260610_192142,baselines_full_20260718,historical_average_route_day_type_slot,1,30,test_final,2026-05-23 10:00:00,2026-05-23 10:30:00,1,44.0,116.21212121212122,72.21212121212122,72.21212121212122,5214.5904499540875,SABADO,10,False
freeze_20260610_192142,baselines_full_20260718,historical_average_route_day_type_slot,1,30,test_final,2026-05-24 11:30:00,2026-05-24 12:00:00,1,10.0,38.93589743589744,28.935897435897438,28.935897435897438,837.2861604207759,DOMINGO,12,False
freeze_20260610_192142,baselines_full_20260718,historical_average_route_day_type_slot,1,30,test_final,2026-05-25 13:00:00,2026-05-25 13:30:00,1,114.0,159.49170124481327,45.49170124481327,45.49170124481327,2069.4948821473454,LABORAL,13,False
freeze_20260610_192142,baselines_full_20260718,historical_average_route_day_type_slot,1,30,test_final,2026-05-27 04:00:00,2026-05-27 04:30:00,1,122.0,159.825,37.82499999999999,37.82499999999999,1430.7306249999992,LABORAL,4,False
freeze_20260610_192142,baselines_full_20260718,historical_average_route_day_type_slot,1,30,test_final,2026-05-28 04:00:00,2026-05-28 04:30:00,1,101.0,159.825,58.82499999999999,58.82499999999999,3460.380624999999,LABORAL,4,False
freeze_20260610_192142,baselines_full_20260718,historical_average_route_day_type_slot,1,30,test_final,2026-05-28 08:30:00,2026-05-28 09:00:00,1,88.0,146.80208333333334,58.80208333333334,58.80208333333334,3457.6850043402787,LABORAL,9,False
freeze_20260610_192142,baselines_full_20260718,historical_average_route_day_type_slot,1,30,test_final,2026-06-03 08:30:00,2026-06-03 09:00:00,1,92.0,146.80208333333334,54.80208333333334,54.80208333333334,3003.268337673612,LABORAL,9,False
freeze_20260610_192142,baselines_full_20260718,historical_average_route_day_type_slot,1,30,test_final,2026-06-03 15:00:00,2026-06-03 15:30:00,1,202.0,197.6216216216216,-4.378378378378386,4.378378378378386,19.170197224251346,LABORAL,15,False
freeze_20260610_192142,baselines_full_20260718,historical_average_route_day_type_slot,1,30,test_final,2026-06-03 16:00:00,2026-06-03 16:30:00,1,78.0,138.71816283924844,60.718162839248436,60.718162839248436,3686.6952985734897,LABORAL,16,False
freeze_20260610_192142,baselines_full_20260718,historical_average_route_day_type_slot,1,30,test_final,2026-06-04 04:00:00,2026-06-04 04:30:00,1,121.0,159.825,38.82499999999999,38.82499999999999,1507.380624999999,LABORAL,4,False
freeze_20260610_192142,baselines_full_20260718,historical_average_route_day_type_slot,1,30,test_final,2026-06-04 07:30:00,2026-06-04 08:00:00,1,111.0,150.16216216216216,39.16216216216216,39.16216216216216,1533.6749452154856,LABORAL,8,False
freeze_20260610_192142,baselines_full_20260718,historical_average_route_day_type_slot,1,30,test_final,2026-06-04 16:30:00,2026-06-04 17:00:00,1,37.0,85.89247311827957,48.89247311827957,48.89247311827957,2390.47392762169,LABORAL,17,False
freeze_20260610_192142,baselines_full_20260718,historical_average_route_day_type_slot,1,30,test_final,2026-06-09 04:30:00,2026-06-09 05:00:00,1,129.0,149.63333333333333,20.633333333333326,20.633333333333326,425.73444444444414,LABORAL,5,False
freeze_20260610_192142,baselines_full_20260718,historical_average_route_day_type_slot,1,30,test_final,2026-06-09 05:30:00,2026-06-09 06:00:00,1,110.0,172.73388773388774,62.73388773388774,62.73388773388774,3935.540670208031,LABORAL,6,False
freeze_20260610_192142,baselines_full_20260718,historical_average_route_day_type_slot,1,30,test_final,2026-06-09 07:30:00,2026-06-09 08:00:00,1,102.0,150.16216216216216,48.16216216216216,48.16216216216216,2319.5938641344046,LABORAL,8,False
freeze_20260610_192142,baselines_full_20260718,historical_average_route_day_type_slot,1,30,test_final,2026-06-09 17:00:00,2026-06-09 17:30:00,1,,45.97486033519553,,,,LABORAL,17,True
freeze_20260610_192142,baselines_full_20260718,historical_average_route_day_type_slot,3,30,1,2024-10-15 13:30:00,2024-10-15 14:00:00,1,156.0,169.9262295081967,13.926229508196712,13.926229508196712,193.93986831496883,LABORAL,14,False
freeze_20260610_192142,baselines_full_20260718,historical_average_route_day_type_slot,3,30,1,2024-10-16 08:00:00,2024-10-16 08:30:00,1,197.0,203.00819672131146,6.008196721311464,6.008196721311464,36.09842784197782,LABORAL,8,False
freeze_20260610_192142,baselines_full_20260718,historical_average_route_day_type_slot,3,30,1,2024-10-16 14:00:00,2024-10-16 14:30:00,1,104.0,201.05737704918033,97.05737704918033,97.05737704918033,9420.134439666757,LABORAL,14,False
freeze_20260610_192142,baselines_full_20260718,historical_average_route_day_type_slot,3,30,1,2024-10-17 09:00:00,2024-10-17 09:30:00,1,124.0,151.5206611570248,27.52066115702479,27.52066115702479,757.3867905197731,LABORAL,9,False
freeze_20260610_192142,baselines_full_20260718,historical_average_route_day_type_slot,3,30,1,2024-10-18 06:30:00,2024-10-18 07:00:00,1,259.0,203.36885245901638,-55.63114754098362,55.63114754098362,3094.8245767266876,LABORAL,7,False
freeze_20260610_192142,baselines_full_20260718,historical_average_route_day_type_slot,3,30,1,2024-10-18 07:00:00,2024-10-18 07:30:00,1,127.0,199.6198347107438,72.61983471074379,72.61983471074379,5273.640393415748,LABORAL,7,False
freeze_20260610_192142,baselines_full_20260718,historical_average_route_day_type_slot,3,30,1,2024-10-19 03:30:00,2024-10-19 04:00:00,1,,30.894736842105264,,,,SABADO,4,True
freeze_20260610_192142,baselines_full_20260718,historical_average_route_day_type_slot,3,30,1,2024-10-19 07:00:00,2024-10-19 07:30:00,1,163.0,160.52,-2.4799999999999898,2.4799999999999898,6.15039999999995,SABADO,7,False
freeze_20260610_192142,baselines_full_20260718,historical_average_route_day_type_slot,3,30,1,2024-10-23 08:00:00,2024-10-23 08:30:00,1,208.0,203.00819672131146,-4.991803278688536,4.991803278688536,24.91809997312562,LABORAL,8,False
freeze_20260610_192142,baselines_full_20260718,historical_average_route_day_type_slot,3,30,1,2024-10-25 16:00:00,2024-10-25 16:30:00,1,223.0,119.32786885245902,-103.67213114754098,103.67213114754098,10747.910776672938,LABORAL,16,False
freeze_20260610_192142,baselines_full_20260718,historical_average_route_day_type_slot,3,30,1,2024-10-26 09:00:00,2024-10-26 09:30:00,1,97.0,121.84,24.840000000000003,24.840000000000003,617.0256000000002,SABADO,9,False
freeze_20260610_192142,baselines_full_20260718,historical_average_route_day_type_slot,3,30,1,2024-10-28 06:00:00,2024-10-28 06:30:00,1,243.0,297.4918032786885,54.49180327868851,54.49180327868851,2969.356624563288,LABORAL,6,False
freeze_20260610_192142,baselines_full_20260718,historical_average_route_day_type_slot,3,30,1,2024-10-28 07:30:00,2024-10-28 08:00:00,1,96.0,201.4344262295082,105.4344262295082,105.4344262295082,11116.418234345607,LABORAL,8,False
freeze_20260610_192142,baselines_full_20260718,historical_average_route_day_type_slot,3,30,1,2024-10-28 08:00:00,2024-10-28 08:30:00,1,289.0,203.00819672131146,-85.99180327868854,85.99180327868854,7394.590231120668,LABORAL,8,False
freeze_20260610_192142,baselines_full_20260718,historical_average_route_day_type_slot,3,30,2,2024-10-29 06:00:00,2024-10-29 06:30:00,1,345.0,296.0984848484849,-48.90151515151513,48.90151515151513,2391.3581841138634,LABORAL,6,False
freeze_20260610_192142,baselines_full_20260718,historical_average_route_day_type_slot,3,30,2,2024-10-29 10:00:00,2024-10-29 10:30:00,1,234.0,148.3740458015267,-85.6259541984733,85.6259541984733,7331.804032399046,LABORAL,10,False
freeze_20260610_192142,baselines_full_20260718,historical_average_route_day_type_slot,3,30,2,2024-10-30 07:00:00,2024-10-30 07:30:00,1,111.0,200.3053435114504,89.30534351145039,89.30534351145039,7975.444379698154,LABORAL,7,False
freeze_20260610_192142,baselines_full_20260718,historical_average_route_day_type_slot,3,30,2,2024-10-30 07:30:00,2024-10-30 08:00:00,1,217.0,201.28030303030303,-15.719696969696969,15.719696969696969,247.10887281910007,LABORAL,8,False
freeze_20260610_192142,baselines_full_20260718,historical_average_route_day_type_slot,3,30,2,2024-10-30 09:30:00,2024-10-30 10:00:00,1,73.0,153.41666666666666,80.41666666666666,80.41666666666666,6466.8402777777765,LABORAL,10,False
freeze_20260610_192142,baselines_full_20260718,historical_average_route_day_type_slot,3,30,2,2024-10-31 09:30:00,2024-10-31 10:00:00,1,134.0,153.41666666666666,19.416666666666657,19.416666666666657,377.00694444444406,LABORAL,10,False
freeze_20260610_192142,baselines_full_20260718,historical_average_route_day_type_slot,3,30,2,2024-11-01 10:00:00,2024-11-01 10:30:00,1,205.0,148.3740458015267,-56.625954198473295,56.625954198473295,3206.4986888875956,LABORAL,10,False
freeze_20260610_192142,baselines_full_20260718,historical_average_route_day_type_slot,3,30,2,2024-11-02 05:00:00,2024-11-02 05:30:00,1,265.0,236.14814814814815,-28.851851851851848,28.851851851851848,832.4293552812069,SABADO,5,False
freeze_20260610_192142,baselines_full_20260718,historical_average_route_day_type_slot,3,30,2,2024-11-02 09:30:00,2024-11-02 10:00:00,1,117.0,95.29629629629629,-21.70370370370371,21.70370370370371,471.0507544581621,SABADO,10,False
freeze_20260610_192142,baselines_full_20260718,historical_average_route_day_type_slot,3,30,2,2024-11-03 16:00:00,2024-11-03 16:30:00,1,34.0,39.63636363636363,5.636363636363633,5.636363636363633,31.76859504132228,DOMINGO,16,False
freeze_20260610_192142,baselines_full_20260718,historical_average_route_day_type_slot,3,30,2,2024-11-04 15:00:00,2024-11-04 15:30:00,1,89.0,33.8,-55.2,55.2,3047.0400000000004,FESTIVO_PUENTE,15,False
freeze_20260610_192142,baselines_full_20260718,historical_average_route_day_type_slot,3,30,2,2024-11-07 03:30:00,2024-11-07 04:00:00,1,,44.60344827586207,,,,LABORAL,4,True
freeze_20260610_192142,baselines_full_20260718,historical_average_route_day_type_slot,3,30,2,2024-11-07 04:30:00,2024-11-07 05:00:00,1,126.0,196.24615384615385,70.24615384615385,70.24615384615385,4934.522130177515,LABORAL,5,False
freeze_20260610_192142,baselines_full_20260718,historical_average_route_day_type_slot,3,30,2,2024-11-08 11:30:00,2024-11-08 12:00:00,1,265.0,174.63358778625954,-90.36641221374046,90.36641221374046,8166.088456383661,LABORAL,12,False
freeze_20260610_192142,baselines_full_20260718,historical_average_route_day_type_slot,3,30,2,2024-11-09 16:30:00,2024-11-09 17:00:00,1,22.0,42.9375,20.9375,20.9375,438.37890625,SABADO,17,False
freeze_20260610_192142,baselines_full_20260718,historical_average_route_day_type_slot,3,30,2,2024-11-10 06:30:00,2024-11-10 07:00:00,1,23.0,44.608695652173914,21.608695652173914,21.608695652173914,466.9357277882798,DOMINGO,7,False
freeze_20260610_192142,baselines_full_20260718,historical_average_route_day_type_slot,3,30,2,2024-11-10 07:30:00,2024-11-10 08:00:00,1,56.0,48.888888888888886,-7.111111111111114,7.111111111111114,50.56790123456795,DOMINGO,8,False
freeze_20260610_192142,baselines_full_20260718,historical_average_route_day_type_slot,3,30,2,2024-11-11 05:30:00,2024-11-11 06:00:00,1,50.0,63.8,13.799999999999997,13.799999999999997,190.4399999999999,FESTIVO_PUENTE,6,False
freeze_20260610_192142,baselines_full_20260718,historical_average_route_day_type_slot,3,30,2,2024-11-11 16:30:00,2024-11-11 17:00:00,1,,48.5,,,,FESTIVO_PUENTE,17,True
freeze_20260610_192142,baselines_full_20260718,historical_average_route_day_type_slot,3,30,3,2024-11-13 03:30:00,2024-11-13 04:00:00,1,47.0,44.9344262295082,-2.0655737704918025,2.0655737704918025,4.266595001343721,LABORAL,4,False
freeze_20260610_192142,baselines_full_20260718,historical_average_route_day_type_slot,3,30,3,2024-11-13 16:00:00,2024-11-13 16:30:00,1,146.0,119.74820143884892,-26.251798561151077,26.251798561151077,689.1569276952538,LABORAL,16,False
freeze_20260610_192142,baselines_full_20260718,historical_average_route_day_type_slot,3,30,3,2024-11-15 03:30:00,2024-11-15 04:00:00,1,50.0,44.9344262295082,-5.0655737704918025,5.0655737704918025,25.660037624294535,LABORAL,4,False
freeze_20260610_192142,baselines_full_20260718,historical_average_route_day_type_slot,3,30,3,2024-11-15 07:30:00,2024-11-15 08:00:00,1,109.0,201.95,92.94999999999999,92.94999999999999,8639.702499999998,LABORAL,8,False
freeze_20260610_192142,baselines_full_20260718,historical_average_route_day_type_slot,3,30,3,2024-11-15 09:30:00,2024-11-15 10:00:00,1,159.0,151.56428571428572,-7.435714285714283,7.435714285714283,55.289846938775476,LABORAL,10,False
freeze_20260610_192142,baselines_full_20260718,historical_average_route_day_type_slot,3,30,3,2024-11-16 07:00:00,2024-11-16 07:30:00,1,195.0,163.68965517241378,-31.31034482758622,31.31034482758622,980.3376932223553,SABADO,7,False
freeze_20260610_192142,baselines_full_20260718,historical_average_route_day_type_slot,3,30,3,2024-11-17 08:00:00,2024-11-17 08:30:00,1,,51.758620689655174,,,,DOMINGO,8,True
freeze_20260610_192142,baselines_full_20260718,historical_average_route_day_type_slot,3,30,3,2024-11-17 15:30:00,2024-11-17 16:00:00,1,28.0,45.8235294117647,17.823529411764703,17.823529411764703,317.6782006920414,DOMINGO,16,False
freeze_20260610_192142,baselines_full_20260718,historical_average_route_day_type_slot,3,30,3,2024-11-19 17:30:00,2024-11-19 18:00:00,1,,22.77777777777778,,,,LABORAL,18,True
freeze_20260610_192142,baselines_full_20260718,historical_average_route_day_type_slot,3,30,3,2024-11-20 06:00:00,2024-11-20 06:30:00,1,347.0,298.04285714285714,-48.957142857142856,48.957142857142856,2396.8018367346936,LABORAL,6,False
freeze_20260610_192142,baselines_full_20260718,historical_average_route_day_type_slot,3,30,3,2024-11-21 14:30:00,2024-11-21 15:00:00,1,302.0,222.63309352517985,-79.36690647482015,79.36690647482015,6299.105843382849,LABORAL,15,False
freeze_20260610_192142,baselines_full_20260718,historical_average_route_day_type_slot,3,30,3,2024-11-24 04:30:00,2024-11-24 05:00:00,1,22.0,46.416666666666664,24.416666666666664,24.416666666666664,596.173611111111,DOMINGO,5,False
freeze_20260610_192142,baselines_full_20260718,historical_average_route_day_type_slot,3,30,3,2024-11-24 06:00:00,2024-11-24 06:30:00,1,24.0,40.96,16.96,16.96,287.64160000000004,DOMINGO,6,False
freeze_20260610_192142,baselines_full_20260718,historical_average_route_day_type_slot,3,30,3,2024-11-25 05:00:00,2024-11-25 05:30:00,1,316.0,339.78985507246375,23.78985507246375,23.78985507246375,565.9572043688293,LABORAL,5,False
freeze_20260610_192142,baselines_full_20260718,historical_average_route_day_type_slot,3,30,3,2024-11-25 16:00:00,2024-11-25 16:30:00,1,128.0,119.74820143884892,-8.251798561151077,8.251798561151077,68.09217949381498,LABORAL,16,False
freeze_20260610_192142,baselines_full_20260718,historical_average_route_day_type_slot,3,30,4,2024-11-26 06:30:00,2024-11-26 07:00:00,1,194.0,202.48666666666668,8.486666666666679,8.486666666666679,72.02351111111132,LABORAL,7,False
freeze_20260610_192142,baselines_full_20260718,historical_average_route_day_type_slot,3,30,4,2024-11-28 03:30:00,2024-11-28 04:00:00,1,39.0,45.16793893129771,6.167938931297712,6.167938931297712,38.04347066021796,LABORAL,4,False
freeze_20260610_192142,baselines_full_20260718,historical_average_route_day_type_slot,3,30,4,2024-12-01 06:00:00,2024-12-01 06:30:00,1,,40.30769230769231,,,,DOMINGO,6,True
freeze_20260610_192142,baselines_full_20260718,historical_average_route_day_type_slot,3,30,4,2024-12-02 05:00:00,2024-12-02 05:30:00,1,304.0,341.7027027027027,37.70270270270271,37.70270270270271,1421.4937910883862,LABORAL,5,False
freeze_20260610_192142,baselines_full_20260718,historical_average_route_day_type_slot,3,30,4,2024-12-05 13:30:00,2024-12-05 14:00:00,1,116.0,169.70666666666668,53.70666666666668,53.70666666666668,2884.406044444446,LABORAL,14,False
freeze_20260610_192142,baselines_full_20260718,historical_average_route_day_type_slot,3,30,4,2024-12-06 17:00:00,2024-12-06 17:30:00,1,46.0,35.71264367816092,-10.287356321839077,10.287356321839077,105.82970009248243,LABORAL,17,False
freeze_20260610_192142,baselines_full_20260718,historical_average_route_day_type_slot,3,30,4,2024-12-08 05:30:00,2024-12-08 06:00:00,1,29.0,43.666666666666664,14.666666666666664,14.666666666666664,215.11111111111103,FESTIVO,6,False
freeze_20260610_192142,baselines_full_20260718,historical_average_route_day_type_slot,3,30,4,2024-12-08 11:30:00,2024-12-08 12:00:00,1,21.0,92.0,71.0,71.0,5041.0,FESTIVO,12,False
freeze_20260610_192142,baselines_full_20260718,historical_average_route_day_type_slot,3,30,4,2024-12-09 11:00:00,2024-12-09 11:30:00,1,123.0,139.97333333333333,16.97333333333333,16.97333333333333,288.0940444444443,LABORAL,11,False
freeze_20260610_192142,baselines_full_20260718,historical_average_route_day_type_slot,3,30,5,2024-12-11 03:30:00,2024-12-11 04:00:00,1,85.0,45.19285714285714,-39.80714285714286,39.80714285714286,1584.6086224489795,LABORAL,4,False
freeze_20260610_192142,baselines_full_20260718,historical_average_route_day_type_slot,3,30,5,2024-12-11 11:30:00,2024-12-11 12:00:00,1,171.0,175.2012578616352,4.201257861635213,4.201257861635213,17.650567619951683,LABORAL,12,False
freeze_20260610_192142,baselines_full_20260718,historical_average_route_day_type_slot,3,30,5,2024-12-12 07:00:00,2024-12-12 07:30:00,1,238.0,199.63522012578616,-38.36477987421384,38.36477987421384,1471.8563347968832,LABORAL,7,False
freeze_20260610_192142,baselines_full_20260718,historical_average_route_day_type_slot,3,30,5,2024-12-13 10:00:00,2024-12-13 10:30:00,1,109.0,150.08805031446542,41.08805031446542,41.08805031446542,1688.227878644042,LABORAL,10,False
freeze_20260610_192142,baselines_full_20260718,historical_average_route_day_type_slot,3,30,5,2024-12-13 16:30:00,2024-12-13 17:00:00,1,53.0,72.44,19.439999999999998,19.439999999999998,377.9135999999999,LABORAL,17,False
freeze_20260610_192142,baselines_full_20260718,historical_average_route_day_type_slot,3,30,5,2024-12-15 06:00:00,2024-12-15 06:30:00,1,,40.30769230769231,,,,DOMINGO,6,True
freeze_20260610_192142,baselines_full_20260718,historical_average_route_day_type_slot,3,30,5,2024-12-17 13:00:00,2024-12-17 13:30:00,1,171.0,181.42767295597486,10.427672955974856,10.427672955974856,108.7363632767694,LABORAL,13,False
freeze_20260610_192142,baselines_full_20260718,historical_average_route_day_type_slot,3,30,5,2024-12-17 16:00:00,2024-12-17 16:30:00,1,101.0,121.5886075949367,20.588607594936704,20.588607594936704,423.89076269828536,LABORAL,16,False
freeze_20260610_192142,baselines_full_20260718,historical_average_route_day_type_slot,3,30,5,2024-12-18 08:00:00,2024-12-18 08:30:00,1,156.0,204.04375,48.04374999999999,48.04374999999999,2308.201914062499,LABORAL,8,False
freeze_20260610_192142,baselines_full_20260718,historical_average_route_day_type_slot,3,30,5,2024-12-18 17:30:00,2024-12-18 18:00:00,1,,22.77777777777778,,,,LABORAL,18,True
freeze_20260610_192142,baselines_full_20260718,historical_average_route_day_type_slot,3,30,5,2024-12-22 14:30:00,2024-12-22 15:00:00,1,38.0,34.785714285714285,-3.2142857142857153,3.2142857142857153,10.33163265306123,DOMINGO,15,False
freeze_20260610_192142,baselines_full_20260718,historical_average_route_day_type_slot,3,30,5,2024-12-23 04:30:00,2024-12-23 05:00:00,1,128.0,196.13291139240508,68.13291139240508,68.13291139240508,4642.0936148053215,LABORAL,5,False
freeze_20260610_192142,baselines_full_20260718,historical_average_route_day_type_slot,3,30,5,2024-12-23 06:30:00,2024-12-23 07:00:00,1,203.0,204.3125,1.3125,1.3125,1.72265625,LABORAL,7,False
freeze_20260610_192142,baselines_full_20260718,historical_average_route_day_type_slot,3,30,6,2024-12-24 07:00:00,2024-12-24 07:30:00,1,175.0,201.11242603550295,26.11242603550295,26.11242603550295,681.8587934596122,LABORAL,7,False
freeze_20260610_192142,baselines_full_20260718,historical_average_route_day_type_slot,3,30,6,2024-12-24 09:30:00,2024-12-24 10:00:00,1,181.0,150.74705882352941,-30.252941176470586,30.252941176470586,915.2404498269894,LABORAL,10,False
freeze_20260610_192142,baselines_full_20260718,historical_average_route_day_type_slot,3,30,6,2024-12-24 16:00:00,2024-12-24 16:30:00,1,73.0,122.27380952380952,49.27380952380952,49.27380952380952,2427.9083049886617,LABORAL,16,False
freeze_20260610_192142,baselines_full_20260718,historical_average_route_day_type_slot,3,30,6,2024-12-26 06:30:00,2024-12-26 07:00:00,1,77.0,205.3294117647059,128.3294117647059,128.3294117647059,16468.437923875437,LABORAL,7,False
freeze_20260610_192142,baselines_full_20260718,historical_average_route_day_type_slot,3,30,6,2024-12-26 17:00:00,2024-12-26 17:30:00,1,,35.34736842105263,,,,LABORAL,17,True
freeze_20260610_192142,baselines_full_20260718,historical_average_route_day_type_slot,3,30,6,2024-12-27 05:30:00,2024-12-27 06:00:00,1,303.0,337.93491124260356,34.93491124260356,34.93491124260356,1220.4480235285887,LABORAL,6,False
freeze_20260610_192142,baselines_full_20260718,historical_average_route_day_type_slot,3,30,6,2024-12-27 07:00:00,2024-12-27 07:30:00,1,144.0,201.11242603550295,57.11242603550295,57.11242603550295,3261.829207660795,LABORAL,7,False
freeze_20260610_192142,baselines_full_20260718,historical_average_route_day_type_slot,3,30,6,2024-12-29 16:00:00,2024-12-29 16:30:00,1,89.0,37.57142857142857,-51.42857142857143,51.42857142857143,2644.8979591836737,DOMINGO,16,False
freeze_20260610_192142,baselines_full_20260718,historical_average_route_day_type_slot,3,30,6,2024-12-31 05:30:00,2024-12-31 06:00:00,1,126.0,337.93491124260356,211.93491124260356,211.93491124260356,44916.40660341025,LABORAL,6,False
freeze_20260610_192142,baselines_full_20260718,historical_average_route_day_type_slot,3,30,6,2024-12-31 17:00:00,2024-12-31 17:30:00,1,,35.34736842105263,,,,LABORAL,17,True
freeze_20260610_192142,baselines_full_20260718,historical_average_route_day_type_slot,3,30,6,2025-01-01 07:30:00,2025-01-01 08:00:00,1,,74.5,,,,FESTIVO,8,True
freeze_20260610_192142,baselines_full_20260718,historical_average_route_day_type_slot,3,30,6,2025-01-01 11:30:00,2025-01-01 12:00:00,1,,56.5,,,,FESTIVO,12,True
freeze_20260610_192142,baselines_full_20260718,historical_average_route_day_type_slot,3,30,6,2025-01-01 14:00:00,2025-01-01 14:30:00,1,,56.25,,,,FESTIVO,14,True
freeze_20260610_192142,baselines_full_20260718,historical_average_route_day_type_slot,3,30,6,2025-01-02 07:00:00,2025-01-02 07:30:00,1,181.0,201.11242603550295,20.11242603550295,20.11242603550295,404.5096810335769,LABORAL,7,False
freeze_20260610_192142,baselines_full_20260718,historical_average_route_day_type_slot,3,30,6,2025-01-03 11:00:00,2025-01-03 11:30:00,1,145.0,139.46470588235294,-5.535294117647055,5.535294117647055,30.63948096885809,LABORAL,11,False
freeze_20260610_192142,baselines_full_20260718,historical_average_route_day_type_slot,3,30,6,2025-01-04 08:30:00,2025-01-04 09:00:00,1,133.0,128.91176470588235,-4.088235294117652,4.088235294117652,16.713667820069244,SABADO,9,False
freeze_20260610_192142,baselines_full_20260718,historical_average_route_day_type_slot,3,30,7,2025-01-07 12:30:00,2025-01-07 13:00:00,1,140.0,182.22033898305085,42.22033898305085,42.22033898305085,1782.5570238437233,LABORAL,13,False
freeze_20260610_192142,baselines_full_20260718,historical_average_route_day_type_slot,3,30,7,2025-01-09 04:00:00,2025-01-09 04:30:00,1,151.0,133.0742857142857,-17.925714285714292,17.925714285714292,321.3312326530615,LABORAL,4,False
freeze_20260610_192142,baselines_full_20260718,historical_average_route_day_type_slot,3,30,7,2025-01-09 14:30:00,2025-01-09 15:00:00,1,225.0,225.05113636363637,0.05113636363637397,0.05113636363637397,0.00261492768595147,LABORAL,15,False
freeze_20260610_192142,baselines_full_20260718,historical_average_route_day_type_slot,3,30,7,2025-01-09 16:30:00,2025-01-09 17:00:00,1,61.0,71.7239263803681,10.723926380368098,10.723926380368098,115.00259701155483,LABORAL,17,False
freeze_20260610_192142,baselines_full_20260718,historical_average_route_day_type_slot,3,30,7,2025-01-10 14:30:00,2025-01-10 15:00:00,1,177.0,225.05113636363637,48.051136363636374,48.051136363636374,2308.911705836778,LABORAL,15,False
freeze_20260610_192142,baselines_full_20260718,historical_average_route_day_type_slot,3,30,7,2025-01-11 12:30:00,2025-01-11 13:00:00,1,67.0,97.89189189189189,30.891891891891888,30.891891891891888,954.3089846603358,SABADO,13,False
freeze_20260610_192142,baselines_full_20260718,historical_average_route_day_type_slot,3,30,7,2025-01-14 04:30:00,2025-01-14 05:00:00,1,132.0,192.26857142857142,60.26857142857142,60.26857142857142,3632.3007020408154,LABORAL,5,False
freeze_20260610_192142,baselines_full_20260718,historical_average_route_day_type_slot,3,30,7,2025-01-14 09:30:00,2025-01-14 10:00:00,1,89.0,150.06214689265536,61.06214689265536,61.06214689265536,3728.585783140221,LABORAL,10,False
freeze_20260610_192142,baselines_full_20260718,historical_average_route_day_type_slot,3,30,7,2025-01-14 14:30:00,2025-01-14 15:00:00,1,179.0,225.05113636363637,46.051136363636374,46.051136363636374,2120.7071603822324,LABORAL,15,False
freeze_20260610_192142,baselines_full_20260718,historical_average_route_day_type_slot,3,30,7,2025-01-17 10:00:00,2025-01-17 10:30:00,1,137.0,149.30113636363637,12.301136363636374,12.301136363636374,151.31795583677712,LABORAL,10,False
freeze_20260610_192142,baselines_full_20260718,historical_average_route_day_type_slot,3,30,7,2025-01-18 12:00:00,2025-01-18 12:30:00,1,87.0,111.8,24.799999999999997,24.799999999999997,615.0399999999998,SABADO,12,False
freeze_20260610_192142,baselines_full_20260718,historical_average_route_day_type_slot,3,30,7,2025-01-19 07:00:00,2025-01-19 07:30:00,1,53.0,43.294117647058826,-9.705882352941174,9.705882352941174,94.20415224913489,DOMINGO,7,False
freeze_20260610_192142,baselines_full_20260718,historical_average_route_day_type_slot,3,30,7,2025-01-20 03:30:00,2025-01-20 04:00:00,1,44.0,45.38,1.3800000000000026,1.3800000000000026,1.904400000000007,LABORAL,4,False
freeze_20260610_192142,baselines_full_20260718,historical_average_route_day_type_slot,3,30,7,2025-01-20 17:00:00,2025-01-20 17:30:00,1,,35.34020618556701,,,,LABORAL,17,True
freeze_20260610_192142,baselines_full_20260718,historical_average_route_day_type_slot,3,30,8,2025-01-22 09:30:00,2025-01-22 10:00:00,1,101.0,149.6042780748663,48.6042780748663,48.6042780748663,2362.375847178929,LABORAL,10,False
freeze_20260610_192142,baselines_full_20260718,historical_average_route_day_type_slot,3,30,8,2025-01-22 14:30:00,2025-01-22 15:00:00,1,188.0,224.29569892473117,36.29569892473117,36.29569892473117,1317.3777604347313,LABORAL,15,False
freeze_20260610_192142,baselines_full_20260718,historical_average_route_day_type_slot,3,30,8,2025-01-23 05:00:00,2025-01-23 05:30:00,1,320.0,330.79459459459457,10.794594594594571,10.794594594594571,116.52327246165034,LABORAL,5,False
freeze_20260610_192142,baselines_full_20260718,historical_average_route_day_type_slot,3,30,8,2025-01-23 08:00:00,2025-01-23 08:30:00,1,193.0,201.24064171122996,8.240641711229955,8.240641711229955,67.90817581286296,LABORAL,8,False
freeze_20260610_192142,baselines_full_20260718,historical_average_route_day_type_slot,3,30,8,2025-01-23 17:00:00,2025-01-23 17:30:00,1,40.0,35.34020618556701,-4.659793814432987,4.659793814432987,21.71367839302793,LABORAL,17,False
freeze_20260610_192142,baselines_full_20260718,historical_average_route_day_type_slot,3,30,8,2025-01-24 05:00:00,2025-01-24 05:30:00,1,227.0,330.79459459459457,103.79459459459457,103.79459459459457,10773.317867056241,LABORAL,5,False
freeze_20260610_192142,baselines_full_20260718,historical_average_route_day_type_slot,3,30,8,2025-01-25 04:30:00,2025-01-25 05:00:00,1,188.0,139.28205128205127,-48.71794871794873,48.71794871794873,2373.438527284682,SABADO,5,False
freeze_20260610_192142,baselines_full_20260718,historical_average_route_day_type_slot,3,30,8,2025-01-26 16:30:00,2025-01-26 17:00:00,1,,29.272727272727273,,,,DOMINGO,17,True
freeze_20260610_192142,baselines_full_20260718,historical_average_route_day_type_slot,3,30,8,2025-01-27 06:30:00,2025-01-27 07:00:00,1,167.0,205.63101604278074,38.63101604278074,38.63101604278074,1492.355400497583,LABORAL,7,False
freeze_20260610_192142,baselines_full_20260718,historical_average_route_day_type_slot,3,30,8,2025-01-27 13:30:00,2025-01-27 14:00:00,1,177.0,166.22459893048128,-10.775401069518722,10.775401069518722,116.10926820898521,LABORAL,14,False
freeze_20260610_192142,baselines_full_20260718,historical_average_route_day_type_slot,3,30,8,2025-01-27 15:30:00,2025-01-27 16:00:00,1,158.0,160.06951871657753,2.0695187165775337,2.0695187165775337,4.282907718264722,LABORAL,16,False
freeze_20260610_192142,baselines_full_20260718,historical_average_route_day_type_slot,3,30,8,2025-01-28 13:00:00,2025-01-28 13:30:00,1,161.0,176.88709677419354,15.887096774193537,15.887096774193537,252.3998439125907,LABORAL,13,False
freeze_20260610_192142,baselines_full_20260718,historical_average_route_day_type_slot,3,30,8,2025-01-31 12:30:00,2025-01-31 13:00:00,1,165.0,179.7379679144385,14.737967914438514,14.737967914438514,217.20769824701912,LABORAL,13,False
freeze_20260610_192142,baselines_full_20260718,historical_average_route_day_type_slot,3,30,8,2025-02-01 13:30:00,2025-02-01 14:00:00,1,161.0,87.66666666666667,-73.33333333333333,73.33333333333333,5377.777777777777,SABADO,14,False
freeze_20260610_192142,baselines_full_20260718,historical_average_route_day_type_slot,3,30,8,2025-02-02 11:30:00,2025-02-02 12:00:00,1,,44.57142857142857,,,,DOMINGO,12,True
freeze_20260610_192142,baselines_full_20260718,historical_average_route_day_type_slot,3,30,8,2025-02-02 12:30:00,2025-02-02 13:00:00,1,34.0,34.03125,0.03125,0.03125,0.0009765625,DOMINGO,13,False
freeze_20260610_192142,baselines_full_20260718,historical_average_route_day_type_slot,3,30,8,2025-02-03 11:30:00,2025-02-03 12:00:00,1,230.0,173.7258064516129,-56.2741935483871,56.2741935483871,3166.7848595213327,LABORAL,12,False
freeze_20260610_192142,baselines_full_20260718,historical_average_route_day_type_slot,3,30,8,2025-02-03 13:30:00,2025-02-03 14:00:00,1,193.0,166.22459893048128,-26.775401069518722,26.775401069518722,716.9221024335843,LABORAL,14,False
freeze_20260610_192142,baselines_full_20260718,historical_average_route_day_type_slot,3,30,9,2025-02-06 11:30:00,2025-02-06 12:00:00,1,170.0,173.52820512820512,3.5282051282051157,3.5282051282051157,12.448231426692876,LABORAL,12,False
freeze_20260610_192142,baselines_full_20260718,historical_average_route_day_type_slot,3,30,9,2025-02-06 15:00:00,2025-02-06 15:30:00,1,251.0,198.63076923076923,-52.36923076923077,52.36923076923077,2742.5363313609464,LABORAL,15,False
freeze_20260610_192142,baselines_full_20260718,historical_average_route_day_type_slot,3,30,9,2025-02-07 08:00:00,2025-02-07 08:30:00,1,162.0,201.6548223350254,39.654822335025386,39.654822335025386,1572.5049344224283,LABORAL,8,False
freeze_20260610_192142,baselines_full_20260718,historical_average_route_day_type_slot,3,30,9,2025-02-08 09:30:00,2025-02-08 10:00:00,1,150.0,104.6,-45.400000000000006,45.400000000000006,2061.1600000000003,SABADO,10,False
freeze_20260610_192142,baselines_full_20260718,historical_average_route_day_type_slot,3,30,9,2025-02-08 11:00:00,2025-02-08 11:30:00,1,85.0,117.225,32.224999999999994,32.224999999999994,1038.4506249999997,SABADO,11,False
freeze_20260610_192142,baselines_full_20260718,historical_average_route_day_type_slot,3,30,9,2025-02-09 11:30:00,2025-02-09 12:00:00,1,24.0,44.241379310344826,20.241379310344826,20.241379310344826,409.7134363852556,DOMINGO,12,False
freeze_20260610_192142,baselines_full_20260718,historical_average_route_day_type_slot,3,30,9,2025-02-09 12:00:00,2025-02-09 12:30:00,1,11.0,40.935483870967744,29.935483870967744,29.935483870967744,896.1331945889699,DOMINGO,12,False
freeze_20260610_192142,baselines_full_20260718,historical_average_route_day_type_slot,3,30,9,2025-02-09 16:30:00,2025-02-09 17:00:00,1,,29.272727272727273,,,,DOMINGO,17,True
freeze_20260610_192142,baselines_full_20260718,historical_average_route_day_type_slot,3,30,9,2025-02-10 05:00:00,2025-02-10 05:30:00,1,188.0,327.83076923076925,139.83076923076925,139.83076923076925,19552.644023668643,LABORAL,5,False
freeze_20260610_192142,baselines_full_20260718,historical_average_route_day_type_slot,3,30,9,2025-02-10 12:30:00,2025-02-10 13:00:00,1,188.0,178.81218274111674,-9.187817258883257,9.187817258883257,84.41598598263305,LABORAL,13,False
freeze_20260610_192142,baselines_full_20260718,historical_average_route_day_type_slot,3,30,9,2025-02-12 06:30:00,2025-02-12 07:00:00,1,211.0,204.46700507614213,-6.532994923857871,6.532994923857871,42.680022675152706,LABORAL,7,False
freeze_20260610_192142,baselines_full_20260718,historical_average_route_day_type_slot,3,30,9,2025-02-12 12:00:00,2025-02-12 12:30:00,1,165.0,182.14720812182742,17.14720812182742,17.14720812182742,294.0267463732642,LABORAL,12,False
freeze_20260610_192142,baselines_full_20260718,historical_average_route_day_type_slot,3,30,9,2025-02-14 12:30:00,2025-02-14 13:00:00,1,166.0,178.81218274111674,12.812182741116743,12.812182741116743,164.15202659176973,LABORAL,13,False
freeze_20260610_192142,baselines_full_20260718,historical_average_route_day_type_slot,3,30,9,2025-02-14 17:30:00,2025-02-14 18:00:00,1,,24.5,,,,LABORAL,18,True
freeze_20260610_192142,baselines_full_20260718,historical_average_route_day_type_slot,3,30,9,2025-02-15 04:00:00,2025-02-15 04:30:00,1,182.0,109.58536585365853,-72.41463414634147,72.41463414634147,5243.879238548484,SABADO,4,False
freeze_20260610_192142,baselines_full_20260718,historical_average_route_day_type_slot,3,30,9,2025-02-15 11:30:00,2025-02-15 12:00:00,1,109.0,119.63414634146342,10.63414634146342,10.63414634146342,113.08506841165985,SABADO,12,False
freeze_20260610_192142,baselines_full_20260718,historical_average_route_day_type_slot,3,30,9,2025-02-15 17:00:00,2025-02-15 17:30:00,1,,38.55555555555556,,,,SABADO,17,True
freeze_20260610_192142,baselines_full_20260718,historical_average_route_day_type_slot,3,30,9,2025-02-17 17:00:00,2025-02-17 17:30:00,1,,35.90384615384615,,,,LABORAL,17,True
freeze_20260610_192142,baselines_full_20260718,historical_average_route_day_type_slot,3,30,10,2025-02-18 09:00:00,2025-02-18 09:30:00,1,128.0,155.54368932038835,27.543689320388353,27.543689320388353,758.6548213780754,LABORAL,9,False
freeze_20260610_192142,baselines_full_20260718,historical_average_route_day_type_slot,3,30,10,2025-02-19 04:00:00,2025-02-19 04:30:00,1,120.0,135.0390243902439,15.039024390243895,15.039024390243895,226.17225461035076,LABORAL,4,False
freeze_20260610_192142,baselines_full_20260718,historical_average_route_day_type_slot,3,30,10,2025-02-19 13:00:00,2025-02-19 13:30:00,1,101.0,174.55825242718447,73.55825242718447,73.55825242718447,5410.81650014139,LABORAL,13,False
freeze_20260610_192142,baselines_full_20260718,historical_average_route_day_type_slot,3,30,10,2025-02-22 09:30:00,2025-02-22 10:00:00,1,124.0,105.66666666666667,-18.33333333333333,18.33333333333333,336.1111111111109,SABADO,10,False
freeze_20260610_192142,baselines_full_20260718,historical_average_route_day_type_slot,3,30,10,2025-02-22 11:30:00,2025-02-22 12:00:00,1,55.0,117.74418604651163,62.74418604651163,62.74418604651163,3936.8328826392644,SABADO,12,False
freeze_20260610_192142,baselines_full_20260718,historical_average_route_day_type_slot,3,30,10,2025-02-23 06:30:00,2025-02-23 07:00:00,1,23.0,41.166666666666664,18.166666666666664,18.166666666666664,330.0277777777777,DOMINGO,7,False
freeze_20260610_192142,baselines_full_20260718,historical_average_route_day_type_slot,3,30,10,2025-02-24 12:00:00,2025-02-24 12:30:00,1,224.0,181.6328502415459,-42.367149758454104,42.367149758454104,1794.9753786552776,LABORAL,12,False
freeze_20260610_192142,baselines_full_20260718,historical_average_route_day_type_slot,3,30,10,2025-02-25 16:30:00,2025-02-25 17:00:00,1,41.0,71.78835978835978,30.788359788359784,30.788359788359784,947.9230984574898,LABORAL,17,False
freeze_20260610_192142,baselines_full_20260718,historical_average_route_day_type_slot,3,30,10,2025-02-26 17:00:00,2025-02-26 17:30:00,1,44.0,36.22522522522522,-7.774774774774777,7.774774774774777,60.447122798474176,LABORAL,17,False
freeze_20260610_192142,baselines_full_20260718,historical_average_route_day_type_slot,3,30,10,2025-02-27 03:30:00,2025-02-27 04:00:00,1,52.0,45.865921787709496,-6.134078212290504,6.134078212290504,37.626915514497064,LABORAL,4,False
freeze_20260610_192142,baselines_full_20260718,historical_average_route_day_type_slot,3,30,10,2025-02-27 06:30:00,2025-02-27 07:00:00,1,131.0,204.8695652173913,73.86956521739131,73.86956521739131,5456.712665406429,LABORAL,7,False
freeze_20260610_192142,baselines_full_20260718,historical_average_route_day_type_slot,3,30,10,2025-02-28 05:30:00,2025-02-28 06:00:00,1,334.0,328.4514563106796,-5.548543689320411,5.548543689320411,30.786337072297357,LABORAL,6,False
freeze_20260610_192142,baselines_full_20260718,historical_average_route_day_type_slot,3,30,10,2025-03-02 14:00:00,2025-03-02 14:30:00,1,26.0,38.02857142857143,12.028571428571432,12.028571428571432,144.68653061224498,DOMINGO,14,False
freeze_20260610_192142,baselines_full_20260718,historical_average_route_day_type_slot,3,30,10,2025-03-03 05:30:00,2025-03-03 06:00:00,1,239.0,328.4514563106796,89.45145631067959,89.45145631067959,8001.563036101419,LABORAL,6,False
freeze_20260610_192142,baselines_full_20260718,historical_average_route_day_type_slot,3,30,11,2025-03-05 05:30:00,2025-03-05 06:00:00,1,255.0,327.7361111111111,72.73611111111109,72.73611111111109,5290.5418595678975,LABORAL,6,False
freeze_20260610_192142,baselines_full_20260718,historical_average_route_day_type_slot,3,30,11,2025-03-06 06:00:00,2025-03-06 06:30:00,1,193.0,291.40552995391704,98.40552995391704,98.40552995391704,9683.648325511263,LABORAL,6,False
freeze_20260610_192142,baselines_full_20260718,historical_average_route_day_type_slot,3,30,11,2025-03-06 13:00:00,2025-03-06 13:30:00,1,105.0,173.6435185185185,68.6435185185185,68.6435185185185,4711.932634602193,LABORAL,13,False
freeze_20260610_192142,baselines_full_20260718,historical_average_route_day_type_slot,3,30,11,2025-03-06 13:30:00,2025-03-06 14:00:00,1,177.0,165.32258064516128,-11.677419354838719,11.677419354838719,136.36212278876192,LABORAL,14,False
freeze_20260610_192142,baselines_full_20260718,historical_average_route_day_type_slot,3,30,11,2025-03-07 04:00:00,2025-03-07 04:30:00,1,217.0,137.94418604651162,-79.05581395348838,79.05581395348838,6249.821719848568,LABORAL,4,False
freeze_20260610_192142,baselines_full_20260718,historical_average_route_day_type_slot,3,30,11,2025-03-07 15:30:00,2025-03-07 16:00:00,1,142.0,159.94009216589862,17.94009216589862,17.94009216589862,321.846906920937,LABORAL,16,False
freeze_20260610_192142,baselines_full_20260718,historical_average_route_day_type_slot,3,30,11,2025-03-07 17:00:00,2025-03-07 17:30:00,1,16.0,36.95,20.950000000000003,20.950000000000003,438.90250000000015,LABORAL,17,False
freeze_20260610_192142,baselines_full_20260718,historical_average_route_day_type_slot,3,30,11,2025-03-08 05:30:00,2025-03-08 06:00:00,1,248.0,233.6,-14.400000000000006,14.400000000000006,207.36000000000016,SABADO,6,False
freeze_20260610_192142,baselines_full_20260718,historical_average_route_day_type_slot,3,30,11,2025-03-08 10:30:00,2025-03-08 11:00:00,1,121.0,133.02272727272728,12.02272727272728,12.02272727272728,144.54597107438036,SABADO,11,False
freeze_20260610_192142,baselines_full_20260718,historical_average_route_day_type_slot,3,30,11,2025-03-08 16:30:00,2025-03-08 17:00:00,1,48.0,43.04,-4.960000000000001,4.960000000000001,24.60160000000001,SABADO,17,False
freeze_20260610_192142,baselines_full_20260718,historical_average_route_day_type_slot,3,30,11,2025-03-09 16:00:00,2025-03-09 16:30:00,1,,41.05555555555556,,,,DOMINGO,16,True
freeze_20260610_192142,baselines_full_20260718,historical_average_route_day_type_slot,3,30,11,2025-03-10 08:30:00,2025-03-10 09:00:00,1,201.0,182.35185185185185,-18.648148148148152,18.648148148148152,347.75342935528136,LABORAL,9,False
freeze_20260610_192142,baselines_full_20260718,historical_average_route_day_type_slot,3,30,11,2025-03-13 12:30:00,2025-03-13 13:00:00,1,135.0,179.35944700460828,44.359447004608285,44.359447004608285,1967.760538554651,LABORAL,13,False
freeze_20260610_192142,baselines_full_20260718,historical_average_route_day_type_slot,3,30,11,2025-03-14 12:00:00,2025-03-14 12:30:00,1,186.0,181.21658986175115,-4.783410138248854,4.783410138248854,22.88101255070192,LABORAL,12,False
freeze_20260610_192142,baselines_full_20260718,historical_average_route_day_type_slot,3,30,11,2025-03-15 03:30:00,2025-03-15 04:00:00,1,36.0,33.3125,-2.6875,2.6875,7.22265625,SABADO,4,False
freeze_20260610_192142,baselines_full_20260718,historical_average_route_day_type_slot,3,30,11,2025-03-15 10:30:00,2025-03-15 11:00:00,1,63.0,133.02272727272728,70.02272727272728,70.02272727272728,4903.182334710745,SABADO,11,False
freeze_20260610_192142,baselines_full_20260718,historical_average_route_day_type_slot,3,30,11,2025-03-16 05:30:00,2025-03-16 06:00:00,1,,40.43333333333333,,,,DOMINGO,6,True
freeze_20260610_192142,baselines_full_20260718,historical_average_route_day_type_slot,3,30,11,2025-03-17 05:30:00,2025-03-17 06:00:00,1,245.0,327.7361111111111,82.73611111111109,82.73611111111109,6845.264081790119,LABORAL,6,False
freeze_20260610_192142,baselines_full_20260718,historical_average_route_day_type_slot,3,30,11,2025-03-17 11:30:00,2025-03-17 12:00:00,1,183.0,173.0139534883721,-9.986046511627904,9.986046511627904,99.72112493239584,LABORAL,12,False
freeze_20260610_192142,baselines_full_20260718,historical_average_route_day_type_slot,3,30,11,2025-03-17 13:30:00,2025-03-17 14:00:00,1,158.0,165.32258064516128,7.322580645161281,7.322580645161281,53.62018730489061,LABORAL,14,False
freeze_20260610_192142,baselines_full_20260718,historical_average_route_day_type_slot,3,30,12,2025-03-18 15:30:00,2025-03-18 16:00:00,1,195.0,159.6784140969163,-35.3215859030837,35.3215859030837,1247.6144307089212,LABORAL,16,False
freeze_20260610_192142,baselines_full_20260718,historical_average_route_day_type_slot,3,30,12,2025-03-19 10:30:00,2025-03-19 11:00:00,1,118.0,134.76651982378854,16.766519823788542,16.766519823788542,281.11618700149415,LABORAL,11,False
freeze_20260610_192142,baselines_full_20260718,historical_average_route_day_type_slot,3,30,12,2025-03-19 17:00:00,2025-03-19 17:30:00,1,3.0,37.333333333333336,34.333333333333336,34.333333333333336,1178.7777777777778,LABORAL,17,False
freeze_20260610_192142,baselines_full_20260718,historical_average_route_day_type_slot,3,30,12,2025-03-20 17:00:00,2025-03-20 17:30:00,1,35.0,37.333333333333336,2.3333333333333357,2.3333333333333357,5.444444444444455,LABORAL,17,False
freeze_20260610_192142,baselines_full_20260718,historical_average_route_day_type_slot,3,30,12,2025-03-22 17:00:00,2025-03-22 17:30:00,1,33.0,37.2,4.200000000000003,4.200000000000003,17.640000000000025,SABADO,17,False
freeze_20260610_192142,baselines_full_20260718,historical_average_route_day_type_slot,3,30,12,2025-03-23 10:30:00,2025-03-23 11:00:00,1,51.0,40.743589743589745,-10.256410256410255,10.256410256410255,105.19395134779748,DOMINGO,11,False
freeze_20260610_192142,baselines_full_20260718,historical_average_route_day_type_slot,3,30,12,2025-03-24 04:00:00,2025-03-24 04:30:00,1,,49.166666666666664,,,,FESTIVO_PUENTE,4,True
freeze_20260610_192142,baselines_full_20260718,historical_average_route_day_type_slot,3,30,12,2025-03-24 06:30:00,2025-03-24 07:00:00,1,33.0,56.833333333333336,23.833333333333336,23.833333333333336,568.0277777777779,FESTIVO_PUENTE,7,False
freeze_20260610_192142,baselines_full_20260718,historical_average_route_day_type_slot,3,30,12,2025-03-26 13:30:00,2025-03-26 14:00:00,1,158.0,164.2202643171806,6.220264317180607,6.220264317180607,38.69168817559033,LABORAL,14,False
freeze_20260610_192142,baselines_full_20260718,historical_average_route_day_type_slot,3,30,12,2025-03-27 13:30:00,2025-03-27 14:00:00,1,154.0,164.2202643171806,10.220264317180607,10.220264317180607,104.45380271303519,LABORAL,14,False
freeze_20260610_192142,baselines_full_20260718,historical_average_route_day_type_slot,3,30,12,2025-03-27 15:00:00,2025-03-27 15:30:00,1,127.0,193.88,66.88,66.88,4472.934399999999,LABORAL,15,False
freeze_20260610_192142,baselines_full_20260718,historical_average_route_day_type_slot,3,30,12,2025-03-29 04:30:00,2025-03-29 05:00:00,1,211.0,147.74468085106383,-63.25531914893617,63.25531914893617,4001.2354006337705,SABADO,5,False
freeze_20260610_192142,baselines_full_20260718,historical_average_route_day_type_slot,3,30,12,2025-03-29 13:00:00,2025-03-29 13:30:00,1,150.0,87.12765957446808,-62.87234042553192,62.87234042553192,3952.931190583975,SABADO,13,False
freeze_20260610_192142,baselines_full_20260718,historical_average_route_day_type_slot,3,30,12,2025-03-30 08:00:00,2025-03-30 08:30:00,1,24.0,51.904761904761905,27.904761904761905,27.904761904761905,778.6757369614513,DOMINGO,8,False
freeze_20260610_192142,baselines_full_20260718,historical_average_route_day_type_slot,3,30,13,2025-04-01 06:30:00,2025-04-01 07:00:00,1,224.0,199.58050847457628,-24.419491525423723,24.419491525423723,596.311566360241,LABORAL,7,False
freeze_20260610_192142,baselines_full_20260718,historical_average_route_day_type_slot,3,30,13,2025-04-04 07:30:00,2025-04-04 08:00:00,1,193.0,197.35169491525423,4.351694915254228,4.351694915254228,18.937248635449503,LABORAL,8,False
freeze_20260610_192142,baselines_full_20260718,historical_average_route_day_type_slot,3,30,13,2025-04-04 08:00:00,2025-04-04 08:30:00,1,120.0,196.96610169491527,76.96610169491527,76.96610169491527,5923.780810112039,LABORAL,8,False
freeze_20260610_192142,baselines_full_20260718,historical_average_route_day_type_slot,3,30,13,2025-04-05 11:30:00,2025-04-05 12:00:00,1,133.0,112.14285714285714,-20.85714285714286,20.85714285714286,435.0204081632655,SABADO,12,False
freeze_20260610_192142,baselines_full_20260718,historical_average_route_day_type_slot,3,30,13,2025-04-06 15:00:00,2025-04-06 15:30:00,1,25.0,35.878787878787875,10.878787878787875,10.878787878787875,118.348025711662,DOMINGO,15,False
freeze_20260610_192142,baselines_full_20260718,historical_average_route_day_type_slot,3,30,13,2025-04-07 07:30:00,2025-04-07 08:00:00,1,209.0,197.35169491525423,-11.648305084745772,11.648305084745772,135.6830113473142,LABORAL,8,False
freeze_20260610_192142,baselines_full_20260718,historical_average_route_day_type_slot,3,30,13,2025-04-07 17:00:00,2025-04-07 17:30:00,1,36.0,37.262773722627735,1.2627737226277347,1.2627737226277347,1.594597474559107,LABORAL,17,False
freeze_20260610_192142,baselines_full_20260718,historical_average_route_day_type_slot,3,30,13,2025-04-08 17:30:00,2025-04-08 18:00:00,1,,23.566666666666666,,,,LABORAL,18,True
freeze_20260610_192142,baselines_full_20260718,historical_average_route_day_type_slot,3,30,13,2025-04-09 09:00:00,2025-04-09 09:30:00,1,151.0,151.91063829787234,0.9106382978723389,0.9106382978723389,0.8292621095518306,LABORAL,9,False
freeze_20260610_192142,baselines_full_20260718,historical_average_route_day_type_slot,3,30,13,2025-04-09 12:30:00,2025-04-09 13:00:00,1,117.0,177.53191489361703,60.53191489361703,60.53191489361703,3664.112720688095,LABORAL,13,False
freeze_20260610_192142,baselines_full_20260718,historical_average_route_day_type_slot,3,30,13,2025-04-09 13:00:00,2025-04-09 13:30:00,1,192.0,171.6239316239316,-20.37606837606839,20.37606837606839,415.1841624662143,LABORAL,13,False
freeze_20260610_192142,baselines_full_20260718,historical_average_route_day_type_slot,3,30,13,2025-04-13 16:30:00,2025-04-13 17:00:00,1,28.0,29.583333333333332,1.5833333333333321,1.5833333333333321,2.5069444444444406,DOMINGO,17,False
freeze_20260610_192142,baselines_full_20260718,historical_average_route_day_type_slot,3,30,13,2025-04-14 04:30:00,2025-04-14 05:00:00,1,176.0,211.9145299145299,35.91452991452991,35.91452991452991,1289.8534589816636,LABORAL,5,False
freeze_20260610_192142,baselines_full_20260718,historical_average_route_day_type_slot,3,30,13,2025-04-14 17:30:00,2025-04-14 18:00:00,1,12.0,23.566666666666666,11.566666666666666,11.566666666666666,133.78777777777776,LABORAL,18,False
freeze_20260610_192142,baselines_full_20260718,historical_average_route_day_type_slot,3,30,14,2025-04-15 08:00:00,2025-04-15 08:30:00,1,159.0,195.1991869918699,36.19918699186991,36.19918699186991,1310.3811388723636,LABORAL,8,False
freeze_20260610_192142,baselines_full_20260718,historical_average_route_day_type_slot,3,30,14,2025-04-17 05:00:00,2025-04-17 05:30:00,1,,57.75,,,,FESTIVO,5,True
freeze_20260610_192142,baselines_full_20260718,historical_average_route_day_type_slot,3,30,14,2025-04-18 11:30:00,2025-04-18 12:00:00,1,14.0,46.0,32.0,32.0,1024.0,FESTIVO,12,False
freeze_20260610_192142,baselines_full_20260718,historical_average_route_day_type_slot,3,30,14,2025-04-19 07:30:00,2025-04-19 08:00:00,1,61.0,141.45098039215685,80.45098039215685,80.45098039215685,6472.3602460592065,SABADO,8,False
freeze_20260610_192142,baselines_full_20260718,historical_average_route_day_type_slot,3,30,14,2025-04-19 11:30:00,2025-04-19 12:00:00,1,23.0,111.2156862745098,88.2156862745098,88.2156862745098,7782.007304882738,SABADO,12,False
freeze_20260610_192142,baselines_full_20260718,historical_average_route_day_type_slot,3,30,14,2025-04-20 07:30:00,2025-04-20 08:00:00,1,41.0,49.12244897959184,8.122448979591837,8.122448979591837,65.97417742607247,DOMINGO,8,False
freeze_20260610_192142,baselines_full_20260718,historical_average_route_day_type_slot,3,30,14,2025-04-20 09:30:00,2025-04-20 10:00:00,1,39.0,43.5531914893617,4.553191489361701,4.553191489361701,20.731552738795827,DOMINGO,10,False
freeze_20260610_192142,baselines_full_20260718,historical_average_route_day_type_slot,3,30,14,2025-04-20 12:00:00,2025-04-20 12:30:00,1,68.0,39.794871794871796,-28.205128205128204,28.205128205128204,795.5292570677186,DOMINGO,12,False
freeze_20260610_192142,baselines_full_20260718,historical_average_route_day_type_slot,3,30,14,2025-04-21 07:30:00,2025-04-21 08:00:00,1,208.0,196.85365853658536,-11.146341463414643,11.146341463414643,124.24092801903649,LABORAL,8,False
freeze_20260610_192142,baselines_full_20260718,historical_average_route_day_type_slot,3,30,14,2025-04-22 14:30:00,2025-04-22 15:00:00,1,172.0,209.0938775510204,37.0938775510204,37.0938775510204,1375.955751770095,LABORAL,15,False
freeze_20260610_192142,baselines_full_20260718,historical_average_route_day_type_slot,3,30,14,2025-04-23 08:30:00,2025-04-23 09:00:00,1,157.0,177.9673469387755,20.967346938775506,20.967346938775506,439.62963765097857,LABORAL,9,False
freeze_20260610_192142,baselines_full_20260718,historical_average_route_day_type_slot,3,30,14,2025-04-23 12:00:00,2025-04-23 12:30:00,1,172.0,179.01626016260164,7.01626016260164,7.01626016260164,49.227906669310784,LABORAL,12,False
freeze_20260610_192142,baselines_full_20260718,historical_average_route_day_type_slot,3,30,14,2025-04-23 13:00:00,2025-04-23 13:30:00,1,218.0,172.11065573770492,-45.88934426229508,45.88934426229508,2105.8319168234348,LABORAL,13,False
freeze_20260610_192142,baselines_full_20260718,historical_average_route_day_type_slot,3,30,14,2025-04-23 13:30:00,2025-04-23 14:00:00,1,78.0,162.60408163265305,84.60408163265305,84.60408163265305,7157.850628904621,LABORAL,14,False
freeze_20260610_192142,baselines_full_20260718,historical_average_route_day_type_slot,3,30,14,2025-04-24 10:00:00,2025-04-24 10:30:00,1,134.0,142.9795918367347,8.979591836734699,8.979591836734699,80.63306955435243,LABORAL,10,False
freeze_20260610_192142,baselines_full_20260718,historical_average_route_day_type_slot,3,30,14,2025-04-24 16:00:00,2025-04-24 16:30:00,1,52.0,118.11570247933884,66.11570247933884,66.11570247933884,4371.286114336452,LABORAL,16,False
freeze_20260610_192142,baselines_full_20260718,historical_average_route_day_type_slot,3,30,14,2025-04-25 11:00:00,2025-04-25 11:30:00,1,152.0,139.97560975609755,-12.024390243902445,12.024390243902445,144.5859607376563,LABORAL,11,False
freeze_20260610_192142,baselines_full_20260718,historical_average_route_day_type_slot,3,30,14,2025-04-25 13:30:00,2025-04-25 14:00:00,1,84.0,162.60408163265305,78.60408163265305,78.60408163265305,6178.6016493127845,LABORAL,14,False
freeze_20260610_192142,baselines_full_20260718,historical_average_route_day_type_slot,3,30,14,2025-04-26 11:30:00,2025-04-26 12:00:00,1,66.0,111.2156862745098,45.21568627450981,45.21568627450981,2044.4582852748945,SABADO,12,False
freeze_20260610_192142,baselines_full_20260718,historical_average_route_day_type_slot,3,30,14,2025-04-27 06:30:00,2025-04-27 07:00:00,1,27.0,40.02439024390244,13.024390243902438,13.024390243902438,169.634741225461,DOMINGO,7,False
freeze_20260610_192142,baselines_full_20260718,historical_average_route_day_type_slot,3,30,14,2025-04-27 10:30:00,2025-04-27 11:00:00,1,12.0,40.214285714285715,28.214285714285715,28.214285714285715,796.045918367347,DOMINGO,11,False
freeze_20260610_192142,baselines_full_20260718,historical_average_route_day_type_slot,3,30,14,2025-04-27 16:00:00,2025-04-27 16:30:00,1,,40.7,,,,DOMINGO,16,True
freeze_20260610_192142,baselines_full_20260718,historical_average_route_day_type_slot,3,30,15,2025-05-01 04:00:00,2025-05-01 04:30:00,1,,32.5,,,,FESTIVO,4,True
freeze_20260610_192142,baselines_full_20260718,historical_average_route_day_type_slot,3,30,15,2025-05-01 16:00:00,2025-05-01 16:30:00,1,43.0,36.666666666666664,-6.333333333333336,6.333333333333336,40.11111111111114,FESTIVO,16,False
freeze_20260610_192142,baselines_full_20260718,historical_average_route_day_type_slot,3,30,15,2025-05-03 03:30:00,2025-05-03 04:00:00,1,,34.43589743589744,,,,SABADO,4,True
freeze_20260610_192142,baselines_full_20260718,historical_average_route_day_type_slot,3,30,15,2025-05-03 07:30:00,2025-05-03 08:00:00,1,144.0,140.43396226415095,-3.5660377358490507,3.5660377358490507,12.716625133499424,SABADO,8,False
freeze_20260610_192142,baselines_full_20260718,historical_average_route_day_type_slot,3,30,15,2025-05-03 08:30:00,2025-05-03 09:00:00,1,98.0,126.51923076923077,28.519230769230774,28.519230769230774,813.3465236686393,SABADO,9,False
freeze_20260610_192142,baselines_full_20260718,historical_average_route_day_type_slot,3,30,15,2025-05-03 14:00:00,2025-05-03 14:30:00,1,96.0,85.6078431372549,-10.392156862745097,10.392156862745097,107.99692425990001,SABADO,14,False
freeze_20260610_192142,baselines_full_20260718,historical_average_route_day_type_slot,3,30,15,2025-05-04 05:30:00,2025-05-04 06:00:00,1,59.0,41.411764705882355,-17.588235294117645,17.588235294117645,309.3460207612456,DOMINGO,6,False
freeze_20260610_192142,baselines_full_20260718,historical_average_route_day_type_slot,3,30,15,2025-05-04 12:00:00,2025-05-04 12:30:00,1,,40.21951219512195,,,,DOMINGO,12,True
freeze_20260610_192142,baselines_full_20260718,historical_average_route_day_type_slot,3,30,15,2025-05-05 07:00:00,2025-05-05 07:30:00,1,182.0,192.6600790513834,10.660079051383406,10.660079051383406,113.63728538174333,LABORAL,7,False
freeze_20260610_192142,baselines_full_20260718,historical_average_route_day_type_slot,3,30,15,2025-05-08 04:00:00,2025-05-08 04:30:00,1,262.0,146.12698412698413,-115.87301587301587,115.87301587301587,13426.555807508188,LABORAL,4,False
freeze_20260610_192142,baselines_full_20260718,historical_average_route_day_type_slot,3,30,15,2025-05-08 14:00:00,2025-05-08 14:30:00,1,105.0,189.80237154150197,84.80237154150197,84.80237154150197,7191.442219062943,LABORAL,14,False
freeze_20260610_192142,baselines_full_20260718,historical_average_route_day_type_slot,3,30,15,2025-05-09 05:30:00,2025-05-09 06:00:00,1,366.0,324.12648221343875,-41.87351778656125,41.87351778656125,1753.3914918214614,LABORAL,6,False
freeze_20260610_192142,baselines_full_20260718,historical_average_route_day_type_slot,3,30,15,2025-05-09 14:00:00,2025-05-09 14:30:00,1,121.0,189.80237154150197,68.80237154150197,68.80237154150197,4733.76632973488,LABORAL,14,False
freeze_20260610_192142,baselines_full_20260718,historical_average_route_day_type_slot,3,30,15,2025-05-09 15:30:00,2025-05-09 16:00:00,1,120.0,158.54330708661416,38.54330708661416,38.54330708661416,1485.5865211730415,LABORAL,16,False
freeze_20260610_192142,baselines_full_20260718,historical_average_route_day_type_slot,3,30,15,2025-05-10 09:30:00,2025-05-10 10:00:00,1,85.0,105.32692307692308,20.32692307692308,20.32692307692308,413.1838017751481,SABADO,10,False
freeze_20260610_192142,baselines_full_20260718,historical_average_route_day_type_slot,3,30,15,2025-05-11 08:00:00,2025-05-11 08:30:00,1,28.0,50.125,22.125,22.125,489.515625,DOMINGO,8,False
freeze_20260610_192142,baselines_full_20260718,historical_average_route_day_type_slot,3,30,16,2025-05-13 12:00:00,2025-05-13 12:30:00,1,149.0,177.05703422053233,28.05703422053233,28.05703422053233,787.1971692521222,LABORAL,12,False
freeze_20260610_192142,baselines_full_20260718,historical_average_route_day_type_slot,3,30,16,2025-05-13 16:00:00,2025-05-13 16:30:00,1,129.0,116.86486486486487,-12.13513513513513,12.13513513513513,147.2615047479911,LABORAL,16,False
freeze_20260610_192142,baselines_full_20260718,historical_average_route_day_type_slot,3,30,16,2025-05-16 13:30:00,2025-05-16 14:00:00,1,145.0,160.63358778625954,15.63358778625954,15.63358778625954,244.40906707068345,LABORAL,14,False
freeze_20260610_192142,baselines_full_20260718,historical_average_route_day_type_slot,3,30,16,2025-05-17 08:00:00,2025-05-17 08:30:00,1,98.0,142.87272727272727,44.872727272727275,44.872727272727275,2013.5616528925623,SABADO,8,False
freeze_20260610_192142,baselines_full_20260718,historical_average_route_day_type_slot,3,30,16,2025-05-19 10:00:00,2025-05-19 10:30:00,1,161.0,142.88931297709922,-18.110687022900777,18.110687022900777,327.9969844414666,LABORAL,10,False
freeze_20260610_192142,baselines_full_20260718,historical_average_route_day_type_slot,3,30,16,2025-05-19 13:00:00,2025-05-19 13:30:00,1,162.0,171.57088122605364,9.570881226053643,9.570881226053643,91.6017674432261,LABORAL,13,False
freeze_20260610_192142,baselines_full_20260718,historical_average_route_day_type_slot,3,30,16,2025-05-19 17:00:00,2025-05-19 17:30:00,1,75.0,36.6875,-38.3125,38.3125,1467.84765625,LABORAL,17,False
freeze_20260610_192142,baselines_full_20260718,historical_average_route_day_type_slot,3,30,16,2025-05-20 11:00:00,2025-05-20 11:30:00,1,181.0,140.25855513307985,-40.74144486692015,40.74144486692015,1659.8653298442941,LABORAL,11,False
freeze_20260610_192142,baselines_full_20260718,historical_average_route_day_type_slot,3,30,16,2025-05-21 10:30:00,2025-05-21 11:00:00,1,119.0,133.66920152091254,14.669201520912537,14.669201520912537,215.1854732611427,LABORAL,11,False
freeze_20260610_192142,baselines_full_20260718,historical_average_route_day_type_slot,3,30,16,2025-05-21 16:30:00,2025-05-21 17:00:00,1,58.0,71.02868852459017,13.028688524590166,13.028688524590166,169.74672467078747,LABORAL,17,False
freeze_20260610_192142,baselines_full_20260718,historical_average_route_day_type_slot,3,30,16,2025-05-22 04:30:00,2025-05-22 05:00:00,1,372.0,220.1647509578544,-151.8352490421456,151.8352490421456,23053.942851690375,LABORAL,5,False
freeze_20260610_192142,baselines_full_20260718,historical_average_route_day_type_slot,3,30,16,2025-05-22 10:00:00,2025-05-22 10:30:00,1,139.0,142.88931297709922,3.889312977099223,3.889312977099223,15.126755433832423,LABORAL,10,False
freeze_20260610_192142,baselines_full_20260718,historical_average_route_day_type_slot,3,30,16,2025-05-24 07:00:00,2025-05-24 07:30:00,1,145.0,161.0909090909091,16.090909090909093,16.090909090909093,258.9173553719009,SABADO,7,False
freeze_20260610_192142,baselines_full_20260718,historical_average_route_day_type_slot,3,30,16,2025-05-25 11:00:00,2025-05-25 11:30:00,1,48.0,45.20454545454545,-2.7954545454545467,2.7954545454545467,7.814566115702487,DOMINGO,11,False
freeze_20260610_192142,baselines_full_20260718,historical_average_route_day_type_slot,3,30,16,2025-05-26 08:00:00,2025-05-26 08:30:00,1,189.0,193.03422053231938,4.034220532319381,4.034220532319381,16.27493530338727,LABORAL,8,False
freeze_20260610_192142,baselines_full_20260718,historical_average_route_day_type_slot,3,30,17,2025-05-27 03:30:00,2025-05-27 04:00:00,1,,48.782051282051285,,,,LABORAL,4,True
freeze_20260610_192142,baselines_full_20260718,historical_average_route_day_type_slot,3,30,17,2025-05-27 05:30:00,2025-05-27 06:00:00,1,322.0,323.9485294117647,1.9485294117646959,1.9485294117646959,3.7967668685120715,LABORAL,6,False
freeze_20260610_192142,baselines_full_20260718,historical_average_route_day_type_slot,3,30,17,2025-05-27 09:00:00,2025-05-27 09:30:00,1,143.0,150.13235294117646,7.132352941176464,7.132352941176464,50.870458477508556,LABORAL,9,False
freeze_20260610_192142,baselines_full_20260718,historical_average_route_day_type_slot,3,30,17,2025-05-27 12:00:00,2025-05-27 12:30:00,1,165.0,175.42124542124543,10.42124542124543,10.42124542124543,108.60235612982885,LABORAL,12,False
freeze_20260610_192142,baselines_full_20260718,historical_average_route_day_type_slot,3,30,17,2025-05-28 14:00:00,2025-05-28 14:30:00,1,175.0,187.5110294117647,12.511029411764696,12.511029411764696,156.52585694204126,LABORAL,14,False
freeze_20260610_192142,baselines_full_20260718,historical_average_route_day_type_slot,3,30,17,2025-05-31 05:30:00,2025-05-31 06:00:00,1,261.0,230.80701754385964,-30.192982456140356,30.192982456140356,911.6161895967994,SABADO,6,False
freeze_20260610_192142,baselines_full_20260718,historical_average_route_day_type_slot,3,30,17,2025-06-01 16:00:00,2025-06-01 16:30:00,1,,38.21739130434783,,,,DOMINGO,16,True
freeze_20260610_192142,baselines_full_20260718,historical_average_route_day_type_slot,3,30,17,2025-06-03 06:00:00,2025-06-03 06:30:00,1,306.0,281.06227106227107,-24.937728937728934,24.937728937728934,621.8903245716431,LABORAL,6,False
freeze_20260610_192142,baselines_full_20260718,historical_average_route_day_type_slot,3,30,17,2025-06-05 08:30:00,2025-06-05 09:00:00,1,172.0,174.8125,2.8125,2.8125,7.91015625,LABORAL,9,False
freeze_20260610_192142,baselines_full_20260718,historical_average_route_day_type_slot,3,30,17,2025-06-06 03:30:00,2025-06-06 04:00:00,1,,48.782051282051285,,,,LABORAL,4,True
freeze_20260610_192142,baselines_full_20260718,historical_average_route_day_type_slot,3,30,17,2025-06-06 07:30:00,2025-06-06 08:00:00,1,184.0,193.6849816849817,9.684981684981693,9.684981684981693,93.79887023843084,LABORAL,8,False
freeze_20260610_192142,baselines_full_20260718,historical_average_route_day_type_slot,3,30,17,2025-06-06 13:00:00,2025-06-06 13:30:00,1,98.0,170.18081180811808,72.18081180811808,72.18081180811808,5210.069593278959,LABORAL,13,False
freeze_20260610_192142,baselines_full_20260718,historical_average_route_day_type_slot,3,30,17,2025-06-07 09:30:00,2025-06-07 10:00:00,1,106.0,106.48214285714286,0.4821428571428612,0.4821428571428612,0.23246173469388146,SABADO,10,False
freeze_20260610_192142,baselines_full_20260718,historical_average_route_day_type_slot,3,30,17,2025-06-07 15:00:00,2025-06-07 15:30:00,1,89.0,73.18867924528301,-15.811320754716988,15.811320754716988,249.99786400854418,SABADO,15,False
freeze_20260610_192142,baselines_full_20260718,historical_average_route_day_type_slot,3,30,17,2025-06-08 08:00:00,2025-06-08 08:30:00,1,28.0,49.11538461538461,21.115384615384613,21.115384615384613,445.8594674556212,DOMINGO,8,False
freeze_20260610_192142,baselines_full_20260718,historical_average_route_day_type_slot,3,30,17,2025-06-08 16:30:00,2025-06-08 17:00:00,1,23.0,29.46153846153846,6.46153846153846,6.46153846153846,41.75147928994081,DOMINGO,17,False
freeze_20260610_192142,baselines_full_20260718,historical_average_route_day_type_slot,3,30,17,2025-06-09 03:30:00,2025-06-09 04:00:00,1,,48.782051282051285,,,,LABORAL,4,True
freeze_20260610_192142,baselines_full_20260718,historical_average_route_day_type_slot,3,30,18,2025-06-10 07:30:00,2025-06-10 08:00:00,1,187.0,192.35106382978722,5.351063829787222,5.351063829787222,28.633884110457092,LABORAL,8,False
freeze_20260610_192142,baselines_full_20260718,historical_average_route_day_type_slot,3,30,18,2025-06-10 11:00:00,2025-06-10 11:30:00,1,106.0,140.10638297872342,34.10638297872342,34.10638297872342,1163.2453598913544,LABORAL,11,False
freeze_20260610_192142,baselines_full_20260718,historical_average_route_day_type_slot,3,30,18,2025-06-11 14:00:00,2025-06-11 14:30:00,1,57.0,186.59074733096085,129.59074733096085,129.59074733096085,16793.761793796937,LABORAL,14,False
freeze_20260610_192142,baselines_full_20260718,historical_average_route_day_type_slot,3,30,18,2025-06-13 07:00:00,2025-06-13 07:30:00,1,195.0,191.75800711743773,-3.241992882562272,3.241992882562272,10.51051785058443,LABORAL,7,False
freeze_20260610_192142,baselines_full_20260718,historical_average_route_day_type_slot,3,30,18,2025-06-13 11:00:00,2025-06-13 11:30:00,1,113.0,140.10638297872342,27.106382978723417,27.106382978723417,734.7559981892266,LABORAL,11,False
freeze_20260610_192142,baselines_full_20260718,historical_average_route_day_type_slot,3,30,18,2025-06-14 12:00:00,2025-06-14 12:30:00,1,82.0,104.35087719298245,22.350877192982452,22.350877192982452,499.56171129578314,SABADO,12,False
freeze_20260610_192142,baselines_full_20260718,historical_average_route_day_type_slot,3,30,18,2025-06-14 17:00:00,2025-06-14 17:30:00,1,,35.53846153846154,,,,SABADO,17,True
freeze_20260610_192142,baselines_full_20260718,historical_average_route_day_type_slot,3,30,18,2025-06-15 14:30:00,2025-06-15 15:00:00,1,24.0,34.30434782608695,10.304347826086953,10.304347826086953,106.17958412098292,DOMINGO,15,False
freeze_20260610_192142,baselines_full_20260718,historical_average_route_day_type_slot,3,30,18,2025-06-16 15:00:00,2025-06-16 15:30:00,1,176.0,190.82857142857142,14.828571428571422,14.828571428571422,219.8865306122447,LABORAL,15,False
freeze_20260610_192142,baselines_full_20260718,historical_average_route_day_type_slot,3,30,18,2025-06-18 06:00:00,2025-06-18 06:30:00,1,278.0,279.91843971631204,1.9184397163120366,1.9184397163120366,3.6804109451234073,LABORAL,6,False
freeze_20260610_192142,baselines_full_20260718,historical_average_route_day_type_slot,3,30,18,2025-06-18 16:00:00,2025-06-18 16:30:00,1,94.0,115.9136690647482,21.913669064748206,21.913669064748206,480.2088918793025,LABORAL,16,False
freeze_20260610_192142,baselines_full_20260718,historical_average_route_day_type_slot,3,30,18,2025-06-18 16:30:00,2025-06-18 17:00:00,1,77.0,71.22813688212928,-5.771863117870723,5.771863117870723,33.31440385143634,LABORAL,17,False
freeze_20260610_192142,baselines_full_20260718,historical_average_route_day_type_slot,3,30,18,2025-06-19 16:30:00,2025-06-19 17:00:00,1,58.0,71.22813688212928,13.228136882129277,13.228136882129277,174.98360537234888,LABORAL,17,False
freeze_20260610_192142,baselines_full_20260718,historical_average_route_day_type_slot,3,30,18,2025-06-21 06:30:00,2025-06-21 07:00:00,1,146.0,164.15254237288136,18.152542372881356,18.152542372881356,329.5147945992531,SABADO,7,False
freeze_20260610_192142,baselines_full_20260718,historical_average_route_day_type_slot,3,30,18,2025-06-21 12:00:00,2025-06-21 12:30:00,1,83.0,104.35087719298245,21.350877192982452,21.350877192982452,455.8599569098182,SABADO,12,False
freeze_20260610_192142,baselines_full_20260718,historical_average_route_day_type_slot,3,30,18,2025-06-22 05:00:00,2025-06-22 05:30:00,1,,39.08571428571429,,,,DOMINGO,5,True
freeze_20260610_192142,baselines_full_20260718,historical_average_route_day_type_slot,3,30,18,2025-06-23 08:00:00,2025-06-23 08:30:00,1,15.0,41.888888888888886,26.888888888888886,26.888888888888886,723.0123456790121,FESTIVO_PUENTE,8,False
freeze_20260610_192142,baselines_full_20260718,historical_average_route_day_type_slot,3,30,18,2025-06-23 11:00:00,2025-06-23 11:30:00,1,,37.45454545454545,,,,FESTIVO_PUENTE,11,True
freeze_20260610_192142,baselines_full_20260718,historical_average_route_day_type_slot,3,30,19,2025-06-26 04:30:00,2025-06-26 05:00:00,1,282.0,228.92041522491348,-53.079584775086516,53.079584775086516,2817.4423198955965,LABORAL,5,False
freeze_20260610_192142,baselines_full_20260718,historical_average_route_day_type_slot,3,30,19,2025-06-26 05:00:00,2025-06-26 05:30:00,1,351.0,320.363321799308,-30.636678200692018,30.636678200692018,938.6060511727575,LABORAL,5,False
freeze_20260610_192142,baselines_full_20260718,historical_average_route_day_type_slot,3,30,19,2025-06-26 05:30:00,2025-06-26 06:00:00,1,264.0,321.1862068965517,57.18620689655171,57.18620689655171,3270.2622592152184,LABORAL,6,False
freeze_20260610_192142,baselines_full_20260718,historical_average_route_day_type_slot,3,30,19,2025-06-27 06:00:00,2025-06-27 06:30:00,1,313.0,278.74226804123714,-34.25773195876286,34.25773195876286,1173.5921989584422,LABORAL,6,False
freeze_20260610_192142,baselines_full_20260718,historical_average_route_day_type_slot,3,30,19,2025-06-27 07:30:00,2025-06-27 08:00:00,1,179.0,191.21993127147766,12.219931271477662,12.219931271477662,149.32672027963767,LABORAL,8,False
freeze_20260610_192142,baselines_full_20260718,historical_average_route_day_type_slot,3,30,19,2025-06-28 03:30:00,2025-06-28 04:00:00,1,,34.43589743589744,,,,SABADO,4,True
freeze_20260610_192142,baselines_full_20260718,historical_average_route_day_type_slot,3,30,19,2025-07-01 10:00:00,2025-07-01 10:30:00,1,187.0,141.8551724137931,-45.1448275862069,45.1448275862069,2038.0554577883477,LABORAL,10,False
freeze_20260610_192142,baselines_full_20260718,historical_average_route_day_type_slot,3,30,19,2025-07-01 17:30:00,2025-07-01 18:00:00,1,,21.369565217391305,,,,LABORAL,18,True
freeze_20260610_192142,baselines_full_20260718,historical_average_route_day_type_slot,3,30,19,2025-07-03 10:30:00,2025-07-03 11:00:00,1,101.0,131.83505154639175,30.835051546391753,30.835051546391753,950.8004038686364,LABORAL,11,False
freeze_20260610_192142,baselines_full_20260718,historical_average_route_day_type_slot,3,30,19,2025-07-03 12:00:00,2025-07-03 12:30:00,1,215.0,174.39175257731958,-40.60824742268042,40.60824742268042,1649.029758741631,LABORAL,12,False
freeze_20260610_192142,baselines_full_20260718,historical_average_route_day_type_slot,3,30,19,2025-07-05 03:30:00,2025-07-05 04:00:00,1,,34.43589743589744,,,,SABADO,4,True
freeze_20260610_192142,baselines_full_20260718,historical_average_route_day_type_slot,3,30,19,2025-07-07 13:30:00,2025-07-07 14:00:00,1,147.0,159.3896551724138,12.389655172413796,12.389655172413796,153.50355529131994,LABORAL,14,False
freeze_20260610_192142,baselines_full_20260718,historical_average_route_day_type_slot,3,30,19,2025-07-07 16:00:00,2025-07-07 16:30:00,1,77.0,114.89547038327527,37.89547038327527,37.89547038327527,1436.066675569693,LABORAL,16,False
freeze_20260610_192142,baselines_full_20260718,historical_average_route_day_type_slot,3,30,20,2025-07-08 07:00:00,2025-07-08 07:30:00,1,149.0,190.7391304347826,41.739130434782595,41.739130434782595,1742.1550094517947,LABORAL,7,False
freeze_20260610_192142,baselines_full_20260718,historical_average_route_day_type_slot,3,30,20,2025-07-08 11:00:00,2025-07-08 11:30:00,1,171.0,140.13,-30.870000000000005,30.870000000000005,952.9569000000002,LABORAL,11,False
freeze_20260610_192142,baselines_full_20260718,historical_average_route_day_type_slot,3,30,20,2025-07-08 14:00:00,2025-07-08 14:30:00,1,208.0,184.9933110367893,-23.006688963210706,23.006688963210706,529.3077370499213,LABORAL,14,False
freeze_20260610_192142,baselines_full_20260718,historical_average_route_day_type_slot,3,30,20,2025-07-08 17:00:00,2025-07-08 17:30:00,1,3.0,36.5531914893617,33.5531914893617,33.5531914893617,1125.8166591217746,LABORAL,17,False
freeze_20260610_192142,baselines_full_20260718,historical_average_route_day_type_slot,3,30,20,2025-07-10 06:00:00,2025-07-10 06:30:00,1,226.0,277.4033333333333,51.40333333333331,51.40333333333331,2642.302677777775,LABORAL,6,False
freeze_20260610_192142,baselines_full_20260718,historical_average_route_day_type_slot,3,30,20,2025-07-10 11:00:00,2025-07-10 11:30:00,1,179.0,140.13,-38.870000000000005,38.870000000000005,1510.8769000000004,LABORAL,11,False
freeze_20260610_192142,baselines_full_20260718,historical_average_route_day_type_slot,3,30,20,2025-07-11 14:30:00,2025-07-11 15:00:00,1,126.0,203.3277591973244,77.32775919732441,77.32775919732441,5979.58234247939,LABORAL,15,False
freeze_20260610_192142,baselines_full_20260718,historical_average_route_day_type_slot,3,30,20,2025-07-12 08:00:00,2025-07-12 08:30:00,1,92.0,140.06349206349208,48.06349206349208,48.06349206349208,2310.099269337366,SABADO,8,False
freeze_20260610_192142,baselines_full_20260718,historical_average_route_day_type_slot,3,30,20,2025-07-15 04:30:00,2025-07-15 05:00:00,1,285.0,230.76510067114094,-54.23489932885906,54.23489932885906,2941.4243052114766,LABORAL,5,False
freeze_20260610_192142,baselines_full_20260718,historical_average_route_day_type_slot,3,30,20,2025-07-15 07:00:00,2025-07-15 07:30:00,1,170.0,190.7391304347826,20.739130434782595,20.739130434782595,430.1115311909257,LABORAL,7,False
freeze_20260610_192142,baselines_full_20260718,historical_average_route_day_type_slot,3,30,20,2025-07-15 16:00:00,2025-07-15 16:30:00,1,144.0,114.6858108108108,-29.314189189189193,29.314189189189193,859.3216878195766,LABORAL,16,False
freeze_20260610_192142,baselines_full_20260718,historical_average_route_day_type_slot,3,30,20,2025-07-16 05:30:00,2025-07-16 06:00:00,1,317.0,319.46153846153845,2.461538461538453,2.461538461538453,6.059171597633093,LABORAL,6,False
freeze_20260610_192142,baselines_full_20260718,historical_average_route_day_type_slot,3,30,20,2025-07-17 10:30:00,2025-07-17 11:00:00,1,73.0,131.07333333333332,58.07333333333332,58.07333333333332,3372.5120444444433,LABORAL,11,False
freeze_20260610_192142,baselines_full_20260718,historical_average_route_day_type_slot,3,30,20,2025-07-17 13:00:00,2025-07-17 13:30:00,1,77.0,168.30536912751677,91.30536912751677,91.30536912751677,8336.670431512093,LABORAL,13,False
freeze_20260610_192142,baselines_full_20260718,historical_average_route_day_type_slot,3,30,20,2025-07-18 05:30:00,2025-07-18 06:00:00,1,334.0,319.46153846153845,-14.538461538461547,14.538461538461547,211.3668639053257,LABORAL,6,False
freeze_20260610_192142,baselines_full_20260718,historical_average_route_day_type_slot,3,30,20,2025-07-18 09:00:00,2025-07-18 09:30:00,1,186.0,148.61204013377926,-37.38795986622074,37.38795986622074,1397.8595429581328,LABORAL,9,False
freeze_20260610_192142,baselines_full_20260718,historical_average_route_day_type_slot,3,30,20,2025-07-19 15:00:00,2025-07-19 15:30:00,1,,73.47457627118644,,,,SABADO,15,True
freeze_20260610_192142,baselines_full_20260718,historical_average_route_day_type_slot,3,30,20,2025-07-21 05:30:00,2025-07-21 06:00:00,1,357.0,319.46153846153845,-37.53846153846155,37.53846153846155,1409.136094674557,LABORAL,6,False
freeze_20260610_192142,baselines_full_20260718,historical_average_route_day_type_slot,3,30,21,2025-07-22 11:00:00,2025-07-22 11:30:00,1,141.0,139.7290322580645,-1.2709677419354932,1.2709677419354932,1.6153590010406065,LABORAL,11,False
freeze_20260610_192142,baselines_full_20260718,historical_average_route_day_type_slot,3,30,21,2025-07-23 03:30:00,2025-07-23 04:00:00,1,48.0,48.6260162601626,0.6260162601626007,0.6260162601626007,0.39189635798796896,LABORAL,4,False
freeze_20260610_192142,baselines_full_20260718,historical_average_route_day_type_slot,3,30,21,2025-07-25 11:00:00,2025-07-25 11:30:00,1,137.0,139.7290322580645,2.7290322580645068,2.7290322580645068,7.447617065556661,LABORAL,11,False
freeze_20260610_192142,baselines_full_20260718,historical_average_route_day_type_slot,3,30,21,2025-07-26 08:00:00,2025-07-26 08:30:00,1,106.0,138.43076923076924,32.43076923076924,32.43076923076924,1051.754792899409,SABADO,8,False
freeze_20260610_192142,baselines_full_20260718,historical_average_route_day_type_slot,3,30,21,2025-07-26 13:00:00,2025-07-26 13:30:00,1,91.0,83.26153846153846,-7.738461538461536,7.738461538461536,59.88378698224848,SABADO,13,False
freeze_20260610_192142,baselines_full_20260718,historical_average_route_day_type_slot,3,30,21,2025-07-27 10:30:00,2025-07-27 11:00:00,1,40.0,38.84905660377358,-1.1509433962264168,1.1509433962264168,1.3246707013171988,DOMINGO,11,False
freeze_20260610_192142,baselines_full_20260718,historical_average_route_day_type_slot,3,30,21,2025-07-27 15:00:00,2025-07-27 15:30:00,1,,35.05128205128205,,,,DOMINGO,15,True
freeze_20260610_192142,baselines_full_20260718,historical_average_route_day_type_slot,3,30,21,2025-07-28 14:30:00,2025-07-28 15:00:00,1,60.0,201.9902912621359,141.9902912621359,141.9902912621359,20161.24281270619,LABORAL,15,False
freeze_20260610_192142,baselines_full_20260718,historical_average_route_day_type_slot,3,30,21,2025-07-29 04:00:00,2025-07-29 04:30:00,1,242.0,156.73701298701297,-85.26298701298703,85.26298701298703,7269.7769543767945,LABORAL,4,False
freeze_20260610_192142,baselines_full_20260718,historical_average_route_day_type_slot,3,30,21,2025-07-30 04:30:00,2025-07-30 05:00:00,1,280.0,232.28571428571428,-47.71428571428572,47.71428571428572,2276.6530612244906,LABORAL,5,False
freeze_20260610_192142,baselines_full_20260718,historical_average_route_day_type_slot,3,30,21,2025-07-30 14:30:00,2025-07-30 15:00:00,1,131.0,201.9902912621359,70.99029126213591,70.99029126213591,5039.6214534828905,LABORAL,15,False
freeze_20260610_192142,baselines_full_20260718,historical_average_route_day_type_slot,3,30,21,2025-07-31 06:30:00,2025-07-31 07:00:00,1,241.0,195.3741935483871,-45.6258064516129,45.6258064516129,2081.7142143600418,LABORAL,7,False
freeze_20260610_192142,baselines_full_20260718,historical_average_route_day_type_slot,3,30,21,2025-07-31 14:30:00,2025-07-31 15:00:00,1,79.0,201.9902912621359,122.99029126213591,122.99029126213591,15126.611744745025,LABORAL,15,False
freeze_20260610_192142,baselines_full_20260718,historical_average_route_day_type_slot,3,30,21,2025-08-01 04:00:00,2025-08-01 04:30:00,1,213.0,156.73701298701297,-56.262987012987026,56.262987012987026,3165.5237076235467,LABORAL,4,False
freeze_20260610_192142,baselines_full_20260718,historical_average_route_day_type_slot,3,30,21,2025-08-01 06:30:00,2025-08-01 07:00:00,1,131.0,195.3741935483871,64.3741935483871,64.3741935483871,4144.036795005203,LABORAL,7,False
freeze_20260610_192142,baselines_full_20260718,historical_average_route_day_type_slot,3,30,21,2025-08-02 14:00:00,2025-08-02 14:30:00,1,,83.91935483870968,,,,SABADO,14,True
freeze_20260610_192142,baselines_full_20260718,historical_average_route_day_type_slot,3,30,21,2025-08-03 10:30:00,2025-08-03 11:00:00,1,,38.84905660377358,,,,DOMINGO,11,True
freeze_20260610_192142,baselines_full_20260718,historical_average_route_day_type_slot,3,30,22,2025-08-05 05:30:00,2025-08-05 06:00:00,1,383.0,318.5266457680251,-64.4733542319749,64.4733542319749,4156.8134059217155,LABORAL,6,False
freeze_20260610_192142,baselines_full_20260718,historical_average_route_day_type_slot,3,30,22,2025-08-06 13:00:00,2025-08-06 13:30:00,1,234.0,164.8679245283019,-69.1320754716981,69.1320754716981,4779.243859024562,LABORAL,13,False
freeze_20260610_192142,baselines_full_20260718,historical_average_route_day_type_slot,3,30,22,2025-08-07 07:00:00,2025-08-07 07:30:00,1,50.0,36.57142857142857,-13.42857142857143,13.42857142857143,180.32653061224497,FESTIVO,7,False
freeze_20260610_192142,baselines_full_20260718,historical_average_route_day_type_slot,3,30,22,2025-08-09 09:00:00,2025-08-09 09:30:00,1,104.0,113.59701492537313,9.59701492537313,9.59701492537313,92.10269547783464,SABADO,9,False
freeze_20260610_192142,baselines_full_20260718,historical_average_route_day_type_slot,3,30,22,2025-08-10 14:00:00,2025-08-10 14:30:00,1,27.0,38.734693877551024,11.734693877551024,11.734693877551024,137.7030403998335,DOMINGO,14,False
freeze_20260610_192142,baselines_full_20260718,historical_average_route_day_type_slot,3,30,22,2025-08-11 09:00:00,2025-08-11 09:30:00,1,84.0,147.4294670846395,63.4294670846395,63.4294670846395,4023.2972946413656,LABORAL,9,False
freeze_20260610_192142,baselines_full_20260718,historical_average_route_day_type_slot,3,30,22,2025-08-11 10:30:00,2025-08-11 11:00:00,1,105.0,130.034375,25.03437500000001,25.03437500000001,626.7199316406255,LABORAL,11,False
freeze_20260610_192142,baselines_full_20260718,historical_average_route_day_type_slot,3,30,22,2025-08-12 14:30:00,2025-08-12 15:00:00,1,116.0,199.57366771159874,83.57366771159874,83.57366771159874,6984.557934768723,LABORAL,15,False
freeze_20260610_192142,baselines_full_20260718,historical_average_route_day_type_slot,3,30,22,2025-08-13 05:30:00,2025-08-13 06:00:00,1,214.0,318.5266457680251,104.5266457680251,104.5266457680251,10925.8196755142,LABORAL,6,False
freeze_20260610_192142,baselines_full_20260718,historical_average_route_day_type_slot,3,30,22,2025-08-13 09:00:00,2025-08-13 09:30:00,1,70.0,147.4294670846395,77.4294670846395,77.4294670846395,5995.322373011271,LABORAL,9,False
freeze_20260610_192142,baselines_full_20260718,historical_average_route_day_type_slot,3,30,22,2025-08-15 13:00:00,2025-08-15 13:30:00,1,162.0,164.8679245283019,2.8679245283018986,2.8679245283018986,8.224991100035668,LABORAL,13,False
freeze_20260610_192142,baselines_full_20260718,historical_average_route_day_type_slot,3,30,22,2025-08-16 10:00:00,2025-08-16 10:30:00,1,168.0,115.17910447761194,-52.82089552238806,52.82089552238806,2790.0470037870346,SABADO,10,False
freeze_20260610_192142,baselines_full_20260718,historical_average_route_day_type_slot,3,30,22,2025-08-17 09:30:00,2025-08-17 10:00:00,1,44.0,43.16393442622951,-0.8360655737704903,0.8360655737704903,0.6990056436441792,DOMINGO,10,False
freeze_20260610_192142,baselines_full_20260718,historical_average_route_day_type_slot,3,30,22,2025-08-17 15:30:00,2025-08-17 16:00:00,1,,38.65714285714286,,,,DOMINGO,16,True
freeze_20260610_192142,baselines_full_20260718,historical_average_route_day_type_slot,3,30,22,2025-08-18 15:30:00,2025-08-18 16:00:00,1,48.0,36.333333333333336,-11.666666666666664,11.666666666666664,136.11111111111106,FESTIVO_PUENTE,16,False
freeze_20260610_192142,baselines_full_20260718,historical_average_route_day_type_slot,3,30,23,2025-08-19 14:30:00,2025-08-19 15:00:00,1,124.0,198.914373088685,74.91437308868501,74.91437308868501,5612.163295270693,LABORAL,15,False
freeze_20260610_192142,baselines_full_20260718,historical_average_route_day_type_slot,3,30,23,2025-08-20 08:30:00,2025-08-20 09:00:00,1,120.0,169.86544342507645,49.86544342507645,49.86544342507645,2486.5624479795,LABORAL,9,False
freeze_20260610_192142,baselines_full_20260718,historical_average_route_day_type_slot,3,30,23,2025-08-23 05:30:00,2025-08-23 06:00:00,1,237.0,228.8840579710145,-8.1159420289855,8.1159420289855,65.86851501785328,SABADO,6,False
freeze_20260610_192142,baselines_full_20260718,historical_average_route_day_type_slot,3,30,23,2025-08-26 10:30:00,2025-08-26 11:00:00,1,154.0,129.89939024390245,-24.100609756097555,24.100609756097555,580.8393906157046,LABORAL,11,False
freeze_20260610_192142,baselines_full_20260718,historical_average_route_day_type_slot,3,30,23,2025-08-26 15:00:00,2025-08-26 15:30:00,1,177.0,184.92944785276075,7.929447852760745,7.929447852760745,62.876143249651996,LABORAL,15,False
freeze_20260610_192142,baselines_full_20260718,historical_average_route_day_type_slot,3,30,23,2025-08-27 11:30:00,2025-08-27 12:00:00,1,184.0,172.340490797546,-11.65950920245399,11.65950920245399,135.94415484210927,LABORAL,12,False
freeze_20260610_192142,baselines_full_20260718,historical_average_route_day_type_slot,3,30,23,2025-08-27 12:30:00,2025-08-27 13:00:00,1,123.0,170.09815950920245,47.098159509202446,47.098159509202446,2218.2366291542767,LABORAL,13,False
freeze_20260610_192142,baselines_full_20260718,historical_average_route_day_type_slot,3,30,23,2025-08-29 17:00:00,2025-08-29 17:30:00,1,37.0,35.74761904761905,-1.2523809523809533,1.2523809523809533,1.5684580498866236,LABORAL,17,False
freeze_20260610_192142,baselines_full_20260718,historical_average_route_day_type_slot,3,30,23,2025-08-31 15:30:00,2025-08-31 16:00:00,1,6.0,38.52777777777778,32.52777777777778,32.52777777777778,1058.0563271604938,DOMINGO,16,False
freeze_20260610_192142,baselines_full_20260718,historical_average_route_day_type_slot,3,30,23,2025-09-01 15:30:00,2025-09-01 16:00:00,1,131.0,151.62079510703364,20.620795107033643,20.620795107033643,425.21719084626267,LABORAL,16,False
freeze_20260610_192142,baselines_full_20260718,historical_average_route_day_type_slot,3,30,24,2025-09-02 04:00:00,2025-09-02 04:30:00,1,171.0,158.3720238095238,-12.627976190476204,12.627976190476204,159.4657826672339,LABORAL,4,False
freeze_20260610_192142,baselines_full_20260718,historical_average_route_day_type_slot,3,30,24,2025-09-02 11:00:00,2025-09-02 11:30:00,1,151.0,138.03846153846155,-12.961538461538453,12.961538461538453,168.0014792899406,LABORAL,11,False
freeze_20260610_192142,baselines_full_20260718,historical_average_route_day_type_slot,3,30,24,2025-09-02 11:30:00,2025-09-02 12:00:00,1,167.0,172.5922619047619,5.592261904761898,5.592261904761898,31.27339321145117,LABORAL,12,False
freeze_20260610_192142,baselines_full_20260718,historical_average_route_day_type_slot,3,30,24,2025-09-03 15:00:00,2025-09-03 15:30:00,1,121.0,184.44642857142858,63.446428571428584,63.446428571428584,4025.4492984693893,LABORAL,15,False
freeze_20260610_192142,baselines_full_20260718,historical_average_route_day_type_slot,3,30,24,2025-09-06 16:00:00,2025-09-06 16:30:00,1,45.0,50.08771929824562,5.0877192982456165,5.0877192982456165,25.88488765774087,SABADO,16,False
freeze_20260610_192142,baselines_full_20260718,historical_average_route_day_type_slot,3,30,24,2025-09-07 15:30:00,2025-09-07 16:00:00,1,,37.21052631578947,,,,DOMINGO,16,True
freeze_20260610_192142,baselines_full_20260718,historical_average_route_day_type_slot,3,30,24,2025-09-09 12:30:00,2025-09-09 13:00:00,1,136.0,169.77380952380952,33.77380952380952,33.77380952380952,1140.6702097505665,LABORAL,13,False
freeze_20260610_192142,baselines_full_20260718,historical_average_route_day_type_slot,3,30,24,2025-09-10 13:00:00,2025-09-10 13:30:00,1,153.0,163.98214285714286,10.982142857142861,10.982142857142861,120.60746173469397,LABORAL,13,False
freeze_20260610_192142,baselines_full_20260718,historical_average_route_day_type_slot,3,30,24,2025-09-13 06:00:00,2025-09-13 06:30:00,1,228.0,206.85915492957747,-21.14084507042253,21.14084507042253,446.9353302916085,SABADO,6,False
freeze_20260610_192142,baselines_full_20260718,historical_average_route_day_type_slot,3,30,24,2025-09-14 04:00:00,2025-09-14 04:30:00,1,,33.111111111111114,,,,DOMINGO,4,True
freeze_20260610_192142,baselines_full_20260718,historical_average_route_day_type_slot,3,30,25,2025-09-16 09:00:00,2025-09-16 09:30:00,1,154.0,145.68876080691643,-8.311239193083566,8.311239193083566,69.07669692464836,LABORAL,9,False
freeze_20260610_192142,baselines_full_20260718,historical_average_route_day_type_slot,3,30,25,2025-09-16 10:30:00,2025-09-16 11:00:00,1,95.0,129.54310344827587,34.54310344827587,34.54310344827587,1193.2259958382883,LABORAL,11,False
freeze_20260610_192142,baselines_full_20260718,historical_average_route_day_type_slot,3,30,25,2025-09-17 10:30:00,2025-09-17 11:00:00,1,115.0,129.54310344827587,14.543103448275872,14.543103448275872,211.50185790725357,LABORAL,11,False
freeze_20260610_192142,baselines_full_20260718,historical_average_route_day_type_slot,3,30,25,2025-09-18 06:00:00,2025-09-18 06:30:00,1,185.0,271.80172413793105,86.80172413793105,86.80172413793105,7534.539313317481,LABORAL,6,False
freeze_20260610_192142,baselines_full_20260718,historical_average_route_day_type_slot,3,30,25,2025-09-20 14:30:00,2025-09-20 15:00:00,1,,82.77142857142857,,,,SABADO,15,True
freeze_20260610_192142,baselines_full_20260718,historical_average_route_day_type_slot,3,30,25,2025-09-21 09:00:00,2025-09-21 09:30:00,1,34.0,40.15873015873016,6.158730158730158,6.158730158730158,37.9299571680524,DOMINGO,9,False
freeze_20260610_192142,baselines_full_20260718,historical_average_route_day_type_slot,3,30,25,2025-09-21 15:00:00,2025-09-21 15:30:00,1,,36.24444444444445,,,,DOMINGO,15,True
freeze_20260610_192142,baselines_full_20260718,historical_average_route_day_type_slot,3,30,25,2025-09-26 06:30:00,2025-09-26 07:00:00,1,233.0,195.67241379310346,-37.32758620689654,37.32758620689654,1393.348692033293,LABORAL,7,False
freeze_20260610_192142,baselines_full_20260718,historical_average_route_day_type_slot,3,30,25,2025-09-26 09:30:00,2025-09-26 10:00:00,1,103.0,144.7787356321839,41.778735632183896,41.778735632183896,1745.4627510239122,LABORAL,10,False
freeze_20260610_192142,baselines_full_20260718,historical_average_route_day_type_slot,3,30,25,2025-09-26 12:30:00,2025-09-26 13:00:00,1,75.0,169.45375722543352,94.45375722543352,94.45375722543352,8921.512254001134,LABORAL,13,False
freeze_20260610_192142,baselines_full_20260718,historical_average_route_day_type_slot,3,30,25,2025-09-26 16:00:00,2025-09-26 16:30:00,1,122.0,110.75,-11.25,11.25,126.5625,LABORAL,16,False
freeze_20260610_192142,baselines_full_20260718,historical_average_route_day_type_slot,3,30,25,2025-09-26 17:30:00,2025-09-26 18:00:00,1,,21.346153846153847,,,,LABORAL,18,True
freeze_20260610_192142,baselines_full_20260718,historical_average_route_day_type_slot,3,30,25,2025-09-28 07:30:00,2025-09-28 08:00:00,1,22.0,47.0,25.0,25.0,625.0,DOMINGO,8,False
freeze_20260610_192142,baselines_full_20260718,historical_average_route_day_type_slot,3,30,25,2025-09-29 03:30:00,2025-09-29 04:00:00,1,54.0,48.97872340425532,-5.0212765957446805,5.0212765957446805,25.21321865097329,LABORAL,4,False
freeze_20260610_192142,baselines_full_20260718,historical_average_route_day_type_slot,3,30,25,2025-09-29 16:00:00,2025-09-29 16:30:00,1,70.0,110.75,40.75,40.75,1660.5625,LABORAL,16,False
freeze_20260610_192142,baselines_full_20260718,historical_average_route_day_type_slot,3,30,26,2025-10-02 14:00:00,2025-10-02 14:30:00,1,203.0,179.27450980392157,-23.725490196078425,23.725490196078425,562.8988850442134,LABORAL,14,False
freeze_20260610_192142,baselines_full_20260718,historical_average_route_day_type_slot,3,30,26,2025-10-02 15:00:00,2025-10-02 15:30:00,1,107.0,183.62359550561797,76.62359550561797,76.62359550561797,5871.175388208559,LABORAL,15,False
freeze_20260610_192142,baselines_full_20260718,historical_average_route_day_type_slot,3,30,26,2025-10-03 15:00:00,2025-10-03 15:30:00,1,98.0,183.62359550561797,85.62359550561797,85.62359550561797,7331.4001073096815,LABORAL,15,False
freeze_20260610_192142,baselines_full_20260718,historical_average_route_day_type_slot,3,30,26,2025-10-04 09:00:00,2025-10-04 09:30:00,1,55.0,112.18666666666667,57.18666666666667,57.18666666666667,3270.3148444444446,SABADO,9,False
freeze_20260610_192142,baselines_full_20260718,historical_average_route_day_type_slot,3,30,26,2025-10-05 07:00:00,2025-10-05 07:30:00,1,33.0,40.30882352941177,7.308823529411768,7.308823529411768,53.41890138408309,DOMINGO,7,False
freeze_20260610_192142,baselines_full_20260718,historical_average_route_day_type_slot,3,30,26,2025-10-05 07:30:00,2025-10-05 08:00:00,1,26.0,46.30434782608695,20.304347826086953,20.304347826086953,412.26654064272196,DOMINGO,8,False
freeze_20260610_192142,baselines_full_20260718,historical_average_route_day_type_slot,3,30,26,2025-10-05 09:30:00,2025-10-05 10:00:00,1,37.0,43.53731343283582,6.537313432835823,6.537313432835823,42.736466919135694,DOMINGO,10,False
freeze_20260610_192142,baselines_full_20260718,historical_average_route_day_type_slot,3,30,26,2025-10-08 03:30:00,2025-10-08 04:00:00,1,51.0,49.03767123287671,-1.9623287671232887,1.9623287671232887,3.8507341902796064,LABORAL,4,False
freeze_20260610_192142,baselines_full_20260718,historical_average_route_day_type_slot,3,30,26,2025-10-08 10:30:00,2025-10-08 11:00:00,1,133.0,129.3687150837989,-3.6312849162011105,3.6312849162011105,13.186230142629705,LABORAL,11,False
freeze_20260610_192142,baselines_full_20260718,historical_average_route_day_type_slot,3,30,26,2025-10-09 09:00:00,2025-10-09 09:30:00,1,128.0,145.6358543417367,17.63585434173669,17.63585434173669,311.0233583629528,LABORAL,9,False
freeze_20260610_192142,baselines_full_20260718,historical_average_route_day_type_slot,3,30,26,2025-10-10 05:30:00,2025-10-10 06:00:00,1,297.0,316.99439775910366,19.994397759103663,19.994397759103663,399.77594174924957,LABORAL,6,False
freeze_20260610_192142,baselines_full_20260718,historical_average_route_day_type_slot,3,30,26,2025-10-10 09:00:00,2025-10-10 09:30:00,1,129.0,145.6358543417367,16.63585434173669,16.63585434173669,276.75164967947944,LABORAL,9,False
freeze_20260610_192142,baselines_full_20260718,historical_average_route_day_type_slot,3,30,26,2025-10-12 12:30:00,2025-10-12 13:00:00,1,23.0,33.47457627118644,10.474576271186443,10.474576271186443,109.71674806090209,DOMINGO,13,False
freeze_20260610_192142,baselines_full_20260718,historical_average_route_day_type_slot,3,30,26,2025-10-12 16:00:00,2025-10-12 16:30:00,1,,37.25,,,,DOMINGO,16,True
freeze_20260610_192142,baselines_full_20260718,historical_average_route_day_type_slot,3,30,27,2025-10-14 08:00:00,2025-10-14 08:30:00,1,176.0,182.82288828337875,6.822888283378745,6.822888283378745,46.55180452746696,LABORAL,8,False
freeze_20260610_192142,baselines_full_20260718,historical_average_route_day_type_slot,3,30,27,2025-10-14 11:00:00,2025-10-14 11:30:00,1,149.0,137.6348773841962,-11.365122615803813,11.365122615803813,129.1660120722553,LABORAL,11,False
freeze_20260610_192142,baselines_full_20260718,historical_average_route_day_type_slot,3,30,27,2025-10-14 14:30:00,2025-10-14 15:00:00,1,157.0,196.49726775956285,39.497267759562845,39.497267759562845,1560.0341604706025,LABORAL,15,False
freeze_20260610_192142,baselines_full_20260718,historical_average_route_day_type_slot,3,30,27,2025-10-15 11:00:00,2025-10-15 11:30:00,1,116.0,137.6348773841962,21.634877384196187,21.634877384196187,468.06791942920364,LABORAL,11,False
freeze_20260610_192142,baselines_full_20260718,historical_average_route_day_type_slot,3,30,27,2025-10-15 16:30:00,2025-10-15 17:00:00,1,76.0,68.13953488372093,-7.860465116279073,7.860465116279073,61.78691184424018,LABORAL,17,False
freeze_20260610_192142,baselines_full_20260718,historical_average_route_day_type_slot,3,30,27,2025-10-16 07:00:00,2025-10-16 07:30:00,1,129.0,186.71857923497268,57.71857923497268,57.71857923497268,3331.4343889038196,LABORAL,7,False
freeze_20260610_192142,baselines_full_20260718,historical_average_route_day_type_slot,3,30,27,2025-10-16 09:00:00,2025-10-16 09:30:00,1,79.0,145.29508196721312,66.29508196721312,66.29508196721312,4395.037893039506,LABORAL,9,False
freeze_20260610_192142,baselines_full_20260718,historical_average_route_day_type_slot,3,30,27,2025-10-18 04:00:00,2025-10-18 04:30:00,1,104.0,117.01298701298701,13.012987012987011,13.012987012987011,169.33783100016862,SABADO,4,False
freeze_20260610_192142,baselines_full_20260718,historical_average_route_day_type_slot,3,30,27,2025-10-18 16:00:00,2025-10-18 16:30:00,1,,49.403225806451616,,,,SABADO,16,True
freeze_20260610_192142,baselines_full_20260718,historical_average_route_day_type_slot,3,30,27,2025-10-20 03:30:00,2025-10-20 04:00:00,1,63.0,49.52,-13.479999999999997,13.479999999999997,181.7103999999999,LABORAL,4,False
freeze_20260610_192142,baselines_full_20260718,historical_average_route_day_type_slot,3,30,27,2025-10-22 04:00:00,2025-10-22 04:30:00,1,225.0,158.36164383561643,-66.63835616438357,66.63835616438357,4440.670512291237,LABORAL,4,False
freeze_20260610_192142,baselines_full_20260718,historical_average_route_day_type_slot,3,30,27,2025-10-22 15:30:00,2025-10-22 16:00:00,1,132.0,148.95628415300547,16.95628415300547,16.95628415300547,287.5155722774644,LABORAL,16,False
freeze_20260610_192142,baselines_full_20260718,historical_average_route_day_type_slot,3,30,27,2025-10-25 04:00:00,2025-10-25 04:30:00,1,67.0,117.01298701298701,50.01298701298701,50.01298701298701,2501.2988699612074,SABADO,4,False
freeze_20260610_192142,baselines_full_20260718,historical_average_route_day_type_slot,3,30,27,2025-10-26 07:00:00,2025-10-26 07:30:00,1,24.0,39.885714285714286,15.885714285714286,15.885714285714286,252.35591836734696,DOMINGO,7,False
freeze_20260610_192142,baselines_full_20260718,historical_average_route_day_type_slot,3,30,27,2025-10-26 14:00:00,2025-10-26 14:30:00,1,,37.28813559322034,,,,DOMINGO,14,True
freeze_20260610_192142,baselines_full_20260718,historical_average_route_day_type_slot,3,30,27,2025-10-26 14:30:00,2025-10-26 15:00:00,1,,36.01724137931034,,,,DOMINGO,15,True
freeze_20260610_192142,baselines_full_20260718,historical_average_route_day_type_slot,3,30,27,2025-10-27 06:30:00,2025-10-27 07:00:00,1,185.0,196.15803814713897,11.158038147138967,11.158038147138967,124.50181529300839,LABORAL,7,False
freeze_20260610_192142,baselines_full_20260718,historical_average_route_day_type_slot,3,30,28,2025-10-28 03:30:00,2025-10-28 04:00:00,1,51.0,49.91558441558441,-1.0844155844155878,1.0844155844155878,1.1759571597234009,LABORAL,4,False
freeze_20260610_192142,baselines_full_20260718,historical_average_route_day_type_slot,3,30,28,2025-10-28 05:00:00,2025-10-28 05:30:00,1,286.0,317.73066666666665,31.73066666666665,31.73066666666665,1006.8352071111101,LABORAL,5,False
freeze_20260610_192142,baselines_full_20260718,historical_average_route_day_type_slot,3,30,28,2025-10-28 10:00:00,2025-10-28 10:30:00,1,106.0,136.81066666666666,30.810666666666663,30.810666666666663,949.2971804444442,LABORAL,10,False
freeze_20260610_192142,baselines_full_20260718,historical_average_route_day_type_slot,3,30,28,2025-10-31 04:00:00,2025-10-31 04:30:00,1,142.0,158.46933333333334,16.46933333333334,16.46933333333334,271.2389404444446,LABORAL,4,False
freeze_20260610_192142,baselines_full_20260718,historical_average_route_day_type_slot,3,30,28,2025-10-31 15:00:00,2025-10-31 15:30:00,1,139.0,182.704,43.70400000000001,43.70400000000001,1910.0396160000007,LABORAL,15,False
freeze_20260610_192142,baselines_full_20260718,historical_average_route_day_type_slot,3,30,28,2025-11-03 09:30:00,2025-11-03 10:00:00,1,33.0,37.42857142857143,4.428571428571431,4.428571428571431,19.6122448979592,FESTIVO_PUENTE,10,False
freeze_20260610_192142,baselines_full_20260718,historical_average_route_day_type_slot,3,30,28,2025-11-06 05:00:00,2025-11-06 05:30:00,1,187.0,317.73066666666665,130.73066666666665,130.73066666666665,17090.507207111106,LABORAL,5,False
freeze_20260610_192142,baselines_full_20260718,historical_average_route_day_type_slot,3,30,28,2025-11-06 17:30:00,2025-11-06 18:00:00,1,,21.145454545454545,,,,LABORAL,18,True
freeze_20260610_192142,baselines_full_20260718,historical_average_route_day_type_slot,3,30,28,2025-11-07 09:00:00,2025-11-07 09:30:00,1,64.0,144.84840425531914,80.84840425531914,80.84840425531914,6536.464470631506,LABORAL,9,False
freeze_20260610_192142,baselines_full_20260718,historical_average_route_day_type_slot,3,30,28,2025-11-07 09:30:00,2025-11-07 10:00:00,1,121.0,143.93103448275863,22.931034482758633,22.931034482758633,525.8323424494655,LABORAL,10,False
freeze_20260610_192142,baselines_full_20260718,historical_average_route_day_type_slot,3,30,28,2025-11-10 06:30:00,2025-11-10 07:00:00,1,237.0,195.57824933687002,-41.421750663129984,41.421750663129984,1715.7614279985094,LABORAL,7,False
freeze_20260610_192142,baselines_full_20260718,historical_average_route_day_type_slot,3,30,28,2025-11-10 08:00:00,2025-11-10 08:30:00,1,237.0,181.23607427055703,-55.763925729442974,55.763925729442974,3109.615412758832,LABORAL,8,False
freeze_20260610_192142,baselines_full_20260718,historical_average_route_day_type_slot,3,30,29,2025-11-11 16:30:00,2025-11-11 17:00:00,1,22.0,67.86871508379889,45.86871508379889,45.86871508379889,2103.9390234387197,LABORAL,17,False
freeze_20260610_192142,baselines_full_20260718,historical_average_route_day_type_slot,3,30,29,2025-11-14 07:00:00,2025-11-14 07:30:00,1,65.0,185.73958333333334,120.73958333333334,120.73958333333334,14578.046983506947,LABORAL,7,False
freeze_20260610_192142,baselines_full_20260718,historical_average_route_day_type_slot,3,30,29,2025-11-15 15:00:00,2025-11-15 15:30:00,1,51.0,75.25333333333333,24.25333333333333,24.25333333333333,588.2241777777776,SABADO,15,False
freeze_20260610_192142,baselines_full_20260718,historical_average_route_day_type_slot,3,30,29,2025-11-19 05:30:00,2025-11-19 06:00:00,1,255.0,316.22597402597404,61.22597402597404,61.22597402597404,3748.6198954292477,LABORAL,6,False
freeze_20260610_192142,baselines_full_20260718,historical_average_route_day_type_slot,3,30,29,2025-11-19 13:00:00,2025-11-19 13:30:00,1,149.0,162.25260416666666,13.252604166666657,13.252604166666657,175.63151719835045,LABORAL,13,False
freeze_20260610_192142,baselines_full_20260718,historical_average_route_day_type_slot,3,30,29,2025-11-20 09:00:00,2025-11-20 09:30:00,1,164.0,144.2883116883117,-19.711688311688306,19.711688311688306,388.5506560971494,LABORAL,9,False
freeze_20260610_192142,baselines_full_20260718,historical_average_route_day_type_slot,3,30,29,2025-11-20 10:00:00,2025-11-20 10:30:00,1,127.0,136.36979166666666,9.369791666666657,9.369791666666657,87.79299587673593,LABORAL,10,False
freeze_20260610_192142,baselines_full_20260718,historical_average_route_day_type_slot,3,30,29,2025-11-21 09:00:00,2025-11-21 09:30:00,1,104.0,144.2883116883117,40.288311688311694,40.288311688311694,1623.1480586945527,LABORAL,9,False
freeze_20260610_192142,baselines_full_20260718,historical_average_route_day_type_slot,3,30,29,2025-11-21 14:00:00,2025-11-21 14:30:00,1,68.0,177.3220779220779,109.32207792207791,109.32207792207791,11951.316721200874,LABORAL,14,False
freeze_20260610_192142,baselines_full_20260718,historical_average_route_day_type_slot,3,30,29,2025-11-21 16:00:00,2025-11-21 16:30:00,1,107.0,109.32894736842105,2.328947368421055,2.328947368421055,5.423995844875357,LABORAL,16,False
freeze_20260610_192142,baselines_full_20260718,historical_average_route_day_type_slot,3,30,29,2025-11-23 14:30:00,2025-11-23 15:00:00,1,25.0,36.557377049180324,11.557377049180324,11.557377049180324,133.5729642569201,DOMINGO,15,False
freeze_20260610_192142,baselines_full_20260718,historical_average_route_day_type_slot,3,30,30,2025-11-26 05:30:00,2025-11-26 06:00:00,1,317.0,316.3020304568528,-0.6979695431472237,0.6979695431472237,0.48716148316114416,LABORAL,6,False
freeze_20260610_192142,baselines_full_20260718,historical_average_route_day_type_slot,3,30,30,2025-11-26 13:30:00,2025-11-26 14:00:00,1,115.0,154.11167512690355,39.11167512690355,39.11167512690355,1529.7231312324457,LABORAL,14,False
freeze_20260610_192142,baselines_full_20260718,historical_average_route_day_type_slot,3,30,30,2025-11-28 07:30:00,2025-11-28 08:00:00,1,204.0,181.2,-22.80000000000001,22.80000000000001,519.8400000000005,LABORAL,8,False
freeze_20260610_192142,baselines_full_20260718,historical_average_route_day_type_slot,3,30,30,2025-11-29 16:00:00,2025-11-29 16:30:00,1,,49.92307692307692,,,,SABADO,16,True
freeze_20260610_192142,baselines_full_20260718,historical_average_route_day_type_slot,3,30,30,2025-11-30 08:00:00,2025-11-30 08:30:00,1,,47.67567567567568,,,,DOMINGO,8,True
freeze_20260610_192142,baselines_full_20260718,historical_average_route_day_type_slot,3,30,30,2025-12-01 17:00:00,2025-12-01 17:30:00,1,,35.60504201680672,,,,LABORAL,17,True
freeze_20260610_192142,baselines_full_20260718,historical_average_route_day_type_slot,3,30,30,2025-12-02 14:30:00,2025-12-02 15:00:00,1,74.0,193.9618320610687,119.96183206106869,119.96183206106869,14390.841151448049,LABORAL,15,False
freeze_20260610_192142,baselines_full_20260718,historical_average_route_day_type_slot,3,30,30,2025-12-04 17:30:00,2025-12-04 18:00:00,1,,21.145454545454545,,,,LABORAL,18,True
freeze_20260610_192142,baselines_full_20260718,historical_average_route_day_type_slot,3,30,30,2025-12-05 09:00:00,2025-12-05 09:30:00,1,112.0,143.63197969543148,31.631979695431482,31.631979695431482,1000.5821394521896,LABORAL,9,False
freeze_20260610_192142,baselines_full_20260718,historical_average_route_day_type_slot,3,30,30,2025-12-06 15:30:00,2025-12-06 16:00:00,1,55.0,62.96,7.960000000000001,7.960000000000001,63.36160000000002,SABADO,16,False
freeze_20260610_192142,baselines_full_20260718,historical_average_route_day_type_slot,3,30,30,2025-12-08 10:00:00,2025-12-08 10:30:00,1,26.0,39.0625,13.0625,13.0625,170.62890625,FESTIVO_PUENTE,10,False
freeze_20260610_192142,baselines_full_20260718,historical_average_route_day_type_slot,3,30,31,2025-12-11 08:00:00,2025-12-11 08:30:00,1,213.0,179.3771712158809,-33.62282878411909,33.62282878411909,1130.4946154461875,LABORAL,8,False
freeze_20260610_192142,baselines_full_20260718,historical_average_route_day_type_slot,3,30,31,2025-12-12 14:00:00,2025-12-12 14:30:00,1,136.0,176.53598014888337,40.53598014888337,40.53598014888337,1643.1656866306664,LABORAL,14,False
freeze_20260610_192142,baselines_full_20260718,historical_average_route_day_type_slot,3,30,31,2025-12-13 06:30:00,2025-12-13 07:00:00,1,131.0,158.8235294117647,27.823529411764696,27.823529411764696,774.1487889273351,SABADO,7,False
freeze_20260610_192142,baselines_full_20260718,historical_average_route_day_type_slot,3,30,31,2025-12-13 11:00:00,2025-12-13 11:30:00,1,54.0,104.94047619047619,50.94047619047619,50.94047619047619,2594.932114512472,SABADO,11,False
freeze_20260610_192142,baselines_full_20260718,historical_average_route_day_type_slot,3,30,31,2025-12-17 06:00:00,2025-12-17 06:30:00,1,161.0,266.15346534653463,105.15346534653463,105.15346534653463,11057.25127438486,LABORAL,6,False
freeze_20260610_192142,baselines_full_20260718,historical_average_route_day_type_slot,3,30,31,2025-12-17 06:30:00,2025-12-17 07:00:00,1,152.0,194.06435643564356,42.06435643564356,42.06435643564356,1769.4100823448678,LABORAL,7,False
freeze_20260610_192142,baselines_full_20260718,historical_average_route_day_type_slot,3,30,31,2025-12-18 17:30:00,2025-12-18 18:00:00,1,,21.145454545454545,,,,LABORAL,18,True
freeze_20260610_192142,baselines_full_20260718,historical_average_route_day_type_slot,3,30,31,2025-12-19 06:00:00,2025-12-19 06:30:00,1,298.0,266.15346534653463,-31.84653465346537,31.84653465346537,1014.2017694343706,LABORAL,6,False
freeze_20260610_192142,baselines_full_20260718,historical_average_route_day_type_slot,3,30,31,2025-12-20 07:30:00,2025-12-20 08:00:00,1,112.0,133.95294117647057,21.952941176470574,21.952941176470574,481.9316262975772,SABADO,8,False
freeze_20260610_192142,baselines_full_20260718,historical_average_route_day_type_slot,3,30,31,2025-12-21 09:30:00,2025-12-21 10:00:00,1,25.0,43.6578947368421,18.657894736842103,18.657894736842103,348.11703601108024,DOMINGO,10,False
freeze_20260610_192142,baselines_full_20260718,historical_average_route_day_type_slot,3,30,31,2025-12-22 10:00:00,2025-12-22 10:30:00,1,171.0,135.47512437810946,-35.524875621890544,35.524875621890544,1262.016787950793,LABORAL,10,False
freeze_20260610_192142,baselines_full_20260718,historical_average_route_day_type_slot,3,30,31,2025-12-22 12:00:00,2025-12-22 12:30:00,1,124.0,166.50372208436724,42.50372208436724,42.50372208436724,1806.5663910251274,LABORAL,12,False
freeze_20260610_192142,baselines_full_20260718,historical_average_route_day_type_slot,3,30,31,2025-12-22 15:30:00,2025-12-22 16:00:00,1,73.0,146.80299251870323,73.80299251870323,73.80299251870323,5446.881704715765,LABORAL,16,False
freeze_20260610_192142,baselines_full_20260718,historical_average_route_day_type_slot,3,30,32,2025-12-23 06:30:00,2025-12-23 07:00:00,1,218.0,193.40579710144928,-24.59420289855072,24.59420289855072,604.8748162150806,LABORAL,7,False
freeze_20260610_192142,baselines_full_20260718,historical_average_route_day_type_slot,3,30,32,2025-12-23 14:00:00,2025-12-23 14:30:00,1,232.0,175.99031476997578,-56.00968523002422,56.00968523002422,3137.084839566393,LABORAL,14,False
freeze_20260610_192142,baselines_full_20260718,historical_average_route_day_type_slot,3,30,32,2025-12-24 08:00:00,2025-12-24 08:30:00,1,139.0,178.89346246973366,39.89346246973366,39.89346246973366,1591.4883478240483,LABORAL,8,False
freeze_20260610_192142,baselines_full_20260718,historical_average_route_day_type_slot,3,30,32,2025-12-25 04:30:00,2025-12-25 05:00:00,1,,53.0,,,,FESTIVO,5,True
freeze_20260610_192142,baselines_full_20260718,historical_average_route_day_type_slot,3,30,32,2025-12-27 08:00:00,2025-12-27 08:30:00,1,170.0,131.64367816091954,-38.356321839080465,38.356321839080465,1471.207425023121,SABADO,8,False
freeze_20260610_192142,baselines_full_20260718,historical_average_route_day_type_slot,3,30,32,2025-12-27 11:30:00,2025-12-27 12:00:00,1,79.0,104.59770114942529,25.59770114942529,25.59770114942529,655.2423041352888,SABADO,12,False
freeze_20260610_192142,baselines_full_20260718,historical_average_route_day_type_slot,3,30,32,2025-12-28 16:00:00,2025-12-28 16:30:00,1,,36.935483870967744,,,,DOMINGO,16,True
freeze_20260610_192142,baselines_full_20260718,historical_average_route_day_type_slot,3,30,32,2025-12-29 08:00:00,2025-12-29 08:30:00,1,161.0,178.89346246973366,17.893462469733663,17.893462469733663,320.1759991557671,LABORAL,8,False
freeze_20260610_192142,baselines_full_20260718,historical_average_route_day_type_slot,3,30,32,2025-12-30 13:30:00,2025-12-30 14:00:00,1,115.0,152.73849878934624,37.73849878934624,37.73849878934624,1424.1942908734875,LABORAL,14,False
freeze_20260610_192142,baselines_full_20260718,historical_average_route_day_type_slot,3,30,32,2025-12-31 10:30:00,2025-12-31 11:00:00,1,52.0,127.53623188405797,75.53623188405797,75.53623188405797,5705.722327242176,LABORAL,11,False
freeze_20260610_192142,baselines_full_20260718,historical_average_route_day_type_slot,3,30,32,2026-01-01 08:00:00,2026-01-01 08:30:00,1,14.0,34.3,20.299999999999997,20.299999999999997,412.08999999999986,FESTIVO,8,False
freeze_20260610_192142,baselines_full_20260718,historical_average_route_day_type_slot,3,30,32,2026-01-02 03:30:00,2026-01-02 04:00:00,1,54.0,50.501457725947525,-3.4985422740524754,3.4985422740524754,12.239798043332266,LABORAL,4,False
freeze_20260610_192142,baselines_full_20260718,historical_average_route_day_type_slot,3,30,32,2026-01-03 15:00:00,2026-01-03 15:30:00,1,43.0,74.44444444444444,31.444444444444443,31.444444444444443,988.753086419753,SABADO,15,False
freeze_20260610_192142,baselines_full_20260718,historical_average_route_day_type_slot,3,30,32,2026-01-04 10:00:00,2026-01-04 10:30:00,1,43.0,38.54320987654321,-4.456790123456791,4.456790123456791,19.862978204542,DOMINGO,10,False
freeze_20260610_192142,baselines_full_20260718,historical_average_route_day_type_slot,3,30,32,2026-01-05 08:00:00,2026-01-05 08:30:00,1,173.0,178.89346246973366,5.893462469733663,5.893462469733663,34.73289988215921,LABORAL,8,False
freeze_20260610_192142,baselines_full_20260718,historical_average_route_day_type_slot,3,30,32,2026-01-05 14:00:00,2026-01-05 14:30:00,1,105.0,175.99031476997578,70.99031476997578,70.99031476997578,5039.6247911402415,LABORAL,14,False
freeze_20260610_192142,baselines_full_20260718,historical_average_route_day_type_slot,3,30,33,2026-01-09 15:00:00,2026-01-09 15:30:00,1,79.0,178.2775119617225,99.2775119617225,99.2775119617225,9856.024381309953,LABORAL,15,False
freeze_20260610_192142,baselines_full_20260718,historical_average_route_day_type_slot,3,30,33,2026-01-10 12:00:00,2026-01-10 12:30:00,1,28.0,98.62352941176471,70.62352941176471,70.62352941176471,4987.682906574395,SABADO,12,False
freeze_20260610_192142,baselines_full_20260718,historical_average_route_day_type_slot,3,30,33,2026-01-15 14:30:00,2026-01-15 15:00:00,1,159.0,190.4142857142857,31.41428571428571,31.41428571428571,986.8573469387753,LABORAL,15,False
freeze_20260610_192142,baselines_full_20260718,historical_average_route_day_type_slot,3,30,33,2026-01-15 17:30:00,2026-01-15 18:00:00,1,,21.145454545454545,,,,LABORAL,18,True
freeze_20260610_192142,baselines_full_20260718,historical_average_route_day_type_slot,3,30,33,2026-01-16 04:30:00,2026-01-16 05:00:00,1,237.0,243.51666666666668,6.51666666666668,6.51666666666668,42.466944444444614,LABORAL,5,False
freeze_20260610_192142,baselines_full_20260718,historical_average_route_day_type_slot,3,30,33,2026-01-16 15:30:00,2026-01-16 16:00:00,1,108.0,144.85851318944844,36.858513189448445,36.858513189448445,1358.5499945367449,LABORAL,16,False
freeze_20260610_192142,baselines_full_20260718,historical_average_route_day_type_slot,3,30,33,2026-01-17 06:30:00,2026-01-17 07:00:00,1,116.0,157.96629213483146,41.96629213483146,41.96629213483146,1761.169675546017,SABADO,7,False
freeze_20260610_192142,baselines_full_20260718,historical_average_route_day_type_slot,3,30,33,2026-01-17 15:30:00,2026-01-17 16:00:00,1,103.0,62.44444444444444,-40.55555555555556,40.55555555555556,1644.7530864197531,SABADO,16,False
freeze_20260610_192142,baselines_full_20260718,historical_average_route_day_type_slot,3,30,33,2026-01-18 16:30:00,2026-01-18 17:00:00,1,,32.0,,,,DOMINGO,17,True
freeze_20260610_192142,baselines_full_20260718,historical_average_route_day_type_slot,3,30,34,2026-01-21 17:30:00,2026-01-21 18:00:00,1,,21.145454545454545,,,,LABORAL,18,True
freeze_20260610_192142,baselines_full_20260718,historical_average_route_day_type_slot,3,30,34,2026-01-22 05:00:00,2026-01-22 05:30:00,1,171.0,307.42424242424244,136.42424242424244,136.42424242424244,18611.57392102847,LABORAL,5,False
freeze_20260610_192142,baselines_full_20260718,historical_average_route_day_type_slot,3,30,34,2026-01-22 08:00:00,2026-01-22 08:30:00,1,146.0,176.92558139534884,30.925581395348843,30.925581395348843,956.3915846403464,LABORAL,8,False
freeze_20260610_192142,baselines_full_20260718,historical_average_route_day_type_slot,3,30,34,2026-01-22 10:00:00,2026-01-22 10:30:00,1,126.0,133.87412587412587,7.874125874125866,7.874125874125866,62.001858281578436,LABORAL,10,False
freeze_20260610_192142,baselines_full_20260718,historical_average_route_day_type_slot,3,30,34,2026-01-23 04:30:00,2026-01-23 05:00:00,1,299.0,242.7086247086247,-56.29137529137529,56.29137529137529,3168.7189321944566,LABORAL,5,False
freeze_20260610_192142,baselines_full_20260718,historical_average_route_day_type_slot,3,30,34,2026-01-23 05:00:00,2026-01-23 05:30:00,1,122.0,307.42424242424244,185.42424242424244,185.42424242424244,34382.149678604226,LABORAL,5,False
freeze_20260610_192142,baselines_full_20260718,historical_average_route_day_type_slot,3,30,34,2026-01-25 08:30:00,2026-01-25 09:00:00,1,,42.87012987012987,,,,DOMINGO,9,True
freeze_20260610_192142,baselines_full_20260718,historical_average_route_day_type_slot,3,30,34,2026-01-26 08:30:00,2026-01-26 09:00:00,1,137.0,162.94871794871796,25.948717948717956,25.948717948717956,673.3359631821174,LABORAL,9,False
freeze_20260610_192142,baselines_full_20260718,historical_average_route_day_type_slot,3,30,34,2026-01-26 09:00:00,2026-01-26 09:30:00,1,173.0,141.5139534883721,-31.486046511627904,31.486046511627904,991.3711249323958,LABORAL,9,False
freeze_20260610_192142,baselines_full_20260718,historical_average_route_day_type_slot,3,30,34,2026-01-26 13:30:00,2026-01-26 14:00:00,1,85.0,151.44522144522145,66.44522144522145,66.44522144522145,4414.967452904516,LABORAL,14,False
freeze_20260610_192142,baselines_full_20260718,historical_average_route_day_type_slot,3,30,34,2026-01-27 05:30:00,2026-01-27 06:00:00,1,394.0,314.3279069767442,-79.6720930232558,79.6720930232558,6347.642406706325,LABORAL,6,False
freeze_20260610_192142,baselines_full_20260718,historical_average_route_day_type_slot,3,30,34,2026-01-27 06:00:00,2026-01-27 06:30:00,1,169.0,262.16937354988397,93.16937354988397,93.16937354988397,8680.532167677819,LABORAL,6,False
freeze_20260610_192142,baselines_full_20260718,historical_average_route_day_type_slot,3,30,34,2026-01-28 07:30:00,2026-01-28 08:00:00,1,103.0,177.54545454545453,74.54545454545453,74.54545454545453,5557.0247933884275,LABORAL,8,False
freeze_20260610_192142,baselines_full_20260718,historical_average_route_day_type_slot,3,30,34,2026-01-28 08:00:00,2026-01-28 08:30:00,1,137.0,176.92558139534884,39.92558139534884,39.92558139534884,1594.0520497566256,LABORAL,8,False
freeze_20260610_192142,baselines_full_20260718,historical_average_route_day_type_slot,3,30,34,2026-01-30 10:00:00,2026-01-30 10:30:00,1,155.0,133.87412587412587,-21.125874125874134,21.125874125874134,446.3025575822782,LABORAL,10,False
freeze_20260610_192142,baselines_full_20260718,historical_average_route_day_type_slot,3,30,34,2026-02-01 12:00:00,2026-02-01 12:30:00,1,,36.416666666666664,,,,DOMINGO,12,True
freeze_20260610_192142,baselines_full_20260718,historical_average_route_day_type_slot,3,30,34,2026-02-02 08:00:00,2026-02-02 08:30:00,1,143.0,176.92558139534884,33.92558139534884,33.92558139534884,1150.9450730124395,LABORAL,8,False
freeze_20260610_192142,baselines_full_20260718,historical_average_route_day_type_slot,3,30,34,2026-02-02 15:30:00,2026-02-02 16:00:00,1,61.0,143.38732394366198,82.38732394366198,82.38732394366198,6787.671146597899,LABORAL,16,False
freeze_20260610_192142,baselines_full_20260718,historical_average_route_day_type_slot,3,30,35,2026-02-03 07:30:00,2026-02-03 08:00:00,1,138.0,177.0637813211845,39.06378132118451,39.06378132118451,1525.9790111093237,LABORAL,8,False
freeze_20260610_192142,baselines_full_20260718,historical_average_route_day_type_slot,3,30,35,2026-02-03 11:30:00,2026-02-03 12:00:00,1,108.0,173.5125284738041,65.51252847380411,65.51252847380411,4291.891387030994,LABORAL,12,False
freeze_20260610_192142,baselines_full_20260718,historical_average_route_day_type_slot,3,30,35,2026-02-05 07:30:00,2026-02-05 08:00:00,1,132.0,177.0637813211845,45.06378132118451,45.06378132118451,2030.7443869635376,LABORAL,8,False
freeze_20260610_192142,baselines_full_20260718,historical_average_route_day_type_slot,3,30,35,2026-02-05 14:30:00,2026-02-05 15:00:00,1,52.0,188.23006833712984,136.23006833712984,136.23006833712984,18558.631519139064,LABORAL,15,False
freeze_20260610_192142,baselines_full_20260718,historical_average_route_day_type_slot,3,30,35,2026-02-06 04:00:00,2026-02-06 04:30:00,1,64.0,156.51936218678816,92.51936218678816,92.51936218678816,8559.832379450087,LABORAL,4,False
freeze_20260610_192142,baselines_full_20260718,historical_average_route_day_type_slot,3,30,35,2026-02-06 05:00:00,2026-02-06 05:30:00,1,294.0,304.9248291571754,10.924829157175395,10.924829157175395,119.35189211346966,LABORAL,5,False
freeze_20260610_192142,baselines_full_20260718,historical_average_route_day_type_slot,3,30,35,2026-02-06 07:30:00,2026-02-06 08:00:00,1,55.0,177.0637813211845,122.0637813211845,122.0637813211845,14899.566710425952,LABORAL,8,False
freeze_20260610_192142,baselines_full_20260718,historical_average_route_day_type_slot,3,30,35,2026-02-06 11:30:00,2026-02-06 12:00:00,1,183.0,173.5125284738041,-9.48747152619589,9.48747152619589,90.01211596037777,LABORAL,12,False
freeze_20260610_192142,baselines_full_20260718,historical_average_route_day_type_slot,3,30,35,2026-02-06 12:30:00,2026-02-06 13:00:00,1,153.0,162.97266514806378,9.972665148063783,9.972665148063783,99.45405015540602,LABORAL,13,False
freeze_20260610_192142,baselines_full_20260718,historical_average_route_day_type_slot,3,30,35,2026-02-07 03:30:00,2026-02-07 04:00:00,1,40.0,35.6764705882353,-4.323529411764703,4.323529411764703,18.69290657439444,SABADO,4,False
freeze_20260610_192142,baselines_full_20260718,historical_average_route_day_type_slot,3,30,35,2026-02-07 11:00:00,2026-02-07 11:30:00,1,34.0,102.5,68.5,68.5,4692.25,SABADO,11,False
freeze_20260610_192142,baselines_full_20260718,historical_average_route_day_type_slot,3,30,35,2026-02-09 10:30:00,2026-02-09 11:00:00,1,101.0,126.60317460317461,25.603174603174608,25.603174603174608,655.5225497606452,LABORAL,11,False
freeze_20260610_192142,baselines_full_20260718,historical_average_route_day_type_slot,3,30,35,2026-02-09 17:00:00,2026-02-09 17:30:00,1,38.0,35.79282868525896,-2.2071713147410392,2.2071713147410392,4.8716052126156875,LABORAL,17,False
freeze_20260610_192142,baselines_full_20260718,historical_average_route_day_type_slot,3,30,35,2026-02-10 03:30:00,2026-02-10 04:00:00,1,44.0,50.24661246612466,6.24661246612466,6.24661246612466,39.020167301944,LABORAL,4,False
freeze_20260610_192142,baselines_full_20260718,historical_average_route_day_type_slot,3,30,35,2026-02-11 06:30:00,2026-02-11 07:00:00,1,57.0,192.40816326530611,135.40816326530611,135.40816326530611,18335.370678883795,LABORAL,7,False
freeze_20260610_192142,baselines_full_20260718,historical_average_route_day_type_slot,3,30,35,2026-02-11 07:30:00,2026-02-11 08:00:00,1,173.0,177.0637813211845,4.063781321184507,4.063781321184507,16.514318626408098,LABORAL,8,False
freeze_20260610_192142,baselines_full_20260718,historical_average_route_day_type_slot,3,30,35,2026-02-11 14:00:00,2026-02-11 14:30:00,1,170.0,173.69931662870158,3.699316628701581,3.699316628701581,13.684943519388032,LABORAL,14,False
freeze_20260610_192142,baselines_full_20260718,historical_average_route_day_type_slot,3,30,35,2026-02-12 16:30:00,2026-02-12 17:00:00,1,49.0,66.43142144638404,17.431421446384036,17.431421446384036,303.8544536414573,LABORAL,17,False
freeze_20260610_192142,baselines_full_20260718,historical_average_route_day_type_slot,3,30,35,2026-02-13 04:00:00,2026-02-13 04:30:00,1,126.0,156.51936218678816,30.519362186788157,30.519362186788157,931.4314682883548,LABORAL,4,False
freeze_20260610_192142,baselines_full_20260718,historical_average_route_day_type_slot,3,30,35,2026-02-13 07:30:00,2026-02-13 08:00:00,1,210.0,177.0637813211845,-32.93621867881549,32.93621867881549,1084.7945008587546,LABORAL,8,False
freeze_20260610_192142,baselines_full_20260718,historical_average_route_day_type_slot,3,30,35,2026-02-13 08:30:00,2026-02-13 09:00:00,1,110.0,162.64464692482915,52.644646924829146,52.644646924829146,2771.458849839923,LABORAL,9,False
freeze_20260610_192142,baselines_full_20260718,historical_average_route_day_type_slot,3,30,35,2026-02-13 09:30:00,2026-02-13 10:00:00,1,43.0,140.9409090909091,97.94090909090909,97.94090909090909,9592.42167355372,LABORAL,10,False
freeze_20260610_192142,baselines_full_20260718,historical_average_route_day_type_slot,3,30,35,2026-02-14 04:30:00,2026-02-14 05:00:00,1,71.0,156.86021505376345,85.86021505376345,85.86021505376345,7371.976529078508,SABADO,5,False
freeze_20260610_192142,baselines_full_20260718,historical_average_route_day_type_slot,3,30,35,2026-02-15 15:00:00,2026-02-15 15:30:00,1,29.0,35.836363636363636,6.836363636363636,6.836363636363636,46.735867768595035,DOMINGO,15,False
freeze_20260610_192142,baselines_full_20260718,historical_average_route_day_type_slot,3,30,36,2026-02-18 05:00:00,2026-02-18 05:30:00,1,205.0,303.2405345211581,98.24053452115811,98.24053452115811,9651.202623002859,LABORAL,5,False
freeze_20260610_192142,baselines_full_20260718,historical_average_route_day_type_slot,3,30,36,2026-02-21 15:00:00,2026-02-21 15:30:00,1,44.0,73.72093023255815,29.720930232558146,29.720930232558146,883.3336938885889,SABADO,15,False
freeze_20260610_192142,baselines_full_20260718,historical_average_route_day_type_slot,3,30,36,2026-02-22 11:30:00,2026-02-22 12:00:00,1,27.0,40.984848484848484,13.984848484848484,13.984848484848484,195.57598714416895,DOMINGO,12,False
freeze_20260610_192142,baselines_full_20260718,historical_average_route_day_type_slot,3,30,36,2026-02-24 12:00:00,2026-02-24 12:30:00,1,148.0,163.44444444444446,15.444444444444457,15.444444444444457,238.53086419753126,LABORAL,12,False
freeze_20260610_192142,baselines_full_20260718,historical_average_route_day_type_slot,3,30,36,2026-02-25 07:30:00,2026-02-25 08:00:00,1,58.0,176.29398663697106,118.29398663697106,118.29398663697106,13993.467274467886,LABORAL,8,False
freeze_20260610_192142,baselines_full_20260718,historical_average_route_day_type_slot,3,30,36,2026-02-25 10:00:00,2026-02-25 10:30:00,1,149.0,133.37861915367483,-15.621380846325167,15.621380846325167,244.0275395459348,LABORAL,10,False
freeze_20260610_192142,baselines_full_20260718,historical_average_route_day_type_slot,3,30,36,2026-02-28 03:30:00,2026-02-28 04:00:00,1,33.0,35.97142857142857,2.971428571428568,2.971428571428568,8.82938775510202,SABADO,4,False
freeze_20260610_192142,baselines_full_20260718,historical_average_route_day_type_slot,3,30,36,2026-02-28 14:30:00,2026-02-28 15:00:00,1,36.0,80.34482758620689,44.34482758620689,44.34482758620689,1966.4637336504156,SABADO,15,False
freeze_20260610_192142,baselines_full_20260718,historical_average_route_day_type_slot,3,30,36,2026-02-28 16:30:00,2026-02-28 17:00:00,1,,40.06896551724138,,,,SABADO,17,True
freeze_20260610_192142,baselines_full_20260718,historical_average_route_day_type_slot,3,30,36,2026-03-01 10:30:00,2026-03-01 11:00:00,1,,39.24324324324324,,,,DOMINGO,11,True
freeze_20260610_192142,baselines_full_20260718,historical_average_route_day_type_slot,3,30,36,2026-03-01 14:00:00,2026-03-01 14:30:00,1,28.0,37.7887323943662,9.7887323943662,9.7887323943662,95.81928188851423,DOMINGO,14,False
freeze_20260610_192142,baselines_full_20260718,historical_average_route_day_type_slot,3,30,36,2026-03-01 15:30:00,2026-03-01 16:00:00,1,41.0,38.42553191489362,-2.574468085106382,2.574468085106382,6.627885921231321,DOMINGO,16,False
freeze_20260610_192142,baselines_full_20260718,historical_average_route_day_type_slot,3,30,37,2026-03-03 06:00:00,2026-03-03 06:30:00,1,256.0,258.60303687635576,2.603036876355759,2.603036876355759,6.775800979667947,LABORAL,6,False
freeze_20260610_192142,baselines_full_20260718,historical_average_route_day_type_slot,3,30,37,2026-03-03 07:30:00,2026-03-03 08:00:00,1,,175.2156862745098,,,,LABORAL,8,True
freeze_20260610_192142,baselines_full_20260718,historical_average_route_day_type_slot,3,30,37,2026-03-04 04:30:00,2026-03-04 05:00:00,1,329.0,245.16993464052288,-83.83006535947712,83.83006535947712,7027.479858174205,LABORAL,5,False
freeze_20260610_192142,baselines_full_20260718,historical_average_route_day_type_slot,3,30,37,2026-03-04 05:30:00,2026-03-04 06:00:00,1,303.0,314.1021739130435,11.102173913043487,11.102173913043487,123.25826559546333,LABORAL,6,False
freeze_20260610_192142,baselines_full_20260718,historical_average_route_day_type_slot,3,30,37,2026-03-05 05:00:00,2026-03-05 05:30:00,1,213.0,301.9368191721133,88.9368191721133,88.9368191721133,7909.75780445318,LABORAL,5,False
freeze_20260610_192142,baselines_full_20260718,historical_average_route_day_type_slot,3,30,37,2026-03-05 07:00:00,2026-03-05 07:30:00,1,130.0,179.45751633986927,49.45751633986927,49.45751633986927,2446.045922508436,LABORAL,7,False
freeze_20260610_192142,baselines_full_20260718,historical_average_route_day_type_slot,3,30,37,2026-03-07 08:30:00,2026-03-07 09:00:00,1,47.0,110.97916666666667,63.97916666666667,63.97916666666667,4093.3337673611118,SABADO,9,False
freeze_20260610_192142,baselines_full_20260718,historical_average_route_day_type_slot,3,30,37,2026-03-10 03:30:00,2026-03-10 04:00:00,1,52.0,50.56443298969072,-1.4355670103092777,1.4355670103092777,2.0608526410883177,LABORAL,4,False
freeze_20260610_192142,baselines_full_20260718,historical_average_route_day_type_slot,3,30,37,2026-03-11 10:00:00,2026-03-11 10:30:00,1,138.0,133.17864923747277,-4.821350762527231,4.821350762527231,23.245423175321914,LABORAL,10,False
freeze_20260610_192142,baselines_full_20260718,historical_average_route_day_type_slot,3,30,37,2026-03-11 12:00:00,2026-03-11 12:30:00,1,103.0,163.0391304347826,60.03913043478261,60.03913043478261,3604.697183364839,LABORAL,12,False
freeze_20260610_192142,baselines_full_20260718,historical_average_route_day_type_slot,3,30,37,2026-03-12 04:00:00,2026-03-12 04:30:00,1,128.0,155.9760348583878,27.976034858387806,27.976034858387806,782.6585263977296,LABORAL,4,False
freeze_20260610_192142,baselines_full_20260718,historical_average_route_day_type_slot,3,30,37,2026-03-13 04:30:00,2026-03-13 05:00:00,1,325.0,245.16993464052288,-79.83006535947712,79.83006535947712,6372.8393352983885,LABORAL,5,False
freeze_20260610_192142,baselines_full_20260718,historical_average_route_day_type_slot,3,30,37,2026-03-15 07:00:00,2026-03-15 07:30:00,1,24.0,39.20454545454545,15.204545454545453,15.204545454545453,231.1782024793388,DOMINGO,7,False
freeze_20260610_192142,baselines_full_20260718,historical_average_route_day_type_slot,3,30,37,2026-03-15 10:30:00,2026-03-15 11:00:00,1,22.0,39.12,17.119999999999997,17.119999999999997,293.0943999999999,DOMINGO,11,False
freeze_20260610_192142,baselines_full_20260718,historical_average_route_day_type_slot,3,30,37,2026-03-15 15:00:00,2026-03-15 15:30:00,1,,35.37931034482759,,,,DOMINGO,15,True
freeze_20260610_192142,baselines_full_20260718,historical_average_route_day_type_slot,3,30,37,2026-03-16 12:30:00,2026-03-16 13:00:00,1,180.0,161.77124183006535,-18.22875816993465,18.22875816993465,332.28762441795925,LABORAL,13,False
freeze_20260610_192142,baselines_full_20260718,historical_average_route_day_type_slot,3,30,38,2026-03-18 08:00:00,2026-03-18 08:30:00,1,121.0,173.82127659574468,52.82127659574468,52.82127659574468,2790.0872612041644,LABORAL,8,False
freeze_20260610_192142,baselines_full_20260718,historical_average_route_day_type_slot,3,30,38,2026-03-18 09:00:00,2026-03-18 09:30:00,1,63.0,140.27350427350427,77.27350427350427,77.27350427350427,5971.1944627072835,LABORAL,9,False
freeze_20260610_192142,baselines_full_20260718,historical_average_route_day_type_slot,3,30,38,2026-03-18 10:00:00,2026-03-18 10:30:00,1,141.0,132.60767590618337,-8.392324093816626,8.392324093816626,70.43110369565505,LABORAL,10,False
freeze_20260610_192142,baselines_full_20260718,historical_average_route_day_type_slot,3,30,38,2026-03-18 11:30:00,2026-03-18 12:00:00,1,193.0,173.21535181236675,-19.784648187633252,19.784648187633252,391.4323039084197,LABORAL,12,False
freeze_20260610_192142,baselines_full_20260718,historical_average_route_day_type_slot,3,30,38,2026-03-19 06:00:00,2026-03-19 06:30:00,1,196.0,257.67091295116774,61.670912951167736,61.670912951167736,3803.3015042305083,LABORAL,6,False
freeze_20260610_192142,baselines_full_20260718,historical_average_route_day_type_slot,3,30,38,2026-03-19 12:00:00,2026-03-19 12:30:00,1,57.0,162.35106382978722,105.35106382978722,105.35106382978722,11098.846650067902,LABORAL,12,False
freeze_20260610_192142,baselines_full_20260718,historical_average_route_day_type_slot,3,30,38,2026-03-19 15:00:00,2026-03-19 15:30:00,1,166.0,172.32762312633832,6.327623126338324,6.327623126338324,40.038814428971584,LABORAL,15,False
freeze_20260610_192142,baselines_full_20260718,historical_average_route_day_type_slot,3,30,38,2026-03-20 10:30:00,2026-03-20 11:00:00,1,94.0,124.8407643312102,30.840764331210195,30.840764331210195,951.1527445332471,LABORAL,11,False
freeze_20260610_192142,baselines_full_20260718,historical_average_route_day_type_slot,3,30,38,2026-03-21 12:00:00,2026-03-21 12:30:00,1,61.0,94.90425531914893,33.90425531914893,33.90425531914893,1149.4985287460386,SABADO,12,False
freeze_20260610_192142,baselines_full_20260718,historical_average_route_day_type_slot,3,30,38,2026-03-22 05:00:00,2026-03-22 05:30:00,1,,37.59090909090909,,,,DOMINGO,5,True
freeze_20260610_192142,baselines_full_20260718,historical_average_route_day_type_slot,3,30,38,2026-03-22 12:30:00,2026-03-22 13:00:00,1,21.0,33.223684210526315,12.223684210526315,12.223684210526315,149.41845567867034,DOMINGO,13,False
freeze_20260610_192142,baselines_full_20260718,historical_average_route_day_type_slot,3,30,38,2026-03-22 14:00:00,2026-03-22 14:30:00,1,30.0,37.65277777777778,7.652777777777779,7.652777777777779,58.565007716049394,DOMINGO,14,False
freeze_20260610_192142,baselines_full_20260718,historical_average_route_day_type_slot,3,30,38,2026-03-22 15:30:00,2026-03-22 16:00:00,1,,38.479166666666664,,,,DOMINGO,16,True
freeze_20260610_192142,baselines_full_20260718,historical_average_route_day_type_slot,3,30,38,2026-03-23 08:00:00,2026-03-23 08:30:00,1,13.0,38.25,25.25,25.25,637.5625,FESTIVO_PUENTE,8,False
freeze_20260610_192142,baselines_full_20260718,historical_average_route_day_type_slot,3,30,38,2026-03-24 03:30:00,2026-03-24 04:00:00,1,50.0,51.19095477386934,1.1909547738693433,1.1909547738693433,1.4183732734021788,LABORAL,4,False
freeze_20260610_192142,baselines_full_20260718,historical_average_route_day_type_slot,3,30,38,2026-03-24 05:00:00,2026-03-24 05:30:00,1,288.0,300.9573560767591,12.957356076759083,12.957356076759083,167.89307649992554,LABORAL,5,False
freeze_20260610_192142,baselines_full_20260718,historical_average_route_day_type_slot,3,30,38,2026-03-25 04:00:00,2026-03-25 04:30:00,1,196.0,155.03846153846155,-40.96153846153845,40.96153846153845,1677.847633136094,LABORAL,4,False
freeze_20260610_192142,baselines_full_20260718,historical_average_route_day_type_slot,3,30,38,2026-03-26 14:00:00,2026-03-26 14:30:00,1,162.0,171.42094017094018,9.420940170940185,9.420940170940185,88.75411370443447,LABORAL,14,False
freeze_20260610_192142,baselines_full_20260718,historical_average_route_day_type_slot,3,30,38,2026-03-27 09:00:00,2026-03-27 09:30:00,1,174.0,140.27350427350427,-33.72649572649573,33.72649572649573,1137.4765139893345,LABORAL,9,False
freeze_20260610_192142,baselines_full_20260718,historical_average_route_day_type_slot,3,30,38,2026-03-29 04:00:00,2026-03-29 04:30:00,1,,32.829268292682926,,,,DOMINGO,4,True
freeze_20260610_192142,baselines_full_20260718,historical_average_route_day_type_slot,3,30,38,2026-03-29 05:30:00,2026-03-29 06:00:00,1,,39.891304347826086,,,,DOMINGO,6,True
freeze_20260610_192142,baselines_full_20260718,historical_average_route_day_type_slot,3,30,38,2026-03-30 09:30:00,2026-03-30 10:00:00,1,113.0,140.4861407249467,27.486140724946694,27.486140724946694,755.4879319515732,LABORAL,10,False
freeze_20260610_192142,baselines_full_20260718,historical_average_route_day_type_slot,3,30,test_final,2026-04-02 14:30:00,2026-04-02 15:00:00,1,21.0,42.625,21.625,21.625,467.640625,FESTIVO,15,False
freeze_20260610_192142,baselines_full_20260718,historical_average_route_day_type_slot,3,30,test_final,2026-04-03 11:30:00,2026-04-03 12:00:00,1,,41.714285714285715,,,,FESTIVO,12,True
freeze_20260610_192142,baselines_full_20260718,historical_average_route_day_type_slot,3,30,test_final,2026-04-03 12:30:00,2026-04-03 13:00:00,1,,38.4,,,,FESTIVO,13,True
freeze_20260610_192142,baselines_full_20260718,historical_average_route_day_type_slot,3,30,test_final,2026-04-05 13:30:00,2026-04-05 14:00:00,1,31.0,31.695652173913043,0.695652173913043,0.695652173913043,0.48393194706994264,DOMINGO,14,False
freeze_20260610_192142,baselines_full_20260718,historical_average_route_day_type_slot,3,30,test_final,2026-04-06 03:30:00,2026-04-06 04:00:00,1,35.0,51.22249388753056,16.22249388753056,16.22249388753056,263.1693079309664,LABORAL,4,False
freeze_20260610_192142,baselines_full_20260718,historical_average_route_day_type_slot,3,30,test_final,2026-04-07 03:30:00,2026-04-07 04:00:00,1,45.0,51.22249388753056,6.222493887530561,6.222493887530561,38.7194301803552,LABORAL,4,False
freeze_20260610_192142,baselines_full_20260718,historical_average_route_day_type_slot,3,30,test_final,2026-04-09 06:30:00,2026-04-09 07:00:00,1,183.0,190.2655601659751,7.265560165975103,7.265560165975103,52.78836452540416,LABORAL,7,False
freeze_20260610_192142,baselines_full_20260718,historical_average_route_day_type_slot,3,30,test_final,2026-04-09 13:00:00,2026-04-09 13:30:00,1,141.0,155.31524008350732,14.31524008350732,14.31524008350732,204.92609864845465,LABORAL,13,False
freeze_20260610_192142,baselines_full_20260718,historical_average_route_day_type_slot,3,30,test_final,2026-04-10 03:30:00,2026-04-10 04:00:00,1,93.0,51.22249388753056,-41.77750611246944,41.77750611246944,1745.3600169774213,LABORAL,4,False
freeze_20260610_192142,baselines_full_20260718,historical_average_route_day_type_slot,3,30,test_final,2026-04-10 12:30:00,2026-04-10 13:00:00,1,135.0,161.17708333333334,26.177083333333343,26.177083333333343,685.2396918402783,LABORAL,13,False
freeze_20260610_192142,baselines_full_20260718,historical_average_route_day_type_slot,3,30,test_final,2026-04-10 14:30:00,2026-04-10 15:00:00,1,83.0,183.40833333333333,100.40833333333333,100.40833333333333,10081.833402777778,LABORAL,15,False
freeze_20260610_192142,baselines_full_20260718,historical_average_route_day_type_slot,3,30,test_final,2026-04-11 05:30:00,2026-04-11 06:00:00,1,161.0,222.04950495049505,61.04950495049505,61.04950495049505,3727.0420547005197,SABADO,6,False
freeze_20260610_192142,baselines_full_20260718,historical_average_route_day_type_slot,3,30,test_final,2026-04-11 15:30:00,2026-04-11 16:00:00,1,18.0,60.68888888888889,42.68888888888889,42.68888888888889,1822.3412345679014,SABADO,16,False
freeze_20260610_192142,baselines_full_20260718,historical_average_route_day_type_slot,3,30,test_final,2026-04-12 09:30:00,2026-04-12 10:00:00,1,38.0,42.62222222222222,4.62222222222222,4.62222222222222,21.364938271604917,DOMINGO,10,False
freeze_20260610_192142,baselines_full_20260718,historical_average_route_day_type_slot,3,30,test_final,2026-04-13 15:00:00,2026-04-13 15:30:00,1,118.0,171.56066945606693,53.56066945606693,53.56066945606693,2868.745312582061,LABORAL,15,False
freeze_20260610_192142,baselines_full_20260718,historical_average_route_day_type_slot,3,30,test_final,2026-04-16 03:30:00,2026-04-16 04:00:00,1,51.0,51.22249388753056,0.2224938875305611,0.2224938875305611,0.04950352998846197,LABORAL,4,False
freeze_20260610_192142,baselines_full_20260718,historical_average_route_day_type_slot,3,30,test_final,2026-04-17 06:30:00,2026-04-17 07:00:00,1,120.0,190.2655601659751,70.2655601659751,70.2655601659751,4937.248945438267,LABORAL,7,False
freeze_20260610_192142,baselines_full_20260718,historical_average_route_day_type_slot,3,30,test_final,2026-04-17 09:30:00,2026-04-17 10:00:00,1,139.0,140.35625,1.3562499999999886,1.3562499999999886,1.839414062499969,LABORAL,10,False
freeze_20260610_192142,baselines_full_20260718,historical_average_route_day_type_slot,3,30,test_final,2026-04-18 12:30:00,2026-04-18 13:00:00,1,68.0,84.0,16.0,16.0,256.0,SABADO,13,False
freeze_20260610_192142,baselines_full_20260718,historical_average_route_day_type_slot,3,30,test_final,2026-04-20 06:30:00,2026-04-20 07:00:00,1,86.0,190.2655601659751,104.2655601659751,104.2655601659751,10871.307036724575,LABORAL,7,False
freeze_20260610_192142,baselines_full_20260718,historical_average_route_day_type_slot,3,30,test_final,2026-04-22 06:00:00,2026-04-22 06:30:00,1,146.0,256.4004149377593,110.40041493775931,110.40041493775931,12188.251618429429,LABORAL,6,False
freeze_20260610_192142,baselines_full_20260718,historical_average_route_day_type_slot,3,30,test_final,2026-04-23 17:00:00,2026-04-23 17:30:00,1,,35.58620689655172,,,,LABORAL,17,True
freeze_20260610_192142,baselines_full_20260718,historical_average_route_day_type_slot,3,30,test_final,2026-04-24 06:00:00,2026-04-24 06:30:00,1,320.0,256.4004149377593,-63.59958506224069,63.59958506224069,4044.907220089189,LABORAL,6,False
freeze_20260610_192142,baselines_full_20260718,historical_average_route_day_type_slot,3,30,test_final,2026-04-28 05:30:00,2026-04-28 06:00:00,1,213.0,312.4033264033264,99.40332640332639,99.40332640332639,9881.021300046245,LABORAL,6,False
freeze_20260610_192142,baselines_full_20260718,historical_average_route_day_type_slot,3,30,test_final,2026-04-29 07:30:00,2026-04-29 08:00:00,1,161.0,173.6171548117155,12.617154811715494,12.617154811715494,159.19259554279546,LABORAL,8,False
freeze_20260610_192142,baselines_full_20260718,historical_average_route_day_type_slot,3,30,test_final,2026-04-29 12:30:00,2026-04-29 13:00:00,1,112.0,161.17708333333334,49.17708333333334,49.17708333333334,2418.385525173612,LABORAL,13,False
freeze_20260610_192142,baselines_full_20260718,historical_average_route_day_type_slot,3,30,test_final,2026-04-30 05:00:00,2026-04-30 05:30:00,1,268.0,299.95625,31.95625000000001,31.95625000000001,1021.2019140625007,LABORAL,5,False
freeze_20260610_192142,baselines_full_20260718,historical_average_route_day_type_slot,3,30,test_final,2026-05-01 11:30:00,2026-05-01 12:00:00,1,51.0,41.714285714285715,-9.285714285714285,9.285714285714285,86.22448979591834,FESTIVO,12,False
freeze_20260610_192142,baselines_full_20260718,historical_average_route_day_type_slot,3,30,test_final,2026-05-02 05:00:00,2026-05-02 05:30:00,1,149.0,194.69306930693068,45.69306930693068,45.69306930693068,2087.856582687971,SABADO,5,False
freeze_20260610_192142,baselines_full_20260718,historical_average_route_day_type_slot,3,30,test_final,2026-05-02 13:00:00,2026-05-02 13:30:00,1,100.0,77.26,-22.739999999999995,22.739999999999995,517.1075999999998,SABADO,13,False
freeze_20260610_192142,baselines_full_20260718,historical_average_route_day_type_slot,3,30,test_final,2026-05-03 11:00:00,2026-05-03 11:30:00,1,27.0,41.15068493150685,14.150684931506852,14.150684931506852,200.24188403077508,DOMINGO,11,False
freeze_20260610_192142,baselines_full_20260718,historical_average_route_day_type_slot,3,30,test_final,2026-05-03 11:30:00,2026-05-03 12:00:00,1,,40.74285714285714,,,,DOMINGO,12,True
freeze_20260610_192142,baselines_full_20260718,historical_average_route_day_type_slot,3,30,test_final,2026-05-04 15:30:00,2026-05-04 16:00:00,1,126.0,139.16176470588235,13.161764705882348,13.161764705882348,173.23205017301024,LABORAL,16,False
freeze_20260610_192142,baselines_full_20260718,historical_average_route_day_type_slot,3,30,test_final,2026-05-04 17:00:00,2026-05-04 17:30:00,1,,35.58620689655172,,,,LABORAL,17,True
freeze_20260610_192142,baselines_full_20260718,historical_average_route_day_type_slot,3,30,test_final,2026-05-06 11:00:00,2026-05-06 11:30:00,1,43.0,136.06652806652806,93.06652806652806,93.06652806652806,8661.378646357856,LABORAL,11,False
freeze_20260610_192142,baselines_full_20260718,historical_average_route_day_type_slot,3,30,test_final,2026-05-07 17:00:00,2026-05-07 17:30:00,1,,35.58620689655172,,,,LABORAL,17,True
freeze_20260610_192142,baselines_full_20260718,historical_average_route_day_type_slot,3,30,test_final,2026-05-08 05:30:00,2026-05-08 06:00:00,1,345.0,312.4033264033264,-32.59667359667361,32.59667359667361,1062.5431295680785,LABORAL,6,False
freeze_20260610_192142,baselines_full_20260718,historical_average_route_day_type_slot,3,30,test_final,2026-05-08 07:30:00,2026-05-08 08:00:00,1,111.0,173.6171548117155,62.617154811715494,62.617154811715494,3920.908076714345,LABORAL,8,False
freeze_20260610_192142,baselines_full_20260718,historical_average_route_day_type_slot,3,30,test_final,2026-05-10 04:30:00,2026-05-10 05:00:00,1,,39.333333333333336,,,,DOMINGO,5,True
freeze_20260610_192142,baselines_full_20260718,historical_average_route_day_type_slot,3,30,test_final,2026-05-10 11:30:00,2026-05-10 12:00:00,1,,40.74285714285714,,,,DOMINGO,12,True
freeze_20260610_192142,baselines_full_20260718,historical_average_route_day_type_slot,3,30,test_final,2026-05-15 07:30:00,2026-05-15 08:00:00,1,93.0,173.6171548117155,80.6171548117155,80.6171548117155,6499.1256499361025,LABORAL,8,False
freeze_20260610_192142,baselines_full_20260718,historical_average_route_day_type_slot,3,30,test_final,2026-05-16 09:00:00,2026-05-16 09:30:00,1,59.0,105.86138613861387,46.86138613861387,46.86138613861387,2195.9895108322717,SABADO,9,False
freeze_20260610_192142,baselines_full_20260718,historical_average_route_day_type_slot,3,30,test_final,2026-05-19 17:30:00,2026-05-19 18:00:00,1,,21.107142857142858,,,,LABORAL,18,True
freeze_20260610_192142,baselines_full_20260718,historical_average_route_day_type_slot,3,30,test_final,2026-05-20 12:30:00,2026-05-20 13:00:00,1,132.0,161.17708333333334,29.177083333333343,29.177083333333343,851.3021918402783,LABORAL,13,False
freeze_20260610_192142,baselines_full_20260718,historical_average_route_day_type_slot,3,30,test_final,2026-05-20 15:30:00,2026-05-20 16:00:00,1,120.0,139.16176470588235,19.161764705882348,19.161764705882348,367.1732266435984,LABORAL,16,False
freeze_20260610_192142,baselines_full_20260718,historical_average_route_day_type_slot,3,30,test_final,2026-05-22 04:00:00,2026-05-22 04:30:00,1,182.0,154.62004175365345,-27.379958246346547,27.379958246346547,749.6621135716803,LABORAL,4,False
freeze_20260610_192142,baselines_full_20260718,historical_average_route_day_type_slot,3,30,test_final,2026-05-22 11:30:00,2026-05-22 12:00:00,1,116.0,172.76875,56.76875000000001,56.76875000000001,3222.6909765625014,LABORAL,12,False
freeze_20260610_192142,baselines_full_20260718,historical_average_route_day_type_slot,3,30,test_final,2026-05-22 12:00:00,2026-05-22 12:30:00,1,142.0,161.43125,19.431250000000006,19.431250000000006,377.5734765625002,LABORAL,12,False
freeze_20260610_192142,baselines_full_20260718,historical_average_route_day_type_slot,3,30,test_final,2026-05-23 05:30:00,2026-05-23 06:00:00,1,244.0,222.04950495049505,-21.95049504950495,21.95049504950495,481.82423291834135,SABADO,6,False
freeze_20260610_192142,baselines_full_20260718,historical_average_route_day_type_slot,3,30,test_final,2026-05-23 15:00:00,2026-05-23 15:30:00,1,44.0,71.55434782608695,27.554347826086953,27.554347826086953,759.2420841209828,SABADO,15,False
freeze_20260610_192142,baselines_full_20260718,historical_average_route_day_type_slot,3,30,test_final,2026-05-24 12:00:00,2026-05-24 12:30:00,1,40.0,36.333333333333336,-3.6666666666666643,3.6666666666666643,13.444444444444427,DOMINGO,12,False
freeze_20260610_192142,baselines_full_20260718,historical_average_route_day_type_slot,3,30,test_final,2026-05-24 15:00:00,2026-05-24 15:30:00,1,,35.0,,,,DOMINGO,15,True
freeze_20260610_192142,baselines_full_20260718,historical_average_route_day_type_slot,3,30,test_final,2026-05-25 07:00:00,2026-05-25 07:30:00,1,110.0,178.02291666666667,68.02291666666667,68.02291666666667,4627.117191840279,LABORAL,7,False
freeze_20260610_192142,baselines_full_20260718,historical_average_route_day_type_slot,3,30,test_final,2026-05-25 12:30:00,2026-05-25 13:00:00,1,62.0,161.17708333333334,99.17708333333334,99.17708333333334,9836.093858506947,LABORAL,13,False
freeze_20260610_192142,baselines_full_20260718,historical_average_route_day_type_slot,3,30,test_final,2026-05-26 17:00:00,2026-05-26 17:30:00,1,,35.58620689655172,,,,LABORAL,17,True
freeze_20260610_192142,baselines_full_20260718,historical_average_route_day_type_slot,3,30,test_final,2026-05-27 05:00:00,2026-05-27 05:30:00,1,241.0,299.95625,58.95625000000001,58.95625000000001,3475.8394140625014,LABORAL,5,False
freeze_20260610_192142,baselines_full_20260718,historical_average_route_day_type_slot,3,30,test_final,2026-05-28 09:30:00,2026-05-28 10:00:00,1,75.0,140.35625,65.35624999999999,65.35624999999999,4271.439414062498,LABORAL,10,False
freeze_20260610_192142,baselines_full_20260718,historical_average_route_day_type_slot,3,30,test_final,2026-06-01 08:00:00,2026-06-01 08:30:00,1,156.0,172.55717255717255,16.55717255717255,16.55717255717255,274.1399630879878,LABORAL,8,False
freeze_20260610_192142,baselines_full_20260718,historical_average_route_day_type_slot,3,30,test_final,2026-06-02 16:30:00,2026-06-02 17:00:00,1,,65.08120649651973,,,,LABORAL,17,True
freeze_20260610_192142,baselines_full_20260718,historical_average_route_day_type_slot,3,30,test_final,2026-06-03 06:30:00,2026-06-03 07:00:00,1,135.0,190.2655601659751,55.2655601659751,55.2655601659751,3054.282140459014,LABORAL,7,False
freeze_20260610_192142,baselines_full_20260718,historical_average_route_day_type_slot,3,30,test_final,2026-06-03 07:00:00,2026-06-03 07:30:00,1,155.0,178.02291666666667,23.022916666666674,23.022916666666674,530.0546918402781,LABORAL,7,False
freeze_20260610_192142,baselines_full_20260718,historical_average_route_day_type_slot,3,30,test_final,2026-06-03 15:30:00,2026-06-03 16:00:00,1,109.0,139.16176470588235,30.161764705882348,30.161764705882348,909.7320501730101,LABORAL,16,False
freeze_20260610_192142,baselines_full_20260718,historical_average_route_day_type_slot,3,30,test_final,2026-06-05 04:00:00,2026-06-05 04:30:00,1,142.0,154.62004175365345,12.620041753653453,12.620041753653453,159.2654538639565,LABORAL,4,False
freeze_20260610_192142,baselines_full_20260718,historical_average_route_day_type_slot,3,30,test_final,2026-06-06 04:00:00,2026-06-06 04:30:00,1,93.0,112.41584158415841,19.415841584158414,19.415841584158414,376.97490442113514,SABADO,4,False
freeze_20260610_192142,baselines_full_20260718,historical_average_route_day_type_slot,3,30,test_final,2026-06-09 14:00:00,2026-06-09 14:30:00,1,169.0,170.4864300626305,1.4864300626304896,1.4864300626304896,2.2094743310916813,LABORAL,14,False
freeze_20260610_192142,baselines_full_20260718,historical_average_route_day_type_slot,3,30,test_final,2026-06-10 06:30:00,2026-06-10 07:00:00,1,113.0,190.2655601659751,77.2655601659751,77.2655601659751,5969.966787761919,LABORAL,7,False
freeze_20260610_192142,baselines_full_20260718,naive,1,30,1,2024-10-15 15:30:00,2024-10-15 16:00:00,1,170.0,246.0,76.0,76.0,5776.0,LABORAL,16,False
freeze_20260610_192142,baselines_full_20260718,naive,1,30,1,2024-10-18 05:30:00,2024-10-18 06:00:00,1,169.0,150.0,-19.0,19.0,361.0,LABORAL,6,False
freeze_20260610_192142,baselines_full_20260718,naive,1,30,1,2024-10-18 17:00:00,2024-10-18 17:30:00,1,53.0,127.0,74.0,74.0,5476.0,LABORAL,17,False
freeze_20260610_192142,baselines_full_20260718,naive,1,30,1,2024-10-19 08:30:00,2024-10-19 09:00:00,1,90.0,122.0,32.0,32.0,1024.0,SABADO,9,False
freeze_20260610_192142,baselines_full_20260718,naive,1,30,1,2024-10-19 17:30:00,2024-10-19 18:00:00,1,,,,,,SABADO,18,True
freeze_20260610_192142,baselines_full_20260718,naive,1,30,1,2024-10-20 15:00:00,2024-10-20 15:30:00,1,37.0,20.0,-17.0,17.0,289.0,DOMINGO,15,False
freeze_20260610_192142,baselines_full_20260718,naive,1,30,1,2024-10-21 11:30:00,2024-10-21 12:00:00,1,108.0,113.0,5.0,5.0,25.0,LABORAL,12,False
freeze_20260610_192142,baselines_full_20260718,naive,1,30,1,2024-10-21 14:30:00,2024-10-21 15:00:00,1,191.0,221.0,30.0,30.0,900.0,LABORAL,15,False
freeze_20260610_192142,baselines_full_20260718,naive,1,30,1,2024-10-22 06:30:00,2024-10-22 07:00:00,1,155.0,148.0,-7.0,7.0,49.0,LABORAL,7,False
freeze_20260610_192142,baselines_full_20260718,naive,1,30,1,2024-10-25 14:00:00,2024-10-25 14:30:00,1,191.0,141.0,-50.0,50.0,2500.0,LABORAL,14,False
freeze_20260610_192142,baselines_full_20260718,naive,1,30,1,2024-10-26 06:00:00,2024-10-26 06:30:00,1,136.0,139.0,3.0,3.0,9.0,SABADO,6,False
freeze_20260610_192142,baselines_full_20260718,naive,1,30,1,2024-10-26 10:00:00,2024-10-26 10:30:00,1,106.0,183.0,77.0,77.0,5929.0,SABADO,10,False
freeze_20260610_192142,baselines_full_20260718,naive,1,30,1,2024-10-26 13:00:00,2024-10-26 13:30:00,1,149.0,108.0,-41.0,41.0,1681.0,SABADO,13,False
freeze_20260610_192142,baselines_full_20260718,naive,1,30,1,2024-10-26 15:30:00,2024-10-26 16:00:00,1,64.0,86.0,22.0,22.0,484.0,SABADO,16,False
freeze_20260610_192142,baselines_full_20260718,naive,1,30,2,2024-10-29 16:30:00,2024-10-29 17:00:00,1,46.0,112.0,66.0,66.0,4356.0,LABORAL,17,False
freeze_20260610_192142,baselines_full_20260718,naive,1,30,2,2024-10-31 08:00:00,2024-10-31 08:30:00,1,139.0,197.0,58.0,58.0,3364.0,LABORAL,8,False
freeze_20260610_192142,baselines_full_20260718,naive,1,30,2,2024-11-01 11:30:00,2024-11-01 12:00:00,1,101.0,210.0,109.0,109.0,11881.0,LABORAL,12,False
freeze_20260610_192142,baselines_full_20260718,naive,1,30,2,2024-11-03 10:00:00,2024-11-03 10:30:00,1,54.0,17.0,-37.0,37.0,1369.0,DOMINGO,10,False
freeze_20260610_192142,baselines_full_20260718,naive,1,30,2,2024-11-03 10:30:00,2024-11-03 11:00:00,1,54.0,54.0,0.0,0.0,0.0,DOMINGO,11,False
freeze_20260610_192142,baselines_full_20260718,naive,1,30,2,2024-11-04 09:00:00,2024-11-04 09:30:00,1,58.0,36.0,-22.0,22.0,484.0,FESTIVO_PUENTE,9,False
freeze_20260610_192142,baselines_full_20260718,naive,1,30,2,2024-11-05 09:30:00,2024-11-05 10:00:00,1,193.0,180.0,-13.0,13.0,169.0,LABORAL,10,False
freeze_20260610_192142,baselines_full_20260718,naive,1,30,2,2024-11-07 10:30:00,2024-11-07 11:00:00,1,165.0,113.0,-52.0,52.0,2704.0,LABORAL,11,False
freeze_20260610_192142,baselines_full_20260718,naive,1,30,2,2024-11-08 08:00:00,2024-11-08 08:30:00,1,248.0,146.0,-102.0,102.0,10404.0,LABORAL,8,False
freeze_20260610_192142,baselines_full_20260718,naive,1,30,2,2024-11-10 11:00:00,2024-11-10 11:30:00,1,38.0,58.0,20.0,20.0,400.0,DOMINGO,11,False
freeze_20260610_192142,baselines_full_20260718,naive,1,30,2,2024-11-10 13:00:00,2024-11-10 13:30:00,1,56.0,17.0,-39.0,39.0,1521.0,DOMINGO,13,False
freeze_20260610_192142,baselines_full_20260718,naive,1,30,2,2024-11-11 13:30:00,2024-11-11 14:00:00,1,53.0,47.0,-6.0,6.0,36.0,FESTIVO_PUENTE,14,False
freeze_20260610_192142,baselines_full_20260718,naive,1,30,3,2024-11-13 07:00:00,2024-11-13 07:30:00,1,186.0,130.0,-56.0,56.0,3136.0,LABORAL,7,False
freeze_20260610_192142,baselines_full_20260718,naive,1,30,3,2024-11-14 05:00:00,2024-11-14 05:30:00,1,274.0,190.0,-84.0,84.0,7056.0,LABORAL,5,False
freeze_20260610_192142,baselines_full_20260718,naive,1,30,3,2024-11-15 11:00:00,2024-11-15 11:30:00,1,142.0,110.0,-32.0,32.0,1024.0,LABORAL,11,False
freeze_20260610_192142,baselines_full_20260718,naive,1,30,3,2024-11-16 04:00:00,2024-11-16 04:30:00,1,126.0,,,,,SABADO,4,False
freeze_20260610_192142,baselines_full_20260718,naive,1,30,3,2024-11-16 05:30:00,2024-11-16 06:00:00,1,136.0,171.0,35.0,35.0,1225.0,SABADO,6,False
freeze_20260610_192142,baselines_full_20260718,naive,1,30,3,2024-11-16 09:30:00,2024-11-16 10:00:00,1,168.0,106.0,-62.0,62.0,3844.0,SABADO,10,False
freeze_20260610_192142,baselines_full_20260718,naive,1,30,3,2024-11-16 17:00:00,2024-11-16 17:30:00,1,,,,,,SABADO,17,True
freeze_20260610_192142,baselines_full_20260718,naive,1,30,3,2024-11-17 16:30:00,2024-11-17 17:00:00,1,,,,,,DOMINGO,17,True
freeze_20260610_192142,baselines_full_20260718,naive,1,30,3,2024-11-19 17:30:00,2024-11-19 18:00:00,1,,,,,,LABORAL,18,True
freeze_20260610_192142,baselines_full_20260718,naive,1,30,3,2024-11-21 09:00:00,2024-11-21 09:30:00,1,124.0,118.0,-6.0,6.0,36.0,LABORAL,9,False
freeze_20260610_192142,baselines_full_20260718,naive,1,30,3,2024-11-22 08:00:00,2024-11-22 08:30:00,1,104.0,185.0,81.0,81.0,6561.0,LABORAL,8,False
freeze_20260610_192142,baselines_full_20260718,naive,1,30,3,2024-11-22 13:30:00,2024-11-22 14:00:00,1,234.0,99.0,-135.0,135.0,18225.0,LABORAL,14,False
freeze_20260610_192142,baselines_full_20260718,naive,1,30,3,2024-11-23 13:00:00,2024-11-23 13:30:00,1,129.0,54.0,-75.0,75.0,5625.0,SABADO,13,False
freeze_20260610_192142,baselines_full_20260718,naive,1,30,3,2024-11-23 16:00:00,2024-11-23 16:30:00,1,42.0,91.0,49.0,49.0,2401.0,SABADO,16,False
freeze_20260610_192142,baselines_full_20260718,naive,1,30,3,2024-11-24 06:30:00,2024-11-24 07:00:00,1,61.0,,,,,DOMINGO,7,False
freeze_20260610_192142,baselines_full_20260718,naive,1,30,3,2024-11-25 06:30:00,2024-11-25 07:00:00,1,171.0,191.0,20.0,20.0,400.0,LABORAL,7,False
freeze_20260610_192142,baselines_full_20260718,naive,1,30,3,2024-11-25 07:30:00,2024-11-25 08:00:00,1,147.0,147.0,0.0,0.0,0.0,LABORAL,8,False
freeze_20260610_192142,baselines_full_20260718,naive,1,30,3,2024-11-25 12:00:00,2024-11-25 12:30:00,1,275.0,89.0,-186.0,186.0,34596.0,LABORAL,12,False
freeze_20260610_192142,baselines_full_20260718,naive,1,30,4,2024-11-26 12:00:00,2024-11-26 12:30:00,1,159.0,129.0,-30.0,30.0,900.0,LABORAL,12,False
freeze_20260610_192142,baselines_full_20260718,naive,1,30,4,2024-11-27 11:00:00,2024-11-27 11:30:00,1,163.0,109.0,-54.0,54.0,2916.0,LABORAL,11,False
freeze_20260610_192142,baselines_full_20260718,naive,1,30,4,2024-11-29 04:00:00,2024-11-29 04:30:00,1,251.0,,,,,LABORAL,4,False
freeze_20260610_192142,baselines_full_20260718,naive,1,30,4,2024-11-29 05:00:00,2024-11-29 05:30:00,1,196.0,83.0,-113.0,113.0,12769.0,LABORAL,5,False
freeze_20260610_192142,baselines_full_20260718,naive,1,30,4,2024-11-30 06:30:00,2024-11-30 07:00:00,1,221.0,166.0,-55.0,55.0,3025.0,SABADO,7,False
freeze_20260610_192142,baselines_full_20260718,naive,1,30,4,2024-12-01 13:30:00,2024-12-01 14:00:00,1,38.0,,,,,DOMINGO,14,False
freeze_20260610_192142,baselines_full_20260718,naive,1,30,4,2024-12-02 16:00:00,2024-12-02 16:30:00,1,160.0,159.0,-1.0,1.0,1.0,LABORAL,16,False
freeze_20260610_192142,baselines_full_20260718,naive,1,30,4,2024-12-03 04:00:00,2024-12-03 04:30:00,1,186.0,,,,,LABORAL,4,False
freeze_20260610_192142,baselines_full_20260718,naive,1,30,4,2024-12-03 10:00:00,2024-12-03 10:30:00,1,119.0,161.0,42.0,42.0,1764.0,LABORAL,10,False
freeze_20260610_192142,baselines_full_20260718,naive,1,30,4,2024-12-04 10:30:00,2024-12-04 11:00:00,1,112.0,115.0,3.0,3.0,9.0,LABORAL,11,False
freeze_20260610_192142,baselines_full_20260718,naive,1,30,4,2024-12-08 08:30:00,2024-12-08 09:00:00,1,61.0,36.0,-25.0,25.0,625.0,FESTIVO,9,False
freeze_20260610_192142,baselines_full_20260718,naive,1,30,4,2024-12-09 16:00:00,2024-12-09 16:30:00,1,97.0,283.0,186.0,186.0,34596.0,LABORAL,16,False
freeze_20260610_192142,baselines_full_20260718,naive,1,30,5,2024-12-10 04:30:00,2024-12-10 05:00:00,1,177.0,168.0,-9.0,9.0,81.0,LABORAL,5,False
freeze_20260610_192142,baselines_full_20260718,naive,1,30,5,2024-12-10 14:00:00,2024-12-10 14:30:00,1,201.0,180.0,-21.0,21.0,441.0,LABORAL,14,False
freeze_20260610_192142,baselines_full_20260718,naive,1,30,5,2024-12-11 05:30:00,2024-12-11 06:00:00,1,269.0,165.0,-104.0,104.0,10816.0,LABORAL,6,False
freeze_20260610_192142,baselines_full_20260718,naive,1,30,5,2024-12-11 08:30:00,2024-12-11 09:00:00,1,184.0,202.0,18.0,18.0,324.0,LABORAL,9,False
freeze_20260610_192142,baselines_full_20260718,naive,1,30,5,2024-12-11 11:30:00,2024-12-11 12:00:00,1,70.0,130.0,60.0,60.0,3600.0,LABORAL,12,False
freeze_20260610_192142,baselines_full_20260718,naive,1,30,5,2024-12-11 14:30:00,2024-12-11 15:00:00,1,161.0,126.0,-35.0,35.0,1225.0,LABORAL,15,False
freeze_20260610_192142,baselines_full_20260718,naive,1,30,5,2024-12-12 10:00:00,2024-12-12 10:30:00,1,135.0,151.0,16.0,16.0,256.0,LABORAL,10,False
freeze_20260610_192142,baselines_full_20260718,naive,1,30,5,2024-12-12 15:00:00,2024-12-12 15:30:00,1,173.0,220.0,47.0,47.0,2209.0,LABORAL,15,False
freeze_20260610_192142,baselines_full_20260718,naive,1,30,5,2024-12-13 08:30:00,2024-12-13 09:00:00,1,205.0,142.0,-63.0,63.0,3969.0,LABORAL,9,False
freeze_20260610_192142,baselines_full_20260718,naive,1,30,5,2024-12-14 04:30:00,2024-12-14 05:00:00,1,91.0,128.0,37.0,37.0,1369.0,SABADO,5,False
freeze_20260610_192142,baselines_full_20260718,naive,1,30,5,2024-12-16 08:30:00,2024-12-16 09:00:00,1,119.0,208.0,89.0,89.0,7921.0,LABORAL,9,False
freeze_20260610_192142,baselines_full_20260718,naive,1,30,5,2024-12-17 04:30:00,2024-12-17 05:00:00,1,139.0,211.0,72.0,72.0,5184.0,LABORAL,5,False
freeze_20260610_192142,baselines_full_20260718,naive,1,30,5,2024-12-18 05:30:00,2024-12-18 06:00:00,1,178.0,174.0,-4.0,4.0,16.0,LABORAL,6,False
freeze_20260610_192142,baselines_full_20260718,naive,1,30,5,2024-12-18 15:00:00,2024-12-18 15:30:00,1,210.0,232.0,22.0,22.0,484.0,LABORAL,15,False
freeze_20260610_192142,baselines_full_20260718,naive,1,30,5,2024-12-18 16:00:00,2024-12-18 16:30:00,1,194.0,251.0,57.0,57.0,3249.0,LABORAL,16,False
freeze_20260610_192142,baselines_full_20260718,naive,1,30,5,2024-12-20 08:30:00,2024-12-20 09:00:00,1,135.0,188.0,53.0,53.0,2809.0,LABORAL,9,False
freeze_20260610_192142,baselines_full_20260718,naive,1,30,5,2024-12-20 11:00:00,2024-12-20 11:30:00,1,122.0,139.0,17.0,17.0,289.0,LABORAL,11,False
freeze_20260610_192142,baselines_full_20260718,naive,1,30,5,2024-12-20 15:30:00,2024-12-20 16:00:00,1,255.0,96.0,-159.0,159.0,25281.0,LABORAL,16,False
freeze_20260610_192142,baselines_full_20260718,naive,1,30,5,2024-12-22 07:00:00,2024-12-22 07:30:00,1,42.0,,,,,DOMINGO,7,False
freeze_20260610_192142,baselines_full_20260718,naive,1,30,5,2024-12-22 10:30:00,2024-12-22 11:00:00,1,44.0,54.0,10.0,10.0,100.0,DOMINGO,11,False
freeze_20260610_192142,baselines_full_20260718,naive,1,30,5,2024-12-23 13:30:00,2024-12-23 14:00:00,1,230.0,160.0,-70.0,70.0,4900.0,LABORAL,14,False
freeze_20260610_192142,baselines_full_20260718,naive,1,30,6,2024-12-26 12:00:00,2024-12-26 12:30:00,1,202.0,204.0,2.0,2.0,4.0,LABORAL,12,False
freeze_20260610_192142,baselines_full_20260718,naive,1,30,6,2024-12-27 09:00:00,2024-12-27 09:30:00,1,103.0,214.0,111.0,111.0,12321.0,LABORAL,9,False
freeze_20260610_192142,baselines_full_20260718,naive,1,30,6,2024-12-27 12:00:00,2024-12-27 12:30:00,1,180.0,230.0,50.0,50.0,2500.0,LABORAL,12,False
freeze_20260610_192142,baselines_full_20260718,naive,1,30,6,2024-12-27 16:00:00,2024-12-27 16:30:00,1,110.0,151.0,41.0,41.0,1681.0,LABORAL,16,False
freeze_20260610_192142,baselines_full_20260718,naive,1,30,6,2024-12-27 17:30:00,2024-12-27 18:00:00,1,,68.0,,,,LABORAL,18,True
freeze_20260610_192142,baselines_full_20260718,naive,1,30,6,2024-12-28 07:00:00,2024-12-28 07:30:00,1,147.0,95.0,-52.0,52.0,2704.0,SABADO,7,False
freeze_20260610_192142,baselines_full_20260718,naive,1,30,6,2024-12-28 14:00:00,2024-12-28 14:30:00,1,168.0,95.0,-73.0,73.0,5329.0,SABADO,14,False
freeze_20260610_192142,baselines_full_20260718,naive,1,30,6,2024-12-30 08:00:00,2024-12-30 08:30:00,1,136.0,191.0,55.0,55.0,3025.0,LABORAL,8,False
freeze_20260610_192142,baselines_full_20260718,naive,1,30,6,2024-12-30 16:30:00,2024-12-30 17:00:00,1,100.0,126.0,26.0,26.0,676.0,LABORAL,17,False
freeze_20260610_192142,baselines_full_20260718,naive,1,30,6,2024-12-31 07:00:00,2024-12-31 07:30:00,1,154.0,103.0,-51.0,51.0,2601.0,LABORAL,7,False
freeze_20260610_192142,baselines_full_20260718,naive,1,30,6,2025-01-01 06:00:00,2025-01-01 06:30:00,1,,,,,,FESTIVO,6,True
freeze_20260610_192142,baselines_full_20260718,naive,1,30,6,2025-01-01 15:00:00,2025-01-01 15:30:00,1,,,,,,FESTIVO,15,True
freeze_20260610_192142,baselines_full_20260718,naive,1,30,6,2025-01-02 06:30:00,2025-01-02 07:00:00,1,117.0,115.0,-2.0,2.0,4.0,LABORAL,7,False
freeze_20260610_192142,baselines_full_20260718,naive,1,30,6,2025-01-02 10:00:00,2025-01-02 10:30:00,1,96.0,112.0,16.0,16.0,256.0,LABORAL,10,False
freeze_20260610_192142,baselines_full_20260718,naive,1,30,6,2025-01-03 14:00:00,2025-01-03 14:30:00,1,214.0,195.0,-19.0,19.0,361.0,LABORAL,14,False
freeze_20260610_192142,baselines_full_20260718,naive,1,30,6,2025-01-03 15:00:00,2025-01-03 15:30:00,1,190.0,157.0,-33.0,33.0,1089.0,LABORAL,15,False
freeze_20260610_192142,baselines_full_20260718,naive,1,30,6,2025-01-03 17:00:00,2025-01-03 17:30:00,1,,37.0,,,,LABORAL,17,True
freeze_20260610_192142,baselines_full_20260718,naive,1,30,6,2025-01-04 12:30:00,2025-01-04 13:00:00,1,76.0,92.0,16.0,16.0,256.0,SABADO,13,False
freeze_20260610_192142,baselines_full_20260718,naive,1,30,6,2025-01-04 16:00:00,2025-01-04 16:30:00,1,37.0,81.0,44.0,44.0,1936.0,SABADO,16,False
freeze_20260610_192142,baselines_full_20260718,naive,1,30,6,2025-01-05 05:00:00,2025-01-05 05:30:00,1,,,,,,DOMINGO,5,True
freeze_20260610_192142,baselines_full_20260718,naive,1,30,6,2025-01-05 10:00:00,2025-01-05 10:30:00,1,54.0,59.0,5.0,5.0,25.0,DOMINGO,10,False
freeze_20260610_192142,baselines_full_20260718,naive,1,30,6,2025-01-05 16:00:00,2025-01-05 16:30:00,1,26.0,35.0,9.0,9.0,81.0,DOMINGO,16,False
freeze_20260610_192142,baselines_full_20260718,naive,1,30,7,2025-01-07 15:00:00,2025-01-07 15:30:00,1,143.0,212.0,69.0,69.0,4761.0,LABORAL,15,False
freeze_20260610_192142,baselines_full_20260718,naive,1,30,7,2025-01-09 07:30:00,2025-01-09 08:00:00,1,98.0,144.0,46.0,46.0,2116.0,LABORAL,8,False
freeze_20260610_192142,baselines_full_20260718,naive,1,30,7,2025-01-09 11:30:00,2025-01-09 12:00:00,1,140.0,83.0,-57.0,57.0,3249.0,LABORAL,12,False
freeze_20260610_192142,baselines_full_20260718,naive,1,30,7,2025-01-10 16:00:00,2025-01-10 16:30:00,1,148.0,116.0,-32.0,32.0,1024.0,LABORAL,16,False
freeze_20260610_192142,baselines_full_20260718,naive,1,30,7,2025-01-10 16:30:00,2025-01-10 17:00:00,1,45.0,148.0,103.0,103.0,10609.0,LABORAL,17,False
freeze_20260610_192142,baselines_full_20260718,naive,1,30,7,2025-01-11 04:00:00,2025-01-11 04:30:00,1,74.0,,,,,SABADO,4,False
freeze_20260610_192142,baselines_full_20260718,naive,1,30,7,2025-01-12 11:00:00,2025-01-12 11:30:00,1,23.0,24.0,1.0,1.0,1.0,DOMINGO,11,False
freeze_20260610_192142,baselines_full_20260718,naive,1,30,7,2025-01-12 14:30:00,2025-01-12 15:00:00,1,20.0,32.0,12.0,12.0,144.0,DOMINGO,15,False
freeze_20260610_192142,baselines_full_20260718,naive,1,30,7,2025-01-15 05:30:00,2025-01-15 06:00:00,1,219.0,183.0,-36.0,36.0,1296.0,LABORAL,6,False
freeze_20260610_192142,baselines_full_20260718,naive,1,30,7,2025-01-17 05:30:00,2025-01-17 06:00:00,1,154.0,143.0,-11.0,11.0,121.0,LABORAL,6,False
freeze_20260610_192142,baselines_full_20260718,naive,1,30,7,2025-01-17 14:30:00,2025-01-17 15:00:00,1,159.0,265.0,106.0,106.0,11236.0,LABORAL,15,False
freeze_20260610_192142,baselines_full_20260718,naive,1,30,7,2025-01-18 06:30:00,2025-01-18 07:00:00,1,111.0,152.0,41.0,41.0,1681.0,SABADO,7,False
freeze_20260610_192142,baselines_full_20260718,naive,1,30,7,2025-01-18 09:00:00,2025-01-18 09:30:00,1,101.0,95.0,-6.0,6.0,36.0,SABADO,9,False
freeze_20260610_192142,baselines_full_20260718,naive,1,30,7,2025-01-19 05:30:00,2025-01-19 06:00:00,1,38.0,,,,,DOMINGO,6,False
freeze_20260610_192142,baselines_full_20260718,naive,1,30,7,2025-01-19 13:30:00,2025-01-19 14:00:00,1,33.0,38.0,5.0,5.0,25.0,DOMINGO,14,False
freeze_20260610_192142,baselines_full_20260718,naive,1,30,8,2025-01-21 07:00:00,2025-01-21 07:30:00,1,144.0,169.0,25.0,25.0,625.0,LABORAL,7,False
freeze_20260610_192142,baselines_full_20260718,naive,1,30,8,2025-01-22 11:00:00,2025-01-22 11:30:00,1,40.0,98.0,58.0,58.0,3364.0,LABORAL,11,False
freeze_20260610_192142,baselines_full_20260718,naive,1,30,8,2025-01-23 12:00:00,2025-01-23 12:30:00,1,107.0,96.0,-11.0,11.0,121.0,LABORAL,12,False
freeze_20260610_192142,baselines_full_20260718,naive,1,30,8,2025-01-25 10:30:00,2025-01-25 11:00:00,1,100.0,41.0,-59.0,59.0,3481.0,SABADO,11,False
freeze_20260610_192142,baselines_full_20260718,naive,1,30,8,2025-01-27 10:30:00,2025-01-27 11:00:00,1,93.0,148.0,55.0,55.0,3025.0,LABORAL,11,False
freeze_20260610_192142,baselines_full_20260718,naive,1,30,8,2025-01-28 05:00:00,2025-01-28 05:30:00,1,145.0,188.0,43.0,43.0,1849.0,LABORAL,5,False
freeze_20260610_192142,baselines_full_20260718,naive,1,30,8,2025-01-28 05:30:00,2025-01-28 06:00:00,1,232.0,145.0,-87.0,87.0,7569.0,LABORAL,6,False
freeze_20260610_192142,baselines_full_20260718,naive,1,30,8,2025-01-29 05:30:00,2025-01-29 06:00:00,1,145.0,184.0,39.0,39.0,1521.0,LABORAL,6,False
freeze_20260610_192142,baselines_full_20260718,naive,1,30,8,2025-01-31 08:30:00,2025-01-31 09:00:00,1,135.0,92.0,-43.0,43.0,1849.0,LABORAL,9,False
freeze_20260610_192142,baselines_full_20260718,naive,1,30,8,2025-02-01 10:30:00,2025-02-01 11:00:00,1,109.0,107.0,-2.0,2.0,4.0,SABADO,11,False
freeze_20260610_192142,baselines_full_20260718,naive,1,30,8,2025-02-02 09:00:00,2025-02-02 09:30:00,1,,,,,,DOMINGO,9,True
freeze_20260610_192142,baselines_full_20260718,naive,1,30,8,2025-02-02 10:00:00,2025-02-02 10:30:00,1,,55.0,,,,DOMINGO,10,True
freeze_20260610_192142,baselines_full_20260718,naive,1,30,9,2025-02-04 09:30:00,2025-02-04 10:00:00,1,190.0,155.0,-35.0,35.0,1225.0,LABORAL,10,False
freeze_20260610_192142,baselines_full_20260718,naive,1,30,9,2025-02-04 14:30:00,2025-02-04 15:00:00,1,119.0,176.0,57.0,57.0,3249.0,LABORAL,15,False
freeze_20260610_192142,baselines_full_20260718,naive,1,30,9,2025-02-06 08:30:00,2025-02-06 09:00:00,1,164.0,164.0,0.0,0.0,0.0,LABORAL,9,False
freeze_20260610_192142,baselines_full_20260718,naive,1,30,9,2025-02-06 16:30:00,2025-02-06 17:00:00,1,70.0,208.0,138.0,138.0,19044.0,LABORAL,17,False
freeze_20260610_192142,baselines_full_20260718,naive,1,30,9,2025-02-08 15:00:00,2025-02-08 15:30:00,1,44.0,62.0,18.0,18.0,324.0,SABADO,15,False
freeze_20260610_192142,baselines_full_20260718,naive,1,30,9,2025-02-08 16:30:00,2025-02-08 17:00:00,1,90.0,78.0,-12.0,12.0,144.0,SABADO,17,False
freeze_20260610_192142,baselines_full_20260718,naive,1,30,9,2025-02-09 09:00:00,2025-02-09 09:30:00,1,56.0,37.0,-19.0,19.0,361.0,DOMINGO,9,False
freeze_20260610_192142,baselines_full_20260718,naive,1,30,9,2025-02-09 14:30:00,2025-02-09 15:00:00,1,51.0,,,,,DOMINGO,15,False
freeze_20260610_192142,baselines_full_20260718,naive,1,30,9,2025-02-10 04:00:00,2025-02-10 04:30:00,1,103.0,,,,,LABORAL,4,False
freeze_20260610_192142,baselines_full_20260718,naive,1,30,9,2025-02-10 12:30:00,2025-02-10 13:00:00,1,172.0,244.0,72.0,72.0,5184.0,LABORAL,13,False
freeze_20260610_192142,baselines_full_20260718,naive,1,30,9,2025-02-12 06:00:00,2025-02-12 06:30:00,1,124.0,175.0,51.0,51.0,2601.0,LABORAL,6,False
freeze_20260610_192142,baselines_full_20260718,naive,1,30,9,2025-02-12 09:30:00,2025-02-12 10:00:00,1,134.0,136.0,2.0,2.0,4.0,LABORAL,10,False
freeze_20260610_192142,baselines_full_20260718,naive,1,30,9,2025-02-12 13:00:00,2025-02-12 13:30:00,1,207.0,65.0,-142.0,142.0,20164.0,LABORAL,13,False
freeze_20260610_192142,baselines_full_20260718,naive,1,30,9,2025-02-13 07:30:00,2025-02-13 08:00:00,1,166.0,166.0,0.0,0.0,0.0,LABORAL,8,False
freeze_20260610_192142,baselines_full_20260718,naive,1,30,9,2025-02-14 12:00:00,2025-02-14 12:30:00,1,146.0,167.0,21.0,21.0,441.0,LABORAL,12,False
freeze_20260610_192142,baselines_full_20260718,naive,1,30,9,2025-02-17 08:30:00,2025-02-17 09:00:00,1,149.0,112.0,-37.0,37.0,1369.0,LABORAL,9,False
freeze_20260610_192142,baselines_full_20260718,naive,1,30,9,2025-02-17 16:30:00,2025-02-17 17:00:00,1,156.0,138.0,-18.0,18.0,324.0,LABORAL,17,False
freeze_20260610_192142,baselines_full_20260718,naive,1,30,10,2025-02-18 07:30:00,2025-02-18 08:00:00,1,151.0,177.0,26.0,26.0,676.0,LABORAL,8,False
freeze_20260610_192142,baselines_full_20260718,naive,1,30,10,2025-02-18 13:00:00,2025-02-18 13:30:00,1,175.0,141.0,-34.0,34.0,1156.0,LABORAL,13,False
freeze_20260610_192142,baselines_full_20260718,naive,1,30,10,2025-02-19 11:30:00,2025-02-19 12:00:00,1,194.0,137.0,-57.0,57.0,3249.0,LABORAL,12,False
freeze_20260610_192142,baselines_full_20260718,naive,1,30,10,2025-02-19 13:30:00,2025-02-19 14:00:00,1,176.0,106.0,-70.0,70.0,4900.0,LABORAL,14,False
freeze_20260610_192142,baselines_full_20260718,naive,1,30,10,2025-02-19 14:30:00,2025-02-19 15:00:00,1,185.0,195.0,10.0,10.0,100.0,LABORAL,15,False
freeze_20260610_192142,baselines_full_20260718,naive,1,30,10,2025-02-20 05:00:00,2025-02-20 05:30:00,1,171.0,178.0,7.0,7.0,49.0,LABORAL,5,False
freeze_20260610_192142,baselines_full_20260718,naive,1,30,10,2025-02-21 08:30:00,2025-02-21 09:00:00,1,91.0,191.0,100.0,100.0,10000.0,LABORAL,9,False
freeze_20260610_192142,baselines_full_20260718,naive,1,30,10,2025-02-22 12:30:00,2025-02-22 13:00:00,1,122.0,140.0,18.0,18.0,324.0,SABADO,13,False
freeze_20260610_192142,baselines_full_20260718,naive,1,30,10,2025-02-22 17:30:00,2025-02-22 18:00:00,1,,,,,,SABADO,18,True
freeze_20260610_192142,baselines_full_20260718,naive,1,30,10,2025-02-25 16:30:00,2025-02-25 17:00:00,1,95.0,147.0,52.0,52.0,2704.0,LABORAL,17,False
freeze_20260610_192142,baselines_full_20260718,naive,1,30,10,2025-02-27 15:00:00,2025-02-27 15:30:00,1,65.0,255.0,190.0,190.0,36100.0,LABORAL,15,False
freeze_20260610_192142,baselines_full_20260718,naive,1,30,10,2025-02-28 08:30:00,2025-02-28 09:00:00,1,156.0,133.0,-23.0,23.0,529.0,LABORAL,9,False
freeze_20260610_192142,baselines_full_20260718,naive,1,30,10,2025-02-28 09:30:00,2025-02-28 10:00:00,1,99.0,183.0,84.0,84.0,7056.0,LABORAL,10,False
freeze_20260610_192142,baselines_full_20260718,naive,1,30,10,2025-02-28 15:00:00,2025-02-28 15:30:00,1,302.0,150.0,-152.0,152.0,23104.0,LABORAL,15,False
freeze_20260610_192142,baselines_full_20260718,naive,1,30,10,2025-03-03 09:00:00,2025-03-03 09:30:00,1,115.0,183.0,68.0,68.0,4624.0,LABORAL,9,False
freeze_20260610_192142,baselines_full_20260718,naive,1,30,10,2025-03-03 10:30:00,2025-03-03 11:00:00,1,102.0,160.0,58.0,58.0,3364.0,LABORAL,11,False
freeze_20260610_192142,baselines_full_20260718,naive,1,30,10,2025-03-03 11:30:00,2025-03-03 12:00:00,1,60.0,112.0,52.0,52.0,2704.0,LABORAL,12,False
freeze_20260610_192142,baselines_full_20260718,naive,1,30,11,2025-03-04 10:30:00,2025-03-04 11:00:00,1,75.0,74.0,-1.0,1.0,1.0,LABORAL,11,False
freeze_20260610_192142,baselines_full_20260718,naive,1,30,11,2025-03-06 08:30:00,2025-03-06 09:00:00,1,198.0,143.0,-55.0,55.0,3025.0,LABORAL,9,False
freeze_20260610_192142,baselines_full_20260718,naive,1,30,11,2025-03-06 16:00:00,2025-03-06 16:30:00,1,162.0,181.0,19.0,19.0,361.0,LABORAL,16,False
freeze_20260610_192142,baselines_full_20260718,naive,1,30,11,2025-03-07 06:00:00,2025-03-07 06:30:00,1,144.0,165.0,21.0,21.0,441.0,LABORAL,6,False
freeze_20260610_192142,baselines_full_20260718,naive,1,30,11,2025-03-07 13:00:00,2025-03-07 13:30:00,1,130.0,144.0,14.0,14.0,196.0,LABORAL,13,False
freeze_20260610_192142,baselines_full_20260718,naive,1,30,11,2025-03-08 09:30:00,2025-03-08 10:00:00,1,147.0,102.0,-45.0,45.0,2025.0,SABADO,10,False
freeze_20260610_192142,baselines_full_20260718,naive,1,30,11,2025-03-09 11:30:00,2025-03-09 12:00:00,1,35.0,27.0,-8.0,8.0,64.0,DOMINGO,12,False
freeze_20260610_192142,baselines_full_20260718,naive,1,30,11,2025-03-10 13:00:00,2025-03-10 13:30:00,1,107.0,162.0,55.0,55.0,3025.0,LABORAL,13,False
freeze_20260610_192142,baselines_full_20260718,naive,1,30,11,2025-03-13 09:30:00,2025-03-13 10:00:00,1,147.0,122.0,-25.0,25.0,625.0,LABORAL,10,False
freeze_20260610_192142,baselines_full_20260718,naive,1,30,11,2025-03-13 16:00:00,2025-03-13 16:30:00,1,119.0,225.0,106.0,106.0,11236.0,LABORAL,16,False
freeze_20260610_192142,baselines_full_20260718,naive,1,30,11,2025-03-14 11:00:00,2025-03-14 11:30:00,1,75.0,137.0,62.0,62.0,3844.0,LABORAL,11,False
freeze_20260610_192142,baselines_full_20260718,naive,1,30,11,2025-03-17 08:30:00,2025-03-17 09:00:00,1,107.0,223.0,116.0,116.0,13456.0,LABORAL,9,False
freeze_20260610_192142,baselines_full_20260718,naive,1,30,11,2025-03-17 13:30:00,2025-03-17 14:00:00,1,107.0,249.0,142.0,142.0,20164.0,LABORAL,14,False
freeze_20260610_192142,baselines_full_20260718,naive,1,30,12,2025-03-18 13:30:00,2025-03-18 14:00:00,1,186.0,137.0,-49.0,49.0,2401.0,LABORAL,14,False
freeze_20260610_192142,baselines_full_20260718,naive,1,30,12,2025-03-19 12:30:00,2025-03-19 13:00:00,1,121.0,220.0,99.0,99.0,9801.0,LABORAL,13,False
freeze_20260610_192142,baselines_full_20260718,naive,1,30,12,2025-03-19 16:30:00,2025-03-19 17:00:00,1,144.0,190.0,46.0,46.0,2116.0,LABORAL,17,False
freeze_20260610_192142,baselines_full_20260718,naive,1,30,12,2025-03-20 04:00:00,2025-03-20 04:30:00,1,175.0,,,,,LABORAL,4,False
freeze_20260610_192142,baselines_full_20260718,naive,1,30,12,2025-03-20 06:30:00,2025-03-20 07:00:00,1,172.0,157.0,-15.0,15.0,225.0,LABORAL,7,False
freeze_20260610_192142,baselines_full_20260718,naive,1,30,12,2025-03-20 07:30:00,2025-03-20 08:00:00,1,171.0,122.0,-49.0,49.0,2401.0,LABORAL,8,False
freeze_20260610_192142,baselines_full_20260718,naive,1,30,12,2025-03-20 13:30:00,2025-03-20 14:00:00,1,214.0,222.0,8.0,8.0,64.0,LABORAL,14,False
freeze_20260610_192142,baselines_full_20260718,naive,1,30,12,2025-03-21 13:00:00,2025-03-21 13:30:00,1,106.0,207.0,101.0,101.0,10201.0,LABORAL,13,False
freeze_20260610_192142,baselines_full_20260718,naive,1,30,12,2025-03-22 17:00:00,2025-03-22 17:30:00,1,,67.0,,,,SABADO,17,True
freeze_20260610_192142,baselines_full_20260718,naive,1,30,12,2025-03-23 10:30:00,2025-03-23 11:00:00,1,67.0,42.0,-25.0,25.0,625.0,DOMINGO,11,False
freeze_20260610_192142,baselines_full_20260718,naive,1,30,12,2025-03-24 07:00:00,2025-03-24 07:30:00,1,46.0,20.0,-26.0,26.0,676.0,FESTIVO_PUENTE,7,False
freeze_20260610_192142,baselines_full_20260718,naive,1,30,12,2025-03-25 07:30:00,2025-03-25 08:00:00,1,162.0,162.0,0.0,0.0,0.0,LABORAL,8,False
freeze_20260610_192142,baselines_full_20260718,naive,1,30,12,2025-03-25 17:00:00,2025-03-25 17:30:00,1,39.0,134.0,95.0,95.0,9025.0,LABORAL,17,False
freeze_20260610_192142,baselines_full_20260718,naive,1,30,12,2025-03-26 09:00:00,2025-03-26 09:30:00,1,118.0,216.0,98.0,98.0,9604.0,LABORAL,9,False
freeze_20260610_192142,baselines_full_20260718,naive,1,30,12,2025-03-27 07:00:00,2025-03-27 07:30:00,1,216.0,152.0,-64.0,64.0,4096.0,LABORAL,7,False
freeze_20260610_192142,baselines_full_20260718,naive,1,30,12,2025-03-29 10:30:00,2025-03-29 11:00:00,1,100.0,101.0,1.0,1.0,1.0,SABADO,11,False
freeze_20260610_192142,baselines_full_20260718,naive,1,30,12,2025-03-31 12:30:00,2025-03-31 13:00:00,1,115.0,185.0,70.0,70.0,4900.0,LABORAL,13,False
freeze_20260610_192142,baselines_full_20260718,naive,1,30,13,2025-04-01 14:00:00,2025-04-01 14:30:00,1,161.0,211.0,50.0,50.0,2500.0,LABORAL,14,False
freeze_20260610_192142,baselines_full_20260718,naive,1,30,13,2025-04-03 17:00:00,2025-04-03 17:30:00,1,41.0,130.0,89.0,89.0,7921.0,LABORAL,17,False
freeze_20260610_192142,baselines_full_20260718,naive,1,30,13,2025-04-04 06:00:00,2025-04-04 06:30:00,1,195.0,95.0,-100.0,100.0,10000.0,LABORAL,6,False
freeze_20260610_192142,baselines_full_20260718,naive,1,30,13,2025-04-05 07:00:00,2025-04-05 07:30:00,1,132.0,144.0,12.0,12.0,144.0,SABADO,7,False
freeze_20260610_192142,baselines_full_20260718,naive,1,30,13,2025-04-08 12:30:00,2025-04-08 13:00:00,1,187.0,130.0,-57.0,57.0,3249.0,LABORAL,13,False
freeze_20260610_192142,baselines_full_20260718,naive,1,30,13,2025-04-08 14:30:00,2025-04-08 15:00:00,1,189.0,200.0,11.0,11.0,121.0,LABORAL,15,False
freeze_20260610_192142,baselines_full_20260718,naive,1,30,13,2025-04-09 12:00:00,2025-04-09 12:30:00,1,129.0,125.0,-4.0,4.0,16.0,LABORAL,12,False
freeze_20260610_192142,baselines_full_20260718,naive,1,30,13,2025-04-09 17:30:00,2025-04-09 18:00:00,1,22.0,64.0,42.0,42.0,1764.0,LABORAL,18,False
freeze_20260610_192142,baselines_full_20260718,naive,1,30,13,2025-04-10 08:30:00,2025-04-10 09:00:00,1,132.0,145.0,13.0,13.0,169.0,LABORAL,9,False
freeze_20260610_192142,baselines_full_20260718,naive,1,30,13,2025-04-10 09:30:00,2025-04-10 10:00:00,1,111.0,126.0,15.0,15.0,225.0,LABORAL,10,False
freeze_20260610_192142,baselines_full_20260718,naive,1,30,13,2025-04-11 05:30:00,2025-04-11 06:00:00,1,185.0,148.0,-37.0,37.0,1369.0,LABORAL,6,False
freeze_20260610_192142,baselines_full_20260718,naive,1,30,13,2025-04-11 12:00:00,2025-04-11 12:30:00,1,120.0,173.0,53.0,53.0,2809.0,LABORAL,12,False
freeze_20260610_192142,baselines_full_20260718,naive,1,30,13,2025-04-12 12:30:00,2025-04-12 13:00:00,1,40.0,34.0,-6.0,6.0,36.0,SABADO,13,False
freeze_20260610_192142,baselines_full_20260718,naive,1,30,13,2025-04-13 06:00:00,2025-04-13 06:30:00,1,44.0,47.0,3.0,3.0,9.0,DOMINGO,6,False
freeze_20260610_192142,baselines_full_20260718,naive,1,30,13,2025-04-13 09:30:00,2025-04-13 10:00:00,1,7.0,35.0,28.0,28.0,784.0,DOMINGO,10,False
freeze_20260610_192142,baselines_full_20260718,naive,1,30,14,2025-04-15 05:00:00,2025-04-15 05:30:00,1,119.0,141.0,22.0,22.0,484.0,LABORAL,5,False
freeze_20260610_192142,baselines_full_20260718,naive,1,30,14,2025-04-15 08:30:00,2025-04-15 09:00:00,1,124.0,175.0,51.0,51.0,2601.0,LABORAL,9,False
freeze_20260610_192142,baselines_full_20260718,naive,1,30,14,2025-04-16 07:00:00,2025-04-16 07:30:00,1,195.0,110.0,-85.0,85.0,7225.0,LABORAL,7,False
freeze_20260610_192142,baselines_full_20260718,naive,1,30,14,2025-04-16 17:30:00,2025-04-16 18:00:00,1,,22.0,,,,LABORAL,18,True
freeze_20260610_192142,baselines_full_20260718,naive,1,30,14,2025-04-17 16:30:00,2025-04-17 17:00:00,1,,19.0,,,,FESTIVO,17,True
freeze_20260610_192142,baselines_full_20260718,naive,1,30,14,2025-04-18 12:00:00,2025-04-18 12:30:00,1,52.0,27.0,-25.0,25.0,625.0,FESTIVO,12,False
freeze_20260610_192142,baselines_full_20260718,naive,1,30,14,2025-04-20 05:30:00,2025-04-20 06:00:00,1,21.0,29.0,8.0,8.0,64.0,DOMINGO,6,False
freeze_20260610_192142,baselines_full_20260718,naive,1,30,14,2025-04-22 04:30:00,2025-04-22 05:00:00,1,153.0,153.0,0.0,0.0,0.0,LABORAL,5,False
freeze_20260610_192142,baselines_full_20260718,naive,1,30,14,2025-04-24 15:00:00,2025-04-24 15:30:00,1,178.0,83.0,-95.0,95.0,9025.0,LABORAL,15,False
freeze_20260610_192142,baselines_full_20260718,naive,1,30,14,2025-04-27 13:30:00,2025-04-27 14:00:00,1,,,,,,DOMINGO,14,True
freeze_20260610_192142,baselines_full_20260718,naive,1,30,14,2025-04-28 12:30:00,2025-04-28 13:00:00,1,165.0,108.0,-57.0,57.0,3249.0,LABORAL,13,False
freeze_20260610_192142,baselines_full_20260718,naive,1,30,15,2025-04-29 08:00:00,2025-04-29 08:30:00,1,193.0,170.0,-23.0,23.0,529.0,LABORAL,8,False
freeze_20260610_192142,baselines_full_20260718,naive,1,30,15,2025-04-29 16:00:00,2025-04-29 16:30:00,1,169.0,200.0,31.0,31.0,961.0,LABORAL,16,False
freeze_20260610_192142,baselines_full_20260718,naive,1,30,15,2025-05-01 09:30:00,2025-05-01 10:00:00,1,32.0,58.0,26.0,26.0,676.0,FESTIVO,10,False
freeze_20260610_192142,baselines_full_20260718,naive,1,30,15,2025-05-02 06:00:00,2025-05-02 06:30:00,1,208.0,157.0,-51.0,51.0,2601.0,LABORAL,6,False
freeze_20260610_192142,baselines_full_20260718,naive,1,30,15,2025-05-04 09:30:00,2025-05-04 10:00:00,1,27.0,34.0,7.0,7.0,49.0,DOMINGO,10,False
freeze_20260610_192142,baselines_full_20260718,naive,1,30,15,2025-05-05 07:30:00,2025-05-05 08:00:00,1,156.0,204.0,48.0,48.0,2304.0,LABORAL,8,False
freeze_20260610_192142,baselines_full_20260718,naive,1,30,15,2025-05-06 06:00:00,2025-05-06 06:30:00,1,154.0,199.0,45.0,45.0,2025.0,LABORAL,6,False
freeze_20260610_192142,baselines_full_20260718,naive,1,30,15,2025-05-06 12:30:00,2025-05-06 13:00:00,1,179.0,152.0,-27.0,27.0,729.0,LABORAL,13,False
freeze_20260610_192142,baselines_full_20260718,naive,1,30,15,2025-05-07 08:00:00,2025-05-07 08:30:00,1,166.0,116.0,-50.0,50.0,2500.0,LABORAL,8,False
freeze_20260610_192142,baselines_full_20260718,naive,1,30,15,2025-05-07 12:30:00,2025-05-07 13:00:00,1,98.0,186.0,88.0,88.0,7744.0,LABORAL,13,False
freeze_20260610_192142,baselines_full_20260718,naive,1,30,15,2025-05-07 17:00:00,2025-05-07 17:30:00,1,22.0,138.0,116.0,116.0,13456.0,LABORAL,17,False
freeze_20260610_192142,baselines_full_20260718,naive,1,30,15,2025-05-10 04:30:00,2025-05-10 05:00:00,1,77.0,116.0,39.0,39.0,1521.0,SABADO,5,False
freeze_20260610_192142,baselines_full_20260718,naive,1,30,15,2025-05-10 07:30:00,2025-05-10 08:00:00,1,146.0,100.0,-46.0,46.0,2116.0,SABADO,8,False
freeze_20260610_192142,baselines_full_20260718,naive,1,30,15,2025-05-10 09:30:00,2025-05-10 10:00:00,1,171.0,116.0,-55.0,55.0,3025.0,SABADO,10,False
freeze_20260610_192142,baselines_full_20260718,naive,1,30,15,2025-05-10 11:00:00,2025-05-10 11:30:00,1,103.0,106.0,3.0,3.0,9.0,SABADO,11,False
freeze_20260610_192142,baselines_full_20260718,naive,1,30,15,2025-05-10 16:00:00,2025-05-10 16:30:00,1,74.0,25.0,-49.0,49.0,2401.0,SABADO,16,False
freeze_20260610_192142,baselines_full_20260718,naive,1,30,15,2025-05-11 12:30:00,2025-05-11 13:00:00,1,34.0,,,,,DOMINGO,13,False
freeze_20260610_192142,baselines_full_20260718,naive,1,30,15,2025-05-12 16:30:00,2025-05-12 17:00:00,1,126.0,120.0,-6.0,6.0,36.0,LABORAL,17,False
freeze_20260610_192142,baselines_full_20260718,naive,1,30,16,2025-05-13 15:00:00,2025-05-13 15:30:00,1,197.0,220.0,23.0,23.0,529.0,LABORAL,15,False
freeze_20260610_192142,baselines_full_20260718,naive,1,30,16,2025-05-14 11:30:00,2025-05-14 12:00:00,1,104.0,138.0,34.0,34.0,1156.0,LABORAL,12,False
freeze_20260610_192142,baselines_full_20260718,naive,1,30,16,2025-05-17 12:00:00,2025-05-17 12:30:00,1,170.0,120.0,-50.0,50.0,2500.0,SABADO,12,False
freeze_20260610_192142,baselines_full_20260718,naive,1,30,16,2025-05-18 06:00:00,2025-05-18 06:30:00,1,30.0,,,,,DOMINGO,6,False
freeze_20260610_192142,baselines_full_20260718,naive,1,30,16,2025-05-19 17:30:00,2025-05-19 18:00:00,1,5.0,31.0,26.0,26.0,676.0,LABORAL,18,False
freeze_20260610_192142,baselines_full_20260718,naive,1,30,16,2025-05-20 08:30:00,2025-05-20 09:00:00,1,162.0,246.0,84.0,84.0,7056.0,LABORAL,9,False
freeze_20260610_192142,baselines_full_20260718,naive,1,30,16,2025-05-21 05:30:00,2025-05-21 06:00:00,1,143.0,173.0,30.0,30.0,900.0,LABORAL,6,False
freeze_20260610_192142,baselines_full_20260718,naive,1,30,16,2025-05-22 05:00:00,2025-05-22 05:30:00,1,156.0,101.0,-55.0,55.0,3025.0,LABORAL,5,False
freeze_20260610_192142,baselines_full_20260718,naive,1,30,16,2025-05-23 16:30:00,2025-05-23 17:00:00,1,80.0,141.0,61.0,61.0,3721.0,LABORAL,17,False
freeze_20260610_192142,baselines_full_20260718,naive,1,30,16,2025-05-23 17:00:00,2025-05-23 17:30:00,1,38.0,80.0,42.0,42.0,1764.0,LABORAL,17,False
freeze_20260610_192142,baselines_full_20260718,naive,1,30,17,2025-05-27 04:30:00,2025-05-27 05:00:00,1,145.0,158.0,13.0,13.0,169.0,LABORAL,5,False
freeze_20260610_192142,baselines_full_20260718,naive,1,30,17,2025-05-27 14:00:00,2025-05-27 14:30:00,1,220.0,181.0,-39.0,39.0,1521.0,LABORAL,14,False
freeze_20260610_192142,baselines_full_20260718,naive,1,30,17,2025-05-27 16:00:00,2025-05-27 16:30:00,1,119.0,218.0,99.0,99.0,9801.0,LABORAL,16,False
freeze_20260610_192142,baselines_full_20260718,naive,1,30,17,2025-05-28 06:30:00,2025-05-28 07:00:00,1,98.0,121.0,23.0,23.0,529.0,LABORAL,7,False
freeze_20260610_192142,baselines_full_20260718,naive,1,30,17,2025-05-29 15:00:00,2025-05-29 15:30:00,1,157.0,88.0,-69.0,69.0,4761.0,LABORAL,15,False
freeze_20260610_192142,baselines_full_20260718,naive,1,30,17,2025-05-31 09:00:00,2025-05-31 09:30:00,1,84.0,132.0,48.0,48.0,2304.0,SABADO,9,False
freeze_20260610_192142,baselines_full_20260718,naive,1,30,17,2025-05-31 10:00:00,2025-05-31 10:30:00,1,159.0,92.0,-67.0,67.0,4489.0,SABADO,10,False
freeze_20260610_192142,baselines_full_20260718,naive,1,30,17,2025-06-01 09:00:00,2025-06-01 09:30:00,1,23.0,68.0,45.0,45.0,2025.0,DOMINGO,9,False
freeze_20260610_192142,baselines_full_20260718,naive,1,30,17,2025-06-01 10:30:00,2025-06-01 11:00:00,1,,19.0,,,,DOMINGO,11,True
freeze_20260610_192142,baselines_full_20260718,naive,1,30,17,2025-06-02 06:00:00,2025-06-02 06:30:00,1,24.0,,,,,FESTIVO_PUENTE,6,False
freeze_20260610_192142,baselines_full_20260718,naive,1,30,17,2025-06-02 07:00:00,2025-06-02 07:30:00,1,28.0,38.0,10.0,10.0,100.0,FESTIVO_PUENTE,7,False
freeze_20260610_192142,baselines_full_20260718,naive,1,30,17,2025-06-03 10:00:00,2025-06-03 10:30:00,1,64.0,76.0,12.0,12.0,144.0,LABORAL,10,False
freeze_20260610_192142,baselines_full_20260718,naive,1,30,17,2025-06-04 16:00:00,2025-06-04 16:30:00,1,140.0,163.0,23.0,23.0,529.0,LABORAL,16,False
freeze_20260610_192142,baselines_full_20260718,naive,1,30,17,2025-06-05 11:00:00,2025-06-05 11:30:00,1,163.0,75.0,-88.0,88.0,7744.0,LABORAL,11,False
freeze_20260610_192142,baselines_full_20260718,naive,1,30,17,2025-06-05 14:00:00,2025-06-05 14:30:00,1,179.0,151.0,-28.0,28.0,784.0,LABORAL,14,False
freeze_20260610_192142,baselines_full_20260718,naive,1,30,17,2025-06-05 16:00:00,2025-06-05 16:30:00,1,180.0,137.0,-43.0,43.0,1849.0,LABORAL,16,False
freeze_20260610_192142,baselines_full_20260718,naive,1,30,17,2025-06-06 11:00:00,2025-06-06 11:30:00,1,152.0,115.0,-37.0,37.0,1369.0,LABORAL,11,False
freeze_20260610_192142,baselines_full_20260718,naive,1,30,17,2025-06-07 17:30:00,2025-06-07 18:00:00,1,,,,,,SABADO,18,True
freeze_20260610_192142,baselines_full_20260718,naive,1,30,17,2025-06-09 08:00:00,2025-06-09 08:30:00,1,147.0,116.0,-31.0,31.0,961.0,LABORAL,8,False
freeze_20260610_192142,baselines_full_20260718,naive,1,30,17,2025-06-09 08:30:00,2025-06-09 09:00:00,1,143.0,147.0,4.0,4.0,16.0,LABORAL,9,False
freeze_20260610_192142,baselines_full_20260718,naive,1,30,18,2025-06-10 11:30:00,2025-06-10 12:00:00,1,94.0,130.0,36.0,36.0,1296.0,LABORAL,12,False
freeze_20260610_192142,baselines_full_20260718,naive,1,30,18,2025-06-11 05:00:00,2025-06-11 05:30:00,1,131.0,105.0,-26.0,26.0,676.0,LABORAL,5,False
freeze_20260610_192142,baselines_full_20260718,naive,1,30,18,2025-06-13 12:00:00,2025-06-13 12:30:00,1,211.0,114.0,-97.0,97.0,9409.0,LABORAL,12,False
freeze_20260610_192142,baselines_full_20260718,naive,1,30,18,2025-06-13 14:00:00,2025-06-13 14:30:00,1,53.0,137.0,84.0,84.0,7056.0,LABORAL,14,False
freeze_20260610_192142,baselines_full_20260718,naive,1,30,18,2025-06-13 17:00:00,2025-06-13 17:30:00,1,36.0,75.0,39.0,39.0,1521.0,LABORAL,17,False
freeze_20260610_192142,baselines_full_20260718,naive,1,30,18,2025-06-14 10:30:00,2025-06-14 11:00:00,1,107.0,96.0,-11.0,11.0,121.0,SABADO,11,False
freeze_20260610_192142,baselines_full_20260718,naive,1,30,18,2025-06-16 12:00:00,2025-06-16 12:30:00,1,149.0,117.0,-32.0,32.0,1024.0,LABORAL,12,False
freeze_20260610_192142,baselines_full_20260718,naive,1,30,18,2025-06-16 17:30:00,2025-06-16 18:00:00,1,,29.0,,,,LABORAL,18,True
freeze_20260610_192142,baselines_full_20260718,naive,1,30,18,2025-06-17 08:00:00,2025-06-17 08:30:00,1,153.0,215.0,62.0,62.0,3844.0,LABORAL,8,False
freeze_20260610_192142,baselines_full_20260718,naive,1,30,18,2025-06-18 07:30:00,2025-06-18 08:00:00,1,114.0,152.0,38.0,38.0,1444.0,LABORAL,8,False
freeze_20260610_192142,baselines_full_20260718,naive,1,30,18,2025-06-18 16:30:00,2025-06-18 17:00:00,1,98.0,133.0,35.0,35.0,1225.0,LABORAL,17,False
freeze_20260610_192142,baselines_full_20260718,naive,1,30,18,2025-06-21 04:30:00,2025-06-21 05:00:00,1,65.0,103.0,38.0,38.0,1444.0,SABADO,5,False
freeze_20260610_192142,baselines_full_20260718,naive,1,30,18,2025-06-21 09:00:00,2025-06-21 09:30:00,1,80.0,103.0,23.0,23.0,529.0,SABADO,9,False
freeze_20260610_192142,baselines_full_20260718,naive,1,30,18,2025-06-21 12:30:00,2025-06-21 13:00:00,1,29.0,119.0,90.0,90.0,8100.0,SABADO,13,False
freeze_20260610_192142,baselines_full_20260718,naive,1,30,18,2025-06-22 05:30:00,2025-06-22 06:00:00,1,,,,,,DOMINGO,6,True
freeze_20260610_192142,baselines_full_20260718,naive,1,30,19,2025-06-24 06:00:00,2025-06-24 06:30:00,1,,156.0,,,,LABORAL,6,True
freeze_20260610_192142,baselines_full_20260718,naive,1,30,19,2025-06-25 06:30:00,2025-06-25 07:00:00,1,102.0,129.0,27.0,27.0,729.0,LABORAL,7,False
freeze_20260610_192142,baselines_full_20260718,naive,1,30,19,2025-06-26 09:30:00,2025-06-26 10:00:00,1,138.0,125.0,-13.0,13.0,169.0,LABORAL,10,False
freeze_20260610_192142,baselines_full_20260718,naive,1,30,19,2025-06-28 16:00:00,2025-06-28 16:30:00,1,42.0,146.0,104.0,104.0,10816.0,SABADO,16,False
freeze_20260610_192142,baselines_full_20260718,naive,1,30,19,2025-06-29 14:00:00,2025-06-29 14:30:00,1,70.0,29.0,-41.0,41.0,1681.0,DOMINGO,14,False
freeze_20260610_192142,baselines_full_20260718,naive,1,30,19,2025-07-02 11:00:00,2025-07-02 11:30:00,1,124.0,117.0,-7.0,7.0,49.0,LABORAL,11,False
freeze_20260610_192142,baselines_full_20260718,naive,1,30,19,2025-07-03 07:00:00,2025-07-03 07:30:00,1,147.0,166.0,19.0,19.0,361.0,LABORAL,7,False
freeze_20260610_192142,baselines_full_20260718,naive,1,30,19,2025-07-04 08:00:00,2025-07-04 08:30:00,1,163.0,197.0,34.0,34.0,1156.0,LABORAL,8,False
freeze_20260610_192142,baselines_full_20260718,naive,1,30,19,2025-07-05 17:00:00,2025-07-05 17:30:00,1,18.0,37.0,19.0,19.0,361.0,SABADO,17,False
freeze_20260610_192142,baselines_full_20260718,naive,1,30,19,2025-07-06 13:00:00,2025-07-06 13:30:00,1,,24.0,,,,DOMINGO,13,True
freeze_20260610_192142,baselines_full_20260718,naive,1,30,19,2025-07-07 11:00:00,2025-07-07 11:30:00,1,80.0,96.0,16.0,16.0,256.0,LABORAL,11,False
freeze_20260610_192142,baselines_full_20260718,naive,1,30,20,2025-07-08 13:30:00,2025-07-08 14:00:00,1,121.0,146.0,25.0,25.0,625.0,LABORAL,14,False
freeze_20260610_192142,baselines_full_20260718,naive,1,30,20,2025-07-09 04:30:00,2025-07-09 05:00:00,1,138.0,85.0,-53.0,53.0,2809.0,LABORAL,5,False
freeze_20260610_192142,baselines_full_20260718,naive,1,30,20,2025-07-10 14:30:00,2025-07-10 15:00:00,1,128.0,69.0,-59.0,59.0,3481.0,LABORAL,15,False
freeze_20260610_192142,baselines_full_20260718,naive,1,30,20,2025-07-11 09:00:00,2025-07-11 09:30:00,1,134.0,101.0,-33.0,33.0,1089.0,LABORAL,9,False
freeze_20260610_192142,baselines_full_20260718,naive,1,30,20,2025-07-11 11:00:00,2025-07-11 11:30:00,1,143.0,35.0,-108.0,108.0,11664.0,LABORAL,11,False
freeze_20260610_192142,baselines_full_20260718,naive,1,30,20,2025-07-13 10:00:00,2025-07-13 10:30:00,1,39.0,40.0,1.0,1.0,1.0,DOMINGO,10,False
freeze_20260610_192142,baselines_full_20260718,naive,1,30,20,2025-07-13 16:00:00,2025-07-13 16:30:00,1,,,,,,DOMINGO,16,True
freeze_20260610_192142,baselines_full_20260718,naive,1,30,20,2025-07-15 07:30:00,2025-07-15 08:00:00,1,192.0,133.0,-59.0,59.0,3481.0,LABORAL,8,False
freeze_20260610_192142,baselines_full_20260718,naive,1,30,20,2025-07-15 10:30:00,2025-07-15 11:00:00,1,166.0,105.0,-61.0,61.0,3721.0,LABORAL,11,False
freeze_20260610_192142,baselines_full_20260718,naive,1,30,20,2025-07-15 12:30:00,2025-07-15 13:00:00,1,75.0,140.0,65.0,65.0,4225.0,LABORAL,13,False
freeze_20260610_192142,baselines_full_20260718,naive,1,30,20,2025-07-16 12:30:00,2025-07-16 13:00:00,1,50.0,150.0,100.0,100.0,10000.0,LABORAL,13,False
freeze_20260610_192142,baselines_full_20260718,naive,1,30,20,2025-07-18 14:00:00,2025-07-18 14:30:00,1,239.0,42.0,-197.0,197.0,38809.0,LABORAL,14,False
freeze_20260610_192142,baselines_full_20260718,naive,1,30,20,2025-07-21 12:00:00,2025-07-21 12:30:00,1,126.0,148.0,22.0,22.0,484.0,LABORAL,12,False
freeze_20260610_192142,baselines_full_20260718,naive,1,30,21,2025-07-22 04:00:00,2025-07-22 04:30:00,1,175.0,,,,,LABORAL,4,False
freeze_20260610_192142,baselines_full_20260718,naive,1,30,21,2025-07-22 11:30:00,2025-07-22 12:00:00,1,115.0,114.0,-1.0,1.0,1.0,LABORAL,12,False
freeze_20260610_192142,baselines_full_20260718,naive,1,30,21,2025-07-25 11:30:00,2025-07-25 12:00:00,1,75.0,121.0,46.0,46.0,2116.0,LABORAL,12,False
freeze_20260610_192142,baselines_full_20260718,naive,1,30,21,2025-07-25 14:00:00,2025-07-25 14:30:00,1,145.0,160.0,15.0,15.0,225.0,LABORAL,14,False
freeze_20260610_192142,baselines_full_20260718,naive,1,30,21,2025-07-25 17:30:00,2025-07-25 18:00:00,1,,19.0,,,,LABORAL,18,True
freeze_20260610_192142,baselines_full_20260718,naive,1,30,21,2025-07-26 15:00:00,2025-07-26 15:30:00,1,49.0,70.0,21.0,21.0,441.0,SABADO,15,False
freeze_20260610_192142,baselines_full_20260718,naive,1,30,21,2025-07-27 11:00:00,2025-07-27 11:30:00,1,,,,,,DOMINGO,11,True
freeze_20260610_192142,baselines_full_20260718,naive,1,30,21,2025-07-28 05:00:00,2025-07-28 05:30:00,1,97.0,183.0,86.0,86.0,7396.0,LABORAL,5,False
freeze_20260610_192142,baselines_full_20260718,naive,1,30,21,2025-07-29 14:00:00,2025-07-29 14:30:00,1,54.0,168.0,114.0,114.0,12996.0,LABORAL,14,False
freeze_20260610_192142,baselines_full_20260718,naive,1,30,21,2025-07-29 14:30:00,2025-07-29 15:00:00,1,307.0,54.0,-253.0,253.0,64009.0,LABORAL,15,False
freeze_20260610_192142,baselines_full_20260718,naive,1,30,21,2025-07-29 16:30:00,2025-07-29 17:00:00,1,37.0,148.0,111.0,111.0,12321.0,LABORAL,17,False
freeze_20260610_192142,baselines_full_20260718,naive,1,30,21,2025-07-30 07:00:00,2025-07-30 07:30:00,1,85.0,129.0,44.0,44.0,1936.0,LABORAL,7,False
freeze_20260610_192142,baselines_full_20260718,naive,1,30,21,2025-08-01 07:30:00,2025-08-01 08:00:00,1,98.0,134.0,36.0,36.0,1296.0,LABORAL,8,False
freeze_20260610_192142,baselines_full_20260718,naive,1,30,21,2025-08-02 07:00:00,2025-08-02 07:30:00,1,95.0,132.0,37.0,37.0,1369.0,SABADO,7,False
freeze_20260610_192142,baselines_full_20260718,naive,1,30,21,2025-08-02 11:30:00,2025-08-02 12:00:00,1,110.0,61.0,-49.0,49.0,2401.0,SABADO,12,False
freeze_20260610_192142,baselines_full_20260718,naive,1,30,21,2025-08-02 15:30:00,2025-08-02 16:00:00,1,31.0,35.0,4.0,4.0,16.0,SABADO,16,False
freeze_20260610_192142,baselines_full_20260718,naive,1,30,21,2025-08-03 10:30:00,2025-08-03 11:00:00,1,33.0,,,,,DOMINGO,11,False
freeze_20260610_192142,baselines_full_20260718,naive,1,30,21,2025-08-04 10:30:00,2025-08-04 11:00:00,1,63.0,107.0,44.0,44.0,1936.0,LABORAL,11,False
freeze_20260610_192142,baselines_full_20260718,naive,1,30,21,2025-08-04 12:00:00,2025-08-04 12:30:00,1,147.0,117.0,-30.0,30.0,900.0,LABORAL,12,False
freeze_20260610_192142,baselines_full_20260718,naive,1,30,21,2025-08-04 14:30:00,2025-08-04 15:00:00,1,232.0,149.0,-83.0,83.0,6889.0,LABORAL,15,False
freeze_20260610_192142,baselines_full_20260718,naive,1,30,22,2025-08-06 14:00:00,2025-08-06 14:30:00,1,119.0,221.0,102.0,102.0,10404.0,LABORAL,14,False
freeze_20260610_192142,baselines_full_20260718,naive,1,30,22,2025-08-07 04:30:00,2025-08-07 05:00:00,1,31.0,,,,,FESTIVO,5,False
freeze_20260610_192142,baselines_full_20260718,naive,1,30,22,2025-08-07 11:30:00,2025-08-07 12:00:00,1,31.0,,,,,FESTIVO,12,False
freeze_20260610_192142,baselines_full_20260718,naive,1,30,22,2025-08-07 16:00:00,2025-08-07 16:30:00,1,,36.0,,,,FESTIVO,16,True
freeze_20260610_192142,baselines_full_20260718,naive,1,30,22,2025-08-08 07:00:00,2025-08-08 07:30:00,1,117.0,161.0,44.0,44.0,1936.0,LABORAL,7,False
freeze_20260610_192142,baselines_full_20260718,naive,1,30,22,2025-08-09 06:30:00,2025-08-09 07:00:00,1,65.0,177.0,112.0,112.0,12544.0,SABADO,7,False
freeze_20260610_192142,baselines_full_20260718,naive,1,30,22,2025-08-10 15:30:00,2025-08-10 16:00:00,1,1.0,31.0,30.0,30.0,900.0,DOMINGO,16,False
freeze_20260610_192142,baselines_full_20260718,naive,1,30,22,2025-08-11 05:30:00,2025-08-11 06:00:00,1,144.0,141.0,-3.0,3.0,9.0,LABORAL,6,False
freeze_20260610_192142,baselines_full_20260718,naive,1,30,22,2025-08-11 16:30:00,2025-08-11 17:00:00,1,61.0,126.0,65.0,65.0,4225.0,LABORAL,17,False
freeze_20260610_192142,baselines_full_20260718,naive,1,30,22,2025-08-14 04:00:00,2025-08-14 04:30:00,1,132.0,,,,,LABORAL,4,False
freeze_20260610_192142,baselines_full_20260718,naive,1,30,22,2025-08-14 05:30:00,2025-08-14 06:00:00,1,155.0,121.0,-34.0,34.0,1156.0,LABORAL,6,False
freeze_20260610_192142,baselines_full_20260718,naive,1,30,22,2025-08-15 13:30:00,2025-08-15 14:00:00,1,122.0,120.0,-2.0,2.0,4.0,LABORAL,14,False
freeze_20260610_192142,baselines_full_20260718,naive,1,30,22,2025-08-16 07:30:00,2025-08-16 08:00:00,1,124.0,132.0,8.0,8.0,64.0,SABADO,8,False
freeze_20260610_192142,baselines_full_20260718,naive,1,30,22,2025-08-16 12:30:00,2025-08-16 13:00:00,1,41.0,125.0,84.0,84.0,7056.0,SABADO,13,False
freeze_20260610_192142,baselines_full_20260718,naive,1,30,22,2025-08-17 04:30:00,2025-08-17 05:00:00,1,,,,,,DOMINGO,5,True
freeze_20260610_192142,baselines_full_20260718,naive,1,30,22,2025-08-18 04:30:00,2025-08-18 05:00:00,1,,,,,,FESTIVO_PUENTE,5,True
freeze_20260610_192142,baselines_full_20260718,naive,1,30,22,2025-08-18 06:00:00,2025-08-18 06:30:00,1,,,,,,FESTIVO_PUENTE,6,True
freeze_20260610_192142,baselines_full_20260718,naive,1,30,22,2025-08-18 12:30:00,2025-08-18 13:00:00,1,26.0,35.0,9.0,9.0,81.0,FESTIVO_PUENTE,13,False
freeze_20260610_192142,baselines_full_20260718,naive,1,30,22,2025-08-18 14:30:00,2025-08-18 15:00:00,1,39.0,30.0,-9.0,9.0,81.0,FESTIVO_PUENTE,15,False
freeze_20260610_192142,baselines_full_20260718,naive,1,30,23,2025-08-20 05:00:00,2025-08-20 05:30:00,1,130.0,274.0,144.0,144.0,20736.0,LABORAL,5,False
freeze_20260610_192142,baselines_full_20260718,naive,1,30,23,2025-08-20 12:30:00,2025-08-20 13:00:00,1,136.0,90.0,-46.0,46.0,2116.0,LABORAL,13,False
freeze_20260610_192142,baselines_full_20260718,naive,1,30,23,2025-08-21 05:30:00,2025-08-21 06:00:00,1,178.0,157.0,-21.0,21.0,441.0,LABORAL,6,False
freeze_20260610_192142,baselines_full_20260718,naive,1,30,23,2025-08-22 16:00:00,2025-08-22 16:30:00,1,105.0,167.0,62.0,62.0,3844.0,LABORAL,16,False
freeze_20260610_192142,baselines_full_20260718,naive,1,30,23,2025-08-25 10:30:00,2025-08-25 11:00:00,1,85.0,159.0,74.0,74.0,5476.0,LABORAL,11,False
freeze_20260610_192142,baselines_full_20260718,naive,1,30,23,2025-08-27 12:30:00,2025-08-27 13:00:00,1,153.0,184.0,31.0,31.0,961.0,LABORAL,13,False
freeze_20260610_192142,baselines_full_20260718,naive,1,30,23,2025-08-28 10:30:00,2025-08-28 11:00:00,1,127.0,79.0,-48.0,48.0,2304.0,LABORAL,11,False
freeze_20260610_192142,baselines_full_20260718,naive,1,30,23,2025-08-28 15:30:00,2025-08-28 16:00:00,1,211.0,231.0,20.0,20.0,400.0,LABORAL,16,False
freeze_20260610_192142,baselines_full_20260718,naive,1,30,23,2025-08-30 08:00:00,2025-08-30 08:30:00,1,121.0,144.0,23.0,23.0,529.0,SABADO,8,False
freeze_20260610_192142,baselines_full_20260718,naive,1,30,23,2025-08-30 13:00:00,2025-08-30 13:30:00,1,,225.0,,,,SABADO,13,True
freeze_20260610_192142,baselines_full_20260718,naive,1,30,23,2025-08-30 15:30:00,2025-08-30 16:00:00,1,59.0,90.0,31.0,31.0,961.0,SABADO,16,False
freeze_20260610_192142,baselines_full_20260718,naive,1,30,23,2025-09-01 07:30:00,2025-09-01 08:00:00,1,137.0,163.0,26.0,26.0,676.0,LABORAL,8,False
freeze_20260610_192142,baselines_full_20260718,naive,1,30,23,2025-09-01 13:30:00,2025-09-01 14:00:00,1,135.0,220.0,85.0,85.0,7225.0,LABORAL,14,False
freeze_20260610_192142,baselines_full_20260718,naive,1,30,24,2025-09-02 15:30:00,2025-09-02 16:00:00,1,180.0,157.0,-23.0,23.0,529.0,LABORAL,16,False
freeze_20260610_192142,baselines_full_20260718,naive,1,30,24,2025-09-04 08:00:00,2025-09-04 08:30:00,1,138.0,148.0,10.0,10.0,100.0,LABORAL,8,False
freeze_20260610_192142,baselines_full_20260718,naive,1,30,24,2025-09-05 12:00:00,2025-09-05 12:30:00,1,160.0,122.0,-38.0,38.0,1444.0,LABORAL,12,False
freeze_20260610_192142,baselines_full_20260718,naive,1,30,24,2025-09-07 16:30:00,2025-09-07 17:00:00,1,,,,,,DOMINGO,17,True
freeze_20260610_192142,baselines_full_20260718,naive,1,30,24,2025-09-08 07:30:00,2025-09-08 08:00:00,1,118.0,129.0,11.0,11.0,121.0,LABORAL,8,False
freeze_20260610_192142,baselines_full_20260718,naive,1,30,24,2025-09-08 10:00:00,2025-09-08 10:30:00,1,103.0,138.0,35.0,35.0,1225.0,LABORAL,10,False
freeze_20260610_192142,baselines_full_20260718,naive,1,30,24,2025-09-08 10:30:00,2025-09-08 11:00:00,1,83.0,103.0,20.0,20.0,400.0,LABORAL,11,False
freeze_20260610_192142,baselines_full_20260718,naive,1,30,24,2025-09-10 05:00:00,2025-09-10 05:30:00,1,170.0,127.0,-43.0,43.0,1849.0,LABORAL,5,False
freeze_20260610_192142,baselines_full_20260718,naive,1,30,24,2025-09-10 09:00:00,2025-09-10 09:30:00,1,91.0,137.0,46.0,46.0,2116.0,LABORAL,9,False
freeze_20260610_192142,baselines_full_20260718,naive,1,30,24,2025-09-10 12:30:00,2025-09-10 13:00:00,1,110.0,95.0,-15.0,15.0,225.0,LABORAL,13,False
freeze_20260610_192142,baselines_full_20260718,naive,1,30,24,2025-09-12 08:00:00,2025-09-12 08:30:00,1,197.0,92.0,-105.0,105.0,11025.0,LABORAL,8,False
freeze_20260610_192142,baselines_full_20260718,naive,1,30,24,2025-09-12 17:00:00,2025-09-12 17:30:00,1,18.0,110.0,92.0,92.0,8464.0,LABORAL,17,False
freeze_20260610_192142,baselines_full_20260718,naive,1,30,24,2025-09-13 08:00:00,2025-09-13 08:30:00,1,99.0,105.0,6.0,6.0,36.0,SABADO,8,False
freeze_20260610_192142,baselines_full_20260718,naive,1,30,24,2025-09-13 16:30:00,2025-09-13 17:00:00,1,,92.0,,,,SABADO,17,True
freeze_20260610_192142,baselines_full_20260718,naive,1,30,24,2025-09-15 17:30:00,2025-09-15 18:00:00,1,,17.0,,,,LABORAL,18,True
freeze_20260610_192142,baselines_full_20260718,naive,1,30,25,2025-09-17 12:30:00,2025-09-17 13:00:00,1,105.0,191.0,86.0,86.0,7396.0,LABORAL,13,False
freeze_20260610_192142,baselines_full_20260718,naive,1,30,25,2025-09-18 15:30:00,2025-09-18 16:00:00,1,135.0,281.0,146.0,146.0,21316.0,LABORAL,16,False
freeze_20260610_192142,baselines_full_20260718,naive,1,30,25,2025-09-19 15:30:00,2025-09-19 16:00:00,1,88.0,121.0,33.0,33.0,1089.0,LABORAL,16,False
freeze_20260610_192142,baselines_full_20260718,naive,1,30,25,2025-09-21 09:30:00,2025-09-21 10:00:00,1,19.0,32.0,13.0,13.0,169.0,DOMINGO,10,False
freeze_20260610_192142,baselines_full_20260718,naive,1,30,25,2025-09-21 15:30:00,2025-09-21 16:00:00,1,29.0,22.0,-7.0,7.0,49.0,DOMINGO,16,False
freeze_20260610_192142,baselines_full_20260718,naive,1,30,25,2025-09-22 06:30:00,2025-09-22 07:00:00,1,163.0,205.0,42.0,42.0,1764.0,LABORAL,7,False
freeze_20260610_192142,baselines_full_20260718,naive,1,30,25,2025-09-22 16:00:00,2025-09-22 16:30:00,1,98.0,272.0,174.0,174.0,30276.0,LABORAL,16,False
freeze_20260610_192142,baselines_full_20260718,naive,1,30,25,2025-09-22 17:30:00,2025-09-22 18:00:00,1,,51.0,,,,LABORAL,18,True
freeze_20260610_192142,baselines_full_20260718,naive,1,30,25,2025-09-23 12:30:00,2025-09-23 13:00:00,1,112.0,201.0,89.0,89.0,7921.0,LABORAL,13,False
freeze_20260610_192142,baselines_full_20260718,naive,1,30,25,2025-09-24 06:30:00,2025-09-24 07:00:00,1,168.0,94.0,-74.0,74.0,5476.0,LABORAL,7,False
freeze_20260610_192142,baselines_full_20260718,naive,1,30,25,2025-09-25 04:00:00,2025-09-25 04:30:00,1,150.0,,,,,LABORAL,4,False
freeze_20260610_192142,baselines_full_20260718,naive,1,30,25,2025-09-26 17:00:00,2025-09-26 17:30:00,1,37.0,84.0,47.0,47.0,2209.0,LABORAL,17,False
freeze_20260610_192142,baselines_full_20260718,naive,1,30,25,2025-09-27 13:30:00,2025-09-27 14:00:00,1,102.0,98.0,-4.0,4.0,16.0,SABADO,14,False
freeze_20260610_192142,baselines_full_20260718,naive,1,30,25,2025-09-28 16:30:00,2025-09-28 17:00:00,1,,,,,,DOMINGO,17,True
freeze_20260610_192142,baselines_full_20260718,naive,1,30,25,2025-09-29 15:00:00,2025-09-29 15:30:00,1,121.0,127.0,6.0,6.0,36.0,LABORAL,15,False
freeze_20260610_192142,baselines_full_20260718,naive,1,30,26,2025-09-30 04:00:00,2025-09-30 04:30:00,1,110.0,,,,,LABORAL,4,False
freeze_20260610_192142,baselines_full_20260718,naive,1,30,26,2025-10-02 04:00:00,2025-10-02 04:30:00,1,154.0,,,,,LABORAL,4,False
freeze_20260610_192142,baselines_full_20260718,naive,1,30,26,2025-10-02 14:30:00,2025-10-02 15:00:00,1,210.0,110.0,-100.0,100.0,10000.0,LABORAL,15,False
freeze_20260610_192142,baselines_full_20260718,naive,1,30,26,2025-10-03 05:00:00,2025-10-03 05:30:00,1,166.0,116.0,-50.0,50.0,2500.0,LABORAL,5,False
freeze_20260610_192142,baselines_full_20260718,naive,1,30,26,2025-10-03 07:30:00,2025-10-03 08:00:00,1,205.0,179.0,-26.0,26.0,676.0,LABORAL,8,False
freeze_20260610_192142,baselines_full_20260718,naive,1,30,26,2025-10-04 06:00:00,2025-10-04 06:30:00,1,72.0,117.0,45.0,45.0,2025.0,SABADO,6,False
freeze_20260610_192142,baselines_full_20260718,naive,1,30,26,2025-10-04 09:30:00,2025-10-04 10:00:00,1,53.0,132.0,79.0,79.0,6241.0,SABADO,10,False
freeze_20260610_192142,baselines_full_20260718,naive,1,30,26,2025-10-05 05:00:00,2025-10-05 05:30:00,1,18.0,,,,,DOMINGO,5,False
freeze_20260610_192142,baselines_full_20260718,naive,1,30,26,2025-10-06 13:30:00,2025-10-06 14:00:00,1,148.0,220.0,72.0,72.0,5184.0,LABORAL,14,False
freeze_20260610_192142,baselines_full_20260718,naive,1,30,26,2025-10-07 05:30:00,2025-10-07 06:00:00,1,174.0,169.0,-5.0,5.0,25.0,LABORAL,6,False
freeze_20260610_192142,baselines_full_20260718,naive,1,30,26,2025-10-07 06:30:00,2025-10-07 07:00:00,1,140.0,182.0,42.0,42.0,1764.0,LABORAL,7,False
freeze_20260610_192142,baselines_full_20260718,naive,1,30,26,2025-10-09 04:30:00,2025-10-09 05:00:00,1,113.0,138.0,25.0,25.0,625.0,LABORAL,5,False
freeze_20260610_192142,baselines_full_20260718,naive,1,30,26,2025-10-09 17:00:00,2025-10-09 17:30:00,1,,97.0,,,,LABORAL,17,True
freeze_20260610_192142,baselines_full_20260718,naive,1,30,26,2025-10-11 05:00:00,2025-10-11 05:30:00,1,139.0,78.0,-61.0,61.0,3721.0,SABADO,5,False
freeze_20260610_192142,baselines_full_20260718,naive,1,30,27,2025-10-15 06:30:00,2025-10-15 07:00:00,1,110.0,144.0,34.0,34.0,1156.0,LABORAL,7,False
freeze_20260610_192142,baselines_full_20260718,naive,1,30,27,2025-10-16 11:30:00,2025-10-16 12:00:00,1,131.0,127.0,-4.0,4.0,16.0,LABORAL,12,False
freeze_20260610_192142,baselines_full_20260718,naive,1,30,27,2025-10-16 16:30:00,2025-10-16 17:00:00,1,133.0,54.0,-79.0,79.0,6241.0,LABORAL,17,False
freeze_20260610_192142,baselines_full_20260718,naive,1,30,27,2025-10-17 09:00:00,2025-10-17 09:30:00,1,77.0,105.0,28.0,28.0,784.0,LABORAL,9,False
freeze_20260610_192142,baselines_full_20260718,naive,1,30,27,2025-10-18 13:30:00,2025-10-18 14:00:00,1,93.0,112.0,19.0,19.0,361.0,SABADO,14,False
freeze_20260610_192142,baselines_full_20260718,naive,1,30,27,2025-10-19 14:00:00,2025-10-19 14:30:00,1,20.0,38.0,18.0,18.0,324.0,DOMINGO,14,False
freeze_20260610_192142,baselines_full_20260718,naive,1,30,27,2025-10-21 10:30:00,2025-10-21 11:00:00,1,81.0,130.0,49.0,49.0,2401.0,LABORAL,11,False
freeze_20260610_192142,baselines_full_20260718,naive,1,30,27,2025-10-23 14:00:00,2025-10-23 14:30:00,1,158.0,131.0,-27.0,27.0,729.0,LABORAL,14,False
freeze_20260610_192142,baselines_full_20260718,naive,1,30,27,2025-10-24 07:30:00,2025-10-24 08:00:00,1,135.0,165.0,30.0,30.0,900.0,LABORAL,8,False
freeze_20260610_192142,baselines_full_20260718,naive,1,30,27,2025-10-25 07:00:00,2025-10-25 07:30:00,1,101.0,136.0,35.0,35.0,1225.0,SABADO,7,False
freeze_20260610_192142,baselines_full_20260718,naive,1,30,28,2025-10-29 08:30:00,2025-10-29 09:00:00,1,145.0,152.0,7.0,7.0,49.0,LABORAL,9,False
freeze_20260610_192142,baselines_full_20260718,naive,1,30,28,2025-10-29 12:00:00,2025-10-29 12:30:00,1,161.0,107.0,-54.0,54.0,2916.0,LABORAL,12,False
freeze_20260610_192142,baselines_full_20260718,naive,1,30,28,2025-10-30 06:30:00,2025-10-30 07:00:00,1,134.0,156.0,22.0,22.0,484.0,LABORAL,7,False
freeze_20260610_192142,baselines_full_20260718,naive,1,30,28,2025-10-30 11:00:00,2025-10-30 11:30:00,1,102.0,73.0,-29.0,29.0,841.0,LABORAL,11,False
freeze_20260610_192142,baselines_full_20260718,naive,1,30,28,2025-10-30 13:30:00,2025-10-30 14:00:00,1,164.0,111.0,-53.0,53.0,2809.0,LABORAL,14,False
freeze_20260610_192142,baselines_full_20260718,naive,1,30,28,2025-10-30 15:30:00,2025-10-30 16:00:00,1,98.0,140.0,42.0,42.0,1764.0,LABORAL,16,False
freeze_20260610_192142,baselines_full_20260718,naive,1,30,28,2025-11-01 04:00:00,2025-11-01 04:30:00,1,80.0,,,,,SABADO,4,False
freeze_20260610_192142,baselines_full_20260718,naive,1,30,28,2025-11-01 11:30:00,2025-11-01 12:00:00,1,45.0,84.0,39.0,39.0,1521.0,SABADO,12,False
freeze_20260610_192142,baselines_full_20260718,naive,1,30,28,2025-11-01 13:00:00,2025-11-01 13:30:00,1,63.0,98.0,35.0,35.0,1225.0,SABADO,13,False
freeze_20260610_192142,baselines_full_20260718,naive,1,30,28,2025-11-02 09:30:00,2025-11-02 10:00:00,1,43.0,,,,,DOMINGO,10,False
freeze_20260610_192142,baselines_full_20260718,naive,1,30,28,2025-11-02 12:00:00,2025-11-02 12:30:00,1,,85.0,,,,DOMINGO,12,True
freeze_20260610_192142,baselines_full_20260718,naive,1,30,28,2025-11-03 07:00:00,2025-11-03 07:30:00,1,38.0,32.0,-6.0,6.0,36.0,FESTIVO_PUENTE,7,False
freeze_20260610_192142,baselines_full_20260718,naive,1,30,28,2025-11-04 05:00:00,2025-11-04 05:30:00,1,188.0,131.0,-57.0,57.0,3249.0,LABORAL,5,False
freeze_20260610_192142,baselines_full_20260718,naive,1,30,28,2025-11-05 13:30:00,2025-11-05 14:00:00,1,219.0,95.0,-124.0,124.0,15376.0,LABORAL,14,False
freeze_20260610_192142,baselines_full_20260718,naive,1,30,28,2025-11-08 07:30:00,2025-11-08 08:00:00,1,55.0,110.0,55.0,55.0,3025.0,SABADO,8,False
freeze_20260610_192142,baselines_full_20260718,naive,1,30,28,2025-11-08 12:30:00,2025-11-08 13:00:00,1,53.0,126.0,73.0,73.0,5329.0,SABADO,13,False
freeze_20260610_192142,baselines_full_20260718,naive,1,30,28,2025-11-08 13:30:00,2025-11-08 14:00:00,1,39.0,50.0,11.0,11.0,121.0,SABADO,14,False
freeze_20260610_192142,baselines_full_20260718,naive,1,30,28,2025-11-08 16:00:00,2025-11-08 16:30:00,1,56.0,,,,,SABADO,16,False
freeze_20260610_192142,baselines_full_20260718,naive,1,30,28,2025-11-09 06:30:00,2025-11-09 07:00:00,1,34.0,33.0,-1.0,1.0,1.0,DOMINGO,7,False
freeze_20260610_192142,baselines_full_20260718,naive,1,30,29,2025-11-13 09:30:00,2025-11-13 10:00:00,1,131.0,86.0,-45.0,45.0,2025.0,LABORAL,10,False
freeze_20260610_192142,baselines_full_20260718,naive,1,30,29,2025-11-13 17:00:00,2025-11-13 17:30:00,1,,,,,,LABORAL,17,True
freeze_20260610_192142,baselines_full_20260718,naive,1,30,29,2025-11-14 08:00:00,2025-11-14 08:30:00,1,117.0,151.0,34.0,34.0,1156.0,LABORAL,8,False
freeze_20260610_192142,baselines_full_20260718,naive,1,30,29,2025-11-14 15:30:00,2025-11-14 16:00:00,1,91.0,245.0,154.0,154.0,23716.0,LABORAL,16,False
freeze_20260610_192142,baselines_full_20260718,naive,1,30,29,2025-11-18 09:00:00,2025-11-18 09:30:00,1,140.0,176.0,36.0,36.0,1296.0,LABORAL,9,False
freeze_20260610_192142,baselines_full_20260718,naive,1,30,29,2025-11-18 17:00:00,2025-11-18 17:30:00,1,,90.0,,,,LABORAL,17,True
freeze_20260610_192142,baselines_full_20260718,naive,1,30,29,2025-11-22 14:30:00,2025-11-22 15:00:00,1,54.0,46.0,-8.0,8.0,64.0,SABADO,15,False
freeze_20260610_192142,baselines_full_20260718,naive,1,30,29,2025-11-23 06:30:00,2025-11-23 07:00:00,1,30.0,,,,,DOMINGO,7,False
freeze_20260610_192142,baselines_full_20260718,naive,1,30,29,2025-11-24 13:00:00,2025-11-24 13:30:00,1,90.0,163.0,73.0,73.0,5329.0,LABORAL,13,False
freeze_20260610_192142,baselines_full_20260718,naive,1,30,29,2025-11-24 17:00:00,2025-11-24 17:30:00,1,,77.0,,,,LABORAL,17,True
freeze_20260610_192142,baselines_full_20260718,naive,1,30,30,2025-11-27 11:30:00,2025-11-27 12:00:00,1,117.0,96.0,-21.0,21.0,441.0,LABORAL,12,False
freeze_20260610_192142,baselines_full_20260718,naive,1,30,30,2025-11-27 17:00:00,2025-11-27 17:30:00,1,,86.0,,,,LABORAL,17,True
freeze_20260610_192142,baselines_full_20260718,naive,1,30,30,2025-11-28 08:30:00,2025-11-28 09:00:00,1,176.0,170.0,-6.0,6.0,36.0,LABORAL,9,False
freeze_20260610_192142,baselines_full_20260718,naive,1,30,30,2025-11-29 13:00:00,2025-11-29 13:30:00,1,86.0,,,,,SABADO,13,False
freeze_20260610_192142,baselines_full_20260718,naive,1,30,30,2025-12-01 12:30:00,2025-12-01 13:00:00,1,203.0,201.0,-2.0,2.0,4.0,LABORAL,13,False
freeze_20260610_192142,baselines_full_20260718,naive,1,30,30,2025-12-02 07:00:00,2025-12-02 07:30:00,1,121.0,177.0,56.0,56.0,3136.0,LABORAL,7,False
freeze_20260610_192142,baselines_full_20260718,naive,1,30,30,2025-12-04 06:00:00,2025-12-04 06:30:00,1,106.0,192.0,86.0,86.0,7396.0,LABORAL,6,False
freeze_20260610_192142,baselines_full_20260718,naive,1,30,30,2025-12-04 11:30:00,2025-12-04 12:00:00,1,176.0,99.0,-77.0,77.0,5929.0,LABORAL,12,False
freeze_20260610_192142,baselines_full_20260718,naive,1,30,30,2025-12-08 16:30:00,2025-12-08 17:00:00,1,,,,,,FESTIVO_PUENTE,17,True
freeze_20260610_192142,baselines_full_20260718,naive,1,30,31,2025-12-10 08:30:00,2025-12-10 09:00:00,1,149.0,110.0,-39.0,39.0,1521.0,LABORAL,9,False
freeze_20260610_192142,baselines_full_20260718,naive,1,30,31,2025-12-10 14:00:00,2025-12-10 14:30:00,1,232.0,188.0,-44.0,44.0,1936.0,LABORAL,14,False
freeze_20260610_192142,baselines_full_20260718,naive,1,30,31,2025-12-11 10:00:00,2025-12-11 10:30:00,1,72.0,124.0,52.0,52.0,2704.0,LABORAL,10,False
freeze_20260610_192142,baselines_full_20260718,naive,1,30,31,2025-12-11 12:30:00,2025-12-11 13:00:00,1,142.0,134.0,-8.0,8.0,64.0,LABORAL,13,False
freeze_20260610_192142,baselines_full_20260718,naive,1,30,31,2025-12-12 10:30:00,2025-12-12 11:00:00,1,72.0,93.0,21.0,21.0,441.0,LABORAL,11,False
freeze_20260610_192142,baselines_full_20260718,naive,1,30,31,2025-12-15 05:00:00,2025-12-15 05:30:00,1,90.0,134.0,44.0,44.0,1936.0,LABORAL,5,False
freeze_20260610_192142,baselines_full_20260718,naive,1,30,31,2025-12-15 12:30:00,2025-12-15 13:00:00,1,59.0,81.0,22.0,22.0,484.0,LABORAL,13,False
freeze_20260610_192142,baselines_full_20260718,naive,1,30,31,2025-12-15 13:30:00,2025-12-15 14:00:00,1,189.0,182.0,-7.0,7.0,49.0,LABORAL,14,False
freeze_20260610_192142,baselines_full_20260718,naive,1,30,31,2025-12-15 16:30:00,2025-12-15 17:00:00,1,52.0,45.0,-7.0,7.0,49.0,LABORAL,17,False
freeze_20260610_192142,baselines_full_20260718,naive,1,30,31,2025-12-17 12:00:00,2025-12-17 12:30:00,1,148.0,97.0,-51.0,51.0,2601.0,LABORAL,12,False
freeze_20260610_192142,baselines_full_20260718,naive,1,30,31,2025-12-17 15:00:00,2025-12-17 15:30:00,1,204.0,93.0,-111.0,111.0,12321.0,LABORAL,15,False
freeze_20260610_192142,baselines_full_20260718,naive,1,30,31,2025-12-18 13:00:00,2025-12-18 13:30:00,1,192.0,100.0,-92.0,92.0,8464.0,LABORAL,13,False
freeze_20260610_192142,baselines_full_20260718,naive,1,30,31,2025-12-20 10:30:00,2025-12-20 11:00:00,1,87.0,66.0,-21.0,21.0,441.0,SABADO,11,False
freeze_20260610_192142,baselines_full_20260718,naive,1,30,31,2025-12-20 16:30:00,2025-12-20 17:00:00,1,,175.0,,,,SABADO,17,True
freeze_20260610_192142,baselines_full_20260718,naive,1,30,31,2025-12-20 17:30:00,2025-12-20 18:00:00,1,,,,,,SABADO,18,True
freeze_20260610_192142,baselines_full_20260718,naive,1,30,32,2025-12-23 13:00:00,2025-12-23 13:30:00,1,161.0,77.0,-84.0,84.0,7056.0,LABORAL,13,False
freeze_20260610_192142,baselines_full_20260718,naive,1,30,32,2025-12-26 12:00:00,2025-12-26 12:30:00,1,119.0,132.0,13.0,13.0,169.0,LABORAL,12,False
freeze_20260610_192142,baselines_full_20260718,naive,1,30,32,2025-12-27 04:00:00,2025-12-27 04:30:00,1,78.0,,,,,SABADO,4,False
freeze_20260610_192142,baselines_full_20260718,naive,1,30,32,2025-12-27 08:30:00,2025-12-27 09:00:00,1,115.0,166.0,51.0,51.0,2601.0,SABADO,9,False
freeze_20260610_192142,baselines_full_20260718,naive,1,30,32,2025-12-27 10:00:00,2025-12-27 10:30:00,1,125.0,62.0,-63.0,63.0,3969.0,SABADO,10,False
freeze_20260610_192142,baselines_full_20260718,naive,1,30,32,2025-12-29 05:30:00,2025-12-29 06:00:00,1,137.0,154.0,17.0,17.0,289.0,LABORAL,6,False
freeze_20260610_192142,baselines_full_20260718,naive,1,30,32,2025-12-29 09:30:00,2025-12-29 10:00:00,1,145.0,119.0,-26.0,26.0,676.0,LABORAL,10,False
freeze_20260610_192142,baselines_full_20260718,naive,1,30,32,2025-12-30 07:30:00,2025-12-30 08:00:00,1,125.0,187.0,62.0,62.0,3844.0,LABORAL,8,False
freeze_20260610_192142,baselines_full_20260718,naive,1,30,32,2025-12-31 13:00:00,2025-12-31 13:30:00,1,17.0,79.0,62.0,62.0,3844.0,LABORAL,13,False
freeze_20260610_192142,baselines_full_20260718,naive,1,30,32,2025-12-31 15:30:00,2025-12-31 16:00:00,1,,,,,,LABORAL,16,True
freeze_20260610_192142,baselines_full_20260718,naive,1,30,32,2026-01-01 09:30:00,2026-01-01 10:00:00,1,,,,,,FESTIVO,10,True
freeze_20260610_192142,baselines_full_20260718,naive,1,30,32,2026-01-03 04:30:00,2026-01-03 05:00:00,1,,26.0,,,,SABADO,5,True
freeze_20260610_192142,baselines_full_20260718,naive,1,30,32,2026-01-03 10:00:00,2026-01-03 10:30:00,1,81.0,44.0,-37.0,37.0,1369.0,SABADO,10,False
freeze_20260610_192142,baselines_full_20260718,naive,1,30,32,2026-01-03 12:30:00,2026-01-03 13:00:00,1,,78.0,,,,SABADO,13,True
freeze_20260610_192142,baselines_full_20260718,naive,1,30,32,2026-01-04 05:30:00,2026-01-04 06:00:00,1,,,,,,DOMINGO,6,True
freeze_20260610_192142,baselines_full_20260718,naive,1,30,33,2026-01-07 08:00:00,2026-01-07 08:30:00,1,111.0,109.0,-2.0,2.0,4.0,LABORAL,8,False
freeze_20260610_192142,baselines_full_20260718,naive,1,30,33,2026-01-07 10:30:00,2026-01-07 11:00:00,1,75.0,80.0,5.0,5.0,25.0,LABORAL,11,False
freeze_20260610_192142,baselines_full_20260718,naive,1,30,33,2026-01-07 12:30:00,2026-01-07 13:00:00,1,108.0,124.0,16.0,16.0,256.0,LABORAL,13,False
freeze_20260610_192142,baselines_full_20260718,naive,1,30,33,2026-01-07 13:00:00,2026-01-07 13:30:00,1,141.0,108.0,-33.0,33.0,1089.0,LABORAL,13,False
freeze_20260610_192142,baselines_full_20260718,naive,1,30,33,2026-01-08 13:00:00,2026-01-08 13:30:00,1,170.0,94.0,-76.0,76.0,5776.0,LABORAL,13,False
freeze_20260610_192142,baselines_full_20260718,naive,1,30,33,2026-01-08 15:30:00,2026-01-08 16:00:00,1,120.0,63.0,-57.0,57.0,3249.0,LABORAL,16,False
freeze_20260610_192142,baselines_full_20260718,naive,1,30,33,2026-01-09 04:00:00,2026-01-09 04:30:00,1,101.0,,,,,LABORAL,4,False
freeze_20260610_192142,baselines_full_20260718,naive,1,30,33,2026-01-09 05:30:00,2026-01-09 06:00:00,1,120.0,95.0,-25.0,25.0,625.0,LABORAL,6,False
freeze_20260610_192142,baselines_full_20260718,naive,1,30,33,2026-01-10 04:00:00,2026-01-10 04:30:00,1,83.0,,,,,SABADO,4,False
freeze_20260610_192142,baselines_full_20260718,naive,1,30,33,2026-01-11 05:00:00,2026-01-11 05:30:00,1,,,,,,DOMINGO,5,True
freeze_20260610_192142,baselines_full_20260718,naive,1,30,33,2026-01-15 17:30:00,2026-01-15 18:00:00,1,,,,,,LABORAL,18,True
freeze_20260610_192142,baselines_full_20260718,naive,1,30,33,2026-01-17 16:00:00,2026-01-17 16:30:00,1,41.0,43.0,2.0,2.0,4.0,SABADO,16,False
freeze_20260610_192142,baselines_full_20260718,naive,1,30,33,2026-01-19 08:30:00,2026-01-19 09:00:00,1,117.0,155.0,38.0,38.0,1444.0,LABORAL,9,False
freeze_20260610_192142,baselines_full_20260718,naive,1,30,34,2026-01-20 04:30:00,2026-01-20 05:00:00,1,110.0,80.0,-30.0,30.0,900.0,LABORAL,5,False
freeze_20260610_192142,baselines_full_20260718,naive,1,30,34,2026-01-21 09:30:00,2026-01-21 10:00:00,1,112.0,91.0,-21.0,21.0,441.0,LABORAL,10,False
freeze_20260610_192142,baselines_full_20260718,naive,1,30,34,2026-01-22 04:30:00,2026-01-22 05:00:00,1,143.0,74.0,-69.0,69.0,4761.0,LABORAL,5,False
freeze_20260610_192142,baselines_full_20260718,naive,1,30,34,2026-01-24 04:00:00,2026-01-24 04:30:00,1,50.0,,,,,SABADO,4,False
freeze_20260610_192142,baselines_full_20260718,naive,1,30,34,2026-01-24 05:00:00,2026-01-24 05:30:00,1,92.0,63.0,-29.0,29.0,841.0,SABADO,5,False
freeze_20260610_192142,baselines_full_20260718,naive,1,30,34,2026-01-25 15:30:00,2026-01-25 16:00:00,1,,,,,,DOMINGO,16,True
freeze_20260610_192142,baselines_full_20260718,naive,1,30,34,2026-01-26 13:30:00,2026-01-26 14:00:00,1,106.0,171.0,65.0,65.0,4225.0,LABORAL,14,False
freeze_20260610_192142,baselines_full_20260718,naive,1,30,34,2026-01-28 06:00:00,2026-01-28 06:30:00,1,106.0,165.0,59.0,59.0,3481.0,LABORAL,6,False
freeze_20260610_192142,baselines_full_20260718,naive,1,30,34,2026-01-28 17:00:00,2026-01-28 17:30:00,1,,154.0,,,,LABORAL,17,True
freeze_20260610_192142,baselines_full_20260718,naive,1,30,34,2026-01-29 05:00:00,2026-01-29 05:30:00,1,125.0,128.0,3.0,3.0,9.0,LABORAL,5,False
freeze_20260610_192142,baselines_full_20260718,naive,1,30,34,2026-01-31 04:30:00,2026-01-31 05:00:00,1,78.0,56.0,-22.0,22.0,484.0,SABADO,5,False
freeze_20260610_192142,baselines_full_20260718,naive,1,30,34,2026-02-01 09:30:00,2026-02-01 10:00:00,1,25.0,57.0,32.0,32.0,1024.0,DOMINGO,10,False
freeze_20260610_192142,baselines_full_20260718,naive,1,30,34,2026-02-01 15:00:00,2026-02-01 15:30:00,1,,,,,,DOMINGO,15,True
freeze_20260610_192142,baselines_full_20260718,naive,1,30,34,2026-02-02 09:30:00,2026-02-02 10:00:00,1,135.0,187.0,52.0,52.0,2704.0,LABORAL,10,False
freeze_20260610_192142,baselines_full_20260718,naive,1,30,34,2026-02-02 11:00:00,2026-02-02 11:30:00,1,104.0,79.0,-25.0,25.0,625.0,LABORAL,11,False
freeze_20260610_192142,baselines_full_20260718,naive,1,30,34,2026-02-02 13:00:00,2026-02-02 13:30:00,1,215.0,127.0,-88.0,88.0,7744.0,LABORAL,13,False
freeze_20260610_192142,baselines_full_20260718,naive,1,30,35,2026-02-04 08:30:00,2026-02-04 09:00:00,1,122.0,88.0,-34.0,34.0,1156.0,LABORAL,9,False
freeze_20260610_192142,baselines_full_20260718,naive,1,30,35,2026-02-04 09:00:00,2026-02-04 09:30:00,1,117.0,122.0,5.0,5.0,25.0,LABORAL,9,False
freeze_20260610_192142,baselines_full_20260718,naive,1,30,35,2026-02-04 12:00:00,2026-02-04 12:30:00,1,127.0,133.0,6.0,6.0,36.0,LABORAL,12,False
freeze_20260610_192142,baselines_full_20260718,naive,1,30,35,2026-02-06 11:00:00,2026-02-06 11:30:00,1,58.0,147.0,89.0,89.0,7921.0,LABORAL,11,False
freeze_20260610_192142,baselines_full_20260718,naive,1,30,35,2026-02-06 15:00:00,2026-02-06 15:30:00,1,181.0,101.0,-80.0,80.0,6400.0,LABORAL,15,False
freeze_20260610_192142,baselines_full_20260718,naive,1,30,35,2026-02-08 10:30:00,2026-02-08 11:00:00,1,,30.0,,,,DOMINGO,11,True
freeze_20260610_192142,baselines_full_20260718,naive,1,30,35,2026-02-09 09:00:00,2026-02-09 09:30:00,1,83.0,134.0,51.0,51.0,2601.0,LABORAL,9,False
freeze_20260610_192142,baselines_full_20260718,naive,1,30,35,2026-02-10 08:00:00,2026-02-10 08:30:00,1,51.0,217.0,166.0,166.0,27556.0,LABORAL,8,False
freeze_20260610_192142,baselines_full_20260718,naive,1,30,35,2026-02-10 09:30:00,2026-02-10 10:00:00,1,59.0,174.0,115.0,115.0,13225.0,LABORAL,10,False
freeze_20260610_192142,baselines_full_20260718,naive,1,30,35,2026-02-11 08:00:00,2026-02-11 08:30:00,1,190.0,72.0,-118.0,118.0,13924.0,LABORAL,8,False
freeze_20260610_192142,baselines_full_20260718,naive,1,30,35,2026-02-11 12:30:00,2026-02-11 13:00:00,1,42.0,105.0,63.0,63.0,3969.0,LABORAL,13,False
freeze_20260610_192142,baselines_full_20260718,naive,1,30,35,2026-02-12 17:00:00,2026-02-12 17:30:00,1,,39.0,,,,LABORAL,17,True
freeze_20260610_192142,baselines_full_20260718,naive,1,30,36,2026-02-19 15:30:00,2026-02-19 16:00:00,1,222.0,239.0,17.0,17.0,289.0,LABORAL,16,False
freeze_20260610_192142,baselines_full_20260718,naive,1,30,36,2026-02-20 10:00:00,2026-02-20 10:30:00,1,108.0,49.0,-59.0,59.0,3481.0,LABORAL,10,False
freeze_20260610_192142,baselines_full_20260718,naive,1,30,36,2026-02-21 04:00:00,2026-02-21 04:30:00,1,94.0,,,,,SABADO,4,False
freeze_20260610_192142,baselines_full_20260718,naive,1,30,36,2026-02-21 12:30:00,2026-02-21 13:00:00,1,59.0,111.0,52.0,52.0,2704.0,SABADO,13,False
freeze_20260610_192142,baselines_full_20260718,naive,1,30,36,2026-02-22 06:30:00,2026-02-22 07:00:00,1,,,,,,DOMINGO,7,True
freeze_20260610_192142,baselines_full_20260718,naive,1,30,36,2026-02-22 07:30:00,2026-02-22 08:00:00,1,29.0,20.0,-9.0,9.0,81.0,DOMINGO,8,False
freeze_20260610_192142,baselines_full_20260718,naive,1,30,36,2026-03-01 05:00:00,2026-03-01 05:30:00,1,,,,,,DOMINGO,5,True
freeze_20260610_192142,baselines_full_20260718,naive,1,30,36,2026-03-01 05:30:00,2026-03-01 06:00:00,1,,,,,,DOMINGO,6,True
freeze_20260610_192142,baselines_full_20260718,naive,1,30,36,2026-03-02 14:00:00,2026-03-02 14:30:00,1,145.0,142.0,-3.0,3.0,9.0,LABORAL,14,False
freeze_20260610_192142,baselines_full_20260718,naive,1,30,37,2026-03-03 05:00:00,2026-03-03 05:30:00,1,135.0,153.0,18.0,18.0,324.0,LABORAL,5,False
freeze_20260610_192142,baselines_full_20260718,naive,1,30,37,2026-03-03 11:30:00,2026-03-03 12:00:00,1,107.0,101.0,-6.0,6.0,36.0,LABORAL,12,False
freeze_20260610_192142,baselines_full_20260718,naive,1,30,37,2026-03-03 16:30:00,2026-03-03 17:00:00,1,106.0,107.0,1.0,1.0,1.0,LABORAL,17,False
freeze_20260610_192142,baselines_full_20260718,naive,1,30,37,2026-03-04 11:00:00,2026-03-04 11:30:00,1,154.0,37.0,-117.0,117.0,13689.0,LABORAL,11,False
freeze_20260610_192142,baselines_full_20260718,naive,1,30,37,2026-03-04 16:00:00,2026-03-04 16:30:00,1,117.0,131.0,14.0,14.0,196.0,LABORAL,16,False
freeze_20260610_192142,baselines_full_20260718,naive,1,30,37,2026-03-05 13:30:00,2026-03-05 14:00:00,1,129.0,113.0,-16.0,16.0,256.0,LABORAL,14,False
freeze_20260610_192142,baselines_full_20260718,naive,1,30,37,2026-03-12 06:00:00,2026-03-12 06:30:00,1,138.0,180.0,42.0,42.0,1764.0,LABORAL,6,False
freeze_20260610_192142,baselines_full_20260718,naive,1,30,37,2026-03-12 06:30:00,2026-03-12 07:00:00,1,127.0,138.0,11.0,11.0,121.0,LABORAL,7,False
freeze_20260610_192142,baselines_full_20260718,naive,1,30,37,2026-03-13 08:00:00,2026-03-13 08:30:00,1,137.0,135.0,-2.0,2.0,4.0,LABORAL,8,False
freeze_20260610_192142,baselines_full_20260718,naive,1,30,37,2026-03-13 12:30:00,2026-03-13 13:00:00,1,149.0,91.0,-58.0,58.0,3364.0,LABORAL,13,False
freeze_20260610_192142,baselines_full_20260718,naive,1,30,37,2026-03-13 17:30:00,2026-03-13 18:00:00,1,,,,,,LABORAL,18,True
freeze_20260610_192142,baselines_full_20260718,naive,1,30,37,2026-03-14 07:30:00,2026-03-14 08:00:00,1,113.0,103.0,-10.0,10.0,100.0,SABADO,8,False
freeze_20260610_192142,baselines_full_20260718,naive,1,30,37,2026-03-14 10:00:00,2026-03-14 10:30:00,1,90.0,46.0,-44.0,44.0,1936.0,SABADO,10,False
freeze_20260610_192142,baselines_full_20260718,naive,1,30,37,2026-03-14 14:30:00,2026-03-14 15:00:00,1,90.0,41.0,-49.0,49.0,2401.0,SABADO,15,False
freeze_20260610_192142,baselines_full_20260718,naive,1,30,37,2026-03-16 04:00:00,2026-03-16 04:30:00,1,124.0,,,,,LABORAL,4,False
freeze_20260610_192142,baselines_full_20260718,naive,1,30,38,2026-03-19 12:30:00,2026-03-19 13:00:00,1,134.0,153.0,19.0,19.0,361.0,LABORAL,13,False
freeze_20260610_192142,baselines_full_20260718,naive,1,30,38,2026-03-19 13:30:00,2026-03-19 14:00:00,1,,176.0,,,,LABORAL,14,True
freeze_20260610_192142,baselines_full_20260718,naive,1,30,38,2026-03-26 14:00:00,2026-03-26 14:30:00,1,162.0,171.0,9.0,9.0,81.0,LABORAL,14,False
freeze_20260610_192142,baselines_full_20260718,naive,1,30,38,2026-03-27 04:00:00,2026-03-27 04:30:00,1,128.0,,,,,LABORAL,4,False
freeze_20260610_192142,baselines_full_20260718,naive,1,30,38,2026-03-27 07:30:00,2026-03-27 08:00:00,1,112.0,127.0,15.0,15.0,225.0,LABORAL,8,False
freeze_20260610_192142,baselines_full_20260718,naive,1,30,38,2026-03-28 14:30:00,2026-03-28 15:00:00,1,48.0,146.0,98.0,98.0,9604.0,SABADO,15,False
freeze_20260610_192142,baselines_full_20260718,naive,1,30,test_final,2026-04-02 05:30:00,2026-04-02 06:00:00,1,,,,,,FESTIVO,6,True
freeze_20260610_192142,baselines_full_20260718,naive,1,30,test_final,2026-04-03 13:30:00,2026-04-03 14:00:00,1,,,,,,FESTIVO,14,True
freeze_20260610_192142,baselines_full_20260718,naive,1,30,test_final,2026-04-04 07:30:00,2026-04-04 08:00:00,1,80.0,63.0,-17.0,17.0,289.0,SABADO,8,False
freeze_20260610_192142,baselines_full_20260718,naive,1,30,test_final,2026-04-07 08:30:00,2026-04-07 09:00:00,1,152.0,129.0,-23.0,23.0,529.0,LABORAL,9,False
freeze_20260610_192142,baselines_full_20260718,naive,1,30,test_final,2026-04-07 13:30:00,2026-04-07 14:00:00,1,180.0,211.0,31.0,31.0,961.0,LABORAL,14,False
freeze_20260610_192142,baselines_full_20260718,naive,1,30,test_final,2026-04-08 04:30:00,2026-04-08 05:00:00,1,117.0,126.0,9.0,9.0,81.0,LABORAL,5,False
freeze_20260610_192142,baselines_full_20260718,naive,1,30,test_final,2026-04-08 09:00:00,2026-04-08 09:30:00,1,120.0,105.0,-15.0,15.0,225.0,LABORAL,9,False
freeze_20260610_192142,baselines_full_20260718,naive,1,30,test_final,2026-04-08 11:30:00,2026-04-08 12:00:00,1,112.0,88.0,-24.0,24.0,576.0,LABORAL,12,False
freeze_20260610_192142,baselines_full_20260718,naive,1,30,test_final,2026-04-08 16:30:00,2026-04-08 17:00:00,1,48.0,142.0,94.0,94.0,8836.0,LABORAL,17,False
freeze_20260610_192142,baselines_full_20260718,naive,1,30,test_final,2026-04-09 04:00:00,2026-04-09 04:30:00,1,82.0,32.0,-50.0,50.0,2500.0,LABORAL,4,False
freeze_20260610_192142,baselines_full_20260718,naive,1,30,test_final,2026-04-10 04:30:00,2026-04-10 05:00:00,1,124.0,113.0,-11.0,11.0,121.0,LABORAL,5,False
freeze_20260610_192142,baselines_full_20260718,naive,1,30,test_final,2026-04-10 08:30:00,2026-04-10 09:00:00,1,162.0,81.0,-81.0,81.0,6561.0,LABORAL,9,False
freeze_20260610_192142,baselines_full_20260718,naive,1,30,test_final,2026-04-11 17:30:00,2026-04-11 18:00:00,1,,30.0,,,,SABADO,18,True
freeze_20260610_192142,baselines_full_20260718,naive,1,30,test_final,2026-04-12 07:00:00,2026-04-12 07:30:00,1,30.0,,,,,DOMINGO,7,False
freeze_20260610_192142,baselines_full_20260718,naive,1,30,test_final,2026-04-14 17:30:00,2026-04-14 18:00:00,1,,,,,,LABORAL,18,True
freeze_20260610_192142,baselines_full_20260718,naive,1,30,test_final,2026-04-15 11:30:00,2026-04-15 12:00:00,1,79.0,78.0,-1.0,1.0,1.0,LABORAL,12,False
freeze_20260610_192142,baselines_full_20260718,naive,1,30,test_final,2026-04-16 14:00:00,2026-04-16 14:30:00,1,192.0,117.0,-75.0,75.0,5625.0,LABORAL,14,False
freeze_20260610_192142,baselines_full_20260718,naive,1,30,test_final,2026-04-18 06:00:00,2026-04-18 06:30:00,1,86.0,77.0,-9.0,9.0,81.0,SABADO,6,False
freeze_20260610_192142,baselines_full_20260718,naive,1,30,test_final,2026-04-20 16:30:00,2026-04-20 17:00:00,1,71.0,80.0,9.0,9.0,81.0,LABORAL,17,False
freeze_20260610_192142,baselines_full_20260718,naive,1,30,test_final,2026-04-21 12:00:00,2026-04-21 12:30:00,1,130.0,74.0,-56.0,56.0,3136.0,LABORAL,12,False
freeze_20260610_192142,baselines_full_20260718,naive,1,30,test_final,2026-04-23 13:30:00,2026-04-23 14:00:00,1,106.0,94.0,-12.0,12.0,144.0,LABORAL,14,False
freeze_20260610_192142,baselines_full_20260718,naive,1,30,test_final,2026-04-24 15:00:00,2026-04-24 15:30:00,1,124.0,204.0,80.0,80.0,6400.0,LABORAL,15,False
freeze_20260610_192142,baselines_full_20260718,naive,1,30,test_final,2026-04-25 17:30:00,2026-04-25 18:00:00,1,,26.0,,,,SABADO,18,True
freeze_20260610_192142,baselines_full_20260718,naive,1,30,test_final,2026-04-26 15:00:00,2026-04-26 15:30:00,1,,27.0,,,,DOMINGO,15,True
freeze_20260610_192142,baselines_full_20260718,naive,1,30,test_final,2026-04-26 15:30:00,2026-04-26 16:00:00,1,,,,,,DOMINGO,16,True
freeze_20260610_192142,baselines_full_20260718,naive,1,30,test_final,2026-04-27 14:30:00,2026-04-27 15:00:00,1,168.0,211.0,43.0,43.0,1849.0,LABORAL,15,False
freeze_20260610_192142,baselines_full_20260718,naive,1,30,test_final,2026-04-28 17:00:00,2026-04-28 17:30:00,1,49.0,,,,,LABORAL,17,False
freeze_20260610_192142,baselines_full_20260718,naive,1,30,test_final,2026-04-30 10:00:00,2026-04-30 10:30:00,1,86.0,66.0,-20.0,20.0,400.0,LABORAL,10,False
freeze_20260610_192142,baselines_full_20260718,naive,1,30,test_final,2026-04-30 15:30:00,2026-04-30 16:00:00,1,52.0,161.0,109.0,109.0,11881.0,LABORAL,16,False
freeze_20260610_192142,baselines_full_20260718,naive,1,30,test_final,2026-05-01 08:00:00,2026-05-01 08:30:00,1,24.0,21.0,-3.0,3.0,9.0,FESTIVO,8,False
freeze_20260610_192142,baselines_full_20260718,naive,1,30,test_final,2026-05-04 08:30:00,2026-05-04 09:00:00,1,195.0,113.0,-82.0,82.0,6724.0,LABORAL,9,False
freeze_20260610_192142,baselines_full_20260718,naive,1,30,test_final,2026-05-05 04:00:00,2026-05-05 04:30:00,1,132.0,,,,,LABORAL,4,False
freeze_20260610_192142,baselines_full_20260718,naive,1,30,test_final,2026-05-05 10:30:00,2026-05-05 11:00:00,1,132.0,,,,,LABORAL,11,False
freeze_20260610_192142,baselines_full_20260718,naive,1,30,test_final,2026-05-05 11:30:00,2026-05-05 12:00:00,1,172.0,94.0,-78.0,78.0,6084.0,LABORAL,12,False
freeze_20260610_192142,baselines_full_20260718,naive,1,30,test_final,2026-05-06 05:00:00,2026-05-06 05:30:00,1,155.0,91.0,-64.0,64.0,4096.0,LABORAL,5,False
freeze_20260610_192142,baselines_full_20260718,naive,1,30,test_final,2026-05-06 12:30:00,2026-05-06 13:00:00,1,109.0,64.0,-45.0,45.0,2025.0,LABORAL,13,False
freeze_20260610_192142,baselines_full_20260718,naive,1,30,test_final,2026-05-07 04:30:00,2026-05-07 05:00:00,1,67.0,111.0,44.0,44.0,1936.0,LABORAL,5,False
freeze_20260610_192142,baselines_full_20260718,naive,1,30,test_final,2026-05-08 07:00:00,2026-05-08 07:30:00,1,97.0,141.0,44.0,44.0,1936.0,LABORAL,7,False
freeze_20260610_192142,baselines_full_20260718,naive,1,30,test_final,2026-05-10 06:30:00,2026-05-10 07:00:00,1,45.0,,,,,DOMINGO,7,False
freeze_20260610_192142,baselines_full_20260718,naive,1,30,test_final,2026-05-10 13:30:00,2026-05-10 14:00:00,1,,,,,,DOMINGO,14,True
freeze_20260610_192142,baselines_full_20260718,naive,1,30,test_final,2026-05-12 08:00:00,2026-05-12 08:30:00,1,59.0,147.0,88.0,88.0,7744.0,LABORAL,8,False
freeze_20260610_192142,baselines_full_20260718,naive,1,30,test_final,2026-05-13 05:00:00,2026-05-13 05:30:00,1,93.0,145.0,52.0,52.0,2704.0,LABORAL,5,False
freeze_20260610_192142,baselines_full_20260718,naive,1,30,test_final,2026-05-13 05:30:00,2026-05-13 06:00:00,1,96.0,93.0,-3.0,3.0,9.0,LABORAL,6,False
freeze_20260610_192142,baselines_full_20260718,naive,1,30,test_final,2026-05-13 11:30:00,2026-05-13 12:00:00,1,124.0,63.0,-61.0,61.0,3721.0,LABORAL,12,False
freeze_20260610_192142,baselines_full_20260718,naive,1,30,test_final,2026-05-13 13:00:00,2026-05-13 13:30:00,1,141.0,127.0,-14.0,14.0,196.0,LABORAL,13,False
freeze_20260610_192142,baselines_full_20260718,naive,1,30,test_final,2026-05-14 04:30:00,2026-05-14 05:00:00,1,85.0,88.0,3.0,3.0,9.0,LABORAL,5,False
freeze_20260610_192142,baselines_full_20260718,naive,1,30,test_final,2026-05-14 06:30:00,2026-05-14 07:00:00,1,146.0,72.0,-74.0,74.0,5476.0,LABORAL,7,False
freeze_20260610_192142,baselines_full_20260718,naive,1,30,test_final,2026-05-16 06:00:00,2026-05-16 06:30:00,1,120.0,33.0,-87.0,87.0,7569.0,SABADO,6,False
freeze_20260610_192142,baselines_full_20260718,naive,1,30,test_final,2026-05-17 07:00:00,2026-05-17 07:30:00,1,40.0,20.0,-20.0,20.0,400.0,DOMINGO,7,False
freeze_20260610_192142,baselines_full_20260718,naive,1,30,test_final,2026-05-20 08:30:00,2026-05-20 09:00:00,1,91.0,185.0,94.0,94.0,8836.0,LABORAL,9,False
freeze_20260610_192142,baselines_full_20260718,naive,1,30,test_final,2026-05-22 11:00:00,2026-05-22 11:30:00,1,100.0,94.0,-6.0,6.0,36.0,LABORAL,11,False
freeze_20260610_192142,baselines_full_20260718,naive,1,30,test_final,2026-05-22 12:30:00,2026-05-22 13:00:00,1,47.0,175.0,128.0,128.0,16384.0,LABORAL,13,False
freeze_20260610_192142,baselines_full_20260718,naive,1,30,test_final,2026-05-23 07:00:00,2026-05-23 07:30:00,1,119.0,66.0,-53.0,53.0,2809.0,SABADO,7,False
freeze_20260610_192142,baselines_full_20260718,naive,1,30,test_final,2026-05-23 15:00:00,2026-05-23 15:30:00,1,47.0,89.0,42.0,42.0,1764.0,SABADO,15,False
freeze_20260610_192142,baselines_full_20260718,naive,1,30,test_final,2026-05-25 05:30:00,2026-05-25 06:00:00,1,128.0,114.0,-14.0,14.0,196.0,LABORAL,6,False
freeze_20260610_192142,baselines_full_20260718,naive,1,30,test_final,2026-05-25 09:00:00,2026-05-25 09:30:00,1,50.0,176.0,126.0,126.0,15876.0,LABORAL,9,False
freeze_20260610_192142,baselines_full_20260718,naive,1,30,test_final,2026-05-25 10:00:00,2026-05-25 10:30:00,1,110.0,71.0,-39.0,39.0,1521.0,LABORAL,10,False
freeze_20260610_192142,baselines_full_20260718,naive,1,30,test_final,2026-05-25 11:30:00,2026-05-25 12:00:00,1,122.0,72.0,-50.0,50.0,2500.0,LABORAL,12,False
freeze_20260610_192142,baselines_full_20260718,naive,1,30,test_final,2026-05-27 08:00:00,2026-05-27 08:30:00,1,80.0,130.0,50.0,50.0,2500.0,LABORAL,8,False
freeze_20260610_192142,baselines_full_20260718,naive,1,30,test_final,2026-05-27 11:00:00,2026-05-27 11:30:00,1,59.0,108.0,49.0,49.0,2401.0,LABORAL,11,False
freeze_20260610_192142,baselines_full_20260718,naive,1,30,test_final,2026-05-28 06:30:00,2026-05-28 07:00:00,1,111.0,145.0,34.0,34.0,1156.0,LABORAL,7,False
freeze_20260610_192142,baselines_full_20260718,naive,1,30,test_final,2026-05-29 07:00:00,2026-05-29 07:30:00,1,107.0,155.0,48.0,48.0,2304.0,LABORAL,7,False
freeze_20260610_192142,baselines_full_20260718,naive,1,30,test_final,2026-05-29 16:00:00,2026-05-29 16:30:00,1,74.0,131.0,57.0,57.0,3249.0,LABORAL,16,False
freeze_20260610_192142,baselines_full_20260718,naive,1,30,test_final,2026-05-30 10:30:00,2026-05-30 11:00:00,1,58.0,55.0,-3.0,3.0,9.0,SABADO,11,False
freeze_20260610_192142,baselines_full_20260718,naive,1,30,test_final,2026-05-30 15:30:00,2026-05-30 16:00:00,1,,33.0,,,,SABADO,16,True
freeze_20260610_192142,baselines_full_20260718,naive,1,30,test_final,2026-05-31 07:30:00,2026-05-31 08:00:00,1,,37.0,,,,DOMINGO,8,True
freeze_20260610_192142,baselines_full_20260718,naive,1,30,test_final,2026-05-31 09:30:00,2026-05-31 10:00:00,1,,48.0,,,,DOMINGO,10,True
freeze_20260610_192142,baselines_full_20260718,naive,1,30,test_final,2026-06-01 07:00:00,2026-06-01 07:30:00,1,151.0,163.0,12.0,12.0,144.0,LABORAL,7,False
freeze_20260610_192142,baselines_full_20260718,naive,1,30,test_final,2026-06-01 16:30:00,2026-06-01 17:00:00,1,,45.0,,,,LABORAL,17,True
freeze_20260610_192142,baselines_full_20260718,naive,1,30,test_final,2026-06-02 14:00:00,2026-06-02 14:30:00,1,137.0,120.0,-17.0,17.0,289.0,LABORAL,14,False
freeze_20260610_192142,baselines_full_20260718,naive,1,30,test_final,2026-06-05 11:30:00,2026-06-05 12:00:00,1,120.0,40.0,-80.0,80.0,6400.0,LABORAL,12,False
freeze_20260610_192142,baselines_full_20260718,naive,1,30,test_final,2026-06-06 10:00:00,2026-06-06 10:30:00,1,149.0,64.0,-85.0,85.0,7225.0,SABADO,10,False
freeze_20260610_192142,baselines_full_20260718,naive,1,30,test_final,2026-06-06 17:00:00,2026-06-06 17:30:00,1,,,,,,SABADO,17,True
freeze_20260610_192142,baselines_full_20260718,naive,1,30,test_final,2026-06-07 05:30:00,2026-06-07 06:00:00,1,,,,,,DOMINGO,6,True
freeze_20260610_192142,baselines_full_20260718,naive,1,30,test_final,2026-06-07 13:30:00,2026-06-07 14:00:00,1,,21.0,,,,DOMINGO,14,True
freeze_20260610_192142,baselines_full_20260718,naive,1,30,test_final,2026-06-07 14:00:00,2026-06-07 14:30:00,1,30.0,,,,,DOMINGO,14,False
freeze_20260610_192142,baselines_full_20260718,naive,3,30,1,2024-10-15 06:00:00,2024-10-15 06:30:00,1,366.0,382.0,16.0,16.0,256.0,LABORAL,6,False
freeze_20260610_192142,baselines_full_20260718,naive,3,30,1,2024-10-15 11:00:00,2024-10-15 11:30:00,1,129.0,109.0,-20.0,20.0,400.0,LABORAL,11,False
freeze_20260610_192142,baselines_full_20260718,naive,3,30,1,2024-10-16 14:00:00,2024-10-16 14:30:00,1,104.0,177.0,73.0,73.0,5329.0,LABORAL,14,False
freeze_20260610_192142,baselines_full_20260718,naive,3,30,1,2024-10-19 06:30:00,2024-10-19 07:00:00,1,149.0,253.0,104.0,104.0,10816.0,SABADO,7,False
freeze_20260610_192142,baselines_full_20260718,naive,3,30,1,2024-10-20 14:00:00,2024-10-20 14:30:00,1,61.0,,,,,DOMINGO,14,False
freeze_20260610_192142,baselines_full_20260718,naive,3,30,1,2024-10-21 12:00:00,2024-10-21 12:30:00,1,211.0,119.0,-92.0,92.0,8464.0,LABORAL,12,False
freeze_20260610_192142,baselines_full_20260718,naive,3,30,1,2024-10-21 13:00:00,2024-10-21 13:30:00,1,134.0,248.0,114.0,114.0,12996.0,LABORAL,13,False
freeze_20260610_192142,baselines_full_20260718,naive,3,30,1,2024-10-23 04:30:00,2024-10-23 05:00:00,1,197.0,138.0,-59.0,59.0,3481.0,LABORAL,5,False
freeze_20260610_192142,baselines_full_20260718,naive,3,30,1,2024-10-23 12:30:00,2024-10-23 13:00:00,1,185.0,178.0,-7.0,7.0,49.0,LABORAL,13,False
freeze_20260610_192142,baselines_full_20260718,naive,3,30,1,2024-10-24 05:30:00,2024-10-24 06:00:00,1,301.0,368.0,67.0,67.0,4489.0,LABORAL,6,False
freeze_20260610_192142,baselines_full_20260718,naive,3,30,1,2024-10-24 07:30:00,2024-10-24 08:00:00,1,244.0,195.0,-49.0,49.0,2401.0,LABORAL,8,False
freeze_20260610_192142,baselines_full_20260718,naive,3,30,1,2024-10-24 16:30:00,2024-10-24 17:00:00,1,65.0,88.0,23.0,23.0,529.0,LABORAL,17,False
freeze_20260610_192142,baselines_full_20260718,naive,3,30,1,2024-10-25 12:30:00,2024-10-25 13:00:00,1,132.0,164.0,32.0,32.0,1024.0,LABORAL,13,False
freeze_20260610_192142,baselines_full_20260718,naive,3,30,1,2024-10-26 09:30:00,2024-10-26 10:00:00,1,98.0,97.0,-1.0,1.0,1.0,SABADO,10,False
freeze_20260610_192142,baselines_full_20260718,naive,3,30,1,2024-10-28 13:30:00,2024-10-28 14:00:00,1,184.0,238.0,54.0,54.0,2916.0,LABORAL,14,False
freeze_20260610_192142,baselines_full_20260718,naive,3,30,2,2024-10-30 09:30:00,2024-10-30 10:00:00,1,73.0,199.0,126.0,126.0,15876.0,LABORAL,10,False
freeze_20260610_192142,baselines_full_20260718,naive,3,30,2,2024-10-31 16:30:00,2024-10-31 17:00:00,1,71.0,,,,,LABORAL,17,False
freeze_20260610_192142,baselines_full_20260718,naive,3,30,2,2024-11-01 09:30:00,2024-11-01 10:00:00,1,124.0,204.0,80.0,80.0,6400.0,LABORAL,10,False
freeze_20260610_192142,baselines_full_20260718,naive,3,30,2,2024-11-01 10:30:00,2024-11-01 11:00:00,1,123.0,205.0,82.0,82.0,6724.0,LABORAL,11,False
freeze_20260610_192142,baselines_full_20260718,naive,3,30,2,2024-11-03 04:00:00,2024-11-03 04:30:00,1,,,,,,DOMINGO,4,True
freeze_20260610_192142,baselines_full_20260718,naive,3,30,2,2024-11-03 12:00:00,2024-11-03 12:30:00,1,31.0,,,,,DOMINGO,12,False
freeze_20260610_192142,baselines_full_20260718,naive,3,30,2,2024-11-05 03:30:00,2024-11-05 04:00:00,1,,,,,,LABORAL,4,True
freeze_20260610_192142,baselines_full_20260718,naive,3,30,2,2024-11-08 05:30:00,2024-11-08 06:00:00,1,358.0,344.0,-14.0,14.0,196.0,LABORAL,6,False
freeze_20260610_192142,baselines_full_20260718,naive,3,30,2,2024-11-11 05:30:00,2024-11-11 06:00:00,1,50.0,35.0,-15.0,15.0,225.0,FESTIVO_PUENTE,6,False
freeze_20260610_192142,baselines_full_20260718,naive,3,30,2,2024-11-11 10:00:00,2024-11-11 10:30:00,1,56.0,30.0,-26.0,26.0,676.0,FESTIVO_PUENTE,10,False
freeze_20260610_192142,baselines_full_20260718,naive,3,30,2,2024-11-11 13:30:00,2024-11-11 14:00:00,1,47.0,35.0,-12.0,12.0,144.0,FESTIVO_PUENTE,14,False
freeze_20260610_192142,baselines_full_20260718,naive,3,30,3,2024-11-14 14:00:00,2024-11-14 14:30:00,1,228.0,182.0,-46.0,46.0,2116.0,LABORAL,14,False
freeze_20260610_192142,baselines_full_20260718,naive,3,30,3,2024-11-16 14:30:00,2024-11-16 15:00:00,1,124.0,47.0,-77.0,77.0,5929.0,SABADO,15,False
freeze_20260610_192142,baselines_full_20260718,naive,3,30,3,2024-11-17 04:30:00,2024-11-17 05:00:00,1,,,,,,DOMINGO,5,True
freeze_20260610_192142,baselines_full_20260718,naive,3,30,3,2024-11-17 13:30:00,2024-11-17 14:00:00,1,,25.0,,,,DOMINGO,14,True
freeze_20260610_192142,baselines_full_20260718,naive,3,30,3,2024-11-18 05:30:00,2024-11-18 06:00:00,1,414.0,323.0,-91.0,91.0,8281.0,LABORAL,6,False
freeze_20260610_192142,baselines_full_20260718,naive,3,30,3,2024-11-18 11:30:00,2024-11-18 12:00:00,1,206.0,100.0,-106.0,106.0,11236.0,LABORAL,12,False
freeze_20260610_192142,baselines_full_20260718,naive,3,30,3,2024-11-18 15:00:00,2024-11-18 15:30:00,1,156.0,305.0,149.0,149.0,22201.0,LABORAL,15,False
freeze_20260610_192142,baselines_full_20260718,naive,3,30,3,2024-11-19 04:00:00,2024-11-19 04:30:00,1,148.0,,,,,LABORAL,4,False
freeze_20260610_192142,baselines_full_20260718,naive,3,30,3,2024-11-19 11:00:00,2024-11-19 11:30:00,1,151.0,105.0,-46.0,46.0,2116.0,LABORAL,11,False
freeze_20260610_192142,baselines_full_20260718,naive,3,30,3,2024-11-20 06:00:00,2024-11-20 06:30:00,1,347.0,292.0,-55.0,55.0,3025.0,LABORAL,6,False
freeze_20260610_192142,baselines_full_20260718,naive,3,30,3,2024-11-20 16:30:00,2024-11-20 17:00:00,1,95.0,157.0,62.0,62.0,3844.0,LABORAL,17,False
freeze_20260610_192142,baselines_full_20260718,naive,3,30,3,2024-11-22 13:30:00,2024-11-22 14:00:00,1,220.0,153.0,-67.0,67.0,4489.0,LABORAL,14,False
freeze_20260610_192142,baselines_full_20260718,naive,3,30,3,2024-11-23 10:30:00,2024-11-23 11:00:00,1,159.0,131.0,-28.0,28.0,784.0,SABADO,11,False
freeze_20260610_192142,baselines_full_20260718,naive,3,30,3,2024-11-23 15:00:00,2024-11-23 15:30:00,1,27.0,69.0,42.0,42.0,1764.0,SABADO,15,False
freeze_20260610_192142,baselines_full_20260718,naive,3,30,3,2024-11-24 11:30:00,2024-11-24 12:00:00,1,23.0,32.0,9.0,9.0,81.0,DOMINGO,12,False
freeze_20260610_192142,baselines_full_20260718,naive,3,30,3,2024-11-25 13:30:00,2024-11-25 14:00:00,1,132.0,161.0,29.0,29.0,841.0,LABORAL,14,False
freeze_20260610_192142,baselines_full_20260718,naive,3,30,4,2024-11-26 05:00:00,2024-11-26 05:30:00,1,384.0,160.0,-224.0,224.0,50176.0,LABORAL,5,False
freeze_20260610_192142,baselines_full_20260718,naive,3,30,4,2024-11-26 13:00:00,2024-11-26 13:30:00,1,171.0,232.0,61.0,61.0,3721.0,LABORAL,13,False
freeze_20260610_192142,baselines_full_20260718,naive,3,30,4,2024-11-27 16:30:00,2024-11-27 17:00:00,1,63.0,137.0,74.0,74.0,5476.0,LABORAL,17,False
freeze_20260610_192142,baselines_full_20260718,naive,3,30,4,2024-12-01 06:30:00,2024-12-01 07:00:00,1,39.0,,,,,DOMINGO,7,False
freeze_20260610_192142,baselines_full_20260718,naive,3,30,4,2024-12-01 08:30:00,2024-12-01 09:00:00,1,79.0,,,,,DOMINGO,9,False
freeze_20260610_192142,baselines_full_20260718,naive,3,30,4,2024-12-01 13:30:00,2024-12-01 14:00:00,1,51.0,,,,,DOMINGO,14,False
freeze_20260610_192142,baselines_full_20260718,naive,3,30,4,2024-12-04 09:00:00,2024-12-04 09:30:00,1,165.0,155.0,-10.0,10.0,100.0,LABORAL,9,False
freeze_20260610_192142,baselines_full_20260718,naive,3,30,4,2024-12-05 10:00:00,2024-12-05 10:30:00,1,200.0,176.0,-24.0,24.0,576.0,LABORAL,10,False
freeze_20260610_192142,baselines_full_20260718,naive,3,30,4,2024-12-05 10:30:00,2024-12-05 11:00:00,1,114.0,200.0,86.0,86.0,7396.0,LABORAL,11,False
freeze_20260610_192142,baselines_full_20260718,naive,3,30,4,2024-12-05 13:30:00,2024-12-05 14:00:00,1,116.0,238.0,122.0,122.0,14884.0,LABORAL,14,False
freeze_20260610_192142,baselines_full_20260718,naive,3,30,4,2024-12-06 16:00:00,2024-12-06 16:30:00,1,152.0,181.0,29.0,29.0,841.0,LABORAL,16,False
freeze_20260610_192142,baselines_full_20260718,naive,3,30,4,2024-12-07 11:00:00,2024-12-07 11:30:00,1,100.0,165.0,65.0,65.0,4225.0,SABADO,11,False
freeze_20260610_192142,baselines_full_20260718,naive,3,30,4,2024-12-08 13:30:00,2024-12-08 14:00:00,1,,,,,,FESTIVO,14,True
freeze_20260610_192142,baselines_full_20260718,naive,3,30,4,2024-12-08 14:30:00,2024-12-08 15:00:00,1,33.0,52.0,19.0,19.0,361.0,FESTIVO,15,False
freeze_20260610_192142,baselines_full_20260718,naive,3,30,4,2024-12-09 17:00:00,2024-12-09 17:30:00,1,,49.0,,,,LABORAL,17,True
freeze_20260610_192142,baselines_full_20260718,naive,3,30,5,2024-12-12 10:30:00,2024-12-12 11:00:00,1,105.0,194.0,89.0,89.0,7921.0,LABORAL,11,False
freeze_20260610_192142,baselines_full_20260718,naive,3,30,5,2024-12-13 10:30:00,2024-12-13 11:00:00,1,190.0,109.0,-81.0,81.0,6561.0,LABORAL,11,False
freeze_20260610_192142,baselines_full_20260718,naive,3,30,5,2024-12-14 09:30:00,2024-12-14 10:00:00,1,128.0,115.0,-13.0,13.0,169.0,SABADO,10,False
freeze_20260610_192142,baselines_full_20260718,naive,3,30,5,2024-12-16 16:00:00,2024-12-16 16:30:00,1,182.0,175.0,-7.0,7.0,49.0,LABORAL,16,False
freeze_20260610_192142,baselines_full_20260718,naive,3,30,5,2024-12-17 06:00:00,2024-12-17 06:30:00,1,354.0,328.0,-26.0,26.0,676.0,LABORAL,6,False
freeze_20260610_192142,baselines_full_20260718,naive,3,30,5,2024-12-17 07:30:00,2024-12-17 08:00:00,1,252.0,235.0,-17.0,17.0,289.0,LABORAL,8,False
freeze_20260610_192142,baselines_full_20260718,naive,3,30,5,2024-12-18 09:30:00,2024-12-18 10:00:00,1,132.0,160.0,28.0,28.0,784.0,LABORAL,10,False
freeze_20260610_192142,baselines_full_20260718,naive,3,30,5,2024-12-19 04:00:00,2024-12-19 04:30:00,1,67.0,82.0,15.0,15.0,225.0,LABORAL,4,False
freeze_20260610_192142,baselines_full_20260718,naive,3,30,5,2024-12-21 13:00:00,2024-12-21 13:30:00,1,172.0,147.0,-25.0,25.0,625.0,SABADO,13,False
freeze_20260610_192142,baselines_full_20260718,naive,3,30,5,2024-12-21 16:30:00,2024-12-21 17:00:00,1,,,,,,SABADO,17,True
freeze_20260610_192142,baselines_full_20260718,naive,3,30,5,2024-12-22 09:00:00,2024-12-22 09:30:00,1,81.0,,,,,DOMINGO,9,False
freeze_20260610_192142,baselines_full_20260718,naive,3,30,5,2024-12-23 13:00:00,2024-12-23 13:30:00,1,184.0,177.0,-7.0,7.0,49.0,LABORAL,13,False
freeze_20260610_192142,baselines_full_20260718,naive,3,30,6,2024-12-24 13:00:00,2024-12-24 13:30:00,1,102.0,100.0,-2.0,2.0,4.0,LABORAL,13,False
freeze_20260610_192142,baselines_full_20260718,naive,3,30,6,2024-12-26 03:30:00,2024-12-26 04:00:00,1,31.0,,,,,LABORAL,4,False
freeze_20260610_192142,baselines_full_20260718,naive,3,30,6,2024-12-27 06:30:00,2024-12-27 07:00:00,1,216.0,357.0,141.0,141.0,19881.0,LABORAL,7,False
freeze_20260610_192142,baselines_full_20260718,naive,3,30,6,2024-12-27 13:00:00,2024-12-27 13:30:00,1,178.0,85.0,-93.0,93.0,8649.0,LABORAL,13,False
freeze_20260610_192142,baselines_full_20260718,naive,3,30,6,2024-12-30 14:30:00,2024-12-30 15:00:00,1,157.0,241.0,84.0,84.0,7056.0,LABORAL,15,False
freeze_20260610_192142,baselines_full_20260718,naive,3,30,6,2025-01-02 15:30:00,2025-01-02 16:00:00,1,73.0,113.0,40.0,40.0,1600.0,LABORAL,16,False
freeze_20260610_192142,baselines_full_20260718,naive,3,30,6,2025-01-04 14:00:00,2025-01-04 14:30:00,1,64.0,77.0,13.0,13.0,169.0,SABADO,14,False
freeze_20260610_192142,baselines_full_20260718,naive,3,30,6,2025-01-05 09:00:00,2025-01-05 09:30:00,1,34.0,43.0,9.0,9.0,81.0,DOMINGO,9,False
freeze_20260610_192142,baselines_full_20260718,naive,3,30,6,2025-01-05 13:30:00,2025-01-05 14:00:00,1,60.0,15.0,-45.0,45.0,2025.0,DOMINGO,14,False
freeze_20260610_192142,baselines_full_20260718,naive,3,30,7,2025-01-07 06:00:00,2025-01-07 06:30:00,1,296.0,285.0,-11.0,11.0,121.0,LABORAL,6,False
freeze_20260610_192142,baselines_full_20260718,naive,3,30,7,2025-01-07 07:30:00,2025-01-07 08:00:00,1,203.0,228.0,25.0,25.0,625.0,LABORAL,8,False
freeze_20260610_192142,baselines_full_20260718,naive,3,30,7,2025-01-08 16:30:00,2025-01-08 17:00:00,1,,130.0,,,,LABORAL,17,True
freeze_20260610_192142,baselines_full_20260718,naive,3,30,7,2025-01-09 08:30:00,2025-01-09 09:00:00,1,182.0,201.0,19.0,19.0,361.0,LABORAL,9,False
freeze_20260610_192142,baselines_full_20260718,naive,3,30,7,2025-01-09 12:00:00,2025-01-09 12:30:00,1,138.0,155.0,17.0,17.0,289.0,LABORAL,12,False
freeze_20260610_192142,baselines_full_20260718,naive,3,30,7,2025-01-10 08:30:00,2025-01-10 09:00:00,1,171.0,194.0,23.0,23.0,529.0,LABORAL,9,False
freeze_20260610_192142,baselines_full_20260718,naive,3,30,7,2025-01-10 13:00:00,2025-01-10 13:30:00,1,137.0,143.0,6.0,6.0,36.0,LABORAL,13,False
freeze_20260610_192142,baselines_full_20260718,naive,3,30,7,2025-01-11 12:30:00,2025-01-11 13:00:00,1,67.0,125.0,58.0,58.0,3364.0,SABADO,13,False
freeze_20260610_192142,baselines_full_20260718,naive,3,30,7,2025-01-11 15:00:00,2025-01-11 15:30:00,1,39.0,122.0,83.0,83.0,6889.0,SABADO,15,False
freeze_20260610_192142,baselines_full_20260718,naive,3,30,7,2025-01-12 09:00:00,2025-01-12 09:30:00,1,21.0,35.0,14.0,14.0,196.0,DOMINGO,9,False
freeze_20260610_192142,baselines_full_20260718,naive,3,30,7,2025-01-13 07:30:00,2025-01-13 08:00:00,1,222.0,167.0,-55.0,55.0,3025.0,LABORAL,8,False
freeze_20260610_192142,baselines_full_20260718,naive,3,30,7,2025-01-13 14:00:00,2025-01-13 14:30:00,1,199.0,169.0,-30.0,30.0,900.0,LABORAL,14,False
freeze_20260610_192142,baselines_full_20260718,naive,3,30,7,2025-01-15 07:30:00,2025-01-15 08:00:00,1,233.0,102.0,-131.0,131.0,17161.0,LABORAL,8,False
freeze_20260610_192142,baselines_full_20260718,naive,3,30,7,2025-01-18 05:00:00,2025-01-18 05:30:00,1,215.0,146.0,-69.0,69.0,4761.0,SABADO,5,False
freeze_20260610_192142,baselines_full_20260718,naive,3,30,7,2025-01-18 12:00:00,2025-01-18 12:30:00,1,87.0,80.0,-7.0,7.0,49.0,SABADO,12,False
freeze_20260610_192142,baselines_full_20260718,naive,3,30,7,2025-01-19 13:30:00,2025-01-19 14:00:00,1,22.0,28.0,6.0,6.0,36.0,DOMINGO,14,False
freeze_20260610_192142,baselines_full_20260718,naive,3,30,8,2025-01-21 07:00:00,2025-01-21 07:30:00,1,258.0,223.0,-35.0,35.0,1225.0,LABORAL,7,False
freeze_20260610_192142,baselines_full_20260718,naive,3,30,8,2025-01-23 16:30:00,2025-01-23 17:00:00,1,74.0,111.0,37.0,37.0,1369.0,LABORAL,17,False
freeze_20260610_192142,baselines_full_20260718,naive,3,30,8,2025-01-24 05:00:00,2025-01-24 05:30:00,1,227.0,203.0,-24.0,24.0,576.0,LABORAL,5,False
freeze_20260610_192142,baselines_full_20260718,naive,3,30,8,2025-01-24 14:00:00,2025-01-24 14:30:00,1,226.0,146.0,-80.0,80.0,6400.0,LABORAL,14,False
freeze_20260610_192142,baselines_full_20260718,naive,3,30,8,2025-01-25 08:00:00,2025-01-25 08:30:00,1,133.0,155.0,22.0,22.0,484.0,SABADO,8,False
freeze_20260610_192142,baselines_full_20260718,naive,3,30,8,2025-01-26 05:30:00,2025-01-26 06:00:00,1,,,,,,DOMINGO,6,True
freeze_20260610_192142,baselines_full_20260718,naive,3,30,8,2025-01-26 07:00:00,2025-01-26 07:30:00,1,62.0,,,,,DOMINGO,7,False
freeze_20260610_192142,baselines_full_20260718,naive,3,30,8,2025-01-26 09:00:00,2025-01-26 09:30:00,1,21.0,,,,,DOMINGO,9,False
freeze_20260610_192142,baselines_full_20260718,naive,3,30,8,2025-01-26 15:00:00,2025-01-26 15:30:00,1,,,,,,DOMINGO,15,True
freeze_20260610_192142,baselines_full_20260718,naive,3,30,8,2025-01-29 15:30:00,2025-01-29 16:00:00,1,231.0,169.0,-62.0,62.0,3844.0,LABORAL,16,False
freeze_20260610_192142,baselines_full_20260718,naive,3,30,8,2025-01-31 11:00:00,2025-01-31 11:30:00,1,82.0,135.0,53.0,53.0,2809.0,LABORAL,11,False
freeze_20260610_192142,baselines_full_20260718,naive,3,30,8,2025-02-01 06:30:00,2025-02-01 07:00:00,1,99.0,200.0,101.0,101.0,10201.0,SABADO,7,False
freeze_20260610_192142,baselines_full_20260718,naive,3,30,8,2025-02-01 11:30:00,2025-02-01 12:00:00,1,94.0,114.0,20.0,20.0,400.0,SABADO,12,False
freeze_20260610_192142,baselines_full_20260718,naive,3,30,8,2025-02-01 15:30:00,2025-02-01 16:00:00,1,38.0,59.0,21.0,21.0,441.0,SABADO,16,False
freeze_20260610_192142,baselines_full_20260718,naive,3,30,8,2025-02-03 16:30:00,2025-02-03 17:00:00,1,77.0,105.0,28.0,28.0,784.0,LABORAL,17,False
freeze_20260610_192142,baselines_full_20260718,naive,3,30,9,2025-02-04 08:30:00,2025-02-04 09:00:00,1,180.0,162.0,-18.0,18.0,324.0,LABORAL,9,False
freeze_20260610_192142,baselines_full_20260718,naive,3,30,9,2025-02-04 09:00:00,2025-02-04 09:30:00,1,66.0,180.0,114.0,114.0,12996.0,LABORAL,9,False
freeze_20260610_192142,baselines_full_20260718,naive,3,30,9,2025-02-04 12:30:00,2025-02-04 13:00:00,1,163.0,162.0,-1.0,1.0,1.0,LABORAL,13,False
freeze_20260610_192142,baselines_full_20260718,naive,3,30,9,2025-02-04 17:00:00,2025-02-04 17:30:00,1,22.0,128.0,106.0,106.0,11236.0,LABORAL,17,False
freeze_20260610_192142,baselines_full_20260718,naive,3,30,9,2025-02-05 08:30:00,2025-02-05 09:00:00,1,98.0,208.0,110.0,110.0,12100.0,LABORAL,9,False
freeze_20260610_192142,baselines_full_20260718,naive,3,30,9,2025-02-07 05:00:00,2025-02-07 05:30:00,1,345.0,304.0,-41.0,41.0,1681.0,LABORAL,5,False
freeze_20260610_192142,baselines_full_20260718,naive,3,30,9,2025-02-07 11:30:00,2025-02-07 12:00:00,1,256.0,114.0,-142.0,142.0,20164.0,LABORAL,12,False
freeze_20260610_192142,baselines_full_20260718,naive,3,30,9,2025-02-09 10:30:00,2025-02-09 11:00:00,1,30.0,31.0,1.0,1.0,1.0,DOMINGO,11,False
freeze_20260610_192142,baselines_full_20260718,naive,3,30,9,2025-02-11 07:00:00,2025-02-11 07:30:00,1,208.0,253.0,45.0,45.0,2025.0,LABORAL,7,False
freeze_20260610_192142,baselines_full_20260718,naive,3,30,9,2025-02-13 17:00:00,2025-02-13 17:30:00,1,81.0,45.0,-36.0,36.0,1296.0,LABORAL,17,False
freeze_20260610_192142,baselines_full_20260718,naive,3,30,9,2025-02-14 05:30:00,2025-02-14 06:00:00,1,207.0,257.0,50.0,50.0,2500.0,LABORAL,6,False
freeze_20260610_192142,baselines_full_20260718,naive,3,30,9,2025-02-14 08:30:00,2025-02-14 09:00:00,1,153.0,146.0,-7.0,7.0,49.0,LABORAL,9,False
freeze_20260610_192142,baselines_full_20260718,naive,3,30,9,2025-02-14 14:30:00,2025-02-14 15:00:00,1,176.0,183.0,7.0,7.0,49.0,LABORAL,15,False
freeze_20260610_192142,baselines_full_20260718,naive,3,30,9,2025-02-15 14:30:00,2025-02-15 15:00:00,1,94.0,59.0,-35.0,35.0,1225.0,SABADO,15,False
freeze_20260610_192142,baselines_full_20260718,naive,3,30,9,2025-02-17 11:30:00,2025-02-17 12:00:00,1,178.0,120.0,-58.0,58.0,3364.0,LABORAL,12,False
freeze_20260610_192142,baselines_full_20260718,naive,3,30,9,2025-02-17 15:00:00,2025-02-17 15:30:00,1,196.0,187.0,-9.0,9.0,81.0,LABORAL,15,False
freeze_20260610_192142,baselines_full_20260718,naive,3,30,10,2025-02-18 04:30:00,2025-02-18 05:00:00,1,384.0,214.0,-170.0,170.0,28900.0,LABORAL,5,False
freeze_20260610_192142,baselines_full_20260718,naive,3,30,10,2025-02-18 13:00:00,2025-02-18 13:30:00,1,186.0,168.0,-18.0,18.0,324.0,LABORAL,13,False
freeze_20260610_192142,baselines_full_20260718,naive,3,30,10,2025-02-18 17:30:00,2025-02-18 18:00:00,1,25.0,23.0,-2.0,2.0,4.0,LABORAL,18,False
freeze_20260610_192142,baselines_full_20260718,naive,3,30,10,2025-02-19 07:30:00,2025-02-19 08:00:00,1,232.0,202.0,-30.0,30.0,900.0,LABORAL,8,False
freeze_20260610_192142,baselines_full_20260718,naive,3,30,10,2025-02-20 04:30:00,2025-02-20 05:00:00,1,163.0,215.0,52.0,52.0,2704.0,LABORAL,5,False
freeze_20260610_192142,baselines_full_20260718,naive,3,30,10,2025-02-20 05:30:00,2025-02-20 06:00:00,1,364.0,398.0,34.0,34.0,1156.0,LABORAL,6,False
freeze_20260610_192142,baselines_full_20260718,naive,3,30,10,2025-02-22 10:30:00,2025-02-22 11:00:00,1,104.0,90.0,-14.0,14.0,196.0,SABADO,11,False
freeze_20260610_192142,baselines_full_20260718,naive,3,30,10,2025-02-24 16:30:00,2025-02-24 17:00:00,1,66.0,134.0,68.0,68.0,4624.0,LABORAL,17,False
freeze_20260610_192142,baselines_full_20260718,naive,3,30,10,2025-02-25 07:00:00,2025-02-25 07:30:00,1,157.0,98.0,-59.0,59.0,3481.0,LABORAL,7,False
freeze_20260610_192142,baselines_full_20260718,naive,3,30,10,2025-02-28 11:00:00,2025-02-28 11:30:00,1,166.0,157.0,-9.0,9.0,81.0,LABORAL,11,False
freeze_20260610_192142,baselines_full_20260718,naive,3,30,10,2025-02-28 13:00:00,2025-02-28 13:30:00,1,158.0,227.0,69.0,69.0,4761.0,LABORAL,13,False
freeze_20260610_192142,baselines_full_20260718,naive,3,30,10,2025-02-28 16:00:00,2025-02-28 16:30:00,1,150.0,107.0,-43.0,43.0,1849.0,LABORAL,16,False
freeze_20260610_192142,baselines_full_20260718,naive,3,30,10,2025-03-01 08:30:00,2025-03-01 09:00:00,1,73.0,112.0,39.0,39.0,1521.0,SABADO,9,False
freeze_20260610_192142,baselines_full_20260718,naive,3,30,10,2025-03-01 15:00:00,2025-03-01 15:30:00,1,42.0,116.0,74.0,74.0,5476.0,SABADO,15,False
freeze_20260610_192142,baselines_full_20260718,naive,3,30,10,2025-03-02 08:00:00,2025-03-02 08:30:00,1,40.0,52.0,12.0,12.0,144.0,DOMINGO,8,False
freeze_20260610_192142,baselines_full_20260718,naive,3,30,11,2025-03-04 17:00:00,2025-03-04 17:30:00,1,43.0,93.0,50.0,50.0,2500.0,LABORAL,17,False
freeze_20260610_192142,baselines_full_20260718,naive,3,30,11,2025-03-05 07:30:00,2025-03-05 08:00:00,1,180.0,144.0,-36.0,36.0,1296.0,LABORAL,8,False
freeze_20260610_192142,baselines_full_20260718,naive,3,30,11,2025-03-05 09:30:00,2025-03-05 10:00:00,1,100.0,128.0,28.0,28.0,784.0,LABORAL,10,False
freeze_20260610_192142,baselines_full_20260718,naive,3,30,11,2025-03-05 15:00:00,2025-03-05 15:30:00,1,127.0,182.0,55.0,55.0,3025.0,LABORAL,15,False
freeze_20260610_192142,baselines_full_20260718,naive,3,30,11,2025-03-06 11:30:00,2025-03-06 12:00:00,1,166.0,47.0,-119.0,119.0,14161.0,LABORAL,12,False
freeze_20260610_192142,baselines_full_20260718,naive,3,30,11,2025-03-07 07:00:00,2025-03-07 07:30:00,1,131.0,125.0,-6.0,6.0,36.0,LABORAL,7,False
freeze_20260610_192142,baselines_full_20260718,naive,3,30,11,2025-03-08 07:30:00,2025-03-08 08:00:00,1,148.0,138.0,-10.0,10.0,100.0,SABADO,8,False
freeze_20260610_192142,baselines_full_20260718,naive,3,30,11,2025-03-09 07:00:00,2025-03-09 07:30:00,1,,23.0,,,,DOMINGO,7,True
freeze_20260610_192142,baselines_full_20260718,naive,3,30,11,2025-03-09 11:00:00,2025-03-09 11:30:00,1,32.0,22.0,-10.0,10.0,100.0,DOMINGO,11,False
freeze_20260610_192142,baselines_full_20260718,naive,3,30,11,2025-03-09 14:00:00,2025-03-09 14:30:00,1,27.0,13.0,-14.0,14.0,196.0,DOMINGO,14,False
freeze_20260610_192142,baselines_full_20260718,naive,3,30,11,2025-03-10 10:00:00,2025-03-10 10:30:00,1,144.0,162.0,18.0,18.0,324.0,LABORAL,10,False
freeze_20260610_192142,baselines_full_20260718,naive,3,30,11,2025-03-10 12:00:00,2025-03-10 12:30:00,1,186.0,131.0,-55.0,55.0,3025.0,LABORAL,12,False
freeze_20260610_192142,baselines_full_20260718,naive,3,30,11,2025-03-11 11:30:00,2025-03-11 12:00:00,1,159.0,234.0,75.0,75.0,5625.0,LABORAL,12,False
freeze_20260610_192142,baselines_full_20260718,naive,3,30,11,2025-03-12 11:30:00,2025-03-12 12:00:00,1,173.0,123.0,-50.0,50.0,2500.0,LABORAL,12,False
freeze_20260610_192142,baselines_full_20260718,naive,3,30,11,2025-03-12 17:30:00,2025-03-12 18:00:00,1,,,,,,LABORAL,18,True
freeze_20260610_192142,baselines_full_20260718,naive,3,30,11,2025-03-14 04:30:00,2025-03-14 05:00:00,1,344.0,145.0,-199.0,199.0,39601.0,LABORAL,5,False
freeze_20260610_192142,baselines_full_20260718,naive,3,30,11,2025-03-15 15:00:00,2025-03-15 15:30:00,1,72.0,,,,,SABADO,15,False
freeze_20260610_192142,baselines_full_20260718,naive,3,30,11,2025-03-15 17:00:00,2025-03-15 17:30:00,1,,53.0,,,,SABADO,17,True
freeze_20260610_192142,baselines_full_20260718,naive,3,30,11,2025-03-16 06:00:00,2025-03-16 06:30:00,1,,,,,,DOMINGO,6,True
freeze_20260610_192142,baselines_full_20260718,naive,3,30,11,2025-03-16 09:30:00,2025-03-16 10:00:00,1,66.0,22.0,-44.0,44.0,1936.0,DOMINGO,10,False
freeze_20260610_192142,baselines_full_20260718,naive,3,30,11,2025-03-17 10:00:00,2025-03-17 10:30:00,1,132.0,147.0,15.0,15.0,225.0,LABORAL,10,False
freeze_20260610_192142,baselines_full_20260718,naive,3,30,11,2025-03-17 10:30:00,2025-03-17 11:00:00,1,221.0,132.0,-89.0,89.0,7921.0,LABORAL,11,False
freeze_20260610_192142,baselines_full_20260718,naive,3,30,12,2025-03-24 15:00:00,2025-03-24 15:30:00,1,15.0,43.0,28.0,28.0,784.0,FESTIVO_PUENTE,15,False
freeze_20260610_192142,baselines_full_20260718,naive,3,30,12,2025-03-25 10:30:00,2025-03-25 11:00:00,1,124.0,38.0,-86.0,86.0,7396.0,LABORAL,11,False
freeze_20260610_192142,baselines_full_20260718,naive,3,30,12,2025-03-26 08:30:00,2025-03-26 09:00:00,1,185.0,177.0,-8.0,8.0,64.0,LABORAL,9,False
freeze_20260610_192142,baselines_full_20260718,naive,3,30,12,2025-03-27 06:00:00,2025-03-27 06:30:00,1,220.0,308.0,88.0,88.0,7744.0,LABORAL,6,False
freeze_20260610_192142,baselines_full_20260718,naive,3,30,12,2025-03-27 14:30:00,2025-03-27 15:00:00,1,156.0,232.0,76.0,76.0,5776.0,LABORAL,15,False
freeze_20260610_192142,baselines_full_20260718,naive,3,30,12,2025-03-29 05:30:00,2025-03-29 06:00:00,1,191.0,254.0,63.0,63.0,3969.0,SABADO,6,False
freeze_20260610_192142,baselines_full_20260718,naive,3,30,12,2025-03-29 08:30:00,2025-03-29 09:00:00,1,100.0,152.0,52.0,52.0,2704.0,SABADO,9,False
freeze_20260610_192142,baselines_full_20260718,naive,3,30,13,2025-04-01 15:00:00,2025-04-01 15:30:00,1,232.0,152.0,-80.0,80.0,6400.0,LABORAL,15,False
freeze_20260610_192142,baselines_full_20260718,naive,3,30,13,2025-04-02 09:30:00,2025-04-02 10:00:00,1,112.0,155.0,43.0,43.0,1849.0,LABORAL,10,False
freeze_20260610_192142,baselines_full_20260718,naive,3,30,13,2025-04-02 13:30:00,2025-04-02 14:00:00,1,195.0,209.0,14.0,14.0,196.0,LABORAL,14,False
freeze_20260610_192142,baselines_full_20260718,naive,3,30,13,2025-04-02 15:30:00,2025-04-02 16:00:00,1,167.0,177.0,10.0,10.0,100.0,LABORAL,16,False
freeze_20260610_192142,baselines_full_20260718,naive,3,30,13,2025-04-03 10:30:00,2025-04-03 11:00:00,1,173.0,116.0,-57.0,57.0,3249.0,LABORAL,11,False
freeze_20260610_192142,baselines_full_20260718,naive,3,30,13,2025-04-04 06:30:00,2025-04-04 07:00:00,1,163.0,204.0,41.0,41.0,1681.0,LABORAL,7,False
freeze_20260610_192142,baselines_full_20260718,naive,3,30,13,2025-04-04 11:00:00,2025-04-04 11:30:00,1,99.0,159.0,60.0,60.0,3600.0,LABORAL,11,False
freeze_20260610_192142,baselines_full_20260718,naive,3,30,13,2025-04-04 17:30:00,2025-04-04 18:00:00,1,17.0,39.0,22.0,22.0,484.0,LABORAL,18,False
freeze_20260610_192142,baselines_full_20260718,naive,3,30,13,2025-04-05 14:30:00,2025-04-05 15:00:00,1,105.0,72.0,-33.0,33.0,1089.0,SABADO,15,False
freeze_20260610_192142,baselines_full_20260718,naive,3,30,13,2025-04-06 12:30:00,2025-04-06 13:00:00,1,19.0,,,,,DOMINGO,13,False
freeze_20260610_192142,baselines_full_20260718,naive,3,30,13,2025-04-07 06:00:00,2025-04-07 06:30:00,1,283.0,290.0,7.0,7.0,49.0,LABORAL,6,False
freeze_20260610_192142,baselines_full_20260718,naive,3,30,13,2025-04-07 12:00:00,2025-04-07 12:30:00,1,200.0,151.0,-49.0,49.0,2401.0,LABORAL,12,False
freeze_20260610_192142,baselines_full_20260718,naive,3,30,13,2025-04-09 08:00:00,2025-04-09 08:30:00,1,139.0,183.0,44.0,44.0,1936.0,LABORAL,8,False
freeze_20260610_192142,baselines_full_20260718,naive,3,30,13,2025-04-10 07:00:00,2025-04-10 07:30:00,1,216.0,182.0,-34.0,34.0,1156.0,LABORAL,7,False
freeze_20260610_192142,baselines_full_20260718,naive,3,30,13,2025-04-13 06:00:00,2025-04-13 06:30:00,1,51.0,66.0,15.0,15.0,225.0,DOMINGO,6,False
freeze_20260610_192142,baselines_full_20260718,naive,3,30,14,2025-04-16 14:00:00,2025-04-16 14:30:00,1,144.0,112.0,-32.0,32.0,1024.0,LABORAL,14,False
freeze_20260610_192142,baselines_full_20260718,naive,3,30,14,2025-04-16 15:30:00,2025-04-16 16:00:00,1,114.0,153.0,39.0,39.0,1521.0,LABORAL,16,False
freeze_20260610_192142,baselines_full_20260718,naive,3,30,14,2025-04-17 03:30:00,2025-04-17 04:00:00,1,,,,,,FESTIVO,4,True
freeze_20260610_192142,baselines_full_20260718,naive,3,30,14,2025-04-18 07:00:00,2025-04-18 07:30:00,1,34.0,44.0,10.0,10.0,100.0,FESTIVO,7,False
freeze_20260610_192142,baselines_full_20260718,naive,3,30,14,2025-04-18 13:00:00,2025-04-18 13:30:00,1,23.0,21.0,-2.0,2.0,4.0,FESTIVO,13,False
freeze_20260610_192142,baselines_full_20260718,naive,3,30,14,2025-04-18 14:30:00,2025-04-18 15:00:00,1,42.0,,,,,FESTIVO,15,False
freeze_20260610_192142,baselines_full_20260718,naive,3,30,14,2025-04-19 04:30:00,2025-04-19 05:00:00,1,96.0,68.0,-28.0,28.0,784.0,SABADO,5,False
freeze_20260610_192142,baselines_full_20260718,naive,3,30,14,2025-04-19 06:00:00,2025-04-19 06:30:00,1,101.0,121.0,20.0,20.0,400.0,SABADO,6,False
freeze_20260610_192142,baselines_full_20260718,naive,3,30,14,2025-04-20 06:30:00,2025-04-20 07:00:00,1,35.0,,,,,DOMINGO,7,False
freeze_20260610_192142,baselines_full_20260718,naive,3,30,14,2025-04-21 04:00:00,2025-04-21 04:30:00,1,224.0,54.0,-170.0,170.0,28900.0,LABORAL,4,False
freeze_20260610_192142,baselines_full_20260718,naive,3,30,14,2025-04-22 12:30:00,2025-04-22 13:00:00,1,128.0,215.0,87.0,87.0,7569.0,LABORAL,13,False
freeze_20260610_192142,baselines_full_20260718,naive,3,30,14,2025-04-22 13:00:00,2025-04-22 13:30:00,1,165.0,128.0,-37.0,37.0,1369.0,LABORAL,13,False
freeze_20260610_192142,baselines_full_20260718,naive,3,30,14,2025-04-23 06:00:00,2025-04-23 06:30:00,1,235.0,310.0,75.0,75.0,5625.0,LABORAL,6,False
freeze_20260610_192142,baselines_full_20260718,naive,3,30,14,2025-04-25 12:30:00,2025-04-25 13:00:00,1,160.0,166.0,6.0,6.0,36.0,LABORAL,13,False
freeze_20260610_192142,baselines_full_20260718,naive,3,30,14,2025-04-25 16:00:00,2025-04-25 16:30:00,1,60.0,192.0,132.0,132.0,17424.0,LABORAL,16,False
freeze_20260610_192142,baselines_full_20260718,naive,3,30,14,2025-04-27 10:00:00,2025-04-27 10:30:00,1,63.0,32.0,-31.0,31.0,961.0,DOMINGO,10,False
freeze_20260610_192142,baselines_full_20260718,naive,3,30,14,2025-04-27 13:00:00,2025-04-27 13:30:00,1,,23.0,,,,DOMINGO,13,True
freeze_20260610_192142,baselines_full_20260718,naive,3,30,14,2025-04-28 06:00:00,2025-04-28 06:30:00,1,263.0,334.0,71.0,71.0,5041.0,LABORAL,6,False
freeze_20260610_192142,baselines_full_20260718,naive,3,30,15,2025-05-01 03:30:00,2025-05-01 04:00:00,1,,,,,,FESTIVO,4,True
freeze_20260610_192142,baselines_full_20260718,naive,3,30,15,2025-05-01 05:00:00,2025-05-01 05:30:00,1,,,,,,FESTIVO,5,True
freeze_20260610_192142,baselines_full_20260718,naive,3,30,15,2025-05-01 11:30:00,2025-05-01 12:00:00,1,64.0,39.0,-25.0,25.0,625.0,FESTIVO,12,False
freeze_20260610_192142,baselines_full_20260718,naive,3,30,15,2025-05-02 11:00:00,2025-05-02 11:30:00,1,191.0,166.0,-25.0,25.0,625.0,LABORAL,11,False
freeze_20260610_192142,baselines_full_20260718,naive,3,30,15,2025-05-03 11:00:00,2025-05-03 11:30:00,1,164.0,51.0,-113.0,113.0,12769.0,SABADO,11,False
freeze_20260610_192142,baselines_full_20260718,naive,3,30,15,2025-05-04 11:00:00,2025-05-04 11:30:00,1,62.0,51.0,-11.0,11.0,121.0,DOMINGO,11,False
freeze_20260610_192142,baselines_full_20260718,naive,3,30,15,2025-05-06 07:30:00,2025-05-06 08:00:00,1,164.0,220.0,56.0,56.0,3136.0,LABORAL,8,False
freeze_20260610_192142,baselines_full_20260718,naive,3,30,15,2025-05-09 05:30:00,2025-05-09 06:00:00,1,366.0,246.0,-120.0,120.0,14400.0,LABORAL,6,False
freeze_20260610_192142,baselines_full_20260718,naive,3,30,15,2025-05-09 13:00:00,2025-05-09 13:30:00,1,163.0,210.0,47.0,47.0,2209.0,LABORAL,13,False
freeze_20260610_192142,baselines_full_20260718,naive,3,30,15,2025-05-11 13:00:00,2025-05-11 13:30:00,1,36.0,,,,,DOMINGO,13,False
freeze_20260610_192142,baselines_full_20260718,naive,3,30,16,2025-05-13 06:30:00,2025-05-13 07:00:00,1,243.0,173.0,-70.0,70.0,4900.0,LABORAL,7,False
freeze_20260610_192142,baselines_full_20260718,naive,3,30,16,2025-05-13 12:30:00,2025-05-13 13:00:00,1,196.0,149.0,-47.0,47.0,2209.0,LABORAL,13,False
freeze_20260610_192142,baselines_full_20260718,naive,3,30,16,2025-05-14 05:00:00,2025-05-14 05:30:00,1,336.0,277.0,-59.0,59.0,3481.0,LABORAL,5,False
freeze_20260610_192142,baselines_full_20260718,naive,3,30,16,2025-05-14 12:00:00,2025-05-14 12:30:00,1,93.0,201.0,108.0,108.0,11664.0,LABORAL,12,False
freeze_20260610_192142,baselines_full_20260718,naive,3,30,16,2025-05-15 08:00:00,2025-05-15 08:30:00,1,175.0,199.0,24.0,24.0,576.0,LABORAL,8,False
freeze_20260610_192142,baselines_full_20260718,naive,3,30,16,2025-05-16 15:00:00,2025-05-16 15:30:00,1,198.0,180.0,-18.0,18.0,324.0,LABORAL,15,False
freeze_20260610_192142,baselines_full_20260718,naive,3,30,16,2025-05-17 13:30:00,2025-05-17 14:00:00,1,70.0,37.0,-33.0,33.0,1089.0,SABADO,14,False
freeze_20260610_192142,baselines_full_20260718,naive,3,30,16,2025-05-18 06:00:00,2025-05-18 06:30:00,1,54.0,,,,,DOMINGO,6,False
freeze_20260610_192142,baselines_full_20260718,naive,3,30,16,2025-05-19 04:00:00,2025-05-19 04:30:00,1,184.0,,,,,LABORAL,4,False
freeze_20260610_192142,baselines_full_20260718,naive,3,30,16,2025-05-19 07:30:00,2025-05-19 08:00:00,1,172.0,138.0,-34.0,34.0,1156.0,LABORAL,8,False
freeze_20260610_192142,baselines_full_20260718,naive,3,30,16,2025-05-19 10:00:00,2025-05-19 10:30:00,1,161.0,139.0,-22.0,22.0,484.0,LABORAL,10,False
freeze_20260610_192142,baselines_full_20260718,naive,3,30,16,2025-05-19 11:30:00,2025-05-19 12:00:00,1,168.0,105.0,-63.0,63.0,3969.0,LABORAL,12,False
freeze_20260610_192142,baselines_full_20260718,naive,3,30,16,2025-05-20 11:30:00,2025-05-20 12:00:00,1,153.0,181.0,28.0,28.0,784.0,LABORAL,12,False
freeze_20260610_192142,baselines_full_20260718,naive,3,30,16,2025-05-22 14:00:00,2025-05-22 14:30:00,1,128.0,183.0,55.0,55.0,3025.0,LABORAL,14,False
freeze_20260610_192142,baselines_full_20260718,naive,3,30,16,2025-05-24 10:30:00,2025-05-24 11:00:00,1,107.0,117.0,10.0,10.0,100.0,SABADO,11,False
freeze_20260610_192142,baselines_full_20260718,naive,3,30,16,2025-05-25 09:00:00,2025-05-25 09:30:00,1,25.0,32.0,7.0,7.0,49.0,DOMINGO,9,False
freeze_20260610_192142,baselines_full_20260718,naive,3,30,17,2025-05-27 08:00:00,2025-05-27 08:30:00,1,158.0,153.0,-5.0,5.0,25.0,LABORAL,8,False
freeze_20260610_192142,baselines_full_20260718,naive,3,30,17,2025-05-27 12:30:00,2025-05-27 13:00:00,1,169.0,165.0,-4.0,4.0,16.0,LABORAL,13,False
freeze_20260610_192142,baselines_full_20260718,naive,3,30,17,2025-05-27 13:00:00,2025-05-27 13:30:00,1,105.0,169.0,64.0,64.0,4096.0,LABORAL,13,False
freeze_20260610_192142,baselines_full_20260718,naive,3,30,17,2025-05-28 16:00:00,2025-05-28 16:30:00,1,74.0,106.0,32.0,32.0,1024.0,LABORAL,16,False
freeze_20260610_192142,baselines_full_20260718,naive,3,30,17,2025-05-30 06:00:00,2025-05-30 06:30:00,1,246.0,299.0,53.0,53.0,2809.0,LABORAL,6,False
freeze_20260610_192142,baselines_full_20260718,naive,3,30,17,2025-05-30 09:30:00,2025-05-30 10:00:00,1,104.0,112.0,8.0,8.0,64.0,LABORAL,10,False
freeze_20260610_192142,baselines_full_20260718,naive,3,30,17,2025-05-30 16:00:00,2025-05-30 16:30:00,1,130.0,145.0,15.0,15.0,225.0,LABORAL,16,False
freeze_20260610_192142,baselines_full_20260718,naive,3,30,17,2025-05-31 16:00:00,2025-05-31 16:30:00,1,,74.0,,,,SABADO,16,True
freeze_20260610_192142,baselines_full_20260718,naive,3,30,17,2025-06-04 04:00:00,2025-06-04 04:30:00,1,218.0,,,,,LABORAL,4,False
freeze_20260610_192142,baselines_full_20260718,naive,3,30,17,2025-06-04 06:00:00,2025-06-04 06:30:00,1,222.0,234.0,12.0,12.0,144.0,LABORAL,6,False
freeze_20260610_192142,baselines_full_20260718,naive,3,30,17,2025-06-05 08:00:00,2025-06-05 08:30:00,1,183.0,171.0,-12.0,12.0,144.0,LABORAL,8,False
freeze_20260610_192142,baselines_full_20260718,naive,3,30,17,2025-06-06 05:30:00,2025-06-06 06:00:00,1,391.0,383.0,-8.0,8.0,64.0,LABORAL,6,False
freeze_20260610_192142,baselines_full_20260718,naive,3,30,17,2025-06-06 09:30:00,2025-06-06 10:00:00,1,144.0,175.0,31.0,31.0,961.0,LABORAL,10,False
freeze_20260610_192142,baselines_full_20260718,naive,3,30,17,2025-06-09 13:00:00,2025-06-09 13:30:00,1,135.0,130.0,-5.0,5.0,25.0,LABORAL,13,False
freeze_20260610_192142,baselines_full_20260718,naive,3,30,17,2025-06-09 16:30:00,2025-06-09 17:00:00,1,63.0,133.0,70.0,70.0,4900.0,LABORAL,17,False
freeze_20260610_192142,baselines_full_20260718,naive,3,30,17,2025-06-09 17:00:00,2025-06-09 17:30:00,1,42.0,63.0,21.0,21.0,441.0,LABORAL,17,False
freeze_20260610_192142,baselines_full_20260718,naive,3,30,18,2025-06-10 16:00:00,2025-06-10 16:30:00,1,91.0,91.0,0.0,0.0,0.0,LABORAL,16,False
freeze_20260610_192142,baselines_full_20260718,naive,3,30,18,2025-06-10 17:30:00,2025-06-10 18:00:00,1,,,,,,LABORAL,18,True
freeze_20260610_192142,baselines_full_20260718,naive,3,30,18,2025-06-12 11:30:00,2025-06-12 12:00:00,1,198.0,114.0,-84.0,84.0,7056.0,LABORAL,12,False
freeze_20260610_192142,baselines_full_20260718,naive,3,30,18,2025-06-13 10:00:00,2025-06-13 10:30:00,1,147.0,101.0,-46.0,46.0,2116.0,LABORAL,10,False
freeze_20260610_192142,baselines_full_20260718,naive,3,30,18,2025-06-13 11:00:00,2025-06-13 11:30:00,1,113.0,52.0,-61.0,61.0,3721.0,LABORAL,11,False
freeze_20260610_192142,baselines_full_20260718,naive,3,30,18,2025-06-14 05:00:00,2025-06-14 05:30:00,1,202.0,204.0,2.0,2.0,4.0,SABADO,5,False
freeze_20260610_192142,baselines_full_20260718,naive,3,30,18,2025-06-17 05:00:00,2025-06-17 05:30:00,1,426.0,281.0,-145.0,145.0,21025.0,LABORAL,5,False
freeze_20260610_192142,baselines_full_20260718,naive,3,30,18,2025-06-17 12:30:00,2025-06-17 13:00:00,1,177.0,145.0,-32.0,32.0,1024.0,LABORAL,13,False
freeze_20260610_192142,baselines_full_20260718,naive,3,30,18,2025-06-18 05:30:00,2025-06-18 06:00:00,1,153.0,433.0,280.0,280.0,78400.0,LABORAL,6,False
freeze_20260610_192142,baselines_full_20260718,naive,3,30,18,2025-06-18 07:30:00,2025-06-18 08:00:00,1,158.0,159.0,1.0,1.0,1.0,LABORAL,8,False
freeze_20260610_192142,baselines_full_20260718,naive,3,30,18,2025-06-19 16:30:00,2025-06-19 17:00:00,1,58.0,42.0,-16.0,16.0,256.0,LABORAL,17,False
freeze_20260610_192142,baselines_full_20260718,naive,3,30,18,2025-06-20 15:30:00,2025-06-20 16:00:00,1,131.0,118.0,-13.0,13.0,169.0,LABORAL,16,False
freeze_20260610_192142,baselines_full_20260718,naive,3,30,18,2025-06-22 05:00:00,2025-06-22 05:30:00,1,,,,,,DOMINGO,5,True
freeze_20260610_192142,baselines_full_20260718,naive,3,30,18,2025-06-23 13:00:00,2025-06-23 13:30:00,1,,,,,,FESTIVO_PUENTE,13,True
freeze_20260610_192142,baselines_full_20260718,naive,3,30,19,2025-06-24 15:00:00,2025-06-24 15:30:00,1,130.0,159.0,29.0,29.0,841.0,LABORAL,15,False
freeze_20260610_192142,baselines_full_20260718,naive,3,30,19,2025-06-26 06:30:00,2025-06-26 07:00:00,1,163.0,320.0,157.0,157.0,24649.0,LABORAL,7,False
freeze_20260610_192142,baselines_full_20260718,naive,3,30,19,2025-06-26 13:00:00,2025-06-26 13:30:00,1,162.0,103.0,-59.0,59.0,3481.0,LABORAL,13,False
freeze_20260610_192142,baselines_full_20260718,naive,3,30,19,2025-06-27 03:30:00,2025-06-27 04:00:00,1,,,,,,LABORAL,4,True
freeze_20260610_192142,baselines_full_20260718,naive,3,30,19,2025-06-28 16:00:00,2025-06-28 16:30:00,1,42.0,80.0,38.0,38.0,1444.0,SABADO,16,False
freeze_20260610_192142,baselines_full_20260718,naive,3,30,19,2025-06-29 15:00:00,2025-06-29 15:30:00,1,,95.0,,,,DOMINGO,15,True
freeze_20260610_192142,baselines_full_20260718,naive,3,30,19,2025-06-30 11:00:00,2025-06-30 11:30:00,1,23.0,22.0,-1.0,1.0,1.0,FESTIVO_PUENTE,11,False
freeze_20260610_192142,baselines_full_20260718,naive,3,30,19,2025-06-30 12:30:00,2025-06-30 13:00:00,1,49.0,21.0,-28.0,28.0,784.0,FESTIVO_PUENTE,13,False
freeze_20260610_192142,baselines_full_20260718,naive,3,30,19,2025-07-02 10:00:00,2025-07-02 10:30:00,1,157.0,94.0,-63.0,63.0,3969.0,LABORAL,10,False
freeze_20260610_192142,baselines_full_20260718,naive,3,30,19,2025-07-02 15:00:00,2025-07-02 15:30:00,1,62.0,162.0,100.0,100.0,10000.0,LABORAL,15,False
freeze_20260610_192142,baselines_full_20260718,naive,3,30,19,2025-07-03 04:30:00,2025-07-03 05:00:00,1,309.0,230.0,-79.0,79.0,6241.0,LABORAL,5,False
freeze_20260610_192142,baselines_full_20260718,naive,3,30,19,2025-07-03 06:30:00,2025-07-03 07:00:00,1,213.0,236.0,23.0,23.0,529.0,LABORAL,7,False
freeze_20260610_192142,baselines_full_20260718,naive,3,30,19,2025-07-04 06:00:00,2025-07-04 06:30:00,1,241.0,263.0,22.0,22.0,484.0,LABORAL,6,False
freeze_20260610_192142,baselines_full_20260718,naive,3,30,19,2025-07-05 03:30:00,2025-07-05 04:00:00,1,,,,,,SABADO,4,True
freeze_20260610_192142,baselines_full_20260718,naive,3,30,19,2025-07-06 07:00:00,2025-07-06 07:30:00,1,39.0,12.0,-27.0,27.0,729.0,DOMINGO,7,False
freeze_20260610_192142,baselines_full_20260718,naive,3,30,19,2025-07-06 14:00:00,2025-07-06 14:30:00,1,,57.0,,,,DOMINGO,14,True
freeze_20260610_192142,baselines_full_20260718,naive,3,30,20,2025-07-08 07:00:00,2025-07-08 07:30:00,1,149.0,257.0,108.0,108.0,11664.0,LABORAL,7,False
freeze_20260610_192142,baselines_full_20260718,naive,3,30,20,2025-07-09 08:30:00,2025-07-09 09:00:00,1,122.0,165.0,43.0,43.0,1849.0,LABORAL,9,False
freeze_20260610_192142,baselines_full_20260718,naive,3,30,20,2025-07-09 10:00:00,2025-07-09 10:30:00,1,115.0,88.0,-27.0,27.0,729.0,LABORAL,10,False
freeze_20260610_192142,baselines_full_20260718,naive,3,30,20,2025-07-10 08:00:00,2025-07-10 08:30:00,1,142.0,74.0,-68.0,68.0,4624.0,LABORAL,8,False
freeze_20260610_192142,baselines_full_20260718,naive,3,30,20,2025-07-11 06:00:00,2025-07-11 06:30:00,1,239.0,239.0,0.0,0.0,0.0,LABORAL,6,False
freeze_20260610_192142,baselines_full_20260718,naive,3,30,20,2025-07-13 15:00:00,2025-07-13 15:30:00,1,23.0,25.0,2.0,2.0,4.0,DOMINGO,15,False
freeze_20260610_192142,baselines_full_20260718,naive,3,30,20,2025-07-14 08:00:00,2025-07-14 08:30:00,1,195.0,121.0,-74.0,74.0,5476.0,LABORAL,8,False
freeze_20260610_192142,baselines_full_20260718,naive,3,30,20,2025-07-14 08:30:00,2025-07-14 09:00:00,1,156.0,195.0,39.0,39.0,1521.0,LABORAL,9,False
freeze_20260610_192142,baselines_full_20260718,naive,3,30,20,2025-07-14 12:30:00,2025-07-14 13:00:00,1,144.0,134.0,-10.0,10.0,100.0,LABORAL,13,False
freeze_20260610_192142,baselines_full_20260718,naive,3,30,20,2025-07-16 09:00:00,2025-07-16 09:30:00,1,129.0,150.0,21.0,21.0,441.0,LABORAL,9,False
freeze_20260610_192142,baselines_full_20260718,naive,3,30,20,2025-07-16 11:30:00,2025-07-16 12:00:00,1,91.0,125.0,34.0,34.0,1156.0,LABORAL,12,False
freeze_20260610_192142,baselines_full_20260718,naive,3,30,20,2025-07-17 05:30:00,2025-07-17 06:00:00,1,230.0,334.0,104.0,104.0,10816.0,LABORAL,6,False
freeze_20260610_192142,baselines_full_20260718,naive,3,30,20,2025-07-17 07:30:00,2025-07-17 08:00:00,1,182.0,100.0,-82.0,82.0,6724.0,LABORAL,8,False
freeze_20260610_192142,baselines_full_20260718,naive,3,30,20,2025-07-17 12:00:00,2025-07-17 12:30:00,1,161.0,115.0,-46.0,46.0,2116.0,LABORAL,12,False
freeze_20260610_192142,baselines_full_20260718,naive,3,30,20,2025-07-18 14:30:00,2025-07-18 15:00:00,1,157.0,118.0,-39.0,39.0,1521.0,LABORAL,15,False
freeze_20260610_192142,baselines_full_20260718,naive,3,30,20,2025-07-19 09:00:00,2025-07-19 09:30:00,1,139.0,46.0,-93.0,93.0,8649.0,SABADO,9,False
freeze_20260610_192142,baselines_full_20260718,naive,3,30,20,2025-07-19 13:30:00,2025-07-19 14:00:00,1,,103.0,,,,SABADO,14,True
freeze_20260610_192142,baselines_full_20260718,naive,3,30,20,2025-07-20 04:30:00,2025-07-20 05:00:00,1,,,,,,FESTIVO,5,True
freeze_20260610_192142,baselines_full_20260718,naive,3,30,20,2025-07-21 08:30:00,2025-07-21 09:00:00,1,155.0,136.0,-19.0,19.0,361.0,LABORAL,9,False
freeze_20260610_192142,baselines_full_20260718,naive,3,30,21,2025-07-22 07:30:00,2025-07-22 08:00:00,1,101.0,167.0,66.0,66.0,4356.0,LABORAL,8,False
freeze_20260610_192142,baselines_full_20260718,naive,3,30,21,2025-07-24 09:30:00,2025-07-24 10:00:00,1,139.0,68.0,-71.0,71.0,5041.0,LABORAL,10,False
freeze_20260610_192142,baselines_full_20260718,naive,3,30,21,2025-07-25 04:00:00,2025-07-25 04:30:00,1,157.0,40.0,-117.0,117.0,13689.0,LABORAL,4,False
freeze_20260610_192142,baselines_full_20260718,naive,3,30,21,2025-07-25 12:00:00,2025-07-25 12:30:00,1,120.0,195.0,75.0,75.0,5625.0,LABORAL,12,False
freeze_20260610_192142,baselines_full_20260718,naive,3,30,21,2025-07-27 06:00:00,2025-07-27 06:30:00,1,,,,,,DOMINGO,6,True
freeze_20260610_192142,baselines_full_20260718,naive,3,30,21,2025-07-28 08:30:00,2025-07-28 09:00:00,1,149.0,131.0,-18.0,18.0,324.0,LABORAL,9,False
freeze_20260610_192142,baselines_full_20260718,naive,3,30,21,2025-07-28 12:30:00,2025-07-28 13:00:00,1,100.0,133.0,33.0,33.0,1089.0,LABORAL,13,False
freeze_20260610_192142,baselines_full_20260718,naive,3,30,21,2025-07-28 15:30:00,2025-07-28 16:00:00,1,21.0,171.0,150.0,150.0,22500.0,LABORAL,16,False
freeze_20260610_192142,baselines_full_20260718,naive,3,30,21,2025-07-28 17:30:00,2025-07-28 18:00:00,1,,,,,,LABORAL,18,True
freeze_20260610_192142,baselines_full_20260718,naive,3,30,21,2025-08-01 04:00:00,2025-08-01 04:30:00,1,213.0,44.0,-169.0,169.0,28561.0,LABORAL,4,False
freeze_20260610_192142,baselines_full_20260718,naive,3,30,21,2025-08-01 08:00:00,2025-08-01 08:30:00,1,179.0,145.0,-34.0,34.0,1156.0,LABORAL,8,False
freeze_20260610_192142,baselines_full_20260718,naive,3,30,21,2025-08-03 12:00:00,2025-08-03 12:30:00,1,,50.0,,,,DOMINGO,12,True
freeze_20260610_192142,baselines_full_20260718,naive,3,30,21,2025-08-04 12:00:00,2025-08-04 12:30:00,1,144.0,185.0,41.0,41.0,1681.0,LABORAL,12,False
freeze_20260610_192142,baselines_full_20260718,naive,3,30,22,2025-08-06 10:30:00,2025-08-06 11:00:00,1,124.0,131.0,7.0,7.0,49.0,LABORAL,11,False
freeze_20260610_192142,baselines_full_20260718,naive,3,30,22,2025-08-07 08:30:00,2025-08-07 09:00:00,1,47.0,28.0,-19.0,19.0,361.0,FESTIVO,9,False
freeze_20260610_192142,baselines_full_20260718,naive,3,30,22,2025-08-09 08:00:00,2025-08-09 08:30:00,1,121.0,83.0,-38.0,38.0,1444.0,SABADO,8,False
freeze_20260610_192142,baselines_full_20260718,naive,3,30,22,2025-08-10 10:00:00,2025-08-10 10:30:00,1,63.0,,,,,DOMINGO,10,False
freeze_20260610_192142,baselines_full_20260718,naive,3,30,22,2025-08-12 12:00:00,2025-08-12 12:30:00,1,242.0,96.0,-146.0,146.0,21316.0,LABORAL,12,False
freeze_20260610_192142,baselines_full_20260718,naive,3,30,22,2025-08-12 15:30:00,2025-08-12 16:00:00,1,84.0,222.0,138.0,138.0,19044.0,LABORAL,16,False
freeze_20260610_192142,baselines_full_20260718,naive,3,30,22,2025-08-13 04:30:00,2025-08-13 05:00:00,1,225.0,240.0,15.0,15.0,225.0,LABORAL,5,False
freeze_20260610_192142,baselines_full_20260718,naive,3,30,22,2025-08-13 07:30:00,2025-08-13 08:00:00,1,127.0,195.0,68.0,68.0,4624.0,LABORAL,8,False
freeze_20260610_192142,baselines_full_20260718,naive,3,30,22,2025-08-14 09:30:00,2025-08-14 10:00:00,1,87.0,155.0,68.0,68.0,4624.0,LABORAL,10,False
freeze_20260610_192142,baselines_full_20260718,naive,3,30,22,2025-08-14 14:30:00,2025-08-14 15:00:00,1,123.0,89.0,-34.0,34.0,1156.0,LABORAL,15,False
freeze_20260610_192142,baselines_full_20260718,naive,3,30,22,2025-08-15 03:30:00,2025-08-15 04:00:00,1,,,,,,LABORAL,4,True
freeze_20260610_192142,baselines_full_20260718,naive,3,30,22,2025-08-16 14:30:00,2025-08-16 15:00:00,1,80.0,69.0,-11.0,11.0,121.0,SABADO,15,False
freeze_20260610_192142,baselines_full_20260718,naive,3,30,22,2025-08-17 13:30:00,2025-08-17 14:00:00,1,29.0,25.0,-4.0,4.0,16.0,DOMINGO,14,False
freeze_20260610_192142,baselines_full_20260718,naive,3,30,22,2025-08-17 15:00:00,2025-08-17 15:30:00,1,68.0,104.0,36.0,36.0,1296.0,DOMINGO,15,False
freeze_20260610_192142,baselines_full_20260718,naive,3,30,23,2025-08-19 10:00:00,2025-08-19 10:30:00,1,133.0,124.0,-9.0,9.0,81.0,LABORAL,10,False
freeze_20260610_192142,baselines_full_20260718,naive,3,30,23,2025-08-21 05:30:00,2025-08-21 06:00:00,1,335.0,312.0,-23.0,23.0,529.0,LABORAL,6,False
freeze_20260610_192142,baselines_full_20260718,naive,3,30,23,2025-08-21 07:00:00,2025-08-21 07:30:00,1,128.0,228.0,100.0,100.0,10000.0,LABORAL,7,False
freeze_20260610_192142,baselines_full_20260718,naive,3,30,23,2025-08-21 13:00:00,2025-08-21 13:30:00,1,90.0,197.0,107.0,107.0,11449.0,LABORAL,13,False
freeze_20260610_192142,baselines_full_20260718,naive,3,30,23,2025-08-22 17:30:00,2025-08-22 18:00:00,1,,30.0,,,,LABORAL,18,True
freeze_20260610_192142,baselines_full_20260718,naive,3,30,23,2025-08-23 07:30:00,2025-08-23 08:00:00,1,98.0,136.0,38.0,38.0,1444.0,SABADO,8,False
freeze_20260610_192142,baselines_full_20260718,naive,3,30,23,2025-08-23 14:00:00,2025-08-23 14:30:00,1,53.0,128.0,75.0,75.0,5625.0,SABADO,14,False
freeze_20260610_192142,baselines_full_20260718,naive,3,30,23,2025-08-24 07:00:00,2025-08-24 07:30:00,1,24.0,16.0,-8.0,8.0,64.0,DOMINGO,7,False
freeze_20260610_192142,baselines_full_20260718,naive,3,30,23,2025-08-24 12:00:00,2025-08-24 12:30:00,1,33.0,,,,,DOMINGO,12,False
freeze_20260610_192142,baselines_full_20260718,naive,3,30,23,2025-08-24 15:30:00,2025-08-24 16:00:00,1,21.0,25.0,4.0,4.0,16.0,DOMINGO,16,False
freeze_20260610_192142,baselines_full_20260718,naive,3,30,23,2025-08-27 03:30:00,2025-08-27 04:00:00,1,55.0,,,,,LABORAL,4,False
freeze_20260610_192142,baselines_full_20260718,naive,3,30,23,2025-08-27 05:00:00,2025-08-27 05:30:00,1,400.0,372.0,-28.0,28.0,784.0,LABORAL,5,False
freeze_20260610_192142,baselines_full_20260718,naive,3,30,23,2025-08-27 17:30:00,2025-08-27 18:00:00,1,,36.0,,,,LABORAL,18,True
freeze_20260610_192142,baselines_full_20260718,naive,3,30,23,2025-08-28 07:30:00,2025-08-28 08:00:00,1,192.0,177.0,-15.0,15.0,225.0,LABORAL,8,False
freeze_20260610_192142,baselines_full_20260718,naive,3,30,23,2025-08-28 10:00:00,2025-08-28 10:30:00,1,125.0,144.0,19.0,19.0,361.0,LABORAL,10,False
freeze_20260610_192142,baselines_full_20260718,naive,3,30,23,2025-08-29 10:30:00,2025-08-29 11:00:00,1,128.0,69.0,-59.0,59.0,3481.0,LABORAL,11,False
freeze_20260610_192142,baselines_full_20260718,naive,3,30,23,2025-08-29 13:00:00,2025-08-29 13:30:00,1,88.0,138.0,50.0,50.0,2500.0,LABORAL,13,False
freeze_20260610_192142,baselines_full_20260718,naive,3,30,23,2025-08-29 16:30:00,2025-08-29 17:00:00,1,37.0,116.0,79.0,79.0,6241.0,LABORAL,17,False
freeze_20260610_192142,baselines_full_20260718,naive,3,30,23,2025-08-31 14:00:00,2025-08-31 14:30:00,1,58.0,29.0,-29.0,29.0,841.0,DOMINGO,14,False
freeze_20260610_192142,baselines_full_20260718,naive,3,30,23,2025-09-01 12:00:00,2025-09-01 12:30:00,1,207.0,160.0,-47.0,47.0,2209.0,LABORAL,12,False
freeze_20260610_192142,baselines_full_20260718,naive,3,30,24,2025-09-02 05:00:00,2025-09-02 05:30:00,1,343.0,305.0,-38.0,38.0,1444.0,LABORAL,5,False
freeze_20260610_192142,baselines_full_20260718,naive,3,30,24,2025-09-02 10:30:00,2025-09-02 11:00:00,1,137.0,80.0,-57.0,57.0,3249.0,LABORAL,11,False
freeze_20260610_192142,baselines_full_20260718,naive,3,30,24,2025-09-02 13:30:00,2025-09-02 14:00:00,1,83.0,142.0,59.0,59.0,3481.0,LABORAL,14,False
freeze_20260610_192142,baselines_full_20260718,naive,3,30,24,2025-09-03 04:00:00,2025-09-03 04:30:00,1,173.0,56.0,-117.0,117.0,13689.0,LABORAL,4,False
freeze_20260610_192142,baselines_full_20260718,naive,3,30,24,2025-09-03 04:30:00,2025-09-03 05:00:00,1,232.0,173.0,-59.0,59.0,3481.0,LABORAL,5,False
freeze_20260610_192142,baselines_full_20260718,naive,3,30,24,2025-09-03 12:00:00,2025-09-03 12:30:00,1,129.0,266.0,137.0,137.0,18769.0,LABORAL,12,False
freeze_20260610_192142,baselines_full_20260718,naive,3,30,24,2025-09-04 12:30:00,2025-09-04 13:00:00,1,185.0,183.0,-2.0,2.0,4.0,LABORAL,13,False
freeze_20260610_192142,baselines_full_20260718,naive,3,30,24,2025-09-05 13:00:00,2025-09-05 13:30:00,1,101.0,153.0,52.0,52.0,2704.0,LABORAL,13,False
freeze_20260610_192142,baselines_full_20260718,naive,3,30,24,2025-09-05 13:30:00,2025-09-05 14:00:00,1,196.0,101.0,-95.0,95.0,9025.0,LABORAL,14,False
freeze_20260610_192142,baselines_full_20260718,naive,3,30,24,2025-09-08 16:30:00,2025-09-08 17:00:00,1,,63.0,,,,LABORAL,17,True
freeze_20260610_192142,baselines_full_20260718,naive,3,30,24,2025-09-10 11:30:00,2025-09-10 12:00:00,1,217.0,65.0,-152.0,152.0,23104.0,LABORAL,12,False
freeze_20260610_192142,baselines_full_20260718,naive,3,30,24,2025-09-11 06:00:00,2025-09-11 06:30:00,1,256.0,293.0,37.0,37.0,1369.0,LABORAL,6,False
freeze_20260610_192142,baselines_full_20260718,naive,3,30,24,2025-09-11 17:30:00,2025-09-11 18:00:00,1,,36.0,,,,LABORAL,18,True
freeze_20260610_192142,baselines_full_20260718,naive,3,30,24,2025-09-12 04:00:00,2025-09-12 04:30:00,1,175.0,47.0,-128.0,128.0,16384.0,LABORAL,4,False
freeze_20260610_192142,baselines_full_20260718,naive,3,30,24,2025-09-12 12:30:00,2025-09-12 13:00:00,1,202.0,103.0,-99.0,99.0,9801.0,LABORAL,13,False
freeze_20260610_192142,baselines_full_20260718,naive,3,30,24,2025-09-12 15:30:00,2025-09-12 16:00:00,1,183.0,150.0,-33.0,33.0,1089.0,LABORAL,16,False
freeze_20260610_192142,baselines_full_20260718,naive,3,30,24,2025-09-13 06:00:00,2025-09-13 06:30:00,1,228.0,198.0,-30.0,30.0,900.0,SABADO,6,False
freeze_20260610_192142,baselines_full_20260718,naive,3,30,24,2025-09-14 09:30:00,2025-09-14 10:00:00,1,21.0,72.0,51.0,51.0,2601.0,DOMINGO,10,False
freeze_20260610_192142,baselines_full_20260718,naive,3,30,24,2025-09-15 05:00:00,2025-09-15 05:30:00,1,272.0,307.0,35.0,35.0,1225.0,LABORAL,5,False
freeze_20260610_192142,baselines_full_20260718,naive,3,30,24,2025-09-15 05:30:00,2025-09-15 06:00:00,1,354.0,272.0,-82.0,82.0,6724.0,LABORAL,6,False
freeze_20260610_192142,baselines_full_20260718,naive,3,30,24,2025-09-15 06:00:00,2025-09-15 06:30:00,1,246.0,354.0,108.0,108.0,11664.0,LABORAL,6,False
freeze_20260610_192142,baselines_full_20260718,naive,3,30,24,2025-09-15 16:00:00,2025-09-15 16:30:00,1,106.0,48.0,-58.0,58.0,3364.0,LABORAL,16,False
freeze_20260610_192142,baselines_full_20260718,naive,3,30,25,2025-09-16 12:00:00,2025-09-16 12:30:00,1,100.0,200.0,100.0,100.0,10000.0,LABORAL,12,False
freeze_20260610_192142,baselines_full_20260718,naive,3,30,25,2025-09-17 08:00:00,2025-09-17 08:30:00,1,111.0,169.0,58.0,58.0,3364.0,LABORAL,8,False
freeze_20260610_192142,baselines_full_20260718,naive,3,30,25,2025-09-19 11:00:00,2025-09-19 11:30:00,1,133.0,133.0,0.0,0.0,0.0,LABORAL,11,False
freeze_20260610_192142,baselines_full_20260718,naive,3,30,25,2025-09-20 11:30:00,2025-09-20 12:00:00,1,119.0,55.0,-64.0,64.0,4096.0,SABADO,12,False
freeze_20260610_192142,baselines_full_20260718,naive,3,30,25,2025-09-22 09:30:00,2025-09-22 10:00:00,1,140.0,248.0,108.0,108.0,11664.0,LABORAL,10,False
freeze_20260610_192142,baselines_full_20260718,naive,3,30,25,2025-09-23 04:30:00,2025-09-23 05:00:00,1,371.0,124.0,-247.0,247.0,61009.0,LABORAL,5,False
freeze_20260610_192142,baselines_full_20260718,naive,3,30,25,2025-09-23 07:30:00,2025-09-23 08:00:00,1,243.0,154.0,-89.0,89.0,7921.0,LABORAL,8,False
freeze_20260610_192142,baselines_full_20260718,naive,3,30,25,2025-09-24 09:00:00,2025-09-24 09:30:00,1,179.0,88.0,-91.0,91.0,8281.0,LABORAL,9,False
freeze_20260610_192142,baselines_full_20260718,naive,3,30,25,2025-09-24 11:00:00,2025-09-24 11:30:00,1,211.0,78.0,-133.0,133.0,17689.0,LABORAL,11,False
freeze_20260610_192142,baselines_full_20260718,naive,3,30,25,2025-09-24 13:30:00,2025-09-24 14:00:00,1,146.0,94.0,-52.0,52.0,2704.0,LABORAL,14,False
freeze_20260610_192142,baselines_full_20260718,naive,3,30,25,2025-09-25 03:30:00,2025-09-25 04:00:00,1,50.0,,,,,LABORAL,4,False
freeze_20260610_192142,baselines_full_20260718,naive,3,30,25,2025-09-28 06:00:00,2025-09-28 06:30:00,1,19.0,,,,,DOMINGO,6,False
freeze_20260610_192142,baselines_full_20260718,naive,3,30,26,2025-09-30 13:00:00,2025-09-30 13:30:00,1,134.0,194.0,60.0,60.0,3600.0,LABORAL,13,False
freeze_20260610_192142,baselines_full_20260718,naive,3,30,26,2025-10-01 05:30:00,2025-10-01 06:00:00,1,282.0,352.0,70.0,70.0,4900.0,LABORAL,6,False
freeze_20260610_192142,baselines_full_20260718,naive,3,30,26,2025-10-02 11:00:00,2025-10-02 11:30:00,1,147.0,127.0,-20.0,20.0,400.0,LABORAL,11,False
freeze_20260610_192142,baselines_full_20260718,naive,3,30,26,2025-10-02 16:00:00,2025-10-02 16:30:00,1,135.0,136.0,1.0,1.0,1.0,LABORAL,16,False
freeze_20260610_192142,baselines_full_20260718,naive,3,30,26,2025-10-04 09:00:00,2025-10-04 09:30:00,1,55.0,144.0,89.0,89.0,7921.0,SABADO,9,False
freeze_20260610_192142,baselines_full_20260718,naive,3,30,26,2025-10-05 10:00:00,2025-10-05 10:30:00,1,22.0,37.0,15.0,15.0,225.0,DOMINGO,10,False
freeze_20260610_192142,baselines_full_20260718,naive,3,30,26,2025-10-06 12:00:00,2025-10-06 12:30:00,1,216.0,165.0,-51.0,51.0,2601.0,LABORAL,12,False
freeze_20260610_192142,baselines_full_20260718,naive,3,30,26,2025-10-08 05:00:00,2025-10-08 05:30:00,1,373.0,155.0,-218.0,218.0,47524.0,LABORAL,5,False
freeze_20260610_192142,baselines_full_20260718,naive,3,30,26,2025-10-08 08:30:00,2025-10-08 09:00:00,1,26.0,171.0,145.0,145.0,21025.0,LABORAL,9,False
freeze_20260610_192142,baselines_full_20260718,naive,3,30,26,2025-10-09 06:00:00,2025-10-09 06:30:00,1,264.0,252.0,-12.0,12.0,144.0,LABORAL,6,False
freeze_20260610_192142,baselines_full_20260718,naive,3,30,26,2025-10-09 13:30:00,2025-10-09 14:00:00,1,65.0,166.0,101.0,101.0,10201.0,LABORAL,14,False
freeze_20260610_192142,baselines_full_20260718,naive,3,30,26,2025-10-10 05:30:00,2025-10-10 06:00:00,1,297.0,266.0,-31.0,31.0,961.0,LABORAL,6,False
freeze_20260610_192142,baselines_full_20260718,naive,3,30,26,2025-10-10 07:30:00,2025-10-10 08:00:00,1,99.0,149.0,50.0,50.0,2500.0,LABORAL,8,False
freeze_20260610_192142,baselines_full_20260718,naive,3,30,26,2025-10-10 09:30:00,2025-10-10 10:00:00,1,124.0,129.0,5.0,5.0,25.0,LABORAL,10,False
freeze_20260610_192142,baselines_full_20260718,naive,3,30,26,2025-10-10 10:00:00,2025-10-10 10:30:00,1,128.0,124.0,-4.0,4.0,16.0,LABORAL,10,False
freeze_20260610_192142,baselines_full_20260718,naive,3,30,26,2025-10-10 12:00:00,2025-10-10 12:30:00,1,127.0,188.0,61.0,61.0,3721.0,LABORAL,12,False
freeze_20260610_192142,baselines_full_20260718,naive,3,30,26,2025-10-12 13:30:00,2025-10-12 14:00:00,1,,32.0,,,,DOMINGO,14,True
freeze_20260610_192142,baselines_full_20260718,naive,3,30,26,2025-10-13 04:30:00,2025-10-13 05:00:00,1,,,,,,FESTIVO_PUENTE,5,True
freeze_20260610_192142,baselines_full_20260718,naive,3,30,26,2025-10-13 09:00:00,2025-10-13 09:30:00,1,61.0,17.0,-44.0,44.0,1936.0,FESTIVO_PUENTE,9,False
freeze_20260610_192142,baselines_full_20260718,naive,3,30,26,2025-10-13 12:00:00,2025-10-13 12:30:00,1,,31.0,,,,FESTIVO_PUENTE,12,True
freeze_20260610_192142,baselines_full_20260718,naive,3,30,27,2025-10-14 08:30:00,2025-10-14 09:00:00,1,225.0,176.0,-49.0,49.0,2401.0,LABORAL,9,False
freeze_20260610_192142,baselines_full_20260718,naive,3,30,27,2025-10-15 14:00:00,2025-10-15 14:30:00,1,137.0,113.0,-24.0,24.0,576.0,LABORAL,14,False
freeze_20260610_192142,baselines_full_20260718,naive,3,30,27,2025-10-18 05:00:00,2025-10-18 05:30:00,1,172.0,190.0,18.0,18.0,324.0,SABADO,5,False
freeze_20260610_192142,baselines_full_20260718,naive,3,30,27,2025-10-19 08:30:00,2025-10-19 09:00:00,1,23.0,28.0,5.0,5.0,25.0,DOMINGO,9,False
freeze_20260610_192142,baselines_full_20260718,naive,3,30,27,2025-10-20 09:30:00,2025-10-20 10:00:00,1,151.0,135.0,-16.0,16.0,256.0,LABORAL,10,False
freeze_20260610_192142,baselines_full_20260718,naive,3,30,27,2025-10-21 07:00:00,2025-10-21 07:30:00,1,183.0,171.0,-12.0,12.0,144.0,LABORAL,7,False
freeze_20260610_192142,baselines_full_20260718,naive,3,30,27,2025-10-22 09:30:00,2025-10-22 10:00:00,1,109.0,120.0,11.0,11.0,121.0,LABORAL,10,False
freeze_20260610_192142,baselines_full_20260718,naive,3,30,27,2025-10-24 06:00:00,2025-10-24 06:30:00,1,212.0,312.0,100.0,100.0,10000.0,LABORAL,6,False
freeze_20260610_192142,baselines_full_20260718,naive,3,30,27,2025-10-24 06:30:00,2025-10-24 07:00:00,1,160.0,212.0,52.0,52.0,2704.0,LABORAL,7,False
freeze_20260610_192142,baselines_full_20260718,naive,3,30,27,2025-10-25 12:00:00,2025-10-25 12:30:00,1,,133.0,,,,SABADO,12,True
freeze_20260610_192142,baselines_full_20260718,naive,3,30,27,2025-10-26 12:30:00,2025-10-26 13:00:00,1,,30.0,,,,DOMINGO,13,True
freeze_20260610_192142,baselines_full_20260718,naive,3,30,28,2025-10-28 08:00:00,2025-10-28 08:30:00,1,180.0,178.0,-2.0,2.0,4.0,LABORAL,8,False
freeze_20260610_192142,baselines_full_20260718,naive,3,30,28,2025-10-29 11:30:00,2025-10-29 12:00:00,1,139.0,148.0,9.0,9.0,81.0,LABORAL,12,False
freeze_20260610_192142,baselines_full_20260718,naive,3,30,28,2025-10-30 04:00:00,2025-10-30 04:30:00,1,149.0,55.0,-94.0,94.0,8836.0,LABORAL,4,False
freeze_20260610_192142,baselines_full_20260718,naive,3,30,28,2025-10-30 17:00:00,2025-10-30 17:30:00,1,29.0,59.0,30.0,30.0,900.0,LABORAL,17,False
freeze_20260610_192142,baselines_full_20260718,naive,3,30,28,2025-11-06 11:00:00,2025-11-06 11:30:00,1,158.0,187.0,29.0,29.0,841.0,LABORAL,11,False
freeze_20260610_192142,baselines_full_20260718,naive,3,30,28,2025-11-08 08:00:00,2025-11-08 08:30:00,1,135.0,145.0,10.0,10.0,100.0,SABADO,8,False
freeze_20260610_192142,baselines_full_20260718,naive,3,30,28,2025-11-08 14:30:00,2025-11-08 15:00:00,1,61.0,28.0,-33.0,33.0,1089.0,SABADO,15,False
freeze_20260610_192142,baselines_full_20260718,naive,3,30,28,2025-11-09 16:00:00,2025-11-09 16:30:00,1,,26.0,,,,DOMINGO,16,True
freeze_20260610_192142,baselines_full_20260718,naive,3,30,29,2025-11-11 04:00:00,2025-11-11 04:30:00,1,178.0,48.0,-130.0,130.0,16900.0,LABORAL,4,False
freeze_20260610_192142,baselines_full_20260718,naive,3,30,29,2025-11-14 04:00:00,2025-11-14 04:30:00,1,115.0,48.0,-67.0,67.0,4489.0,LABORAL,4,False
freeze_20260610_192142,baselines_full_20260718,naive,3,30,29,2025-11-15 12:30:00,2025-11-15 13:00:00,1,75.0,59.0,-16.0,16.0,256.0,SABADO,13,False
freeze_20260610_192142,baselines_full_20260718,naive,3,30,29,2025-11-16 13:30:00,2025-11-16 14:00:00,1,38.0,23.0,-15.0,15.0,225.0,DOMINGO,14,False
freeze_20260610_192142,baselines_full_20260718,naive,3,30,29,2025-11-17 11:00:00,2025-11-17 11:30:00,1,29.0,,,,,FESTIVO_PUENTE,11,False
freeze_20260610_192142,baselines_full_20260718,naive,3,30,29,2025-11-18 05:30:00,2025-11-18 06:00:00,1,416.0,240.0,-176.0,176.0,30976.0,LABORAL,6,False
freeze_20260610_192142,baselines_full_20260718,naive,3,30,29,2025-11-19 16:00:00,2025-11-19 16:30:00,1,141.0,70.0,-71.0,71.0,5041.0,LABORAL,16,False
freeze_20260610_192142,baselines_full_20260718,naive,3,30,29,2025-11-20 06:00:00,2025-11-20 06:30:00,1,255.0,234.0,-21.0,21.0,441.0,LABORAL,6,False
freeze_20260610_192142,baselines_full_20260718,naive,3,30,29,2025-11-21 04:30:00,2025-11-21 05:00:00,1,373.0,152.0,-221.0,221.0,48841.0,LABORAL,5,False
freeze_20260610_192142,baselines_full_20260718,naive,3,30,29,2025-11-21 07:00:00,2025-11-21 07:30:00,1,122.0,141.0,19.0,19.0,361.0,LABORAL,7,False
freeze_20260610_192142,baselines_full_20260718,naive,3,30,29,2025-11-22 08:00:00,2025-11-22 08:30:00,1,77.0,127.0,50.0,50.0,2500.0,SABADO,8,False
freeze_20260610_192142,baselines_full_20260718,naive,3,30,29,2025-11-23 07:30:00,2025-11-23 08:00:00,1,35.0,31.0,-4.0,4.0,16.0,DOMINGO,8,False
freeze_20260610_192142,baselines_full_20260718,naive,3,30,29,2025-11-23 11:30:00,2025-11-23 12:00:00,1,19.0,24.0,5.0,5.0,25.0,DOMINGO,12,False
freeze_20260610_192142,baselines_full_20260718,naive,3,30,29,2025-11-24 09:30:00,2025-11-24 10:00:00,1,204.0,105.0,-99.0,99.0,9801.0,LABORAL,10,False
freeze_20260610_192142,baselines_full_20260718,naive,3,30,30,2025-11-25 06:00:00,2025-11-25 06:30:00,1,216.0,359.0,143.0,143.0,20449.0,LABORAL,6,False
freeze_20260610_192142,baselines_full_20260718,naive,3,30,30,2025-11-25 16:00:00,2025-11-25 16:30:00,1,120.0,134.0,14.0,14.0,196.0,LABORAL,16,False
freeze_20260610_192142,baselines_full_20260718,naive,3,30,30,2025-11-26 17:30:00,2025-11-26 18:00:00,1,,,,,,LABORAL,18,True
freeze_20260610_192142,baselines_full_20260718,naive,3,30,30,2025-11-28 05:30:00,2025-11-28 06:00:00,1,318.0,216.0,-102.0,102.0,10404.0,LABORAL,6,False
freeze_20260610_192142,baselines_full_20260718,naive,3,30,30,2025-11-30 06:00:00,2025-11-30 06:30:00,1,,,,,,DOMINGO,6,True
freeze_20260610_192142,baselines_full_20260718,naive,3,30,30,2025-11-30 12:30:00,2025-11-30 13:00:00,1,44.0,35.0,-9.0,9.0,81.0,DOMINGO,13,False
freeze_20260610_192142,baselines_full_20260718,naive,3,30,30,2025-12-02 07:00:00,2025-12-02 07:30:00,1,113.0,180.0,67.0,67.0,4489.0,LABORAL,7,False
freeze_20260610_192142,baselines_full_20260718,naive,3,30,30,2025-12-04 05:00:00,2025-12-04 05:30:00,1,210.0,348.0,138.0,138.0,19044.0,LABORAL,5,False
freeze_20260610_192142,baselines_full_20260718,naive,3,30,30,2025-12-06 06:00:00,2025-12-06 06:30:00,1,257.0,242.0,-15.0,15.0,225.0,SABADO,6,False
freeze_20260610_192142,baselines_full_20260718,naive,3,30,31,2025-12-09 04:30:00,2025-12-09 05:00:00,1,280.0,170.0,-110.0,110.0,12100.0,LABORAL,5,False
freeze_20260610_192142,baselines_full_20260718,naive,3,30,31,2025-12-12 06:00:00,2025-12-12 06:30:00,1,101.0,394.0,293.0,293.0,85849.0,LABORAL,6,False
freeze_20260610_192142,baselines_full_20260718,naive,3,30,31,2025-12-12 10:30:00,2025-12-12 11:00:00,1,65.0,172.0,107.0,107.0,11449.0,LABORAL,11,False
freeze_20260610_192142,baselines_full_20260718,naive,3,30,31,2025-12-13 15:30:00,2025-12-13 16:00:00,1,51.0,57.0,6.0,6.0,36.0,SABADO,16,False
freeze_20260610_192142,baselines_full_20260718,naive,3,30,31,2025-12-14 08:30:00,2025-12-14 09:00:00,1,47.0,,,,,DOMINGO,9,False
freeze_20260610_192142,baselines_full_20260718,naive,3,30,31,2025-12-14 14:00:00,2025-12-14 14:30:00,1,25.0,41.0,16.0,16.0,256.0,DOMINGO,14,False
freeze_20260610_192142,baselines_full_20260718,naive,3,30,31,2025-12-18 05:30:00,2025-12-18 06:00:00,1,297.0,158.0,-139.0,139.0,19321.0,LABORAL,6,False
freeze_20260610_192142,baselines_full_20260718,naive,3,30,31,2025-12-18 16:00:00,2025-12-18 16:30:00,1,103.0,94.0,-9.0,9.0,81.0,LABORAL,16,False
freeze_20260610_192142,baselines_full_20260718,naive,3,30,31,2025-12-19 05:30:00,2025-12-19 06:00:00,1,246.0,297.0,51.0,51.0,2601.0,LABORAL,6,False
freeze_20260610_192142,baselines_full_20260718,naive,3,30,31,2025-12-19 10:00:00,2025-12-19 10:30:00,1,86.0,193.0,107.0,107.0,11449.0,LABORAL,10,False
freeze_20260610_192142,baselines_full_20260718,naive,3,30,31,2025-12-19 14:30:00,2025-12-19 15:00:00,1,190.0,236.0,46.0,46.0,2116.0,LABORAL,15,False
freeze_20260610_192142,baselines_full_20260718,naive,3,30,31,2025-12-20 12:00:00,2025-12-20 12:30:00,1,92.0,68.0,-24.0,24.0,576.0,SABADO,12,False
freeze_20260610_192142,baselines_full_20260718,naive,3,30,31,2025-12-21 07:30:00,2025-12-21 08:00:00,1,41.0,22.0,-19.0,19.0,361.0,DOMINGO,8,False
freeze_20260610_192142,baselines_full_20260718,naive,3,30,32,2025-12-23 05:30:00,2025-12-23 06:00:00,1,368.0,199.0,-169.0,169.0,28561.0,LABORAL,6,False
freeze_20260610_192142,baselines_full_20260718,naive,3,30,32,2025-12-23 13:00:00,2025-12-23 13:30:00,1,98.0,150.0,52.0,52.0,2704.0,LABORAL,13,False
freeze_20260610_192142,baselines_full_20260718,naive,3,30,32,2025-12-25 06:30:00,2025-12-25 07:00:00,1,11.0,,,,,FESTIVO,7,False
freeze_20260610_192142,baselines_full_20260718,naive,3,30,32,2025-12-26 06:00:00,2025-12-26 06:30:00,1,88.0,342.0,254.0,254.0,64516.0,LABORAL,6,False
freeze_20260610_192142,baselines_full_20260718,naive,3,30,32,2025-12-26 09:00:00,2025-12-26 09:30:00,1,124.0,113.0,-11.0,11.0,121.0,LABORAL,9,False
freeze_20260610_192142,baselines_full_20260718,naive,3,30,32,2025-12-26 11:30:00,2025-12-26 12:00:00,1,152.0,47.0,-105.0,105.0,11025.0,LABORAL,12,False
freeze_20260610_192142,baselines_full_20260718,naive,3,30,32,2025-12-26 13:30:00,2025-12-26 14:00:00,1,119.0,76.0,-43.0,43.0,1849.0,LABORAL,14,False
freeze_20260610_192142,baselines_full_20260718,naive,3,30,32,2025-12-26 14:00:00,2025-12-26 14:30:00,1,176.0,119.0,-57.0,57.0,3249.0,LABORAL,14,False
freeze_20260610_192142,baselines_full_20260718,naive,3,30,32,2025-12-28 05:00:00,2025-12-28 05:30:00,1,,,,,,DOMINGO,5,True
freeze_20260610_192142,baselines_full_20260718,naive,3,30,32,2025-12-29 08:00:00,2025-12-29 08:30:00,1,161.0,146.0,-15.0,15.0,225.0,LABORAL,8,False
freeze_20260610_192142,baselines_full_20260718,naive,3,30,32,2025-12-30 07:30:00,2025-12-30 08:00:00,1,81.0,170.0,89.0,89.0,7921.0,LABORAL,8,False
freeze_20260610_192142,baselines_full_20260718,naive,3,30,32,2026-01-02 07:00:00,2026-01-02 07:30:00,1,94.0,100.0,6.0,6.0,36.0,LABORAL,7,False
freeze_20260610_192142,baselines_full_20260718,naive,3,30,32,2026-01-03 13:30:00,2026-01-03 14:00:00,1,55.0,36.0,-19.0,19.0,361.0,SABADO,14,False
freeze_20260610_192142,baselines_full_20260718,naive,3,30,33,2026-01-06 04:30:00,2026-01-06 05:00:00,1,161.0,194.0,33.0,33.0,1089.0,LABORAL,5,False
freeze_20260610_192142,baselines_full_20260718,naive,3,30,33,2026-01-08 13:30:00,2026-01-08 14:00:00,1,126.0,79.0,-47.0,47.0,2209.0,LABORAL,14,False
freeze_20260610_192142,baselines_full_20260718,naive,3,30,33,2026-01-09 11:00:00,2026-01-09 11:30:00,1,127.0,118.0,-9.0,9.0,81.0,LABORAL,11,False
freeze_20260610_192142,baselines_full_20260718,naive,3,30,33,2026-01-10 06:00:00,2026-01-10 06:30:00,1,236.0,153.0,-83.0,83.0,6889.0,SABADO,6,False
freeze_20260610_192142,baselines_full_20260718,naive,3,30,33,2026-01-11 07:00:00,2026-01-11 07:30:00,1,19.0,56.0,37.0,37.0,1369.0,DOMINGO,7,False
freeze_20260610_192142,baselines_full_20260718,naive,3,30,33,2026-01-11 10:00:00,2026-01-11 10:30:00,1,75.0,30.0,-45.0,45.0,2025.0,DOMINGO,10,False
freeze_20260610_192142,baselines_full_20260718,naive,3,30,33,2026-01-11 14:00:00,2026-01-11 14:30:00,1,28.0,20.0,-8.0,8.0,64.0,DOMINGO,14,False
freeze_20260610_192142,baselines_full_20260718,naive,3,30,33,2026-01-12 05:00:00,2026-01-12 05:30:00,1,,,,,,FESTIVO_PUENTE,5,True
freeze_20260610_192142,baselines_full_20260718,naive,3,30,33,2026-01-14 07:30:00,2026-01-14 08:00:00,1,115.0,226.0,111.0,111.0,12321.0,LABORAL,8,False
freeze_20260610_192142,baselines_full_20260718,naive,3,30,33,2026-01-15 10:00:00,2026-01-15 10:30:00,1,87.0,138.0,51.0,51.0,2601.0,LABORAL,10,False
freeze_20260610_192142,baselines_full_20260718,naive,3,30,33,2026-01-16 11:30:00,2026-01-16 12:00:00,1,237.0,42.0,-195.0,195.0,38025.0,LABORAL,12,False
freeze_20260610_192142,baselines_full_20260718,naive,3,30,33,2026-01-16 16:00:00,2026-01-16 16:30:00,1,37.0,108.0,71.0,71.0,5041.0,LABORAL,16,False
freeze_20260610_192142,baselines_full_20260718,naive,3,30,33,2026-01-17 17:00:00,2026-01-17 17:30:00,1,,,,,,SABADO,17,True
freeze_20260610_192142,baselines_full_20260718,naive,3,30,33,2026-01-18 05:30:00,2026-01-18 06:00:00,1,,,,,,DOMINGO,6,True
freeze_20260610_192142,baselines_full_20260718,naive,3,30,34,2026-01-20 15:30:00,2026-01-20 16:00:00,1,165.0,107.0,-58.0,58.0,3364.0,LABORAL,16,False
freeze_20260610_192142,baselines_full_20260718,naive,3,30,34,2026-01-22 15:00:00,2026-01-22 15:30:00,1,129.0,124.0,-5.0,5.0,25.0,LABORAL,15,False
freeze_20260610_192142,baselines_full_20260718,naive,3,30,34,2026-01-22 16:00:00,2026-01-22 16:30:00,1,68.0,75.0,7.0,7.0,49.0,LABORAL,16,False
freeze_20260610_192142,baselines_full_20260718,naive,3,30,34,2026-01-23 04:30:00,2026-01-23 05:00:00,1,299.0,119.0,-180.0,180.0,32400.0,LABORAL,5,False
freeze_20260610_192142,baselines_full_20260718,naive,3,30,34,2026-01-23 10:30:00,2026-01-23 11:00:00,1,59.0,176.0,117.0,117.0,13689.0,LABORAL,11,False
freeze_20260610_192142,baselines_full_20260718,naive,3,30,34,2026-01-23 15:00:00,2026-01-23 15:30:00,1,102.0,64.0,-38.0,38.0,1444.0,LABORAL,15,False
freeze_20260610_192142,baselines_full_20260718,naive,3,30,34,2026-01-25 05:30:00,2026-01-25 06:00:00,1,,,,,,DOMINGO,6,True
freeze_20260610_192142,baselines_full_20260718,naive,3,30,34,2026-01-25 11:00:00,2026-01-25 11:30:00,1,,39.0,,,,DOMINGO,11,True
freeze_20260610_192142,baselines_full_20260718,naive,3,30,34,2026-01-26 10:00:00,2026-01-26 10:30:00,1,93.0,131.0,38.0,38.0,1444.0,LABORAL,10,False
freeze_20260610_192142,baselines_full_20260718,naive,3,30,34,2026-01-26 11:00:00,2026-01-26 11:30:00,1,94.0,126.0,32.0,32.0,1024.0,LABORAL,11,False
freeze_20260610_192142,baselines_full_20260718,naive,3,30,34,2026-01-27 07:00:00,2026-01-27 07:30:00,1,113.0,286.0,173.0,173.0,29929.0,LABORAL,7,False
freeze_20260610_192142,baselines_full_20260718,naive,3,30,34,2026-01-27 10:30:00,2026-01-27 11:00:00,1,115.0,153.0,38.0,38.0,1444.0,LABORAL,11,False
freeze_20260610_192142,baselines_full_20260718,naive,3,30,34,2026-01-29 09:30:00,2026-01-29 10:00:00,1,125.0,121.0,-4.0,4.0,16.0,LABORAL,10,False
freeze_20260610_192142,baselines_full_20260718,naive,3,30,34,2026-01-29 11:30:00,2026-01-29 12:00:00,1,201.0,141.0,-60.0,60.0,3600.0,LABORAL,12,False
freeze_20260610_192142,baselines_full_20260718,naive,3,30,34,2026-02-02 07:30:00,2026-02-02 08:00:00,1,176.0,151.0,-25.0,25.0,625.0,LABORAL,8,False
freeze_20260610_192142,baselines_full_20260718,naive,3,30,34,2026-02-02 15:00:00,2026-02-02 15:30:00,1,198.0,215.0,17.0,17.0,289.0,LABORAL,15,False
freeze_20260610_192142,baselines_full_20260718,naive,3,30,35,2026-02-03 11:30:00,2026-02-03 12:00:00,1,108.0,84.0,-24.0,24.0,576.0,LABORAL,12,False
freeze_20260610_192142,baselines_full_20260718,naive,3,30,35,2026-02-05 08:30:00,2026-02-05 09:00:00,1,92.0,139.0,47.0,47.0,2209.0,LABORAL,9,False
freeze_20260610_192142,baselines_full_20260718,naive,3,30,35,2026-02-05 12:30:00,2026-02-05 13:00:00,1,143.0,180.0,37.0,37.0,1369.0,LABORAL,13,False
freeze_20260610_192142,baselines_full_20260718,naive,3,30,35,2026-02-05 16:00:00,2026-02-05 16:30:00,1,78.0,89.0,11.0,11.0,121.0,LABORAL,16,False
freeze_20260610_192142,baselines_full_20260718,naive,3,30,35,2026-02-06 06:30:00,2026-02-06 07:00:00,1,158.0,249.0,91.0,91.0,8281.0,LABORAL,7,False
freeze_20260610_192142,baselines_full_20260718,naive,3,30,35,2026-02-06 08:30:00,2026-02-06 09:00:00,1,188.0,154.0,-34.0,34.0,1156.0,LABORAL,9,False
freeze_20260610_192142,baselines_full_20260718,naive,3,30,35,2026-02-09 09:00:00,2026-02-09 09:30:00,1,182.0,110.0,-72.0,72.0,5184.0,LABORAL,9,False
freeze_20260610_192142,baselines_full_20260718,naive,3,30,35,2026-02-09 11:30:00,2026-02-09 12:00:00,1,233.0,128.0,-105.0,105.0,11025.0,LABORAL,12,False
freeze_20260610_192142,baselines_full_20260718,naive,3,30,35,2026-02-13 15:30:00,2026-02-13 16:00:00,1,123.0,164.0,41.0,41.0,1681.0,LABORAL,16,False
freeze_20260610_192142,baselines_full_20260718,naive,3,30,35,2026-02-14 12:00:00,2026-02-14 12:30:00,1,39.0,77.0,38.0,38.0,1444.0,SABADO,12,False
freeze_20260610_192142,baselines_full_20260718,naive,3,30,35,2026-02-16 03:30:00,2026-02-16 04:00:00,1,50.0,,,,,LABORAL,4,False
freeze_20260610_192142,baselines_full_20260718,naive,3,30,35,2026-02-16 15:30:00,2026-02-16 16:00:00,1,96.0,112.0,16.0,16.0,256.0,LABORAL,16,False
freeze_20260610_192142,baselines_full_20260718,naive,3,30,36,2026-02-17 09:30:00,2026-02-17 10:00:00,1,198.0,122.0,-76.0,76.0,5776.0,LABORAL,10,False
freeze_20260610_192142,baselines_full_20260718,naive,3,30,36,2026-02-17 10:00:00,2026-02-17 10:30:00,1,141.0,198.0,57.0,57.0,3249.0,LABORAL,10,False
freeze_20260610_192142,baselines_full_20260718,naive,3,30,36,2026-02-18 14:30:00,2026-02-18 15:00:00,1,114.0,161.0,47.0,47.0,2209.0,LABORAL,15,False
freeze_20260610_192142,baselines_full_20260718,naive,3,30,36,2026-02-20 14:30:00,2026-02-20 15:00:00,1,34.0,,,,,LABORAL,15,False
freeze_20260610_192142,baselines_full_20260718,naive,3,30,36,2026-02-20 17:00:00,2026-02-20 17:30:00,1,,49.0,,,,LABORAL,17,True
freeze_20260610_192142,baselines_full_20260718,naive,3,30,36,2026-02-21 04:00:00,2026-02-21 04:30:00,1,81.0,38.0,-43.0,43.0,1849.0,SABADO,4,False
freeze_20260610_192142,baselines_full_20260718,naive,3,30,36,2026-02-22 06:00:00,2026-02-22 06:30:00,1,,,,,,DOMINGO,6,True
freeze_20260610_192142,baselines_full_20260718,naive,3,30,36,2026-02-22 12:00:00,2026-02-22 12:30:00,1,,27.0,,,,DOMINGO,12,True
freeze_20260610_192142,baselines_full_20260718,naive,3,30,36,2026-02-23 05:00:00,2026-02-23 05:30:00,1,248.0,333.0,85.0,85.0,7225.0,LABORAL,5,False
freeze_20260610_192142,baselines_full_20260718,naive,3,30,36,2026-02-24 10:00:00,2026-02-24 10:30:00,1,142.0,111.0,-31.0,31.0,961.0,LABORAL,10,False
freeze_20260610_192142,baselines_full_20260718,naive,3,30,36,2026-02-26 06:30:00,2026-02-26 07:00:00,1,189.0,146.0,-43.0,43.0,1849.0,LABORAL,7,False
freeze_20260610_192142,baselines_full_20260718,naive,3,30,36,2026-02-27 05:30:00,2026-02-27 06:00:00,1,238.0,227.0,-11.0,11.0,121.0,LABORAL,6,False
freeze_20260610_192142,baselines_full_20260718,naive,3,30,36,2026-02-28 04:00:00,2026-02-28 04:30:00,1,84.0,33.0,-51.0,51.0,2601.0,SABADO,4,False
freeze_20260610_192142,baselines_full_20260718,naive,3,30,36,2026-03-01 08:30:00,2026-03-01 09:00:00,1,,,,,,DOMINGO,9,True
freeze_20260610_192142,baselines_full_20260718,naive,3,30,37,2026-03-04 11:00:00,2026-03-04 11:30:00,1,134.0,121.0,-13.0,13.0,169.0,LABORAL,11,False
freeze_20260610_192142,baselines_full_20260718,naive,3,30,37,2026-03-05 10:30:00,2026-03-05 11:00:00,1,40.0,33.0,-7.0,7.0,49.0,LABORAL,11,False
freeze_20260610_192142,baselines_full_20260718,naive,3,30,37,2026-03-07 17:00:00,2026-03-07 17:30:00,1,,,,,,SABADO,17,True
freeze_20260610_192142,baselines_full_20260718,naive,3,30,37,2026-03-08 08:00:00,2026-03-08 08:30:00,1,,59.0,,,,DOMINGO,8,True
freeze_20260610_192142,baselines_full_20260718,naive,3,30,37,2026-03-09 15:30:00,2026-03-09 16:00:00,1,123.0,129.0,6.0,6.0,36.0,LABORAL,16,False
freeze_20260610_192142,baselines_full_20260718,naive,3,30,37,2026-03-09 16:30:00,2026-03-09 17:00:00,1,13.0,71.0,58.0,58.0,3364.0,LABORAL,17,False
freeze_20260610_192142,baselines_full_20260718,naive,3,30,37,2026-03-10 10:30:00,2026-03-10 11:00:00,1,113.0,121.0,8.0,8.0,64.0,LABORAL,11,False
freeze_20260610_192142,baselines_full_20260718,naive,3,30,37,2026-03-12 13:30:00,2026-03-12 14:00:00,1,129.0,62.0,-67.0,67.0,4489.0,LABORAL,14,False
freeze_20260610_192142,baselines_full_20260718,naive,3,30,37,2026-03-13 13:30:00,2026-03-13 14:00:00,1,174.0,162.0,-12.0,12.0,144.0,LABORAL,14,False
freeze_20260610_192142,baselines_full_20260718,naive,3,30,37,2026-03-15 04:00:00,2026-03-15 04:30:00,1,,,,,,DOMINGO,4,True
freeze_20260610_192142,baselines_full_20260718,naive,3,30,37,2026-03-16 16:00:00,2026-03-16 16:30:00,1,89.0,113.0,24.0,24.0,576.0,LABORAL,16,False
freeze_20260610_192142,baselines_full_20260718,naive,3,30,38,2026-03-18 13:00:00,2026-03-18 13:30:00,1,163.0,85.0,-78.0,78.0,6084.0,LABORAL,13,False
freeze_20260610_192142,baselines_full_20260718,naive,3,30,38,2026-03-20 05:00:00,2026-03-20 05:30:00,1,163.0,251.0,88.0,88.0,7744.0,LABORAL,5,False
freeze_20260610_192142,baselines_full_20260718,naive,3,30,38,2026-03-20 09:00:00,2026-03-20 09:30:00,1,35.0,143.0,108.0,108.0,11664.0,LABORAL,9,False
freeze_20260610_192142,baselines_full_20260718,naive,3,30,38,2026-03-21 05:00:00,2026-03-21 05:30:00,1,187.0,117.0,-70.0,70.0,4900.0,SABADO,5,False
freeze_20260610_192142,baselines_full_20260718,naive,3,30,38,2026-03-22 09:30:00,2026-03-22 10:00:00,1,50.0,22.0,-28.0,28.0,784.0,DOMINGO,10,False
freeze_20260610_192142,baselines_full_20260718,naive,3,30,38,2026-03-23 11:00:00,2026-03-23 11:30:00,1,16.0,27.0,11.0,11.0,121.0,FESTIVO_PUENTE,11,False
freeze_20260610_192142,baselines_full_20260718,naive,3,30,38,2026-03-24 10:00:00,2026-03-24 10:30:00,1,125.0,187.0,62.0,62.0,3844.0,LABORAL,10,False
freeze_20260610_192142,baselines_full_20260718,naive,3,30,38,2026-03-25 05:00:00,2026-03-25 05:30:00,1,232.0,209.0,-23.0,23.0,529.0,LABORAL,5,False
freeze_20260610_192142,baselines_full_20260718,naive,3,30,38,2026-03-26 17:00:00,2026-03-26 17:30:00,1,,52.0,,,,LABORAL,17,True
freeze_20260610_192142,baselines_full_20260718,naive,3,30,38,2026-03-27 05:30:00,2026-03-27 06:00:00,1,364.0,373.0,9.0,9.0,81.0,LABORAL,6,False
freeze_20260610_192142,baselines_full_20260718,naive,3,30,38,2026-03-28 07:30:00,2026-03-28 08:00:00,1,78.0,101.0,23.0,23.0,529.0,SABADO,8,False
freeze_20260610_192142,baselines_full_20260718,naive,3,30,38,2026-03-30 03:30:00,2026-03-30 04:00:00,1,39.0,,,,,LABORAL,4,False
freeze_20260610_192142,baselines_full_20260718,naive,3,30,38,2026-03-30 08:30:00,2026-03-30 09:00:00,1,131.0,41.0,-90.0,90.0,8100.0,LABORAL,9,False
freeze_20260610_192142,baselines_full_20260718,naive,3,30,38,2026-03-30 14:30:00,2026-03-30 15:00:00,1,158.0,168.0,10.0,10.0,100.0,LABORAL,15,False
freeze_20260610_192142,baselines_full_20260718,naive,3,30,test_final,2026-04-02 06:30:00,2026-04-02 07:00:00,1,26.0,,,,,FESTIVO,7,False
freeze_20260610_192142,baselines_full_20260718,naive,3,30,test_final,2026-04-02 12:00:00,2026-04-02 12:30:00,1,46.0,14.0,-32.0,32.0,1024.0,FESTIVO,12,False
freeze_20260610_192142,baselines_full_20260718,naive,3,30,test_final,2026-04-03 13:00:00,2026-04-03 13:30:00,1,,,,,,FESTIVO,13,True
freeze_20260610_192142,baselines_full_20260718,naive,3,30,test_final,2026-04-05 08:30:00,2026-04-05 09:00:00,1,,22.0,,,,DOMINGO,9,True
freeze_20260610_192142,baselines_full_20260718,naive,3,30,test_final,2026-04-06 09:00:00,2026-04-06 09:30:00,1,137.0,134.0,-3.0,3.0,9.0,LABORAL,9,False
freeze_20260610_192142,baselines_full_20260718,naive,3,30,test_final,2026-04-06 16:00:00,2026-04-06 16:30:00,1,119.0,125.0,6.0,6.0,36.0,LABORAL,16,False
freeze_20260610_192142,baselines_full_20260718,naive,3,30,test_final,2026-04-06 16:30:00,2026-04-06 17:00:00,1,,119.0,,,,LABORAL,17,True
freeze_20260610_192142,baselines_full_20260718,naive,3,30,test_final,2026-04-07 05:30:00,2026-04-07 06:00:00,1,358.0,270.0,-88.0,88.0,7744.0,LABORAL,6,False
freeze_20260610_192142,baselines_full_20260718,naive,3,30,test_final,2026-04-07 07:00:00,2026-04-07 07:30:00,1,200.0,214.0,14.0,14.0,196.0,LABORAL,7,False
freeze_20260610_192142,baselines_full_20260718,naive,3,30,test_final,2026-04-08 11:00:00,2026-04-08 11:30:00,1,121.0,98.0,-23.0,23.0,529.0,LABORAL,11,False
freeze_20260610_192142,baselines_full_20260718,naive,3,30,test_final,2026-04-10 14:00:00,2026-04-10 14:30:00,1,191.0,137.0,-54.0,54.0,2916.0,LABORAL,14,False
freeze_20260610_192142,baselines_full_20260718,naive,3,30,test_final,2026-04-10 14:30:00,2026-04-10 15:00:00,1,83.0,191.0,108.0,108.0,11664.0,LABORAL,15,False
freeze_20260610_192142,baselines_full_20260718,naive,3,30,test_final,2026-04-10 17:00:00,2026-04-10 17:30:00,1,,57.0,,,,LABORAL,17,True
freeze_20260610_192142,baselines_full_20260718,naive,3,30,test_final,2026-04-12 15:00:00,2026-04-12 15:30:00,1,,,,,,DOMINGO,15,True
freeze_20260610_192142,baselines_full_20260718,naive,3,30,test_final,2026-04-12 15:30:00,2026-04-12 16:00:00,1,,,,,,DOMINGO,16,True
freeze_20260610_192142,baselines_full_20260718,naive,3,30,test_final,2026-04-15 07:00:00,2026-04-15 07:30:00,1,186.0,162.0,-24.0,24.0,576.0,LABORAL,7,False
freeze_20260610_192142,baselines_full_20260718,naive,3,30,test_final,2026-04-15 11:00:00,2026-04-15 11:30:00,1,124.0,67.0,-57.0,57.0,3249.0,LABORAL,11,False
freeze_20260610_192142,baselines_full_20260718,naive,3,30,test_final,2026-04-16 04:00:00,2026-04-16 04:30:00,1,122.0,51.0,-71.0,71.0,5041.0,LABORAL,4,False
freeze_20260610_192142,baselines_full_20260718,naive,3,30,test_final,2026-04-17 14:30:00,2026-04-17 15:00:00,1,166.0,106.0,-60.0,60.0,3600.0,LABORAL,15,False
freeze_20260610_192142,baselines_full_20260718,naive,3,30,test_final,2026-04-18 14:30:00,2026-04-18 15:00:00,1,35.0,29.0,-6.0,6.0,36.0,SABADO,15,False
freeze_20260610_192142,baselines_full_20260718,naive,3,30,test_final,2026-04-19 09:00:00,2026-04-19 09:30:00,1,36.0,45.0,9.0,9.0,81.0,DOMINGO,9,False
freeze_20260610_192142,baselines_full_20260718,naive,3,30,test_final,2026-04-21 10:00:00,2026-04-21 10:30:00,1,154.0,131.0,-23.0,23.0,529.0,LABORAL,10,False
freeze_20260610_192142,baselines_full_20260718,naive,3,30,test_final,2026-04-21 16:00:00,2026-04-21 16:30:00,1,34.0,131.0,97.0,97.0,9409.0,LABORAL,16,False
freeze_20260610_192142,baselines_full_20260718,naive,3,30,test_final,2026-04-23 16:30:00,2026-04-23 17:00:00,1,32.0,,,,,LABORAL,17,False
freeze_20260610_192142,baselines_full_20260718,naive,3,30,test_final,2026-04-24 06:00:00,2026-04-24 06:30:00,1,320.0,202.0,-118.0,118.0,13924.0,LABORAL,6,False
freeze_20260610_192142,baselines_full_20260718,naive,3,30,test_final,2026-04-26 06:30:00,2026-04-26 07:00:00,1,28.0,,,,,DOMINGO,7,False
freeze_20260610_192142,baselines_full_20260718,naive,3,30,test_final,2026-04-26 14:00:00,2026-04-26 14:30:00,1,25.0,,,,,DOMINGO,14,False
freeze_20260610_192142,baselines_full_20260718,naive,3,30,test_final,2026-04-27 10:30:00,2026-04-27 11:00:00,1,111.0,79.0,-32.0,32.0,1024.0,LABORAL,11,False
freeze_20260610_192142,baselines_full_20260718,naive,3,30,test_final,2026-04-28 13:30:00,2026-04-28 14:00:00,1,195.0,75.0,-120.0,120.0,14400.0,LABORAL,14,False
freeze_20260610_192142,baselines_full_20260718,naive,3,30,test_final,2026-04-29 05:30:00,2026-04-29 06:00:00,1,291.0,237.0,-54.0,54.0,2916.0,LABORAL,6,False
freeze_20260610_192142,baselines_full_20260718,naive,3,30,test_final,2026-04-30 04:30:00,2026-04-30 05:00:00,1,353.0,124.0,-229.0,229.0,52441.0,LABORAL,5,False
freeze_20260610_192142,baselines_full_20260718,naive,3,30,test_final,2026-04-30 07:30:00,2026-04-30 08:00:00,1,195.0,145.0,-50.0,50.0,2500.0,LABORAL,8,False
freeze_20260610_192142,baselines_full_20260718,naive,3,30,test_final,2026-04-30 17:30:00,2026-04-30 18:00:00,1,,,,,,LABORAL,18,True
freeze_20260610_192142,baselines_full_20260718,naive,3,30,test_final,2026-05-02 04:00:00,2026-05-02 04:30:00,1,66.0,26.0,-40.0,40.0,1600.0,SABADO,4,False
freeze_20260610_192142,baselines_full_20260718,naive,3,30,test_final,2026-05-04 11:00:00,2026-05-04 11:30:00,1,195.0,68.0,-127.0,127.0,16129.0,LABORAL,11,False
freeze_20260610_192142,baselines_full_20260718,naive,3,30,test_final,2026-05-04 17:30:00,2026-05-04 18:00:00,1,,,,,,LABORAL,18,True
freeze_20260610_192142,baselines_full_20260718,naive,3,30,test_final,2026-05-06 14:30:00,2026-05-06 15:00:00,1,,90.0,,,,LABORAL,15,True
freeze_20260610_192142,baselines_full_20260718,naive,3,30,test_final,2026-05-06 16:00:00,2026-05-06 16:30:00,1,,,,,,LABORAL,16,True
freeze_20260610_192142,baselines_full_20260718,naive,3,30,test_final,2026-05-07 08:00:00,2026-05-07 08:30:00,1,142.0,77.0,-65.0,65.0,4225.0,LABORAL,8,False
freeze_20260610_192142,baselines_full_20260718,naive,3,30,test_final,2026-05-07 09:30:00,2026-05-07 10:00:00,1,170.0,45.0,-125.0,125.0,15625.0,LABORAL,10,False
freeze_20260610_192142,baselines_full_20260718,naive,3,30,test_final,2026-05-08 05:30:00,2026-05-08 06:00:00,1,345.0,167.0,-178.0,178.0,31684.0,LABORAL,6,False
freeze_20260610_192142,baselines_full_20260718,naive,3,30,test_final,2026-05-08 14:00:00,2026-05-08 14:30:00,1,146.0,129.0,-17.0,17.0,289.0,LABORAL,14,False
freeze_20260610_192142,baselines_full_20260718,naive,3,30,test_final,2026-05-09 06:30:00,2026-05-09 07:00:00,1,133.0,213.0,80.0,80.0,6400.0,SABADO,7,False
freeze_20260610_192142,baselines_full_20260718,naive,3,30,test_final,2026-05-09 10:30:00,2026-05-09 11:00:00,1,79.0,29.0,-50.0,50.0,2500.0,SABADO,11,False
freeze_20260610_192142,baselines_full_20260718,naive,3,30,test_final,2026-05-11 08:00:00,2026-05-11 08:30:00,1,22.0,198.0,176.0,176.0,30976.0,LABORAL,8,False
freeze_20260610_192142,baselines_full_20260718,naive,3,30,test_final,2026-05-13 11:00:00,2026-05-13 11:30:00,1,157.0,70.0,-87.0,87.0,7569.0,LABORAL,11,False
freeze_20260610_192142,baselines_full_20260718,naive,3,30,test_final,2026-05-15 16:00:00,2026-05-15 16:30:00,1,84.0,99.0,15.0,15.0,225.0,LABORAL,16,False
freeze_20260610_192142,baselines_full_20260718,naive,3,30,test_final,2026-05-18 05:00:00,2026-05-18 05:30:00,1,,,,,,FESTIVO_PUENTE,5,True
freeze_20260610_192142,baselines_full_20260718,naive,3,30,test_final,2026-05-21 09:30:00,2026-05-21 10:00:00,1,,,,,,LABORAL,10,True
freeze_20260610_192142,baselines_full_20260718,naive,3,30,test_final,2026-05-22 03:30:00,2026-05-22 04:00:00,1,41.0,,,,,LABORAL,4,False
freeze_20260610_192142,baselines_full_20260718,naive,3,30,test_final,2026-05-23 04:00:00,2026-05-23 04:30:00,1,120.0,22.0,-98.0,98.0,9604.0,SABADO,4,False
freeze_20260610_192142,baselines_full_20260718,naive,3,30,test_final,2026-05-23 09:00:00,2026-05-23 09:30:00,1,104.0,97.0,-7.0,7.0,49.0,SABADO,9,False
freeze_20260610_192142,baselines_full_20260718,naive,3,30,test_final,2026-05-23 09:30:00,2026-05-23 10:00:00,1,53.0,104.0,51.0,51.0,2601.0,SABADO,10,False
freeze_20260610_192142,baselines_full_20260718,naive,3,30,test_final,2026-05-24 11:00:00,2026-05-24 11:30:00,1,,74.0,,,,DOMINGO,11,True
freeze_20260610_192142,baselines_full_20260718,naive,3,30,test_final,2026-05-24 13:00:00,2026-05-24 13:30:00,1,23.0,,,,,DOMINGO,13,False
freeze_20260610_192142,baselines_full_20260718,naive,3,30,test_final,2026-05-26 14:30:00,2026-05-26 15:00:00,1,87.0,201.0,114.0,114.0,12996.0,LABORAL,15,False
freeze_20260610_192142,baselines_full_20260718,naive,3,30,test_final,2026-05-27 04:00:00,2026-05-27 04:30:00,1,215.0,42.0,-173.0,173.0,29929.0,LABORAL,4,False
freeze_20260610_192142,baselines_full_20260718,naive,3,30,test_final,2026-05-27 06:00:00,2026-05-27 06:30:00,1,150.0,261.0,111.0,111.0,12321.0,LABORAL,6,False
freeze_20260610_192142,baselines_full_20260718,naive,3,30,test_final,2026-05-28 04:30:00,2026-05-28 05:00:00,1,237.0,148.0,-89.0,89.0,7921.0,LABORAL,5,False
freeze_20260610_192142,baselines_full_20260718,naive,3,30,test_final,2026-05-28 17:30:00,2026-05-28 18:00:00,1,,,,,,LABORAL,18,True
freeze_20260610_192142,baselines_full_20260718,naive,3,30,test_final,2026-06-01 06:00:00,2026-06-01 06:30:00,1,187.0,226.0,39.0,39.0,1521.0,LABORAL,6,False
freeze_20260610_192142,baselines_full_20260718,naive,3,30,test_final,2026-06-03 16:30:00,2026-06-03 17:00:00,1,29.0,46.0,17.0,17.0,289.0,LABORAL,17,False
freeze_20260610_192142,baselines_full_20260718,naive,3,30,test_final,2026-06-04 10:30:00,2026-06-04 11:00:00,1,92.0,90.0,-2.0,2.0,4.0,LABORAL,11,False
freeze_20260610_192142,baselines_full_20260718,naive,3,30,test_final,2026-06-05 13:00:00,2026-06-05 13:30:00,1,158.0,45.0,-113.0,113.0,12769.0,LABORAL,13,False
freeze_20260610_192142,baselines_full_20260718,naive,3,30,test_final,2026-06-05 13:30:00,2026-06-05 14:00:00,1,125.0,158.0,33.0,33.0,1089.0,LABORAL,14,False
freeze_20260610_192142,baselines_full_20260718,naive,3,30,test_final,2026-06-06 06:30:00,2026-06-06 07:00:00,1,105.0,181.0,76.0,76.0,5776.0,SABADO,7,False
freeze_20260610_192142,baselines_full_20260718,naive,3,30,test_final,2026-06-06 08:30:00,2026-06-06 09:00:00,1,75.0,92.0,17.0,17.0,289.0,SABADO,9,False
freeze_20260610_192142,baselines_full_20260718,naive,3,30,test_final,2026-06-08 11:30:00,2026-06-08 12:00:00,1,,46.0,,,,FESTIVO_PUENTE,12,True
freeze_20260610_192142,baselines_full_20260718,naive,3,30,test_final,2026-06-08 12:30:00,2026-06-08 13:00:00,1,,,,,,FESTIVO_PUENTE,13,True
freeze_20260610_192142,baselines_full_20260718,naive,3,30,test_final,2026-06-09 04:00:00,2026-06-09 04:30:00,1,158.0,,,,,LABORAL,4,False
freeze_20260610_192142,baselines_full_20260718,naive,3,30,test_final,2026-06-09 04:30:00,2026-06-09 05:00:00,1,185.0,158.0,-27.0,27.0,729.0,LABORAL,5,False
freeze_20260610_192142,baselines_full_20260718,naive,3,30,test_final,2026-06-09 15:00:00,2026-06-09 15:30:00,1,105.0,116.0,11.0,11.0,121.0,LABORAL,15,False
freeze_20260610_192142,baselines_full_20260718,naive,3,30,test_final,2026-06-10 07:00:00,2026-06-10 07:30:00,1,113.0,113.0,0.0,0.0,0.0,LABORAL,7,False
freeze_20260610_192142,baselines_full_20260718,seasonal_naive_daily,1,30,1,2024-10-15 14:00:00,2024-10-15 14:30:00,1,177.0,48.0,-129.0,129.0,16641.0,LABORAL,14,False
freeze_20260610_192142,baselines_full_20260718,seasonal_naive_daily,1,30,1,2024-10-15 17:30:00,2024-10-15 18:00:00,1,,,,,,LABORAL,18,True
freeze_20260610_192142,baselines_full_20260718,seasonal_naive_daily,1,30,1,2024-10-18 08:00:00,2024-10-18 08:30:00,1,135.0,142.0,7.0,7.0,49.0,LABORAL,8,False
freeze_20260610_192142,baselines_full_20260718,seasonal_naive_daily,1,30,1,2024-10-18 09:00:00,2024-10-18 09:30:00,1,146.0,144.0,-2.0,2.0,4.0,LABORAL,9,False
freeze_20260610_192142,baselines_full_20260718,seasonal_naive_daily,1,30,1,2024-10-18 13:00:00,2024-10-18 13:30:00,1,258.0,179.0,-79.0,79.0,6241.0,LABORAL,13,False
freeze_20260610_192142,baselines_full_20260718,seasonal_naive_daily,1,30,1,2024-10-21 04:00:00,2024-10-21 04:30:00,1,198.0,,,,,LABORAL,4,False
freeze_20260610_192142,baselines_full_20260718,seasonal_naive_daily,1,30,1,2024-10-21 11:00:00,2024-10-21 11:30:00,1,113.0,,,,,LABORAL,11,False
freeze_20260610_192142,baselines_full_20260718,seasonal_naive_daily,1,30,1,2024-10-22 09:30:00,2024-10-22 10:00:00,1,113.0,154.0,41.0,41.0,1681.0,LABORAL,10,False
freeze_20260610_192142,baselines_full_20260718,seasonal_naive_daily,1,30,1,2024-10-22 16:30:00,2024-10-22 17:00:00,1,122.0,81.0,-41.0,41.0,1681.0,LABORAL,17,False
freeze_20260610_192142,baselines_full_20260718,seasonal_naive_daily,1,30,1,2024-10-23 17:30:00,2024-10-23 18:00:00,1,,,,,,LABORAL,18,True
freeze_20260610_192142,baselines_full_20260718,seasonal_naive_daily,1,30,1,2024-10-24 09:00:00,2024-10-24 09:30:00,1,129.0,107.0,-22.0,22.0,484.0,LABORAL,9,False
freeze_20260610_192142,baselines_full_20260718,seasonal_naive_daily,1,30,1,2024-10-26 05:00:00,2024-10-26 05:30:00,1,162.0,255.0,93.0,93.0,8649.0,SABADO,5,False
freeze_20260610_192142,baselines_full_20260718,seasonal_naive_daily,1,30,1,2024-10-26 13:30:00,2024-10-26 14:00:00,1,136.0,141.0,5.0,5.0,25.0,SABADO,14,False
freeze_20260610_192142,baselines_full_20260718,seasonal_naive_daily,1,30,1,2024-10-27 11:30:00,2024-10-27 12:00:00,1,43.0,112.0,69.0,69.0,4761.0,DOMINGO,12,False
freeze_20260610_192142,baselines_full_20260718,seasonal_naive_daily,1,30,1,2024-10-27 15:30:00,2024-10-27 16:00:00,1,49.0,64.0,15.0,15.0,225.0,DOMINGO,16,False
freeze_20260610_192142,baselines_full_20260718,seasonal_naive_daily,1,30,2,2024-10-30 12:30:00,2024-10-30 13:00:00,1,274.0,183.0,-91.0,91.0,8281.0,LABORAL,13,False
freeze_20260610_192142,baselines_full_20260718,seasonal_naive_daily,1,30,2,2024-10-31 09:00:00,2024-10-31 09:30:00,1,161.0,114.0,-47.0,47.0,2209.0,LABORAL,9,False
freeze_20260610_192142,baselines_full_20260718,seasonal_naive_daily,1,30,2,2024-11-03 05:00:00,2024-11-03 05:30:00,1,,117.0,,,,DOMINGO,5,True
freeze_20260610_192142,baselines_full_20260718,seasonal_naive_daily,1,30,2,2024-11-03 09:00:00,2024-11-03 09:30:00,1,47.0,164.0,117.0,117.0,13689.0,DOMINGO,9,False
freeze_20260610_192142,baselines_full_20260718,seasonal_naive_daily,1,30,2,2024-11-03 11:30:00,2024-11-03 12:00:00,1,24.0,189.0,165.0,165.0,27225.0,DOMINGO,12,False
freeze_20260610_192142,baselines_full_20260718,seasonal_naive_daily,1,30,2,2024-11-03 13:30:00,2024-11-03 14:00:00,1,34.0,112.0,78.0,78.0,6084.0,DOMINGO,14,False
freeze_20260610_192142,baselines_full_20260718,seasonal_naive_daily,1,30,2,2024-11-04 08:00:00,2024-11-04 08:30:00,1,52.0,59.0,7.0,7.0,49.0,FESTIVO_PUENTE,8,False
freeze_20260610_192142,baselines_full_20260718,seasonal_naive_daily,1,30,2,2024-11-04 08:30:00,2024-11-04 09:00:00,1,36.0,50.0,14.0,14.0,196.0,FESTIVO_PUENTE,9,False
freeze_20260610_192142,baselines_full_20260718,seasonal_naive_daily,1,30,2,2024-11-05 13:00:00,2024-11-05 13:30:00,1,156.0,,,,,LABORAL,13,False
freeze_20260610_192142,baselines_full_20260718,seasonal_naive_daily,1,30,2,2024-11-06 04:30:00,2024-11-06 05:00:00,1,265.0,214.0,-51.0,51.0,2601.0,LABORAL,5,False
freeze_20260610_192142,baselines_full_20260718,seasonal_naive_daily,1,30,2,2024-11-06 11:30:00,2024-11-06 12:00:00,1,136.0,149.0,13.0,13.0,169.0,LABORAL,12,False
freeze_20260610_192142,baselines_full_20260718,seasonal_naive_daily,1,30,2,2024-11-07 04:30:00,2024-11-07 05:00:00,1,187.0,265.0,78.0,78.0,6084.0,LABORAL,5,False
freeze_20260610_192142,baselines_full_20260718,seasonal_naive_daily,1,30,2,2024-11-08 10:00:00,2024-11-08 10:30:00,1,147.0,113.0,-34.0,34.0,1156.0,LABORAL,10,False
freeze_20260610_192142,baselines_full_20260718,seasonal_naive_daily,1,30,2,2024-11-09 14:00:00,2024-11-09 14:30:00,1,151.0,328.0,177.0,177.0,31329.0,SABADO,14,False
freeze_20260610_192142,baselines_full_20260718,seasonal_naive_daily,1,30,2,2024-11-11 07:00:00,2024-11-11 07:30:00,1,56.0,61.0,5.0,5.0,25.0,FESTIVO_PUENTE,7,False
freeze_20260610_192142,baselines_full_20260718,seasonal_naive_daily,1,30,2,2024-11-11 12:00:00,2024-11-11 12:30:00,1,28.0,58.0,30.0,30.0,900.0,FESTIVO_PUENTE,12,False
freeze_20260610_192142,baselines_full_20260718,seasonal_naive_daily,1,30,3,2024-11-14 06:30:00,2024-11-14 07:00:00,1,114.0,130.0,16.0,16.0,256.0,LABORAL,7,False
freeze_20260610_192142,baselines_full_20260718,seasonal_naive_daily,1,30,3,2024-11-15 13:30:00,2024-11-15 14:00:00,1,159.0,179.0,20.0,20.0,400.0,LABORAL,14,False
freeze_20260610_192142,baselines_full_20260718,seasonal_naive_daily,1,30,3,2024-11-19 07:00:00,2024-11-19 07:30:00,1,150.0,231.0,81.0,81.0,6561.0,LABORAL,7,False
freeze_20260610_192142,baselines_full_20260718,seasonal_naive_daily,1,30,3,2024-11-20 06:30:00,2024-11-20 07:00:00,1,196.0,194.0,-2.0,2.0,4.0,LABORAL,7,False
freeze_20260610_192142,baselines_full_20260718,seasonal_naive_daily,1,30,3,2024-11-21 17:00:00,2024-11-21 17:30:00,1,36.0,18.0,-18.0,18.0,324.0,LABORAL,17,False
freeze_20260610_192142,baselines_full_20260718,seasonal_naive_daily,1,30,3,2024-11-22 06:30:00,2024-11-22 07:00:00,1,138.0,175.0,37.0,37.0,1369.0,LABORAL,7,False
freeze_20260610_192142,baselines_full_20260718,seasonal_naive_daily,1,30,3,2024-11-23 11:30:00,2024-11-23 12:00:00,1,93.0,110.0,17.0,17.0,289.0,SABADO,12,False
freeze_20260610_192142,baselines_full_20260718,seasonal_naive_daily,1,30,3,2024-11-24 05:00:00,2024-11-24 05:30:00,1,66.0,107.0,41.0,41.0,1681.0,DOMINGO,5,False
freeze_20260610_192142,baselines_full_20260718,seasonal_naive_daily,1,30,3,2024-11-25 08:30:00,2024-11-25 09:00:00,1,220.0,73.0,-147.0,147.0,21609.0,LABORAL,9,False
freeze_20260610_192142,baselines_full_20260718,seasonal_naive_daily,1,30,4,2024-11-26 16:30:00,2024-11-26 17:00:00,1,141.0,86.0,-55.0,55.0,3025.0,LABORAL,17,False
freeze_20260610_192142,baselines_full_20260718,seasonal_naive_daily,1,30,4,2024-11-28 10:00:00,2024-11-28 10:30:00,1,127.0,130.0,3.0,3.0,9.0,LABORAL,10,False
freeze_20260610_192142,baselines_full_20260718,seasonal_naive_daily,1,30,4,2024-11-29 04:30:00,2024-11-29 05:00:00,1,83.0,164.0,81.0,81.0,6561.0,LABORAL,5,False
freeze_20260610_192142,baselines_full_20260718,seasonal_naive_daily,1,30,4,2024-11-29 05:30:00,2024-11-29 06:00:00,1,246.0,245.0,-1.0,1.0,1.0,LABORAL,6,False
freeze_20260610_192142,baselines_full_20260718,seasonal_naive_daily,1,30,4,2024-11-29 12:30:00,2024-11-29 13:00:00,1,235.0,184.0,-51.0,51.0,2601.0,LABORAL,13,False
freeze_20260610_192142,baselines_full_20260718,seasonal_naive_daily,1,30,4,2024-12-01 05:00:00,2024-12-01 05:30:00,1,,106.0,,,,DOMINGO,5,True
freeze_20260610_192142,baselines_full_20260718,seasonal_naive_daily,1,30,4,2024-12-01 14:00:00,2024-12-01 14:30:00,1,34.0,60.0,26.0,26.0,676.0,DOMINGO,14,False
freeze_20260610_192142,baselines_full_20260718,seasonal_naive_daily,1,30,4,2024-12-02 10:00:00,2024-12-02 10:30:00,1,135.0,57.0,-78.0,78.0,6084.0,LABORAL,10,False
freeze_20260610_192142,baselines_full_20260718,seasonal_naive_daily,1,30,4,2024-12-03 13:30:00,2024-12-03 14:00:00,1,127.0,165.0,38.0,38.0,1444.0,LABORAL,14,False
freeze_20260610_192142,baselines_full_20260718,seasonal_naive_daily,1,30,4,2024-12-04 11:30:00,2024-12-04 12:00:00,1,126.0,193.0,67.0,67.0,4489.0,LABORAL,12,False
freeze_20260610_192142,baselines_full_20260718,seasonal_naive_daily,1,30,4,2024-12-05 12:00:00,2024-12-05 12:30:00,1,171.0,141.0,-30.0,30.0,900.0,LABORAL,12,False
freeze_20260610_192142,baselines_full_20260718,seasonal_naive_daily,1,30,4,2024-12-06 07:00:00,2024-12-06 07:30:00,1,147.0,168.0,21.0,21.0,441.0,LABORAL,7,False
freeze_20260610_192142,baselines_full_20260718,seasonal_naive_daily,1,30,4,2024-12-07 12:00:00,2024-12-07 12:30:00,1,92.0,288.0,196.0,196.0,38416.0,SABADO,12,False
freeze_20260610_192142,baselines_full_20260718,seasonal_naive_daily,1,30,4,2024-12-08 15:00:00,2024-12-08 15:30:00,1,,76.0,,,,FESTIVO,15,True
freeze_20260610_192142,baselines_full_20260718,seasonal_naive_daily,1,30,4,2024-12-09 04:00:00,2024-12-09 04:30:00,1,192.0,,,,,LABORAL,4,False
freeze_20260610_192142,baselines_full_20260718,seasonal_naive_daily,1,30,5,2024-12-10 15:00:00,2024-12-10 15:30:00,1,222.0,247.0,25.0,25.0,625.0,LABORAL,15,False
freeze_20260610_192142,baselines_full_20260718,seasonal_naive_daily,1,30,5,2024-12-13 06:00:00,2024-12-13 06:30:00,1,174.0,181.0,7.0,7.0,49.0,LABORAL,6,False
freeze_20260610_192142,baselines_full_20260718,seasonal_naive_daily,1,30,5,2024-12-13 11:30:00,2024-12-13 12:00:00,1,124.0,112.0,-12.0,12.0,144.0,LABORAL,12,False
freeze_20260610_192142,baselines_full_20260718,seasonal_naive_daily,1,30,5,2024-12-15 05:00:00,2024-12-15 05:30:00,1,,108.0,,,,DOMINGO,5,True
freeze_20260610_192142,baselines_full_20260718,seasonal_naive_daily,1,30,5,2024-12-16 06:30:00,2024-12-16 07:00:00,1,163.0,,,,,LABORAL,7,False
freeze_20260610_192142,baselines_full_20260718,seasonal_naive_daily,1,30,5,2024-12-18 04:00:00,2024-12-18 04:30:00,1,148.0,211.0,63.0,63.0,3969.0,LABORAL,4,False
freeze_20260610_192142,baselines_full_20260718,seasonal_naive_daily,1,30,5,2024-12-18 09:30:00,2024-12-18 10:00:00,1,130.0,125.0,-5.0,5.0,25.0,LABORAL,10,False
freeze_20260610_192142,baselines_full_20260718,seasonal_naive_daily,1,30,5,2024-12-19 15:30:00,2024-12-19 16:00:00,1,224.0,251.0,27.0,27.0,729.0,LABORAL,16,False
freeze_20260610_192142,baselines_full_20260718,seasonal_naive_daily,1,30,5,2024-12-21 10:30:00,2024-12-21 11:00:00,1,192.0,139.0,-53.0,53.0,2809.0,SABADO,11,False
freeze_20260610_192142,baselines_full_20260718,seasonal_naive_daily,1,30,5,2024-12-22 07:30:00,2024-12-22 08:00:00,1,112.0,139.0,27.0,27.0,729.0,DOMINGO,8,False
freeze_20260610_192142,baselines_full_20260718,seasonal_naive_daily,1,30,5,2024-12-22 10:30:00,2024-12-22 11:00:00,1,44.0,192.0,148.0,148.0,21904.0,DOMINGO,11,False
freeze_20260610_192142,baselines_full_20260718,seasonal_naive_daily,1,30,5,2024-12-23 07:00:00,2024-12-23 07:30:00,1,223.0,42.0,-181.0,181.0,32761.0,LABORAL,7,False
freeze_20260610_192142,baselines_full_20260718,seasonal_naive_daily,1,30,6,2024-12-24 14:30:00,2024-12-24 15:00:00,1,90.0,296.0,206.0,206.0,42436.0,LABORAL,15,False
freeze_20260610_192142,baselines_full_20260718,seasonal_naive_daily,1,30,6,2024-12-25 07:00:00,2024-12-25 07:30:00,1,18.0,160.0,142.0,142.0,20164.0,FESTIVO,7,False
freeze_20260610_192142,baselines_full_20260718,seasonal_naive_daily,1,30,6,2024-12-27 13:00:00,2024-12-27 13:30:00,1,185.0,136.0,-49.0,49.0,2401.0,LABORAL,13,False
freeze_20260610_192142,baselines_full_20260718,seasonal_naive_daily,1,30,6,2024-12-27 13:30:00,2024-12-27 14:00:00,1,164.0,148.0,-16.0,16.0,256.0,LABORAL,14,False
freeze_20260610_192142,baselines_full_20260718,seasonal_naive_daily,1,30,6,2024-12-28 04:00:00,2024-12-28 04:30:00,1,96.0,126.0,30.0,30.0,900.0,SABADO,4,False
freeze_20260610_192142,baselines_full_20260718,seasonal_naive_daily,1,30,6,2024-12-30 05:00:00,2024-12-30 05:30:00,1,123.0,,,,,LABORAL,5,False
freeze_20260610_192142,baselines_full_20260718,seasonal_naive_daily,1,30,6,2024-12-30 13:00:00,2024-12-30 13:30:00,1,232.0,31.0,-201.0,201.0,40401.0,LABORAL,13,False
freeze_20260610_192142,baselines_full_20260718,seasonal_naive_daily,1,30,6,2024-12-30 15:00:00,2024-12-30 15:30:00,1,205.0,83.0,-122.0,122.0,14884.0,LABORAL,15,False
freeze_20260610_192142,baselines_full_20260718,seasonal_naive_daily,1,30,6,2024-12-31 05:00:00,2024-12-31 05:30:00,1,136.0,123.0,-13.0,13.0,169.0,LABORAL,5,False
freeze_20260610_192142,baselines_full_20260718,seasonal_naive_daily,1,30,6,2024-12-31 09:30:00,2024-12-31 10:00:00,1,121.0,174.0,53.0,53.0,2809.0,LABORAL,10,False
freeze_20260610_192142,baselines_full_20260718,seasonal_naive_daily,1,30,6,2024-12-31 13:00:00,2024-12-31 13:30:00,1,110.0,232.0,122.0,122.0,14884.0,LABORAL,13,False
freeze_20260610_192142,baselines_full_20260718,seasonal_naive_daily,1,30,6,2025-01-01 07:30:00,2025-01-01 08:00:00,1,,116.0,,,,FESTIVO,8,True
freeze_20260610_192142,baselines_full_20260718,seasonal_naive_daily,1,30,6,2025-01-01 13:00:00,2025-01-01 13:30:00,1,33.0,110.0,77.0,77.0,5929.0,FESTIVO,13,False
freeze_20260610_192142,baselines_full_20260718,seasonal_naive_daily,1,30,6,2025-01-02 10:00:00,2025-01-02 10:30:00,1,96.0,19.0,-77.0,77.0,5929.0,LABORAL,10,False
freeze_20260610_192142,baselines_full_20260718,seasonal_naive_daily,1,30,6,2025-01-03 11:30:00,2025-01-03 12:00:00,1,94.0,81.0,-13.0,13.0,169.0,LABORAL,12,False
freeze_20260610_192142,baselines_full_20260718,seasonal_naive_daily,1,30,7,2025-01-08 13:00:00,2025-01-08 13:30:00,1,163.0,114.0,-49.0,49.0,2401.0,LABORAL,13,False
freeze_20260610_192142,baselines_full_20260718,seasonal_naive_daily,1,30,7,2025-01-11 06:00:00,2025-01-11 06:30:00,1,95.0,149.0,54.0,54.0,2916.0,SABADO,6,False
freeze_20260610_192142,baselines_full_20260718,seasonal_naive_daily,1,30,7,2025-01-13 04:30:00,2025-01-13 05:00:00,1,149.0,,,,,LABORAL,5,False
freeze_20260610_192142,baselines_full_20260718,seasonal_naive_daily,1,30,7,2025-01-14 09:00:00,2025-01-14 09:30:00,1,87.0,162.0,75.0,75.0,5625.0,LABORAL,9,False
freeze_20260610_192142,baselines_full_20260718,seasonal_naive_daily,1,30,7,2025-01-14 13:30:00,2025-01-14 14:00:00,1,94.0,117.0,23.0,23.0,529.0,LABORAL,14,False
freeze_20260610_192142,baselines_full_20260718,seasonal_naive_daily,1,30,7,2025-01-16 16:30:00,2025-01-16 17:00:00,1,70.0,54.0,-16.0,16.0,256.0,LABORAL,17,False
freeze_20260610_192142,baselines_full_20260718,seasonal_naive_daily,1,30,7,2025-01-17 10:30:00,2025-01-17 11:00:00,1,155.0,137.0,-18.0,18.0,324.0,LABORAL,11,False
freeze_20260610_192142,baselines_full_20260718,seasonal_naive_daily,1,30,7,2025-01-18 13:00:00,2025-01-18 13:30:00,1,66.0,159.0,93.0,93.0,8649.0,SABADO,13,False
freeze_20260610_192142,baselines_full_20260718,seasonal_naive_daily,1,30,7,2025-01-20 07:30:00,2025-01-20 08:00:00,1,135.0,54.0,-81.0,81.0,6561.0,LABORAL,8,False
freeze_20260610_192142,baselines_full_20260718,seasonal_naive_daily,1,30,8,2025-01-21 08:00:00,2025-01-21 08:30:00,1,168.0,215.0,47.0,47.0,2209.0,LABORAL,8,False
freeze_20260610_192142,baselines_full_20260718,seasonal_naive_daily,1,30,8,2025-01-22 12:30:00,2025-01-22 13:00:00,1,133.0,139.0,6.0,6.0,36.0,LABORAL,13,False
freeze_20260610_192142,baselines_full_20260718,seasonal_naive_daily,1,30,8,2025-01-22 15:30:00,2025-01-22 16:00:00,1,134.0,201.0,67.0,67.0,4489.0,LABORAL,16,False
freeze_20260610_192142,baselines_full_20260718,seasonal_naive_daily,1,30,8,2025-01-24 11:30:00,2025-01-24 12:00:00,1,106.0,96.0,-10.0,10.0,100.0,LABORAL,12,False
freeze_20260610_192142,baselines_full_20260718,seasonal_naive_daily,1,30,8,2025-01-25 10:00:00,2025-01-25 10:30:00,1,41.0,118.0,77.0,77.0,5929.0,SABADO,10,False
freeze_20260610_192142,baselines_full_20260718,seasonal_naive_daily,1,30,8,2025-01-25 16:00:00,2025-01-25 16:30:00,1,,138.0,,,,SABADO,16,True
freeze_20260610_192142,baselines_full_20260718,seasonal_naive_daily,1,30,8,2025-01-26 04:30:00,2025-01-26 05:00:00,1,,32.0,,,,DOMINGO,5,True
freeze_20260610_192142,baselines_full_20260718,seasonal_naive_daily,1,30,8,2025-01-28 16:30:00,2025-01-28 17:00:00,1,81.0,115.0,34.0,34.0,1156.0,LABORAL,17,False
freeze_20260610_192142,baselines_full_20260718,seasonal_naive_daily,1,30,8,2025-01-30 05:30:00,2025-01-30 06:00:00,1,208.0,145.0,-63.0,63.0,3969.0,LABORAL,6,False
freeze_20260610_192142,baselines_full_20260718,seasonal_naive_daily,1,30,8,2025-01-30 07:00:00,2025-01-30 07:30:00,1,135.0,151.0,16.0,16.0,256.0,LABORAL,7,False
freeze_20260610_192142,baselines_full_20260718,seasonal_naive_daily,1,30,8,2025-01-30 08:30:00,2025-01-30 09:00:00,1,115.0,179.0,64.0,64.0,4096.0,LABORAL,9,False
freeze_20260610_192142,baselines_full_20260718,seasonal_naive_daily,1,30,8,2025-01-31 11:30:00,2025-01-31 12:00:00,1,166.0,132.0,-34.0,34.0,1156.0,LABORAL,12,False
freeze_20260610_192142,baselines_full_20260718,seasonal_naive_daily,1,30,8,2025-02-03 17:00:00,2025-02-03 17:30:00,1,63.0,,,,,LABORAL,17,False
freeze_20260610_192142,baselines_full_20260718,seasonal_naive_daily,1,30,9,2025-02-06 08:30:00,2025-02-06 09:00:00,1,164.0,164.0,0.0,0.0,0.0,LABORAL,9,False
freeze_20260610_192142,baselines_full_20260718,seasonal_naive_daily,1,30,9,2025-02-07 07:30:00,2025-02-07 08:00:00,1,174.0,147.0,-27.0,27.0,729.0,LABORAL,8,False
freeze_20260610_192142,baselines_full_20260718,seasonal_naive_daily,1,30,9,2025-02-07 08:00:00,2025-02-07 08:30:00,1,152.0,164.0,12.0,12.0,144.0,LABORAL,8,False
freeze_20260610_192142,baselines_full_20260718,seasonal_naive_daily,1,30,9,2025-02-07 10:30:00,2025-02-07 11:00:00,1,56.0,93.0,37.0,37.0,1369.0,LABORAL,11,False
freeze_20260610_192142,baselines_full_20260718,seasonal_naive_daily,1,30,9,2025-02-07 15:00:00,2025-02-07 15:30:00,1,152.0,173.0,21.0,21.0,441.0,LABORAL,15,False
freeze_20260610_192142,baselines_full_20260718,seasonal_naive_daily,1,30,9,2025-02-08 07:00:00,2025-02-08 07:30:00,1,172.0,211.0,39.0,39.0,1521.0,SABADO,7,False
freeze_20260610_192142,baselines_full_20260718,seasonal_naive_daily,1,30,9,2025-02-08 09:00:00,2025-02-08 09:30:00,1,,93.0,,,,SABADO,9,True
freeze_20260610_192142,baselines_full_20260718,seasonal_naive_daily,1,30,9,2025-02-13 06:30:00,2025-02-13 07:00:00,1,133.0,234.0,101.0,101.0,10201.0,LABORAL,7,False
freeze_20260610_192142,baselines_full_20260718,seasonal_naive_daily,1,30,9,2025-02-13 08:30:00,2025-02-13 09:00:00,1,98.0,162.0,64.0,64.0,4096.0,LABORAL,9,False
freeze_20260610_192142,baselines_full_20260718,seasonal_naive_daily,1,30,9,2025-02-14 06:30:00,2025-02-14 07:00:00,1,156.0,133.0,-23.0,23.0,529.0,LABORAL,7,False
freeze_20260610_192142,baselines_full_20260718,seasonal_naive_daily,1,30,9,2025-02-14 14:00:00,2025-02-14 14:30:00,1,158.0,144.0,-14.0,14.0,196.0,LABORAL,14,False
freeze_20260610_192142,baselines_full_20260718,seasonal_naive_daily,1,30,9,2025-02-14 16:00:00,2025-02-14 16:30:00,1,210.0,115.0,-95.0,95.0,9025.0,LABORAL,16,False
freeze_20260610_192142,baselines_full_20260718,seasonal_naive_daily,1,30,9,2025-02-17 10:30:00,2025-02-17 11:00:00,1,91.0,38.0,-53.0,53.0,2809.0,LABORAL,11,False
freeze_20260610_192142,baselines_full_20260718,seasonal_naive_daily,1,30,9,2025-02-17 16:30:00,2025-02-17 17:00:00,1,156.0,,,,,LABORAL,17,False
freeze_20260610_192142,baselines_full_20260718,seasonal_naive_daily,1,30,10,2025-02-20 08:30:00,2025-02-20 09:00:00,1,152.0,164.0,12.0,12.0,144.0,LABORAL,9,False
freeze_20260610_192142,baselines_full_20260718,seasonal_naive_daily,1,30,10,2025-02-20 15:30:00,2025-02-20 16:00:00,1,239.0,215.0,-24.0,24.0,576.0,LABORAL,16,False
freeze_20260610_192142,baselines_full_20260718,seasonal_naive_daily,1,30,10,2025-02-23 14:00:00,2025-02-23 14:30:00,1,32.0,98.0,66.0,66.0,4356.0,DOMINGO,14,False
freeze_20260610_192142,baselines_full_20260718,seasonal_naive_daily,1,30,10,2025-02-24 16:30:00,2025-02-24 17:00:00,1,81.0,,,,,LABORAL,17,False
freeze_20260610_192142,baselines_full_20260718,seasonal_naive_daily,1,30,10,2025-02-25 09:00:00,2025-02-25 09:30:00,1,148.0,174.0,26.0,26.0,676.0,LABORAL,9,False
freeze_20260610_192142,baselines_full_20260718,seasonal_naive_daily,1,30,10,2025-02-25 12:30:00,2025-02-25 13:00:00,1,98.0,149.0,51.0,51.0,2601.0,LABORAL,13,False
freeze_20260610_192142,baselines_full_20260718,seasonal_naive_daily,1,30,10,2025-02-26 09:00:00,2025-02-26 09:30:00,1,144.0,148.0,4.0,4.0,16.0,LABORAL,9,False
freeze_20260610_192142,baselines_full_20260718,seasonal_naive_daily,1,30,10,2025-03-01 08:30:00,2025-03-01 09:00:00,1,129.0,156.0,27.0,27.0,729.0,SABADO,9,False
freeze_20260610_192142,baselines_full_20260718,seasonal_naive_daily,1,30,10,2025-03-01 14:30:00,2025-03-01 15:00:00,1,128.0,150.0,22.0,22.0,484.0,SABADO,15,False
freeze_20260610_192142,baselines_full_20260718,seasonal_naive_daily,1,30,10,2025-03-01 15:00:00,2025-03-01 15:30:00,1,73.0,302.0,229.0,229.0,52441.0,SABADO,15,False
freeze_20260610_192142,baselines_full_20260718,seasonal_naive_daily,1,30,10,2025-03-01 16:30:00,2025-03-01 17:00:00,1,55.0,67.0,12.0,12.0,144.0,SABADO,17,False
freeze_20260610_192142,baselines_full_20260718,seasonal_naive_daily,1,30,10,2025-03-02 05:00:00,2025-03-02 05:30:00,1,,61.0,,,,DOMINGO,5,True
freeze_20260610_192142,baselines_full_20260718,seasonal_naive_daily,1,30,10,2025-03-02 16:00:00,2025-03-02 16:30:00,1,,41.0,,,,DOMINGO,16,True
freeze_20260610_192142,baselines_full_20260718,seasonal_naive_daily,1,30,10,2025-03-03 14:30:00,2025-03-03 15:00:00,1,125.0,,,,,LABORAL,15,False
freeze_20260610_192142,baselines_full_20260718,seasonal_naive_daily,1,30,10,2025-03-03 17:00:00,2025-03-03 17:30:00,1,48.0,,,,,LABORAL,17,False
freeze_20260610_192142,baselines_full_20260718,seasonal_naive_daily,1,30,11,2025-03-04 04:30:00,2025-03-04 05:00:00,1,178.0,144.0,-34.0,34.0,1156.0,LABORAL,5,False
freeze_20260610_192142,baselines_full_20260718,seasonal_naive_daily,1,30,11,2025-03-04 11:00:00,2025-03-04 11:30:00,1,183.0,112.0,-71.0,71.0,5041.0,LABORAL,11,False
freeze_20260610_192142,baselines_full_20260718,seasonal_naive_daily,1,30,11,2025-03-04 17:30:00,2025-03-04 18:00:00,1,,,,,,LABORAL,18,True
freeze_20260610_192142,baselines_full_20260718,seasonal_naive_daily,1,30,11,2025-03-05 07:00:00,2025-03-05 07:30:00,1,191.0,115.0,-76.0,76.0,5776.0,LABORAL,7,False
freeze_20260610_192142,baselines_full_20260718,seasonal_naive_daily,1,30,11,2025-03-06 09:00:00,2025-03-06 09:30:00,1,162.0,122.0,-40.0,40.0,1600.0,LABORAL,9,False
freeze_20260610_192142,baselines_full_20260718,seasonal_naive_daily,1,30,11,2025-03-06 11:00:00,2025-03-06 11:30:00,1,151.0,88.0,-63.0,63.0,3969.0,LABORAL,11,False
freeze_20260610_192142,baselines_full_20260718,seasonal_naive_daily,1,30,11,2025-03-06 16:30:00,2025-03-06 17:00:00,1,104.0,75.0,-29.0,29.0,841.0,LABORAL,17,False
freeze_20260610_192142,baselines_full_20260718,seasonal_naive_daily,1,30,11,2025-03-07 05:00:00,2025-03-07 05:30:00,1,126.0,169.0,43.0,43.0,1849.0,LABORAL,5,False
freeze_20260610_192142,baselines_full_20260718,seasonal_naive_daily,1,30,11,2025-03-07 08:30:00,2025-03-07 09:00:00,1,104.0,198.0,94.0,94.0,8836.0,LABORAL,9,False
freeze_20260610_192142,baselines_full_20260718,seasonal_naive_daily,1,30,11,2025-03-08 06:00:00,2025-03-08 06:30:00,1,111.0,144.0,33.0,33.0,1089.0,SABADO,6,False
freeze_20260610_192142,baselines_full_20260718,seasonal_naive_daily,1,30,11,2025-03-08 13:00:00,2025-03-08 13:30:00,1,161.0,130.0,-31.0,31.0,961.0,SABADO,13,False
freeze_20260610_192142,baselines_full_20260718,seasonal_naive_daily,1,30,11,2025-03-08 14:30:00,2025-03-08 15:00:00,1,44.0,184.0,140.0,140.0,19600.0,SABADO,15,False
freeze_20260610_192142,baselines_full_20260718,seasonal_naive_daily,1,30,11,2025-03-09 06:30:00,2025-03-09 07:00:00,1,,159.0,,,,DOMINGO,7,True
freeze_20260610_192142,baselines_full_20260718,seasonal_naive_daily,1,30,11,2025-03-10 09:30:00,2025-03-10 10:00:00,1,76.0,30.0,-46.0,46.0,2116.0,LABORAL,10,False
freeze_20260610_192142,baselines_full_20260718,seasonal_naive_daily,1,30,11,2025-03-10 13:00:00,2025-03-10 13:30:00,1,107.0,,,,,LABORAL,13,False
freeze_20260610_192142,baselines_full_20260718,seasonal_naive_daily,1,30,11,2025-03-11 12:00:00,2025-03-11 12:30:00,1,142.0,166.0,24.0,24.0,576.0,LABORAL,12,False
freeze_20260610_192142,baselines_full_20260718,seasonal_naive_daily,1,30,11,2025-03-11 14:30:00,2025-03-11 15:00:00,1,205.0,114.0,-91.0,91.0,8281.0,LABORAL,15,False
freeze_20260610_192142,baselines_full_20260718,seasonal_naive_daily,1,30,11,2025-03-12 09:30:00,2025-03-12 10:00:00,1,153.0,99.0,-54.0,54.0,2916.0,LABORAL,10,False
freeze_20260610_192142,baselines_full_20260718,seasonal_naive_daily,1,30,11,2025-03-12 14:30:00,2025-03-12 15:00:00,1,199.0,205.0,6.0,6.0,36.0,LABORAL,15,False
freeze_20260610_192142,baselines_full_20260718,seasonal_naive_daily,1,30,11,2025-03-14 09:00:00,2025-03-14 09:30:00,1,148.0,122.0,-26.0,26.0,676.0,LABORAL,9,False
freeze_20260610_192142,baselines_full_20260718,seasonal_naive_daily,1,30,11,2025-03-15 10:00:00,2025-03-15 10:30:00,1,194.0,124.0,-70.0,70.0,4900.0,SABADO,10,False
freeze_20260610_192142,baselines_full_20260718,seasonal_naive_daily,1,30,11,2025-03-17 12:00:00,2025-03-17 12:30:00,1,243.0,36.0,-207.0,207.0,42849.0,LABORAL,12,False
freeze_20260610_192142,baselines_full_20260718,seasonal_naive_daily,1,30,11,2025-03-17 17:30:00,2025-03-17 18:00:00,1,29.0,,,,,LABORAL,18,False
freeze_20260610_192142,baselines_full_20260718,seasonal_naive_daily,1,30,12,2025-03-18 14:00:00,2025-03-18 14:30:00,1,138.0,201.0,63.0,63.0,3969.0,LABORAL,14,False
freeze_20260610_192142,baselines_full_20260718,seasonal_naive_daily,1,30,12,2025-03-18 16:30:00,2025-03-18 17:00:00,1,82.0,111.0,29.0,29.0,841.0,LABORAL,17,False
freeze_20260610_192142,baselines_full_20260718,seasonal_naive_daily,1,30,12,2025-03-20 06:30:00,2025-03-20 07:00:00,1,172.0,135.0,-37.0,37.0,1369.0,LABORAL,7,False
freeze_20260610_192142,baselines_full_20260718,seasonal_naive_daily,1,30,12,2025-03-20 09:30:00,2025-03-20 10:00:00,1,100.0,156.0,56.0,56.0,3136.0,LABORAL,10,False
freeze_20260610_192142,baselines_full_20260718,seasonal_naive_daily,1,30,12,2025-03-24 08:00:00,2025-03-24 08:30:00,1,39.0,39.0,0.0,0.0,0.0,FESTIVO_PUENTE,8,False
freeze_20260610_192142,baselines_full_20260718,seasonal_naive_daily,1,30,12,2025-03-25 04:30:00,2025-03-25 05:00:00,1,159.0,,,,,LABORAL,5,False
freeze_20260610_192142,baselines_full_20260718,seasonal_naive_daily,1,30,12,2025-03-25 06:00:00,2025-03-25 06:30:00,1,198.0,,,,,LABORAL,6,False
freeze_20260610_192142,baselines_full_20260718,seasonal_naive_daily,1,30,12,2025-03-26 08:30:00,2025-03-26 09:00:00,1,216.0,123.0,-93.0,93.0,8649.0,LABORAL,9,False
freeze_20260610_192142,baselines_full_20260718,seasonal_naive_daily,1,30,12,2025-03-27 07:30:00,2025-03-27 08:00:00,1,157.0,165.0,8.0,8.0,64.0,LABORAL,8,False
freeze_20260610_192142,baselines_full_20260718,seasonal_naive_daily,1,30,12,2025-03-28 14:30:00,2025-03-28 15:00:00,1,258.0,105.0,-153.0,153.0,23409.0,LABORAL,15,False
freeze_20260610_192142,baselines_full_20260718,seasonal_naive_daily,1,30,12,2025-03-28 16:00:00,2025-03-28 16:30:00,1,173.0,166.0,-7.0,7.0,49.0,LABORAL,16,False
freeze_20260610_192142,baselines_full_20260718,seasonal_naive_daily,1,30,12,2025-03-28 17:00:00,2025-03-28 17:30:00,1,44.0,26.0,-18.0,18.0,324.0,LABORAL,17,False
freeze_20260610_192142,baselines_full_20260718,seasonal_naive_daily,1,30,12,2025-03-30 05:00:00,2025-03-30 05:30:00,1,,99.0,,,,DOMINGO,5,True
freeze_20260610_192142,baselines_full_20260718,seasonal_naive_daily,1,30,13,2025-04-01 05:30:00,2025-04-01 06:00:00,1,202.0,184.0,-18.0,18.0,324.0,LABORAL,6,False
freeze_20260610_192142,baselines_full_20260718,seasonal_naive_daily,1,30,13,2025-04-01 17:00:00,2025-04-01 17:30:00,1,82.0,47.0,-35.0,35.0,1225.0,LABORAL,17,False
freeze_20260610_192142,baselines_full_20260718,seasonal_naive_daily,1,30,13,2025-04-02 15:00:00,2025-04-02 15:30:00,1,252.0,75.0,-177.0,177.0,31329.0,LABORAL,15,False
freeze_20260610_192142,baselines_full_20260718,seasonal_naive_daily,1,30,13,2025-04-04 14:00:00,2025-04-04 14:30:00,1,228.0,140.0,-88.0,88.0,7744.0,LABORAL,14,False
freeze_20260610_192142,baselines_full_20260718,seasonal_naive_daily,1,30,13,2025-04-05 16:00:00,2025-04-05 16:30:00,1,47.0,155.0,108.0,108.0,11664.0,SABADO,16,False
freeze_20260610_192142,baselines_full_20260718,seasonal_naive_daily,1,30,13,2025-04-08 06:00:00,2025-04-08 06:30:00,1,151.0,141.0,-10.0,10.0,100.0,LABORAL,6,False
freeze_20260610_192142,baselines_full_20260718,seasonal_naive_daily,1,30,13,2025-04-10 07:30:00,2025-04-10 08:00:00,1,174.0,111.0,-63.0,63.0,3969.0,LABORAL,8,False
freeze_20260610_192142,baselines_full_20260718,seasonal_naive_daily,1,30,13,2025-04-11 05:30:00,2025-04-11 06:00:00,1,185.0,138.0,-47.0,47.0,2209.0,LABORAL,6,False
freeze_20260610_192142,baselines_full_20260718,seasonal_naive_daily,1,30,13,2025-04-11 07:30:00,2025-04-11 08:00:00,1,200.0,174.0,-26.0,26.0,676.0,LABORAL,8,False
freeze_20260610_192142,baselines_full_20260718,seasonal_naive_daily,1,30,13,2025-04-11 16:00:00,2025-04-11 16:30:00,1,165.0,81.0,-84.0,84.0,7056.0,LABORAL,16,False
freeze_20260610_192142,baselines_full_20260718,seasonal_naive_daily,1,30,13,2025-04-12 04:30:00,2025-04-12 05:00:00,1,40.0,147.0,107.0,107.0,11449.0,SABADO,5,False
freeze_20260610_192142,baselines_full_20260718,seasonal_naive_daily,1,30,13,2025-04-12 14:00:00,2025-04-12 14:30:00,1,89.0,198.0,109.0,109.0,11881.0,SABADO,14,False
freeze_20260610_192142,baselines_full_20260718,seasonal_naive_daily,1,30,13,2025-04-12 14:30:00,2025-04-12 15:00:00,1,39.0,181.0,142.0,142.0,20164.0,SABADO,15,False
freeze_20260610_192142,baselines_full_20260718,seasonal_naive_daily,1,30,13,2025-04-12 17:00:00,2025-04-12 17:30:00,1,20.0,75.0,55.0,55.0,3025.0,SABADO,17,False
freeze_20260610_192142,baselines_full_20260718,seasonal_naive_daily,1,30,14,2025-04-15 10:00:00,2025-04-15 10:30:00,1,86.0,81.0,-5.0,5.0,25.0,LABORAL,10,False
freeze_20260610_192142,baselines_full_20260718,seasonal_naive_daily,1,30,14,2025-04-16 11:30:00,2025-04-16 12:00:00,1,35.0,53.0,18.0,18.0,324.0,LABORAL,12,False
freeze_20260610_192142,baselines_full_20260718,seasonal_naive_daily,1,30,14,2025-04-17 10:30:00,2025-04-17 11:00:00,1,40.0,81.0,41.0,41.0,1681.0,FESTIVO,11,False
freeze_20260610_192142,baselines_full_20260718,seasonal_naive_daily,1,30,14,2025-04-18 06:30:00,2025-04-18 07:00:00,1,16.0,16.0,0.0,0.0,0.0,FESTIVO,7,False
freeze_20260610_192142,baselines_full_20260718,seasonal_naive_daily,1,30,14,2025-04-18 15:00:00,2025-04-18 15:30:00,1,,24.0,,,,FESTIVO,15,True
freeze_20260610_192142,baselines_full_20260718,seasonal_naive_daily,1,30,14,2025-04-18 16:00:00,2025-04-18 16:30:00,1,,19.0,,,,FESTIVO,16,True
freeze_20260610_192142,baselines_full_20260718,seasonal_naive_daily,1,30,14,2025-04-19 05:30:00,2025-04-19 06:00:00,1,43.0,,,,,SABADO,6,False
freeze_20260610_192142,baselines_full_20260718,seasonal_naive_daily,1,30,14,2025-04-19 06:30:00,2025-04-19 07:00:00,1,55.0,16.0,-39.0,39.0,1521.0,SABADO,7,False
freeze_20260610_192142,baselines_full_20260718,seasonal_naive_daily,1,30,14,2025-04-19 09:30:00,2025-04-19 10:00:00,1,70.0,24.0,-46.0,46.0,2116.0,SABADO,10,False
freeze_20260610_192142,baselines_full_20260718,seasonal_naive_daily,1,30,14,2025-04-21 09:00:00,2025-04-21 09:30:00,1,139.0,33.0,-106.0,106.0,11236.0,LABORAL,9,False
freeze_20260610_192142,baselines_full_20260718,seasonal_naive_daily,1,30,14,2025-04-24 16:30:00,2025-04-24 17:00:00,1,93.0,88.0,-5.0,5.0,25.0,LABORAL,17,False
freeze_20260610_192142,baselines_full_20260718,seasonal_naive_daily,1,30,14,2025-04-27 16:00:00,2025-04-27 16:30:00,1,,111.0,,,,DOMINGO,16,True
freeze_20260610_192142,baselines_full_20260718,seasonal_naive_daily,1,30,14,2025-04-28 15:30:00,2025-04-28 16:00:00,1,171.0,,,,,LABORAL,16,False
freeze_20260610_192142,baselines_full_20260718,seasonal_naive_daily,1,30,15,2025-04-29 07:30:00,2025-04-29 08:00:00,1,170.0,145.0,-25.0,25.0,625.0,LABORAL,8,False
freeze_20260610_192142,baselines_full_20260718,seasonal_naive_daily,1,30,15,2025-04-29 10:00:00,2025-04-29 10:30:00,1,115.0,193.0,78.0,78.0,6084.0,LABORAL,10,False
freeze_20260610_192142,baselines_full_20260718,seasonal_naive_daily,1,30,15,2025-04-30 08:30:00,2025-04-30 09:00:00,1,135.0,127.0,-8.0,8.0,64.0,LABORAL,9,False
freeze_20260610_192142,baselines_full_20260718,seasonal_naive_daily,1,30,15,2025-05-01 08:30:00,2025-05-01 09:00:00,1,83.0,135.0,52.0,52.0,2704.0,FESTIVO,9,False
freeze_20260610_192142,baselines_full_20260718,seasonal_naive_daily,1,30,15,2025-05-01 14:00:00,2025-05-01 14:30:00,1,,234.0,,,,FESTIVO,14,True
freeze_20260610_192142,baselines_full_20260718,seasonal_naive_daily,1,30,15,2025-05-01 16:00:00,2025-05-01 16:30:00,1,44.0,102.0,58.0,58.0,3364.0,FESTIVO,16,False
freeze_20260610_192142,baselines_full_20260718,seasonal_naive_daily,1,30,15,2025-05-02 07:30:00,2025-05-02 08:00:00,1,131.0,45.0,-86.0,86.0,7396.0,LABORAL,8,False
freeze_20260610_192142,baselines_full_20260718,seasonal_naive_daily,1,30,15,2025-05-03 09:00:00,2025-05-03 09:30:00,1,117.0,147.0,30.0,30.0,900.0,SABADO,9,False
freeze_20260610_192142,baselines_full_20260718,seasonal_naive_daily,1,30,15,2025-05-03 15:30:00,2025-05-03 16:00:00,1,52.0,118.0,66.0,66.0,4356.0,SABADO,16,False
freeze_20260610_192142,baselines_full_20260718,seasonal_naive_daily,1,30,15,2025-05-04 06:00:00,2025-05-04 06:30:00,1,50.0,133.0,83.0,83.0,6889.0,DOMINGO,6,False
freeze_20260610_192142,baselines_full_20260718,seasonal_naive_daily,1,30,15,2025-05-04 06:30:00,2025-05-04 07:00:00,1,,101.0,,,,DOMINGO,7,True
freeze_20260610_192142,baselines_full_20260718,seasonal_naive_daily,1,30,15,2025-05-05 05:00:00,2025-05-05 05:30:00,1,159.0,20.0,-139.0,139.0,19321.0,LABORAL,5,False
freeze_20260610_192142,baselines_full_20260718,seasonal_naive_daily,1,30,15,2025-05-05 11:30:00,2025-05-05 12:00:00,1,164.0,47.0,-117.0,117.0,13689.0,LABORAL,12,False
freeze_20260610_192142,baselines_full_20260718,seasonal_naive_daily,1,30,15,2025-05-05 17:00:00,2025-05-05 17:30:00,1,64.0,,,,,LABORAL,17,False
freeze_20260610_192142,baselines_full_20260718,seasonal_naive_daily,1,30,15,2025-05-07 07:30:00,2025-05-07 08:00:00,1,116.0,166.0,50.0,50.0,2500.0,LABORAL,8,False
freeze_20260610_192142,baselines_full_20260718,seasonal_naive_daily,1,30,15,2025-05-07 12:00:00,2025-05-07 12:30:00,1,186.0,152.0,-34.0,34.0,1156.0,LABORAL,12,False
freeze_20260610_192142,baselines_full_20260718,seasonal_naive_daily,1,30,15,2025-05-07 14:00:00,2025-05-07 14:30:00,1,217.0,168.0,-49.0,49.0,2401.0,LABORAL,14,False
freeze_20260610_192142,baselines_full_20260718,seasonal_naive_daily,1,30,15,2025-05-08 06:30:00,2025-05-08 07:00:00,1,108.0,180.0,72.0,72.0,5184.0,LABORAL,7,False
freeze_20260610_192142,baselines_full_20260718,seasonal_naive_daily,1,30,15,2025-05-10 05:30:00,2025-05-10 06:00:00,1,82.0,134.0,52.0,52.0,2704.0,SABADO,6,False
freeze_20260610_192142,baselines_full_20260718,seasonal_naive_daily,1,30,15,2025-05-10 12:30:00,2025-05-10 13:00:00,1,106.0,137.0,31.0,31.0,961.0,SABADO,13,False
freeze_20260610_192142,baselines_full_20260718,seasonal_naive_daily,1,30,15,2025-05-10 13:30:00,2025-05-10 14:00:00,1,94.0,133.0,39.0,39.0,1521.0,SABADO,14,False
freeze_20260610_192142,baselines_full_20260718,seasonal_naive_daily,1,30,15,2025-05-11 13:00:00,2025-05-11 13:30:00,1,32.0,100.0,68.0,68.0,4624.0,DOMINGO,13,False
freeze_20260610_192142,baselines_full_20260718,seasonal_naive_daily,1,30,16,2025-05-13 04:00:00,2025-05-13 04:30:00,1,147.0,143.0,-4.0,4.0,16.0,LABORAL,4,False
freeze_20260610_192142,baselines_full_20260718,seasonal_naive_daily,1,30,16,2025-05-14 04:00:00,2025-05-14 04:30:00,1,194.0,147.0,-47.0,47.0,2209.0,LABORAL,4,False
freeze_20260610_192142,baselines_full_20260718,seasonal_naive_daily,1,30,16,2025-05-14 06:00:00,2025-05-14 06:30:00,1,126.0,149.0,23.0,23.0,529.0,LABORAL,6,False
freeze_20260610_192142,baselines_full_20260718,seasonal_naive_daily,1,30,16,2025-05-14 07:00:00,2025-05-14 07:30:00,1,158.0,200.0,42.0,42.0,1764.0,LABORAL,7,False
freeze_20260610_192142,baselines_full_20260718,seasonal_naive_daily,1,30,16,2025-05-14 16:30:00,2025-05-14 17:00:00,1,59.0,119.0,60.0,60.0,3600.0,LABORAL,17,False
freeze_20260610_192142,baselines_full_20260718,seasonal_naive_daily,1,30,16,2025-05-16 12:30:00,2025-05-16 13:00:00,1,103.0,133.0,30.0,30.0,900.0,LABORAL,13,False
freeze_20260610_192142,baselines_full_20260718,seasonal_naive_daily,1,30,16,2025-05-19 10:30:00,2025-05-19 11:00:00,1,108.0,32.0,-76.0,76.0,5776.0,LABORAL,11,False
freeze_20260610_192142,baselines_full_20260718,seasonal_naive_daily,1,30,16,2025-05-20 06:00:00,2025-05-20 06:30:00,1,139.0,202.0,63.0,63.0,3969.0,LABORAL,6,False
freeze_20260610_192142,baselines_full_20260718,seasonal_naive_daily,1,30,16,2025-05-21 09:30:00,2025-05-21 10:00:00,1,127.0,133.0,6.0,6.0,36.0,LABORAL,10,False
freeze_20260610_192142,baselines_full_20260718,seasonal_naive_daily,1,30,16,2025-05-24 14:00:00,2025-05-24 14:30:00,1,73.0,195.0,122.0,122.0,14884.0,SABADO,14,False
freeze_20260610_192142,baselines_full_20260718,seasonal_naive_daily,1,30,16,2025-05-26 10:00:00,2025-05-26 10:30:00,1,89.0,36.0,-53.0,53.0,2809.0,LABORAL,10,False
freeze_20260610_192142,baselines_full_20260718,seasonal_naive_daily,1,30,16,2025-05-26 14:00:00,2025-05-26 14:30:00,1,147.0,38.0,-109.0,109.0,11881.0,LABORAL,14,False
freeze_20260610_192142,baselines_full_20260718,seasonal_naive_daily,1,30,17,2025-05-28 06:00:00,2025-05-28 06:30:00,1,121.0,121.0,0.0,0.0,0.0,LABORAL,6,False
freeze_20260610_192142,baselines_full_20260718,seasonal_naive_daily,1,30,17,2025-05-29 10:30:00,2025-05-29 11:00:00,1,65.0,55.0,-10.0,10.0,100.0,LABORAL,11,False
freeze_20260610_192142,baselines_full_20260718,seasonal_naive_daily,1,30,17,2025-05-29 11:30:00,2025-05-29 12:00:00,1,78.0,60.0,-18.0,18.0,324.0,LABORAL,12,False
freeze_20260610_192142,baselines_full_20260718,seasonal_naive_daily,1,30,17,2025-05-29 16:30:00,2025-05-29 17:00:00,1,95.0,65.0,-30.0,30.0,900.0,LABORAL,17,False
freeze_20260610_192142,baselines_full_20260718,seasonal_naive_daily,1,30,17,2025-05-30 12:30:00,2025-05-30 13:00:00,1,134.0,94.0,-40.0,40.0,1600.0,LABORAL,13,False
freeze_20260610_192142,baselines_full_20260718,seasonal_naive_daily,1,30,17,2025-05-31 08:30:00,2025-05-31 09:00:00,1,132.0,122.0,-10.0,10.0,100.0,SABADO,9,False
freeze_20260610_192142,baselines_full_20260718,seasonal_naive_daily,1,30,17,2025-05-31 11:00:00,2025-05-31 11:30:00,1,87.0,104.0,17.0,17.0,289.0,SABADO,11,False
freeze_20260610_192142,baselines_full_20260718,seasonal_naive_daily,1,30,17,2025-05-31 16:00:00,2025-05-31 16:30:00,1,37.0,203.0,166.0,166.0,27556.0,SABADO,16,False
freeze_20260610_192142,baselines_full_20260718,seasonal_naive_daily,1,30,17,2025-06-02 06:30:00,2025-06-02 07:00:00,1,38.0,56.0,18.0,18.0,324.0,FESTIVO_PUENTE,7,False
freeze_20260610_192142,baselines_full_20260718,seasonal_naive_daily,1,30,17,2025-06-03 10:00:00,2025-06-03 10:30:00,1,64.0,74.0,10.0,10.0,100.0,LABORAL,10,False
freeze_20260610_192142,baselines_full_20260718,seasonal_naive_daily,1,30,17,2025-06-03 16:30:00,2025-06-03 17:00:00,1,77.0,,,,,LABORAL,17,False
freeze_20260610_192142,baselines_full_20260718,seasonal_naive_daily,1,30,17,2025-06-06 13:00:00,2025-06-06 13:30:00,1,223.0,147.0,-76.0,76.0,5776.0,LABORAL,13,False
freeze_20260610_192142,baselines_full_20260718,seasonal_naive_daily,1,30,17,2025-06-08 09:00:00,2025-06-08 09:30:00,1,15.0,102.0,87.0,87.0,7569.0,DOMINGO,9,False
freeze_20260610_192142,baselines_full_20260718,seasonal_naive_daily,1,30,18,2025-06-11 10:00:00,2025-06-11 10:30:00,1,57.0,67.0,10.0,10.0,100.0,LABORAL,10,False
freeze_20260610_192142,baselines_full_20260718,seasonal_naive_daily,1,30,18,2025-06-12 08:00:00,2025-06-12 08:30:00,1,166.0,119.0,-47.0,47.0,2209.0,LABORAL,8,False
freeze_20260610_192142,baselines_full_20260718,seasonal_naive_daily,1,30,18,2025-06-17 07:30:00,2025-06-17 08:00:00,1,215.0,131.0,-84.0,84.0,7056.0,LABORAL,8,False
freeze_20260610_192142,baselines_full_20260718,seasonal_naive_daily,1,30,18,2025-06-17 17:00:00,2025-06-17 17:30:00,1,64.0,29.0,-35.0,35.0,1225.0,LABORAL,17,False
freeze_20260610_192142,baselines_full_20260718,seasonal_naive_daily,1,30,18,2025-06-18 12:00:00,2025-06-18 12:30:00,1,165.0,79.0,-86.0,86.0,7396.0,LABORAL,12,False
freeze_20260610_192142,baselines_full_20260718,seasonal_naive_daily,1,30,18,2025-06-18 13:00:00,2025-06-18 13:30:00,1,165.0,152.0,-13.0,13.0,169.0,LABORAL,13,False
freeze_20260610_192142,baselines_full_20260718,seasonal_naive_daily,1,30,18,2025-06-18 16:00:00,2025-06-18 16:30:00,1,133.0,105.0,-28.0,28.0,784.0,LABORAL,16,False
freeze_20260610_192142,baselines_full_20260718,seasonal_naive_daily,1,30,18,2025-06-18 17:30:00,2025-06-18 18:00:00,1,,32.0,,,,LABORAL,18,True
freeze_20260610_192142,baselines_full_20260718,seasonal_naive_daily,1,30,18,2025-06-19 07:30:00,2025-06-19 08:00:00,1,95.0,114.0,19.0,19.0,361.0,LABORAL,8,False
freeze_20260610_192142,baselines_full_20260718,seasonal_naive_daily,1,30,18,2025-06-20 14:30:00,2025-06-20 15:00:00,1,182.0,161.0,-21.0,21.0,441.0,LABORAL,15,False
freeze_20260610_192142,baselines_full_20260718,seasonal_naive_daily,1,30,18,2025-06-21 08:30:00,2025-06-21 09:00:00,1,103.0,123.0,20.0,20.0,400.0,SABADO,9,False
freeze_20260610_192142,baselines_full_20260718,seasonal_naive_daily,1,30,18,2025-06-23 07:00:00,2025-06-23 07:30:00,1,19.0,55.0,36.0,36.0,1296.0,FESTIVO_PUENTE,7,False
freeze_20260610_192142,baselines_full_20260718,seasonal_naive_daily,1,30,18,2025-06-23 13:00:00,2025-06-23 13:30:00,1,27.0,,,,,FESTIVO_PUENTE,13,False
freeze_20260610_192142,baselines_full_20260718,seasonal_naive_daily,1,30,19,2025-06-24 13:30:00,2025-06-24 14:00:00,1,92.0,,,,,LABORAL,14,False
freeze_20260610_192142,baselines_full_20260718,seasonal_naive_daily,1,30,19,2025-06-25 11:00:00,2025-06-25 11:30:00,1,98.0,39.0,-59.0,59.0,3481.0,LABORAL,11,False
freeze_20260610_192142,baselines_full_20260718,seasonal_naive_daily,1,30,19,2025-06-26 17:30:00,2025-06-26 18:00:00,1,,,,,,LABORAL,18,True
freeze_20260610_192142,baselines_full_20260718,seasonal_naive_daily,1,30,19,2025-06-27 13:00:00,2025-06-27 13:30:00,1,123.0,169.0,46.0,46.0,2116.0,LABORAL,13,False
freeze_20260610_192142,baselines_full_20260718,seasonal_naive_daily,1,30,19,2025-06-28 04:00:00,2025-06-28 04:30:00,1,107.0,144.0,37.0,37.0,1369.0,SABADO,4,False
freeze_20260610_192142,baselines_full_20260718,seasonal_naive_daily,1,30,19,2025-06-28 06:00:00,2025-06-28 06:30:00,1,143.0,164.0,21.0,21.0,441.0,SABADO,6,False
freeze_20260610_192142,baselines_full_20260718,seasonal_naive_daily,1,30,19,2025-06-29 09:00:00,2025-06-29 09:30:00,1,29.0,88.0,59.0,59.0,3481.0,DOMINGO,9,False
freeze_20260610_192142,baselines_full_20260718,seasonal_naive_daily,1,30,19,2025-06-30 15:00:00,2025-06-30 15:30:00,1,33.0,27.0,-6.0,6.0,36.0,FESTIVO_PUENTE,15,False
freeze_20260610_192142,baselines_full_20260718,seasonal_naive_daily,1,30,19,2025-07-02 14:30:00,2025-07-02 15:00:00,1,64.0,192.0,128.0,128.0,16384.0,LABORAL,15,False
freeze_20260610_192142,baselines_full_20260718,seasonal_naive_daily,1,30,19,2025-07-04 09:30:00,2025-07-04 10:00:00,1,98.0,126.0,28.0,28.0,784.0,LABORAL,10,False
freeze_20260610_192142,baselines_full_20260718,seasonal_naive_daily,1,30,19,2025-07-06 04:30:00,2025-07-06 05:00:00,1,,81.0,,,,DOMINGO,5,True
freeze_20260610_192142,baselines_full_20260718,seasonal_naive_daily,1,30,19,2025-07-06 08:00:00,2025-07-06 08:30:00,1,,109.0,,,,DOMINGO,8,True
freeze_20260610_192142,baselines_full_20260718,seasonal_naive_daily,1,30,19,2025-07-06 08:30:00,2025-07-06 09:00:00,1,39.0,107.0,68.0,68.0,4624.0,DOMINGO,9,False
freeze_20260610_192142,baselines_full_20260718,seasonal_naive_daily,1,30,19,2025-07-07 09:00:00,2025-07-07 09:30:00,1,123.0,25.0,-98.0,98.0,9604.0,LABORAL,9,False
freeze_20260610_192142,baselines_full_20260718,seasonal_naive_daily,1,30,20,2025-07-08 06:00:00,2025-07-08 06:30:00,1,151.0,127.0,-24.0,24.0,576.0,LABORAL,6,False
freeze_20260610_192142,baselines_full_20260718,seasonal_naive_daily,1,30,20,2025-07-08 10:00:00,2025-07-08 10:30:00,1,100.0,94.0,-6.0,6.0,36.0,LABORAL,10,False
freeze_20260610_192142,baselines_full_20260718,seasonal_naive_daily,1,30,20,2025-07-08 14:00:00,2025-07-08 14:30:00,1,240.0,231.0,-9.0,9.0,81.0,LABORAL,14,False
freeze_20260610_192142,baselines_full_20260718,seasonal_naive_daily,1,30,20,2025-07-10 07:00:00,2025-07-10 07:30:00,1,153.0,141.0,-12.0,12.0,144.0,LABORAL,7,False
freeze_20260610_192142,baselines_full_20260718,seasonal_naive_daily,1,30,20,2025-07-11 08:00:00,2025-07-11 08:30:00,1,104.0,73.0,-31.0,31.0,961.0,LABORAL,8,False
freeze_20260610_192142,baselines_full_20260718,seasonal_naive_daily,1,30,20,2025-07-11 09:30:00,2025-07-11 10:00:00,1,88.0,100.0,12.0,12.0,144.0,LABORAL,10,False
freeze_20260610_192142,baselines_full_20260718,seasonal_naive_daily,1,30,20,2025-07-11 12:30:00,2025-07-11 13:00:00,1,109.0,162.0,53.0,53.0,2809.0,LABORAL,13,False
freeze_20260610_192142,baselines_full_20260718,seasonal_naive_daily,1,30,20,2025-07-13 06:00:00,2025-07-13 06:30:00,1,,101.0,,,,DOMINGO,6,True
freeze_20260610_192142,baselines_full_20260718,seasonal_naive_daily,1,30,20,2025-07-14 08:30:00,2025-07-14 09:00:00,1,110.0,51.0,-59.0,59.0,3481.0,LABORAL,9,False
freeze_20260610_192142,baselines_full_20260718,seasonal_naive_daily,1,30,20,2025-07-16 10:00:00,2025-07-16 10:30:00,1,97.0,105.0,8.0,8.0,64.0,LABORAL,10,False
freeze_20260610_192142,baselines_full_20260718,seasonal_naive_daily,1,30,20,2025-07-17 17:30:00,2025-07-17 18:00:00,1,,39.0,,,,LABORAL,18,True
freeze_20260610_192142,baselines_full_20260718,seasonal_naive_daily,1,30,20,2025-07-18 08:30:00,2025-07-18 09:00:00,1,153.0,76.0,-77.0,77.0,5929.0,LABORAL,9,False
freeze_20260610_192142,baselines_full_20260718,seasonal_naive_daily,1,30,20,2025-07-18 16:30:00,2025-07-18 17:00:00,1,62.0,99.0,37.0,37.0,1369.0,LABORAL,17,False
freeze_20260610_192142,baselines_full_20260718,seasonal_naive_daily,1,30,20,2025-07-19 06:30:00,2025-07-19 07:00:00,1,82.0,114.0,32.0,32.0,1024.0,SABADO,7,False
freeze_20260610_192142,baselines_full_20260718,seasonal_naive_daily,1,30,20,2025-07-19 14:30:00,2025-07-19 15:00:00,1,27.0,220.0,193.0,193.0,37249.0,SABADO,15,False
freeze_20260610_192142,baselines_full_20260718,seasonal_naive_daily,1,30,20,2025-07-21 12:30:00,2025-07-21 13:00:00,1,91.0,,,,,LABORAL,13,False
freeze_20260610_192142,baselines_full_20260718,seasonal_naive_daily,1,30,21,2025-07-22 11:30:00,2025-07-22 12:00:00,1,115.0,148.0,33.0,33.0,1089.0,LABORAL,12,False
freeze_20260610_192142,baselines_full_20260718,seasonal_naive_daily,1,30,21,2025-07-23 04:00:00,2025-07-23 04:30:00,1,121.0,175.0,54.0,54.0,2916.0,LABORAL,4,False
freeze_20260610_192142,baselines_full_20260718,seasonal_naive_daily,1,30,21,2025-07-23 07:00:00,2025-07-23 07:30:00,1,124.0,146.0,22.0,22.0,484.0,LABORAL,7,False
freeze_20260610_192142,baselines_full_20260718,seasonal_naive_daily,1,30,21,2025-07-24 04:30:00,2025-07-24 05:00:00,1,101.0,137.0,36.0,36.0,1296.0,LABORAL,5,False
freeze_20260610_192142,baselines_full_20260718,seasonal_naive_daily,1,30,21,2025-07-25 05:00:00,2025-07-25 05:30:00,1,133.0,176.0,43.0,43.0,1849.0,LABORAL,5,False
freeze_20260610_192142,baselines_full_20260718,seasonal_naive_daily,1,30,21,2025-07-25 08:00:00,2025-07-25 08:30:00,1,126.0,134.0,8.0,8.0,64.0,LABORAL,8,False
freeze_20260610_192142,baselines_full_20260718,seasonal_naive_daily,1,30,21,2025-07-25 16:00:00,2025-07-25 16:30:00,1,133.0,107.0,-26.0,26.0,676.0,LABORAL,16,False
freeze_20260610_192142,baselines_full_20260718,seasonal_naive_daily,1,30,21,2025-07-27 09:30:00,2025-07-27 10:00:00,1,18.0,69.0,51.0,51.0,2601.0,DOMINGO,10,False
freeze_20260610_192142,baselines_full_20260718,seasonal_naive_daily,1,30,21,2025-07-28 08:00:00,2025-07-28 08:30:00,1,114.0,37.0,-77.0,77.0,5929.0,LABORAL,8,False
freeze_20260610_192142,baselines_full_20260718,seasonal_naive_daily,1,30,21,2025-07-28 12:00:00,2025-07-28 12:30:00,1,151.0,32.0,-119.0,119.0,14161.0,LABORAL,12,False
freeze_20260610_192142,baselines_full_20260718,seasonal_naive_daily,1,30,21,2025-07-30 13:30:00,2025-07-30 14:00:00,1,102.0,168.0,66.0,66.0,4356.0,LABORAL,14,False
freeze_20260610_192142,baselines_full_20260718,seasonal_naive_daily,1,30,21,2025-07-30 14:30:00,2025-07-30 15:00:00,1,189.0,307.0,118.0,118.0,13924.0,LABORAL,15,False
freeze_20260610_192142,baselines_full_20260718,seasonal_naive_daily,1,30,21,2025-07-30 16:00:00,2025-07-30 16:30:00,1,124.0,148.0,24.0,24.0,576.0,LABORAL,16,False
freeze_20260610_192142,baselines_full_20260718,seasonal_naive_daily,1,30,21,2025-07-31 06:00:00,2025-07-31 06:30:00,1,121.0,160.0,39.0,39.0,1521.0,LABORAL,6,False
freeze_20260610_192142,baselines_full_20260718,seasonal_naive_daily,1,30,21,2025-08-02 08:00:00,2025-08-02 08:30:00,1,109.0,121.0,12.0,12.0,144.0,SABADO,8,False
freeze_20260610_192142,baselines_full_20260718,seasonal_naive_daily,1,30,22,2025-08-05 09:30:00,2025-08-05 10:00:00,1,113.0,133.0,20.0,20.0,400.0,LABORAL,10,False
freeze_20260610_192142,baselines_full_20260718,seasonal_naive_daily,1,30,22,2025-08-06 07:00:00,2025-08-06 07:30:00,1,50.0,65.0,15.0,15.0,225.0,LABORAL,7,False
freeze_20260610_192142,baselines_full_20260718,seasonal_naive_daily,1,30,22,2025-08-07 10:30:00,2025-08-07 11:00:00,1,51.0,117.0,66.0,66.0,4356.0,FESTIVO,11,False
freeze_20260610_192142,baselines_full_20260718,seasonal_naive_daily,1,30,22,2025-08-09 07:30:00,2025-08-09 08:00:00,1,94.0,143.0,49.0,49.0,2401.0,SABADO,8,False
freeze_20260610_192142,baselines_full_20260718,seasonal_naive_daily,1,30,22,2025-08-09 14:00:00,2025-08-09 14:30:00,1,77.0,256.0,179.0,179.0,32041.0,SABADO,14,False
freeze_20260610_192142,baselines_full_20260718,seasonal_naive_daily,1,30,22,2025-08-09 14:30:00,2025-08-09 15:00:00,1,78.0,155.0,77.0,77.0,5929.0,SABADO,15,False
freeze_20260610_192142,baselines_full_20260718,seasonal_naive_daily,1,30,22,2025-08-10 04:30:00,2025-08-10 05:00:00,1,,79.0,,,,DOMINGO,5,True
freeze_20260610_192142,baselines_full_20260718,seasonal_naive_daily,1,30,22,2025-08-12 08:00:00,2025-08-12 08:30:00,1,135.0,144.0,9.0,9.0,81.0,LABORAL,8,False
freeze_20260610_192142,baselines_full_20260718,seasonal_naive_daily,1,30,22,2025-08-13 08:30:00,2025-08-13 09:00:00,1,180.0,130.0,-50.0,50.0,2500.0,LABORAL,9,False
freeze_20260610_192142,baselines_full_20260718,seasonal_naive_daily,1,30,22,2025-08-14 10:00:00,2025-08-14 10:30:00,1,46.0,123.0,77.0,77.0,5929.0,LABORAL,10,False
freeze_20260610_192142,baselines_full_20260718,seasonal_naive_daily,1,30,22,2025-08-14 14:00:00,2025-08-14 14:30:00,1,180.0,199.0,19.0,19.0,361.0,LABORAL,14,False
freeze_20260610_192142,baselines_full_20260718,seasonal_naive_daily,1,30,22,2025-08-15 05:30:00,2025-08-15 06:00:00,1,85.0,155.0,70.0,70.0,4900.0,LABORAL,6,False
freeze_20260610_192142,baselines_full_20260718,seasonal_naive_daily,1,30,22,2025-08-17 12:00:00,2025-08-17 12:30:00,1,33.0,125.0,92.0,92.0,8464.0,DOMINGO,12,False
freeze_20260610_192142,baselines_full_20260718,seasonal_naive_daily,1,30,23,2025-08-19 06:00:00,2025-08-19 06:30:00,1,101.0,,,,,LABORAL,6,False
freeze_20260610_192142,baselines_full_20260718,seasonal_naive_daily,1,30,23,2025-08-19 16:00:00,2025-08-19 16:30:00,1,115.0,,,,,LABORAL,16,False
freeze_20260610_192142,baselines_full_20260718,seasonal_naive_daily,1,30,23,2025-08-20 14:00:00,2025-08-20 14:30:00,1,114.0,140.0,26.0,26.0,676.0,LABORAL,14,False
freeze_20260610_192142,baselines_full_20260718,seasonal_naive_daily,1,30,23,2025-08-21 06:00:00,2025-08-21 06:30:00,1,146.0,112.0,-34.0,34.0,1156.0,LABORAL,6,False
freeze_20260610_192142,baselines_full_20260718,seasonal_naive_daily,1,30,23,2025-08-21 06:30:00,2025-08-21 07:00:00,1,129.0,167.0,38.0,38.0,1444.0,LABORAL,7,False
freeze_20260610_192142,baselines_full_20260718,seasonal_naive_daily,1,30,23,2025-08-21 10:00:00,2025-08-21 10:30:00,1,111.0,105.0,-6.0,6.0,36.0,LABORAL,10,False
freeze_20260610_192142,baselines_full_20260718,seasonal_naive_daily,1,30,23,2025-08-22 14:00:00,2025-08-22 14:30:00,1,245.0,214.0,-31.0,31.0,961.0,LABORAL,14,False
freeze_20260610_192142,baselines_full_20260718,seasonal_naive_daily,1,30,23,2025-08-23 14:30:00,2025-08-23 15:00:00,1,45.0,174.0,129.0,129.0,16641.0,SABADO,15,False
freeze_20260610_192142,baselines_full_20260718,seasonal_naive_daily,1,30,23,2025-08-24 11:30:00,2025-08-24 12:00:00,1,38.0,112.0,74.0,74.0,5476.0,DOMINGO,12,False
freeze_20260610_192142,baselines_full_20260718,seasonal_naive_daily,1,30,23,2025-08-24 12:30:00,2025-08-24 13:00:00,1,26.0,27.0,1.0,1.0,1.0,DOMINGO,13,False
freeze_20260610_192142,baselines_full_20260718,seasonal_naive_daily,1,30,23,2025-08-25 12:30:00,2025-08-25 13:00:00,1,115.0,26.0,-89.0,89.0,7921.0,LABORAL,13,False
freeze_20260610_192142,baselines_full_20260718,seasonal_naive_daily,1,30,23,2025-08-25 14:00:00,2025-08-25 14:30:00,1,86.0,,,,,LABORAL,14,False
freeze_20260610_192142,baselines_full_20260718,seasonal_naive_daily,1,30,23,2025-08-26 04:30:00,2025-08-26 05:00:00,1,123.0,67.0,-56.0,56.0,3136.0,LABORAL,5,False
freeze_20260610_192142,baselines_full_20260718,seasonal_naive_daily,1,30,23,2025-08-26 08:30:00,2025-08-26 09:00:00,1,133.0,170.0,37.0,37.0,1369.0,LABORAL,9,False
freeze_20260610_192142,baselines_full_20260718,seasonal_naive_daily,1,30,23,2025-08-26 12:30:00,2025-08-26 13:00:00,1,154.0,115.0,-39.0,39.0,1521.0,LABORAL,13,False
freeze_20260610_192142,baselines_full_20260718,seasonal_naive_daily,1,30,23,2025-08-27 07:30:00,2025-08-27 08:00:00,1,171.0,144.0,-27.0,27.0,729.0,LABORAL,8,False
freeze_20260610_192142,baselines_full_20260718,seasonal_naive_daily,1,30,23,2025-08-28 08:30:00,2025-08-28 09:00:00,1,140.0,183.0,43.0,43.0,1849.0,LABORAL,9,False
freeze_20260610_192142,baselines_full_20260718,seasonal_naive_daily,1,30,23,2025-08-28 13:30:00,2025-08-28 14:00:00,1,182.0,143.0,-39.0,39.0,1521.0,LABORAL,14,False
freeze_20260610_192142,baselines_full_20260718,seasonal_naive_daily,1,30,23,2025-08-28 15:00:00,2025-08-28 15:30:00,1,231.0,159.0,-72.0,72.0,5184.0,LABORAL,15,False
freeze_20260610_192142,baselines_full_20260718,seasonal_naive_daily,1,30,23,2025-08-29 08:00:00,2025-08-29 08:30:00,1,149.0,123.0,-26.0,26.0,676.0,LABORAL,8,False
freeze_20260610_192142,baselines_full_20260718,seasonal_naive_daily,1,30,23,2025-08-29 14:00:00,2025-08-29 14:30:00,1,140.0,143.0,3.0,3.0,9.0,LABORAL,14,False
freeze_20260610_192142,baselines_full_20260718,seasonal_naive_daily,1,30,23,2025-08-29 17:30:00,2025-08-29 18:00:00,1,,9.0,,,,LABORAL,18,True
freeze_20260610_192142,baselines_full_20260718,seasonal_naive_daily,1,30,23,2025-09-01 16:30:00,2025-09-01 17:00:00,1,101.0,,,,,LABORAL,17,False
freeze_20260610_192142,baselines_full_20260718,seasonal_naive_daily,1,30,24,2025-09-02 05:00:00,2025-09-02 05:30:00,1,212.0,151.0,-61.0,61.0,3721.0,LABORAL,5,False
freeze_20260610_192142,baselines_full_20260718,seasonal_naive_daily,1,30,24,2025-09-02 11:00:00,2025-09-02 11:30:00,1,108.0,119.0,11.0,11.0,121.0,LABORAL,11,False
freeze_20260610_192142,baselines_full_20260718,seasonal_naive_daily,1,30,24,2025-09-04 15:00:00,2025-09-04 15:30:00,1,170.0,172.0,2.0,2.0,4.0,LABORAL,15,False
freeze_20260610_192142,baselines_full_20260718,seasonal_naive_daily,1,30,24,2025-09-04 17:00:00,2025-09-04 17:30:00,1,50.0,33.0,-17.0,17.0,289.0,LABORAL,17,False
freeze_20260610_192142,baselines_full_20260718,seasonal_naive_daily,1,30,24,2025-09-06 11:00:00,2025-09-06 11:30:00,1,129.0,118.0,-11.0,11.0,121.0,SABADO,11,False
freeze_20260610_192142,baselines_full_20260718,seasonal_naive_daily,1,30,24,2025-09-08 10:00:00,2025-09-08 10:30:00,1,103.0,,,,,LABORAL,10,False
freeze_20260610_192142,baselines_full_20260718,seasonal_naive_daily,1,30,24,2025-09-08 13:30:00,2025-09-08 14:00:00,1,153.0,27.0,-126.0,126.0,15876.0,LABORAL,14,False
freeze_20260610_192142,baselines_full_20260718,seasonal_naive_daily,1,30,24,2025-09-09 14:30:00,2025-09-09 15:00:00,1,194.0,184.0,-10.0,10.0,100.0,LABORAL,15,False
freeze_20260610_192142,baselines_full_20260718,seasonal_naive_daily,1,30,24,2025-09-10 09:00:00,2025-09-10 09:30:00,1,91.0,75.0,-16.0,16.0,256.0,LABORAL,9,False
freeze_20260610_192142,baselines_full_20260718,seasonal_naive_daily,1,30,24,2025-09-10 10:30:00,2025-09-10 11:00:00,1,99.0,135.0,36.0,36.0,1296.0,LABORAL,11,False
freeze_20260610_192142,baselines_full_20260718,seasonal_naive_daily,1,30,24,2025-09-11 04:30:00,2025-09-11 05:00:00,1,130.0,127.0,-3.0,3.0,9.0,LABORAL,5,False
freeze_20260610_192142,baselines_full_20260718,seasonal_naive_daily,1,30,24,2025-09-15 07:30:00,2025-09-15 08:00:00,1,124.0,63.0,-61.0,61.0,3721.0,LABORAL,8,False
freeze_20260610_192142,baselines_full_20260718,seasonal_naive_daily,1,30,25,2025-09-16 07:00:00,2025-09-16 07:30:00,1,111.0,174.0,63.0,63.0,3969.0,LABORAL,7,False
freeze_20260610_192142,baselines_full_20260718,seasonal_naive_daily,1,30,25,2025-09-16 15:30:00,2025-09-16 16:00:00,1,142.0,84.0,-58.0,58.0,3364.0,LABORAL,16,False
freeze_20260610_192142,baselines_full_20260718,seasonal_naive_daily,1,30,25,2025-09-16 16:00:00,2025-09-16 16:30:00,1,165.0,183.0,18.0,18.0,324.0,LABORAL,16,False
freeze_20260610_192142,baselines_full_20260718,seasonal_naive_daily,1,30,25,2025-09-19 13:30:00,2025-09-19 14:00:00,1,159.0,118.0,-41.0,41.0,1681.0,LABORAL,14,False
freeze_20260610_192142,baselines_full_20260718,seasonal_naive_daily,1,30,25,2025-09-20 08:00:00,2025-09-20 08:30:00,1,120.0,134.0,14.0,14.0,196.0,SABADO,8,False
freeze_20260610_192142,baselines_full_20260718,seasonal_naive_daily,1,30,25,2025-09-22 05:30:00,2025-09-22 06:00:00,1,197.0,27.0,-170.0,170.0,28900.0,LABORAL,6,False
freeze_20260610_192142,baselines_full_20260718,seasonal_naive_daily,1,30,25,2025-09-22 15:30:00,2025-09-22 16:00:00,1,272.0,29.0,-243.0,243.0,59049.0,LABORAL,16,False
freeze_20260610_192142,baselines_full_20260718,seasonal_naive_daily,1,30,25,2025-09-23 10:30:00,2025-09-23 11:00:00,1,138.0,94.0,-44.0,44.0,1936.0,LABORAL,11,False
freeze_20260610_192142,baselines_full_20260718,seasonal_naive_daily,1,30,25,2025-09-23 13:30:00,2025-09-23 14:00:00,1,195.0,186.0,-9.0,9.0,81.0,LABORAL,14,False
freeze_20260610_192142,baselines_full_20260718,seasonal_naive_daily,1,30,25,2025-09-25 05:00:00,2025-09-25 05:30:00,1,139.0,99.0,-40.0,40.0,1600.0,LABORAL,5,False
freeze_20260610_192142,baselines_full_20260718,seasonal_naive_daily,1,30,25,2025-09-26 08:00:00,2025-09-26 08:30:00,1,87.0,175.0,88.0,88.0,7744.0,LABORAL,8,False
freeze_20260610_192142,baselines_full_20260718,seasonal_naive_daily,1,30,25,2025-09-27 09:30:00,2025-09-27 10:00:00,1,104.0,59.0,-45.0,45.0,2025.0,SABADO,10,False
freeze_20260610_192142,baselines_full_20260718,seasonal_naive_daily,1,30,25,2025-09-27 12:30:00,2025-09-27 13:00:00,1,145.0,150.0,5.0,5.0,25.0,SABADO,13,False
freeze_20260610_192142,baselines_full_20260718,seasonal_naive_daily,1,30,25,2025-09-29 05:00:00,2025-09-29 05:30:00,1,134.0,,,,,LABORAL,5,False
freeze_20260610_192142,baselines_full_20260718,seasonal_naive_daily,1,30,26,2025-10-03 10:30:00,2025-10-03 11:00:00,1,98.0,147.0,49.0,49.0,2401.0,LABORAL,11,False
freeze_20260610_192142,baselines_full_20260718,seasonal_naive_daily,1,30,26,2025-10-04 05:30:00,2025-10-04 06:00:00,1,117.0,197.0,80.0,80.0,6400.0,SABADO,6,False
freeze_20260610_192142,baselines_full_20260718,seasonal_naive_daily,1,30,26,2025-10-05 11:00:00,2025-10-05 11:30:00,1,,50.0,,,,DOMINGO,11,True
freeze_20260610_192142,baselines_full_20260718,seasonal_naive_daily,1,30,26,2025-10-08 15:00:00,2025-10-08 15:30:00,1,202.0,232.0,30.0,30.0,900.0,LABORAL,15,False
freeze_20260610_192142,baselines_full_20260718,seasonal_naive_daily,1,30,26,2025-10-09 10:30:00,2025-10-09 11:00:00,1,62.0,157.0,95.0,95.0,9025.0,LABORAL,11,False
freeze_20260610_192142,baselines_full_20260718,seasonal_naive_daily,1,30,26,2025-10-10 08:00:00,2025-10-10 08:30:00,1,118.0,196.0,78.0,78.0,6084.0,LABORAL,8,False
freeze_20260610_192142,baselines_full_20260718,seasonal_naive_daily,1,30,26,2025-10-11 13:30:00,2025-10-11 14:00:00,1,81.0,142.0,61.0,61.0,3721.0,SABADO,14,False
freeze_20260610_192142,baselines_full_20260718,seasonal_naive_daily,1,30,26,2025-10-11 16:30:00,2025-10-11 17:00:00,1,41.0,63.0,22.0,22.0,484.0,SABADO,17,False
freeze_20260610_192142,baselines_full_20260718,seasonal_naive_daily,1,30,26,2025-10-12 05:30:00,2025-10-12 06:00:00,1,,108.0,,,,DOMINGO,6,True
freeze_20260610_192142,baselines_full_20260718,seasonal_naive_daily,1,30,26,2025-10-12 06:00:00,2025-10-12 06:30:00,1,,103.0,,,,DOMINGO,6,True
freeze_20260610_192142,baselines_full_20260718,seasonal_naive_daily,1,30,26,2025-10-12 15:30:00,2025-10-12 16:00:00,1,,48.0,,,,DOMINGO,16,True
freeze_20260610_192142,baselines_full_20260718,seasonal_naive_daily,1,30,26,2025-10-13 11:00:00,2025-10-13 11:30:00,1,38.0,16.0,-22.0,22.0,484.0,FESTIVO_PUENTE,11,False
freeze_20260610_192142,baselines_full_20260718,seasonal_naive_daily,1,30,27,2025-10-14 05:00:00,2025-10-14 05:30:00,1,132.0,,,,,LABORAL,5,False
freeze_20260610_192142,baselines_full_20260718,seasonal_naive_daily,1,30,27,2025-10-14 07:00:00,2025-10-14 07:30:00,1,129.0,45.0,-84.0,84.0,7056.0,LABORAL,7,False
freeze_20260610_192142,baselines_full_20260718,seasonal_naive_daily,1,30,27,2025-10-14 16:30:00,2025-10-14 17:00:00,1,117.0,,,,,LABORAL,17,False
freeze_20260610_192142,baselines_full_20260718,seasonal_naive_daily,1,30,27,2025-10-16 15:30:00,2025-10-16 16:00:00,1,192.0,160.0,-32.0,32.0,1024.0,LABORAL,16,False
freeze_20260610_192142,baselines_full_20260718,seasonal_naive_daily,1,30,27,2025-10-16 17:00:00,2025-10-16 17:30:00,1,,44.0,,,,LABORAL,17,True
freeze_20260610_192142,baselines_full_20260718,seasonal_naive_daily,1,30,27,2025-10-17 11:30:00,2025-10-17 12:00:00,1,265.0,131.0,-134.0,134.0,17956.0,LABORAL,12,False
freeze_20260610_192142,baselines_full_20260718,seasonal_naive_daily,1,30,27,2025-10-17 15:30:00,2025-10-17 16:00:00,1,147.0,192.0,45.0,45.0,2025.0,LABORAL,16,False
freeze_20260610_192142,baselines_full_20260718,seasonal_naive_daily,1,30,27,2025-10-18 08:00:00,2025-10-18 08:30:00,1,69.0,157.0,88.0,88.0,7744.0,SABADO,8,False
freeze_20260610_192142,baselines_full_20260718,seasonal_naive_daily,1,30,27,2025-10-19 05:30:00,2025-10-19 06:00:00,1,24.0,137.0,113.0,113.0,12769.0,DOMINGO,6,False
freeze_20260610_192142,baselines_full_20260718,seasonal_naive_daily,1,30,27,2025-10-19 08:00:00,2025-10-19 08:30:00,1,29.0,69.0,40.0,40.0,1600.0,DOMINGO,8,False
freeze_20260610_192142,baselines_full_20260718,seasonal_naive_daily,1,30,27,2025-10-19 11:30:00,2025-10-19 12:00:00,1,29.0,48.0,19.0,19.0,361.0,DOMINGO,12,False
freeze_20260610_192142,baselines_full_20260718,seasonal_naive_daily,1,30,27,2025-10-20 04:30:00,2025-10-20 05:00:00,1,149.0,36.0,-113.0,113.0,12769.0,LABORAL,5,False
freeze_20260610_192142,baselines_full_20260718,seasonal_naive_daily,1,30,27,2025-10-20 06:30:00,2025-10-20 07:00:00,1,145.0,24.0,-121.0,121.0,14641.0,LABORAL,7,False
freeze_20260610_192142,baselines_full_20260718,seasonal_naive_daily,1,30,27,2025-10-20 10:00:00,2025-10-20 10:30:00,1,90.0,53.0,-37.0,37.0,1369.0,LABORAL,10,False
freeze_20260610_192142,baselines_full_20260718,seasonal_naive_daily,1,30,27,2025-10-20 12:30:00,2025-10-20 13:00:00,1,162.0,24.0,-138.0,138.0,19044.0,LABORAL,13,False
freeze_20260610_192142,baselines_full_20260718,seasonal_naive_daily,1,30,27,2025-10-21 09:30:00,2025-10-21 10:00:00,1,90.0,136.0,46.0,46.0,2116.0,LABORAL,10,False
freeze_20260610_192142,baselines_full_20260718,seasonal_naive_daily,1,30,27,2025-10-21 13:30:00,2025-10-21 14:00:00,1,199.0,121.0,-78.0,78.0,6084.0,LABORAL,14,False
freeze_20260610_192142,baselines_full_20260718,seasonal_naive_daily,1,30,27,2025-10-22 05:30:00,2025-10-22 06:00:00,1,172.0,184.0,12.0,12.0,144.0,LABORAL,6,False
freeze_20260610_192142,baselines_full_20260718,seasonal_naive_daily,1,30,27,2025-10-22 17:30:00,2025-10-22 18:00:00,1,,,,,,LABORAL,18,True
freeze_20260610_192142,baselines_full_20260718,seasonal_naive_daily,1,30,27,2025-10-24 14:00:00,2025-10-24 14:30:00,1,219.0,158.0,-61.0,61.0,3721.0,LABORAL,14,False
freeze_20260610_192142,baselines_full_20260718,seasonal_naive_daily,1,30,27,2025-10-24 16:00:00,2025-10-24 16:30:00,1,79.0,97.0,18.0,18.0,324.0,LABORAL,16,False
freeze_20260610_192142,baselines_full_20260718,seasonal_naive_daily,1,30,27,2025-10-25 11:00:00,2025-10-25 11:30:00,1,60.0,111.0,51.0,51.0,2601.0,SABADO,11,False
freeze_20260610_192142,baselines_full_20260718,seasonal_naive_daily,1,30,27,2025-10-25 15:00:00,2025-10-25 15:30:00,1,,204.0,,,,SABADO,15,True
freeze_20260610_192142,baselines_full_20260718,seasonal_naive_daily,1,30,27,2025-10-27 11:30:00,2025-10-27 12:00:00,1,102.0,37.0,-65.0,65.0,4225.0,LABORAL,12,False
freeze_20260610_192142,baselines_full_20260718,seasonal_naive_daily,1,30,28,2025-10-28 11:00:00,2025-10-28 11:30:00,1,133.0,110.0,-23.0,23.0,529.0,LABORAL,11,False
freeze_20260610_192142,baselines_full_20260718,seasonal_naive_daily,1,30,28,2025-10-29 04:30:00,2025-10-29 05:00:00,1,144.0,93.0,-51.0,51.0,2601.0,LABORAL,5,False
freeze_20260610_192142,baselines_full_20260718,seasonal_naive_daily,1,30,28,2025-10-30 12:00:00,2025-10-30 12:30:00,1,111.0,161.0,50.0,50.0,2500.0,LABORAL,12,False
freeze_20260610_192142,baselines_full_20260718,seasonal_naive_daily,1,30,28,2025-10-31 07:00:00,2025-10-31 07:30:00,1,156.0,131.0,-25.0,25.0,625.0,LABORAL,7,False
freeze_20260610_192142,baselines_full_20260718,seasonal_naive_daily,1,30,28,2025-11-05 08:00:00,2025-11-05 08:30:00,1,97.0,150.0,53.0,53.0,2809.0,LABORAL,8,False
freeze_20260610_192142,baselines_full_20260718,seasonal_naive_daily,1,30,28,2025-11-05 11:30:00,2025-11-05 12:00:00,1,188.0,84.0,-104.0,104.0,10816.0,LABORAL,12,False
freeze_20260610_192142,baselines_full_20260718,seasonal_naive_daily,1,30,28,2025-11-05 12:30:00,2025-11-05 13:00:00,1,130.0,217.0,87.0,87.0,7569.0,LABORAL,13,False
freeze_20260610_192142,baselines_full_20260718,seasonal_naive_daily,1,30,28,2025-11-07 10:30:00,2025-11-07 11:00:00,1,112.0,143.0,31.0,31.0,961.0,LABORAL,11,False
freeze_20260610_192142,baselines_full_20260718,seasonal_naive_daily,1,30,28,2025-11-09 13:30:00,2025-11-09 14:00:00,1,,39.0,,,,DOMINGO,14,True
freeze_20260610_192142,baselines_full_20260718,seasonal_naive_daily,1,30,28,2025-11-10 15:00:00,2025-11-10 15:30:00,1,173.0,30.0,-143.0,143.0,20449.0,LABORAL,15,False
freeze_20260610_192142,baselines_full_20260718,seasonal_naive_daily,1,30,29,2025-11-11 09:00:00,2025-11-11 09:30:00,1,80.0,81.0,1.0,1.0,1.0,LABORAL,9,False
freeze_20260610_192142,baselines_full_20260718,seasonal_naive_daily,1,30,29,2025-11-12 09:00:00,2025-11-12 09:30:00,1,117.0,80.0,-37.0,37.0,1369.0,LABORAL,9,False
freeze_20260610_192142,baselines_full_20260718,seasonal_naive_daily,1,30,29,2025-11-12 12:30:00,2025-11-12 13:00:00,1,127.0,142.0,15.0,15.0,225.0,LABORAL,13,False
freeze_20260610_192142,baselines_full_20260718,seasonal_naive_daily,1,30,29,2025-11-12 17:00:00,2025-11-12 17:30:00,1,40.0,13.0,-27.0,27.0,729.0,LABORAL,17,False
freeze_20260610_192142,baselines_full_20260718,seasonal_naive_daily,1,30,29,2025-11-13 06:00:00,2025-11-13 06:30:00,1,137.0,94.0,-43.0,43.0,1849.0,LABORAL,6,False
freeze_20260610_192142,baselines_full_20260718,seasonal_naive_daily,1,30,29,2025-11-13 07:30:00,2025-11-13 08:00:00,1,158.0,177.0,19.0,19.0,361.0,LABORAL,8,False
freeze_20260610_192142,baselines_full_20260718,seasonal_naive_daily,1,30,29,2025-11-13 11:30:00,2025-11-13 12:00:00,1,82.0,105.0,23.0,23.0,529.0,LABORAL,12,False
freeze_20260610_192142,baselines_full_20260718,seasonal_naive_daily,1,30,29,2025-11-14 15:00:00,2025-11-14 15:30:00,1,245.0,170.0,-75.0,75.0,5625.0,LABORAL,15,False
freeze_20260610_192142,baselines_full_20260718,seasonal_naive_daily,1,30,29,2025-11-16 07:00:00,2025-11-16 07:30:00,1,40.0,73.0,33.0,33.0,1089.0,DOMINGO,7,False
freeze_20260610_192142,baselines_full_20260718,seasonal_naive_daily,1,30,29,2025-11-16 10:00:00,2025-11-16 10:30:00,1,46.0,135.0,89.0,89.0,7921.0,DOMINGO,10,False
freeze_20260610_192142,baselines_full_20260718,seasonal_naive_daily,1,30,29,2025-11-16 11:30:00,2025-11-16 12:00:00,1,38.0,72.0,34.0,34.0,1156.0,DOMINGO,12,False
freeze_20260610_192142,baselines_full_20260718,seasonal_naive_daily,1,30,29,2025-11-17 13:00:00,2025-11-17 13:30:00,1,22.0,36.0,14.0,14.0,196.0,FESTIVO_PUENTE,13,False
freeze_20260610_192142,baselines_full_20260718,seasonal_naive_daily,1,30,29,2025-11-19 08:30:00,2025-11-19 09:00:00,1,202.0,176.0,-26.0,26.0,676.0,LABORAL,9,False
freeze_20260610_192142,baselines_full_20260718,seasonal_naive_daily,1,30,29,2025-11-20 04:30:00,2025-11-20 05:00:00,1,67.0,169.0,102.0,102.0,10404.0,LABORAL,5,False
freeze_20260610_192142,baselines_full_20260718,seasonal_naive_daily,1,30,29,2025-11-20 05:00:00,2025-11-20 05:30:00,1,197.0,112.0,-85.0,85.0,7225.0,LABORAL,5,False
freeze_20260610_192142,baselines_full_20260718,seasonal_naive_daily,1,30,29,2025-11-20 09:00:00,2025-11-20 09:30:00,1,119.0,127.0,8.0,8.0,64.0,LABORAL,9,False
freeze_20260610_192142,baselines_full_20260718,seasonal_naive_daily,1,30,29,2025-11-20 13:00:00,2025-11-20 13:30:00,1,139.0,100.0,-39.0,39.0,1521.0,LABORAL,13,False
freeze_20260610_192142,baselines_full_20260718,seasonal_naive_daily,1,30,29,2025-11-20 15:30:00,2025-11-20 16:00:00,1,111.0,188.0,77.0,77.0,5929.0,LABORAL,16,False
freeze_20260610_192142,baselines_full_20260718,seasonal_naive_daily,1,30,29,2025-11-21 04:30:00,2025-11-21 05:00:00,1,96.0,67.0,-29.0,29.0,841.0,LABORAL,5,False
freeze_20260610_192142,baselines_full_20260718,seasonal_naive_daily,1,30,29,2025-11-24 04:00:00,2025-11-24 04:30:00,1,157.0,,,,,LABORAL,4,False
freeze_20260610_192142,baselines_full_20260718,seasonal_naive_daily,1,30,29,2025-11-24 08:00:00,2025-11-24 08:30:00,1,134.0,,,,,LABORAL,8,False
freeze_20260610_192142,baselines_full_20260718,seasonal_naive_daily,1,30,30,2025-11-25 11:00:00,2025-11-25 11:30:00,1,44.0,69.0,25.0,25.0,625.0,LABORAL,11,False
freeze_20260610_192142,baselines_full_20260718,seasonal_naive_daily,1,30,30,2025-11-26 16:30:00,2025-11-26 17:00:00,1,92.0,104.0,12.0,12.0,144.0,LABORAL,17,False
freeze_20260610_192142,baselines_full_20260718,seasonal_naive_daily,1,30,30,2025-11-28 09:00:00,2025-11-28 09:30:00,1,67.0,138.0,71.0,71.0,5041.0,LABORAL,9,False
freeze_20260610_192142,baselines_full_20260718,seasonal_naive_daily,1,30,30,2025-11-29 10:30:00,2025-11-29 11:00:00,1,86.0,100.0,14.0,14.0,196.0,SABADO,11,False
freeze_20260610_192142,baselines_full_20260718,seasonal_naive_daily,1,30,30,2025-11-29 15:30:00,2025-11-29 16:00:00,1,89.0,172.0,83.0,83.0,6889.0,SABADO,16,False
freeze_20260610_192142,baselines_full_20260718,seasonal_naive_daily,1,30,30,2025-12-03 06:30:00,2025-12-03 07:00:00,1,59.0,177.0,118.0,118.0,13924.0,LABORAL,7,False
freeze_20260610_192142,baselines_full_20260718,seasonal_naive_daily,1,30,30,2025-12-05 15:00:00,2025-12-05 15:30:00,1,117.0,207.0,90.0,90.0,8100.0,LABORAL,15,False
freeze_20260610_192142,baselines_full_20260718,seasonal_naive_daily,1,30,30,2025-12-06 04:30:00,2025-12-06 05:00:00,1,66.0,81.0,15.0,15.0,225.0,SABADO,5,False
freeze_20260610_192142,baselines_full_20260718,seasonal_naive_daily,1,30,31,2025-12-09 06:30:00,2025-12-09 07:00:00,1,160.0,32.0,-128.0,128.0,16384.0,LABORAL,7,False
freeze_20260610_192142,baselines_full_20260718,seasonal_naive_daily,1,30,31,2025-12-09 15:00:00,2025-12-09 15:30:00,1,193.0,,,,,LABORAL,15,False
freeze_20260610_192142,baselines_full_20260718,seasonal_naive_daily,1,30,31,2025-12-10 10:30:00,2025-12-10 11:00:00,1,70.0,78.0,8.0,8.0,64.0,LABORAL,11,False
freeze_20260610_192142,baselines_full_20260718,seasonal_naive_daily,1,30,31,2025-12-12 04:00:00,2025-12-12 04:30:00,1,116.0,130.0,14.0,14.0,196.0,LABORAL,4,False
freeze_20260610_192142,baselines_full_20260718,seasonal_naive_daily,1,30,31,2025-12-13 12:30:00,2025-12-13 13:00:00,1,90.0,159.0,69.0,69.0,4761.0,SABADO,13,False
freeze_20260610_192142,baselines_full_20260718,seasonal_naive_daily,1,30,31,2025-12-14 05:30:00,2025-12-14 06:00:00,1,,151.0,,,,DOMINGO,6,True
freeze_20260610_192142,baselines_full_20260718,seasonal_naive_daily,1,30,31,2025-12-16 04:00:00,2025-12-16 04:30:00,1,109.0,96.0,-13.0,13.0,169.0,LABORAL,4,False
freeze_20260610_192142,baselines_full_20260718,seasonal_naive_daily,1,30,31,2025-12-17 11:00:00,2025-12-17 11:30:00,1,82.0,147.0,65.0,65.0,4225.0,LABORAL,11,False
freeze_20260610_192142,baselines_full_20260718,seasonal_naive_daily,1,30,31,2025-12-18 04:00:00,2025-12-18 04:30:00,1,61.0,99.0,38.0,38.0,1444.0,LABORAL,4,False
freeze_20260610_192142,baselines_full_20260718,seasonal_naive_daily,1,30,31,2025-12-19 07:00:00,2025-12-19 07:30:00,1,155.0,89.0,-66.0,66.0,4356.0,LABORAL,7,False
freeze_20260610_192142,baselines_full_20260718,seasonal_naive_daily,1,30,31,2025-12-19 10:00:00,2025-12-19 10:30:00,1,40.0,169.0,129.0,129.0,16641.0,LABORAL,10,False
freeze_20260610_192142,baselines_full_20260718,seasonal_naive_daily,1,30,31,2025-12-19 12:30:00,2025-12-19 13:00:00,1,54.0,100.0,46.0,46.0,2116.0,LABORAL,13,False
freeze_20260610_192142,baselines_full_20260718,seasonal_naive_daily,1,30,32,2025-12-23 13:00:00,2025-12-23 13:30:00,1,161.0,192.0,31.0,31.0,961.0,LABORAL,13,False
freeze_20260610_192142,baselines_full_20260718,seasonal_naive_daily,1,30,32,2025-12-23 14:00:00,2025-12-23 14:30:00,1,95.0,52.0,-43.0,43.0,1849.0,LABORAL,14,False
freeze_20260610_192142,baselines_full_20260718,seasonal_naive_daily,1,30,32,2025-12-24 10:00:00,2025-12-24 10:30:00,1,74.0,77.0,3.0,3.0,9.0,LABORAL,10,False
freeze_20260610_192142,baselines_full_20260718,seasonal_naive_daily,1,30,32,2025-12-24 15:00:00,2025-12-24 15:30:00,1,82.0,193.0,111.0,111.0,12321.0,LABORAL,15,False
freeze_20260610_192142,baselines_full_20260718,seasonal_naive_daily,1,30,32,2025-12-24 16:00:00,2025-12-24 16:30:00,1,107.0,225.0,118.0,118.0,13924.0,LABORAL,16,False
freeze_20260610_192142,baselines_full_20260718,seasonal_naive_daily,1,30,32,2025-12-25 15:30:00,2025-12-25 16:00:00,1,,19.0,,,,FESTIVO,16,True
freeze_20260610_192142,baselines_full_20260718,seasonal_naive_daily,1,30,32,2025-12-26 07:30:00,2025-12-26 08:00:00,1,160.0,26.0,-134.0,134.0,17956.0,LABORAL,8,False
freeze_20260610_192142,baselines_full_20260718,seasonal_naive_daily,1,30,32,2025-12-26 14:30:00,2025-12-26 15:00:00,1,221.0,,,,,LABORAL,15,False
freeze_20260610_192142,baselines_full_20260718,seasonal_naive_daily,1,30,32,2025-12-27 17:30:00,2025-12-27 18:00:00,1,,,,,,SABADO,18,True
freeze_20260610_192142,baselines_full_20260718,seasonal_naive_daily,1,30,32,2025-12-29 05:30:00,2025-12-29 06:00:00,1,137.0,,,,,LABORAL,6,False
freeze_20260610_192142,baselines_full_20260718,seasonal_naive_daily,1,30,32,2025-12-29 08:30:00,2025-12-29 09:00:00,1,163.0,34.0,-129.0,129.0,16641.0,LABORAL,9,False
freeze_20260610_192142,baselines_full_20260718,seasonal_naive_daily,1,30,32,2025-12-30 13:30:00,2025-12-30 14:00:00,1,146.0,153.0,7.0,7.0,49.0,LABORAL,14,False
freeze_20260610_192142,baselines_full_20260718,seasonal_naive_daily,1,30,32,2025-12-31 13:30:00,2025-12-31 14:00:00,1,96.0,146.0,50.0,50.0,2500.0,LABORAL,14,False
freeze_20260610_192142,baselines_full_20260718,seasonal_naive_daily,1,30,32,2026-01-02 06:30:00,2026-01-02 07:00:00,1,92.0,,,,,LABORAL,7,False
freeze_20260610_192142,baselines_full_20260718,seasonal_naive_daily,1,30,32,2026-01-03 06:00:00,2026-01-03 06:30:00,1,63.0,79.0,16.0,16.0,256.0,SABADO,6,False
freeze_20260610_192142,baselines_full_20260718,seasonal_naive_daily,1,30,32,2026-01-03 10:30:00,2026-01-03 11:00:00,1,48.0,85.0,37.0,37.0,1369.0,SABADO,11,False
freeze_20260610_192142,baselines_full_20260718,seasonal_naive_daily,1,30,32,2026-01-03 16:00:00,2026-01-03 16:30:00,1,30.0,41.0,11.0,11.0,121.0,SABADO,16,False
freeze_20260610_192142,baselines_full_20260718,seasonal_naive_daily,1,30,32,2026-01-05 04:00:00,2026-01-05 04:30:00,1,97.0,,,,,LABORAL,4,False
freeze_20260610_192142,baselines_full_20260718,seasonal_naive_daily,1,30,33,2026-01-06 07:30:00,2026-01-06 08:00:00,1,74.0,60.0,-14.0,14.0,196.0,LABORAL,8,False
freeze_20260610_192142,baselines_full_20260718,seasonal_naive_daily,1,30,33,2026-01-06 09:00:00,2026-01-06 09:30:00,1,100.0,128.0,28.0,28.0,784.0,LABORAL,9,False
freeze_20260610_192142,baselines_full_20260718,seasonal_naive_daily,1,30,33,2026-01-07 16:30:00,2026-01-07 17:00:00,1,40.0,,,,,LABORAL,17,False
freeze_20260610_192142,baselines_full_20260718,seasonal_naive_daily,1,30,33,2026-01-08 15:00:00,2026-01-08 15:30:00,1,63.0,111.0,48.0,48.0,2304.0,LABORAL,15,False
freeze_20260610_192142,baselines_full_20260718,seasonal_naive_daily,1,30,33,2026-01-09 08:30:00,2026-01-09 09:00:00,1,143.0,150.0,7.0,7.0,49.0,LABORAL,9,False
freeze_20260610_192142,baselines_full_20260718,seasonal_naive_daily,1,30,33,2026-01-09 11:30:00,2026-01-09 12:00:00,1,93.0,140.0,47.0,47.0,2209.0,LABORAL,12,False
freeze_20260610_192142,baselines_full_20260718,seasonal_naive_daily,1,30,33,2026-01-09 12:00:00,2026-01-09 12:30:00,1,75.0,70.0,-5.0,5.0,25.0,LABORAL,12,False
freeze_20260610_192142,baselines_full_20260718,seasonal_naive_daily,1,30,33,2026-01-10 06:00:00,2026-01-10 06:30:00,1,104.0,142.0,38.0,38.0,1444.0,SABADO,6,False
freeze_20260610_192142,baselines_full_20260718,seasonal_naive_daily,1,30,33,2026-01-11 05:30:00,2026-01-11 06:00:00,1,,79.0,,,,DOMINGO,6,True
freeze_20260610_192142,baselines_full_20260718,seasonal_naive_daily,1,30,33,2026-01-11 12:30:00,2026-01-11 13:00:00,1,,102.0,,,,DOMINGO,13,True
freeze_20260610_192142,baselines_full_20260718,seasonal_naive_daily,1,30,33,2026-01-12 05:30:00,2026-01-12 06:00:00,1,,,,,,FESTIVO_PUENTE,6,True
freeze_20260610_192142,baselines_full_20260718,seasonal_naive_daily,1,30,33,2026-01-12 09:30:00,2026-01-12 10:00:00,1,21.0,31.0,10.0,10.0,100.0,FESTIVO_PUENTE,10,False
freeze_20260610_192142,baselines_full_20260718,seasonal_naive_daily,1,30,33,2026-01-14 15:00:00,2026-01-14 15:30:00,1,191.0,131.0,-60.0,60.0,3600.0,LABORAL,15,False
freeze_20260610_192142,baselines_full_20260718,seasonal_naive_daily,1,30,33,2026-01-15 14:30:00,2026-01-15 15:00:00,1,183.0,108.0,-75.0,75.0,5625.0,LABORAL,15,False
freeze_20260610_192142,baselines_full_20260718,seasonal_naive_daily,1,30,33,2026-01-16 15:00:00,2026-01-16 15:30:00,1,199.0,115.0,-84.0,84.0,7056.0,LABORAL,15,False
freeze_20260610_192142,baselines_full_20260718,seasonal_naive_daily,1,30,34,2026-01-20 17:30:00,2026-01-20 18:00:00,1,,,,,,LABORAL,18,True
freeze_20260610_192142,baselines_full_20260718,seasonal_naive_daily,1,30,34,2026-01-21 09:30:00,2026-01-21 10:00:00,1,112.0,102.0,-10.0,10.0,100.0,LABORAL,10,False
freeze_20260610_192142,baselines_full_20260718,seasonal_naive_daily,1,30,34,2026-01-21 10:30:00,2026-01-21 11:00:00,1,66.0,96.0,30.0,30.0,900.0,LABORAL,11,False
freeze_20260610_192142,baselines_full_20260718,seasonal_naive_daily,1,30,34,2026-01-21 16:30:00,2026-01-21 17:00:00,1,53.0,87.0,34.0,34.0,1156.0,LABORAL,17,False
freeze_20260610_192142,baselines_full_20260718,seasonal_naive_daily,1,30,34,2026-01-22 06:30:00,2026-01-22 07:00:00,1,141.0,159.0,18.0,18.0,324.0,LABORAL,7,False
freeze_20260610_192142,baselines_full_20260718,seasonal_naive_daily,1,30,34,2026-01-24 06:30:00,2026-01-24 07:00:00,1,51.0,121.0,70.0,70.0,4900.0,SABADO,7,False
freeze_20260610_192142,baselines_full_20260718,seasonal_naive_daily,1,30,34,2026-01-24 12:00:00,2026-01-24 12:30:00,1,64.0,139.0,75.0,75.0,5625.0,SABADO,12,False
freeze_20260610_192142,baselines_full_20260718,seasonal_naive_daily,1,30,34,2026-01-27 10:30:00,2026-01-27 11:00:00,1,69.0,103.0,34.0,34.0,1156.0,LABORAL,11,False
freeze_20260610_192142,baselines_full_20260718,seasonal_naive_daily,1,30,34,2026-01-27 17:00:00,2026-01-27 17:30:00,1,,31.0,,,,LABORAL,17,True
freeze_20260610_192142,baselines_full_20260718,seasonal_naive_daily,1,30,34,2026-01-28 13:00:00,2026-01-28 13:30:00,1,163.0,155.0,-8.0,8.0,64.0,LABORAL,13,False
freeze_20260610_192142,baselines_full_20260718,seasonal_naive_daily,1,30,34,2026-01-28 16:30:00,2026-01-28 17:00:00,1,154.0,28.0,-126.0,126.0,15876.0,LABORAL,17,False
freeze_20260610_192142,baselines_full_20260718,seasonal_naive_daily,1,30,34,2026-01-31 10:30:00,2026-01-31 11:00:00,1,91.0,67.0,-24.0,24.0,576.0,SABADO,11,False
freeze_20260610_192142,baselines_full_20260718,seasonal_naive_daily,1,30,34,2026-02-02 04:30:00,2026-02-02 05:00:00,1,113.0,,,,,LABORAL,5,False
freeze_20260610_192142,baselines_full_20260718,seasonal_naive_daily,1,30,34,2026-02-02 12:30:00,2026-02-02 13:00:00,1,127.0,,,,,LABORAL,13,False
freeze_20260610_192142,baselines_full_20260718,seasonal_naive_daily,1,30,35,2026-02-03 07:00:00,2026-02-03 07:30:00,1,147.0,138.0,-9.0,9.0,81.0,LABORAL,7,False
freeze_20260610_192142,baselines_full_20260718,seasonal_naive_daily,1,30,35,2026-02-04 07:30:00,2026-02-04 08:00:00,1,182.0,54.0,-128.0,128.0,16384.0,LABORAL,8,False
freeze_20260610_192142,baselines_full_20260718,seasonal_naive_daily,1,30,35,2026-02-05 07:00:00,2026-02-05 07:30:00,1,93.0,140.0,47.0,47.0,2209.0,LABORAL,7,False
freeze_20260610_192142,baselines_full_20260718,seasonal_naive_daily,1,30,35,2026-02-05 12:00:00,2026-02-05 12:30:00,1,137.0,127.0,-10.0,10.0,100.0,LABORAL,12,False
freeze_20260610_192142,baselines_full_20260718,seasonal_naive_daily,1,30,35,2026-02-06 05:00:00,2026-02-06 05:30:00,1,125.0,115.0,-10.0,10.0,100.0,LABORAL,5,False
freeze_20260610_192142,baselines_full_20260718,seasonal_naive_daily,1,30,35,2026-02-06 14:00:00,2026-02-06 14:30:00,1,212.0,154.0,-58.0,58.0,3364.0,LABORAL,14,False
freeze_20260610_192142,baselines_full_20260718,seasonal_naive_daily,1,30,35,2026-02-07 16:30:00,2026-02-07 17:00:00,1,,86.0,,,,SABADO,17,True
freeze_20260610_192142,baselines_full_20260718,seasonal_naive_daily,1,30,35,2026-02-08 10:00:00,2026-02-08 10:30:00,1,30.0,102.0,72.0,72.0,5184.0,DOMINGO,10,False
freeze_20260610_192142,baselines_full_20260718,seasonal_naive_daily,1,30,35,2026-02-11 08:00:00,2026-02-11 08:30:00,1,190.0,51.0,-139.0,139.0,19321.0,LABORAL,8,False
freeze_20260610_192142,baselines_full_20260718,seasonal_naive_daily,1,30,35,2026-02-11 16:30:00,2026-02-11 17:00:00,1,104.0,47.0,-57.0,57.0,3249.0,LABORAL,17,False
freeze_20260610_192142,baselines_full_20260718,seasonal_naive_daily,1,30,35,2026-02-11 17:00:00,2026-02-11 17:30:00,1,,42.0,,,,LABORAL,17,True
freeze_20260610_192142,baselines_full_20260718,seasonal_naive_daily,1,30,35,2026-02-12 04:00:00,2026-02-12 04:30:00,1,129.0,99.0,-30.0,30.0,900.0,LABORAL,4,False
freeze_20260610_192142,baselines_full_20260718,seasonal_naive_daily,1,30,35,2026-02-12 10:00:00,2026-02-12 10:30:00,1,78.0,115.0,37.0,37.0,1369.0,LABORAL,10,False
freeze_20260610_192142,baselines_full_20260718,seasonal_naive_daily,1,30,35,2026-02-13 12:00:00,2026-02-13 12:30:00,1,92.0,151.0,59.0,59.0,3481.0,LABORAL,12,False
freeze_20260610_192142,baselines_full_20260718,seasonal_naive_daily,1,30,35,2026-02-14 12:00:00,2026-02-14 12:30:00,1,110.0,92.0,-18.0,18.0,324.0,SABADO,12,False
freeze_20260610_192142,baselines_full_20260718,seasonal_naive_daily,1,30,35,2026-02-14 14:00:00,2026-02-14 14:30:00,1,35.0,108.0,73.0,73.0,5329.0,SABADO,14,False
freeze_20260610_192142,baselines_full_20260718,seasonal_naive_daily,1,30,35,2026-02-15 11:00:00,2026-02-15 11:30:00,1,34.0,99.0,65.0,65.0,4225.0,DOMINGO,11,False
freeze_20260610_192142,baselines_full_20260718,seasonal_naive_daily,1,30,35,2026-02-16 06:00:00,2026-02-16 06:30:00,1,118.0,,,,,LABORAL,6,False
freeze_20260610_192142,baselines_full_20260718,seasonal_naive_daily,1,30,36,2026-02-17 09:30:00,2026-02-17 10:00:00,1,88.0,112.0,24.0,24.0,576.0,LABORAL,10,False
freeze_20260610_192142,baselines_full_20260718,seasonal_naive_daily,1,30,36,2026-02-19 07:00:00,2026-02-19 07:30:00,1,141.0,107.0,-34.0,34.0,1156.0,LABORAL,7,False
freeze_20260610_192142,baselines_full_20260718,seasonal_naive_daily,1,30,36,2026-02-20 07:00:00,2026-02-20 07:30:00,1,107.0,141.0,34.0,34.0,1156.0,LABORAL,7,False
freeze_20260610_192142,baselines_full_20260718,seasonal_naive_daily,1,30,36,2026-02-20 12:30:00,2026-02-20 13:00:00,1,161.0,112.0,-49.0,49.0,2401.0,LABORAL,13,False
freeze_20260610_192142,baselines_full_20260718,seasonal_naive_daily,1,30,36,2026-02-20 17:00:00,2026-02-20 17:30:00,1,43.0,,,,,LABORAL,17,False
freeze_20260610_192142,baselines_full_20260718,seasonal_naive_daily,1,30,36,2026-02-21 07:00:00,2026-02-21 07:30:00,1,89.0,107.0,18.0,18.0,324.0,SABADO,7,False
freeze_20260610_192142,baselines_full_20260718,seasonal_naive_daily,1,30,36,2026-02-22 04:30:00,2026-02-22 05:00:00,1,,50.0,,,,DOMINGO,5,True
freeze_20260610_192142,baselines_full_20260718,seasonal_naive_daily,1,30,36,2026-02-22 14:00:00,2026-02-22 14:30:00,1,,106.0,,,,DOMINGO,14,True
freeze_20260610_192142,baselines_full_20260718,seasonal_naive_daily,1,30,36,2026-02-23 06:00:00,2026-02-23 06:30:00,1,90.0,,,,,LABORAL,6,False
freeze_20260610_192142,baselines_full_20260718,seasonal_naive_daily,1,30,36,2026-02-26 06:30:00,2026-02-26 07:00:00,1,139.0,42.0,-97.0,97.0,9409.0,LABORAL,7,False
freeze_20260610_192142,baselines_full_20260718,seasonal_naive_daily,1,30,36,2026-02-26 07:30:00,2026-02-26 08:00:00,1,158.0,83.0,-75.0,75.0,5625.0,LABORAL,8,False
freeze_20260610_192142,baselines_full_20260718,seasonal_naive_daily,1,30,36,2026-02-27 12:30:00,2026-02-27 13:00:00,1,135.0,143.0,8.0,8.0,64.0,LABORAL,13,False
freeze_20260610_192142,baselines_full_20260718,seasonal_naive_daily,1,30,36,2026-02-27 15:00:00,2026-02-27 15:30:00,1,161.0,177.0,16.0,16.0,256.0,LABORAL,15,False
freeze_20260610_192142,baselines_full_20260718,seasonal_naive_daily,1,30,36,2026-02-27 17:30:00,2026-02-27 18:00:00,1,,,,,,LABORAL,18,True
freeze_20260610_192142,baselines_full_20260718,seasonal_naive_daily,1,30,36,2026-03-02 09:00:00,2026-03-02 09:30:00,1,120.0,34.0,-86.0,86.0,7396.0,LABORAL,9,False
freeze_20260610_192142,baselines_full_20260718,seasonal_naive_daily,1,30,37,2026-03-03 05:00:00,2026-03-03 05:30:00,1,135.0,138.0,3.0,3.0,9.0,LABORAL,5,False
freeze_20260610_192142,baselines_full_20260718,seasonal_naive_daily,1,30,37,2026-03-03 10:30:00,2026-03-03 11:00:00,1,115.0,120.0,5.0,5.0,25.0,LABORAL,11,False
freeze_20260610_192142,baselines_full_20260718,seasonal_naive_daily,1,30,37,2026-03-03 14:30:00,2026-03-03 15:00:00,1,152.0,215.0,63.0,63.0,3969.0,LABORAL,15,False
freeze_20260610_192142,baselines_full_20260718,seasonal_naive_daily,1,30,37,2026-03-04 17:30:00,2026-03-04 18:00:00,1,,,,,,LABORAL,18,True
freeze_20260610_192142,baselines_full_20260718,seasonal_naive_daily,1,30,37,2026-03-05 04:30:00,2026-03-05 05:00:00,1,121.0,132.0,11.0,11.0,121.0,LABORAL,5,False
freeze_20260610_192142,baselines_full_20260718,seasonal_naive_daily,1,30,37,2026-03-06 17:30:00,2026-03-06 18:00:00,1,,10.0,,,,LABORAL,18,True
freeze_20260610_192142,baselines_full_20260718,seasonal_naive_daily,1,30,37,2026-03-07 05:00:00,2026-03-07 05:30:00,1,125.0,121.0,-4.0,4.0,16.0,SABADO,5,False
freeze_20260610_192142,baselines_full_20260718,seasonal_naive_daily,1,30,37,2026-03-07 06:30:00,2026-03-07 07:00:00,1,119.0,82.0,-37.0,37.0,1369.0,SABADO,7,False
freeze_20260610_192142,baselines_full_20260718,seasonal_naive_daily,1,30,37,2026-03-07 14:00:00,2026-03-07 14:30:00,1,89.0,202.0,113.0,113.0,12769.0,SABADO,14,False
freeze_20260610_192142,baselines_full_20260718,seasonal_naive_daily,1,30,37,2026-03-09 08:30:00,2026-03-09 09:00:00,1,134.0,,,,,LABORAL,9,False
freeze_20260610_192142,baselines_full_20260718,seasonal_naive_daily,1,30,37,2026-03-09 12:00:00,2026-03-09 12:30:00,1,90.0,,,,,LABORAL,12,False
freeze_20260610_192142,baselines_full_20260718,seasonal_naive_daily,1,30,37,2026-03-10 07:30:00,2026-03-10 08:00:00,1,100.0,164.0,64.0,64.0,4096.0,LABORAL,8,False
freeze_20260610_192142,baselines_full_20260718,seasonal_naive_daily,1,30,37,2026-03-12 17:00:00,2026-03-12 17:30:00,1,30.0,,,,,LABORAL,17,False
freeze_20260610_192142,baselines_full_20260718,seasonal_naive_daily,1,30,37,2026-03-14 13:30:00,2026-03-14 14:00:00,1,84.0,103.0,19.0,19.0,361.0,SABADO,14,False
freeze_20260610_192142,baselines_full_20260718,seasonal_naive_daily,1,30,37,2026-03-15 04:30:00,2026-03-15 05:00:00,1,,112.0,,,,DOMINGO,5,True
freeze_20260610_192142,baselines_full_20260718,seasonal_naive_daily,1,30,38,2026-03-18 06:00:00,2026-03-18 06:30:00,1,161.0,139.0,-22.0,22.0,484.0,LABORAL,6,False
freeze_20260610_192142,baselines_full_20260718,seasonal_naive_daily,1,30,38,2026-03-18 15:00:00,2026-03-18 15:30:00,1,178.0,222.0,44.0,44.0,1936.0,LABORAL,15,False
freeze_20260610_192142,baselines_full_20260718,seasonal_naive_daily,1,30,38,2026-03-22 06:00:00,2026-03-22 06:30:00,1,,124.0,,,,DOMINGO,6,True
freeze_20260610_192142,baselines_full_20260718,seasonal_naive_daily,1,30,38,2026-03-22 12:30:00,2026-03-22 13:00:00,1,47.0,36.0,-11.0,11.0,121.0,DOMINGO,13,False
freeze_20260610_192142,baselines_full_20260718,seasonal_naive_daily,1,30,38,2026-03-25 15:00:00,2026-03-25 15:30:00,1,204.0,133.0,-71.0,71.0,5041.0,LABORAL,15,False
freeze_20260610_192142,baselines_full_20260718,seasonal_naive_daily,1,30,38,2026-03-25 16:00:00,2026-03-25 16:30:00,1,99.0,113.0,14.0,14.0,196.0,LABORAL,16,False
freeze_20260610_192142,baselines_full_20260718,seasonal_naive_daily,1,30,38,2026-03-27 09:30:00,2026-03-27 10:00:00,1,133.0,95.0,-38.0,38.0,1444.0,LABORAL,10,False
freeze_20260610_192142,baselines_full_20260718,seasonal_naive_daily,1,30,38,2026-03-27 13:30:00,2026-03-27 14:00:00,1,46.0,171.0,125.0,125.0,15625.0,LABORAL,14,False
freeze_20260610_192142,baselines_full_20260718,seasonal_naive_daily,1,30,38,2026-03-27 15:30:00,2026-03-27 16:00:00,1,218.0,160.0,-58.0,58.0,3364.0,LABORAL,16,False
freeze_20260610_192142,baselines_full_20260718,seasonal_naive_daily,1,30,38,2026-03-27 16:30:00,2026-03-27 17:00:00,1,96.0,36.0,-60.0,60.0,3600.0,LABORAL,17,False
freeze_20260610_192142,baselines_full_20260718,seasonal_naive_daily,1,30,38,2026-03-28 04:30:00,2026-03-28 05:00:00,1,68.0,114.0,46.0,46.0,2116.0,SABADO,5,False
freeze_20260610_192142,baselines_full_20260718,seasonal_naive_daily,1,30,38,2026-03-29 05:30:00,2026-03-29 06:00:00,1,,69.0,,,,DOMINGO,6,True
freeze_20260610_192142,baselines_full_20260718,seasonal_naive_daily,1,30,38,2026-03-29 07:30:00,2026-03-29 08:00:00,1,39.0,117.0,78.0,78.0,6084.0,DOMINGO,8,False
freeze_20260610_192142,baselines_full_20260718,seasonal_naive_daily,1,30,test_final,2026-04-03 07:30:00,2026-04-03 08:00:00,1,14.0,11.0,-3.0,3.0,9.0,FESTIVO,8,False
freeze_20260610_192142,baselines_full_20260718,seasonal_naive_daily,1,30,test_final,2026-04-03 14:30:00,2026-04-03 15:00:00,1,,27.0,,,,FESTIVO,15,True
freeze_20260610_192142,baselines_full_20260718,seasonal_naive_daily,1,30,test_final,2026-04-04 11:00:00,2026-04-04 11:30:00,1,104.0,28.0,-76.0,76.0,5776.0,SABADO,11,False
freeze_20260610_192142,baselines_full_20260718,seasonal_naive_daily,1,30,test_final,2026-04-06 07:00:00,2026-04-06 07:30:00,1,54.0,23.0,-31.0,31.0,961.0,LABORAL,7,False
freeze_20260610_192142,baselines_full_20260718,seasonal_naive_daily,1,30,test_final,2026-04-08 09:00:00,2026-04-08 09:30:00,1,120.0,91.0,-29.0,29.0,841.0,LABORAL,9,False
freeze_20260610_192142,baselines_full_20260718,seasonal_naive_daily,1,30,test_final,2026-04-09 11:30:00,2026-04-09 12:00:00,1,84.0,112.0,28.0,28.0,784.0,LABORAL,12,False
freeze_20260610_192142,baselines_full_20260718,seasonal_naive_daily,1,30,test_final,2026-04-09 16:30:00,2026-04-09 17:00:00,1,91.0,48.0,-43.0,43.0,1849.0,LABORAL,17,False
freeze_20260610_192142,baselines_full_20260718,seasonal_naive_daily,1,30,test_final,2026-04-11 15:30:00,2026-04-11 16:00:00,1,44.0,104.0,60.0,60.0,3600.0,SABADO,16,False
freeze_20260610_192142,baselines_full_20260718,seasonal_naive_daily,1,30,test_final,2026-04-13 07:30:00,2026-04-13 08:00:00,1,48.0,28.0,-20.0,20.0,400.0,LABORAL,8,False
freeze_20260610_192142,baselines_full_20260718,seasonal_naive_daily,1,30,test_final,2026-04-14 07:30:00,2026-04-14 08:00:00,1,144.0,48.0,-96.0,96.0,9216.0,LABORAL,8,False
freeze_20260610_192142,baselines_full_20260718,seasonal_naive_daily,1,30,test_final,2026-04-15 04:30:00,2026-04-15 05:00:00,1,81.0,157.0,76.0,76.0,5776.0,LABORAL,5,False
freeze_20260610_192142,baselines_full_20260718,seasonal_naive_daily,1,30,test_final,2026-04-15 08:30:00,2026-04-15 09:00:00,1,124.0,144.0,20.0,20.0,400.0,LABORAL,9,False
freeze_20260610_192142,baselines_full_20260718,seasonal_naive_daily,1,30,test_final,2026-04-16 11:00:00,2026-04-16 11:30:00,1,116.0,78.0,-38.0,38.0,1444.0,LABORAL,11,False
freeze_20260610_192142,baselines_full_20260718,seasonal_naive_daily,1,30,test_final,2026-04-17 05:00:00,2026-04-17 05:30:00,1,124.0,181.0,57.0,57.0,3249.0,LABORAL,5,False
freeze_20260610_192142,baselines_full_20260718,seasonal_naive_daily,1,30,test_final,2026-04-18 04:00:00,2026-04-18 04:30:00,1,63.0,136.0,73.0,73.0,5329.0,SABADO,4,False
freeze_20260610_192142,baselines_full_20260718,seasonal_naive_daily,1,30,test_final,2026-04-20 04:00:00,2026-04-20 04:30:00,1,86.0,,,,,LABORAL,4,False
freeze_20260610_192142,baselines_full_20260718,seasonal_naive_daily,1,30,test_final,2026-04-20 14:00:00,2026-04-20 14:30:00,1,206.0,60.0,-146.0,146.0,21316.0,LABORAL,14,False
freeze_20260610_192142,baselines_full_20260718,seasonal_naive_daily,1,30,test_final,2026-04-21 14:30:00,2026-04-21 15:00:00,1,129.0,59.0,-70.0,70.0,4900.0,LABORAL,15,False
freeze_20260610_192142,baselines_full_20260718,seasonal_naive_daily,1,30,test_final,2026-04-22 11:00:00,2026-04-22 11:30:00,1,129.0,48.0,-81.0,81.0,6561.0,LABORAL,11,False
freeze_20260610_192142,baselines_full_20260718,seasonal_naive_daily,1,30,test_final,2026-04-23 09:30:00,2026-04-23 10:00:00,1,96.0,63.0,-33.0,33.0,1089.0,LABORAL,10,False
freeze_20260610_192142,baselines_full_20260718,seasonal_naive_daily,1,30,test_final,2026-04-23 12:00:00,2026-04-23 12:30:00,1,51.0,122.0,71.0,71.0,5041.0,LABORAL,12,False
freeze_20260610_192142,baselines_full_20260718,seasonal_naive_daily,1,30,test_final,2026-04-23 16:00:00,2026-04-23 16:30:00,1,38.0,127.0,89.0,89.0,7921.0,LABORAL,16,False
freeze_20260610_192142,baselines_full_20260718,seasonal_naive_daily,1,30,test_final,2026-04-23 16:30:00,2026-04-23 17:00:00,1,,87.0,,,,LABORAL,17,True
freeze_20260610_192142,baselines_full_20260718,seasonal_naive_daily,1,30,test_final,2026-04-24 11:30:00,2026-04-24 12:00:00,1,117.0,128.0,11.0,11.0,121.0,LABORAL,12,False
freeze_20260610_192142,baselines_full_20260718,seasonal_naive_daily,1,30,test_final,2026-04-26 07:00:00,2026-04-26 07:30:00,1,25.0,34.0,9.0,9.0,81.0,DOMINGO,7,False
freeze_20260610_192142,baselines_full_20260718,seasonal_naive_daily,1,30,test_final,2026-04-27 13:00:00,2026-04-27 13:30:00,1,148.0,24.0,-124.0,124.0,15376.0,LABORAL,13,False
freeze_20260610_192142,baselines_full_20260718,seasonal_naive_daily,1,30,test_final,2026-04-28 17:00:00,2026-04-28 17:30:00,1,49.0,,,,,LABORAL,17,False
freeze_20260610_192142,baselines_full_20260718,seasonal_naive_daily,1,30,test_final,2026-04-30 11:00:00,2026-04-30 11:30:00,1,125.0,78.0,-47.0,47.0,2209.0,LABORAL,11,False
freeze_20260610_192142,baselines_full_20260718,seasonal_naive_daily,1,30,test_final,2026-05-02 08:00:00,2026-05-02 08:30:00,1,111.0,24.0,-87.0,87.0,7569.0,SABADO,8,False
freeze_20260610_192142,baselines_full_20260718,seasonal_naive_daily,1,30,test_final,2026-05-02 17:00:00,2026-05-02 17:30:00,1,,,,,,SABADO,17,True
freeze_20260610_192142,baselines_full_20260718,seasonal_naive_daily,1,30,test_final,2026-05-03 15:30:00,2026-05-03 16:00:00,1,,29.0,,,,DOMINGO,16,True
freeze_20260610_192142,baselines_full_20260718,seasonal_naive_daily,1,30,test_final,2026-05-06 05:00:00,2026-05-06 05:30:00,1,155.0,95.0,-60.0,60.0,3600.0,LABORAL,5,False
freeze_20260610_192142,baselines_full_20260718,seasonal_naive_daily,1,30,test_final,2026-05-06 08:30:00,2026-05-06 09:00:00,1,92.0,115.0,23.0,23.0,529.0,LABORAL,9,False
freeze_20260610_192142,baselines_full_20260718,seasonal_naive_daily,1,30,test_final,2026-05-08 06:00:00,2026-05-08 06:30:00,1,106.0,131.0,25.0,25.0,625.0,LABORAL,6,False
freeze_20260610_192142,baselines_full_20260718,seasonal_naive_daily,1,30,test_final,2026-05-09 06:00:00,2026-05-09 06:30:00,1,77.0,106.0,29.0,29.0,841.0,SABADO,6,False
freeze_20260610_192142,baselines_full_20260718,seasonal_naive_daily,1,30,test_final,2026-05-09 08:30:00,2026-05-09 09:00:00,1,101.0,133.0,32.0,32.0,1024.0,SABADO,9,False
freeze_20260610_192142,baselines_full_20260718,seasonal_naive_daily,1,30,test_final,2026-05-09 13:00:00,2026-05-09 13:30:00,1,52.0,191.0,139.0,139.0,19321.0,SABADO,13,False
freeze_20260610_192142,baselines_full_20260718,seasonal_naive_daily,1,30,test_final,2026-05-09 13:30:00,2026-05-09 14:00:00,1,59.0,155.0,96.0,96.0,9216.0,SABADO,14,False
freeze_20260610_192142,baselines_full_20260718,seasonal_naive_daily,1,30,test_final,2026-05-10 05:00:00,2026-05-10 05:30:00,1,,87.0,,,,DOMINGO,5,True
freeze_20260610_192142,baselines_full_20260718,seasonal_naive_daily,1,30,test_final,2026-05-11 06:00:00,2026-05-11 06:30:00,1,103.0,,,,,LABORAL,6,False
freeze_20260610_192142,baselines_full_20260718,seasonal_naive_daily,1,30,test_final,2026-05-12 04:30:00,2026-05-12 05:00:00,1,135.0,109.0,-26.0,26.0,676.0,LABORAL,5,False
freeze_20260610_192142,baselines_full_20260718,seasonal_naive_daily,1,30,test_final,2026-05-12 14:30:00,2026-05-12 15:00:00,1,169.0,163.0,-6.0,6.0,36.0,LABORAL,15,False
freeze_20260610_192142,baselines_full_20260718,seasonal_naive_daily,1,30,test_final,2026-05-14 11:30:00,2026-05-14 12:00:00,1,96.0,124.0,28.0,28.0,784.0,LABORAL,12,False
freeze_20260610_192142,baselines_full_20260718,seasonal_naive_daily,1,30,test_final,2026-05-15 08:30:00,2026-05-15 09:00:00,1,136.0,83.0,-53.0,53.0,2809.0,LABORAL,9,False
freeze_20260610_192142,baselines_full_20260718,seasonal_naive_daily,1,30,test_final,2026-05-15 14:00:00,2026-05-15 14:30:00,1,100.0,151.0,51.0,51.0,2601.0,LABORAL,14,False
freeze_20260610_192142,baselines_full_20260718,seasonal_naive_daily,1,30,test_final,2026-05-15 16:30:00,2026-05-15 17:00:00,1,80.0,43.0,-37.0,37.0,1369.0,LABORAL,17,False
freeze_20260610_192142,baselines_full_20260718,seasonal_naive_daily,1,30,test_final,2026-05-16 15:30:00,2026-05-16 16:00:00,1,45.0,163.0,118.0,118.0,13924.0,SABADO,16,False
freeze_20260610_192142,baselines_full_20260718,seasonal_naive_daily,1,30,test_final,2026-05-17 06:30:00,2026-05-17 07:00:00,1,20.0,145.0,125.0,125.0,15625.0,DOMINGO,7,False
freeze_20260610_192142,baselines_full_20260718,seasonal_naive_daily,1,30,test_final,2026-05-18 10:30:00,2026-05-18 11:00:00,1,12.0,,,,,FESTIVO_PUENTE,11,False
freeze_20260610_192142,baselines_full_20260718,seasonal_naive_daily,1,30,test_final,2026-05-18 16:30:00,2026-05-18 17:00:00,1,,,,,,FESTIVO_PUENTE,17,True
freeze_20260610_192142,baselines_full_20260718,seasonal_naive_daily,1,30,test_final,2026-05-19 08:30:00,2026-05-19 09:00:00,1,156.0,21.0,-135.0,135.0,18225.0,LABORAL,9,False
freeze_20260610_192142,baselines_full_20260718,seasonal_naive_daily,1,30,test_final,2026-05-20 13:30:00,2026-05-20 14:00:00,1,117.0,118.0,1.0,1.0,1.0,LABORAL,14,False
freeze_20260610_192142,baselines_full_20260718,seasonal_naive_daily,1,30,test_final,2026-05-20 14:00:00,2026-05-20 14:30:00,1,130.0,158.0,28.0,28.0,784.0,LABORAL,14,False
freeze_20260610_192142,baselines_full_20260718,seasonal_naive_daily,1,30,test_final,2026-05-21 07:30:00,2026-05-21 08:00:00,1,,58.0,,,,LABORAL,8,True
freeze_20260610_192142,baselines_full_20260718,seasonal_naive_daily,1,30,test_final,2026-05-21 08:30:00,2026-05-21 09:00:00,1,,91.0,,,,LABORAL,9,True
freeze_20260610_192142,baselines_full_20260718,seasonal_naive_daily,1,30,test_final,2026-05-21 10:30:00,2026-05-21 11:00:00,1,,66.0,,,,LABORAL,11,True
freeze_20260610_192142,baselines_full_20260718,seasonal_naive_daily,1,30,test_final,2026-05-23 14:30:00,2026-05-23 15:00:00,1,89.0,193.0,104.0,104.0,10816.0,SABADO,15,False
freeze_20260610_192142,baselines_full_20260718,seasonal_naive_daily,1,30,test_final,2026-05-24 12:30:00,2026-05-24 13:00:00,1,,79.0,,,,DOMINGO,13,True
freeze_20260610_192142,baselines_full_20260718,seasonal_naive_daily,1,30,test_final,2026-05-24 15:00:00,2026-05-24 15:30:00,1,21.0,47.0,26.0,26.0,676.0,DOMINGO,15,False
freeze_20260610_192142,baselines_full_20260718,seasonal_naive_daily,1,30,test_final,2026-05-25 14:00:00,2026-05-25 14:30:00,1,134.0,,,,,LABORAL,14,False
freeze_20260610_192142,baselines_full_20260718,seasonal_naive_daily,1,30,test_final,2026-05-26 05:30:00,2026-05-26 06:00:00,1,69.0,128.0,59.0,59.0,3481.0,LABORAL,6,False
freeze_20260610_192142,baselines_full_20260718,seasonal_naive_daily,1,30,test_final,2026-05-27 14:30:00,2026-05-27 15:00:00,1,168.0,129.0,-39.0,39.0,1521.0,LABORAL,15,False
freeze_20260610_192142,baselines_full_20260718,seasonal_naive_daily,1,30,test_final,2026-06-01 07:30:00,2026-06-01 08:00:00,1,68.0,,,,,LABORAL,8,False
freeze_20260610_192142,baselines_full_20260718,seasonal_naive_daily,1,30,test_final,2026-06-01 13:30:00,2026-06-01 14:00:00,1,111.0,,,,,LABORAL,14,False
freeze_20260610_192142,baselines_full_20260718,seasonal_naive_daily,1,30,test_final,2026-06-01 17:00:00,2026-06-01 17:30:00,1,,,,,,LABORAL,17,True
freeze_20260610_192142,baselines_full_20260718,seasonal_naive_daily,1,30,test_final,2026-06-02 05:00:00,2026-06-02 05:30:00,1,147.0,155.0,8.0,8.0,64.0,LABORAL,5,False
freeze_20260610_192142,baselines_full_20260718,seasonal_naive_daily,1,30,test_final,2026-06-02 06:00:00,2026-06-02 06:30:00,1,195.0,104.0,-91.0,91.0,8281.0,LABORAL,6,False
freeze_20260610_192142,baselines_full_20260718,seasonal_naive_daily,1,30,test_final,2026-06-03 12:00:00,2026-06-03 12:30:00,1,125.0,108.0,-17.0,17.0,289.0,LABORAL,12,False
freeze_20260610_192142,baselines_full_20260718,seasonal_naive_daily,1,30,test_final,2026-06-03 17:00:00,2026-06-03 17:30:00,1,,,,,,LABORAL,17,True
freeze_20260610_192142,baselines_full_20260718,seasonal_naive_daily,1,30,test_final,2026-06-04 17:00:00,2026-06-04 17:30:00,1,,,,,,LABORAL,17,True
freeze_20260610_192142,baselines_full_20260718,seasonal_naive_daily,1,30,test_final,2026-06-05 09:00:00,2026-06-05 09:30:00,1,78.0,84.0,6.0,6.0,36.0,LABORAL,9,False
freeze_20260610_192142,baselines_full_20260718,seasonal_naive_daily,1,30,test_final,2026-06-05 10:00:00,2026-06-05 10:30:00,1,88.0,130.0,42.0,42.0,1764.0,LABORAL,10,False
freeze_20260610_192142,baselines_full_20260718,seasonal_naive_daily,1,30,test_final,2026-06-06 05:00:00,2026-06-06 05:30:00,1,86.0,137.0,51.0,51.0,2601.0,SABADO,5,False
freeze_20260610_192142,baselines_full_20260718,seasonal_naive_daily,1,30,test_final,2026-06-06 12:30:00,2026-06-06 13:00:00,1,58.0,100.0,42.0,42.0,1764.0,SABADO,13,False
freeze_20260610_192142,baselines_full_20260718,seasonal_naive_daily,1,30,test_final,2026-06-07 12:30:00,2026-06-07 13:00:00,1,28.0,58.0,30.0,30.0,900.0,DOMINGO,13,False
freeze_20260610_192142,baselines_full_20260718,seasonal_naive_daily,1,30,test_final,2026-06-07 14:30:00,2026-06-07 15:00:00,1,25.0,71.0,46.0,46.0,2116.0,DOMINGO,15,False
freeze_20260610_192142,baselines_full_20260718,seasonal_naive_daily,1,30,test_final,2026-06-09 15:00:00,2026-06-09 15:30:00,1,116.0,21.0,-95.0,95.0,9025.0,LABORAL,15,False
freeze_20260610_192142,baselines_full_20260718,seasonal_naive_daily,1,30,test_final,2026-06-10 04:00:00,2026-06-10 04:30:00,1,121.0,88.0,-33.0,33.0,1089.0,LABORAL,4,False
freeze_20260610_192142,baselines_full_20260718,seasonal_naive_daily,1,30,test_final,2026-06-10 08:30:00,2026-06-10 09:00:00,1,142.0,147.0,5.0,5.0,25.0,LABORAL,9,False
freeze_20260610_192142,baselines_full_20260718,seasonal_naive_daily,1,30,test_final,2026-06-10 14:00:00,2026-06-10 14:30:00,1,57.0,49.0,-8.0,8.0,64.0,LABORAL,14,False
freeze_20260610_192142,baselines_full_20260718,seasonal_naive_daily,3,30,1,2024-10-15 06:30:00,2024-10-15 07:00:00,1,177.0,58.0,-119.0,119.0,14161.0,LABORAL,7,False
freeze_20260610_192142,baselines_full_20260718,seasonal_naive_daily,3,30,1,2024-10-16 13:30:00,2024-10-16 14:00:00,1,177.0,156.0,-21.0,21.0,441.0,LABORAL,14,False
freeze_20260610_192142,baselines_full_20260718,seasonal_naive_daily,3,30,1,2024-10-17 04:30:00,2024-10-17 05:00:00,1,145.0,191.0,46.0,46.0,2116.0,LABORAL,5,False
freeze_20260610_192142,baselines_full_20260718,seasonal_naive_daily,3,30,1,2024-10-24 05:00:00,2024-10-24 05:30:00,1,368.0,326.0,-42.0,42.0,1764.0,LABORAL,5,False
freeze_20260610_192142,baselines_full_20260718,seasonal_naive_daily,3,30,1,2024-10-24 14:30:00,2024-10-24 15:00:00,1,268.0,227.0,-41.0,41.0,1681.0,LABORAL,15,False
freeze_20260610_192142,baselines_full_20260718,seasonal_naive_daily,3,30,1,2024-10-25 11:30:00,2024-10-25 12:00:00,1,127.0,236.0,109.0,109.0,11881.0,LABORAL,12,False
freeze_20260610_192142,baselines_full_20260718,seasonal_naive_daily,3,30,1,2024-10-25 14:30:00,2024-10-25 15:00:00,1,227.0,268.0,41.0,41.0,1681.0,LABORAL,15,False
freeze_20260610_192142,baselines_full_20260718,seasonal_naive_daily,3,30,1,2024-10-28 05:30:00,2024-10-28 06:00:00,1,451.0,27.0,-424.0,424.0,179776.0,LABORAL,6,False
freeze_20260610_192142,baselines_full_20260718,seasonal_naive_daily,3,30,2,2024-10-29 05:00:00,2024-10-29 05:30:00,1,328.0,232.0,-96.0,96.0,9216.0,LABORAL,5,False
freeze_20260610_192142,baselines_full_20260718,seasonal_naive_daily,3,30,2,2024-11-01 16:00:00,2024-11-01 16:30:00,1,175.0,,,,,LABORAL,16,False
freeze_20260610_192142,baselines_full_20260718,seasonal_naive_daily,3,30,2,2024-11-02 11:30:00,2024-11-02 12:00:00,1,149.0,154.0,5.0,5.0,25.0,SABADO,12,False
freeze_20260610_192142,baselines_full_20260718,seasonal_naive_daily,3,30,2,2024-11-04 07:30:00,2024-11-04 08:00:00,1,84.0,57.0,-27.0,27.0,729.0,FESTIVO_PUENTE,8,False
freeze_20260610_192142,baselines_full_20260718,seasonal_naive_daily,3,30,2,2024-11-04 09:30:00,2024-11-04 10:00:00,1,37.0,69.0,32.0,32.0,1024.0,FESTIVO_PUENTE,10,False
freeze_20260610_192142,baselines_full_20260718,seasonal_naive_daily,3,30,2,2024-11-06 14:00:00,2024-11-06 14:30:00,1,165.0,242.0,77.0,77.0,5929.0,LABORAL,14,False
freeze_20260610_192142,baselines_full_20260718,seasonal_naive_daily,3,30,2,2024-11-07 03:30:00,2024-11-07 04:00:00,1,,48.0,,,,LABORAL,4,True
freeze_20260610_192142,baselines_full_20260718,seasonal_naive_daily,3,30,2,2024-11-07 15:00:00,2024-11-07 15:30:00,1,259.0,211.0,-48.0,48.0,2304.0,LABORAL,15,False
freeze_20260610_192142,baselines_full_20260718,seasonal_naive_daily,3,30,2,2024-11-09 14:00:00,2024-11-09 14:30:00,1,153.0,205.0,52.0,52.0,2704.0,SABADO,14,False
freeze_20260610_192142,baselines_full_20260718,seasonal_naive_daily,3,30,2,2024-11-10 08:00:00,2024-11-10 08:30:00,1,67.0,145.0,78.0,78.0,6084.0,DOMINGO,8,False
freeze_20260610_192142,baselines_full_20260718,seasonal_naive_daily,3,30,2,2024-11-10 16:30:00,2024-11-10 17:00:00,1,43.0,22.0,-21.0,21.0,441.0,DOMINGO,17,False
freeze_20260610_192142,baselines_full_20260718,seasonal_naive_daily,3,30,3,2024-11-14 04:30:00,2024-11-14 05:00:00,1,217.0,154.0,-63.0,63.0,3969.0,LABORAL,5,False
freeze_20260610_192142,baselines_full_20260718,seasonal_naive_daily,3,30,3,2024-11-14 10:00:00,2024-11-14 10:30:00,1,150.0,192.0,42.0,42.0,1764.0,LABORAL,10,False
freeze_20260610_192142,baselines_full_20260718,seasonal_naive_daily,3,30,3,2024-11-14 17:00:00,2024-11-14 17:30:00,1,,,,,,LABORAL,17,True
freeze_20260610_192142,baselines_full_20260718,seasonal_naive_daily,3,30,3,2024-11-16 07:00:00,2024-11-16 07:30:00,1,195.0,221.0,26.0,26.0,676.0,SABADO,7,False
freeze_20260610_192142,baselines_full_20260718,seasonal_naive_daily,3,30,3,2024-11-18 17:30:00,2024-11-18 18:00:00,1,,,,,,LABORAL,18,True
freeze_20260610_192142,baselines_full_20260718,seasonal_naive_daily,3,30,3,2024-11-19 14:30:00,2024-11-19 15:00:00,1,275.0,305.0,30.0,30.0,900.0,LABORAL,15,False
freeze_20260610_192142,baselines_full_20260718,seasonal_naive_daily,3,30,3,2024-11-19 17:00:00,2024-11-19 17:30:00,1,,28.0,,,,LABORAL,17,True
freeze_20260610_192142,baselines_full_20260718,seasonal_naive_daily,3,30,3,2024-11-20 05:00:00,2024-11-20 05:30:00,1,389.0,408.0,19.0,19.0,361.0,LABORAL,5,False
freeze_20260610_192142,baselines_full_20260718,seasonal_naive_daily,3,30,3,2024-11-21 15:00:00,2024-11-21 15:30:00,1,86.0,176.0,90.0,90.0,8100.0,LABORAL,15,False
freeze_20260610_192142,baselines_full_20260718,seasonal_naive_daily,3,30,3,2024-11-22 16:00:00,2024-11-22 16:30:00,1,188.0,123.0,-65.0,65.0,4225.0,LABORAL,16,False
freeze_20260610_192142,baselines_full_20260718,seasonal_naive_daily,3,30,3,2024-11-23 10:00:00,2024-11-23 10:30:00,1,131.0,203.0,72.0,72.0,5184.0,SABADO,10,False
freeze_20260610_192142,baselines_full_20260718,seasonal_naive_daily,3,30,4,2024-11-27 04:00:00,2024-11-27 04:30:00,1,99.0,126.0,27.0,27.0,729.0,LABORAL,4,False
freeze_20260610_192142,baselines_full_20260718,seasonal_naive_daily,3,30,4,2024-11-27 07:00:00,2024-11-27 07:30:00,1,210.0,240.0,30.0,30.0,900.0,LABORAL,7,False
freeze_20260610_192142,baselines_full_20260718,seasonal_naive_daily,3,30,4,2024-11-30 11:30:00,2024-11-30 12:00:00,1,192.0,254.0,62.0,62.0,3844.0,SABADO,12,False
freeze_20260610_192142,baselines_full_20260718,seasonal_naive_daily,3,30,4,2024-12-02 10:00:00,2024-12-02 10:30:00,1,159.0,37.0,-122.0,122.0,14884.0,LABORAL,10,False
freeze_20260610_192142,baselines_full_20260718,seasonal_naive_daily,3,30,4,2024-12-03 04:00:00,2024-12-03 04:30:00,1,154.0,137.0,-17.0,17.0,289.0,LABORAL,4,False
freeze_20260610_192142,baselines_full_20260718,seasonal_naive_daily,3,30,4,2024-12-03 15:00:00,2024-12-03 15:30:00,1,146.0,150.0,4.0,4.0,16.0,LABORAL,15,False
freeze_20260610_192142,baselines_full_20260718,seasonal_naive_daily,3,30,4,2024-12-05 09:00:00,2024-12-05 09:30:00,1,155.0,165.0,10.0,10.0,100.0,LABORAL,9,False
freeze_20260610_192142,baselines_full_20260718,seasonal_naive_daily,3,30,4,2024-12-06 15:00:00,2024-12-06 15:30:00,1,240.0,202.0,-38.0,38.0,1444.0,LABORAL,15,False
freeze_20260610_192142,baselines_full_20260718,seasonal_naive_daily,3,30,4,2024-12-07 09:30:00,2024-12-07 10:00:00,1,128.0,81.0,-47.0,47.0,2209.0,SABADO,10,False
freeze_20260610_192142,baselines_full_20260718,seasonal_naive_daily,3,30,4,2024-12-07 13:00:00,2024-12-07 13:30:00,1,68.0,176.0,108.0,108.0,11664.0,SABADO,13,False
freeze_20260610_192142,baselines_full_20260718,seasonal_naive_daily,3,30,4,2024-12-07 16:30:00,2024-12-07 17:00:00,1,56.0,77.0,21.0,21.0,441.0,SABADO,17,False
freeze_20260610_192142,baselines_full_20260718,seasonal_naive_daily,3,30,4,2024-12-08 07:00:00,2024-12-08 07:30:00,1,24.0,127.0,103.0,103.0,10609.0,FESTIVO,7,False
freeze_20260610_192142,baselines_full_20260718,seasonal_naive_daily,3,30,4,2024-12-08 11:00:00,2024-12-08 11:30:00,1,33.0,100.0,67.0,67.0,4489.0,FESTIVO,11,False
freeze_20260610_192142,baselines_full_20260718,seasonal_naive_daily,3,30,4,2024-12-09 11:30:00,2024-12-09 12:00:00,1,214.0,21.0,-193.0,193.0,37249.0,LABORAL,12,False
freeze_20260610_192142,baselines_full_20260718,seasonal_naive_daily,3,30,4,2024-12-09 17:00:00,2024-12-09 17:30:00,1,,,,,,LABORAL,17,True
freeze_20260610_192142,baselines_full_20260718,seasonal_naive_daily,3,30,5,2024-12-10 06:30:00,2024-12-10 07:00:00,1,181.0,387.0,206.0,206.0,42436.0,LABORAL,7,False
freeze_20260610_192142,baselines_full_20260718,seasonal_naive_daily,3,30,5,2024-12-10 12:00:00,2024-12-10 12:30:00,1,211.0,238.0,27.0,27.0,729.0,LABORAL,12,False
freeze_20260610_192142,baselines_full_20260718,seasonal_naive_daily,3,30,5,2024-12-11 05:30:00,2024-12-11 06:00:00,1,304.0,308.0,4.0,4.0,16.0,LABORAL,6,False
freeze_20260610_192142,baselines_full_20260718,seasonal_naive_daily,3,30,5,2024-12-11 16:00:00,2024-12-11 16:30:00,1,145.0,159.0,14.0,14.0,196.0,LABORAL,16,False
freeze_20260610_192142,baselines_full_20260718,seasonal_naive_daily,3,30,5,2024-12-13 04:00:00,2024-12-13 04:30:00,1,78.0,106.0,28.0,28.0,784.0,LABORAL,4,False
freeze_20260610_192142,baselines_full_20260718,seasonal_naive_daily,3,30,5,2024-12-13 08:00:00,2024-12-13 08:30:00,1,160.0,218.0,58.0,58.0,3364.0,LABORAL,8,False
freeze_20260610_192142,baselines_full_20260718,seasonal_naive_daily,3,30,5,2024-12-14 05:00:00,2024-12-14 05:30:00,1,172.0,271.0,99.0,99.0,9801.0,SABADO,5,False
freeze_20260610_192142,baselines_full_20260718,seasonal_naive_daily,3,30,5,2024-12-14 13:30:00,2024-12-14 14:00:00,1,64.0,122.0,58.0,58.0,3364.0,SABADO,14,False
freeze_20260610_192142,baselines_full_20260718,seasonal_naive_daily,3,30,5,2024-12-16 08:30:00,2024-12-16 09:00:00,1,161.0,51.0,-110.0,110.0,12100.0,LABORAL,9,False
freeze_20260610_192142,baselines_full_20260718,seasonal_naive_daily,3,30,5,2024-12-17 07:00:00,2024-12-17 07:30:00,1,235.0,178.0,-57.0,57.0,3249.0,LABORAL,7,False
freeze_20260610_192142,baselines_full_20260718,seasonal_naive_daily,3,30,5,2024-12-17 13:00:00,2024-12-17 13:30:00,1,171.0,157.0,-14.0,14.0,196.0,LABORAL,13,False
freeze_20260610_192142,baselines_full_20260718,seasonal_naive_daily,3,30,5,2024-12-18 05:00:00,2024-12-18 05:30:00,1,343.0,338.0,-5.0,5.0,25.0,LABORAL,5,False
freeze_20260610_192142,baselines_full_20260718,seasonal_naive_daily,3,30,5,2024-12-19 14:30:00,2024-12-19 15:00:00,1,164.0,346.0,182.0,182.0,33124.0,LABORAL,15,False
freeze_20260610_192142,baselines_full_20260718,seasonal_naive_daily,3,30,5,2024-12-21 09:30:00,2024-12-21 10:00:00,1,108.0,44.0,-64.0,64.0,4096.0,SABADO,10,False
freeze_20260610_192142,baselines_full_20260718,seasonal_naive_daily,3,30,5,2024-12-21 16:30:00,2024-12-21 17:00:00,1,,88.0,,,,SABADO,17,True
freeze_20260610_192142,baselines_full_20260718,seasonal_naive_daily,3,30,5,2024-12-22 14:30:00,2024-12-22 15:00:00,1,38.0,57.0,19.0,19.0,361.0,DOMINGO,15,False
freeze_20260610_192142,baselines_full_20260718,seasonal_naive_daily,3,30,5,2024-12-23 05:30:00,2024-12-23 06:00:00,1,245.0,34.0,-211.0,211.0,44521.0,LABORAL,6,False
freeze_20260610_192142,baselines_full_20260718,seasonal_naive_daily,3,30,5,2024-12-23 07:00:00,2024-12-23 07:30:00,1,254.0,66.0,-188.0,188.0,35344.0,LABORAL,7,False
freeze_20260610_192142,baselines_full_20260718,seasonal_naive_daily,3,30,6,2024-12-24 14:30:00,2024-12-24 15:00:00,1,161.0,318.0,157.0,157.0,24649.0,LABORAL,15,False
freeze_20260610_192142,baselines_full_20260718,seasonal_naive_daily,3,30,6,2024-12-24 15:30:00,2024-12-24 16:00:00,1,57.0,159.0,102.0,102.0,10404.0,LABORAL,16,False
freeze_20260610_192142,baselines_full_20260718,seasonal_naive_daily,3,30,6,2024-12-25 14:00:00,2024-12-25 14:30:00,1,,131.0,,,,FESTIVO,14,True
freeze_20260610_192142,baselines_full_20260718,seasonal_naive_daily,3,30,6,2024-12-30 17:00:00,2024-12-30 17:30:00,1,19.0,,,,,LABORAL,17,False
freeze_20260610_192142,baselines_full_20260718,seasonal_naive_daily,3,30,6,2024-12-31 10:30:00,2024-12-31 11:00:00,1,80.0,146.0,66.0,66.0,4356.0,LABORAL,11,False
freeze_20260610_192142,baselines_full_20260718,seasonal_naive_daily,3,30,6,2025-01-02 09:30:00,2025-01-02 10:00:00,1,131.0,,,,,LABORAL,10,False
freeze_20260610_192142,baselines_full_20260718,seasonal_naive_daily,3,30,6,2025-01-02 16:00:00,2025-01-02 16:30:00,1,,,,,,LABORAL,16,True
freeze_20260610_192142,baselines_full_20260718,seasonal_naive_daily,3,30,6,2025-01-04 09:30:00,2025-01-04 10:00:00,1,94.0,123.0,29.0,29.0,841.0,SABADO,10,False
freeze_20260610_192142,baselines_full_20260718,seasonal_naive_daily,3,30,6,2025-01-04 12:30:00,2025-01-04 13:00:00,1,52.0,118.0,66.0,66.0,4356.0,SABADO,13,False
freeze_20260610_192142,baselines_full_20260718,seasonal_naive_daily,3,30,6,2025-01-05 13:30:00,2025-01-05 14:00:00,1,60.0,77.0,17.0,17.0,289.0,DOMINGO,14,False
freeze_20260610_192142,baselines_full_20260718,seasonal_naive_daily,3,30,6,2025-01-06 07:00:00,2025-01-06 07:30:00,1,39.0,50.0,11.0,11.0,121.0,FESTIVO_PUENTE,7,False
freeze_20260610_192142,baselines_full_20260718,seasonal_naive_daily,3,30,6,2025-01-06 10:30:00,2025-01-06 11:00:00,1,22.0,60.0,38.0,38.0,1444.0,FESTIVO_PUENTE,11,False
freeze_20260610_192142,baselines_full_20260718,seasonal_naive_daily,3,30,7,2025-01-09 16:30:00,2025-01-09 17:00:00,1,61.0,,,,,LABORAL,17,False
freeze_20260610_192142,baselines_full_20260718,seasonal_naive_daily,3,30,7,2025-01-10 14:00:00,2025-01-10 14:30:00,1,201.0,134.0,-67.0,67.0,4489.0,LABORAL,14,False
freeze_20260610_192142,baselines_full_20260718,seasonal_naive_daily,3,30,7,2025-01-11 10:00:00,2025-01-11 10:30:00,1,109.0,140.0,31.0,31.0,961.0,SABADO,10,False
freeze_20260610_192142,baselines_full_20260718,seasonal_naive_daily,3,30,7,2025-01-12 07:00:00,2025-01-12 07:30:00,1,,184.0,,,,DOMINGO,7,True
freeze_20260610_192142,baselines_full_20260718,seasonal_naive_daily,3,30,7,2025-01-13 04:00:00,2025-01-13 04:30:00,1,103.0,,,,,LABORAL,4,False
freeze_20260610_192142,baselines_full_20260718,seasonal_naive_daily,3,30,7,2025-01-13 09:30:00,2025-01-13 10:00:00,1,137.0,,,,,LABORAL,10,False
freeze_20260610_192142,baselines_full_20260718,seasonal_naive_daily,3,30,7,2025-01-13 10:00:00,2025-01-13 10:30:00,1,177.0,49.0,-128.0,128.0,16384.0,LABORAL,10,False
freeze_20260610_192142,baselines_full_20260718,seasonal_naive_daily,3,30,7,2025-01-13 16:30:00,2025-01-13 17:00:00,1,27.0,3.0,-24.0,24.0,576.0,LABORAL,17,False
freeze_20260610_192142,baselines_full_20260718,seasonal_naive_daily,3,30,7,2025-01-14 07:30:00,2025-01-14 08:00:00,1,274.0,222.0,-52.0,52.0,2704.0,LABORAL,8,False
freeze_20260610_192142,baselines_full_20260718,seasonal_naive_daily,3,30,7,2025-01-14 11:30:00,2025-01-14 12:00:00,1,147.0,178.0,31.0,31.0,961.0,LABORAL,12,False
freeze_20260610_192142,baselines_full_20260718,seasonal_naive_daily,3,30,7,2025-01-15 12:30:00,2025-01-15 13:00:00,1,120.0,119.0,-1.0,1.0,1.0,LABORAL,13,False
freeze_20260610_192142,baselines_full_20260718,seasonal_naive_daily,3,30,7,2025-01-17 10:00:00,2025-01-17 10:30:00,1,137.0,158.0,21.0,21.0,441.0,LABORAL,10,False
freeze_20260610_192142,baselines_full_20260718,seasonal_naive_daily,3,30,7,2025-01-18 03:30:00,2025-01-18 04:00:00,1,31.0,50.0,19.0,19.0,361.0,SABADO,4,False
freeze_20260610_192142,baselines_full_20260718,seasonal_naive_daily,3,30,7,2025-01-18 05:30:00,2025-01-18 06:00:00,1,188.0,342.0,154.0,154.0,23716.0,SABADO,6,False
freeze_20260610_192142,baselines_full_20260718,seasonal_naive_daily,3,30,7,2025-01-18 09:00:00,2025-01-18 09:30:00,1,64.0,154.0,90.0,90.0,8100.0,SABADO,9,False
freeze_20260610_192142,baselines_full_20260718,seasonal_naive_daily,3,30,7,2025-01-18 13:30:00,2025-01-18 14:00:00,1,37.0,192.0,155.0,155.0,24025.0,SABADO,14,False
freeze_20260610_192142,baselines_full_20260718,seasonal_naive_daily,3,30,7,2025-01-19 13:30:00,2025-01-19 14:00:00,1,22.0,37.0,15.0,15.0,225.0,DOMINGO,14,False
freeze_20260610_192142,baselines_full_20260718,seasonal_naive_daily,3,30,7,2025-01-20 13:00:00,2025-01-20 13:30:00,1,194.0,28.0,-166.0,166.0,27556.0,LABORAL,13,False
freeze_20260610_192142,baselines_full_20260718,seasonal_naive_daily,3,30,7,2025-01-20 16:00:00,2025-01-20 16:30:00,1,96.0,42.0,-54.0,54.0,2916.0,LABORAL,16,False
freeze_20260610_192142,baselines_full_20260718,seasonal_naive_daily,3,30,8,2025-01-21 03:30:00,2025-01-21 04:00:00,1,42.0,44.0,2.0,2.0,4.0,LABORAL,4,False
freeze_20260610_192142,baselines_full_20260718,seasonal_naive_daily,3,30,8,2025-01-21 10:30:00,2025-01-21 11:00:00,1,135.0,152.0,17.0,17.0,289.0,LABORAL,11,False
freeze_20260610_192142,baselines_full_20260718,seasonal_naive_daily,3,30,8,2025-01-24 13:00:00,2025-01-24 13:30:00,1,137.0,186.0,49.0,49.0,2401.0,LABORAL,13,False
freeze_20260610_192142,baselines_full_20260718,seasonal_naive_daily,3,30,8,2025-01-25 04:00:00,2025-01-25 04:30:00,1,131.0,156.0,25.0,25.0,625.0,SABADO,4,False
freeze_20260610_192142,baselines_full_20260718,seasonal_naive_daily,3,30,8,2025-01-25 05:00:00,2025-01-25 05:30:00,1,182.0,227.0,45.0,45.0,2025.0,SABADO,5,False
freeze_20260610_192142,baselines_full_20260718,seasonal_naive_daily,3,30,8,2025-01-25 16:30:00,2025-01-25 17:00:00,1,,27.0,,,,SABADO,17,True
freeze_20260610_192142,baselines_full_20260718,seasonal_naive_daily,3,30,8,2025-01-27 10:00:00,2025-01-27 10:30:00,1,107.0,30.0,-77.0,77.0,5929.0,LABORAL,10,False
freeze_20260610_192142,baselines_full_20260718,seasonal_naive_daily,3,30,8,2025-01-28 12:30:00,2025-01-28 13:00:00,1,147.0,134.0,-13.0,13.0,169.0,LABORAL,13,False
freeze_20260610_192142,baselines_full_20260718,seasonal_naive_daily,3,30,8,2025-01-28 17:00:00,2025-01-28 17:30:00,1,43.0,50.0,7.0,7.0,49.0,LABORAL,17,False
freeze_20260610_192142,baselines_full_20260718,seasonal_naive_daily,3,30,8,2025-01-29 15:30:00,2025-01-29 16:00:00,1,231.0,157.0,-74.0,74.0,5476.0,LABORAL,16,False
freeze_20260610_192142,baselines_full_20260718,seasonal_naive_daily,3,30,8,2025-01-29 16:30:00,2025-01-29 17:00:00,1,75.0,92.0,17.0,17.0,289.0,LABORAL,17,False
freeze_20260610_192142,baselines_full_20260718,seasonal_naive_daily,3,30,8,2025-01-30 05:30:00,2025-01-30 06:00:00,1,351.0,295.0,-56.0,56.0,3136.0,LABORAL,6,False
freeze_20260610_192142,baselines_full_20260718,seasonal_naive_daily,3,30,8,2025-01-30 09:30:00,2025-01-30 10:00:00,1,81.0,160.0,79.0,79.0,6241.0,LABORAL,10,False
freeze_20260610_192142,baselines_full_20260718,seasonal_naive_daily,3,30,8,2025-01-30 14:30:00,2025-01-30 15:00:00,1,218.0,148.0,-70.0,70.0,4900.0,LABORAL,15,False
freeze_20260610_192142,baselines_full_20260718,seasonal_naive_daily,3,30,8,2025-01-31 05:00:00,2025-01-31 05:30:00,1,211.0,219.0,8.0,8.0,64.0,LABORAL,5,False
freeze_20260610_192142,baselines_full_20260718,seasonal_naive_daily,3,30,8,2025-01-31 10:00:00,2025-01-31 10:30:00,1,141.0,95.0,-46.0,46.0,2116.0,LABORAL,10,False
freeze_20260610_192142,baselines_full_20260718,seasonal_naive_daily,3,30,8,2025-02-02 04:00:00,2025-02-02 04:30:00,1,,108.0,,,,DOMINGO,4,True
freeze_20260610_192142,baselines_full_20260718,seasonal_naive_daily,3,30,8,2025-02-02 14:00:00,2025-02-02 14:30:00,1,12.0,18.0,6.0,6.0,36.0,DOMINGO,14,False
freeze_20260610_192142,baselines_full_20260718,seasonal_naive_daily,3,30,9,2025-02-04 12:30:00,2025-02-04 13:00:00,1,163.0,144.0,-19.0,19.0,361.0,LABORAL,13,False
freeze_20260610_192142,baselines_full_20260718,seasonal_naive_daily,3,30,9,2025-02-05 16:30:00,2025-02-05 17:00:00,1,90.0,128.0,38.0,38.0,1444.0,LABORAL,17,False
freeze_20260610_192142,baselines_full_20260718,seasonal_naive_daily,3,30,9,2025-02-06 11:30:00,2025-02-06 12:00:00,1,170.0,128.0,-42.0,42.0,1764.0,LABORAL,12,False
freeze_20260610_192142,baselines_full_20260718,seasonal_naive_daily,3,30,9,2025-02-06 13:00:00,2025-02-06 13:30:00,1,91.0,176.0,85.0,85.0,7225.0,LABORAL,13,False
freeze_20260610_192142,baselines_full_20260718,seasonal_naive_daily,3,30,9,2025-02-06 14:00:00,2025-02-06 14:30:00,1,195.0,187.0,-8.0,8.0,64.0,LABORAL,14,False
freeze_20260610_192142,baselines_full_20260718,seasonal_naive_daily,3,30,9,2025-02-07 04:30:00,2025-02-07 05:00:00,1,304.0,271.0,-33.0,33.0,1089.0,LABORAL,5,False
freeze_20260610_192142,baselines_full_20260718,seasonal_naive_daily,3,30,9,2025-02-10 13:00:00,2025-02-10 13:30:00,1,154.0,,,,,LABORAL,13,False
freeze_20260610_192142,baselines_full_20260718,seasonal_naive_daily,3,30,9,2025-02-11 13:00:00,2025-02-11 13:30:00,1,175.0,154.0,-21.0,21.0,441.0,LABORAL,13,False
freeze_20260610_192142,baselines_full_20260718,seasonal_naive_daily,3,30,9,2025-02-11 17:00:00,2025-02-11 17:30:00,1,18.0,,,,,LABORAL,17,False
freeze_20260610_192142,baselines_full_20260718,seasonal_naive_daily,3,30,9,2025-02-13 13:00:00,2025-02-13 13:30:00,1,178.0,151.0,-27.0,27.0,729.0,LABORAL,13,False
freeze_20260610_192142,baselines_full_20260718,seasonal_naive_daily,3,30,9,2025-02-14 06:30:00,2025-02-14 07:00:00,1,204.0,175.0,-29.0,29.0,841.0,LABORAL,7,False
freeze_20260610_192142,baselines_full_20260718,seasonal_naive_daily,3,30,9,2025-02-15 10:30:00,2025-02-15 11:00:00,1,162.0,123.0,-39.0,39.0,1521.0,SABADO,11,False
freeze_20260610_192142,baselines_full_20260718,seasonal_naive_daily,3,30,9,2025-02-15 11:00:00,2025-02-15 11:30:00,1,107.0,205.0,98.0,98.0,9604.0,SABADO,11,False
freeze_20260610_192142,baselines_full_20260718,seasonal_naive_daily,3,30,9,2025-02-15 12:00:00,2025-02-15 12:30:00,1,74.0,221.0,147.0,147.0,21609.0,SABADO,12,False
freeze_20260610_192142,baselines_full_20260718,seasonal_naive_daily,3,30,9,2025-02-15 15:00:00,2025-02-15 15:30:00,1,48.0,207.0,159.0,159.0,25281.0,SABADO,15,False
freeze_20260610_192142,baselines_full_20260718,seasonal_naive_daily,3,30,9,2025-02-16 07:30:00,2025-02-16 08:00:00,1,30.0,102.0,72.0,72.0,5184.0,DOMINGO,8,False
freeze_20260610_192142,baselines_full_20260718,seasonal_naive_daily,3,30,9,2025-02-16 08:30:00,2025-02-16 09:00:00,1,32.0,121.0,89.0,89.0,7921.0,DOMINGO,9,False
freeze_20260610_192142,baselines_full_20260718,seasonal_naive_daily,3,30,10,2025-02-18 07:00:00,2025-02-18 07:30:00,1,133.0,145.0,12.0,12.0,144.0,LABORAL,7,False
freeze_20260610_192142,baselines_full_20260718,seasonal_naive_daily,3,30,10,2025-02-18 08:30:00,2025-02-18 09:00:00,1,189.0,226.0,37.0,37.0,1369.0,LABORAL,9,False
freeze_20260610_192142,baselines_full_20260718,seasonal_naive_daily,3,30,10,2025-02-18 15:00:00,2025-02-18 15:30:00,1,205.0,196.0,-9.0,9.0,81.0,LABORAL,15,False
freeze_20260610_192142,baselines_full_20260718,seasonal_naive_daily,3,30,10,2025-02-19 16:30:00,2025-02-19 17:00:00,1,108.0,57.0,-51.0,51.0,2601.0,LABORAL,17,False
freeze_20260610_192142,baselines_full_20260718,seasonal_naive_daily,3,30,10,2025-02-21 16:30:00,2025-02-21 17:00:00,1,65.0,98.0,33.0,33.0,1089.0,LABORAL,17,False
freeze_20260610_192142,baselines_full_20260718,seasonal_naive_daily,3,30,10,2025-02-22 05:00:00,2025-02-22 05:30:00,1,186.0,338.0,152.0,152.0,23104.0,SABADO,5,False
freeze_20260610_192142,baselines_full_20260718,seasonal_naive_daily,3,30,10,2025-02-22 08:00:00,2025-02-22 08:30:00,1,172.0,141.0,-31.0,31.0,961.0,SABADO,8,False
freeze_20260610_192142,baselines_full_20260718,seasonal_naive_daily,3,30,10,2025-02-22 15:30:00,2025-02-22 16:00:00,1,68.0,144.0,76.0,76.0,5776.0,SABADO,16,False
freeze_20260610_192142,baselines_full_20260718,seasonal_naive_daily,3,30,10,2025-02-23 14:30:00,2025-02-23 15:00:00,1,20.0,50.0,30.0,30.0,900.0,DOMINGO,15,False
freeze_20260610_192142,baselines_full_20260718,seasonal_naive_daily,3,30,10,2025-02-25 07:30:00,2025-02-25 08:00:00,1,291.0,189.0,-102.0,102.0,10404.0,LABORAL,8,False
freeze_20260610_192142,baselines_full_20260718,seasonal_naive_daily,3,30,10,2025-02-25 12:30:00,2025-02-25 13:00:00,1,123.0,190.0,67.0,67.0,4489.0,LABORAL,13,False
freeze_20260610_192142,baselines_full_20260718,seasonal_naive_daily,3,30,10,2025-02-27 12:30:00,2025-02-27 13:00:00,1,207.0,237.0,30.0,30.0,900.0,LABORAL,13,False
freeze_20260610_192142,baselines_full_20260718,seasonal_naive_daily,3,30,10,2025-02-28 15:30:00,2025-02-28 16:00:00,1,107.0,186.0,79.0,79.0,6241.0,LABORAL,16,False
freeze_20260610_192142,baselines_full_20260718,seasonal_naive_daily,3,30,10,2025-03-01 04:00:00,2025-03-01 04:30:00,1,151.0,212.0,61.0,61.0,3721.0,SABADO,4,False
freeze_20260610_192142,baselines_full_20260718,seasonal_naive_daily,3,30,10,2025-03-01 07:00:00,2025-03-01 07:30:00,1,153.0,152.0,-1.0,1.0,1.0,SABADO,7,False
freeze_20260610_192142,baselines_full_20260718,seasonal_naive_daily,3,30,11,2025-03-04 14:00:00,2025-03-04 14:30:00,1,256.0,100.0,-156.0,156.0,24336.0,LABORAL,14,False
freeze_20260610_192142,baselines_full_20260718,seasonal_naive_daily,3,30,11,2025-03-05 14:00:00,2025-03-05 14:30:00,1,139.0,256.0,117.0,117.0,13689.0,LABORAL,14,False
freeze_20260610_192142,baselines_full_20260718,seasonal_naive_daily,3,30,11,2025-03-07 09:30:00,2025-03-07 10:00:00,1,132.0,201.0,69.0,69.0,4761.0,LABORAL,10,False
freeze_20260610_192142,baselines_full_20260718,seasonal_naive_daily,3,30,11,2025-03-07 12:00:00,2025-03-07 12:30:00,1,120.0,172.0,52.0,52.0,2704.0,LABORAL,12,False
freeze_20260610_192142,baselines_full_20260718,seasonal_naive_daily,3,30,11,2025-03-07 17:30:00,2025-03-07 18:00:00,1,,,,,,LABORAL,18,True
freeze_20260610_192142,baselines_full_20260718,seasonal_naive_daily,3,30,11,2025-03-08 11:00:00,2025-03-08 11:30:00,1,78.0,135.0,57.0,57.0,3249.0,SABADO,11,False
freeze_20260610_192142,baselines_full_20260718,seasonal_naive_daily,3,30,11,2025-03-09 08:30:00,2025-03-09 09:00:00,1,17.0,132.0,115.0,115.0,13225.0,DOMINGO,9,False
freeze_20260610_192142,baselines_full_20260718,seasonal_naive_daily,3,30,11,2025-03-09 09:30:00,2025-03-09 10:00:00,1,53.0,106.0,53.0,53.0,2809.0,DOMINGO,10,False
freeze_20260610_192142,baselines_full_20260718,seasonal_naive_daily,3,30,11,2025-03-12 17:30:00,2025-03-12 18:00:00,1,,,,,,LABORAL,18,True
freeze_20260610_192142,baselines_full_20260718,seasonal_naive_daily,3,30,11,2025-03-14 08:00:00,2025-03-14 08:30:00,1,209.0,96.0,-113.0,113.0,12769.0,LABORAL,8,False
freeze_20260610_192142,baselines_full_20260718,seasonal_naive_daily,3,30,11,2025-03-15 06:00:00,2025-03-15 06:30:00,1,204.0,205.0,1.0,1.0,1.0,SABADO,6,False
freeze_20260610_192142,baselines_full_20260718,seasonal_naive_daily,3,30,11,2025-03-16 06:30:00,2025-03-16 07:00:00,1,27.0,139.0,112.0,112.0,12544.0,DOMINGO,7,False
freeze_20260610_192142,baselines_full_20260718,seasonal_naive_daily,3,30,11,2025-03-17 06:00:00,2025-03-17 06:30:00,1,328.0,,,,,LABORAL,6,False
freeze_20260610_192142,baselines_full_20260718,seasonal_naive_daily,3,30,11,2025-03-17 06:30:00,2025-03-17 07:00:00,1,171.0,27.0,-144.0,144.0,20736.0,LABORAL,7,False
freeze_20260610_192142,baselines_full_20260718,seasonal_naive_daily,3,30,12,2025-03-19 07:30:00,2025-03-19 08:00:00,1,181.0,195.0,14.0,14.0,196.0,LABORAL,8,False
freeze_20260610_192142,baselines_full_20260718,seasonal_naive_daily,3,30,12,2025-03-19 11:00:00,2025-03-19 11:30:00,1,156.0,179.0,23.0,23.0,529.0,LABORAL,11,False
freeze_20260610_192142,baselines_full_20260718,seasonal_naive_daily,3,30,12,2025-03-20 04:30:00,2025-03-20 05:00:00,1,255.0,262.0,7.0,7.0,49.0,LABORAL,5,False
freeze_20260610_192142,baselines_full_20260718,seasonal_naive_daily,3,30,12,2025-03-20 12:00:00,2025-03-20 12:30:00,1,105.0,127.0,22.0,22.0,484.0,LABORAL,12,False
freeze_20260610_192142,baselines_full_20260718,seasonal_naive_daily,3,30,12,2025-03-21 08:30:00,2025-03-21 09:00:00,1,62.0,173.0,111.0,111.0,12321.0,LABORAL,9,False
freeze_20260610_192142,baselines_full_20260718,seasonal_naive_daily,3,30,12,2025-03-21 12:30:00,2025-03-21 13:00:00,1,186.0,127.0,-59.0,59.0,3481.0,LABORAL,13,False
freeze_20260610_192142,baselines_full_20260718,seasonal_naive_daily,3,30,12,2025-03-23 15:30:00,2025-03-23 16:00:00,1,44.0,93.0,49.0,49.0,2401.0,DOMINGO,16,False
freeze_20260610_192142,baselines_full_20260718,seasonal_naive_daily,3,30,12,2025-03-23 16:30:00,2025-03-23 17:00:00,1,,47.0,,,,DOMINGO,17,True
freeze_20260610_192142,baselines_full_20260718,seasonal_naive_daily,3,30,12,2025-03-24 10:30:00,2025-03-24 11:00:00,1,56.0,51.0,-5.0,5.0,25.0,FESTIVO_PUENTE,11,False
freeze_20260610_192142,baselines_full_20260718,seasonal_naive_daily,3,30,12,2025-03-24 16:30:00,2025-03-24 17:00:00,1,,,,,,FESTIVO_PUENTE,17,True
freeze_20260610_192142,baselines_full_20260718,seasonal_naive_daily,3,30,12,2025-03-25 10:00:00,2025-03-25 10:30:00,1,38.0,34.0,-4.0,4.0,16.0,LABORAL,10,False
freeze_20260610_192142,baselines_full_20260718,seasonal_naive_daily,3,30,12,2025-03-26 05:30:00,2025-03-26 06:00:00,1,188.0,184.0,-4.0,4.0,16.0,LABORAL,6,False
freeze_20260610_192142,baselines_full_20260718,seasonal_naive_daily,3,30,12,2025-03-26 12:30:00,2025-03-26 13:00:00,1,164.0,160.0,-4.0,4.0,16.0,LABORAL,13,False
freeze_20260610_192142,baselines_full_20260718,seasonal_naive_daily,3,30,12,2025-03-27 04:00:00,2025-03-27 04:30:00,1,216.0,221.0,5.0,5.0,25.0,LABORAL,4,False
freeze_20260610_192142,baselines_full_20260718,seasonal_naive_daily,3,30,12,2025-03-28 05:00:00,2025-03-28 05:30:00,1,346.0,168.0,-178.0,178.0,31684.0,LABORAL,5,False
freeze_20260610_192142,baselines_full_20260718,seasonal_naive_daily,3,30,12,2025-03-28 08:30:00,2025-03-28 09:00:00,1,121.0,91.0,-30.0,30.0,900.0,LABORAL,9,False
freeze_20260610_192142,baselines_full_20260718,seasonal_naive_daily,3,30,12,2025-03-28 09:30:00,2025-03-28 10:00:00,1,160.0,127.0,-33.0,33.0,1089.0,LABORAL,10,False
freeze_20260610_192142,baselines_full_20260718,seasonal_naive_daily,3,30,12,2025-03-30 07:00:00,2025-03-30 07:30:00,1,20.0,171.0,151.0,151.0,22801.0,DOMINGO,7,False
freeze_20260610_192142,baselines_full_20260718,seasonal_naive_daily,3,30,12,2025-03-30 13:30:00,2025-03-30 14:00:00,1,34.0,111.0,77.0,77.0,5929.0,DOMINGO,14,False
freeze_20260610_192142,baselines_full_20260718,seasonal_naive_daily,3,30,13,2025-04-01 03:30:00,2025-04-01 04:00:00,1,50.0,54.0,4.0,4.0,16.0,LABORAL,4,False
freeze_20260610_192142,baselines_full_20260718,seasonal_naive_daily,3,30,13,2025-04-02 07:00:00,2025-04-02 07:30:00,1,186.0,230.0,44.0,44.0,1936.0,LABORAL,7,False
freeze_20260610_192142,baselines_full_20260718,seasonal_naive_daily,3,30,13,2025-04-02 09:00:00,2025-04-02 09:30:00,1,155.0,141.0,-14.0,14.0,196.0,LABORAL,9,False
freeze_20260610_192142,baselines_full_20260718,seasonal_naive_daily,3,30,13,2025-04-03 06:30:00,2025-04-03 07:00:00,1,211.0,93.0,-118.0,118.0,13924.0,LABORAL,7,False
freeze_20260610_192142,baselines_full_20260718,seasonal_naive_daily,3,30,13,2025-04-03 08:00:00,2025-04-03 08:30:00,1,136.0,199.0,63.0,63.0,3969.0,LABORAL,8,False
freeze_20260610_192142,baselines_full_20260718,seasonal_naive_daily,3,30,13,2025-04-06 06:00:00,2025-04-06 06:30:00,1,,182.0,,,,DOMINGO,6,True
freeze_20260610_192142,baselines_full_20260718,seasonal_naive_daily,3,30,13,2025-04-06 11:30:00,2025-04-06 12:00:00,1,68.0,133.0,65.0,65.0,4225.0,DOMINGO,12,False
freeze_20260610_192142,baselines_full_20260718,seasonal_naive_daily,3,30,13,2025-04-08 10:00:00,2025-04-08 10:30:00,1,126.0,229.0,103.0,103.0,10609.0,LABORAL,10,False
freeze_20260610_192142,baselines_full_20260718,seasonal_naive_daily,3,30,13,2025-04-08 13:30:00,2025-04-08 14:00:00,1,164.0,218.0,54.0,54.0,2916.0,LABORAL,14,False
freeze_20260610_192142,baselines_full_20260718,seasonal_naive_daily,3,30,13,2025-04-09 13:30:00,2025-04-09 14:00:00,1,66.0,164.0,98.0,98.0,9604.0,LABORAL,14,False
freeze_20260610_192142,baselines_full_20260718,seasonal_naive_daily,3,30,13,2025-04-10 04:30:00,2025-04-10 05:00:00,1,236.0,305.0,69.0,69.0,4761.0,LABORAL,5,False
freeze_20260610_192142,baselines_full_20260718,seasonal_naive_daily,3,30,13,2025-04-10 13:00:00,2025-04-10 13:30:00,1,316.0,192.0,-124.0,124.0,15376.0,LABORAL,13,False
freeze_20260610_192142,baselines_full_20260718,seasonal_naive_daily,3,30,13,2025-04-11 17:00:00,2025-04-11 17:30:00,1,35.0,,,,,LABORAL,17,False
freeze_20260610_192142,baselines_full_20260718,seasonal_naive_daily,3,30,13,2025-04-12 08:00:00,2025-04-12 08:30:00,1,86.0,99.0,13.0,13.0,169.0,SABADO,8,False
freeze_20260610_192142,baselines_full_20260718,seasonal_naive_daily,3,30,13,2025-04-12 10:00:00,2025-04-12 10:30:00,1,137.0,124.0,-13.0,13.0,169.0,SABADO,10,False
freeze_20260610_192142,baselines_full_20260718,seasonal_naive_daily,3,30,13,2025-04-13 12:00:00,2025-04-13 12:30:00,1,24.0,86.0,62.0,62.0,3844.0,DOMINGO,12,False
freeze_20260610_192142,baselines_full_20260718,seasonal_naive_daily,3,30,14,2025-04-15 04:30:00,2025-04-15 05:00:00,1,229.0,176.0,-53.0,53.0,2809.0,LABORAL,5,False
freeze_20260610_192142,baselines_full_20260718,seasonal_naive_daily,3,30,14,2025-04-15 11:30:00,2025-04-15 12:00:00,1,131.0,220.0,89.0,89.0,7921.0,LABORAL,12,False
freeze_20260610_192142,baselines_full_20260718,seasonal_naive_daily,3,30,14,2025-04-15 12:30:00,2025-04-15 13:00:00,1,131.0,189.0,58.0,58.0,3364.0,LABORAL,13,False
freeze_20260610_192142,baselines_full_20260718,seasonal_naive_daily,3,30,14,2025-04-16 05:00:00,2025-04-16 05:30:00,1,250.0,286.0,36.0,36.0,1296.0,LABORAL,5,False
freeze_20260610_192142,baselines_full_20260718,seasonal_naive_daily,3,30,14,2025-04-16 06:30:00,2025-04-16 07:00:00,1,194.0,203.0,9.0,9.0,81.0,LABORAL,7,False
freeze_20260610_192142,baselines_full_20260718,seasonal_naive_daily,3,30,14,2025-04-17 15:30:00,2025-04-17 16:00:00,1,30.0,114.0,84.0,84.0,7056.0,FESTIVO,16,False
freeze_20260610_192142,baselines_full_20260718,seasonal_naive_daily,3,30,14,2025-04-18 08:30:00,2025-04-18 09:00:00,1,47.0,43.0,-4.0,4.0,16.0,FESTIVO,9,False
freeze_20260610_192142,baselines_full_20260718,seasonal_naive_daily,3,30,14,2025-04-21 15:00:00,2025-04-21 15:30:00,1,255.0,22.0,-233.0,233.0,54289.0,LABORAL,15,False
freeze_20260610_192142,baselines_full_20260718,seasonal_naive_daily,3,30,14,2025-04-22 06:00:00,2025-04-22 06:30:00,1,253.0,219.0,-34.0,34.0,1156.0,LABORAL,6,False
freeze_20260610_192142,baselines_full_20260718,seasonal_naive_daily,3,30,14,2025-04-23 05:00:00,2025-04-23 05:30:00,1,308.0,300.0,-8.0,8.0,64.0,LABORAL,5,False
freeze_20260610_192142,baselines_full_20260718,seasonal_naive_daily,3,30,14,2025-04-23 05:30:00,2025-04-23 06:00:00,1,310.0,319.0,9.0,9.0,81.0,LABORAL,6,False
freeze_20260610_192142,baselines_full_20260718,seasonal_naive_daily,3,30,14,2025-04-25 09:30:00,2025-04-25 10:00:00,1,118.0,59.0,-59.0,59.0,3481.0,LABORAL,10,False
freeze_20260610_192142,baselines_full_20260718,seasonal_naive_daily,3,30,14,2025-04-26 08:00:00,2025-04-26 08:30:00,1,90.0,154.0,64.0,64.0,4096.0,SABADO,8,False
freeze_20260610_192142,baselines_full_20260718,seasonal_naive_daily,3,30,14,2025-04-26 08:30:00,2025-04-26 09:00:00,1,122.0,137.0,15.0,15.0,225.0,SABADO,9,False
freeze_20260610_192142,baselines_full_20260718,seasonal_naive_daily,3,30,14,2025-04-27 07:00:00,2025-04-27 07:30:00,1,38.0,113.0,75.0,75.0,5625.0,DOMINGO,7,False
freeze_20260610_192142,baselines_full_20260718,seasonal_naive_daily,3,30,14,2025-04-27 14:00:00,2025-04-27 14:30:00,1,,56.0,,,,DOMINGO,14,True
freeze_20260610_192142,baselines_full_20260718,seasonal_naive_daily,3,30,14,2025-04-27 15:30:00,2025-04-27 16:00:00,1,,93.0,,,,DOMINGO,16,True
freeze_20260610_192142,baselines_full_20260718,seasonal_naive_daily,3,30,14,2025-04-28 12:00:00,2025-04-28 12:30:00,1,83.0,29.0,-54.0,54.0,2916.0,LABORAL,12,False
freeze_20260610_192142,baselines_full_20260718,seasonal_naive_daily,3,30,15,2025-04-29 11:00:00,2025-04-29 11:30:00,1,137.0,139.0,2.0,2.0,4.0,LABORAL,11,False
freeze_20260610_192142,baselines_full_20260718,seasonal_naive_daily,3,30,15,2025-05-01 13:00:00,2025-05-01 13:30:00,1,,220.0,,,,FESTIVO,13,True
freeze_20260610_192142,baselines_full_20260718,seasonal_naive_daily,3,30,15,2025-05-02 03:30:00,2025-05-02 04:00:00,1,51.0,,,,,LABORAL,4,False
freeze_20260610_192142,baselines_full_20260718,seasonal_naive_daily,3,30,15,2025-05-04 09:30:00,2025-05-04 10:00:00,1,46.0,141.0,95.0,95.0,9025.0,DOMINGO,10,False
freeze_20260610_192142,baselines_full_20260718,seasonal_naive_daily,3,30,15,2025-05-05 07:30:00,2025-05-05 08:00:00,1,163.0,57.0,-106.0,106.0,11236.0,LABORAL,8,False
freeze_20260610_192142,baselines_full_20260718,seasonal_naive_daily,3,30,15,2025-05-05 10:30:00,2025-05-05 11:00:00,1,155.0,51.0,-104.0,104.0,10816.0,LABORAL,11,False
freeze_20260610_192142,baselines_full_20260718,seasonal_naive_daily,3,30,15,2025-05-05 11:00:00,2025-05-05 11:30:00,1,188.0,62.0,-126.0,126.0,15876.0,LABORAL,11,False
freeze_20260610_192142,baselines_full_20260718,seasonal_naive_daily,3,30,15,2025-05-06 15:00:00,2025-05-06 15:30:00,1,147.0,115.0,-32.0,32.0,1024.0,LABORAL,15,False
freeze_20260610_192142,baselines_full_20260718,seasonal_naive_daily,3,30,15,2025-05-07 15:00:00,2025-05-07 15:30:00,1,139.0,147.0,8.0,8.0,64.0,LABORAL,15,False
freeze_20260610_192142,baselines_full_20260718,seasonal_naive_daily,3,30,15,2025-05-08 07:00:00,2025-05-08 07:30:00,1,127.0,188.0,61.0,61.0,3721.0,LABORAL,7,False
freeze_20260610_192142,baselines_full_20260718,seasonal_naive_daily,3,30,15,2025-05-08 07:30:00,2025-05-08 08:00:00,1,196.0,150.0,-46.0,46.0,2116.0,LABORAL,8,False
freeze_20260610_192142,baselines_full_20260718,seasonal_naive_daily,3,30,15,2025-05-08 13:00:00,2025-05-08 13:30:00,1,109.0,210.0,101.0,101.0,10201.0,LABORAL,13,False
freeze_20260610_192142,baselines_full_20260718,seasonal_naive_daily,3,30,15,2025-05-08 14:30:00,2025-05-08 15:00:00,1,202.0,156.0,-46.0,46.0,2116.0,LABORAL,15,False
freeze_20260610_192142,baselines_full_20260718,seasonal_naive_daily,3,30,15,2025-05-09 15:30:00,2025-05-09 16:00:00,1,120.0,209.0,89.0,89.0,7921.0,LABORAL,16,False
freeze_20260610_192142,baselines_full_20260718,seasonal_naive_daily,3,30,16,2025-05-13 05:30:00,2025-05-13 06:00:00,1,387.0,218.0,-169.0,169.0,28561.0,LABORAL,6,False
freeze_20260610_192142,baselines_full_20260718,seasonal_naive_daily,3,30,16,2025-05-13 15:00:00,2025-05-13 15:30:00,1,160.0,127.0,-33.0,33.0,1089.0,LABORAL,15,False
freeze_20260610_192142,baselines_full_20260718,seasonal_naive_daily,3,30,16,2025-05-14 04:30:00,2025-05-14 05:00:00,1,277.0,349.0,72.0,72.0,5184.0,LABORAL,5,False
freeze_20260610_192142,baselines_full_20260718,seasonal_naive_daily,3,30,16,2025-05-14 14:30:00,2025-05-14 15:00:00,1,179.0,245.0,66.0,66.0,4356.0,LABORAL,15,False
freeze_20260610_192142,baselines_full_20260718,seasonal_naive_daily,3,30,16,2025-05-15 15:30:00,2025-05-15 16:00:00,1,156.0,100.0,-56.0,56.0,3136.0,LABORAL,16,False
freeze_20260610_192142,baselines_full_20260718,seasonal_naive_daily,3,30,16,2025-05-17 04:30:00,2025-05-17 05:00:00,1,117.0,212.0,95.0,95.0,9025.0,SABADO,5,False
freeze_20260610_192142,baselines_full_20260718,seasonal_naive_daily,3,30,16,2025-05-17 11:00:00,2025-05-17 11:30:00,1,75.0,125.0,50.0,50.0,2500.0,SABADO,11,False
freeze_20260610_192142,baselines_full_20260718,seasonal_naive_daily,3,30,16,2025-05-21 07:00:00,2025-05-21 07:30:00,1,192.0,144.0,-48.0,48.0,2304.0,LABORAL,7,False
freeze_20260610_192142,baselines_full_20260718,seasonal_naive_daily,3,30,16,2025-05-21 09:00:00,2025-05-21 09:30:00,1,149.0,147.0,-2.0,2.0,4.0,LABORAL,9,False
freeze_20260610_192142,baselines_full_20260718,seasonal_naive_daily,3,30,16,2025-05-21 14:00:00,2025-05-21 14:30:00,1,90.0,164.0,74.0,74.0,5476.0,LABORAL,14,False
freeze_20260610_192142,baselines_full_20260718,seasonal_naive_daily,3,30,16,2025-05-22 04:00:00,2025-05-22 04:30:00,1,254.0,190.0,-64.0,64.0,4096.0,LABORAL,4,False
freeze_20260610_192142,baselines_full_20260718,seasonal_naive_daily,3,30,17,2025-05-27 09:30:00,2025-05-27 10:00:00,1,196.0,144.0,-52.0,52.0,2704.0,LABORAL,10,False
freeze_20260610_192142,baselines_full_20260718,seasonal_naive_daily,3,30,17,2025-05-28 06:30:00,2025-05-28 07:00:00,1,170.0,170.0,0.0,0.0,0.0,LABORAL,7,False
freeze_20260610_192142,baselines_full_20260718,seasonal_naive_daily,3,30,17,2025-05-28 07:30:00,2025-05-28 08:00:00,1,106.0,153.0,47.0,47.0,2209.0,LABORAL,8,False
freeze_20260610_192142,baselines_full_20260718,seasonal_naive_daily,3,30,17,2025-05-28 11:00:00,2025-05-28 11:30:00,1,51.0,133.0,82.0,82.0,6724.0,LABORAL,11,False
freeze_20260610_192142,baselines_full_20260718,seasonal_naive_daily,3,30,17,2025-05-31 13:00:00,2025-05-31 13:30:00,1,103.0,230.0,127.0,127.0,16129.0,SABADO,13,False
freeze_20260610_192142,baselines_full_20260718,seasonal_naive_daily,3,30,17,2025-06-03 04:30:00,2025-06-03 05:00:00,1,322.0,61.0,-261.0,261.0,68121.0,LABORAL,5,False
freeze_20260610_192142,baselines_full_20260718,seasonal_naive_daily,3,30,17,2025-06-03 15:30:00,2025-06-03 16:00:00,1,64.0,,,,,LABORAL,16,False
freeze_20260610_192142,baselines_full_20260718,seasonal_naive_daily,3,30,17,2025-06-06 13:00:00,2025-06-06 13:30:00,1,98.0,206.0,108.0,108.0,11664.0,LABORAL,13,False
freeze_20260610_192142,baselines_full_20260718,seasonal_naive_daily,3,30,17,2025-06-07 08:00:00,2025-06-07 08:30:00,1,143.0,162.0,19.0,19.0,361.0,SABADO,8,False
freeze_20260610_192142,baselines_full_20260718,seasonal_naive_daily,3,30,17,2025-06-09 04:00:00,2025-06-09 04:30:00,1,177.0,,,,,LABORAL,4,False
freeze_20260610_192142,baselines_full_20260718,seasonal_naive_daily,3,30,18,2025-06-10 08:00:00,2025-06-10 08:30:00,1,127.0,208.0,81.0,81.0,6561.0,LABORAL,8,False
freeze_20260610_192142,baselines_full_20260718,seasonal_naive_daily,3,30,18,2025-06-10 11:00:00,2025-06-10 11:30:00,1,106.0,154.0,48.0,48.0,2304.0,LABORAL,11,False
freeze_20260610_192142,baselines_full_20260718,seasonal_naive_daily,3,30,18,2025-06-12 06:00:00,2025-06-12 06:30:00,1,250.0,219.0,-31.0,31.0,961.0,LABORAL,6,False
freeze_20260610_192142,baselines_full_20260718,seasonal_naive_daily,3,30,18,2025-06-13 05:00:00,2025-06-13 05:30:00,1,263.0,287.0,24.0,24.0,576.0,LABORAL,5,False
freeze_20260610_192142,baselines_full_20260718,seasonal_naive_daily,3,30,18,2025-06-13 17:00:00,2025-06-13 17:30:00,1,37.0,18.0,-19.0,19.0,361.0,LABORAL,17,False
freeze_20260610_192142,baselines_full_20260718,seasonal_naive_daily,3,30,18,2025-06-14 09:30:00,2025-06-14 10:00:00,1,103.0,101.0,-2.0,2.0,4.0,SABADO,10,False
freeze_20260610_192142,baselines_full_20260718,seasonal_naive_daily,3,30,18,2025-06-17 13:00:00,2025-06-17 13:30:00,1,148.0,160.0,12.0,12.0,144.0,LABORAL,13,False
freeze_20260610_192142,baselines_full_20260718,seasonal_naive_daily,3,30,18,2025-06-17 17:30:00,2025-06-17 18:00:00,1,,,,,,LABORAL,18,True
freeze_20260610_192142,baselines_full_20260718,seasonal_naive_daily,3,30,18,2025-06-20 08:30:00,2025-06-20 09:00:00,1,123.0,151.0,28.0,28.0,784.0,LABORAL,9,False
freeze_20260610_192142,baselines_full_20260718,seasonal_naive_daily,3,30,18,2025-06-20 17:00:00,2025-06-20 17:30:00,1,47.0,44.0,-3.0,3.0,9.0,LABORAL,17,False
freeze_20260610_192142,baselines_full_20260718,seasonal_naive_daily,3,30,18,2025-06-23 13:30:00,2025-06-23 14:00:00,1,,,,,,FESTIVO_PUENTE,14,True
freeze_20260610_192142,baselines_full_20260718,seasonal_naive_daily,3,30,19,2025-06-24 12:00:00,2025-06-24 12:30:00,1,55.0,,,,,LABORAL,12,False
freeze_20260610_192142,baselines_full_20260718,seasonal_naive_daily,3,30,19,2025-06-25 15:00:00,2025-06-25 15:30:00,1,164.0,130.0,-34.0,34.0,1156.0,LABORAL,15,False
freeze_20260610_192142,baselines_full_20260718,seasonal_naive_daily,3,30,19,2025-06-27 04:00:00,2025-06-27 04:30:00,1,285.0,207.0,-78.0,78.0,6084.0,LABORAL,4,False
freeze_20260610_192142,baselines_full_20260718,seasonal_naive_daily,3,30,19,2025-06-27 05:00:00,2025-06-27 05:30:00,1,310.0,351.0,41.0,41.0,1681.0,LABORAL,5,False
freeze_20260610_192142,baselines_full_20260718,seasonal_naive_daily,3,30,19,2025-06-30 12:00:00,2025-06-30 12:30:00,1,21.0,26.0,5.0,5.0,25.0,FESTIVO_PUENTE,12,False
freeze_20260610_192142,baselines_full_20260718,seasonal_naive_daily,3,30,19,2025-07-01 06:30:00,2025-07-01 07:00:00,1,177.0,13.0,-164.0,164.0,26896.0,LABORAL,7,False
freeze_20260610_192142,baselines_full_20260718,seasonal_naive_daily,3,30,19,2025-07-01 16:30:00,2025-07-01 17:00:00,1,55.0,,,,,LABORAL,17,False
freeze_20260610_192142,baselines_full_20260718,seasonal_naive_daily,3,30,19,2025-07-02 17:30:00,2025-07-02 18:00:00,1,,,,,,LABORAL,18,True
freeze_20260610_192142,baselines_full_20260718,seasonal_naive_daily,3,30,19,2025-07-04 07:00:00,2025-07-04 07:30:00,1,185.0,150.0,-35.0,35.0,1225.0,LABORAL,7,False
freeze_20260610_192142,baselines_full_20260718,seasonal_naive_daily,3,30,19,2025-07-05 16:30:00,2025-07-05 17:00:00,1,31.0,72.0,41.0,41.0,1681.0,SABADO,17,False
freeze_20260610_192142,baselines_full_20260718,seasonal_naive_daily,3,30,19,2025-07-06 07:00:00,2025-07-06 07:30:00,1,39.0,163.0,124.0,124.0,15376.0,DOMINGO,7,False
freeze_20260610_192142,baselines_full_20260718,seasonal_naive_daily,3,30,19,2025-07-06 07:30:00,2025-07-06 08:00:00,1,27.0,137.0,110.0,110.0,12100.0,DOMINGO,8,False
freeze_20260610_192142,baselines_full_20260718,seasonal_naive_daily,3,30,19,2025-07-06 11:00:00,2025-07-06 11:30:00,1,,120.0,,,,DOMINGO,11,True
freeze_20260610_192142,baselines_full_20260718,seasonal_naive_daily,3,30,20,2025-07-09 05:30:00,2025-07-09 06:00:00,1,302.0,285.0,-17.0,17.0,289.0,LABORAL,6,False
freeze_20260610_192142,baselines_full_20260718,seasonal_naive_daily,3,30,20,2025-07-10 06:00:00,2025-07-10 06:30:00,1,226.0,271.0,45.0,45.0,2025.0,LABORAL,6,False
freeze_20260610_192142,baselines_full_20260718,seasonal_naive_daily,3,30,20,2025-07-11 10:30:00,2025-07-11 11:00:00,1,104.0,98.0,-6.0,6.0,36.0,LABORAL,11,False
freeze_20260610_192142,baselines_full_20260718,seasonal_naive_daily,3,30,20,2025-07-11 13:00:00,2025-07-11 13:30:00,1,94.0,98.0,4.0,4.0,16.0,LABORAL,13,False
freeze_20260610_192142,baselines_full_20260718,seasonal_naive_daily,3,30,20,2025-07-14 04:00:00,2025-07-14 04:30:00,1,124.0,33.0,-91.0,91.0,8281.0,LABORAL,4,False
freeze_20260610_192142,baselines_full_20260718,seasonal_naive_daily,3,30,20,2025-07-15 08:00:00,2025-07-15 08:30:00,1,190.0,195.0,5.0,5.0,25.0,LABORAL,8,False
freeze_20260610_192142,baselines_full_20260718,seasonal_naive_daily,3,30,20,2025-07-16 11:30:00,2025-07-16 12:00:00,1,91.0,206.0,115.0,115.0,13225.0,LABORAL,12,False
freeze_20260610_192142,baselines_full_20260718,seasonal_naive_daily,3,30,20,2025-07-17 07:30:00,2025-07-17 08:00:00,1,182.0,131.0,-51.0,51.0,2601.0,LABORAL,8,False
freeze_20260610_192142,baselines_full_20260718,seasonal_naive_daily,3,30,20,2025-07-17 11:00:00,2025-07-17 11:30:00,1,138.0,125.0,-13.0,13.0,169.0,LABORAL,11,False
freeze_20260610_192142,baselines_full_20260718,seasonal_naive_daily,3,30,20,2025-07-17 15:30:00,2025-07-17 16:00:00,1,155.0,146.0,-9.0,9.0,81.0,LABORAL,16,False
freeze_20260610_192142,baselines_full_20260718,seasonal_naive_daily,3,30,20,2025-07-18 17:30:00,2025-07-18 18:00:00,1,,,,,,LABORAL,18,True
freeze_20260610_192142,baselines_full_20260718,seasonal_naive_daily,3,30,20,2025-07-19 14:00:00,2025-07-19 14:30:00,1,94.0,118.0,24.0,24.0,576.0,SABADO,14,False
freeze_20260610_192142,baselines_full_20260718,seasonal_naive_daily,3,30,20,2025-07-21 12:00:00,2025-07-21 12:30:00,1,100.0,36.0,-64.0,64.0,4096.0,LABORAL,12,False
freeze_20260610_192142,baselines_full_20260718,seasonal_naive_daily,3,30,21,2025-07-22 12:00:00,2025-07-22 12:30:00,1,101.0,100.0,-1.0,1.0,1.0,LABORAL,12,False
freeze_20260610_192142,baselines_full_20260718,seasonal_naive_daily,3,30,21,2025-07-22 17:00:00,2025-07-22 17:30:00,1,30.0,42.0,12.0,12.0,144.0,LABORAL,17,False
freeze_20260610_192142,baselines_full_20260718,seasonal_naive_daily,3,30,21,2025-07-25 04:00:00,2025-07-25 04:30:00,1,157.0,217.0,60.0,60.0,3600.0,LABORAL,4,False
freeze_20260610_192142,baselines_full_20260718,seasonal_naive_daily,3,30,21,2025-07-26 06:00:00,2025-07-26 06:30:00,1,181.0,246.0,65.0,65.0,4225.0,SABADO,6,False
freeze_20260610_192142,baselines_full_20260718,seasonal_naive_daily,3,30,21,2025-07-26 06:30:00,2025-07-26 07:00:00,1,195.0,131.0,-64.0,64.0,4096.0,SABADO,7,False
freeze_20260610_192142,baselines_full_20260718,seasonal_naive_daily,3,30,21,2025-07-26 13:00:00,2025-07-26 13:30:00,1,91.0,144.0,53.0,53.0,2809.0,SABADO,13,False
freeze_20260610_192142,baselines_full_20260718,seasonal_naive_daily,3,30,21,2025-07-26 14:30:00,2025-07-26 15:00:00,1,87.0,141.0,54.0,54.0,2916.0,SABADO,15,False
freeze_20260610_192142,baselines_full_20260718,seasonal_naive_daily,3,30,21,2025-07-27 07:30:00,2025-07-27 08:00:00,1,,118.0,,,,DOMINGO,8,True
freeze_20260610_192142,baselines_full_20260718,seasonal_naive_daily,3,30,21,2025-07-29 11:30:00,2025-07-29 12:00:00,1,223.0,153.0,-70.0,70.0,4900.0,LABORAL,12,False
freeze_20260610_192142,baselines_full_20260718,seasonal_naive_daily,3,30,21,2025-07-29 15:00:00,2025-07-29 15:30:00,1,71.0,171.0,100.0,100.0,10000.0,LABORAL,15,False
freeze_20260610_192142,baselines_full_20260718,seasonal_naive_daily,3,30,21,2025-07-29 16:00:00,2025-07-29 16:30:00,1,42.0,103.0,61.0,61.0,3721.0,LABORAL,16,False
freeze_20260610_192142,baselines_full_20260718,seasonal_naive_daily,3,30,21,2025-07-31 09:00:00,2025-07-31 09:30:00,1,139.0,160.0,21.0,21.0,441.0,LABORAL,9,False
freeze_20260610_192142,baselines_full_20260718,seasonal_naive_daily,3,30,21,2025-07-31 11:30:00,2025-07-31 12:00:00,1,173.0,158.0,-15.0,15.0,225.0,LABORAL,12,False
freeze_20260610_192142,baselines_full_20260718,seasonal_naive_daily,3,30,21,2025-07-31 12:00:00,2025-07-31 12:30:00,1,105.0,105.0,0.0,0.0,0.0,LABORAL,12,False
freeze_20260610_192142,baselines_full_20260718,seasonal_naive_daily,3,30,21,2025-07-31 17:30:00,2025-07-31 18:00:00,1,,,,,,LABORAL,18,True
freeze_20260610_192142,baselines_full_20260718,seasonal_naive_daily,3,30,21,2025-08-01 14:30:00,2025-08-01 15:00:00,1,117.0,79.0,-38.0,38.0,1444.0,LABORAL,15,False
freeze_20260610_192142,baselines_full_20260718,seasonal_naive_daily,3,30,21,2025-08-02 13:30:00,2025-08-02 14:00:00,1,95.0,82.0,-13.0,13.0,169.0,SABADO,14,False
freeze_20260610_192142,baselines_full_20260718,seasonal_naive_daily,3,30,21,2025-08-03 09:00:00,2025-08-03 09:30:00,1,40.0,90.0,50.0,50.0,2500.0,DOMINGO,9,False
freeze_20260610_192142,baselines_full_20260718,seasonal_naive_daily,3,30,21,2025-08-03 15:00:00,2025-08-03 15:30:00,1,,,,,,DOMINGO,15,True
freeze_20260610_192142,baselines_full_20260718,seasonal_naive_daily,3,30,21,2025-08-04 17:30:00,2025-08-04 18:00:00,1,,,,,,LABORAL,18,True
freeze_20260610_192142,baselines_full_20260718,seasonal_naive_daily,3,30,22,2025-08-05 04:30:00,2025-08-05 05:00:00,1,278.0,192.0,-86.0,86.0,7396.0,LABORAL,5,False
freeze_20260610_192142,baselines_full_20260718,seasonal_naive_daily,3,30,22,2025-08-05 08:30:00,2025-08-05 09:00:00,1,108.0,135.0,27.0,27.0,729.0,LABORAL,9,False
freeze_20260610_192142,baselines_full_20260718,seasonal_naive_daily,3,30,22,2025-08-06 17:00:00,2025-08-06 17:30:00,1,46.0,68.0,22.0,22.0,484.0,LABORAL,17,False
freeze_20260610_192142,baselines_full_20260718,seasonal_naive_daily,3,30,22,2025-08-10 10:30:00,2025-08-10 11:00:00,1,38.0,85.0,47.0,47.0,2209.0,DOMINGO,11,False
freeze_20260610_192142,baselines_full_20260718,seasonal_naive_daily,3,30,22,2025-08-10 12:00:00,2025-08-10 12:30:00,1,18.0,27.0,9.0,9.0,81.0,DOMINGO,12,False
freeze_20260610_192142,baselines_full_20260718,seasonal_naive_daily,3,30,22,2025-08-10 13:00:00,2025-08-10 13:30:00,1,,44.0,,,,DOMINGO,13,True
freeze_20260610_192142,baselines_full_20260718,seasonal_naive_daily,3,30,22,2025-08-11 08:00:00,2025-08-11 08:30:00,1,125.0,57.0,-68.0,68.0,4624.0,LABORAL,8,False
freeze_20260610_192142,baselines_full_20260718,seasonal_naive_daily,3,30,22,2025-08-12 16:30:00,2025-08-12 17:00:00,1,55.0,26.0,-29.0,29.0,841.0,LABORAL,17,False
freeze_20260610_192142,baselines_full_20260718,seasonal_naive_daily,3,30,22,2025-08-13 04:30:00,2025-08-13 05:00:00,1,225.0,226.0,1.0,1.0,1.0,LABORAL,5,False
freeze_20260610_192142,baselines_full_20260718,seasonal_naive_daily,3,30,22,2025-08-13 10:00:00,2025-08-13 10:30:00,1,86.0,146.0,60.0,60.0,3600.0,LABORAL,10,False
freeze_20260610_192142,baselines_full_20260718,seasonal_naive_daily,3,30,22,2025-08-14 06:30:00,2025-08-14 07:00:00,1,130.0,235.0,105.0,105.0,11025.0,LABORAL,7,False
freeze_20260610_192142,baselines_full_20260718,seasonal_naive_daily,3,30,22,2025-08-14 09:30:00,2025-08-14 10:00:00,1,87.0,149.0,62.0,62.0,3844.0,LABORAL,10,False
freeze_20260610_192142,baselines_full_20260718,seasonal_naive_daily,3,30,22,2025-08-15 08:30:00,2025-08-15 09:00:00,1,129.0,104.0,-25.0,25.0,625.0,LABORAL,9,False
freeze_20260610_192142,baselines_full_20260718,seasonal_naive_daily,3,30,22,2025-08-15 09:30:00,2025-08-15 10:00:00,1,132.0,87.0,-45.0,45.0,2025.0,LABORAL,10,False
freeze_20260610_192142,baselines_full_20260718,seasonal_naive_daily,3,30,22,2025-08-16 04:30:00,2025-08-16 05:00:00,1,144.0,194.0,50.0,50.0,2500.0,SABADO,5,False
freeze_20260610_192142,baselines_full_20260718,seasonal_naive_daily,3,30,22,2025-08-16 17:00:00,2025-08-16 17:30:00,1,,,,,,SABADO,17,True
freeze_20260610_192142,baselines_full_20260718,seasonal_naive_daily,3,30,22,2025-08-17 13:30:00,2025-08-17 14:00:00,1,29.0,137.0,108.0,108.0,11664.0,DOMINGO,14,False
freeze_20260610_192142,baselines_full_20260718,seasonal_naive_daily,3,30,22,2025-08-18 06:00:00,2025-08-18 06:30:00,1,,,,,,FESTIVO_PUENTE,6,True
freeze_20260610_192142,baselines_full_20260718,seasonal_naive_daily,3,30,22,2025-08-18 13:00:00,2025-08-18 13:30:00,1,49.0,25.0,-24.0,24.0,576.0,FESTIVO_PUENTE,13,False
freeze_20260610_192142,baselines_full_20260718,seasonal_naive_daily,3,30,23,2025-08-20 17:30:00,2025-08-20 18:00:00,1,,18.0,,,,LABORAL,18,True
freeze_20260610_192142,baselines_full_20260718,seasonal_naive_daily,3,30,23,2025-08-22 09:00:00,2025-08-22 09:30:00,1,129.0,101.0,-28.0,28.0,784.0,LABORAL,9,False
freeze_20260610_192142,baselines_full_20260718,seasonal_naive_daily,3,30,23,2025-08-22 15:30:00,2025-08-22 16:00:00,1,140.0,51.0,-89.0,89.0,7921.0,LABORAL,16,False
freeze_20260610_192142,baselines_full_20260718,seasonal_naive_daily,3,30,23,2025-08-23 08:30:00,2025-08-23 09:00:00,1,99.0,175.0,76.0,76.0,5776.0,SABADO,9,False
freeze_20260610_192142,baselines_full_20260718,seasonal_naive_daily,3,30,23,2025-08-23 13:30:00,2025-08-23 14:00:00,1,128.0,195.0,67.0,67.0,4489.0,SABADO,14,False
freeze_20260610_192142,baselines_full_20260718,seasonal_naive_daily,3,30,23,2025-08-23 16:30:00,2025-08-23 17:00:00,1,40.0,58.0,18.0,18.0,324.0,SABADO,17,False
freeze_20260610_192142,baselines_full_20260718,seasonal_naive_daily,3,30,23,2025-08-25 06:00:00,2025-08-25 06:30:00,1,266.0,34.0,-232.0,232.0,53824.0,LABORAL,6,False
freeze_20260610_192142,baselines_full_20260718,seasonal_naive_daily,3,30,23,2025-08-25 06:30:00,2025-08-25 07:00:00,1,147.0,16.0,-131.0,131.0,17161.0,LABORAL,7,False
freeze_20260610_192142,baselines_full_20260718,seasonal_naive_daily,3,30,23,2025-08-25 17:00:00,2025-08-25 17:30:00,1,,,,,,LABORAL,17,True
freeze_20260610_192142,baselines_full_20260718,seasonal_naive_daily,3,30,23,2025-08-27 09:00:00,2025-08-27 09:30:00,1,126.0,132.0,6.0,6.0,36.0,LABORAL,9,False
freeze_20260610_192142,baselines_full_20260718,seasonal_naive_daily,3,30,23,2025-08-27 12:30:00,2025-08-27 13:00:00,1,123.0,147.0,24.0,24.0,576.0,LABORAL,13,False
freeze_20260610_192142,baselines_full_20260718,seasonal_naive_daily,3,30,23,2025-08-29 14:00:00,2025-08-29 14:30:00,1,114.0,188.0,74.0,74.0,5476.0,LABORAL,14,False
freeze_20260610_192142,baselines_full_20260718,seasonal_naive_daily,3,30,23,2025-08-30 03:30:00,2025-08-30 04:00:00,1,33.0,50.0,17.0,17.0,289.0,SABADO,4,False
freeze_20260610_192142,baselines_full_20260718,seasonal_naive_daily,3,30,23,2025-09-01 10:30:00,2025-09-01 11:00:00,1,137.0,,,,,LABORAL,11,False
freeze_20260610_192142,baselines_full_20260718,seasonal_naive_daily,3,30,24,2025-09-02 04:30:00,2025-09-02 05:00:00,1,305.0,278.0,-27.0,27.0,729.0,LABORAL,5,False
freeze_20260610_192142,baselines_full_20260718,seasonal_naive_daily,3,30,24,2025-09-02 17:00:00,2025-09-02 17:30:00,1,12.0,39.0,27.0,27.0,729.0,LABORAL,17,False
freeze_20260610_192142,baselines_full_20260718,seasonal_naive_daily,3,30,24,2025-09-04 03:30:00,2025-09-04 04:00:00,1,49.0,56.0,7.0,7.0,49.0,LABORAL,4,False
freeze_20260610_192142,baselines_full_20260718,seasonal_naive_daily,3,30,24,2025-09-05 17:00:00,2025-09-05 17:30:00,1,30.0,,,,,LABORAL,17,False
freeze_20260610_192142,baselines_full_20260718,seasonal_naive_daily,3,30,24,2025-09-06 05:00:00,2025-09-06 05:30:00,1,229.0,269.0,40.0,40.0,1600.0,SABADO,5,False
freeze_20260610_192142,baselines_full_20260718,seasonal_naive_daily,3,30,24,2025-09-06 15:00:00,2025-09-06 15:30:00,1,93.0,227.0,134.0,134.0,17956.0,SABADO,15,False
freeze_20260610_192142,baselines_full_20260718,seasonal_naive_daily,3,30,24,2025-09-07 12:30:00,2025-09-07 13:00:00,1,,,,,,DOMINGO,13,True
freeze_20260610_192142,baselines_full_20260718,seasonal_naive_daily,3,30,24,2025-09-07 14:00:00,2025-09-07 14:30:00,1,22.0,73.0,51.0,51.0,2601.0,DOMINGO,14,False
freeze_20260610_192142,baselines_full_20260718,seasonal_naive_daily,3,30,24,2025-09-08 06:00:00,2025-09-08 06:30:00,1,187.0,,,,,LABORAL,6,False
freeze_20260610_192142,baselines_full_20260718,seasonal_naive_daily,3,30,24,2025-09-08 15:30:00,2025-09-08 16:00:00,1,130.0,,,,,LABORAL,16,False
freeze_20260610_192142,baselines_full_20260718,seasonal_naive_daily,3,30,24,2025-09-09 10:00:00,2025-09-09 10:30:00,1,125.0,126.0,1.0,1.0,1.0,LABORAL,10,False
freeze_20260610_192142,baselines_full_20260718,seasonal_naive_daily,3,30,24,2025-09-10 05:00:00,2025-09-10 05:30:00,1,334.0,276.0,-58.0,58.0,3364.0,LABORAL,5,False
freeze_20260610_192142,baselines_full_20260718,seasonal_naive_daily,3,30,24,2025-09-11 04:00:00,2025-09-11 04:30:00,1,145.0,205.0,60.0,60.0,3600.0,LABORAL,4,False
freeze_20260610_192142,baselines_full_20260718,seasonal_naive_daily,3,30,24,2025-09-12 12:00:00,2025-09-12 12:30:00,1,103.0,114.0,11.0,11.0,121.0,LABORAL,12,False
freeze_20260610_192142,baselines_full_20260718,seasonal_naive_daily,3,30,24,2025-09-13 05:00:00,2025-09-13 05:30:00,1,187.0,380.0,193.0,193.0,37249.0,SABADO,5,False
freeze_20260610_192142,baselines_full_20260718,seasonal_naive_daily,3,30,24,2025-09-13 06:30:00,2025-09-13 07:00:00,1,118.0,225.0,107.0,107.0,11449.0,SABADO,7,False
freeze_20260610_192142,baselines_full_20260718,seasonal_naive_daily,3,30,25,2025-09-17 14:00:00,2025-09-17 14:30:00,1,81.0,151.0,70.0,70.0,4900.0,LABORAL,14,False
freeze_20260610_192142,baselines_full_20260718,seasonal_naive_daily,3,30,25,2025-09-17 16:30:00,2025-09-17 17:00:00,1,64.0,90.0,26.0,26.0,676.0,LABORAL,17,False
freeze_20260610_192142,baselines_full_20260718,seasonal_naive_daily,3,30,25,2025-09-18 06:00:00,2025-09-18 06:30:00,1,185.0,192.0,7.0,7.0,49.0,LABORAL,6,False
freeze_20260610_192142,baselines_full_20260718,seasonal_naive_daily,3,30,25,2025-09-21 09:00:00,2025-09-21 09:30:00,1,34.0,119.0,85.0,85.0,7225.0,DOMINGO,9,False
freeze_20260610_192142,baselines_full_20260718,seasonal_naive_daily,3,30,25,2025-09-24 04:00:00,2025-09-24 04:30:00,1,218.0,124.0,-94.0,94.0,8836.0,LABORAL,4,False
freeze_20260610_192142,baselines_full_20260718,seasonal_naive_daily,3,30,25,2025-09-24 10:00:00,2025-09-24 10:30:00,1,139.0,43.0,-96.0,96.0,9216.0,LABORAL,10,False
freeze_20260610_192142,baselines_full_20260718,seasonal_naive_daily,3,30,25,2025-09-25 14:00:00,2025-09-25 14:30:00,1,202.0,188.0,-14.0,14.0,196.0,LABORAL,14,False
freeze_20260610_192142,baselines_full_20260718,seasonal_naive_daily,3,30,25,2025-09-26 11:00:00,2025-09-26 11:30:00,1,193.0,199.0,6.0,6.0,36.0,LABORAL,11,False
freeze_20260610_192142,baselines_full_20260718,seasonal_naive_daily,3,30,25,2025-09-26 16:00:00,2025-09-26 16:30:00,1,122.0,102.0,-20.0,20.0,400.0,LABORAL,16,False
freeze_20260610_192142,baselines_full_20260718,seasonal_naive_daily,3,30,25,2025-09-27 06:30:00,2025-09-27 07:00:00,1,130.0,233.0,103.0,103.0,10609.0,SABADO,7,False
freeze_20260610_192142,baselines_full_20260718,seasonal_naive_daily,3,30,25,2025-09-27 12:30:00,2025-09-27 13:00:00,1,36.0,75.0,39.0,39.0,1521.0,SABADO,13,False
freeze_20260610_192142,baselines_full_20260718,seasonal_naive_daily,3,30,25,2025-09-27 13:00:00,2025-09-27 13:30:00,1,77.0,204.0,127.0,127.0,16129.0,SABADO,13,False
freeze_20260610_192142,baselines_full_20260718,seasonal_naive_daily,3,30,25,2025-09-27 14:30:00,2025-09-27 15:00:00,1,69.0,234.0,165.0,165.0,27225.0,SABADO,15,False
freeze_20260610_192142,baselines_full_20260718,seasonal_naive_daily,3,30,25,2025-09-28 05:00:00,2025-09-28 05:30:00,1,,208.0,,,,DOMINGO,5,True
freeze_20260610_192142,baselines_full_20260718,seasonal_naive_daily,3,30,25,2025-09-28 11:30:00,2025-09-28 12:00:00,1,,59.0,,,,DOMINGO,12,True
freeze_20260610_192142,baselines_full_20260718,seasonal_naive_daily,3,30,25,2025-09-28 12:30:00,2025-09-28 13:00:00,1,41.0,36.0,-5.0,5.0,25.0,DOMINGO,13,False
freeze_20260610_192142,baselines_full_20260718,seasonal_naive_daily,3,30,25,2025-09-28 15:00:00,2025-09-28 15:30:00,1,25.0,97.0,72.0,72.0,5184.0,DOMINGO,15,False
freeze_20260610_192142,baselines_full_20260718,seasonal_naive_daily,3,30,25,2025-09-29 10:30:00,2025-09-29 11:00:00,1,130.0,31.0,-99.0,99.0,9801.0,LABORAL,11,False
freeze_20260610_192142,baselines_full_20260718,seasonal_naive_daily,3,30,25,2025-09-29 13:00:00,2025-09-29 13:30:00,1,171.0,,,,,LABORAL,13,False
freeze_20260610_192142,baselines_full_20260718,seasonal_naive_daily,3,30,26,2025-09-30 06:30:00,2025-09-30 07:00:00,1,168.0,210.0,42.0,42.0,1764.0,LABORAL,7,False
freeze_20260610_192142,baselines_full_20260718,seasonal_naive_daily,3,30,26,2025-09-30 12:00:00,2025-09-30 12:30:00,1,101.0,138.0,37.0,37.0,1369.0,LABORAL,12,False
freeze_20260610_192142,baselines_full_20260718,seasonal_naive_daily,3,30,26,2025-09-30 13:30:00,2025-09-30 14:00:00,1,182.0,136.0,-46.0,46.0,2116.0,LABORAL,14,False
freeze_20260610_192142,baselines_full_20260718,seasonal_naive_daily,3,30,26,2025-10-03 17:00:00,2025-10-03 17:30:00,1,,,,,,LABORAL,17,True
freeze_20260610_192142,baselines_full_20260718,seasonal_naive_daily,3,30,26,2025-10-04 04:00:00,2025-10-04 04:30:00,1,63.0,114.0,51.0,51.0,2601.0,SABADO,4,False
freeze_20260610_192142,baselines_full_20260718,seasonal_naive_daily,3,30,26,2025-10-06 03:30:00,2025-10-06 04:00:00,1,100.0,33.0,-67.0,67.0,4489.0,LABORAL,4,False
freeze_20260610_192142,baselines_full_20260718,seasonal_naive_daily,3,30,26,2025-10-07 14:30:00,2025-10-07 15:00:00,1,154.0,223.0,69.0,69.0,4761.0,LABORAL,15,False
freeze_20260610_192142,baselines_full_20260718,seasonal_naive_daily,3,30,26,2025-10-08 17:00:00,2025-10-08 17:30:00,1,,27.0,,,,LABORAL,17,True
freeze_20260610_192142,baselines_full_20260718,seasonal_naive_daily,3,30,26,2025-10-09 07:30:00,2025-10-09 08:00:00,1,71.0,139.0,68.0,68.0,4624.0,LABORAL,8,False
freeze_20260610_192142,baselines_full_20260718,seasonal_naive_daily,3,30,26,2025-10-09 15:30:00,2025-10-09 16:00:00,1,108.0,102.0,-6.0,6.0,36.0,LABORAL,16,False
freeze_20260610_192142,baselines_full_20260718,seasonal_naive_daily,3,30,26,2025-10-09 17:30:00,2025-10-09 18:00:00,1,,,,,,LABORAL,18,True
freeze_20260610_192142,baselines_full_20260718,seasonal_naive_daily,3,30,26,2025-10-10 12:00:00,2025-10-10 12:30:00,1,127.0,105.0,-22.0,22.0,484.0,LABORAL,12,False
freeze_20260610_192142,baselines_full_20260718,seasonal_naive_daily,3,30,26,2025-10-10 13:30:00,2025-10-10 14:00:00,1,122.0,65.0,-57.0,57.0,3249.0,LABORAL,14,False
freeze_20260610_192142,baselines_full_20260718,seasonal_naive_daily,3,30,26,2025-10-11 15:30:00,2025-10-11 16:00:00,1,77.0,74.0,-3.0,3.0,9.0,SABADO,16,False
freeze_20260610_192142,baselines_full_20260718,seasonal_naive_daily,3,30,26,2025-10-13 04:00:00,2025-10-13 04:30:00,1,,,,,,FESTIVO_PUENTE,4,True
freeze_20260610_192142,baselines_full_20260718,seasonal_naive_daily,3,30,26,2025-10-13 05:30:00,2025-10-13 06:00:00,1,,,,,,FESTIVO_PUENTE,6,True
freeze_20260610_192142,baselines_full_20260718,seasonal_naive_daily,3,30,27,2025-10-14 13:30:00,2025-10-14 14:00:00,1,47.0,27.0,-20.0,20.0,400.0,LABORAL,14,False
freeze_20260610_192142,baselines_full_20260718,seasonal_naive_daily,3,30,27,2025-10-15 03:30:00,2025-10-15 04:00:00,1,72.0,72.0,0.0,0.0,0.0,LABORAL,4,False
freeze_20260610_192142,baselines_full_20260718,seasonal_naive_daily,3,30,27,2025-10-16 09:00:00,2025-10-16 09:30:00,1,79.0,165.0,86.0,86.0,7396.0,LABORAL,9,False
freeze_20260610_192142,baselines_full_20260718,seasonal_naive_daily,3,30,27,2025-10-16 12:30:00,2025-10-16 13:00:00,1,158.0,93.0,-65.0,65.0,4225.0,LABORAL,13,False
freeze_20260610_192142,baselines_full_20260718,seasonal_naive_daily,3,30,27,2025-10-16 15:30:00,2025-10-16 16:00:00,1,111.0,162.0,51.0,51.0,2601.0,LABORAL,16,False
freeze_20260610_192142,baselines_full_20260718,seasonal_naive_daily,3,30,27,2025-10-17 08:00:00,2025-10-17 08:30:00,1,100.0,157.0,57.0,57.0,3249.0,LABORAL,8,False
freeze_20260610_192142,baselines_full_20260718,seasonal_naive_daily,3,30,27,2025-10-17 15:30:00,2025-10-17 16:00:00,1,,111.0,,,,LABORAL,16,True
freeze_20260610_192142,baselines_full_20260718,seasonal_naive_daily,3,30,27,2025-10-18 08:00:00,2025-10-18 08:30:00,1,81.0,100.0,19.0,19.0,361.0,SABADO,8,False
freeze_20260610_192142,baselines_full_20260718,seasonal_naive_daily,3,30,27,2025-10-21 06:00:00,2025-10-21 06:30:00,1,247.0,357.0,110.0,110.0,12100.0,LABORAL,6,False
freeze_20260610_192142,baselines_full_20260718,seasonal_naive_daily,3,30,27,2025-10-22 16:30:00,2025-10-22 17:00:00,1,47.0,,,,,LABORAL,17,False
freeze_20260610_192142,baselines_full_20260718,seasonal_naive_daily,3,30,27,2025-10-23 11:30:00,2025-10-23 12:00:00,1,172.0,168.0,-4.0,4.0,16.0,LABORAL,12,False
freeze_20260610_192142,baselines_full_20260718,seasonal_naive_daily,3,30,27,2025-10-23 12:30:00,2025-10-23 13:00:00,1,155.0,149.0,-6.0,6.0,36.0,LABORAL,13,False
freeze_20260610_192142,baselines_full_20260718,seasonal_naive_daily,3,30,27,2025-10-23 14:00:00,2025-10-23 14:30:00,1,179.0,148.0,-31.0,31.0,961.0,LABORAL,14,False
freeze_20260610_192142,baselines_full_20260718,seasonal_naive_daily,3,30,28,2025-10-28 11:00:00,2025-10-28 11:30:00,1,183.0,140.0,-43.0,43.0,1849.0,LABORAL,11,False
freeze_20260610_192142,baselines_full_20260718,seasonal_naive_daily,3,30,28,2025-10-30 09:30:00,2025-10-30 10:00:00,1,129.0,143.0,14.0,14.0,196.0,LABORAL,10,False
freeze_20260610_192142,baselines_full_20260718,seasonal_naive_daily,3,30,28,2025-10-31 04:30:00,2025-10-31 05:00:00,1,241.0,282.0,41.0,41.0,1681.0,LABORAL,5,False
freeze_20260610_192142,baselines_full_20260718,seasonal_naive_daily,3,30,28,2025-11-01 07:00:00,2025-11-01 07:30:00,1,91.0,212.0,121.0,121.0,14641.0,SABADO,7,False
freeze_20260610_192142,baselines_full_20260718,seasonal_naive_daily,3,30,28,2025-11-05 13:30:00,2025-11-05 14:00:00,1,112.0,230.0,118.0,118.0,13924.0,LABORAL,14,False
freeze_20260610_192142,baselines_full_20260718,seasonal_naive_daily,3,30,28,2025-11-07 15:00:00,2025-11-07 15:30:00,1,192.0,201.0,9.0,9.0,81.0,LABORAL,15,False
freeze_20260610_192142,baselines_full_20260718,seasonal_naive_daily,3,30,28,2025-11-08 09:00:00,2025-11-08 09:30:00,1,79.0,64.0,-15.0,15.0,225.0,SABADO,9,False
freeze_20260610_192142,baselines_full_20260718,seasonal_naive_daily,3,30,28,2025-11-09 04:00:00,2025-11-09 04:30:00,1,,131.0,,,,DOMINGO,4,True
freeze_20260610_192142,baselines_full_20260718,seasonal_naive_daily,3,30,28,2025-11-09 06:00:00,2025-11-09 06:30:00,1,,222.0,,,,DOMINGO,6,True
freeze_20260610_192142,baselines_full_20260718,seasonal_naive_daily,3,30,28,2025-11-09 09:30:00,2025-11-09 10:00:00,1,31.0,102.0,71.0,71.0,5041.0,DOMINGO,10,False
freeze_20260610_192142,baselines_full_20260718,seasonal_naive_daily,3,30,29,2025-11-11 14:00:00,2025-11-11 14:30:00,1,127.0,104.0,-23.0,23.0,529.0,LABORAL,14,False
freeze_20260610_192142,baselines_full_20260718,seasonal_naive_daily,3,30,29,2025-11-12 14:30:00,2025-11-12 15:00:00,1,147.0,147.0,0.0,0.0,0.0,LABORAL,15,False
freeze_20260610_192142,baselines_full_20260718,seasonal_naive_daily,3,30,29,2025-11-15 04:30:00,2025-11-15 05:00:00,1,186.0,249.0,63.0,63.0,3969.0,SABADO,5,False
freeze_20260610_192142,baselines_full_20260718,seasonal_naive_daily,3,30,29,2025-11-16 09:00:00,2025-11-16 09:30:00,1,18.0,79.0,61.0,61.0,3721.0,DOMINGO,9,False
freeze_20260610_192142,baselines_full_20260718,seasonal_naive_daily,3,30,29,2025-11-17 09:00:00,2025-11-17 09:30:00,1,36.0,18.0,-18.0,18.0,324.0,FESTIVO_PUENTE,9,False
freeze_20260610_192142,baselines_full_20260718,seasonal_naive_daily,3,30,29,2025-11-18 13:00:00,2025-11-18 13:30:00,1,133.0,29.0,-104.0,104.0,10816.0,LABORAL,13,False
freeze_20260610_192142,baselines_full_20260718,seasonal_naive_daily,3,30,29,2025-11-19 11:30:00,2025-11-19 12:00:00,1,187.0,200.0,13.0,13.0,169.0,LABORAL,12,False
freeze_20260610_192142,baselines_full_20260718,seasonal_naive_daily,3,30,29,2025-11-19 13:00:00,2025-11-19 13:30:00,1,149.0,133.0,-16.0,16.0,256.0,LABORAL,13,False
freeze_20260610_192142,baselines_full_20260718,seasonal_naive_daily,3,30,29,2025-11-20 12:00:00,2025-11-20 12:30:00,1,182.0,170.0,-12.0,12.0,144.0,LABORAL,12,False
freeze_20260610_192142,baselines_full_20260718,seasonal_naive_daily,3,30,29,2025-11-23 08:30:00,2025-11-23 09:00:00,1,,114.0,,,,DOMINGO,9,True
freeze_20260610_192142,baselines_full_20260718,seasonal_naive_daily,3,30,29,2025-11-23 09:00:00,2025-11-23 09:30:00,1,32.0,110.0,78.0,78.0,6084.0,DOMINGO,9,False
freeze_20260610_192142,baselines_full_20260718,seasonal_naive_daily,3,30,29,2025-11-23 14:30:00,2025-11-23 15:00:00,1,25.0,112.0,87.0,87.0,7569.0,DOMINGO,15,False
freeze_20260610_192142,baselines_full_20260718,seasonal_naive_daily,3,30,29,2025-11-24 14:00:00,2025-11-24 14:30:00,1,149.0,22.0,-127.0,127.0,16129.0,LABORAL,14,False
freeze_20260610_192142,baselines_full_20260718,seasonal_naive_daily,3,30,30,2025-11-25 08:00:00,2025-11-25 08:30:00,1,156.0,157.0,1.0,1.0,1.0,LABORAL,8,False
freeze_20260610_192142,baselines_full_20260718,seasonal_naive_daily,3,30,30,2025-11-26 05:00:00,2025-11-26 05:30:00,1,279.0,272.0,-7.0,7.0,49.0,LABORAL,5,False
freeze_20260610_192142,baselines_full_20260718,seasonal_naive_daily,3,30,30,2025-11-26 15:30:00,2025-11-26 16:00:00,1,173.0,134.0,-39.0,39.0,1521.0,LABORAL,16,False
freeze_20260610_192142,baselines_full_20260718,seasonal_naive_daily,3,30,30,2025-11-27 13:30:00,2025-11-27 14:00:00,1,94.0,115.0,21.0,21.0,441.0,LABORAL,14,False
freeze_20260610_192142,baselines_full_20260718,seasonal_naive_daily,3,30,30,2025-11-28 17:30:00,2025-11-28 18:00:00,1,,,,,,LABORAL,18,True
freeze_20260610_192142,baselines_full_20260718,seasonal_naive_daily,3,30,30,2025-11-29 06:30:00,2025-11-29 07:00:00,1,79.0,107.0,28.0,28.0,784.0,SABADO,7,False
freeze_20260610_192142,baselines_full_20260718,seasonal_naive_daily,3,30,30,2025-11-29 17:00:00,2025-11-29 17:30:00,1,,50.0,,,,SABADO,17,True
freeze_20260610_192142,baselines_full_20260718,seasonal_naive_daily,3,30,30,2025-11-30 05:30:00,2025-11-30 06:00:00,1,,244.0,,,,DOMINGO,6,True
freeze_20260610_192142,baselines_full_20260718,seasonal_naive_daily,3,30,30,2025-12-02 17:30:00,2025-12-02 18:00:00,1,,,,,,LABORAL,18,True
freeze_20260610_192142,baselines_full_20260718,seasonal_naive_daily,3,30,30,2025-12-03 06:00:00,2025-12-03 06:30:00,1,215.0,294.0,79.0,79.0,6241.0,LABORAL,6,False
freeze_20260610_192142,baselines_full_20260718,seasonal_naive_daily,3,30,30,2025-12-05 06:30:00,2025-12-05 07:00:00,1,252.0,117.0,-135.0,135.0,18225.0,LABORAL,7,False
freeze_20260610_192142,baselines_full_20260718,seasonal_naive_daily,3,30,30,2025-12-05 07:30:00,2025-12-05 08:00:00,1,155.0,97.0,-58.0,58.0,3364.0,LABORAL,8,False
freeze_20260610_192142,baselines_full_20260718,seasonal_naive_daily,3,30,30,2025-12-06 15:30:00,2025-12-06 16:00:00,1,55.0,141.0,86.0,86.0,7396.0,SABADO,16,False
freeze_20260610_192142,baselines_full_20260718,seasonal_naive_daily,3,30,30,2025-12-07 14:30:00,2025-12-07 15:00:00,1,,,,,,DOMINGO,15,True
freeze_20260610_192142,baselines_full_20260718,seasonal_naive_daily,3,30,30,2025-12-08 05:00:00,2025-12-08 05:30:00,1,,,,,,FESTIVO_PUENTE,5,True
freeze_20260610_192142,baselines_full_20260718,seasonal_naive_daily,3,30,31,2025-12-11 08:30:00,2025-12-11 09:00:00,1,63.0,98.0,35.0,35.0,1225.0,LABORAL,9,False
freeze_20260610_192142,baselines_full_20260718,seasonal_naive_daily,3,30,31,2025-12-11 09:00:00,2025-12-11 09:30:00,1,109.0,95.0,-14.0,14.0,196.0,LABORAL,9,False
freeze_20260610_192142,baselines_full_20260718,seasonal_naive_daily,3,30,31,2025-12-13 11:30:00,2025-12-13 12:00:00,1,138.0,132.0,-6.0,6.0,36.0,SABADO,12,False
freeze_20260610_192142,baselines_full_20260718,seasonal_naive_daily,3,30,31,2025-12-13 13:30:00,2025-12-13 14:00:00,1,94.0,102.0,8.0,8.0,64.0,SABADO,14,False
freeze_20260610_192142,baselines_full_20260718,seasonal_naive_daily,3,30,31,2025-12-14 09:30:00,2025-12-14 10:00:00,1,37.0,61.0,24.0,24.0,576.0,DOMINGO,10,False
freeze_20260610_192142,baselines_full_20260718,seasonal_naive_daily,3,30,31,2025-12-15 06:00:00,2025-12-15 06:30:00,1,159.0,,,,,LABORAL,6,False
freeze_20260610_192142,baselines_full_20260718,seasonal_naive_daily,3,30,31,2025-12-15 15:30:00,2025-12-15 16:00:00,1,119.0,,,,,LABORAL,16,False
freeze_20260610_192142,baselines_full_20260718,seasonal_naive_daily,3,30,31,2025-12-16 10:00:00,2025-12-16 10:30:00,1,101.0,157.0,56.0,56.0,3136.0,LABORAL,10,False
freeze_20260610_192142,baselines_full_20260718,seasonal_naive_daily,3,30,31,2025-12-16 15:00:00,2025-12-16 15:30:00,1,168.0,,,,,LABORAL,15,False
freeze_20260610_192142,baselines_full_20260718,seasonal_naive_daily,3,30,31,2025-12-19 15:00:00,2025-12-19 15:30:00,1,157.0,119.0,-38.0,38.0,1444.0,LABORAL,15,False
freeze_20260610_192142,baselines_full_20260718,seasonal_naive_daily,3,30,31,2025-12-20 09:30:00,2025-12-20 10:00:00,1,164.0,193.0,29.0,29.0,841.0,SABADO,10,False
freeze_20260610_192142,baselines_full_20260718,seasonal_naive_daily,3,30,31,2025-12-20 10:00:00,2025-12-20 10:30:00,1,69.0,86.0,17.0,17.0,289.0,SABADO,10,False
freeze_20260610_192142,baselines_full_20260718,seasonal_naive_daily,3,30,31,2025-12-20 14:30:00,2025-12-20 15:00:00,1,63.0,190.0,127.0,127.0,16129.0,SABADO,15,False
freeze_20260610_192142,baselines_full_20260718,seasonal_naive_daily,3,30,31,2025-12-21 11:00:00,2025-12-21 11:30:00,1,33.0,170.0,137.0,137.0,18769.0,DOMINGO,11,False
freeze_20260610_192142,baselines_full_20260718,seasonal_naive_daily,3,30,31,2025-12-22 03:30:00,2025-12-22 04:00:00,1,51.0,,,,,LABORAL,4,False
freeze_20260610_192142,baselines_full_20260718,seasonal_naive_daily,3,30,31,2025-12-22 12:00:00,2025-12-22 12:30:00,1,124.0,23.0,-101.0,101.0,10201.0,LABORAL,12,False
freeze_20260610_192142,baselines_full_20260718,seasonal_naive_daily,3,30,31,2025-12-22 17:00:00,2025-12-22 17:30:00,1,54.0,,,,,LABORAL,17,False
freeze_20260610_192142,baselines_full_20260718,seasonal_naive_daily,3,30,32,2025-12-23 15:00:00,2025-12-23 15:30:00,1,187.0,166.0,-21.0,21.0,441.0,LABORAL,15,False
freeze_20260610_192142,baselines_full_20260718,seasonal_naive_daily,3,30,32,2025-12-23 16:00:00,2025-12-23 16:30:00,1,86.0,159.0,73.0,73.0,5329.0,LABORAL,16,False
freeze_20260610_192142,baselines_full_20260718,seasonal_naive_daily,3,30,32,2025-12-24 13:30:00,2025-12-24 14:00:00,1,93.0,131.0,38.0,38.0,1444.0,LABORAL,14,False
freeze_20260610_192142,baselines_full_20260718,seasonal_naive_daily,3,30,32,2025-12-25 07:30:00,2025-12-25 08:00:00,1,16.0,103.0,87.0,87.0,7569.0,FESTIVO,8,False
freeze_20260610_192142,baselines_full_20260718,seasonal_naive_daily,3,30,32,2025-12-25 09:30:00,2025-12-25 10:00:00,1,,46.0,,,,FESTIVO,10,True
freeze_20260610_192142,baselines_full_20260718,seasonal_naive_daily,3,30,32,2025-12-25 11:00:00,2025-12-25 11:30:00,1,29.0,131.0,102.0,102.0,10404.0,FESTIVO,11,False
freeze_20260610_192142,baselines_full_20260718,seasonal_naive_daily,3,30,32,2025-12-25 15:00:00,2025-12-25 15:30:00,1,,172.0,,,,FESTIVO,15,True
freeze_20260610_192142,baselines_full_20260718,seasonal_naive_daily,3,30,32,2025-12-26 10:30:00,2025-12-26 11:00:00,1,118.0,,,,,LABORAL,11,False
freeze_20260610_192142,baselines_full_20260718,seasonal_naive_daily,3,30,32,2025-12-30 04:00:00,2025-12-30 04:30:00,1,106.0,175.0,69.0,69.0,4761.0,LABORAL,4,False
freeze_20260610_192142,baselines_full_20260718,seasonal_naive_daily,3,30,32,2025-12-30 10:30:00,2025-12-30 11:00:00,1,93.0,82.0,-11.0,11.0,121.0,LABORAL,11,False
freeze_20260610_192142,baselines_full_20260718,seasonal_naive_daily,3,30,32,2025-12-31 15:00:00,2025-12-31 15:30:00,1,50.0,113.0,63.0,63.0,3969.0,LABORAL,15,False
freeze_20260610_192142,baselines_full_20260718,seasonal_naive_daily,3,30,32,2026-01-01 07:00:00,2026-01-01 07:30:00,1,,149.0,,,,FESTIVO,7,True
freeze_20260610_192142,baselines_full_20260718,seasonal_naive_daily,3,30,32,2026-01-02 10:30:00,2026-01-02 11:00:00,1,100.0,,,,,LABORAL,11,False
freeze_20260610_192142,baselines_full_20260718,seasonal_naive_daily,3,30,32,2026-01-03 08:30:00,2026-01-03 09:00:00,1,103.0,61.0,-42.0,42.0,1764.0,SABADO,9,False
freeze_20260610_192142,baselines_full_20260718,seasonal_naive_daily,3,30,32,2026-01-03 13:30:00,2026-01-03 14:00:00,1,55.0,100.0,45.0,45.0,2025.0,SABADO,14,False
freeze_20260610_192142,baselines_full_20260718,seasonal_naive_daily,3,30,32,2026-01-04 05:00:00,2026-01-04 05:30:00,1,,123.0,,,,DOMINGO,5,True
freeze_20260610_192142,baselines_full_20260718,seasonal_naive_daily,3,30,32,2026-01-05 06:30:00,2026-01-05 07:00:00,1,163.0,22.0,-141.0,141.0,19881.0,LABORAL,7,False
freeze_20260610_192142,baselines_full_20260718,seasonal_naive_daily,3,30,32,2026-01-05 10:00:00,2026-01-05 10:30:00,1,111.0,43.0,-68.0,68.0,4624.0,LABORAL,10,False
freeze_20260610_192142,baselines_full_20260718,seasonal_naive_daily,3,30,32,2026-01-05 12:00:00,2026-01-05 12:30:00,1,131.0,23.0,-108.0,108.0,11664.0,LABORAL,12,False
freeze_20260610_192142,baselines_full_20260718,seasonal_naive_daily,3,30,33,2026-01-06 10:00:00,2026-01-06 10:30:00,1,44.0,111.0,67.0,67.0,4489.0,LABORAL,10,False
freeze_20260610_192142,baselines_full_20260718,seasonal_naive_daily,3,30,33,2026-01-06 15:30:00,2026-01-06 16:00:00,1,73.0,85.0,12.0,12.0,144.0,LABORAL,16,False
freeze_20260610_192142,baselines_full_20260718,seasonal_naive_daily,3,30,33,2026-01-07 12:30:00,2026-01-07 13:00:00,1,82.0,136.0,54.0,54.0,2916.0,LABORAL,13,False
freeze_20260610_192142,baselines_full_20260718,seasonal_naive_daily,3,30,33,2026-01-07 15:30:00,2026-01-07 16:00:00,1,27.0,73.0,46.0,46.0,2116.0,LABORAL,16,False
freeze_20260610_192142,baselines_full_20260718,seasonal_naive_daily,3,30,33,2026-01-07 17:00:00,2026-01-07 17:30:00,1,,,,,,LABORAL,17,True
freeze_20260610_192142,baselines_full_20260718,seasonal_naive_daily,3,30,33,2026-01-09 08:30:00,2026-01-09 09:00:00,1,144.0,118.0,-26.0,26.0,676.0,LABORAL,9,False
freeze_20260610_192142,baselines_full_20260718,seasonal_naive_daily,3,30,33,2026-01-10 16:30:00,2026-01-10 17:00:00,1,,,,,,SABADO,17,True
freeze_20260610_192142,baselines_full_20260718,seasonal_naive_daily,3,30,33,2026-01-11 04:30:00,2026-01-11 05:00:00,1,,155.0,,,,DOMINGO,5,True
freeze_20260610_192142,baselines_full_20260718,seasonal_naive_daily,3,30,33,2026-01-12 05:00:00,2026-01-12 05:30:00,1,,,,,,FESTIVO_PUENTE,5,True
freeze_20260610_192142,baselines_full_20260718,seasonal_naive_daily,3,30,33,2026-01-13 06:30:00,2026-01-13 07:00:00,1,126.0,,,,,LABORAL,7,False
freeze_20260610_192142,baselines_full_20260718,seasonal_naive_daily,3,30,33,2026-01-13 13:00:00,2026-01-13 13:30:00,1,183.0,36.0,-147.0,147.0,21609.0,LABORAL,13,False
freeze_20260610_192142,baselines_full_20260718,seasonal_naive_daily,3,30,33,2026-01-14 07:30:00,2026-01-14 08:00:00,1,115.0,138.0,23.0,23.0,529.0,LABORAL,8,False
freeze_20260610_192142,baselines_full_20260718,seasonal_naive_daily,3,30,33,2026-01-14 08:00:00,2026-01-14 08:30:00,1,131.0,108.0,-23.0,23.0,529.0,LABORAL,8,False
freeze_20260610_192142,baselines_full_20260718,seasonal_naive_daily,3,30,33,2026-01-15 13:30:00,2026-01-15 14:00:00,1,110.0,91.0,-19.0,19.0,361.0,LABORAL,14,False
freeze_20260610_192142,baselines_full_20260718,seasonal_naive_daily,3,30,33,2026-01-15 15:30:00,2026-01-15 16:00:00,1,50.0,122.0,72.0,72.0,5184.0,LABORAL,16,False
freeze_20260610_192142,baselines_full_20260718,seasonal_naive_daily,3,30,33,2026-01-15 17:00:00,2026-01-15 17:30:00,1,,,,,,LABORAL,17,True
freeze_20260610_192142,baselines_full_20260718,seasonal_naive_daily,3,30,33,2026-01-16 13:30:00,2026-01-16 14:00:00,1,171.0,110.0,-61.0,61.0,3721.0,LABORAL,14,False
freeze_20260610_192142,baselines_full_20260718,seasonal_naive_daily,3,30,33,2026-01-16 17:30:00,2026-01-16 18:00:00,1,,,,,,LABORAL,18,True
freeze_20260610_192142,baselines_full_20260718,seasonal_naive_daily,3,30,34,2026-01-20 11:30:00,2026-01-20 12:00:00,1,213.0,172.0,-41.0,41.0,1681.0,LABORAL,12,False
freeze_20260610_192142,baselines_full_20260718,seasonal_naive_daily,3,30,34,2026-01-21 09:00:00,2026-01-21 09:30:00,1,112.0,148.0,36.0,36.0,1296.0,LABORAL,9,False
freeze_20260610_192142,baselines_full_20260718,seasonal_naive_daily,3,30,34,2026-01-22 04:00:00,2026-01-22 04:30:00,1,182.0,171.0,-11.0,11.0,121.0,LABORAL,4,False
freeze_20260610_192142,baselines_full_20260718,seasonal_naive_daily,3,30,34,2026-01-23 05:00:00,2026-01-23 05:30:00,1,122.0,171.0,49.0,49.0,2401.0,LABORAL,5,False
freeze_20260610_192142,baselines_full_20260718,seasonal_naive_daily,3,30,34,2026-01-23 09:00:00,2026-01-23 09:30:00,1,132.0,149.0,17.0,17.0,289.0,LABORAL,9,False
freeze_20260610_192142,baselines_full_20260718,seasonal_naive_daily,3,30,34,2026-01-23 11:00:00,2026-01-23 11:30:00,1,118.0,118.0,0.0,0.0,0.0,LABORAL,11,False
freeze_20260610_192142,baselines_full_20260718,seasonal_naive_daily,3,30,34,2026-01-23 12:00:00,2026-01-23 12:30:00,1,139.0,124.0,-15.0,15.0,225.0,LABORAL,12,False
freeze_20260610_192142,baselines_full_20260718,seasonal_naive_daily,3,30,34,2026-01-26 13:00:00,2026-01-26 13:30:00,1,131.0,25.0,-106.0,106.0,11236.0,LABORAL,13,False
freeze_20260610_192142,baselines_full_20260718,seasonal_naive_daily,3,30,34,2026-01-28 03:30:00,2026-01-28 04:00:00,1,44.0,57.0,13.0,13.0,169.0,LABORAL,4,False
freeze_20260610_192142,baselines_full_20260718,seasonal_naive_daily,3,30,34,2026-01-29 03:30:00,2026-01-29 04:00:00,1,75.0,44.0,-31.0,31.0,961.0,LABORAL,4,False
freeze_20260610_192142,baselines_full_20260718,seasonal_naive_daily,3,30,34,2026-01-30 05:00:00,2026-01-30 05:30:00,1,199.0,218.0,19.0,19.0,361.0,LABORAL,5,False
freeze_20260610_192142,baselines_full_20260718,seasonal_naive_daily,3,30,34,2026-02-01 16:00:00,2026-02-01 16:30:00,1,,43.0,,,,DOMINGO,16,True
freeze_20260610_192142,baselines_full_20260718,seasonal_naive_daily,3,30,34,2026-02-02 03:30:00,2026-02-02 04:00:00,1,47.0,,,,,LABORAL,4,False
freeze_20260610_192142,baselines_full_20260718,seasonal_naive_daily,3,30,34,2026-02-02 08:00:00,2026-02-02 08:30:00,1,143.0,33.0,-110.0,110.0,12100.0,LABORAL,8,False
freeze_20260610_192142,baselines_full_20260718,seasonal_naive_daily,3,30,34,2026-02-02 17:00:00,2026-02-02 17:30:00,1,43.0,,,,,LABORAL,17,False
freeze_20260610_192142,baselines_full_20260718,seasonal_naive_daily,3,30,35,2026-02-03 10:30:00,2026-02-03 11:00:00,1,176.0,138.0,-38.0,38.0,1444.0,LABORAL,11,False
freeze_20260610_192142,baselines_full_20260718,seasonal_naive_daily,3,30,35,2026-02-04 04:30:00,2026-02-04 05:00:00,1,261.0,256.0,-5.0,5.0,25.0,LABORAL,5,False
freeze_20260610_192142,baselines_full_20260718,seasonal_naive_daily,3,30,35,2026-02-04 10:30:00,2026-02-04 11:00:00,1,125.0,176.0,51.0,51.0,2601.0,LABORAL,11,False
freeze_20260610_192142,baselines_full_20260718,seasonal_naive_daily,3,30,35,2026-02-04 15:30:00,2026-02-04 16:00:00,1,67.0,72.0,5.0,5.0,25.0,LABORAL,16,False
freeze_20260610_192142,baselines_full_20260718,seasonal_naive_daily,3,30,35,2026-02-05 10:00:00,2026-02-05 10:30:00,1,123.0,50.0,-73.0,73.0,5329.0,LABORAL,10,False
freeze_20260610_192142,baselines_full_20260718,seasonal_naive_daily,3,30,35,2026-02-09 09:00:00,2026-02-09 09:30:00,1,182.0,34.0,-148.0,148.0,21904.0,LABORAL,9,False
freeze_20260610_192142,baselines_full_20260718,seasonal_naive_daily,3,30,35,2026-02-09 14:30:00,2026-02-09 15:00:00,1,104.0,39.0,-65.0,65.0,4225.0,LABORAL,15,False
freeze_20260610_192142,baselines_full_20260718,seasonal_naive_daily,3,30,35,2026-02-10 04:30:00,2026-02-10 05:00:00,1,329.0,290.0,-39.0,39.0,1521.0,LABORAL,5,False
freeze_20260610_192142,baselines_full_20260718,seasonal_naive_daily,3,30,35,2026-02-11 04:30:00,2026-02-11 05:00:00,1,214.0,329.0,115.0,115.0,13225.0,LABORAL,5,False
freeze_20260610_192142,baselines_full_20260718,seasonal_naive_daily,3,30,35,2026-02-11 16:30:00,2026-02-11 17:00:00,1,40.0,30.0,-10.0,10.0,100.0,LABORAL,17,False
freeze_20260610_192142,baselines_full_20260718,seasonal_naive_daily,3,30,35,2026-02-12 15:30:00,2026-02-12 16:00:00,1,57.0,126.0,69.0,69.0,4761.0,LABORAL,16,False
freeze_20260610_192142,baselines_full_20260718,seasonal_naive_daily,3,30,35,2026-02-15 08:00:00,2026-02-15 08:30:00,1,45.0,95.0,50.0,50.0,2500.0,DOMINGO,8,False
freeze_20260610_192142,baselines_full_20260718,seasonal_naive_daily,3,30,35,2026-02-15 12:00:00,2026-02-15 12:30:00,1,42.0,39.0,-3.0,3.0,9.0,DOMINGO,12,False
freeze_20260610_192142,baselines_full_20260718,seasonal_naive_daily,3,30,35,2026-02-16 07:30:00,2026-02-16 08:00:00,1,170.0,,,,,LABORAL,8,False
freeze_20260610_192142,baselines_full_20260718,seasonal_naive_daily,3,30,36,2026-02-17 08:00:00,2026-02-17 08:30:00,1,186.0,157.0,-29.0,29.0,841.0,LABORAL,8,False
freeze_20260610_192142,baselines_full_20260718,seasonal_naive_daily,3,30,36,2026-02-18 12:30:00,2026-02-18 13:00:00,1,141.0,107.0,-34.0,34.0,1156.0,LABORAL,13,False
freeze_20260610_192142,baselines_full_20260718,seasonal_naive_daily,3,30,36,2026-02-19 08:30:00,2026-02-19 09:00:00,1,143.0,139.0,-4.0,4.0,16.0,LABORAL,9,False
freeze_20260610_192142,baselines_full_20260718,seasonal_naive_daily,3,30,36,2026-02-20 09:30:00,2026-02-20 10:00:00,1,130.0,64.0,-66.0,66.0,4356.0,LABORAL,10,False
freeze_20260610_192142,baselines_full_20260718,seasonal_naive_daily,3,30,36,2026-02-20 11:30:00,2026-02-20 12:00:00,1,219.0,236.0,17.0,17.0,289.0,LABORAL,12,False
freeze_20260610_192142,baselines_full_20260718,seasonal_naive_daily,3,30,36,2026-02-21 05:30:00,2026-02-21 06:00:00,1,252.0,289.0,37.0,37.0,1369.0,SABADO,6,False
freeze_20260610_192142,baselines_full_20260718,seasonal_naive_daily,3,30,36,2026-02-23 12:30:00,2026-02-23 13:00:00,1,75.0,15.0,-60.0,60.0,3600.0,LABORAL,13,False
freeze_20260610_192142,baselines_full_20260718,seasonal_naive_daily,3,30,36,2026-02-23 13:00:00,2026-02-23 13:30:00,1,126.0,25.0,-101.0,101.0,10201.0,LABORAL,13,False
freeze_20260610_192142,baselines_full_20260718,seasonal_naive_daily,3,30,36,2026-02-24 05:30:00,2026-02-24 06:00:00,1,229.0,275.0,46.0,46.0,2116.0,LABORAL,6,False
freeze_20260610_192142,baselines_full_20260718,seasonal_naive_daily,3,30,36,2026-02-25 05:00:00,2026-02-25 05:30:00,1,301.0,312.0,11.0,11.0,121.0,LABORAL,5,False
freeze_20260610_192142,baselines_full_20260718,seasonal_naive_daily,3,30,36,2026-02-25 17:00:00,2026-02-25 17:30:00,1,,35.0,,,,LABORAL,17,True
freeze_20260610_192142,baselines_full_20260718,seasonal_naive_daily,3,30,36,2026-02-26 14:00:00,2026-02-26 14:30:00,1,66.0,153.0,87.0,87.0,7569.0,LABORAL,14,False
freeze_20260610_192142,baselines_full_20260718,seasonal_naive_daily,3,30,36,2026-02-26 16:00:00,2026-02-26 16:30:00,1,47.0,34.0,-13.0,13.0,169.0,LABORAL,16,False
freeze_20260610_192142,baselines_full_20260718,seasonal_naive_daily,3,30,36,2026-02-27 14:30:00,2026-02-27 15:00:00,1,182.0,97.0,-85.0,85.0,7225.0,LABORAL,15,False
freeze_20260610_192142,baselines_full_20260718,seasonal_naive_daily,3,30,36,2026-02-28 08:00:00,2026-02-28 08:30:00,1,158.0,145.0,-13.0,13.0,169.0,SABADO,8,False
freeze_20260610_192142,baselines_full_20260718,seasonal_naive_daily,3,30,36,2026-03-02 16:30:00,2026-03-02 17:00:00,1,52.0,,,,,LABORAL,17,False
freeze_20260610_192142,baselines_full_20260718,seasonal_naive_daily,3,30,37,2026-03-03 14:30:00,2026-03-03 15:00:00,1,143.0,135.0,-8.0,8.0,64.0,LABORAL,15,False
freeze_20260610_192142,baselines_full_20260718,seasonal_naive_daily,3,30,37,2026-03-04 09:30:00,2026-03-04 10:00:00,1,138.0,117.0,-21.0,21.0,441.0,LABORAL,10,False
freeze_20260610_192142,baselines_full_20260718,seasonal_naive_daily,3,30,37,2026-03-04 12:30:00,2026-03-04 13:00:00,1,130.0,178.0,48.0,48.0,2304.0,LABORAL,13,False
freeze_20260610_192142,baselines_full_20260718,seasonal_naive_daily,3,30,37,2026-03-06 07:30:00,2026-03-06 08:00:00,1,63.0,112.0,49.0,49.0,2401.0,LABORAL,8,False
freeze_20260610_192142,baselines_full_20260718,seasonal_naive_daily,3,30,37,2026-03-07 03:30:00,2026-03-07 04:00:00,1,39.0,53.0,14.0,14.0,196.0,SABADO,4,False
freeze_20260610_192142,baselines_full_20260718,seasonal_naive_daily,3,30,37,2026-03-07 14:30:00,2026-03-07 15:00:00,1,80.0,139.0,59.0,59.0,3481.0,SABADO,15,False
freeze_20260610_192142,baselines_full_20260718,seasonal_naive_daily,3,30,37,2026-03-08 11:00:00,2026-03-08 11:30:00,1,47.0,107.0,60.0,60.0,3600.0,DOMINGO,11,False
freeze_20260610_192142,baselines_full_20260718,seasonal_naive_daily,3,30,37,2026-03-08 14:00:00,2026-03-08 14:30:00,1,,71.0,,,,DOMINGO,14,True
freeze_20260610_192142,baselines_full_20260718,seasonal_naive_daily,3,30,37,2026-03-10 12:30:00,2026-03-10 13:00:00,1,133.0,163.0,30.0,30.0,900.0,LABORAL,13,False
freeze_20260610_192142,baselines_full_20260718,seasonal_naive_daily,3,30,37,2026-03-11 07:00:00,2026-03-11 07:30:00,1,157.0,132.0,-25.0,25.0,625.0,LABORAL,7,False
freeze_20260610_192142,baselines_full_20260718,seasonal_naive_daily,3,30,37,2026-03-11 12:00:00,2026-03-11 12:30:00,1,103.0,166.0,63.0,63.0,3969.0,LABORAL,12,False
freeze_20260610_192142,baselines_full_20260718,seasonal_naive_daily,3,30,37,2026-03-12 14:00:00,2026-03-12 14:30:00,1,226.0,111.0,-115.0,115.0,13225.0,LABORAL,14,False
freeze_20260610_192142,baselines_full_20260718,seasonal_naive_daily,3,30,37,2026-03-12 15:30:00,2026-03-12 16:00:00,1,83.0,168.0,85.0,85.0,7225.0,LABORAL,16,False
freeze_20260610_192142,baselines_full_20260718,seasonal_naive_daily,3,30,37,2026-03-15 13:30:00,2026-03-15 14:00:00,1,24.0,122.0,98.0,98.0,9604.0,DOMINGO,14,False
freeze_20260610_192142,baselines_full_20260718,seasonal_naive_daily,3,30,38,2026-03-19 06:30:00,2026-03-19 07:00:00,1,218.0,100.0,-118.0,118.0,13924.0,LABORAL,7,False
freeze_20260610_192142,baselines_full_20260718,seasonal_naive_daily,3,30,38,2026-03-21 12:00:00,2026-03-21 12:30:00,1,61.0,153.0,92.0,92.0,8464.0,SABADO,12,False
freeze_20260610_192142,baselines_full_20260718,seasonal_naive_daily,3,30,38,2026-03-26 04:30:00,2026-03-26 05:00:00,1,243.0,209.0,-34.0,34.0,1156.0,LABORAL,5,False
freeze_20260610_192142,baselines_full_20260718,seasonal_naive_daily,3,30,38,2026-03-29 07:00:00,2026-03-29 07:30:00,1,36.0,101.0,65.0,65.0,4225.0,DOMINGO,7,False
freeze_20260610_192142,baselines_full_20260718,seasonal_naive_daily,3,30,38,2026-03-29 09:00:00,2026-03-29 09:30:00,1,,41.0,,,,DOMINGO,9,True
freeze_20260610_192142,baselines_full_20260718,seasonal_naive_daily,3,30,38,2026-03-29 10:30:00,2026-03-29 11:00:00,1,25.0,89.0,64.0,64.0,4096.0,DOMINGO,11,False
freeze_20260610_192142,baselines_full_20260718,seasonal_naive_daily,3,30,test_final,2026-04-02 04:00:00,2026-04-02 04:30:00,1,,99.0,,,,FESTIVO,4,True
freeze_20260610_192142,baselines_full_20260718,seasonal_naive_daily,3,30,test_final,2026-04-02 05:00:00,2026-04-02 05:30:00,1,,210.0,,,,FESTIVO,5,True
freeze_20260610_192142,baselines_full_20260718,seasonal_naive_daily,3,30,test_final,2026-04-02 12:00:00,2026-04-02 12:30:00,1,46.0,83.0,37.0,37.0,1369.0,FESTIVO,12,False
freeze_20260610_192142,baselines_full_20260718,seasonal_naive_daily,3,30,test_final,2026-04-03 11:00:00,2026-04-03 11:30:00,1,24.0,55.0,31.0,31.0,961.0,FESTIVO,11,False
freeze_20260610_192142,baselines_full_20260718,seasonal_naive_daily,3,30,test_final,2026-04-04 05:30:00,2026-04-04 06:00:00,1,100.0,,,,,SABADO,6,False
freeze_20260610_192142,baselines_full_20260718,seasonal_naive_daily,3,30,test_final,2026-04-04 11:30:00,2026-04-04 12:00:00,1,31.0,,,,,SABADO,12,False
freeze_20260610_192142,baselines_full_20260718,seasonal_naive_daily,3,30,test_final,2026-04-05 09:00:00,2026-04-05 09:30:00,1,30.0,97.0,67.0,67.0,4489.0,DOMINGO,9,False
freeze_20260610_192142,baselines_full_20260718,seasonal_naive_daily,3,30,test_final,2026-04-06 05:30:00,2026-04-06 06:00:00,1,180.0,,,,,LABORAL,6,False
freeze_20260610_192142,baselines_full_20260718,seasonal_naive_daily,3,30,test_final,2026-04-06 08:00:00,2026-04-06 08:30:00,1,117.0,22.0,-95.0,95.0,9025.0,LABORAL,8,False
freeze_20260610_192142,baselines_full_20260718,seasonal_naive_daily,3,30,test_final,2026-04-06 16:30:00,2026-04-06 17:00:00,1,,,,,,LABORAL,17,True
freeze_20260610_192142,baselines_full_20260718,seasonal_naive_daily,3,30,test_final,2026-04-08 13:00:00,2026-04-08 13:30:00,1,186.0,150.0,-36.0,36.0,1296.0,LABORAL,13,False
freeze_20260610_192142,baselines_full_20260718,seasonal_naive_daily,3,30,test_final,2026-04-09 06:00:00,2026-04-09 06:30:00,1,126.0,162.0,36.0,36.0,1296.0,LABORAL,6,False
freeze_20260610_192142,baselines_full_20260718,seasonal_naive_daily,3,30,test_final,2026-04-10 08:00:00,2026-04-10 08:30:00,1,170.0,120.0,-50.0,50.0,2500.0,LABORAL,8,False
freeze_20260610_192142,baselines_full_20260718,seasonal_naive_daily,3,30,test_final,2026-04-10 17:30:00,2026-04-10 18:00:00,1,,,,,,LABORAL,18,True
freeze_20260610_192142,baselines_full_20260718,seasonal_naive_daily,3,30,test_final,2026-04-11 05:30:00,2026-04-11 06:00:00,1,161.0,416.0,255.0,255.0,65025.0,SABADO,6,False
freeze_20260610_192142,baselines_full_20260718,seasonal_naive_daily,3,30,test_final,2026-04-11 09:00:00,2026-04-11 09:30:00,1,89.0,78.0,-11.0,11.0,121.0,SABADO,9,False
freeze_20260610_192142,baselines_full_20260718,seasonal_naive_daily,3,30,test_final,2026-04-11 12:30:00,2026-04-11 13:00:00,1,25.0,135.0,110.0,110.0,12100.0,SABADO,13,False
freeze_20260610_192142,baselines_full_20260718,seasonal_naive_daily,3,30,test_final,2026-04-12 10:00:00,2026-04-12 10:30:00,1,,121.0,,,,DOMINGO,10,True
freeze_20260610_192142,baselines_full_20260718,seasonal_naive_daily,3,30,test_final,2026-04-12 10:30:00,2026-04-12 11:00:00,1,25.0,101.0,76.0,76.0,5776.0,DOMINGO,11,False
freeze_20260610_192142,baselines_full_20260718,seasonal_naive_daily,3,30,test_final,2026-04-12 14:00:00,2026-04-12 14:30:00,1,,,,,,DOMINGO,14,True
freeze_20260610_192142,baselines_full_20260718,seasonal_naive_daily,3,30,test_final,2026-04-13 10:30:00,2026-04-13 11:00:00,1,48.0,25.0,-23.0,23.0,529.0,LABORAL,11,False
freeze_20260610_192142,baselines_full_20260718,seasonal_naive_daily,3,30,test_final,2026-04-13 13:30:00,2026-04-13 14:00:00,1,121.0,25.0,-96.0,96.0,9216.0,LABORAL,14,False
freeze_20260610_192142,baselines_full_20260718,seasonal_naive_daily,3,30,test_final,2026-04-15 08:00:00,2026-04-15 08:30:00,1,175.0,139.0,-36.0,36.0,1296.0,LABORAL,8,False
freeze_20260610_192142,baselines_full_20260718,seasonal_naive_daily,3,30,test_final,2026-04-16 17:00:00,2026-04-16 17:30:00,1,,,,,,LABORAL,17,True
freeze_20260610_192142,baselines_full_20260718,seasonal_naive_daily,3,30,test_final,2026-04-18 11:30:00,2026-04-18 12:00:00,1,83.0,196.0,113.0,113.0,12769.0,SABADO,12,False
freeze_20260610_192142,baselines_full_20260718,seasonal_naive_daily,3,30,test_final,2026-04-20 08:00:00,2026-04-20 08:30:00,1,84.0,,,,,LABORAL,8,False
freeze_20260610_192142,baselines_full_20260718,seasonal_naive_daily,3,30,test_final,2026-04-21 04:00:00,2026-04-21 04:30:00,1,182.0,82.0,-100.0,100.0,10000.0,LABORAL,4,False
freeze_20260610_192142,baselines_full_20260718,seasonal_naive_daily,3,30,test_final,2026-04-23 07:30:00,2026-04-23 08:00:00,1,119.0,84.0,-35.0,35.0,1225.0,LABORAL,8,False
freeze_20260610_192142,baselines_full_20260718,seasonal_naive_daily,3,30,test_final,2026-04-23 17:00:00,2026-04-23 17:30:00,1,,,,,,LABORAL,17,True
freeze_20260610_192142,baselines_full_20260718,seasonal_naive_daily,3,30,test_final,2026-04-25 04:30:00,2026-04-25 05:00:00,1,176.0,248.0,72.0,72.0,5184.0,SABADO,5,False
freeze_20260610_192142,baselines_full_20260718,seasonal_naive_daily,3,30,test_final,2026-04-25 14:30:00,2026-04-25 15:00:00,1,56.0,175.0,119.0,119.0,14161.0,SABADO,15,False
freeze_20260610_192142,baselines_full_20260718,seasonal_naive_daily,3,30,test_final,2026-04-25 17:00:00,2026-04-25 17:30:00,1,,,,,,SABADO,17,True
freeze_20260610_192142,baselines_full_20260718,seasonal_naive_daily,3,30,test_final,2026-04-28 05:00:00,2026-04-28 05:30:00,1,201.0,244.0,43.0,43.0,1849.0,LABORAL,5,False
freeze_20260610_192142,baselines_full_20260718,seasonal_naive_daily,3,30,test_final,2026-04-28 06:30:00,2026-04-28 07:00:00,1,185.0,77.0,-108.0,108.0,11664.0,LABORAL,7,False
freeze_20260610_192142,baselines_full_20260718,seasonal_naive_daily,3,30,test_final,2026-04-28 12:00:00,2026-04-28 12:30:00,1,164.0,105.0,-59.0,59.0,3481.0,LABORAL,12,False
freeze_20260610_192142,baselines_full_20260718,seasonal_naive_daily,3,30,test_final,2026-04-28 14:00:00,2026-04-28 14:30:00,1,109.0,222.0,113.0,113.0,12769.0,LABORAL,14,False
freeze_20260610_192142,baselines_full_20260718,seasonal_naive_daily,3,30,test_final,2026-04-29 03:30:00,2026-04-29 04:00:00,1,51.0,35.0,-16.0,16.0,256.0,LABORAL,4,False
freeze_20260610_192142,baselines_full_20260718,seasonal_naive_daily,3,30,test_final,2026-04-29 12:30:00,2026-04-29 13:00:00,1,112.0,99.0,-13.0,13.0,169.0,LABORAL,13,False
freeze_20260610_192142,baselines_full_20260718,seasonal_naive_daily,3,30,test_final,2026-04-30 09:30:00,2026-04-30 10:00:00,1,146.0,88.0,-58.0,58.0,3364.0,LABORAL,10,False
freeze_20260610_192142,baselines_full_20260718,seasonal_naive_daily,3,30,test_final,2026-05-02 10:30:00,2026-05-02 11:00:00,1,83.0,25.0,-58.0,58.0,3364.0,SABADO,11,False
freeze_20260610_192142,baselines_full_20260718,seasonal_naive_daily,3,30,test_final,2026-05-04 03:30:00,2026-05-04 04:00:00,1,74.0,,,,,LABORAL,4,False
freeze_20260610_192142,baselines_full_20260718,seasonal_naive_daily,3,30,test_final,2026-05-04 11:00:00,2026-05-04 11:30:00,1,195.0,27.0,-168.0,168.0,28224.0,LABORAL,11,False
freeze_20260610_192142,baselines_full_20260718,seasonal_naive_daily,3,30,test_final,2026-05-07 12:30:00,2026-05-07 13:00:00,1,188.0,143.0,-45.0,45.0,2025.0,LABORAL,13,False
freeze_20260610_192142,baselines_full_20260718,seasonal_naive_daily,3,30,test_final,2026-05-08 15:30:00,2026-05-08 16:00:00,1,49.0,121.0,72.0,72.0,5184.0,LABORAL,16,False
freeze_20260610_192142,baselines_full_20260718,seasonal_naive_daily,3,30,test_final,2026-05-17 10:00:00,2026-05-17 10:30:00,1,47.0,155.0,108.0,108.0,11664.0,DOMINGO,10,False
freeze_20260610_192142,baselines_full_20260718,seasonal_naive_daily,3,30,test_final,2026-05-17 12:00:00,2026-05-17 12:30:00,1,28.0,112.0,84.0,84.0,7056.0,DOMINGO,12,False
freeze_20260610_192142,baselines_full_20260718,seasonal_naive_daily,3,30,test_final,2026-05-18 10:30:00,2026-05-18 11:00:00,1,26.0,25.0,-1.0,1.0,1.0,FESTIVO_PUENTE,11,False
freeze_20260610_192142,baselines_full_20260718,seasonal_naive_daily,3,30,test_final,2026-05-18 16:30:00,2026-05-18 17:00:00,1,,,,,,FESTIVO_PUENTE,17,True
freeze_20260610_192142,baselines_full_20260718,seasonal_naive_daily,3,30,test_final,2026-05-20 06:00:00,2026-05-20 06:30:00,1,284.0,178.0,-106.0,106.0,11236.0,LABORAL,6,False
freeze_20260610_192142,baselines_full_20260718,seasonal_naive_daily,3,30,test_final,2026-05-20 07:00:00,2026-05-20 07:30:00,1,139.0,108.0,-31.0,31.0,961.0,LABORAL,7,False
freeze_20260610_192142,baselines_full_20260718,seasonal_naive_daily,3,30,test_final,2026-05-20 12:00:00,2026-05-20 12:30:00,1,151.0,142.0,-9.0,9.0,81.0,LABORAL,12,False
freeze_20260610_192142,baselines_full_20260718,seasonal_naive_daily,3,30,test_final,2026-05-23 10:30:00,2026-05-23 11:00:00,1,68.0,74.0,6.0,6.0,36.0,SABADO,11,False
freeze_20260610_192142,baselines_full_20260718,seasonal_naive_daily,3,30,test_final,2026-05-24 04:30:00,2026-05-24 05:00:00,1,,143.0,,,,DOMINGO,5,True
freeze_20260610_192142,baselines_full_20260718,seasonal_naive_daily,3,30,test_final,2026-05-24 09:30:00,2026-05-24 10:00:00,1,22.0,53.0,31.0,31.0,961.0,DOMINGO,10,False
freeze_20260610_192142,baselines_full_20260718,seasonal_naive_daily,3,30,test_final,2026-05-24 11:30:00,2026-05-24 12:00:00,1,32.0,85.0,53.0,53.0,2809.0,DOMINGO,12,False
freeze_20260610_192142,baselines_full_20260718,seasonal_naive_daily,3,30,test_final,2026-05-27 07:30:00,2026-05-27 08:00:00,1,119.0,159.0,40.0,40.0,1600.0,LABORAL,8,False
freeze_20260610_192142,baselines_full_20260718,seasonal_naive_daily,3,30,test_final,2026-05-28 12:30:00,2026-05-28 13:00:00,1,93.0,76.0,-17.0,17.0,289.0,LABORAL,13,False
freeze_20260610_192142,baselines_full_20260718,seasonal_naive_daily,3,30,test_final,2026-05-28 15:00:00,2026-05-28 15:30:00,1,128.0,69.0,-59.0,59.0,3481.0,LABORAL,15,False
freeze_20260610_192142,baselines_full_20260718,seasonal_naive_daily,3,30,test_final,2026-05-30 06:00:00,2026-05-30 06:30:00,1,210.0,257.0,47.0,47.0,2209.0,SABADO,6,False
freeze_20260610_192142,baselines_full_20260718,seasonal_naive_daily,3,30,test_final,2026-05-30 16:00:00,2026-05-30 16:30:00,1,,75.0,,,,SABADO,16,True
freeze_20260610_192142,baselines_full_20260718,seasonal_naive_daily,3,30,test_final,2026-05-31 04:30:00,2026-05-31 05:00:00,1,,105.0,,,,DOMINGO,5,True
freeze_20260610_192142,baselines_full_20260718,seasonal_naive_daily,3,30,test_final,2026-05-31 06:30:00,2026-05-31 07:00:00,1,29.0,142.0,113.0,113.0,12769.0,DOMINGO,7,False
freeze_20260610_192142,baselines_full_20260718,seasonal_naive_daily,3,30,test_final,2026-05-31 13:30:00,2026-05-31 14:00:00,1,24.0,54.0,30.0,30.0,900.0,DOMINGO,14,False
freeze_20260610_192142,baselines_full_20260718,seasonal_naive_daily,3,30,test_final,2026-05-31 16:30:00,2026-05-31 17:00:00,1,,,,,,DOMINGO,17,True
freeze_20260610_192142,baselines_full_20260718,seasonal_naive_daily,3,30,test_final,2026-06-01 10:00:00,2026-06-01 10:30:00,1,,,,,,LABORAL,10,True
freeze_20260610_192142,baselines_full_20260718,seasonal_naive_daily,3,30,test_final,2026-06-01 10:30:00,2026-06-01 11:00:00,1,74.0,25.0,-49.0,49.0,2401.0,LABORAL,11,False
freeze_20260610_192142,baselines_full_20260718,seasonal_naive_daily,3,30,test_final,2026-06-03 10:00:00,2026-06-03 10:30:00,1,121.0,161.0,40.0,40.0,1600.0,LABORAL,10,False
freeze_20260610_192142,baselines_full_20260718,seasonal_naive_daily,3,30,test_final,2026-06-04 07:00:00,2026-06-04 07:30:00,1,117.0,155.0,38.0,38.0,1444.0,LABORAL,7,False
freeze_20260610_192142,baselines_full_20260718,seasonal_naive_daily,3,30,test_final,2026-06-04 08:00:00,2026-06-04 08:30:00,1,183.0,153.0,-30.0,30.0,900.0,LABORAL,8,False
freeze_20260610_192142,baselines_full_20260718,seasonal_naive_daily,3,30,test_final,2026-06-04 11:30:00,2026-06-04 12:00:00,1,133.0,163.0,30.0,30.0,900.0,LABORAL,12,False
freeze_20260610_192142,baselines_full_20260718,seasonal_naive_daily,3,30,test_final,2026-06-04 16:00:00,2026-06-04 16:30:00,1,73.0,46.0,-27.0,27.0,729.0,LABORAL,16,False
freeze_20260610_192142,baselines_full_20260718,seasonal_naive_daily,3,30,test_final,2026-06-05 13:00:00,2026-06-05 13:30:00,1,158.0,134.0,-24.0,24.0,576.0,LABORAL,13,False
freeze_20260610_192142,baselines_full_20260718,seasonal_naive_daily,3,30,test_final,2026-06-06 09:00:00,2026-06-06 09:30:00,1,93.0,59.0,-34.0,34.0,1156.0,SABADO,9,False
freeze_20260610_192142,baselines_full_20260718,seasonal_naive_daily,3,30,test_final,2026-06-06 10:00:00,2026-06-06 10:30:00,1,96.0,112.0,16.0,16.0,256.0,SABADO,10,False
freeze_20260610_192142,baselines_full_20260718,seasonal_naive_daily,3,30,test_final,2026-06-07 16:00:00,2026-06-07 16:30:00,1,,,,,,DOMINGO,16,True
freeze_20260610_192142,baselines_full_20260718,seasonal_naive_daily,3,30,test_final,2026-06-08 11:30:00,2026-06-08 12:00:00,1,,25.0,,,,FESTIVO_PUENTE,12,True
freeze_20260610_192142,baselines_full_20260718,seasonal_naive_weekly,1,30,1,2024-10-16 05:30:00,2024-10-16 06:00:00,1,225.0,215.0,-10.0,10.0,100.0,LABORAL,6,False
freeze_20260610_192142,baselines_full_20260718,seasonal_naive_weekly,1,30,1,2024-10-16 15:00:00,2024-10-16 15:30:00,1,177.0,179.0,2.0,2.0,4.0,LABORAL,15,False
freeze_20260610_192142,baselines_full_20260718,seasonal_naive_weekly,1,30,1,2024-10-18 06:00:00,2024-10-18 06:30:00,1,154.0,107.0,-47.0,47.0,2209.0,LABORAL,6,False
freeze_20260610_192142,baselines_full_20260718,seasonal_naive_weekly,1,30,1,2024-10-20 14:30:00,2024-10-20 15:00:00,1,20.0,33.0,13.0,13.0,169.0,DOMINGO,15,False
freeze_20260610_192142,baselines_full_20260718,seasonal_naive_weekly,1,30,1,2024-10-21 12:00:00,2024-10-21 12:30:00,1,277.0,,,,,LABORAL,12,False
freeze_20260610_192142,baselines_full_20260718,seasonal_naive_weekly,1,30,1,2024-10-22 07:30:00,2024-10-22 08:00:00,1,188.0,211.0,23.0,23.0,529.0,LABORAL,8,False
freeze_20260610_192142,baselines_full_20260718,seasonal_naive_weekly,1,30,1,2024-10-22 15:30:00,2024-10-22 16:00:00,1,169.0,170.0,1.0,1.0,1.0,LABORAL,16,False
freeze_20260610_192142,baselines_full_20260718,seasonal_naive_weekly,1,30,1,2024-10-23 04:30:00,2024-10-23 05:00:00,1,190.0,188.0,-2.0,2.0,4.0,LABORAL,5,False
freeze_20260610_192142,baselines_full_20260718,seasonal_naive_weekly,1,30,1,2024-10-23 14:30:00,2024-10-23 15:00:00,1,254.0,289.0,35.0,35.0,1225.0,LABORAL,15,False
freeze_20260610_192142,baselines_full_20260718,seasonal_naive_weekly,1,30,1,2024-10-23 17:00:00,2024-10-23 17:30:00,1,,32.0,,,,LABORAL,17,True
freeze_20260610_192142,baselines_full_20260718,seasonal_naive_weekly,1,30,1,2024-10-24 16:00:00,2024-10-24 16:30:00,1,159.0,218.0,59.0,59.0,3481.0,LABORAL,16,False
freeze_20260610_192142,baselines_full_20260718,seasonal_naive_weekly,1,30,1,2024-10-25 11:30:00,2024-10-25 12:00:00,1,121.0,184.0,63.0,63.0,3969.0,LABORAL,12,False
freeze_20260610_192142,baselines_full_20260718,seasonal_naive_weekly,1,30,1,2024-10-25 16:30:00,2024-10-25 17:00:00,1,86.0,127.0,41.0,41.0,1681.0,LABORAL,17,False
freeze_20260610_192142,baselines_full_20260718,seasonal_naive_weekly,1,30,1,2024-10-26 05:30:00,2024-10-26 06:00:00,1,139.0,140.0,1.0,1.0,1.0,SABADO,6,False
freeze_20260610_192142,baselines_full_20260718,seasonal_naive_weekly,1,30,1,2024-10-26 07:30:00,2024-10-26 08:00:00,1,169.0,91.0,-78.0,78.0,6084.0,SABADO,8,False
freeze_20260610_192142,baselines_full_20260718,seasonal_naive_weekly,1,30,2,2024-10-30 13:30:00,2024-10-30 14:00:00,1,202.0,201.0,-1.0,1.0,1.0,LABORAL,14,False
freeze_20260610_192142,baselines_full_20260718,seasonal_naive_weekly,1,30,2,2024-11-01 15:00:00,2024-11-01 15:30:00,1,155.0,223.0,68.0,68.0,4624.0,LABORAL,15,False
freeze_20260610_192142,baselines_full_20260718,seasonal_naive_weekly,1,30,2,2024-11-03 15:00:00,2024-11-03 15:30:00,1,40.0,35.0,-5.0,5.0,25.0,DOMINGO,15,False
freeze_20260610_192142,baselines_full_20260718,seasonal_naive_weekly,1,30,2,2024-11-04 05:30:00,2024-11-04 06:00:00,1,,249.0,,,,FESTIVO_PUENTE,6,True
freeze_20260610_192142,baselines_full_20260718,seasonal_naive_weekly,1,30,2,2024-11-04 09:30:00,2024-11-04 10:00:00,1,21.0,101.0,80.0,80.0,6400.0,FESTIVO_PUENTE,10,False
freeze_20260610_192142,baselines_full_20260718,seasonal_naive_weekly,1,30,2,2024-11-05 04:00:00,2024-11-05 04:30:00,1,190.0,176.0,-14.0,14.0,196.0,LABORAL,4,False
freeze_20260610_192142,baselines_full_20260718,seasonal_naive_weekly,1,30,2,2024-11-06 06:00:00,2024-11-06 06:30:00,1,112.0,158.0,46.0,46.0,2116.0,LABORAL,6,False
freeze_20260610_192142,baselines_full_20260718,seasonal_naive_weekly,1,30,2,2024-11-07 09:00:00,2024-11-07 09:30:00,1,196.0,161.0,-35.0,35.0,1225.0,LABORAL,9,False
freeze_20260610_192142,baselines_full_20260718,seasonal_naive_weekly,1,30,2,2024-11-08 15:30:00,2024-11-08 16:00:00,1,188.0,247.0,59.0,59.0,3481.0,LABORAL,16,False
freeze_20260610_192142,baselines_full_20260718,seasonal_naive_weekly,1,30,2,2024-11-09 05:00:00,2024-11-09 05:30:00,1,167.0,117.0,-50.0,50.0,2500.0,SABADO,5,False
freeze_20260610_192142,baselines_full_20260718,seasonal_naive_weekly,1,30,2,2024-11-09 05:30:00,2024-11-09 06:00:00,1,140.0,157.0,17.0,17.0,289.0,SABADO,6,False
freeze_20260610_192142,baselines_full_20260718,seasonal_naive_weekly,1,30,2,2024-11-11 08:30:00,2024-11-11 09:00:00,1,43.0,36.0,-7.0,7.0,49.0,FESTIVO_PUENTE,9,False
freeze_20260610_192142,baselines_full_20260718,seasonal_naive_weekly,1,30,2,2024-11-11 14:30:00,2024-11-11 15:00:00,1,48.0,29.0,-19.0,19.0,361.0,FESTIVO_PUENTE,15,False
freeze_20260610_192142,baselines_full_20260718,seasonal_naive_weekly,1,30,3,2024-11-12 14:00:00,2024-11-12 14:30:00,1,190.0,189.0,-1.0,1.0,1.0,LABORAL,14,False
freeze_20260610_192142,baselines_full_20260718,seasonal_naive_weekly,1,30,3,2024-11-13 04:00:00,2024-11-13 04:30:00,1,177.0,152.0,-25.0,25.0,625.0,LABORAL,4,False
freeze_20260610_192142,baselines_full_20260718,seasonal_naive_weekly,1,30,3,2024-11-13 07:00:00,2024-11-13 07:30:00,1,186.0,62.0,-124.0,124.0,15376.0,LABORAL,7,False
freeze_20260610_192142,baselines_full_20260718,seasonal_naive_weekly,1,30,3,2024-11-14 16:30:00,2024-11-14 17:00:00,1,112.0,130.0,18.0,18.0,324.0,LABORAL,17,False
freeze_20260610_192142,baselines_full_20260718,seasonal_naive_weekly,1,30,3,2024-11-16 12:30:00,2024-11-16 13:00:00,1,121.0,86.0,-35.0,35.0,1225.0,SABADO,13,False
freeze_20260610_192142,baselines_full_20260718,seasonal_naive_weekly,1,30,3,2024-11-17 14:00:00,2024-11-17 14:30:00,1,67.0,57.0,-10.0,10.0,100.0,DOMINGO,14,False
freeze_20260610_192142,baselines_full_20260718,seasonal_naive_weekly,1,30,3,2024-11-19 11:30:00,2024-11-19 12:00:00,1,181.0,138.0,-43.0,43.0,1849.0,LABORAL,12,False
freeze_20260610_192142,baselines_full_20260718,seasonal_naive_weekly,1,30,3,2024-11-20 10:30:00,2024-11-20 11:00:00,1,105.0,83.0,-22.0,22.0,484.0,LABORAL,11,False
freeze_20260610_192142,baselines_full_20260718,seasonal_naive_weekly,1,30,3,2024-11-22 10:00:00,2024-11-22 10:30:00,1,101.0,147.0,46.0,46.0,2116.0,LABORAL,10,False
freeze_20260610_192142,baselines_full_20260718,seasonal_naive_weekly,1,30,3,2024-11-22 11:30:00,2024-11-22 12:00:00,1,110.0,131.0,21.0,21.0,441.0,LABORAL,12,False
freeze_20260610_192142,baselines_full_20260718,seasonal_naive_weekly,1,30,4,2024-11-26 06:00:00,2024-11-26 06:30:00,1,214.0,171.0,-43.0,43.0,1849.0,LABORAL,6,False
freeze_20260610_192142,baselines_full_20260718,seasonal_naive_weekly,1,30,4,2024-11-26 08:30:00,2024-11-26 09:00:00,1,156.0,184.0,28.0,28.0,784.0,LABORAL,9,False
freeze_20260610_192142,baselines_full_20260718,seasonal_naive_weekly,1,30,4,2024-11-26 10:00:00,2024-11-26 10:30:00,1,227.0,169.0,-58.0,58.0,3364.0,LABORAL,10,False
freeze_20260610_192142,baselines_full_20260718,seasonal_naive_weekly,1,30,4,2024-11-26 14:00:00,2024-11-26 14:30:00,1,181.0,222.0,41.0,41.0,1681.0,LABORAL,14,False
freeze_20260610_192142,baselines_full_20260718,seasonal_naive_weekly,1,30,4,2024-11-30 04:30:00,2024-11-30 05:00:00,1,104.0,85.0,-19.0,19.0,361.0,SABADO,5,False
freeze_20260610_192142,baselines_full_20260718,seasonal_naive_weekly,1,30,4,2024-11-30 16:00:00,2024-11-30 16:30:00,1,123.0,42.0,-81.0,81.0,6561.0,SABADO,16,False
freeze_20260610_192142,baselines_full_20260718,seasonal_naive_weekly,1,30,4,2024-12-01 04:30:00,2024-12-01 05:00:00,1,,,,,,DOMINGO,5,True
freeze_20260610_192142,baselines_full_20260718,seasonal_naive_weekly,1,30,4,2024-12-01 09:30:00,2024-12-01 10:00:00,1,56.0,,,,,DOMINGO,10,False
freeze_20260610_192142,baselines_full_20260718,seasonal_naive_weekly,1,30,4,2024-12-01 13:30:00,2024-12-01 14:00:00,1,38.0,28.0,-10.0,10.0,100.0,DOMINGO,14,False
freeze_20260610_192142,baselines_full_20260718,seasonal_naive_weekly,1,30,4,2024-12-02 09:30:00,2024-12-02 10:00:00,1,140.0,181.0,41.0,41.0,1681.0,LABORAL,10,False
freeze_20260610_192142,baselines_full_20260718,seasonal_naive_weekly,1,30,4,2024-12-03 05:00:00,2024-12-03 05:30:00,1,191.0,226.0,35.0,35.0,1225.0,LABORAL,5,False
freeze_20260610_192142,baselines_full_20260718,seasonal_naive_weekly,1,30,4,2024-12-04 13:00:00,2024-12-04 13:30:00,1,188.0,170.0,-18.0,18.0,324.0,LABORAL,13,False
freeze_20260610_192142,baselines_full_20260718,seasonal_naive_weekly,1,30,4,2024-12-04 17:00:00,2024-12-04 17:30:00,1,,63.0,,,,LABORAL,17,True
freeze_20260610_192142,baselines_full_20260718,seasonal_naive_weekly,1,30,4,2024-12-05 12:00:00,2024-12-05 12:30:00,1,171.0,187.0,16.0,16.0,256.0,LABORAL,12,False
freeze_20260610_192142,baselines_full_20260718,seasonal_naive_weekly,1,30,4,2024-12-06 17:00:00,2024-12-06 17:30:00,1,91.0,58.0,-33.0,33.0,1089.0,LABORAL,17,False
freeze_20260610_192142,baselines_full_20260718,seasonal_naive_weekly,1,30,4,2024-12-08 17:00:00,2024-12-08 17:30:00,1,,,,,,FESTIVO,17,True
freeze_20260610_192142,baselines_full_20260718,seasonal_naive_weekly,1,30,4,2024-12-09 09:00:00,2024-12-09 09:30:00,1,134.0,184.0,50.0,50.0,2500.0,LABORAL,9,False
freeze_20260610_192142,baselines_full_20260718,seasonal_naive_weekly,1,30,4,2024-12-09 14:30:00,2024-12-09 15:00:00,1,222.0,114.0,-108.0,108.0,11664.0,LABORAL,15,False
freeze_20260610_192142,baselines_full_20260718,seasonal_naive_weekly,1,30,4,2024-12-09 16:00:00,2024-12-09 16:30:00,1,97.0,160.0,63.0,63.0,3969.0,LABORAL,16,False
freeze_20260610_192142,baselines_full_20260718,seasonal_naive_weekly,1,30,5,2024-12-11 10:30:00,2024-12-11 11:00:00,1,141.0,112.0,-29.0,29.0,841.0,LABORAL,11,False
freeze_20260610_192142,baselines_full_20260718,seasonal_naive_weekly,1,30,5,2024-12-13 10:30:00,2024-12-13 11:00:00,1,62.0,72.0,10.0,10.0,100.0,LABORAL,11,False
freeze_20260610_192142,baselines_full_20260718,seasonal_naive_weekly,1,30,5,2024-12-13 14:00:00,2024-12-13 14:30:00,1,176.0,193.0,17.0,17.0,289.0,LABORAL,14,False
freeze_20260610_192142,baselines_full_20260718,seasonal_naive_weekly,1,30,5,2024-12-14 08:00:00,2024-12-14 08:30:00,1,107.0,61.0,-46.0,46.0,2116.0,SABADO,8,False
freeze_20260610_192142,baselines_full_20260718,seasonal_naive_weekly,1,30,5,2024-12-15 12:00:00,2024-12-15 12:30:00,1,32.0,,,,,DOMINGO,12,False
freeze_20260610_192142,baselines_full_20260718,seasonal_naive_weekly,1,30,5,2024-12-15 15:30:00,2024-12-15 16:00:00,1,,55.0,,,,DOMINGO,16,True
freeze_20260610_192142,baselines_full_20260718,seasonal_naive_weekly,1,30,5,2024-12-18 07:30:00,2024-12-18 08:00:00,1,153.0,117.0,-36.0,36.0,1296.0,LABORAL,8,False
freeze_20260610_192142,baselines_full_20260718,seasonal_naive_weekly,1,30,5,2024-12-18 11:00:00,2024-12-18 11:30:00,1,108.0,130.0,22.0,22.0,484.0,LABORAL,11,False
freeze_20260610_192142,baselines_full_20260718,seasonal_naive_weekly,1,30,5,2024-12-19 11:00:00,2024-12-19 11:30:00,1,132.0,107.0,-25.0,25.0,625.0,LABORAL,11,False
freeze_20260610_192142,baselines_full_20260718,seasonal_naive_weekly,1,30,5,2024-12-19 14:30:00,2024-12-19 15:00:00,1,212.0,220.0,8.0,8.0,64.0,LABORAL,15,False
freeze_20260610_192142,baselines_full_20260718,seasonal_naive_weekly,1,30,5,2024-12-20 04:00:00,2024-12-20 04:30:00,1,148.0,153.0,5.0,5.0,25.0,LABORAL,4,False
freeze_20260610_192142,baselines_full_20260718,seasonal_naive_weekly,1,30,5,2024-12-20 08:00:00,2024-12-20 08:30:00,1,188.0,142.0,-46.0,46.0,2116.0,LABORAL,8,False
freeze_20260610_192142,baselines_full_20260718,seasonal_naive_weekly,1,30,6,2024-12-24 05:30:00,2024-12-24 06:00:00,1,151.0,183.0,32.0,32.0,1024.0,LABORAL,6,False
freeze_20260610_192142,baselines_full_20260718,seasonal_naive_weekly,1,30,6,2024-12-24 07:00:00,2024-12-24 07:30:00,1,160.0,164.0,4.0,4.0,16.0,LABORAL,7,False
freeze_20260610_192142,baselines_full_20260718,seasonal_naive_weekly,1,30,6,2024-12-26 06:00:00,2024-12-26 06:30:00,1,149.0,205.0,56.0,56.0,3136.0,LABORAL,6,False
freeze_20260610_192142,baselines_full_20260718,seasonal_naive_weekly,1,30,6,2024-12-27 06:30:00,2024-12-27 07:00:00,1,200.0,139.0,-61.0,61.0,3721.0,LABORAL,7,False
freeze_20260610_192142,baselines_full_20260718,seasonal_naive_weekly,1,30,6,2024-12-28 04:30:00,2024-12-28 05:00:00,1,79.0,107.0,28.0,28.0,784.0,SABADO,5,False
freeze_20260610_192142,baselines_full_20260718,seasonal_naive_weekly,1,30,6,2024-12-28 17:00:00,2024-12-28 17:30:00,1,,,,,,SABADO,17,True
freeze_20260610_192142,baselines_full_20260718,seasonal_naive_weekly,1,30,6,2024-12-29 14:00:00,2024-12-29 14:30:00,1,42.0,,,,,DOMINGO,14,False
freeze_20260610_192142,baselines_full_20260718,seasonal_naive_weekly,1,30,6,2024-12-29 15:30:00,2024-12-29 16:00:00,1,60.0,55.0,-5.0,5.0,25.0,DOMINGO,16,False
freeze_20260610_192142,baselines_full_20260718,seasonal_naive_weekly,1,30,6,2024-12-30 11:00:00,2024-12-30 11:30:00,1,136.0,110.0,-26.0,26.0,676.0,LABORAL,11,False
freeze_20260610_192142,baselines_full_20260718,seasonal_naive_weekly,1,30,6,2025-01-01 05:30:00,2025-01-01 06:00:00,1,,,,,,FESTIVO,6,True
freeze_20260610_192142,baselines_full_20260718,seasonal_naive_weekly,1,30,6,2025-01-02 08:30:00,2025-01-02 09:00:00,1,127.0,148.0,21.0,21.0,441.0,LABORAL,9,False
freeze_20260610_192142,baselines_full_20260718,seasonal_naive_weekly,1,30,6,2025-01-04 11:00:00,2025-01-04 11:30:00,1,94.0,47.0,-47.0,47.0,2209.0,SABADO,11,False
freeze_20260610_192142,baselines_full_20260718,seasonal_naive_weekly,1,30,6,2025-01-06 14:30:00,2025-01-06 15:00:00,1,52.0,60.0,8.0,8.0,64.0,FESTIVO_PUENTE,15,False
freeze_20260610_192142,baselines_full_20260718,seasonal_naive_weekly,1,30,7,2025-01-07 09:00:00,2025-01-07 09:30:00,1,114.0,173.0,59.0,59.0,3481.0,LABORAL,9,False
freeze_20260610_192142,baselines_full_20260718,seasonal_naive_weekly,1,30,7,2025-01-08 05:00:00,2025-01-08 05:30:00,1,149.0,,,,,LABORAL,5,False
freeze_20260610_192142,baselines_full_20260718,seasonal_naive_weekly,1,30,7,2025-01-08 16:00:00,2025-01-08 16:30:00,1,91.0,,,,,LABORAL,16,False
freeze_20260610_192142,baselines_full_20260718,seasonal_naive_weekly,1,30,7,2025-01-09 08:00:00,2025-01-09 08:30:00,1,179.0,77.0,-102.0,102.0,10404.0,LABORAL,8,False
freeze_20260610_192142,baselines_full_20260718,seasonal_naive_weekly,1,30,7,2025-01-12 11:00:00,2025-01-12 11:30:00,1,23.0,13.0,-10.0,10.0,100.0,DOMINGO,11,False
freeze_20260610_192142,baselines_full_20260718,seasonal_naive_weekly,1,30,7,2025-01-14 09:30:00,2025-01-14 10:00:00,1,110.0,163.0,53.0,53.0,2809.0,LABORAL,10,False
freeze_20260610_192142,baselines_full_20260718,seasonal_naive_weekly,1,30,7,2025-01-14 15:00:00,2025-01-14 15:30:00,1,128.0,143.0,15.0,15.0,225.0,LABORAL,15,False
freeze_20260610_192142,baselines_full_20260718,seasonal_naive_weekly,1,30,7,2025-01-15 06:00:00,2025-01-15 06:30:00,1,131.0,155.0,24.0,24.0,576.0,LABORAL,6,False
freeze_20260610_192142,baselines_full_20260718,seasonal_naive_weekly,1,30,7,2025-01-16 08:30:00,2025-01-16 09:00:00,1,177.0,106.0,-71.0,71.0,5041.0,LABORAL,9,False
freeze_20260610_192142,baselines_full_20260718,seasonal_naive_weekly,1,30,7,2025-01-18 05:30:00,2025-01-18 06:00:00,1,159.0,112.0,-47.0,47.0,2209.0,SABADO,6,False
freeze_20260610_192142,baselines_full_20260718,seasonal_naive_weekly,1,30,7,2025-01-18 08:30:00,2025-01-18 09:00:00,1,95.0,101.0,6.0,6.0,36.0,SABADO,9,False
freeze_20260610_192142,baselines_full_20260718,seasonal_naive_weekly,1,30,7,2025-01-20 15:30:00,2025-01-20 16:00:00,1,152.0,185.0,33.0,33.0,1089.0,LABORAL,16,False
freeze_20260610_192142,baselines_full_20260718,seasonal_naive_weekly,1,30,8,2025-01-22 09:30:00,2025-01-22 10:00:00,1,79.0,99.0,20.0,20.0,400.0,LABORAL,10,False
freeze_20260610_192142,baselines_full_20260718,seasonal_naive_weekly,1,30,8,2025-01-23 09:30:00,2025-01-23 10:00:00,1,84.0,114.0,30.0,30.0,900.0,LABORAL,10,False
freeze_20260610_192142,baselines_full_20260718,seasonal_naive_weekly,1,30,8,2025-01-23 17:30:00,2025-01-23 18:00:00,1,,,,,,LABORAL,18,True
freeze_20260610_192142,baselines_full_20260718,seasonal_naive_weekly,1,30,8,2025-01-24 13:00:00,2025-01-24 13:30:00,1,99.0,159.0,60.0,60.0,3600.0,LABORAL,13,False
freeze_20260610_192142,baselines_full_20260718,seasonal_naive_weekly,1,30,8,2025-01-26 06:30:00,2025-01-26 07:00:00,1,,26.0,,,,DOMINGO,7,True
freeze_20260610_192142,baselines_full_20260718,seasonal_naive_weekly,1,30,8,2025-01-26 09:00:00,2025-01-26 09:30:00,1,32.0,31.0,-1.0,1.0,1.0,DOMINGO,9,False
freeze_20260610_192142,baselines_full_20260718,seasonal_naive_weekly,1,30,8,2025-01-28 06:00:00,2025-01-28 06:30:00,1,178.0,130.0,-48.0,48.0,2304.0,LABORAL,6,False
freeze_20260610_192142,baselines_full_20260718,seasonal_naive_weekly,1,30,8,2025-01-28 13:00:00,2025-01-28 13:30:00,1,173.0,178.0,5.0,5.0,25.0,LABORAL,13,False
freeze_20260610_192142,baselines_full_20260718,seasonal_naive_weekly,1,30,8,2025-01-29 16:00:00,2025-01-29 16:30:00,1,110.0,116.0,6.0,6.0,36.0,LABORAL,16,False
freeze_20260610_192142,baselines_full_20260718,seasonal_naive_weekly,1,30,8,2025-01-30 13:30:00,2025-01-30 14:00:00,1,170.0,102.0,-68.0,68.0,4624.0,LABORAL,14,False
freeze_20260610_192142,baselines_full_20260718,seasonal_naive_weekly,1,30,8,2025-02-01 12:00:00,2025-02-01 12:30:00,1,100.0,101.0,1.0,1.0,1.0,SABADO,12,False
freeze_20260610_192142,baselines_full_20260718,seasonal_naive_weekly,1,30,8,2025-02-03 08:30:00,2025-02-03 09:00:00,1,112.0,134.0,22.0,22.0,484.0,LABORAL,9,False
freeze_20260610_192142,baselines_full_20260718,seasonal_naive_weekly,1,30,8,2025-02-03 14:30:00,2025-02-03 15:00:00,1,148.0,131.0,-17.0,17.0,289.0,LABORAL,15,False
freeze_20260610_192142,baselines_full_20260718,seasonal_naive_weekly,1,30,9,2025-02-05 14:30:00,2025-02-05 15:00:00,1,170.0,187.0,17.0,17.0,289.0,LABORAL,15,False
freeze_20260610_192142,baselines_full_20260718,seasonal_naive_weekly,1,30,9,2025-02-06 06:30:00,2025-02-06 07:00:00,1,143.0,111.0,-32.0,32.0,1024.0,LABORAL,7,False
freeze_20260610_192142,baselines_full_20260718,seasonal_naive_weekly,1,30,9,2025-02-06 12:00:00,2025-02-06 12:30:00,1,135.0,136.0,1.0,1.0,1.0,LABORAL,12,False
freeze_20260610_192142,baselines_full_20260718,seasonal_naive_weekly,1,30,9,2025-02-08 09:30:00,2025-02-08 10:00:00,1,119.0,128.0,9.0,9.0,81.0,SABADO,10,False
freeze_20260610_192142,baselines_full_20260718,seasonal_naive_weekly,1,30,9,2025-02-09 05:00:00,2025-02-09 05:30:00,1,,35.0,,,,DOMINGO,5,True
freeze_20260610_192142,baselines_full_20260718,seasonal_naive_weekly,1,30,9,2025-02-10 08:00:00,2025-02-10 08:30:00,1,192.0,156.0,-36.0,36.0,1296.0,LABORAL,8,False
freeze_20260610_192142,baselines_full_20260718,seasonal_naive_weekly,1,30,9,2025-02-11 06:00:00,2025-02-11 06:30:00,1,114.0,107.0,-7.0,7.0,49.0,LABORAL,6,False
freeze_20260610_192142,baselines_full_20260718,seasonal_naive_weekly,1,30,9,2025-02-14 09:00:00,2025-02-14 09:30:00,1,43.0,93.0,50.0,50.0,2500.0,LABORAL,9,False
freeze_20260610_192142,baselines_full_20260718,seasonal_naive_weekly,1,30,9,2025-02-14 15:30:00,2025-02-14 16:00:00,1,113.0,187.0,74.0,74.0,5476.0,LABORAL,16,False
freeze_20260610_192142,baselines_full_20260718,seasonal_naive_weekly,1,30,10,2025-02-18 11:00:00,2025-02-18 11:30:00,1,89.0,134.0,45.0,45.0,2025.0,LABORAL,11,False
freeze_20260610_192142,baselines_full_20260718,seasonal_naive_weekly,1,30,10,2025-02-20 08:30:00,2025-02-20 09:00:00,1,152.0,98.0,-54.0,54.0,2916.0,LABORAL,9,False
freeze_20260610_192142,baselines_full_20260718,seasonal_naive_weekly,1,30,10,2025-02-21 17:30:00,2025-02-21 18:00:00,1,13.0,,,,,LABORAL,18,False
freeze_20260610_192142,baselines_full_20260718,seasonal_naive_weekly,1,30,10,2025-02-22 13:30:00,2025-02-22 14:00:00,1,42.0,140.0,98.0,98.0,9604.0,SABADO,14,False
freeze_20260610_192142,baselines_full_20260718,seasonal_naive_weekly,1,30,10,2025-02-23 09:00:00,2025-02-23 09:30:00,1,30.0,36.0,6.0,6.0,36.0,DOMINGO,9,False
freeze_20260610_192142,baselines_full_20260718,seasonal_naive_weekly,1,30,10,2025-02-25 17:30:00,2025-02-25 18:00:00,1,,11.0,,,,LABORAL,18,True
freeze_20260610_192142,baselines_full_20260718,seasonal_naive_weekly,1,30,10,2025-02-26 05:00:00,2025-02-26 05:30:00,1,144.0,229.0,85.0,85.0,7225.0,LABORAL,5,False
freeze_20260610_192142,baselines_full_20260718,seasonal_naive_weekly,1,30,10,2025-02-27 06:30:00,2025-02-27 07:00:00,1,126.0,111.0,-15.0,15.0,225.0,LABORAL,7,False
freeze_20260610_192142,baselines_full_20260718,seasonal_naive_weekly,1,30,10,2025-02-27 07:30:00,2025-02-27 08:00:00,1,251.0,201.0,-50.0,50.0,2500.0,LABORAL,8,False
freeze_20260610_192142,baselines_full_20260718,seasonal_naive_weekly,1,30,10,2025-02-28 08:00:00,2025-02-28 08:30:00,1,133.0,191.0,58.0,58.0,3364.0,LABORAL,8,False
freeze_20260610_192142,baselines_full_20260718,seasonal_naive_weekly,1,30,10,2025-03-01 15:00:00,2025-03-01 15:30:00,1,73.0,84.0,11.0,11.0,121.0,SABADO,15,False
freeze_20260610_192142,baselines_full_20260718,seasonal_naive_weekly,1,30,10,2025-03-03 07:30:00,2025-03-03 08:00:00,1,171.0,147.0,-24.0,24.0,576.0,LABORAL,8,False
freeze_20260610_192142,baselines_full_20260718,seasonal_naive_weekly,1,30,10,2025-03-03 11:30:00,2025-03-03 12:00:00,1,60.0,124.0,64.0,64.0,4096.0,LABORAL,12,False
freeze_20260610_192142,baselines_full_20260718,seasonal_naive_weekly,1,30,10,2025-03-03 15:00:00,2025-03-03 15:30:00,1,189.0,140.0,-49.0,49.0,2401.0,LABORAL,15,False
freeze_20260610_192142,baselines_full_20260718,seasonal_naive_weekly,1,30,11,2025-03-04 05:00:00,2025-03-04 05:30:00,1,218.0,157.0,-61.0,61.0,3721.0,LABORAL,5,False
freeze_20260610_192142,baselines_full_20260718,seasonal_naive_weekly,1,30,11,2025-03-04 12:30:00,2025-03-04 13:00:00,1,141.0,98.0,-43.0,43.0,1849.0,LABORAL,13,False
freeze_20260610_192142,baselines_full_20260718,seasonal_naive_weekly,1,30,11,2025-03-06 10:30:00,2025-03-06 11:00:00,1,129.0,95.0,-34.0,34.0,1156.0,LABORAL,11,False
freeze_20260610_192142,baselines_full_20260718,seasonal_naive_weekly,1,30,11,2025-03-07 07:30:00,2025-03-07 08:00:00,1,149.0,139.0,-10.0,10.0,100.0,LABORAL,8,False
freeze_20260610_192142,baselines_full_20260718,seasonal_naive_weekly,1,30,11,2025-03-08 10:30:00,2025-03-08 11:00:00,1,131.0,152.0,21.0,21.0,441.0,SABADO,11,False
freeze_20260610_192142,baselines_full_20260718,seasonal_naive_weekly,1,30,11,2025-03-09 09:30:00,2025-03-09 10:00:00,1,30.0,61.0,31.0,31.0,961.0,DOMINGO,10,False
freeze_20260610_192142,baselines_full_20260718,seasonal_naive_weekly,1,30,11,2025-03-09 15:00:00,2025-03-09 15:30:00,1,26.0,,,,,DOMINGO,15,False
freeze_20260610_192142,baselines_full_20260718,seasonal_naive_weekly,1,30,11,2025-03-10 05:00:00,2025-03-10 05:30:00,1,138.0,162.0,24.0,24.0,576.0,LABORAL,5,False
freeze_20260610_192142,baselines_full_20260718,seasonal_naive_weekly,1,30,11,2025-03-10 06:30:00,2025-03-10 07:00:00,1,149.0,182.0,33.0,33.0,1089.0,LABORAL,7,False
freeze_20260610_192142,baselines_full_20260718,seasonal_naive_weekly,1,30,11,2025-03-10 13:30:00,2025-03-10 14:00:00,1,111.0,217.0,106.0,106.0,11236.0,LABORAL,14,False
freeze_20260610_192142,baselines_full_20260718,seasonal_naive_weekly,1,30,11,2025-03-11 12:30:00,2025-03-11 13:00:00,1,204.0,141.0,-63.0,63.0,3969.0,LABORAL,13,False
freeze_20260610_192142,baselines_full_20260718,seasonal_naive_weekly,1,30,11,2025-03-11 14:00:00,2025-03-11 14:30:00,1,209.0,168.0,-41.0,41.0,1681.0,LABORAL,14,False
freeze_20260610_192142,baselines_full_20260718,seasonal_naive_weekly,1,30,11,2025-03-12 11:30:00,2025-03-12 12:00:00,1,93.0,177.0,84.0,84.0,7056.0,LABORAL,12,False
freeze_20260610_192142,baselines_full_20260718,seasonal_naive_weekly,1,30,11,2025-03-14 09:00:00,2025-03-14 09:30:00,1,148.0,185.0,37.0,37.0,1369.0,LABORAL,9,False
freeze_20260610_192142,baselines_full_20260718,seasonal_naive_weekly,1,30,11,2025-03-16 07:30:00,2025-03-16 08:00:00,1,14.0,29.0,15.0,15.0,225.0,DOMINGO,8,False
freeze_20260610_192142,baselines_full_20260718,seasonal_naive_weekly,1,30,11,2025-03-16 14:30:00,2025-03-16 15:00:00,1,30.0,17.0,-13.0,13.0,169.0,DOMINGO,15,False
freeze_20260610_192142,baselines_full_20260718,seasonal_naive_weekly,1,30,11,2025-03-17 15:30:00,2025-03-17 16:00:00,1,192.0,149.0,-43.0,43.0,1849.0,LABORAL,16,False
freeze_20260610_192142,baselines_full_20260718,seasonal_naive_weekly,1,30,11,2025-03-17 16:00:00,2025-03-17 16:30:00,1,141.0,128.0,-13.0,13.0,169.0,LABORAL,16,False
freeze_20260610_192142,baselines_full_20260718,seasonal_naive_weekly,1,30,12,2025-03-18 07:00:00,2025-03-18 07:30:00,1,141.0,144.0,3.0,3.0,9.0,LABORAL,7,False
freeze_20260610_192142,baselines_full_20260718,seasonal_naive_weekly,1,30,12,2025-03-19 04:00:00,2025-03-19 04:30:00,1,162.0,160.0,-2.0,2.0,4.0,LABORAL,4,False
freeze_20260610_192142,baselines_full_20260718,seasonal_naive_weekly,1,30,12,2025-03-19 06:30:00,2025-03-19 07:00:00,1,135.0,102.0,-33.0,33.0,1089.0,LABORAL,7,False
freeze_20260610_192142,baselines_full_20260718,seasonal_naive_weekly,1,30,12,2025-03-20 12:30:00,2025-03-20 13:00:00,1,158.0,115.0,-43.0,43.0,1849.0,LABORAL,13,False
freeze_20260610_192142,baselines_full_20260718,seasonal_naive_weekly,1,30,12,2025-03-20 16:00:00,2025-03-20 16:30:00,1,185.0,119.0,-66.0,66.0,4356.0,LABORAL,16,False
freeze_20260610_192142,baselines_full_20260718,seasonal_naive_weekly,1,30,12,2025-03-22 05:30:00,2025-03-22 06:00:00,1,111.0,153.0,42.0,42.0,1764.0,SABADO,6,False
freeze_20260610_192142,baselines_full_20260718,seasonal_naive_weekly,1,30,12,2025-03-22 14:00:00,2025-03-22 14:30:00,1,89.0,136.0,47.0,47.0,2209.0,SABADO,14,False
freeze_20260610_192142,baselines_full_20260718,seasonal_naive_weekly,1,30,12,2025-03-23 13:00:00,2025-03-23 13:30:00,1,35.0,35.0,0.0,0.0,0.0,DOMINGO,13,False
freeze_20260610_192142,baselines_full_20260718,seasonal_naive_weekly,1,30,12,2025-03-27 10:00:00,2025-03-27 10:30:00,1,118.0,84.0,-34.0,34.0,1156.0,LABORAL,10,False
freeze_20260610_192142,baselines_full_20260718,seasonal_naive_weekly,1,30,12,2025-03-29 08:00:00,2025-03-29 08:30:00,1,129.0,67.0,-62.0,62.0,3844.0,SABADO,8,False
freeze_20260610_192142,baselines_full_20260718,seasonal_naive_weekly,1,30,12,2025-03-30 06:00:00,2025-03-30 06:30:00,1,,20.0,,,,DOMINGO,6,True
freeze_20260610_192142,baselines_full_20260718,seasonal_naive_weekly,1,30,13,2025-04-01 04:30:00,2025-04-01 05:00:00,1,118.0,159.0,41.0,41.0,1681.0,LABORAL,5,False
freeze_20260610_192142,baselines_full_20260718,seasonal_naive_weekly,1,30,13,2025-04-01 05:30:00,2025-04-01 06:00:00,1,202.0,164.0,-38.0,38.0,1444.0,LABORAL,6,False
freeze_20260610_192142,baselines_full_20260718,seasonal_naive_weekly,1,30,13,2025-04-01 06:30:00,2025-04-01 07:00:00,1,142.0,138.0,-4.0,4.0,16.0,LABORAL,7,False
freeze_20260610_192142,baselines_full_20260718,seasonal_naive_weekly,1,30,13,2025-04-01 12:00:00,2025-04-01 12:30:00,1,114.0,255.0,141.0,141.0,19881.0,LABORAL,12,False
freeze_20260610_192142,baselines_full_20260718,seasonal_naive_weekly,1,30,13,2025-04-02 12:30:00,2025-04-02 13:00:00,1,188.0,135.0,-53.0,53.0,2809.0,LABORAL,13,False
freeze_20260610_192142,baselines_full_20260718,seasonal_naive_weekly,1,30,13,2025-04-03 06:30:00,2025-04-03 07:00:00,1,143.0,152.0,9.0,9.0,81.0,LABORAL,7,False
freeze_20260610_192142,baselines_full_20260718,seasonal_naive_weekly,1,30,13,2025-04-03 10:00:00,2025-04-03 10:30:00,1,124.0,118.0,-6.0,6.0,36.0,LABORAL,10,False
freeze_20260610_192142,baselines_full_20260718,seasonal_naive_weekly,1,30,13,2025-04-03 11:30:00,2025-04-03 12:00:00,1,99.0,44.0,-55.0,55.0,3025.0,LABORAL,12,False
freeze_20260610_192142,baselines_full_20260718,seasonal_naive_weekly,1,30,13,2025-04-03 14:30:00,2025-04-03 15:00:00,1,170.0,105.0,-65.0,65.0,4225.0,LABORAL,15,False
freeze_20260610_192142,baselines_full_20260718,seasonal_naive_weekly,1,30,13,2025-04-04 10:00:00,2025-04-04 10:30:00,1,115.0,138.0,23.0,23.0,529.0,LABORAL,10,False
freeze_20260610_192142,baselines_full_20260718,seasonal_naive_weekly,1,30,13,2025-04-04 13:00:00,2025-04-04 13:30:00,1,186.0,136.0,-50.0,50.0,2500.0,LABORAL,13,False
freeze_20260610_192142,baselines_full_20260718,seasonal_naive_weekly,1,30,13,2025-04-04 16:00:00,2025-04-04 16:30:00,1,155.0,173.0,18.0,18.0,324.0,LABORAL,16,False
freeze_20260610_192142,baselines_full_20260718,seasonal_naive_weekly,1,30,13,2025-04-05 14:30:00,2025-04-05 15:00:00,1,80.0,79.0,-1.0,1.0,1.0,SABADO,15,False
freeze_20260610_192142,baselines_full_20260718,seasonal_naive_weekly,1,30,13,2025-04-06 06:30:00,2025-04-06 07:00:00,1,,,,,,DOMINGO,7,True
freeze_20260610_192142,baselines_full_20260718,seasonal_naive_weekly,1,30,13,2025-04-07 07:30:00,2025-04-07 08:00:00,1,158.0,138.0,-20.0,20.0,400.0,LABORAL,8,False
freeze_20260610_192142,baselines_full_20260718,seasonal_naive_weekly,1,30,13,2025-04-08 10:30:00,2025-04-08 11:00:00,1,173.0,103.0,-70.0,70.0,4900.0,LABORAL,11,False
freeze_20260610_192142,baselines_full_20260718,seasonal_naive_weekly,1,30,13,2025-04-08 14:00:00,2025-04-08 14:30:00,1,200.0,161.0,-39.0,39.0,1521.0,LABORAL,14,False
freeze_20260610_192142,baselines_full_20260718,seasonal_naive_weekly,1,30,13,2025-04-08 16:30:00,2025-04-08 17:00:00,1,163.0,131.0,-32.0,32.0,1024.0,LABORAL,17,False
freeze_20260610_192142,baselines_full_20260718,seasonal_naive_weekly,1,30,13,2025-04-09 04:30:00,2025-04-09 05:00:00,1,199.0,144.0,-55.0,55.0,3025.0,LABORAL,5,False
freeze_20260610_192142,baselines_full_20260718,seasonal_naive_weekly,1,30,13,2025-04-09 17:00:00,2025-04-09 17:30:00,1,64.0,54.0,-10.0,10.0,100.0,LABORAL,17,False
freeze_20260610_192142,baselines_full_20260718,seasonal_naive_weekly,1,30,13,2025-04-13 06:30:00,2025-04-13 07:00:00,1,21.0,,,,,DOMINGO,7,False
freeze_20260610_192142,baselines_full_20260718,seasonal_naive_weekly,1,30,14,2025-04-15 12:30:00,2025-04-15 13:00:00,1,118.0,187.0,69.0,69.0,4761.0,LABORAL,13,False
freeze_20260610_192142,baselines_full_20260718,seasonal_naive_weekly,1,30,14,2025-04-16 13:30:00,2025-04-16 14:00:00,1,141.0,240.0,99.0,99.0,9801.0,LABORAL,14,False
freeze_20260610_192142,baselines_full_20260718,seasonal_naive_weekly,1,30,14,2025-04-16 15:00:00,2025-04-16 15:30:00,1,169.0,138.0,-31.0,31.0,961.0,LABORAL,15,False
freeze_20260610_192142,baselines_full_20260718,seasonal_naive_weekly,1,30,14,2025-04-18 04:30:00,2025-04-18 05:00:00,1,,147.0,,,,FESTIVO,5,True
freeze_20260610_192142,baselines_full_20260718,seasonal_naive_weekly,1,30,14,2025-04-19 06:00:00,2025-04-19 06:30:00,1,81.0,196.0,115.0,115.0,13225.0,SABADO,6,False
freeze_20260610_192142,baselines_full_20260718,seasonal_naive_weekly,1,30,14,2025-04-19 14:00:00,2025-04-19 14:30:00,1,33.0,89.0,56.0,56.0,3136.0,SABADO,14,False
freeze_20260610_192142,baselines_full_20260718,seasonal_naive_weekly,1,30,14,2025-04-21 05:00:00,2025-04-21 05:30:00,1,161.0,82.0,-79.0,79.0,6241.0,LABORAL,5,False
freeze_20260610_192142,baselines_full_20260718,seasonal_naive_weekly,1,30,14,2025-04-21 06:30:00,2025-04-21 07:00:00,1,159.0,108.0,-51.0,51.0,2601.0,LABORAL,7,False
freeze_20260610_192142,baselines_full_20260718,seasonal_naive_weekly,1,30,14,2025-04-22 10:30:00,2025-04-22 11:00:00,1,91.0,42.0,-49.0,49.0,2401.0,LABORAL,11,False
freeze_20260610_192142,baselines_full_20260718,seasonal_naive_weekly,1,30,14,2025-04-25 14:00:00,2025-04-25 14:30:00,1,166.0,26.0,-140.0,140.0,19600.0,LABORAL,14,False
freeze_20260610_192142,baselines_full_20260718,seasonal_naive_weekly,1,30,14,2025-04-26 14:30:00,2025-04-26 15:00:00,1,96.0,66.0,-30.0,30.0,900.0,SABADO,15,False
freeze_20260610_192142,baselines_full_20260718,seasonal_naive_weekly,1,30,14,2025-04-27 06:00:00,2025-04-27 06:30:00,1,,,,,,DOMINGO,6,True
freeze_20260610_192142,baselines_full_20260718,seasonal_naive_weekly,1,30,14,2025-04-27 10:00:00,2025-04-27 10:30:00,1,30.0,23.0,-7.0,7.0,49.0,DOMINGO,10,False
freeze_20260610_192142,baselines_full_20260718,seasonal_naive_weekly,1,30,14,2025-04-27 15:00:00,2025-04-27 15:30:00,1,,32.0,,,,DOMINGO,15,True
freeze_20260610_192142,baselines_full_20260718,seasonal_naive_weekly,1,30,15,2025-05-01 07:30:00,2025-05-01 08:00:00,1,45.0,127.0,82.0,82.0,6724.0,FESTIVO,8,False
freeze_20260610_192142,baselines_full_20260718,seasonal_naive_weekly,1,30,15,2025-05-02 16:00:00,2025-05-02 16:30:00,1,190.0,128.0,-62.0,62.0,3844.0,LABORAL,16,False
freeze_20260610_192142,baselines_full_20260718,seasonal_naive_weekly,1,30,15,2025-05-04 09:00:00,2025-05-04 09:30:00,1,34.0,22.0,-12.0,12.0,144.0,DOMINGO,9,False
freeze_20260610_192142,baselines_full_20260718,seasonal_naive_weekly,1,30,15,2025-05-04 10:00:00,2025-05-04 10:30:00,1,,30.0,,,,DOMINGO,10,True
freeze_20260610_192142,baselines_full_20260718,seasonal_naive_weekly,1,30,15,2025-05-04 14:30:00,2025-05-04 15:00:00,1,,,,,,DOMINGO,15,True
freeze_20260610_192142,baselines_full_20260718,seasonal_naive_weekly,1,30,15,2025-05-05 04:30:00,2025-05-05 05:00:00,1,109.0,173.0,64.0,64.0,4096.0,LABORAL,5,False
freeze_20260610_192142,baselines_full_20260718,seasonal_naive_weekly,1,30,15,2025-05-05 06:00:00,2025-05-05 06:30:00,1,145.0,65.0,-80.0,80.0,6400.0,LABORAL,6,False
freeze_20260610_192142,baselines_full_20260718,seasonal_naive_weekly,1,30,15,2025-05-05 11:30:00,2025-05-05 12:00:00,1,164.0,101.0,-63.0,63.0,3969.0,LABORAL,12,False
freeze_20260610_192142,baselines_full_20260718,seasonal_naive_weekly,1,30,15,2025-05-06 09:30:00,2025-05-06 10:00:00,1,103.0,133.0,30.0,30.0,900.0,LABORAL,10,False
freeze_20260610_192142,baselines_full_20260718,seasonal_naive_weekly,1,30,15,2025-05-07 04:00:00,2025-05-07 04:30:00,1,164.0,144.0,-20.0,20.0,400.0,LABORAL,4,False
freeze_20260610_192142,baselines_full_20260718,seasonal_naive_weekly,1,30,15,2025-05-07 11:00:00,2025-05-07 11:30:00,1,118.0,163.0,45.0,45.0,2025.0,LABORAL,11,False
freeze_20260610_192142,baselines_full_20260718,seasonal_naive_weekly,1,30,15,2025-05-07 13:30:00,2025-05-07 14:00:00,1,233.0,158.0,-75.0,75.0,5625.0,LABORAL,14,False
freeze_20260610_192142,baselines_full_20260718,seasonal_naive_weekly,1,30,15,2025-05-07 15:30:00,2025-05-07 16:00:00,1,185.0,244.0,59.0,59.0,3481.0,LABORAL,16,False
freeze_20260610_192142,baselines_full_20260718,seasonal_naive_weekly,1,30,15,2025-05-08 07:30:00,2025-05-08 08:00:00,1,157.0,45.0,-112.0,112.0,12544.0,LABORAL,8,False
freeze_20260610_192142,baselines_full_20260718,seasonal_naive_weekly,1,30,15,2025-05-08 10:30:00,2025-05-08 11:00:00,1,71.0,54.0,-17.0,17.0,289.0,LABORAL,11,False
freeze_20260610_192142,baselines_full_20260718,seasonal_naive_weekly,1,30,15,2025-05-10 05:00:00,2025-05-10 05:30:00,1,115.0,114.0,-1.0,1.0,1.0,SABADO,5,False
freeze_20260610_192142,baselines_full_20260718,seasonal_naive_weekly,1,30,15,2025-05-10 07:30:00,2025-05-10 08:00:00,1,146.0,130.0,-16.0,16.0,256.0,SABADO,8,False
freeze_20260610_192142,baselines_full_20260718,seasonal_naive_weekly,1,30,15,2025-05-11 08:30:00,2025-05-11 09:00:00,1,60.0,34.0,-26.0,26.0,676.0,DOMINGO,9,False
freeze_20260610_192142,baselines_full_20260718,seasonal_naive_weekly,1,30,15,2025-05-11 13:30:00,2025-05-11 14:00:00,1,,,,,,DOMINGO,14,True
freeze_20260610_192142,baselines_full_20260718,seasonal_naive_weekly,1,30,15,2025-05-11 14:00:00,2025-05-11 14:30:00,1,34.0,37.0,3.0,3.0,9.0,DOMINGO,14,False
freeze_20260610_192142,baselines_full_20260718,seasonal_naive_weekly,1,30,15,2025-05-11 15:00:00,2025-05-11 15:30:00,1,,48.0,,,,DOMINGO,15,True
freeze_20260610_192142,baselines_full_20260718,seasonal_naive_weekly,1,30,15,2025-05-12 05:00:00,2025-05-12 05:30:00,1,187.0,159.0,-28.0,28.0,784.0,LABORAL,5,False
freeze_20260610_192142,baselines_full_20260718,seasonal_naive_weekly,1,30,16,2025-05-13 05:00:00,2025-05-13 05:30:00,1,160.0,128.0,-32.0,32.0,1024.0,LABORAL,5,False
freeze_20260610_192142,baselines_full_20260718,seasonal_naive_weekly,1,30,16,2025-05-13 16:30:00,2025-05-13 17:00:00,1,119.0,118.0,-1.0,1.0,1.0,LABORAL,17,False
freeze_20260610_192142,baselines_full_20260718,seasonal_naive_weekly,1,30,16,2025-05-14 09:30:00,2025-05-14 10:00:00,1,94.0,61.0,-33.0,33.0,1089.0,LABORAL,10,False
freeze_20260610_192142,baselines_full_20260718,seasonal_naive_weekly,1,30,16,2025-05-14 15:00:00,2025-05-14 15:30:00,1,203.0,154.0,-49.0,49.0,2401.0,LABORAL,15,False
freeze_20260610_192142,baselines_full_20260718,seasonal_naive_weekly,1,30,16,2025-05-16 07:30:00,2025-05-16 08:00:00,1,102.0,141.0,39.0,39.0,1521.0,LABORAL,8,False
freeze_20260610_192142,baselines_full_20260718,seasonal_naive_weekly,1,30,16,2025-05-16 12:00:00,2025-05-16 12:30:00,1,189.0,159.0,-30.0,30.0,900.0,LABORAL,12,False
freeze_20260610_192142,baselines_full_20260718,seasonal_naive_weekly,1,30,16,2025-05-17 05:00:00,2025-05-17 05:30:00,1,98.0,115.0,17.0,17.0,289.0,SABADO,5,False
freeze_20260610_192142,baselines_full_20260718,seasonal_naive_weekly,1,30,16,2025-05-17 08:00:00,2025-05-17 08:30:00,1,141.0,116.0,-25.0,25.0,625.0,SABADO,8,False
freeze_20260610_192142,baselines_full_20260718,seasonal_naive_weekly,1,30,16,2025-05-17 17:30:00,2025-05-17 18:00:00,1,19.0,15.0,-4.0,4.0,16.0,SABADO,18,False
freeze_20260610_192142,baselines_full_20260718,seasonal_naive_weekly,1,30,16,2025-05-18 07:30:00,2025-05-18 08:00:00,1,30.0,43.0,13.0,13.0,169.0,DOMINGO,8,False
freeze_20260610_192142,baselines_full_20260718,seasonal_naive_weekly,1,30,16,2025-05-18 10:00:00,2025-05-18 10:30:00,1,23.0,27.0,4.0,4.0,16.0,DOMINGO,10,False
freeze_20260610_192142,baselines_full_20260718,seasonal_naive_weekly,1,30,16,2025-05-24 11:30:00,2025-05-24 12:00:00,1,95.0,120.0,25.0,25.0,625.0,SABADO,12,False
freeze_20260610_192142,baselines_full_20260718,seasonal_naive_weekly,1,30,16,2025-05-25 13:00:00,2025-05-25 13:30:00,1,26.0,34.0,8.0,8.0,64.0,DOMINGO,13,False
freeze_20260610_192142,baselines_full_20260718,seasonal_naive_weekly,1,30,17,2025-05-28 07:30:00,2025-05-28 08:00:00,1,90.0,123.0,33.0,33.0,1089.0,LABORAL,8,False
freeze_20260610_192142,baselines_full_20260718,seasonal_naive_weekly,1,30,17,2025-05-28 16:30:00,2025-05-28 17:00:00,1,65.0,157.0,92.0,92.0,8464.0,LABORAL,17,False
freeze_20260610_192142,baselines_full_20260718,seasonal_naive_weekly,1,30,17,2025-05-29 17:00:00,2025-05-29 17:30:00,1,,63.0,,,,LABORAL,17,True
freeze_20260610_192142,baselines_full_20260718,seasonal_naive_weekly,1,30,17,2025-05-30 07:00:00,2025-05-30 07:30:00,1,145.0,89.0,-56.0,56.0,3136.0,LABORAL,7,False
freeze_20260610_192142,baselines_full_20260718,seasonal_naive_weekly,1,30,17,2025-05-30 17:00:00,2025-05-30 17:30:00,1,33.0,38.0,5.0,5.0,25.0,LABORAL,17,False
freeze_20260610_192142,baselines_full_20260718,seasonal_naive_weekly,1,30,17,2025-05-31 07:30:00,2025-05-31 08:00:00,1,94.0,97.0,3.0,3.0,9.0,SABADO,8,False
freeze_20260610_192142,baselines_full_20260718,seasonal_naive_weekly,1,30,17,2025-06-02 07:30:00,2025-06-02 08:00:00,1,28.0,155.0,127.0,127.0,16129.0,FESTIVO_PUENTE,8,False
freeze_20260610_192142,baselines_full_20260718,seasonal_naive_weekly,1,30,17,2025-06-02 08:30:00,2025-06-02 09:00:00,1,,188.0,,,,FESTIVO_PUENTE,9,True
freeze_20260610_192142,baselines_full_20260718,seasonal_naive_weekly,1,30,17,2025-06-02 09:30:00,2025-06-02 10:00:00,1,34.0,116.0,82.0,82.0,6724.0,FESTIVO_PUENTE,10,False
freeze_20260610_192142,baselines_full_20260718,seasonal_naive_weekly,1,30,17,2025-06-03 04:00:00,2025-06-03 04:30:00,1,153.0,158.0,5.0,5.0,25.0,LABORAL,4,False
freeze_20260610_192142,baselines_full_20260718,seasonal_naive_weekly,1,30,17,2025-06-03 09:00:00,2025-06-03 09:30:00,1,115.0,176.0,61.0,61.0,3721.0,LABORAL,9,False
freeze_20260610_192142,baselines_full_20260718,seasonal_naive_weekly,1,30,17,2025-06-04 10:30:00,2025-06-04 11:00:00,1,165.0,55.0,-110.0,110.0,12100.0,LABORAL,11,False
freeze_20260610_192142,baselines_full_20260718,seasonal_naive_weekly,1,30,17,2025-06-05 10:30:00,2025-06-05 11:00:00,1,75.0,65.0,-10.0,10.0,100.0,LABORAL,11,False
freeze_20260610_192142,baselines_full_20260718,seasonal_naive_weekly,1,30,17,2025-06-05 12:00:00,2025-06-05 12:30:00,1,165.0,106.0,-59.0,59.0,3481.0,LABORAL,12,False
freeze_20260610_192142,baselines_full_20260718,seasonal_naive_weekly,1,30,17,2025-06-06 08:30:00,2025-06-06 09:00:00,1,123.0,122.0,-1.0,1.0,1.0,LABORAL,9,False
freeze_20260610_192142,baselines_full_20260718,seasonal_naive_weekly,1,30,17,2025-06-06 17:30:00,2025-06-06 18:00:00,1,,,,,,LABORAL,18,True
freeze_20260610_192142,baselines_full_20260718,seasonal_naive_weekly,1,30,17,2025-06-09 06:30:00,2025-06-09 07:00:00,1,144.0,38.0,-106.0,106.0,11236.0,LABORAL,7,False
freeze_20260610_192142,baselines_full_20260718,seasonal_naive_weekly,1,30,18,2025-06-10 05:00:00,2025-06-10 05:30:00,1,147.0,162.0,15.0,15.0,225.0,LABORAL,5,False
freeze_20260610_192142,baselines_full_20260718,seasonal_naive_weekly,1,30,18,2025-06-11 05:30:00,2025-06-11 06:00:00,1,131.0,143.0,12.0,12.0,144.0,LABORAL,6,False
freeze_20260610_192142,baselines_full_20260718,seasonal_naive_weekly,1,30,18,2025-06-12 13:30:00,2025-06-12 14:00:00,1,58.0,151.0,93.0,93.0,8649.0,LABORAL,14,False
freeze_20260610_192142,baselines_full_20260718,seasonal_naive_weekly,1,30,18,2025-06-13 07:00:00,2025-06-13 07:30:00,1,57.0,152.0,95.0,95.0,9025.0,LABORAL,7,False
freeze_20260610_192142,baselines_full_20260718,seasonal_naive_weekly,1,30,18,2025-06-13 09:30:00,2025-06-13 10:00:00,1,111.0,158.0,47.0,47.0,2209.0,LABORAL,10,False
freeze_20260610_192142,baselines_full_20260718,seasonal_naive_weekly,1,30,18,2025-06-14 16:30:00,2025-06-14 17:00:00,1,,,,,,SABADO,17,True
freeze_20260610_192142,baselines_full_20260718,seasonal_naive_weekly,1,30,18,2025-06-15 04:30:00,2025-06-15 05:00:00,1,,,,,,DOMINGO,5,True
freeze_20260610_192142,baselines_full_20260718,seasonal_naive_weekly,1,30,18,2025-06-15 07:00:00,2025-06-15 07:30:00,1,30.0,30.0,0.0,0.0,0.0,DOMINGO,7,False
freeze_20260610_192142,baselines_full_20260718,seasonal_naive_weekly,1,30,18,2025-06-16 06:30:00,2025-06-16 07:00:00,1,193.0,144.0,-49.0,49.0,2401.0,LABORAL,7,False
freeze_20260610_192142,baselines_full_20260718,seasonal_naive_weekly,1,30,18,2025-06-16 07:00:00,2025-06-16 07:30:00,1,93.0,152.0,59.0,59.0,3481.0,LABORAL,7,False
freeze_20260610_192142,baselines_full_20260718,seasonal_naive_weekly,1,30,18,2025-06-16 16:30:00,2025-06-16 17:00:00,1,109.0,115.0,6.0,6.0,36.0,LABORAL,17,False
freeze_20260610_192142,baselines_full_20260718,seasonal_naive_weekly,1,30,18,2025-06-17 07:30:00,2025-06-17 08:00:00,1,215.0,154.0,-61.0,61.0,3721.0,LABORAL,8,False
freeze_20260610_192142,baselines_full_20260718,seasonal_naive_weekly,1,30,18,2025-06-17 17:00:00,2025-06-17 17:30:00,1,64.0,10.0,-54.0,54.0,2916.0,LABORAL,17,False
freeze_20260610_192142,baselines_full_20260718,seasonal_naive_weekly,1,30,18,2025-06-18 09:30:00,2025-06-18 10:00:00,1,102.0,74.0,-28.0,28.0,784.0,LABORAL,10,False
freeze_20260610_192142,baselines_full_20260718,seasonal_naive_weekly,1,30,18,2025-06-20 04:30:00,2025-06-20 05:00:00,1,141.0,155.0,14.0,14.0,196.0,LABORAL,5,False
freeze_20260610_192142,baselines_full_20260718,seasonal_naive_weekly,1,30,18,2025-06-21 05:30:00,2025-06-21 06:00:00,1,100.0,111.0,11.0,11.0,121.0,SABADO,6,False
freeze_20260610_192142,baselines_full_20260718,seasonal_naive_weekly,1,30,19,2025-06-24 08:00:00,2025-06-24 08:30:00,1,211.0,153.0,-58.0,58.0,3364.0,LABORAL,8,False
freeze_20260610_192142,baselines_full_20260718,seasonal_naive_weekly,1,30,19,2025-06-27 13:00:00,2025-06-27 13:30:00,1,123.0,190.0,67.0,67.0,4489.0,LABORAL,13,False
freeze_20260610_192142,baselines_full_20260718,seasonal_naive_weekly,1,30,19,2025-06-28 11:30:00,2025-06-28 12:00:00,1,125.0,97.0,-28.0,28.0,784.0,SABADO,12,False
freeze_20260610_192142,baselines_full_20260718,seasonal_naive_weekly,1,30,19,2025-06-28 13:30:00,2025-06-28 14:00:00,1,54.0,41.0,-13.0,13.0,169.0,SABADO,14,False
freeze_20260610_192142,baselines_full_20260718,seasonal_naive_weekly,1,30,19,2025-06-30 06:30:00,2025-06-30 07:00:00,1,24.0,23.0,-1.0,1.0,1.0,FESTIVO_PUENTE,7,False
freeze_20260610_192142,baselines_full_20260718,seasonal_naive_weekly,1,30,19,2025-06-30 16:30:00,2025-06-30 17:00:00,1,,,,,,FESTIVO_PUENTE,17,True
freeze_20260610_192142,baselines_full_20260718,seasonal_naive_weekly,1,30,19,2025-07-01 16:00:00,2025-07-01 16:30:00,1,185.0,125.0,-60.0,60.0,3600.0,LABORAL,16,False
freeze_20260610_192142,baselines_full_20260718,seasonal_naive_weekly,1,30,19,2025-07-02 12:30:00,2025-07-02 13:00:00,1,156.0,135.0,-21.0,21.0,441.0,LABORAL,13,False
freeze_20260610_192142,baselines_full_20260718,seasonal_naive_weekly,1,30,19,2025-07-03 13:30:00,2025-07-03 14:00:00,1,218.0,185.0,-33.0,33.0,1089.0,LABORAL,14,False
freeze_20260610_192142,baselines_full_20260718,seasonal_naive_weekly,1,30,19,2025-07-04 12:00:00,2025-07-04 12:30:00,1,133.0,89.0,-44.0,44.0,1936.0,LABORAL,12,False
freeze_20260610_192142,baselines_full_20260718,seasonal_naive_weekly,1,30,19,2025-07-05 09:00:00,2025-07-05 09:30:00,1,75.0,88.0,13.0,13.0,169.0,SABADO,9,False
freeze_20260610_192142,baselines_full_20260718,seasonal_naive_weekly,1,30,19,2025-07-06 09:00:00,2025-07-06 09:30:00,1,25.0,29.0,4.0,4.0,16.0,DOMINGO,9,False
freeze_20260610_192142,baselines_full_20260718,seasonal_naive_weekly,1,30,20,2025-07-08 13:00:00,2025-07-08 13:30:00,1,146.0,109.0,-37.0,37.0,1369.0,LABORAL,13,False
freeze_20260610_192142,baselines_full_20260718,seasonal_naive_weekly,1,30,20,2025-07-10 12:00:00,2025-07-10 12:30:00,1,133.0,117.0,-16.0,16.0,256.0,LABORAL,12,False
freeze_20260610_192142,baselines_full_20260718,seasonal_naive_weekly,1,30,20,2025-07-12 09:30:00,2025-07-12 10:00:00,1,79.0,136.0,57.0,57.0,3249.0,SABADO,10,False
freeze_20260610_192142,baselines_full_20260718,seasonal_naive_weekly,1,30,20,2025-07-14 09:30:00,2025-07-14 10:00:00,1,102.0,100.0,-2.0,2.0,4.0,LABORAL,10,False
freeze_20260610_192142,baselines_full_20260718,seasonal_naive_weekly,1,30,20,2025-07-14 15:30:00,2025-07-14 16:00:00,1,162.0,137.0,-25.0,25.0,625.0,LABORAL,16,False
freeze_20260610_192142,baselines_full_20260718,seasonal_naive_weekly,1,30,20,2025-07-14 16:00:00,2025-07-14 16:30:00,1,116.0,128.0,12.0,12.0,144.0,LABORAL,16,False
freeze_20260610_192142,baselines_full_20260718,seasonal_naive_weekly,1,30,20,2025-07-15 06:00:00,2025-07-15 06:30:00,1,172.0,151.0,-21.0,21.0,441.0,LABORAL,6,False
freeze_20260610_192142,baselines_full_20260718,seasonal_naive_weekly,1,30,20,2025-07-15 07:00:00,2025-07-15 07:30:00,1,133.0,162.0,29.0,29.0,841.0,LABORAL,7,False
freeze_20260610_192142,baselines_full_20260718,seasonal_naive_weekly,1,30,20,2025-07-15 16:30:00,2025-07-15 17:00:00,1,69.0,95.0,26.0,26.0,676.0,LABORAL,17,False
freeze_20260610_192142,baselines_full_20260718,seasonal_naive_weekly,1,30,20,2025-07-16 11:00:00,2025-07-16 11:30:00,1,139.0,49.0,-90.0,90.0,8100.0,LABORAL,11,False
freeze_20260610_192142,baselines_full_20260718,seasonal_naive_weekly,1,30,20,2025-07-17 10:30:00,2025-07-17 11:00:00,1,88.0,68.0,-20.0,20.0,400.0,LABORAL,11,False
freeze_20260610_192142,baselines_full_20260718,seasonal_naive_weekly,1,30,20,2025-07-17 11:00:00,2025-07-17 11:30:00,1,64.0,110.0,46.0,46.0,2116.0,LABORAL,11,False
freeze_20260610_192142,baselines_full_20260718,seasonal_naive_weekly,1,30,20,2025-07-20 04:30:00,2025-07-20 05:00:00,1,,,,,,FESTIVO,5,True
freeze_20260610_192142,baselines_full_20260718,seasonal_naive_weekly,1,30,20,2025-07-21 13:30:00,2025-07-21 14:00:00,1,72.0,139.0,67.0,67.0,4489.0,LABORAL,14,False
freeze_20260610_192142,baselines_full_20260718,seasonal_naive_weekly,1,30,21,2025-07-22 17:30:00,2025-07-22 18:00:00,1,,,,,,LABORAL,18,True
freeze_20260610_192142,baselines_full_20260718,seasonal_naive_weekly,1,30,21,2025-07-23 10:30:00,2025-07-23 11:00:00,1,82.0,89.0,7.0,7.0,49.0,LABORAL,11,False
freeze_20260610_192142,baselines_full_20260718,seasonal_naive_weekly,1,30,21,2025-07-24 04:30:00,2025-07-24 05:00:00,1,101.0,124.0,23.0,23.0,529.0,LABORAL,5,False
freeze_20260610_192142,baselines_full_20260718,seasonal_naive_weekly,1,30,21,2025-07-25 13:00:00,2025-07-25 13:30:00,1,112.0,220.0,108.0,108.0,11664.0,LABORAL,13,False
freeze_20260610_192142,baselines_full_20260718,seasonal_naive_weekly,1,30,21,2025-07-25 13:30:00,2025-07-25 14:00:00,1,160.0,42.0,-118.0,118.0,13924.0,LABORAL,14,False
freeze_20260610_192142,baselines_full_20260718,seasonal_naive_weekly,1,30,21,2025-07-28 15:30:00,2025-07-28 16:00:00,1,133.0,128.0,-5.0,5.0,25.0,LABORAL,16,False
freeze_20260610_192142,baselines_full_20260718,seasonal_naive_weekly,1,30,21,2025-07-30 07:00:00,2025-07-30 07:30:00,1,85.0,124.0,39.0,39.0,1521.0,LABORAL,7,False
freeze_20260610_192142,baselines_full_20260718,seasonal_naive_weekly,1,30,21,2025-07-30 07:30:00,2025-07-30 08:00:00,1,174.0,139.0,-35.0,35.0,1225.0,LABORAL,8,False
freeze_20260610_192142,baselines_full_20260718,seasonal_naive_weekly,1,30,21,2025-07-30 08:00:00,2025-07-30 08:30:00,1,118.0,96.0,-22.0,22.0,484.0,LABORAL,8,False
freeze_20260610_192142,baselines_full_20260718,seasonal_naive_weekly,1,30,21,2025-07-30 16:00:00,2025-07-30 16:30:00,1,124.0,130.0,6.0,6.0,36.0,LABORAL,16,False
freeze_20260610_192142,baselines_full_20260718,seasonal_naive_weekly,1,30,21,2025-08-01 10:00:00,2025-08-01 10:30:00,1,121.0,134.0,13.0,13.0,169.0,LABORAL,10,False
freeze_20260610_192142,baselines_full_20260718,seasonal_naive_weekly,1,30,21,2025-08-01 16:30:00,2025-08-01 17:00:00,1,130.0,59.0,-71.0,71.0,5041.0,LABORAL,17,False
freeze_20260610_192142,baselines_full_20260718,seasonal_naive_weekly,1,30,21,2025-08-02 04:30:00,2025-08-02 05:00:00,1,68.0,39.0,-29.0,29.0,841.0,SABADO,5,False
freeze_20260610_192142,baselines_full_20260718,seasonal_naive_weekly,1,30,21,2025-08-02 06:00:00,2025-08-02 06:30:00,1,88.0,110.0,22.0,22.0,484.0,SABADO,6,False
freeze_20260610_192142,baselines_full_20260718,seasonal_naive_weekly,1,30,21,2025-08-03 10:30:00,2025-08-03 11:00:00,1,33.0,,,,,DOMINGO,11,False
freeze_20260610_192142,baselines_full_20260718,seasonal_naive_weekly,1,30,21,2025-08-04 07:00:00,2025-08-04 07:30:00,1,190.0,120.0,-70.0,70.0,4900.0,LABORAL,7,False
freeze_20260610_192142,baselines_full_20260718,seasonal_naive_weekly,1,30,21,2025-08-04 13:00:00,2025-08-04 13:30:00,1,257.0,153.0,-104.0,104.0,10816.0,LABORAL,13,False
freeze_20260610_192142,baselines_full_20260718,seasonal_naive_weekly,1,30,21,2025-08-04 17:00:00,2025-08-04 17:30:00,1,45.0,16.0,-29.0,29.0,841.0,LABORAL,17,False
freeze_20260610_192142,baselines_full_20260718,seasonal_naive_weekly,1,30,22,2025-08-05 10:00:00,2025-08-05 10:30:00,1,100.0,124.0,24.0,24.0,576.0,LABORAL,10,False
freeze_20260610_192142,baselines_full_20260718,seasonal_naive_weekly,1,30,22,2025-08-05 13:30:00,2025-08-05 14:00:00,1,108.0,168.0,60.0,60.0,3600.0,LABORAL,14,False
freeze_20260610_192142,baselines_full_20260718,seasonal_naive_weekly,1,30,22,2025-08-06 07:00:00,2025-08-06 07:30:00,1,50.0,85.0,35.0,35.0,1225.0,LABORAL,7,False
freeze_20260610_192142,baselines_full_20260718,seasonal_naive_weekly,1,30,22,2025-08-06 09:30:00,2025-08-06 10:00:00,1,131.0,43.0,-88.0,88.0,7744.0,LABORAL,10,False
freeze_20260610_192142,baselines_full_20260718,seasonal_naive_weekly,1,30,22,2025-08-06 15:30:00,2025-08-06 16:00:00,1,113.0,196.0,83.0,83.0,6889.0,LABORAL,16,False
freeze_20260610_192142,baselines_full_20260718,seasonal_naive_weekly,1,30,22,2025-08-06 16:30:00,2025-08-06 17:00:00,1,45.0,77.0,32.0,32.0,1024.0,LABORAL,17,False
freeze_20260610_192142,baselines_full_20260718,seasonal_naive_weekly,1,30,22,2025-08-07 07:30:00,2025-08-07 08:00:00,1,31.0,138.0,107.0,107.0,11449.0,FESTIVO,8,False
freeze_20260610_192142,baselines_full_20260718,seasonal_naive_weekly,1,30,22,2025-08-08 05:00:00,2025-08-08 05:30:00,1,113.0,129.0,16.0,16.0,256.0,LABORAL,5,False
freeze_20260610_192142,baselines_full_20260718,seasonal_naive_weekly,1,30,22,2025-08-08 17:00:00,2025-08-08 17:30:00,1,67.0,45.0,-22.0,22.0,484.0,LABORAL,17,False
freeze_20260610_192142,baselines_full_20260718,seasonal_naive_weekly,1,30,22,2025-08-08 17:30:00,2025-08-08 18:00:00,1,,,,,,LABORAL,18,True
freeze_20260610_192142,baselines_full_20260718,seasonal_naive_weekly,1,30,22,2025-08-09 08:30:00,2025-08-09 09:00:00,1,65.0,107.0,42.0,42.0,1764.0,SABADO,9,False
freeze_20260610_192142,baselines_full_20260718,seasonal_naive_weekly,1,30,22,2025-08-12 06:00:00,2025-08-12 06:30:00,1,117.0,189.0,72.0,72.0,5184.0,LABORAL,6,False
freeze_20260610_192142,baselines_full_20260718,seasonal_naive_weekly,1,30,22,2025-08-12 11:30:00,2025-08-12 12:00:00,1,97.0,122.0,25.0,25.0,625.0,LABORAL,12,False
freeze_20260610_192142,baselines_full_20260718,seasonal_naive_weekly,1,30,22,2025-08-13 12:30:00,2025-08-13 13:00:00,1,140.0,72.0,-68.0,68.0,4624.0,LABORAL,13,False
freeze_20260610_192142,baselines_full_20260718,seasonal_naive_weekly,1,30,22,2025-08-15 07:00:00,2025-08-15 07:30:00,1,131.0,117.0,-14.0,14.0,196.0,LABORAL,7,False
freeze_20260610_192142,baselines_full_20260718,seasonal_naive_weekly,1,30,22,2025-08-15 13:30:00,2025-08-15 14:00:00,1,122.0,141.0,19.0,19.0,361.0,LABORAL,14,False
freeze_20260610_192142,baselines_full_20260718,seasonal_naive_weekly,1,30,22,2025-08-16 04:30:00,2025-08-16 05:00:00,1,99.0,79.0,-20.0,20.0,400.0,SABADO,5,False
freeze_20260610_192142,baselines_full_20260718,seasonal_naive_weekly,1,30,22,2025-08-16 16:00:00,2025-08-16 16:30:00,1,97.0,22.0,-75.0,75.0,5625.0,SABADO,16,False
freeze_20260610_192142,baselines_full_20260718,seasonal_naive_weekly,1,30,23,2025-08-19 07:00:00,2025-08-19 07:30:00,1,178.0,187.0,9.0,9.0,81.0,LABORAL,7,False
freeze_20260610_192142,baselines_full_20260718,seasonal_naive_weekly,1,30,23,2025-08-19 11:30:00,2025-08-19 12:00:00,1,117.0,97.0,-20.0,20.0,400.0,LABORAL,12,False
freeze_20260610_192142,baselines_full_20260718,seasonal_naive_weekly,1,30,23,2025-08-20 11:00:00,2025-08-20 11:30:00,1,129.0,148.0,19.0,19.0,361.0,LABORAL,11,False
freeze_20260610_192142,baselines_full_20260718,seasonal_naive_weekly,1,30,23,2025-08-24 08:30:00,2025-08-24 09:00:00,1,,83.0,,,,DOMINGO,9,True
freeze_20260610_192142,baselines_full_20260718,seasonal_naive_weekly,1,30,23,2025-08-24 16:30:00,2025-08-24 17:00:00,1,,,,,,DOMINGO,17,True
freeze_20260610_192142,baselines_full_20260718,seasonal_naive_weekly,1,30,23,2025-08-25 17:00:00,2025-08-25 17:30:00,1,37.0,,,,,LABORAL,17,False
freeze_20260610_192142,baselines_full_20260718,seasonal_naive_weekly,1,30,23,2025-08-26 17:30:00,2025-08-26 18:00:00,1,,21.0,,,,LABORAL,18,True
freeze_20260610_192142,baselines_full_20260718,seasonal_naive_weekly,1,30,23,2025-08-29 09:30:00,2025-08-29 10:00:00,1,110.0,99.0,-11.0,11.0,121.0,LABORAL,10,False
freeze_20260610_192142,baselines_full_20260718,seasonal_naive_weekly,1,30,24,2025-09-03 04:00:00,2025-09-03 04:30:00,1,126.0,134.0,8.0,8.0,64.0,LABORAL,4,False
freeze_20260610_192142,baselines_full_20260718,seasonal_naive_weekly,1,30,24,2025-09-03 04:30:00,2025-09-03 05:00:00,1,137.0,118.0,-19.0,19.0,361.0,LABORAL,5,False
freeze_20260610_192142,baselines_full_20260718,seasonal_naive_weekly,1,30,24,2025-09-04 17:30:00,2025-09-04 18:00:00,1,,9.0,,,,LABORAL,18,True
freeze_20260610_192142,baselines_full_20260718,seasonal_naive_weekly,1,30,24,2025-09-05 11:00:00,2025-09-05 11:30:00,1,118.0,124.0,6.0,6.0,36.0,LABORAL,11,False
freeze_20260610_192142,baselines_full_20260718,seasonal_naive_weekly,1,30,24,2025-09-06 09:30:00,2025-09-06 10:00:00,1,104.0,96.0,-8.0,8.0,64.0,SABADO,10,False
freeze_20260610_192142,baselines_full_20260718,seasonal_naive_weekly,1,30,24,2025-09-06 13:30:00,2025-09-06 14:00:00,1,127.0,39.0,-88.0,88.0,7744.0,SABADO,14,False
freeze_20260610_192142,baselines_full_20260718,seasonal_naive_weekly,1,30,24,2025-09-09 07:00:00,2025-09-09 07:30:00,1,102.0,147.0,45.0,45.0,2025.0,LABORAL,7,False
freeze_20260610_192142,baselines_full_20260718,seasonal_naive_weekly,1,30,24,2025-09-10 04:30:00,2025-09-10 05:00:00,1,127.0,137.0,10.0,10.0,100.0,LABORAL,5,False
freeze_20260610_192142,baselines_full_20260718,seasonal_naive_weekly,1,30,24,2025-09-10 15:30:00,2025-09-10 16:00:00,1,180.0,135.0,-45.0,45.0,2025.0,LABORAL,16,False
freeze_20260610_192142,baselines_full_20260718,seasonal_naive_weekly,1,30,24,2025-09-11 05:30:00,2025-09-11 06:00:00,1,180.0,76.0,-104.0,104.0,10816.0,LABORAL,6,False
freeze_20260610_192142,baselines_full_20260718,seasonal_naive_weekly,1,30,24,2025-09-11 09:30:00,2025-09-11 10:00:00,1,129.0,72.0,-57.0,57.0,3249.0,LABORAL,10,False
freeze_20260610_192142,baselines_full_20260718,seasonal_naive_weekly,1,30,24,2025-09-12 16:00:00,2025-09-12 16:30:00,1,127.0,186.0,59.0,59.0,3481.0,LABORAL,16,False
freeze_20260610_192142,baselines_full_20260718,seasonal_naive_weekly,1,30,24,2025-09-14 06:00:00,2025-09-14 06:30:00,1,,33.0,,,,DOMINGO,6,True
freeze_20260610_192142,baselines_full_20260718,seasonal_naive_weekly,1,30,24,2025-09-14 09:00:00,2025-09-14 09:30:00,1,59.0,29.0,-30.0,30.0,900.0,DOMINGO,9,False
freeze_20260610_192142,baselines_full_20260718,seasonal_naive_weekly,1,30,24,2025-09-15 08:30:00,2025-09-15 09:00:00,1,171.0,194.0,23.0,23.0,529.0,LABORAL,9,False
freeze_20260610_192142,baselines_full_20260718,seasonal_naive_weekly,1,30,25,2025-09-16 04:00:00,2025-09-16 04:30:00,1,126.0,87.0,-39.0,39.0,1521.0,LABORAL,4,False
freeze_20260610_192142,baselines_full_20260718,seasonal_naive_weekly,1,30,25,2025-09-16 04:30:00,2025-09-16 05:00:00,1,188.0,160.0,-28.0,28.0,784.0,LABORAL,5,False
freeze_20260610_192142,baselines_full_20260718,seasonal_naive_weekly,1,30,25,2025-09-16 12:30:00,2025-09-16 13:00:00,1,98.0,138.0,40.0,40.0,1600.0,LABORAL,13,False
freeze_20260610_192142,baselines_full_20260718,seasonal_naive_weekly,1,30,25,2025-09-17 07:00:00,2025-09-17 07:30:00,1,147.0,110.0,-37.0,37.0,1369.0,LABORAL,7,False
freeze_20260610_192142,baselines_full_20260718,seasonal_naive_weekly,1,30,25,2025-09-17 08:30:00,2025-09-17 09:00:00,1,129.0,137.0,8.0,8.0,64.0,LABORAL,9,False
freeze_20260610_192142,baselines_full_20260718,seasonal_naive_weekly,1,30,25,2025-09-18 04:30:00,2025-09-18 05:00:00,1,87.0,130.0,43.0,43.0,1849.0,LABORAL,5,False
freeze_20260610_192142,baselines_full_20260718,seasonal_naive_weekly,1,30,25,2025-09-20 06:30:00,2025-09-20 07:00:00,1,119.0,104.0,-15.0,15.0,225.0,SABADO,7,False
freeze_20260610_192142,baselines_full_20260718,seasonal_naive_weekly,1,30,25,2025-09-20 12:30:00,2025-09-20 13:00:00,1,54.0,,,,,SABADO,13,False
freeze_20260610_192142,baselines_full_20260718,seasonal_naive_weekly,1,30,25,2025-09-21 12:00:00,2025-09-21 12:30:00,1,,,,,,DOMINGO,12,True
freeze_20260610_192142,baselines_full_20260718,seasonal_naive_weekly,1,30,25,2025-09-22 05:30:00,2025-09-22 06:00:00,1,197.0,197.0,0.0,0.0,0.0,LABORAL,6,False
freeze_20260610_192142,baselines_full_20260718,seasonal_naive_weekly,1,30,25,2025-09-24 12:30:00,2025-09-24 13:00:00,1,154.0,105.0,-49.0,49.0,2401.0,LABORAL,13,False
freeze_20260610_192142,baselines_full_20260718,seasonal_naive_weekly,1,30,25,2025-09-25 12:00:00,2025-09-25 12:30:00,1,134.0,69.0,-65.0,65.0,4225.0,LABORAL,12,False
freeze_20260610_192142,baselines_full_20260718,seasonal_naive_weekly,1,30,25,2025-09-25 12:30:00,2025-09-25 13:00:00,1,160.0,191.0,31.0,31.0,961.0,LABORAL,13,False
freeze_20260610_192142,baselines_full_20260718,seasonal_naive_weekly,1,30,25,2025-09-25 13:30:00,2025-09-25 14:00:00,1,119.0,118.0,-1.0,1.0,1.0,LABORAL,14,False
freeze_20260610_192142,baselines_full_20260718,seasonal_naive_weekly,1,30,25,2025-09-26 14:00:00,2025-09-26 14:30:00,1,148.0,212.0,64.0,64.0,4096.0,LABORAL,14,False
freeze_20260610_192142,baselines_full_20260718,seasonal_naive_weekly,1,30,25,2025-09-27 11:00:00,2025-09-27 11:30:00,1,56.0,99.0,43.0,43.0,1849.0,SABADO,11,False
freeze_20260610_192142,baselines_full_20260718,seasonal_naive_weekly,1,30,25,2025-09-29 10:00:00,2025-09-29 10:30:00,1,144.0,138.0,-6.0,6.0,36.0,LABORAL,10,False
freeze_20260610_192142,baselines_full_20260718,seasonal_naive_weekly,1,30,25,2025-09-29 14:00:00,2025-09-29 14:30:00,1,286.0,228.0,-58.0,58.0,3364.0,LABORAL,14,False
freeze_20260610_192142,baselines_full_20260718,seasonal_naive_weekly,1,30,26,2025-10-01 04:30:00,2025-10-01 05:00:00,1,192.0,100.0,-92.0,92.0,8464.0,LABORAL,5,False
freeze_20260610_192142,baselines_full_20260718,seasonal_naive_weekly,1,30,26,2025-10-01 08:30:00,2025-10-01 09:00:00,1,138.0,185.0,47.0,47.0,2209.0,LABORAL,9,False
freeze_20260610_192142,baselines_full_20260718,seasonal_naive_weekly,1,30,26,2025-10-01 11:30:00,2025-10-01 12:00:00,1,142.0,101.0,-41.0,41.0,1681.0,LABORAL,12,False
freeze_20260610_192142,baselines_full_20260718,seasonal_naive_weekly,1,30,26,2025-10-01 17:00:00,2025-10-01 17:30:00,1,27.0,19.0,-8.0,8.0,64.0,LABORAL,17,False
freeze_20260610_192142,baselines_full_20260718,seasonal_naive_weekly,1,30,26,2025-10-05 07:30:00,2025-10-05 08:00:00,1,42.0,24.0,-18.0,18.0,324.0,DOMINGO,8,False
freeze_20260610_192142,baselines_full_20260718,seasonal_naive_weekly,1,30,26,2025-10-05 10:30:00,2025-10-05 11:00:00,1,33.0,28.0,-5.0,5.0,25.0,DOMINGO,11,False
freeze_20260610_192142,baselines_full_20260718,seasonal_naive_weekly,1,30,26,2025-10-05 11:30:00,2025-10-05 12:00:00,1,23.0,,,,,DOMINGO,12,False
freeze_20260610_192142,baselines_full_20260718,seasonal_naive_weekly,1,30,26,2025-10-05 16:30:00,2025-10-05 17:00:00,1,,,,,,DOMINGO,17,True
freeze_20260610_192142,baselines_full_20260718,seasonal_naive_weekly,1,30,26,2025-10-06 06:00:00,2025-10-06 06:30:00,1,170.0,198.0,28.0,28.0,784.0,LABORAL,6,False
freeze_20260610_192142,baselines_full_20260718,seasonal_naive_weekly,1,30,26,2025-10-06 06:30:00,2025-10-06 07:00:00,1,155.0,40.0,-115.0,115.0,13225.0,LABORAL,7,False
freeze_20260610_192142,baselines_full_20260718,seasonal_naive_weekly,1,30,26,2025-10-06 09:00:00,2025-10-06 09:30:00,1,199.0,122.0,-77.0,77.0,5929.0,LABORAL,9,False
freeze_20260610_192142,baselines_full_20260718,seasonal_naive_weekly,1,30,26,2025-10-06 12:00:00,2025-10-06 12:30:00,1,164.0,216.0,52.0,52.0,2704.0,LABORAL,12,False
freeze_20260610_192142,baselines_full_20260718,seasonal_naive_weekly,1,30,26,2025-10-08 06:30:00,2025-10-08 07:00:00,1,141.0,135.0,-6.0,6.0,36.0,LABORAL,7,False
freeze_20260610_192142,baselines_full_20260718,seasonal_naive_weekly,1,30,26,2025-10-08 13:30:00,2025-10-08 14:00:00,1,142.0,150.0,8.0,8.0,64.0,LABORAL,14,False
freeze_20260610_192142,baselines_full_20260718,seasonal_naive_weekly,1,30,26,2025-10-09 05:30:00,2025-10-09 06:00:00,1,181.0,148.0,-33.0,33.0,1089.0,LABORAL,6,False
freeze_20260610_192142,baselines_full_20260718,seasonal_naive_weekly,1,30,26,2025-10-10 05:30:00,2025-10-10 06:00:00,1,147.0,197.0,50.0,50.0,2500.0,LABORAL,6,False
freeze_20260610_192142,baselines_full_20260718,seasonal_naive_weekly,1,30,26,2025-10-11 15:30:00,2025-10-11 16:00:00,1,48.0,58.0,10.0,10.0,100.0,SABADO,16,False
freeze_20260610_192142,baselines_full_20260718,seasonal_naive_weekly,1,30,26,2025-10-11 16:30:00,2025-10-11 17:00:00,1,41.0,,,,,SABADO,17,False
freeze_20260610_192142,baselines_full_20260718,seasonal_naive_weekly,1,30,26,2025-10-12 11:30:00,2025-10-12 12:00:00,1,26.0,23.0,-3.0,3.0,9.0,DOMINGO,12,False
freeze_20260610_192142,baselines_full_20260718,seasonal_naive_weekly,1,30,26,2025-10-13 07:00:00,2025-10-13 07:30:00,1,45.0,149.0,104.0,104.0,10816.0,FESTIVO_PUENTE,7,False
freeze_20260610_192142,baselines_full_20260718,seasonal_naive_weekly,1,30,27,2025-10-14 04:30:00,2025-10-14 05:00:00,1,109.0,148.0,39.0,39.0,1521.0,LABORAL,5,False
freeze_20260610_192142,baselines_full_20260718,seasonal_naive_weekly,1,30,27,2025-10-16 04:30:00,2025-10-16 05:00:00,1,130.0,113.0,-17.0,17.0,289.0,LABORAL,5,False
freeze_20260610_192142,baselines_full_20260718,seasonal_naive_weekly,1,30,27,2025-10-16 08:00:00,2025-10-16 08:30:00,1,73.0,196.0,123.0,123.0,15129.0,LABORAL,8,False
freeze_20260610_192142,baselines_full_20260718,seasonal_naive_weekly,1,30,27,2025-10-16 09:00:00,2025-10-16 09:30:00,1,136.0,151.0,15.0,15.0,225.0,LABORAL,9,False
freeze_20260610_192142,baselines_full_20260718,seasonal_naive_weekly,1,30,27,2025-10-16 15:00:00,2025-10-16 15:30:00,1,175.0,224.0,49.0,49.0,2401.0,LABORAL,15,False
freeze_20260610_192142,baselines_full_20260718,seasonal_naive_weekly,1,30,27,2025-10-19 15:00:00,2025-10-19 15:30:00,1,27.0,30.0,3.0,3.0,9.0,DOMINGO,15,False
freeze_20260610_192142,baselines_full_20260718,seasonal_naive_weekly,1,30,27,2025-10-20 06:00:00,2025-10-20 06:30:00,1,120.0,,,,,LABORAL,6,False
freeze_20260610_192142,baselines_full_20260718,seasonal_naive_weekly,1,30,27,2025-10-21 07:00:00,2025-10-21 07:30:00,1,122.0,129.0,7.0,7.0,49.0,LABORAL,7,False
freeze_20260610_192142,baselines_full_20260718,seasonal_naive_weekly,1,30,27,2025-10-21 09:00:00,2025-10-21 09:30:00,1,149.0,169.0,20.0,20.0,400.0,LABORAL,9,False
freeze_20260610_192142,baselines_full_20260718,seasonal_naive_weekly,1,30,27,2025-10-21 11:30:00,2025-10-21 12:00:00,1,102.0,122.0,20.0,20.0,400.0,LABORAL,12,False
freeze_20260610_192142,baselines_full_20260718,seasonal_naive_weekly,1,30,27,2025-10-21 15:00:00,2025-10-21 15:30:00,1,226.0,139.0,-87.0,87.0,7569.0,LABORAL,15,False
freeze_20260610_192142,baselines_full_20260718,seasonal_naive_weekly,1,30,27,2025-10-23 15:00:00,2025-10-23 15:30:00,1,174.0,175.0,1.0,1.0,1.0,LABORAL,15,False
freeze_20260610_192142,baselines_full_20260718,seasonal_naive_weekly,1,30,27,2025-10-24 05:00:00,2025-10-24 05:30:00,1,139.0,182.0,43.0,43.0,1849.0,LABORAL,5,False
freeze_20260610_192142,baselines_full_20260718,seasonal_naive_weekly,1,30,27,2025-10-24 13:00:00,2025-10-24 13:30:00,1,167.0,86.0,-81.0,81.0,6561.0,LABORAL,13,False
freeze_20260610_192142,baselines_full_20260718,seasonal_naive_weekly,1,30,27,2025-10-25 05:00:00,2025-10-25 05:30:00,1,119.0,104.0,-15.0,15.0,225.0,SABADO,5,False
freeze_20260610_192142,baselines_full_20260718,seasonal_naive_weekly,1,30,27,2025-10-26 04:30:00,2025-10-26 05:00:00,1,,36.0,,,,DOMINGO,5,True
freeze_20260610_192142,baselines_full_20260718,seasonal_naive_weekly,1,30,27,2025-10-27 08:30:00,2025-10-27 09:00:00,1,137.0,219.0,82.0,82.0,6724.0,LABORAL,9,False
freeze_20260610_192142,baselines_full_20260718,seasonal_naive_weekly,1,30,28,2025-10-28 07:00:00,2025-10-28 07:30:00,1,158.0,122.0,-36.0,36.0,1296.0,LABORAL,7,False
freeze_20260610_192142,baselines_full_20260718,seasonal_naive_weekly,1,30,28,2025-10-28 13:30:00,2025-10-28 14:00:00,1,98.0,199.0,101.0,101.0,10201.0,LABORAL,14,False
freeze_20260610_192142,baselines_full_20260718,seasonal_naive_weekly,1,30,28,2025-10-30 04:00:00,2025-10-30 04:30:00,1,89.0,145.0,56.0,56.0,3136.0,LABORAL,4,False
freeze_20260610_192142,baselines_full_20260718,seasonal_naive_weekly,1,30,28,2025-10-30 12:30:00,2025-10-30 13:00:00,1,223.0,173.0,-50.0,50.0,2500.0,LABORAL,13,False
freeze_20260610_192142,baselines_full_20260718,seasonal_naive_weekly,1,30,28,2025-10-30 13:30:00,2025-10-30 14:00:00,1,164.0,131.0,-33.0,33.0,1089.0,LABORAL,14,False
freeze_20260610_192142,baselines_full_20260718,seasonal_naive_weekly,1,30,28,2025-11-07 04:30:00,2025-11-07 05:00:00,1,86.0,114.0,28.0,28.0,784.0,LABORAL,5,False
freeze_20260610_192142,baselines_full_20260718,seasonal_naive_weekly,1,30,28,2025-11-08 05:30:00,2025-11-08 06:00:00,1,81.0,94.0,13.0,13.0,169.0,SABADO,6,False
freeze_20260610_192142,baselines_full_20260718,seasonal_naive_weekly,1,30,29,2025-11-13 09:00:00,2025-11-13 09:30:00,1,86.0,86.0,0.0,0.0,0.0,LABORAL,9,False
freeze_20260610_192142,baselines_full_20260718,seasonal_naive_weekly,1,30,29,2025-11-13 13:00:00,2025-11-13 13:30:00,1,100.0,103.0,3.0,3.0,9.0,LABORAL,13,False
freeze_20260610_192142,baselines_full_20260718,seasonal_naive_weekly,1,30,29,2025-11-14 09:00:00,2025-11-14 09:30:00,1,105.0,122.0,17.0,17.0,289.0,LABORAL,9,False
freeze_20260610_192142,baselines_full_20260718,seasonal_naive_weekly,1,30,29,2025-11-15 06:30:00,2025-11-15 07:00:00,1,181.0,94.0,-87.0,87.0,7569.0,SABADO,7,False
freeze_20260610_192142,baselines_full_20260718,seasonal_naive_weekly,1,30,29,2025-11-15 07:00:00,2025-11-15 07:30:00,1,73.0,110.0,37.0,37.0,1369.0,SABADO,7,False
freeze_20260610_192142,baselines_full_20260718,seasonal_naive_weekly,1,30,29,2025-11-15 07:30:00,2025-11-15 08:00:00,1,101.0,55.0,-46.0,46.0,2116.0,SABADO,8,False
freeze_20260610_192142,baselines_full_20260718,seasonal_naive_weekly,1,30,29,2025-11-15 12:00:00,2025-11-15 12:30:00,1,98.0,126.0,28.0,28.0,784.0,SABADO,12,False
freeze_20260610_192142,baselines_full_20260718,seasonal_naive_weekly,1,30,29,2025-11-16 13:30:00,2025-11-16 14:00:00,1,,,,,,DOMINGO,14,True
freeze_20260610_192142,baselines_full_20260718,seasonal_naive_weekly,1,30,29,2025-11-16 15:00:00,2025-11-16 15:30:00,1,,30.0,,,,DOMINGO,15,True
freeze_20260610_192142,baselines_full_20260718,seasonal_naive_weekly,1,30,29,2025-11-17 05:30:00,2025-11-17 06:00:00,1,,157.0,,,,FESTIVO_PUENTE,6,True
freeze_20260610_192142,baselines_full_20260718,seasonal_naive_weekly,1,30,29,2025-11-17 09:00:00,2025-11-17 09:30:00,1,12.0,81.0,69.0,69.0,4761.0,FESTIVO_PUENTE,9,False
freeze_20260610_192142,baselines_full_20260718,seasonal_naive_weekly,1,30,29,2025-11-17 14:00:00,2025-11-17 14:30:00,1,36.0,121.0,85.0,85.0,7225.0,FESTIVO_PUENTE,14,False
freeze_20260610_192142,baselines_full_20260718,seasonal_naive_weekly,1,30,29,2025-11-18 12:30:00,2025-11-18 13:00:00,1,158.0,142.0,-16.0,16.0,256.0,LABORAL,13,False
freeze_20260610_192142,baselines_full_20260718,seasonal_naive_weekly,1,30,29,2025-11-18 16:00:00,2025-11-18 16:30:00,1,132.0,127.0,-5.0,5.0,25.0,LABORAL,16,False
freeze_20260610_192142,baselines_full_20260718,seasonal_naive_weekly,1,30,29,2025-11-19 10:30:00,2025-11-19 11:00:00,1,124.0,92.0,-32.0,32.0,1024.0,LABORAL,11,False
freeze_20260610_192142,baselines_full_20260718,seasonal_naive_weekly,1,30,29,2025-11-20 14:00:00,2025-11-20 14:30:00,1,181.0,152.0,-29.0,29.0,841.0,LABORAL,14,False
freeze_20260610_192142,baselines_full_20260718,seasonal_naive_weekly,1,30,29,2025-11-20 14:30:00,2025-11-20 15:00:00,1,288.0,144.0,-144.0,144.0,20736.0,LABORAL,15,False
freeze_20260610_192142,baselines_full_20260718,seasonal_naive_weekly,1,30,29,2025-11-22 11:30:00,2025-11-22 12:00:00,1,56.0,72.0,16.0,16.0,256.0,SABADO,12,False
freeze_20260610_192142,baselines_full_20260718,seasonal_naive_weekly,1,30,29,2025-11-22 13:00:00,2025-11-22 13:30:00,1,25.0,94.0,69.0,69.0,4761.0,SABADO,13,False
freeze_20260610_192142,baselines_full_20260718,seasonal_naive_weekly,1,30,29,2025-11-23 08:30:00,2025-11-23 09:00:00,1,43.0,25.0,-18.0,18.0,324.0,DOMINGO,9,False
freeze_20260610_192142,baselines_full_20260718,seasonal_naive_weekly,1,30,29,2025-11-24 17:30:00,2025-11-24 18:00:00,1,,,,,,LABORAL,18,True
freeze_20260610_192142,baselines_full_20260718,seasonal_naive_weekly,1,30,30,2025-11-25 06:30:00,2025-11-25 07:00:00,1,67.0,94.0,27.0,27.0,729.0,LABORAL,7,False
freeze_20260610_192142,baselines_full_20260718,seasonal_naive_weekly,1,30,30,2025-11-26 05:00:00,2025-11-26 05:30:00,1,173.0,112.0,-61.0,61.0,3721.0,LABORAL,5,False
freeze_20260610_192142,baselines_full_20260718,seasonal_naive_weekly,1,30,30,2025-11-26 11:30:00,2025-11-26 12:00:00,1,164.0,103.0,-61.0,61.0,3721.0,LABORAL,12,False
freeze_20260610_192142,baselines_full_20260718,seasonal_naive_weekly,1,30,30,2025-11-27 10:00:00,2025-11-27 10:30:00,1,86.0,120.0,34.0,34.0,1156.0,LABORAL,10,False
freeze_20260610_192142,baselines_full_20260718,seasonal_naive_weekly,1,30,30,2025-11-27 16:00:00,2025-11-27 16:30:00,1,98.0,152.0,54.0,54.0,2916.0,LABORAL,16,False
freeze_20260610_192142,baselines_full_20260718,seasonal_naive_weekly,1,30,30,2025-11-28 07:30:00,2025-11-28 08:00:00,1,140.0,132.0,-8.0,8.0,64.0,LABORAL,8,False
freeze_20260610_192142,baselines_full_20260718,seasonal_naive_weekly,1,30,30,2025-11-28 10:30:00,2025-11-28 11:00:00,1,100.0,49.0,-51.0,51.0,2601.0,LABORAL,11,False
freeze_20260610_192142,baselines_full_20260718,seasonal_naive_weekly,1,30,30,2025-11-30 07:00:00,2025-11-30 07:30:00,1,25.0,36.0,11.0,11.0,121.0,DOMINGO,7,False
freeze_20260610_192142,baselines_full_20260718,seasonal_naive_weekly,1,30,30,2025-12-02 08:30:00,2025-12-02 09:00:00,1,141.0,112.0,-29.0,29.0,841.0,LABORAL,9,False
freeze_20260610_192142,baselines_full_20260718,seasonal_naive_weekly,1,30,30,2025-12-02 11:30:00,2025-12-02 12:00:00,1,81.0,84.0,3.0,3.0,9.0,LABORAL,12,False
freeze_20260610_192142,baselines_full_20260718,seasonal_naive_weekly,1,30,30,2025-12-04 11:00:00,2025-12-04 11:30:00,1,99.0,96.0,-3.0,3.0,9.0,LABORAL,11,False
freeze_20260610_192142,baselines_full_20260718,seasonal_naive_weekly,1,30,30,2025-12-04 14:00:00,2025-12-04 14:30:00,1,113.0,182.0,69.0,69.0,4761.0,LABORAL,14,False
freeze_20260610_192142,baselines_full_20260718,seasonal_naive_weekly,1,30,30,2025-12-07 09:00:00,2025-12-07 09:30:00,1,,60.0,,,,DOMINGO,9,True
freeze_20260610_192142,baselines_full_20260718,seasonal_naive_weekly,1,30,31,2025-12-09 10:30:00,2025-12-09 11:00:00,1,78.0,82.0,4.0,4.0,16.0,LABORAL,11,False
freeze_20260610_192142,baselines_full_20260718,seasonal_naive_weekly,1,30,31,2025-12-10 12:00:00,2025-12-10 12:30:00,1,181.0,164.0,-17.0,17.0,289.0,LABORAL,12,False
freeze_20260610_192142,baselines_full_20260718,seasonal_naive_weekly,1,30,31,2025-12-12 05:30:00,2025-12-12 06:00:00,1,101.0,106.0,5.0,5.0,25.0,LABORAL,6,False
freeze_20260610_192142,baselines_full_20260718,seasonal_naive_weekly,1,30,31,2025-12-13 17:00:00,2025-12-13 17:30:00,1,,46.0,,,,SABADO,17,True
freeze_20260610_192142,baselines_full_20260718,seasonal_naive_weekly,1,30,31,2025-12-14 07:30:00,2025-12-14 08:00:00,1,61.0,25.0,-36.0,36.0,1296.0,DOMINGO,8,False
freeze_20260610_192142,baselines_full_20260718,seasonal_naive_weekly,1,30,31,2025-12-14 14:00:00,2025-12-14 14:30:00,1,,,,,,DOMINGO,14,True
freeze_20260610_192142,baselines_full_20260718,seasonal_naive_weekly,1,30,31,2025-12-15 07:00:00,2025-12-15 07:30:00,1,201.0,19.0,-182.0,182.0,33124.0,LABORAL,7,False
freeze_20260610_192142,baselines_full_20260718,seasonal_naive_weekly,1,30,31,2025-12-15 12:00:00,2025-12-15 12:30:00,1,81.0,,,,,LABORAL,12,False
freeze_20260610_192142,baselines_full_20260718,seasonal_naive_weekly,1,30,31,2025-12-15 16:30:00,2025-12-15 17:00:00,1,52.0,,,,,LABORAL,17,False
freeze_20260610_192142,baselines_full_20260718,seasonal_naive_weekly,1,30,31,2025-12-18 04:00:00,2025-12-18 04:30:00,1,61.0,130.0,69.0,69.0,4761.0,LABORAL,4,False
freeze_20260610_192142,baselines_full_20260718,seasonal_naive_weekly,1,30,31,2025-12-18 16:30:00,2025-12-18 17:00:00,1,78.0,54.0,-24.0,24.0,576.0,LABORAL,17,False
freeze_20260610_192142,baselines_full_20260718,seasonal_naive_weekly,1,30,31,2025-12-20 04:00:00,2025-12-20 04:30:00,1,50.0,94.0,44.0,44.0,1936.0,SABADO,4,False
freeze_20260610_192142,baselines_full_20260718,seasonal_naive_weekly,1,30,31,2025-12-20 06:00:00,2025-12-20 06:30:00,1,149.0,71.0,-78.0,78.0,6084.0,SABADO,6,False
freeze_20260610_192142,baselines_full_20260718,seasonal_naive_weekly,1,30,31,2025-12-20 09:30:00,2025-12-20 10:00:00,1,136.0,56.0,-80.0,80.0,6400.0,SABADO,10,False
freeze_20260610_192142,baselines_full_20260718,seasonal_naive_weekly,1,30,32,2025-12-24 05:00:00,2025-12-24 05:30:00,1,94.0,164.0,70.0,70.0,4900.0,LABORAL,5,False
freeze_20260610_192142,baselines_full_20260718,seasonal_naive_weekly,1,30,32,2025-12-26 07:00:00,2025-12-26 07:30:00,1,140.0,155.0,15.0,15.0,225.0,LABORAL,7,False
freeze_20260610_192142,baselines_full_20260718,seasonal_naive_weekly,1,30,32,2025-12-26 14:00:00,2025-12-26 14:30:00,1,141.0,161.0,20.0,20.0,400.0,LABORAL,14,False
freeze_20260610_192142,baselines_full_20260718,seasonal_naive_weekly,1,30,32,2025-12-27 09:00:00,2025-12-27 09:30:00,1,93.0,120.0,27.0,27.0,729.0,SABADO,9,False
freeze_20260610_192142,baselines_full_20260718,seasonal_naive_weekly,1,30,32,2025-12-27 10:30:00,2025-12-27 11:00:00,1,47.0,87.0,40.0,40.0,1600.0,SABADO,11,False
freeze_20260610_192142,baselines_full_20260718,seasonal_naive_weekly,1,30,32,2025-12-30 05:30:00,2025-12-30 06:00:00,1,121.0,59.0,-62.0,62.0,3844.0,LABORAL,6,False
freeze_20260610_192142,baselines_full_20260718,seasonal_naive_weekly,1,30,33,2026-01-08 05:00:00,2026-01-08 05:30:00,1,105.0,,,,,LABORAL,5,False
freeze_20260610_192142,baselines_full_20260718,seasonal_naive_weekly,1,30,33,2026-01-09 12:00:00,2026-01-09 12:30:00,1,75.0,97.0,22.0,22.0,484.0,LABORAL,12,False
freeze_20260610_192142,baselines_full_20260718,seasonal_naive_weekly,1,30,33,2026-01-12 07:30:00,2026-01-12 08:00:00,1,21.0,60.0,39.0,39.0,1521.0,FESTIVO_PUENTE,8,False
freeze_20260610_192142,baselines_full_20260718,seasonal_naive_weekly,1,30,33,2026-01-12 15:00:00,2026-01-12 15:30:00,1,,196.0,,,,FESTIVO_PUENTE,15,True
freeze_20260610_192142,baselines_full_20260718,seasonal_naive_weekly,1,30,33,2026-01-13 11:00:00,2026-01-13 11:30:00,1,142.0,79.0,-63.0,63.0,3969.0,LABORAL,11,False
freeze_20260610_192142,baselines_full_20260718,seasonal_naive_weekly,1,30,33,2026-01-14 12:00:00,2026-01-14 12:30:00,1,171.0,124.0,-47.0,47.0,2209.0,LABORAL,12,False
freeze_20260610_192142,baselines_full_20260718,seasonal_naive_weekly,1,30,33,2026-01-17 10:30:00,2026-01-17 11:00:00,1,107.0,102.0,-5.0,5.0,25.0,SABADO,11,False
freeze_20260610_192142,baselines_full_20260718,seasonal_naive_weekly,1,30,33,2026-01-18 06:00:00,2026-01-18 06:30:00,1,,,,,,DOMINGO,6,True
freeze_20260610_192142,baselines_full_20260718,seasonal_naive_weekly,1,30,33,2026-01-18 13:30:00,2026-01-18 14:00:00,1,74.0,23.0,-51.0,51.0,2601.0,DOMINGO,14,False
freeze_20260610_192142,baselines_full_20260718,seasonal_naive_weekly,1,30,33,2026-01-19 13:30:00,2026-01-19 14:00:00,1,254.0,,,,,LABORAL,14,False
freeze_20260610_192142,baselines_full_20260718,seasonal_naive_weekly,1,30,34,2026-01-20 14:00:00,2026-01-20 14:30:00,1,134.0,188.0,54.0,54.0,2916.0,LABORAL,14,False
freeze_20260610_192142,baselines_full_20260718,seasonal_naive_weekly,1,30,34,2026-01-20 15:00:00,2026-01-20 15:30:00,1,211.0,131.0,-80.0,80.0,6400.0,LABORAL,15,False
freeze_20260610_192142,baselines_full_20260718,seasonal_naive_weekly,1,30,34,2026-01-22 04:30:00,2026-01-22 05:00:00,1,143.0,61.0,-82.0,82.0,6724.0,LABORAL,5,False
freeze_20260610_192142,baselines_full_20260718,seasonal_naive_weekly,1,30,34,2026-01-23 09:00:00,2026-01-23 09:30:00,1,90.0,169.0,79.0,79.0,6241.0,LABORAL,9,False
freeze_20260610_192142,baselines_full_20260718,seasonal_naive_weekly,1,30,34,2026-01-24 06:30:00,2026-01-24 07:00:00,1,51.0,80.0,29.0,29.0,841.0,SABADO,7,False
freeze_20260610_192142,baselines_full_20260718,seasonal_naive_weekly,1,30,34,2026-01-28 10:00:00,2026-01-28 10:30:00,1,103.0,122.0,19.0,19.0,361.0,LABORAL,10,False
freeze_20260610_192142,baselines_full_20260718,seasonal_naive_weekly,1,30,34,2026-02-01 11:00:00,2026-02-01 11:30:00,1,,28.0,,,,DOMINGO,11,True
freeze_20260610_192142,baselines_full_20260718,seasonal_naive_weekly,1,30,34,2026-02-02 05:00:00,2026-02-02 05:30:00,1,154.0,81.0,-73.0,73.0,5329.0,LABORAL,5,False
freeze_20260610_192142,baselines_full_20260718,seasonal_naive_weekly,1,30,34,2026-02-02 08:00:00,2026-02-02 08:30:00,1,76.0,114.0,38.0,38.0,1444.0,LABORAL,8,False
freeze_20260610_192142,baselines_full_20260718,seasonal_naive_weekly,1,30,34,2026-02-02 17:30:00,2026-02-02 18:00:00,1,,,,,,LABORAL,18,True
freeze_20260610_192142,baselines_full_20260718,seasonal_naive_weekly,1,30,35,2026-02-04 05:30:00,2026-02-04 06:00:00,1,128.0,165.0,37.0,37.0,1369.0,LABORAL,6,False
freeze_20260610_192142,baselines_full_20260718,seasonal_naive_weekly,1,30,35,2026-02-04 13:30:00,2026-02-04 14:00:00,1,136.0,89.0,-47.0,47.0,2209.0,LABORAL,14,False
freeze_20260610_192142,baselines_full_20260718,seasonal_naive_weekly,1,30,35,2026-02-04 15:00:00,2026-02-04 15:30:00,1,177.0,119.0,-58.0,58.0,3364.0,LABORAL,15,False
freeze_20260610_192142,baselines_full_20260718,seasonal_naive_weekly,1,30,35,2026-02-05 15:00:00,2026-02-05 15:30:00,1,130.0,196.0,66.0,66.0,4356.0,LABORAL,15,False
freeze_20260610_192142,baselines_full_20260718,seasonal_naive_weekly,1,30,35,2026-02-09 12:30:00,2026-02-09 13:00:00,1,128.0,127.0,-1.0,1.0,1.0,LABORAL,13,False
freeze_20260610_192142,baselines_full_20260718,seasonal_naive_weekly,1,30,35,2026-02-09 16:00:00,2026-02-09 16:30:00,1,55.0,93.0,38.0,38.0,1444.0,LABORAL,16,False
freeze_20260610_192142,baselines_full_20260718,seasonal_naive_weekly,1,30,35,2026-02-10 07:30:00,2026-02-10 08:00:00,1,217.0,54.0,-163.0,163.0,26569.0,LABORAL,8,False
freeze_20260610_192142,baselines_full_20260718,seasonal_naive_weekly,1,30,35,2026-02-10 13:00:00,2026-02-10 13:30:00,1,105.0,132.0,27.0,27.0,729.0,LABORAL,13,False
freeze_20260610_192142,baselines_full_20260718,seasonal_naive_weekly,1,30,35,2026-02-10 14:00:00,2026-02-10 14:30:00,1,180.0,127.0,-53.0,53.0,2809.0,LABORAL,14,False
freeze_20260610_192142,baselines_full_20260718,seasonal_naive_weekly,1,30,35,2026-02-12 09:00:00,2026-02-12 09:30:00,1,133.0,154.0,21.0,21.0,441.0,LABORAL,9,False
freeze_20260610_192142,baselines_full_20260718,seasonal_naive_weekly,1,30,35,2026-02-15 13:30:00,2026-02-15 14:00:00,1,,34.0,,,,DOMINGO,14,True
freeze_20260610_192142,baselines_full_20260718,seasonal_naive_weekly,1,30,35,2026-02-16 08:30:00,2026-02-16 09:00:00,1,102.0,134.0,32.0,32.0,1024.0,LABORAL,9,False
freeze_20260610_192142,baselines_full_20260718,seasonal_naive_weekly,1,30,35,2026-02-16 11:30:00,2026-02-16 12:00:00,1,164.0,162.0,-2.0,2.0,4.0,LABORAL,12,False
freeze_20260610_192142,baselines_full_20260718,seasonal_naive_weekly,1,30,36,2026-02-18 10:00:00,2026-02-18 10:30:00,1,100.0,115.0,15.0,15.0,225.0,LABORAL,10,False
freeze_20260610_192142,baselines_full_20260718,seasonal_naive_weekly,1,30,36,2026-02-19 04:30:00,2026-02-19 05:00:00,1,145.0,69.0,-76.0,76.0,5776.0,LABORAL,5,False
freeze_20260610_192142,baselines_full_20260718,seasonal_naive_weekly,1,30,36,2026-02-19 06:30:00,2026-02-19 07:00:00,1,97.0,158.0,61.0,61.0,3721.0,LABORAL,7,False
freeze_20260610_192142,baselines_full_20260718,seasonal_naive_weekly,1,30,36,2026-02-20 06:00:00,2026-02-20 06:30:00,1,139.0,56.0,-83.0,83.0,6889.0,LABORAL,6,False
freeze_20260610_192142,baselines_full_20260718,seasonal_naive_weekly,1,30,36,2026-02-20 17:00:00,2026-02-20 17:30:00,1,43.0,28.0,-15.0,15.0,225.0,LABORAL,17,False
freeze_20260610_192142,baselines_full_20260718,seasonal_naive_weekly,1,30,36,2026-02-23 09:00:00,2026-02-23 09:30:00,1,105.0,130.0,25.0,25.0,625.0,LABORAL,9,False
freeze_20260610_192142,baselines_full_20260718,seasonal_naive_weekly,1,30,36,2026-02-23 09:30:00,2026-02-23 10:00:00,1,97.0,112.0,15.0,15.0,225.0,LABORAL,10,False
freeze_20260610_192142,baselines_full_20260718,seasonal_naive_weekly,1,30,36,2026-02-25 04:30:00,2026-02-25 05:00:00,1,155.0,179.0,24.0,24.0,576.0,LABORAL,5,False
freeze_20260610_192142,baselines_full_20260718,seasonal_naive_weekly,1,30,36,2026-02-25 05:00:00,2026-02-25 05:30:00,1,120.0,149.0,29.0,29.0,841.0,LABORAL,5,False
freeze_20260610_192142,baselines_full_20260718,seasonal_naive_weekly,1,30,36,2026-02-27 10:30:00,2026-02-27 11:00:00,1,144.0,100.0,-44.0,44.0,1936.0,LABORAL,11,False
freeze_20260610_192142,baselines_full_20260718,seasonal_naive_weekly,1,30,36,2026-02-28 12:00:00,2026-02-28 12:30:00,1,90.0,111.0,21.0,21.0,441.0,SABADO,12,False
freeze_20260610_192142,baselines_full_20260718,seasonal_naive_weekly,1,30,37,2026-03-03 15:00:00,2026-03-03 15:30:00,1,177.0,200.0,23.0,23.0,529.0,LABORAL,15,False
freeze_20260610_192142,baselines_full_20260718,seasonal_naive_weekly,1,30,37,2026-03-04 08:30:00,2026-03-04 09:00:00,1,144.0,134.0,-10.0,10.0,100.0,LABORAL,9,False
freeze_20260610_192142,baselines_full_20260718,seasonal_naive_weekly,1,30,37,2026-03-04 16:30:00,2026-03-04 17:00:00,1,48.0,28.0,-20.0,20.0,400.0,LABORAL,17,False
freeze_20260610_192142,baselines_full_20260718,seasonal_naive_weekly,1,30,37,2026-03-06 12:00:00,2026-03-06 12:30:00,1,169.0,81.0,-88.0,88.0,7744.0,LABORAL,12,False
freeze_20260610_192142,baselines_full_20260718,seasonal_naive_weekly,1,30,37,2026-03-07 06:30:00,2026-03-07 07:00:00,1,119.0,126.0,7.0,7.0,49.0,SABADO,7,False
freeze_20260610_192142,baselines_full_20260718,seasonal_naive_weekly,1,30,37,2026-03-08 11:30:00,2026-03-08 12:00:00,1,,44.0,,,,DOMINGO,12,True
freeze_20260610_192142,baselines_full_20260718,seasonal_naive_weekly,1,30,37,2026-03-09 04:30:00,2026-03-09 05:00:00,1,161.0,119.0,-42.0,42.0,1764.0,LABORAL,5,False
freeze_20260610_192142,baselines_full_20260718,seasonal_naive_weekly,1,30,37,2026-03-09 10:00:00,2026-03-09 10:30:00,1,101.0,93.0,-8.0,8.0,64.0,LABORAL,10,False
freeze_20260610_192142,baselines_full_20260718,seasonal_naive_weekly,1,30,37,2026-03-09 12:00:00,2026-03-09 12:30:00,1,90.0,124.0,34.0,34.0,1156.0,LABORAL,12,False
freeze_20260610_192142,baselines_full_20260718,seasonal_naive_weekly,1,30,37,2026-03-10 11:30:00,2026-03-10 12:00:00,1,72.0,107.0,35.0,35.0,1225.0,LABORAL,12,False
freeze_20260610_192142,baselines_full_20260718,seasonal_naive_weekly,1,30,37,2026-03-11 13:30:00,2026-03-11 14:00:00,1,112.0,125.0,13.0,13.0,169.0,LABORAL,14,False
freeze_20260610_192142,baselines_full_20260718,seasonal_naive_weekly,1,30,37,2026-03-14 13:00:00,2026-03-14 13:30:00,1,87.0,40.0,-47.0,47.0,2209.0,SABADO,13,False
freeze_20260610_192142,baselines_full_20260718,seasonal_naive_weekly,1,30,37,2026-03-15 15:00:00,2026-03-15 15:30:00,1,,,,,,DOMINGO,15,True
freeze_20260610_192142,baselines_full_20260718,seasonal_naive_weekly,1,30,38,2026-03-17 10:30:00,2026-03-17 11:00:00,1,89.0,106.0,17.0,17.0,289.0,LABORAL,11,False
freeze_20260610_192142,baselines_full_20260718,seasonal_naive_weekly,1,30,38,2026-03-17 17:30:00,2026-03-17 18:00:00,1,,,,,,LABORAL,18,True
freeze_20260610_192142,baselines_full_20260718,seasonal_naive_weekly,1,30,38,2026-03-18 06:30:00,2026-03-18 07:00:00,1,45.0,98.0,53.0,53.0,2809.0,LABORAL,7,False
freeze_20260610_192142,baselines_full_20260718,seasonal_naive_weekly,1,30,38,2026-03-18 08:00:00,2026-03-18 08:30:00,1,112.0,166.0,54.0,54.0,2916.0,LABORAL,8,False
freeze_20260610_192142,baselines_full_20260718,seasonal_naive_weekly,1,30,38,2026-03-19 06:00:00,2026-03-19 06:30:00,1,93.0,138.0,45.0,45.0,2025.0,LABORAL,6,False
freeze_20260610_192142,baselines_full_20260718,seasonal_naive_weekly,1,30,38,2026-03-21 10:30:00,2026-03-21 11:00:00,1,100.0,81.0,-19.0,19.0,361.0,SABADO,11,False
freeze_20260610_192142,baselines_full_20260718,seasonal_naive_weekly,1,30,38,2026-03-21 13:00:00,2026-03-21 13:30:00,1,71.0,87.0,16.0,16.0,256.0,SABADO,13,False
freeze_20260610_192142,baselines_full_20260718,seasonal_naive_weekly,1,30,38,2026-03-21 16:00:00,2026-03-21 16:30:00,1,79.0,45.0,-34.0,34.0,1156.0,SABADO,16,False
freeze_20260610_192142,baselines_full_20260718,seasonal_naive_weekly,1,30,38,2026-03-23 07:00:00,2026-03-23 07:30:00,1,66.0,104.0,38.0,38.0,1444.0,FESTIVO_PUENTE,7,False
freeze_20260610_192142,baselines_full_20260718,seasonal_naive_weekly,1,30,38,2026-03-25 12:00:00,2026-03-25 12:30:00,1,121.0,146.0,25.0,25.0,625.0,LABORAL,12,False
freeze_20260610_192142,baselines_full_20260718,seasonal_naive_weekly,1,30,38,2026-03-25 14:30:00,2026-03-25 15:00:00,1,186.0,162.0,-24.0,24.0,576.0,LABORAL,15,False
freeze_20260610_192142,baselines_full_20260718,seasonal_naive_weekly,1,30,38,2026-03-26 14:30:00,2026-03-26 15:00:00,1,139.0,79.0,-60.0,60.0,3600.0,LABORAL,15,False
freeze_20260610_192142,baselines_full_20260718,seasonal_naive_weekly,1,30,38,2026-03-28 10:30:00,2026-03-28 11:00:00,1,88.0,100.0,12.0,12.0,144.0,SABADO,11,False
freeze_20260610_192142,baselines_full_20260718,seasonal_naive_weekly,1,30,38,2026-03-28 15:00:00,2026-03-28 15:30:00,1,87.0,50.0,-37.0,37.0,1369.0,SABADO,15,False
freeze_20260610_192142,baselines_full_20260718,seasonal_naive_weekly,1,30,38,2026-03-29 06:00:00,2026-03-29 06:30:00,1,,,,,,DOMINGO,6,True
freeze_20260610_192142,baselines_full_20260718,seasonal_naive_weekly,1,30,38,2026-03-29 15:30:00,2026-03-29 16:00:00,1,,,,,,DOMINGO,16,True
freeze_20260610_192142,baselines_full_20260718,seasonal_naive_weekly,1,30,38,2026-03-30 08:30:00,2026-03-30 09:00:00,1,115.0,27.0,-88.0,88.0,7744.0,LABORAL,9,False
freeze_20260610_192142,baselines_full_20260718,seasonal_naive_weekly,1,30,38,2026-03-30 14:30:00,2026-03-30 15:00:00,1,166.0,,,,,LABORAL,15,False
freeze_20260610_192142,baselines_full_20260718,seasonal_naive_weekly,1,30,test_final,2026-04-01 17:00:00,2026-04-01 17:30:00,1,,,,,,LABORAL,17,True
freeze_20260610_192142,baselines_full_20260718,seasonal_naive_weekly,1,30,test_final,2026-04-02 12:00:00,2026-04-02 12:30:00,1,45.0,186.0,141.0,141.0,19881.0,FESTIVO,12,False
freeze_20260610_192142,baselines_full_20260718,seasonal_naive_weekly,1,30,test_final,2026-04-04 11:30:00,2026-04-04 12:00:00,1,71.0,31.0,-40.0,40.0,1600.0,SABADO,12,False
freeze_20260610_192142,baselines_full_20260718,seasonal_naive_weekly,1,30,test_final,2026-04-05 06:30:00,2026-04-05 07:00:00,1,29.0,81.0,52.0,52.0,2704.0,DOMINGO,7,False
freeze_20260610_192142,baselines_full_20260718,seasonal_naive_weekly,1,30,test_final,2026-04-07 15:30:00,2026-04-07 16:00:00,1,198.0,108.0,-90.0,90.0,8100.0,LABORAL,16,False
freeze_20260610_192142,baselines_full_20260718,seasonal_naive_weekly,1,30,test_final,2026-04-09 15:00:00,2026-04-09 15:30:00,1,129.0,30.0,-99.0,99.0,9801.0,LABORAL,15,False
freeze_20260610_192142,baselines_full_20260718,seasonal_naive_weekly,1,30,test_final,2026-04-10 14:30:00,2026-04-10 15:00:00,1,101.0,,,,,LABORAL,15,False
freeze_20260610_192142,baselines_full_20260718,seasonal_naive_weekly,1,30,test_final,2026-04-11 07:00:00,2026-04-11 07:30:00,1,88.0,63.0,-25.0,25.0,625.0,SABADO,7,False
freeze_20260610_192142,baselines_full_20260718,seasonal_naive_weekly,1,30,test_final,2026-04-11 13:00:00,2026-04-11 13:30:00,1,92.0,21.0,-71.0,71.0,5041.0,SABADO,13,False
freeze_20260610_192142,baselines_full_20260718,seasonal_naive_weekly,1,30,test_final,2026-04-13 13:00:00,2026-04-13 13:30:00,1,115.0,192.0,77.0,77.0,5929.0,LABORAL,13,False
freeze_20260610_192142,baselines_full_20260718,seasonal_naive_weekly,1,30,test_final,2026-04-14 06:30:00,2026-04-14 07:00:00,1,130.0,107.0,-23.0,23.0,529.0,LABORAL,7,False
freeze_20260610_192142,baselines_full_20260718,seasonal_naive_weekly,1,30,test_final,2026-04-14 10:30:00,2026-04-14 11:00:00,1,103.0,84.0,-19.0,19.0,361.0,LABORAL,11,False
freeze_20260610_192142,baselines_full_20260718,seasonal_naive_weekly,1,30,test_final,2026-04-15 05:00:00,2026-04-15 05:30:00,1,157.0,125.0,-32.0,32.0,1024.0,LABORAL,5,False
freeze_20260610_192142,baselines_full_20260718,seasonal_naive_weekly,1,30,test_final,2026-04-16 11:00:00,2026-04-16 11:30:00,1,116.0,69.0,-47.0,47.0,2209.0,LABORAL,11,False
freeze_20260610_192142,baselines_full_20260718,seasonal_naive_weekly,1,30,test_final,2026-04-16 15:00:00,2026-04-16 15:30:00,1,60.0,129.0,69.0,69.0,4761.0,LABORAL,15,False
freeze_20260610_192142,baselines_full_20260718,seasonal_naive_weekly,1,30,test_final,2026-04-17 11:00:00,2026-04-17 11:30:00,1,88.0,100.0,12.0,12.0,144.0,LABORAL,11,False
freeze_20260610_192142,baselines_full_20260718,seasonal_naive_weekly,1,30,test_final,2026-04-18 09:30:00,2026-04-18 10:00:00,1,90.0,123.0,33.0,33.0,1089.0,SABADO,10,False
freeze_20260610_192142,baselines_full_20260718,seasonal_naive_weekly,1,30,test_final,2026-04-19 10:30:00,2026-04-19 11:00:00,1,34.0,,,,,DOMINGO,11,False
freeze_20260610_192142,baselines_full_20260718,seasonal_naive_weekly,1,30,test_final,2026-04-19 14:30:00,2026-04-19 15:00:00,1,,,,,,DOMINGO,15,True
freeze_20260610_192142,baselines_full_20260718,seasonal_naive_weekly,1,30,test_final,2026-04-19 15:30:00,2026-04-19 16:00:00,1,35.0,,,,,DOMINGO,16,False
freeze_20260610_192142,baselines_full_20260718,seasonal_naive_weekly,1,30,test_final,2026-04-20 08:00:00,2026-04-20 08:30:00,1,134.0,132.0,-2.0,2.0,4.0,LABORAL,8,False
freeze_20260610_192142,baselines_full_20260718,seasonal_naive_weekly,1,30,test_final,2026-04-22 12:00:00,2026-04-22 12:30:00,1,122.0,102.0,-20.0,20.0,400.0,LABORAL,12,False
freeze_20260610_192142,baselines_full_20260718,seasonal_naive_weekly,1,30,test_final,2026-04-23 11:00:00,2026-04-23 11:30:00,1,92.0,116.0,24.0,24.0,576.0,LABORAL,11,False
freeze_20260610_192142,baselines_full_20260718,seasonal_naive_weekly,1,30,test_final,2026-04-24 13:00:00,2026-04-24 13:30:00,1,172.0,107.0,-65.0,65.0,4225.0,LABORAL,13,False
freeze_20260610_192142,baselines_full_20260718,seasonal_naive_weekly,1,30,test_final,2026-04-26 10:30:00,2026-04-26 11:00:00,1,20.0,34.0,14.0,14.0,196.0,DOMINGO,11,False
freeze_20260610_192142,baselines_full_20260718,seasonal_naive_weekly,1,30,test_final,2026-04-26 14:30:00,2026-04-26 15:00:00,1,27.0,,,,,DOMINGO,15,False
freeze_20260610_192142,baselines_full_20260718,seasonal_naive_weekly,1,30,test_final,2026-04-27 16:00:00,2026-04-27 16:30:00,1,84.0,80.0,-4.0,4.0,16.0,LABORAL,16,False
freeze_20260610_192142,baselines_full_20260718,seasonal_naive_weekly,1,30,test_final,2026-04-28 13:00:00,2026-04-28 13:30:00,1,76.0,67.0,-9.0,9.0,81.0,LABORAL,13,False
freeze_20260610_192142,baselines_full_20260718,seasonal_naive_weekly,1,30,test_final,2026-04-29 17:00:00,2026-04-29 17:30:00,1,,,,,,LABORAL,17,True
freeze_20260610_192142,baselines_full_20260718,seasonal_naive_weekly,1,30,test_final,2026-05-02 16:00:00,2026-05-02 16:30:00,1,62.0,84.0,22.0,22.0,484.0,SABADO,16,False
freeze_20260610_192142,baselines_full_20260718,seasonal_naive_weekly,1,30,test_final,2026-05-04 12:30:00,2026-05-04 13:00:00,1,47.0,126.0,79.0,79.0,6241.0,LABORAL,13,False
freeze_20260610_192142,baselines_full_20260718,seasonal_naive_weekly,1,30,test_final,2026-05-05 06:00:00,2026-05-05 06:30:00,1,173.0,48.0,-125.0,125.0,15625.0,LABORAL,6,False
freeze_20260610_192142,baselines_full_20260718,seasonal_naive_weekly,1,30,test_final,2026-05-06 15:30:00,2026-05-06 16:00:00,1,97.0,138.0,41.0,41.0,1681.0,LABORAL,16,False
freeze_20260610_192142,baselines_full_20260718,seasonal_naive_weekly,1,30,test_final,2026-05-08 07:30:00,2026-05-08 08:00:00,1,111.0,21.0,-90.0,90.0,8100.0,LABORAL,8,False
freeze_20260610_192142,baselines_full_20260718,seasonal_naive_weekly,1,30,test_final,2026-05-08 08:30:00,2026-05-08 09:00:00,1,133.0,52.0,-81.0,81.0,6561.0,LABORAL,9,False
freeze_20260610_192142,baselines_full_20260718,seasonal_naive_weekly,1,30,test_final,2026-05-09 05:30:00,2026-05-09 06:00:00,1,124.0,83.0,-41.0,41.0,1681.0,SABADO,6,False
freeze_20260610_192142,baselines_full_20260718,seasonal_naive_weekly,1,30,test_final,2026-05-09 09:30:00,2026-05-09 10:00:00,1,116.0,29.0,-87.0,87.0,7569.0,SABADO,10,False
freeze_20260610_192142,baselines_full_20260718,seasonal_naive_weekly,1,30,test_final,2026-05-10 06:30:00,2026-05-10 07:00:00,1,45.0,,,,,DOMINGO,7,False
freeze_20260610_192142,baselines_full_20260718,seasonal_naive_weekly,1,30,test_final,2026-05-13 07:00:00,2026-05-13 07:30:00,1,173.0,173.0,0.0,0.0,0.0,LABORAL,7,False
freeze_20260610_192142,baselines_full_20260718,seasonal_naive_weekly,1,30,test_final,2026-05-13 12:00:00,2026-05-13 12:30:00,1,73.0,64.0,-9.0,9.0,81.0,LABORAL,12,False
freeze_20260610_192142,baselines_full_20260718,seasonal_naive_weekly,1,30,test_final,2026-05-14 15:00:00,2026-05-14 15:30:00,1,121.0,128.0,7.0,7.0,49.0,LABORAL,15,False
freeze_20260610_192142,baselines_full_20260718,seasonal_naive_weekly,1,30,test_final,2026-05-15 09:30:00,2026-05-15 10:00:00,1,90.0,102.0,12.0,12.0,144.0,LABORAL,10,False
freeze_20260610_192142,baselines_full_20260718,seasonal_naive_weekly,1,30,test_final,2026-05-17 16:30:00,2026-05-17 17:00:00,1,,,,,,DOMINGO,17,True
freeze_20260610_192142,baselines_full_20260718,seasonal_naive_weekly,1,30,test_final,2026-05-18 04:30:00,2026-05-18 05:00:00,1,,109.0,,,,FESTIVO_PUENTE,5,True
freeze_20260610_192142,baselines_full_20260718,seasonal_naive_weekly,1,30,test_final,2026-05-19 06:30:00,2026-05-19 07:00:00,1,125.0,113.0,-12.0,12.0,144.0,LABORAL,7,False
freeze_20260610_192142,baselines_full_20260718,seasonal_naive_weekly,1,30,test_final,2026-05-19 07:30:00,2026-05-19 08:00:00,1,124.0,147.0,23.0,23.0,529.0,LABORAL,8,False
freeze_20260610_192142,baselines_full_20260718,seasonal_naive_weekly,1,30,test_final,2026-05-20 05:00:00,2026-05-20 05:30:00,1,88.0,93.0,5.0,5.0,25.0,LABORAL,5,False
freeze_20260610_192142,baselines_full_20260718,seasonal_naive_weekly,1,30,test_final,2026-05-21 06:00:00,2026-05-21 06:30:00,1,,72.0,,,,LABORAL,6,True
freeze_20260610_192142,baselines_full_20260718,seasonal_naive_weekly,1,30,test_final,2026-05-22 11:30:00,2026-05-22 12:00:00,1,106.0,117.0,11.0,11.0,121.0,LABORAL,12,False
freeze_20260610_192142,baselines_full_20260718,seasonal_naive_weekly,1,30,test_final,2026-05-23 06:30:00,2026-05-23 07:00:00,1,66.0,145.0,79.0,79.0,6241.0,SABADO,7,False
freeze_20260610_192142,baselines_full_20260718,seasonal_naive_weekly,1,30,test_final,2026-05-23 09:00:00,2026-05-23 09:30:00,1,98.0,85.0,-13.0,13.0,169.0,SABADO,9,False
freeze_20260610_192142,baselines_full_20260718,seasonal_naive_weekly,1,30,test_final,2026-05-23 14:30:00,2026-05-23 15:00:00,1,89.0,42.0,-47.0,47.0,2209.0,SABADO,15,False
freeze_20260610_192142,baselines_full_20260718,seasonal_naive_weekly,1,30,test_final,2026-05-24 07:30:00,2026-05-24 08:00:00,1,28.0,16.0,-12.0,12.0,144.0,DOMINGO,8,False
freeze_20260610_192142,baselines_full_20260718,seasonal_naive_weekly,1,30,test_final,2026-05-26 05:00:00,2026-05-26 05:30:00,1,153.0,156.0,3.0,3.0,9.0,LABORAL,5,False
freeze_20260610_192142,baselines_full_20260718,seasonal_naive_weekly,1,30,test_final,2026-05-28 12:00:00,2026-05-28 12:30:00,1,143.0,,,,,LABORAL,12,False
freeze_20260610_192142,baselines_full_20260718,seasonal_naive_weekly,1,30,test_final,2026-05-29 15:30:00,2026-05-29 16:00:00,1,131.0,72.0,-59.0,59.0,3481.0,LABORAL,16,False
freeze_20260610_192142,baselines_full_20260718,seasonal_naive_weekly,1,30,test_final,2026-05-30 15:00:00,2026-05-30 15:30:00,1,33.0,47.0,14.0,14.0,196.0,SABADO,15,False
freeze_20260610_192142,baselines_full_20260718,seasonal_naive_weekly,1,30,test_final,2026-05-31 13:00:00,2026-05-31 13:30:00,1,,32.0,,,,DOMINGO,13,True
freeze_20260610_192142,baselines_full_20260718,seasonal_naive_weekly,1,30,test_final,2026-06-02 13:00:00,2026-06-02 13:30:00,1,120.0,171.0,51.0,51.0,2601.0,LABORAL,13,False
freeze_20260610_192142,baselines_full_20260718,seasonal_naive_weekly,1,30,test_final,2026-06-03 06:30:00,2026-06-03 07:00:00,1,111.0,58.0,-53.0,53.0,2809.0,LABORAL,7,False
freeze_20260610_192142,baselines_full_20260718,seasonal_naive_weekly,1,30,test_final,2026-06-03 10:00:00,2026-06-03 10:30:00,1,80.0,74.0,-6.0,6.0,36.0,LABORAL,10,False
freeze_20260610_192142,baselines_full_20260718,seasonal_naive_weekly,1,30,test_final,2026-06-03 10:30:00,2026-06-03 11:00:00,1,114.0,108.0,-6.0,6.0,36.0,LABORAL,11,False
freeze_20260610_192142,baselines_full_20260718,seasonal_naive_weekly,1,30,test_final,2026-06-03 16:00:00,2026-06-03 16:30:00,1,78.0,34.0,-44.0,44.0,1936.0,LABORAL,16,False
freeze_20260610_192142,baselines_full_20260718,seasonal_naive_weekly,1,30,test_final,2026-06-04 17:30:00,2026-06-04 18:00:00,1,,,,,,LABORAL,18,True
freeze_20260610_192142,baselines_full_20260718,seasonal_naive_weekly,1,30,test_final,2026-06-05 06:00:00,2026-06-05 06:30:00,1,103.0,109.0,6.0,6.0,36.0,LABORAL,6,False
freeze_20260610_192142,baselines_full_20260718,seasonal_naive_weekly,1,30,test_final,2026-06-09 05:00:00,2026-06-09 05:30:00,1,140.0,147.0,7.0,7.0,49.0,LABORAL,5,False
freeze_20260610_192142,baselines_full_20260718,seasonal_naive_weekly,1,30,test_final,2026-06-09 09:00:00,2026-06-09 09:30:00,1,129.0,85.0,-44.0,44.0,1936.0,LABORAL,9,False
freeze_20260610_192142,baselines_full_20260718,seasonal_naive_weekly,1,30,test_final,2026-06-10 13:30:00,2026-06-10 14:00:00,1,50.0,197.0,147.0,147.0,21609.0,LABORAL,14,False
freeze_20260610_192142,baselines_full_20260718,seasonal_naive_weekly,1,30,test_final,2026-06-10 15:30:00,2026-06-10 16:00:00,1,37.0,156.0,119.0,119.0,14161.0,LABORAL,16,False
freeze_20260610_192142,baselines_full_20260718,seasonal_naive_weekly,3,30,1,2024-10-15 04:30:00,2024-10-15 05:00:00,1,206.0,186.0,-20.0,20.0,400.0,LABORAL,5,False
freeze_20260610_192142,baselines_full_20260718,seasonal_naive_weekly,3,30,1,2024-10-17 12:00:00,2024-10-17 12:30:00,1,145.0,196.0,51.0,51.0,2601.0,LABORAL,12,False
freeze_20260610_192142,baselines_full_20260718,seasonal_naive_weekly,3,30,1,2024-10-17 17:30:00,2024-10-17 18:00:00,1,,,,,,LABORAL,18,True
freeze_20260610_192142,baselines_full_20260718,seasonal_naive_weekly,3,30,1,2024-10-19 11:30:00,2024-10-19 12:00:00,1,171.0,169.0,-2.0,2.0,4.0,SABADO,12,False
freeze_20260610_192142,baselines_full_20260718,seasonal_naive_weekly,3,30,1,2024-10-19 17:00:00,2024-10-19 17:30:00,1,,,,,,SABADO,17,True
freeze_20260610_192142,baselines_full_20260718,seasonal_naive_weekly,3,30,1,2024-10-20 07:00:00,2024-10-20 07:30:00,1,21.0,22.0,1.0,1.0,1.0,DOMINGO,7,False
freeze_20260610_192142,baselines_full_20260718,seasonal_naive_weekly,3,30,1,2024-10-21 06:00:00,2024-10-21 06:30:00,1,248.0,31.0,-217.0,217.0,47089.0,LABORAL,6,False
freeze_20260610_192142,baselines_full_20260718,seasonal_naive_weekly,3,30,1,2024-10-21 07:30:00,2024-10-21 08:00:00,1,178.0,39.0,-139.0,139.0,19321.0,LABORAL,8,False
freeze_20260610_192142,baselines_full_20260718,seasonal_naive_weekly,3,30,1,2024-10-21 09:30:00,2024-10-21 10:00:00,1,186.0,34.0,-152.0,152.0,23104.0,LABORAL,10,False
freeze_20260610_192142,baselines_full_20260718,seasonal_naive_weekly,3,30,1,2024-10-22 04:00:00,2024-10-22 04:30:00,1,170.0,145.0,-25.0,25.0,625.0,LABORAL,4,False
freeze_20260610_192142,baselines_full_20260718,seasonal_naive_weekly,3,30,1,2024-10-25 15:30:00,2024-10-25 16:00:00,1,280.0,176.0,-104.0,104.0,10816.0,LABORAL,16,False
freeze_20260610_192142,baselines_full_20260718,seasonal_naive_weekly,3,30,1,2024-10-26 04:30:00,2024-10-26 05:00:00,1,100.0,135.0,35.0,35.0,1225.0,SABADO,5,False
freeze_20260610_192142,baselines_full_20260718,seasonal_naive_weekly,3,30,1,2024-10-26 09:00:00,2024-10-26 09:30:00,1,97.0,90.0,-7.0,7.0,49.0,SABADO,9,False
freeze_20260610_192142,baselines_full_20260718,seasonal_naive_weekly,3,30,1,2024-10-26 14:00:00,2024-10-26 14:30:00,1,60.0,115.0,55.0,55.0,3025.0,SABADO,14,False
freeze_20260610_192142,baselines_full_20260718,seasonal_naive_weekly,3,30,1,2024-10-27 15:30:00,2024-10-27 16:00:00,1,58.0,32.0,-26.0,26.0,676.0,DOMINGO,16,False
freeze_20260610_192142,baselines_full_20260718,seasonal_naive_weekly,3,30,1,2024-10-28 04:00:00,2024-10-28 04:30:00,1,120.0,157.0,37.0,37.0,1369.0,LABORAL,4,False
freeze_20260610_192142,baselines_full_20260718,seasonal_naive_weekly,3,30,1,2024-10-28 14:00:00,2024-10-28 14:30:00,1,224.0,247.0,23.0,23.0,529.0,LABORAL,14,False
freeze_20260610_192142,baselines_full_20260718,seasonal_naive_weekly,3,30,1,2024-10-28 16:00:00,2024-10-28 16:30:00,1,134.0,130.0,-4.0,4.0,16.0,LABORAL,16,False
freeze_20260610_192142,baselines_full_20260718,seasonal_naive_weekly,3,30,2,2024-10-29 05:00:00,2024-10-29 05:30:00,1,328.0,313.0,-15.0,15.0,225.0,LABORAL,5,False
freeze_20260610_192142,baselines_full_20260718,seasonal_naive_weekly,3,30,2,2024-10-30 10:00:00,2024-10-30 10:30:00,1,80.0,176.0,96.0,96.0,9216.0,LABORAL,10,False
freeze_20260610_192142,baselines_full_20260718,seasonal_naive_weekly,3,30,2,2024-10-31 03:30:00,2024-10-31 04:00:00,1,48.0,35.0,-13.0,13.0,169.0,LABORAL,4,False
freeze_20260610_192142,baselines_full_20260718,seasonal_naive_weekly,3,30,2,2024-11-01 14:30:00,2024-11-01 15:00:00,1,267.0,227.0,-40.0,40.0,1600.0,LABORAL,15,False
freeze_20260610_192142,baselines_full_20260718,seasonal_naive_weekly,3,30,2,2024-11-01 17:00:00,2024-11-01 17:30:00,1,29.0,69.0,40.0,40.0,1600.0,LABORAL,17,False
freeze_20260610_192142,baselines_full_20260718,seasonal_naive_weekly,3,30,2,2024-11-02 04:00:00,2024-11-02 04:30:00,1,150.0,139.0,-11.0,11.0,121.0,SABADO,4,False
freeze_20260610_192142,baselines_full_20260718,seasonal_naive_weekly,3,30,2,2024-11-03 05:00:00,2024-11-03 05:30:00,1,,61.0,,,,DOMINGO,5,True
freeze_20260610_192142,baselines_full_20260718,seasonal_naive_weekly,3,30,2,2024-11-03 05:30:00,2024-11-03 06:00:00,1,,27.0,,,,DOMINGO,6,True
freeze_20260610_192142,baselines_full_20260718,seasonal_naive_weekly,3,30,2,2024-11-03 11:30:00,2024-11-03 12:00:00,1,,,,,,DOMINGO,12,True
freeze_20260610_192142,baselines_full_20260718,seasonal_naive_weekly,3,30,2,2024-11-07 07:00:00,2024-11-07 07:30:00,1,191.0,216.0,25.0,25.0,625.0,LABORAL,7,False
freeze_20260610_192142,baselines_full_20260718,seasonal_naive_weekly,3,30,2,2024-11-08 05:30:00,2024-11-08 06:00:00,1,358.0,371.0,13.0,13.0,169.0,LABORAL,6,False
freeze_20260610_192142,baselines_full_20260718,seasonal_naive_weekly,3,30,2,2024-11-08 16:30:00,2024-11-08 17:00:00,1,34.0,79.0,45.0,45.0,2025.0,LABORAL,17,False
freeze_20260610_192142,baselines_full_20260718,seasonal_naive_weekly,3,30,2,2024-11-09 14:30:00,2024-11-09 15:00:00,1,81.0,135.0,54.0,54.0,2916.0,SABADO,15,False
freeze_20260610_192142,baselines_full_20260718,seasonal_naive_weekly,3,30,2,2024-11-11 12:00:00,2024-11-11 12:30:00,1,71.0,33.0,-38.0,38.0,1444.0,FESTIVO_PUENTE,12,False
freeze_20260610_192142,baselines_full_20260718,seasonal_naive_weekly,3,30,3,2024-11-13 11:00:00,2024-11-13 11:30:00,1,182.0,149.0,-33.0,33.0,1089.0,LABORAL,11,False
freeze_20260610_192142,baselines_full_20260718,seasonal_naive_weekly,3,30,3,2024-11-13 14:00:00,2024-11-13 14:30:00,1,182.0,165.0,-17.0,17.0,289.0,LABORAL,14,False
freeze_20260610_192142,baselines_full_20260718,seasonal_naive_weekly,3,30,3,2024-11-13 16:30:00,2024-11-13 17:00:00,1,82.0,97.0,15.0,15.0,225.0,LABORAL,17,False
freeze_20260610_192142,baselines_full_20260718,seasonal_naive_weekly,3,30,3,2024-11-15 10:00:00,2024-11-15 10:30:00,1,150.0,238.0,88.0,88.0,7744.0,LABORAL,10,False
freeze_20260610_192142,baselines_full_20260718,seasonal_naive_weekly,3,30,3,2024-11-15 14:30:00,2024-11-15 15:00:00,1,200.0,321.0,121.0,121.0,14641.0,LABORAL,15,False
freeze_20260610_192142,baselines_full_20260718,seasonal_naive_weekly,3,30,3,2024-11-16 05:30:00,2024-11-16 06:00:00,1,210.0,326.0,116.0,116.0,13456.0,SABADO,6,False
freeze_20260610_192142,baselines_full_20260718,seasonal_naive_weekly,3,30,3,2024-11-16 08:00:00,2024-11-16 08:30:00,1,134.0,145.0,11.0,11.0,121.0,SABADO,8,False
freeze_20260610_192142,baselines_full_20260718,seasonal_naive_weekly,3,30,3,2024-11-19 08:30:00,2024-11-19 09:00:00,1,265.0,155.0,-110.0,110.0,12100.0,LABORAL,9,False
freeze_20260610_192142,baselines_full_20260718,seasonal_naive_weekly,3,30,3,2024-11-20 04:00:00,2024-11-20 04:30:00,1,110.0,157.0,47.0,47.0,2209.0,LABORAL,4,False
freeze_20260610_192142,baselines_full_20260718,seasonal_naive_weekly,3,30,3,2024-11-21 05:30:00,2024-11-21 06:00:00,1,289.0,305.0,16.0,16.0,256.0,LABORAL,6,False
freeze_20260610_192142,baselines_full_20260718,seasonal_naive_weekly,3,30,3,2024-11-21 06:30:00,2024-11-21 07:00:00,1,223.0,178.0,-45.0,45.0,2025.0,LABORAL,7,False
freeze_20260610_192142,baselines_full_20260718,seasonal_naive_weekly,3,30,3,2024-11-22 04:00:00,2024-11-22 04:30:00,1,150.0,169.0,19.0,19.0,361.0,LABORAL,4,False
freeze_20260610_192142,baselines_full_20260718,seasonal_naive_weekly,3,30,3,2024-11-22 16:00:00,2024-11-22 16:30:00,1,188.0,154.0,-34.0,34.0,1156.0,LABORAL,16,False
freeze_20260610_192142,baselines_full_20260718,seasonal_naive_weekly,3,30,3,2024-11-23 06:00:00,2024-11-23 06:30:00,1,225.0,257.0,32.0,32.0,1024.0,SABADO,6,False
freeze_20260610_192142,baselines_full_20260718,seasonal_naive_weekly,3,30,3,2024-11-23 11:30:00,2024-11-23 12:00:00,1,57.0,161.0,104.0,104.0,10816.0,SABADO,12,False
freeze_20260610_192142,baselines_full_20260718,seasonal_naive_weekly,3,30,3,2024-11-24 15:00:00,2024-11-24 15:30:00,1,57.0,,,,,DOMINGO,15,False
freeze_20260610_192142,baselines_full_20260718,seasonal_naive_weekly,3,30,4,2024-11-27 17:00:00,2024-11-27 17:30:00,1,,,,,,LABORAL,17,True
freeze_20260610_192142,baselines_full_20260718,seasonal_naive_weekly,3,30,4,2024-11-28 13:00:00,2024-11-28 13:30:00,1,127.0,261.0,134.0,134.0,17956.0,LABORAL,13,False
freeze_20260610_192142,baselines_full_20260718,seasonal_naive_weekly,3,30,4,2024-11-29 10:00:00,2024-11-29 10:30:00,1,107.0,203.0,96.0,96.0,9216.0,LABORAL,10,False
freeze_20260610_192142,baselines_full_20260718,seasonal_naive_weekly,3,30,4,2024-11-30 05:30:00,2024-11-30 06:00:00,1,221.0,164.0,-57.0,57.0,3249.0,SABADO,6,False
freeze_20260610_192142,baselines_full_20260718,seasonal_naive_weekly,3,30,4,2024-11-30 13:30:00,2024-11-30 14:00:00,1,140.0,98.0,-42.0,42.0,1764.0,SABADO,14,False
freeze_20260610_192142,baselines_full_20260718,seasonal_naive_weekly,3,30,4,2024-12-01 04:00:00,2024-12-01 04:30:00,1,,25.0,,,,DOMINGO,4,True
freeze_20260610_192142,baselines_full_20260718,seasonal_naive_weekly,3,30,4,2024-12-01 15:00:00,2024-12-01 15:30:00,1,57.0,57.0,0.0,0.0,0.0,DOMINGO,15,False
freeze_20260610_192142,baselines_full_20260718,seasonal_naive_weekly,3,30,4,2024-12-02 06:00:00,2024-12-02 06:30:00,1,96.0,263.0,167.0,167.0,27889.0,LABORAL,6,False
freeze_20260610_192142,baselines_full_20260718,seasonal_naive_weekly,3,30,4,2024-12-03 12:00:00,2024-12-03 12:30:00,1,268.0,205.0,-63.0,63.0,3969.0,LABORAL,12,False
freeze_20260610_192142,baselines_full_20260718,seasonal_naive_weekly,3,30,4,2024-12-04 10:00:00,2024-12-04 10:30:00,1,130.0,133.0,3.0,3.0,9.0,LABORAL,10,False
freeze_20260610_192142,baselines_full_20260718,seasonal_naive_weekly,3,30,4,2024-12-04 13:00:00,2024-12-04 13:30:00,1,181.0,79.0,-102.0,102.0,10404.0,LABORAL,13,False
freeze_20260610_192142,baselines_full_20260718,seasonal_naive_weekly,3,30,4,2024-12-05 11:00:00,2024-12-05 11:30:00,1,142.0,120.0,-22.0,22.0,484.0,LABORAL,11,False
freeze_20260610_192142,baselines_full_20260718,seasonal_naive_weekly,3,30,4,2024-12-05 12:00:00,2024-12-05 12:30:00,1,208.0,151.0,-57.0,57.0,3249.0,LABORAL,12,False
freeze_20260610_192142,baselines_full_20260718,seasonal_naive_weekly,3,30,5,2024-12-10 06:30:00,2024-12-10 07:00:00,1,181.0,209.0,28.0,28.0,784.0,LABORAL,7,False
freeze_20260610_192142,baselines_full_20260718,seasonal_naive_weekly,3,30,5,2024-12-10 09:30:00,2024-12-10 10:00:00,1,116.0,262.0,146.0,146.0,21316.0,LABORAL,10,False
freeze_20260610_192142,baselines_full_20260718,seasonal_naive_weekly,3,30,5,2024-12-10 12:00:00,2024-12-10 12:30:00,1,211.0,268.0,57.0,57.0,3249.0,LABORAL,12,False
freeze_20260610_192142,baselines_full_20260718,seasonal_naive_weekly,3,30,5,2024-12-11 10:30:00,2024-12-11 11:00:00,1,144.0,161.0,17.0,17.0,289.0,LABORAL,11,False
freeze_20260610_192142,baselines_full_20260718,seasonal_naive_weekly,3,30,5,2024-12-13 06:30:00,2024-12-13 07:00:00,1,181.0,160.0,-21.0,21.0,441.0,LABORAL,7,False
freeze_20260610_192142,baselines_full_20260718,seasonal_naive_weekly,3,30,5,2024-12-14 11:30:00,2024-12-14 12:00:00,1,123.0,58.0,-65.0,65.0,4225.0,SABADO,12,False
freeze_20260610_192142,baselines_full_20260718,seasonal_naive_weekly,3,30,5,2024-12-16 16:00:00,2024-12-16 16:30:00,1,182.0,111.0,-71.0,71.0,5041.0,LABORAL,16,False
freeze_20260610_192142,baselines_full_20260718,seasonal_naive_weekly,3,30,5,2024-12-16 17:00:00,2024-12-16 17:30:00,1,,,,,,LABORAL,17,True
freeze_20260610_192142,baselines_full_20260718,seasonal_naive_weekly,3,30,5,2024-12-17 05:00:00,2024-12-17 05:30:00,1,338.0,327.0,-11.0,11.0,121.0,LABORAL,5,False
freeze_20260610_192142,baselines_full_20260718,seasonal_naive_weekly,3,30,5,2024-12-18 09:00:00,2024-12-18 09:30:00,1,160.0,160.0,0.0,0.0,0.0,LABORAL,9,False
freeze_20260610_192142,baselines_full_20260718,seasonal_naive_weekly,3,30,5,2024-12-19 06:00:00,2024-12-19 06:30:00,1,318.0,301.0,-17.0,17.0,289.0,LABORAL,6,False
freeze_20260610_192142,baselines_full_20260718,seasonal_naive_weekly,3,30,5,2024-12-20 12:00:00,2024-12-20 12:30:00,1,117.0,145.0,28.0,28.0,784.0,LABORAL,12,False
freeze_20260610_192142,baselines_full_20260718,seasonal_naive_weekly,3,30,5,2024-12-20 12:30:00,2024-12-20 13:00:00,1,175.0,222.0,47.0,47.0,2209.0,LABORAL,13,False
freeze_20260610_192142,baselines_full_20260718,seasonal_naive_weekly,3,30,5,2024-12-20 15:00:00,2024-12-20 15:30:00,1,187.0,251.0,64.0,64.0,4096.0,LABORAL,15,False
freeze_20260610_192142,baselines_full_20260718,seasonal_naive_weekly,3,30,5,2024-12-22 04:00:00,2024-12-22 04:30:00,1,58.0,,,,,DOMINGO,4,False
freeze_20260610_192142,baselines_full_20260718,seasonal_naive_weekly,3,30,5,2024-12-22 14:00:00,2024-12-22 14:30:00,1,101.0,39.0,-62.0,62.0,3844.0,DOMINGO,14,False
freeze_20260610_192142,baselines_full_20260718,seasonal_naive_weekly,3,30,5,2024-12-23 03:30:00,2024-12-23 04:00:00,1,35.0,51.0,16.0,16.0,256.0,LABORAL,4,False
freeze_20260610_192142,baselines_full_20260718,seasonal_naive_weekly,3,30,6,2024-12-24 10:30:00,2024-12-24 11:00:00,1,159.0,93.0,-66.0,66.0,4356.0,LABORAL,11,False
freeze_20260610_192142,baselines_full_20260718,seasonal_naive_weekly,3,30,6,2024-12-25 15:00:00,2024-12-25 15:30:00,1,,237.0,,,,FESTIVO,15,True
freeze_20260610_192142,baselines_full_20260718,seasonal_naive_weekly,3,30,6,2024-12-27 05:00:00,2024-12-27 05:30:00,1,252.0,300.0,48.0,48.0,2304.0,LABORAL,5,False
freeze_20260610_192142,baselines_full_20260718,seasonal_naive_weekly,3,30,6,2024-12-29 07:30:00,2024-12-29 08:00:00,1,74.0,33.0,-41.0,41.0,1681.0,DOMINGO,8,False
freeze_20260610_192142,baselines_full_20260718,seasonal_naive_weekly,3,30,6,2024-12-29 14:30:00,2024-12-29 15:00:00,1,26.0,38.0,12.0,12.0,144.0,DOMINGO,15,False
freeze_20260610_192142,baselines_full_20260718,seasonal_naive_weekly,3,30,6,2024-12-29 15:00:00,2024-12-29 15:30:00,1,60.0,,,,,DOMINGO,15,False
freeze_20260610_192142,baselines_full_20260718,seasonal_naive_weekly,3,30,6,2024-12-31 07:30:00,2024-12-31 08:00:00,1,115.0,184.0,69.0,69.0,4761.0,LABORAL,8,False
freeze_20260610_192142,baselines_full_20260718,seasonal_naive_weekly,3,30,6,2024-12-31 15:30:00,2024-12-31 16:00:00,1,45.0,57.0,12.0,12.0,144.0,LABORAL,16,False
freeze_20260610_192142,baselines_full_20260718,seasonal_naive_weekly,3,30,6,2025-01-02 15:00:00,2025-01-02 15:30:00,1,113.0,133.0,20.0,20.0,400.0,LABORAL,15,False
freeze_20260610_192142,baselines_full_20260718,seasonal_naive_weekly,3,30,6,2025-01-03 12:00:00,2025-01-03 12:30:00,1,157.0,168.0,11.0,11.0,121.0,LABORAL,12,False
freeze_20260610_192142,baselines_full_20260718,seasonal_naive_weekly,3,30,6,2025-01-03 13:00:00,2025-01-03 13:30:00,1,112.0,178.0,66.0,66.0,4356.0,LABORAL,13,False
freeze_20260610_192142,baselines_full_20260718,seasonal_naive_weekly,3,30,6,2025-01-03 15:30:00,2025-01-03 16:00:00,1,150.0,78.0,-72.0,72.0,5184.0,LABORAL,16,False
freeze_20260610_192142,baselines_full_20260718,seasonal_naive_weekly,3,30,6,2025-01-05 14:30:00,2025-01-05 15:00:00,1,25.0,26.0,1.0,1.0,1.0,DOMINGO,15,False
freeze_20260610_192142,baselines_full_20260718,seasonal_naive_weekly,3,30,6,2025-01-05 16:30:00,2025-01-05 17:00:00,1,,43.0,,,,DOMINGO,17,True
freeze_20260610_192142,baselines_full_20260718,seasonal_naive_weekly,3,30,6,2025-01-06 15:00:00,2025-01-06 15:30:00,1,41.0,134.0,93.0,93.0,8649.0,FESTIVO_PUENTE,15,False
freeze_20260610_192142,baselines_full_20260718,seasonal_naive_weekly,3,30,7,2025-01-07 04:00:00,2025-01-07 04:30:00,1,134.0,76.0,-58.0,58.0,3364.0,LABORAL,4,False
freeze_20260610_192142,baselines_full_20260718,seasonal_naive_weekly,3,30,7,2025-01-07 05:00:00,2025-01-07 05:30:00,1,226.0,183.0,-43.0,43.0,1849.0,LABORAL,5,False
freeze_20260610_192142,baselines_full_20260718,seasonal_naive_weekly,3,30,7,2025-01-07 09:30:00,2025-01-07 10:00:00,1,186.0,90.0,-96.0,96.0,9216.0,LABORAL,10,False
freeze_20260610_192142,baselines_full_20260718,seasonal_naive_weekly,3,30,7,2025-01-10 10:00:00,2025-01-10 10:30:00,1,140.0,165.0,25.0,25.0,625.0,LABORAL,10,False
freeze_20260610_192142,baselines_full_20260718,seasonal_naive_weekly,3,30,7,2025-01-11 07:00:00,2025-01-11 07:30:00,1,184.0,148.0,-36.0,36.0,1296.0,SABADO,7,False
freeze_20260610_192142,baselines_full_20260718,seasonal_naive_weekly,3,30,7,2025-01-11 07:30:00,2025-01-11 08:00:00,1,146.0,116.0,-30.0,30.0,900.0,SABADO,8,False
freeze_20260610_192142,baselines_full_20260718,seasonal_naive_weekly,3,30,7,2025-01-11 08:00:00,2025-01-11 08:30:00,1,167.0,109.0,-58.0,58.0,3364.0,SABADO,8,False
freeze_20260610_192142,baselines_full_20260718,seasonal_naive_weekly,3,30,7,2025-01-13 11:00:00,2025-01-13 11:30:00,1,157.0,53.0,-104.0,104.0,10816.0,LABORAL,11,False
freeze_20260610_192142,baselines_full_20260718,seasonal_naive_weekly,3,30,7,2025-01-14 12:00:00,2025-01-14 12:30:00,1,162.0,213.0,51.0,51.0,2601.0,LABORAL,12,False
freeze_20260610_192142,baselines_full_20260718,seasonal_naive_weekly,3,30,7,2025-01-15 12:30:00,2025-01-15 13:00:00,1,120.0,80.0,-40.0,40.0,1600.0,LABORAL,13,False
freeze_20260610_192142,baselines_full_20260718,seasonal_naive_weekly,3,30,7,2025-01-16 04:30:00,2025-01-16 05:00:00,1,131.0,177.0,46.0,46.0,2116.0,LABORAL,5,False
freeze_20260610_192142,baselines_full_20260718,seasonal_naive_weekly,3,30,7,2025-01-17 11:30:00,2025-01-17 12:00:00,1,145.0,138.0,-7.0,7.0,49.0,LABORAL,12,False
freeze_20260610_192142,baselines_full_20260718,seasonal_naive_weekly,3,30,7,2025-01-17 15:00:00,2025-01-17 15:30:00,1,181.0,135.0,-46.0,46.0,2116.0,LABORAL,15,False
freeze_20260610_192142,baselines_full_20260718,seasonal_naive_weekly,3,30,7,2025-01-17 16:30:00,2025-01-17 17:00:00,1,40.0,,,,,LABORAL,17,False
freeze_20260610_192142,baselines_full_20260718,seasonal_naive_weekly,3,30,8,2025-01-21 07:00:00,2025-01-21 07:30:00,1,258.0,110.0,-148.0,148.0,21904.0,LABORAL,7,False
freeze_20260610_192142,baselines_full_20260718,seasonal_naive_weekly,3,30,8,2025-01-21 09:30:00,2025-01-21 10:00:00,1,159.0,89.0,-70.0,70.0,4900.0,LABORAL,10,False
freeze_20260610_192142,baselines_full_20260718,seasonal_naive_weekly,3,30,8,2025-01-22 06:00:00,2025-01-22 06:30:00,1,257.0,324.0,67.0,67.0,4489.0,LABORAL,6,False
freeze_20260610_192142,baselines_full_20260718,seasonal_naive_weekly,3,30,8,2025-01-23 09:00:00,2025-01-23 09:30:00,1,102.0,223.0,121.0,121.0,14641.0,LABORAL,9,False
freeze_20260610_192142,baselines_full_20260718,seasonal_naive_weekly,3,30,8,2025-01-24 13:30:00,2025-01-24 14:00:00,1,146.0,192.0,46.0,46.0,2116.0,LABORAL,14,False
freeze_20260610_192142,baselines_full_20260718,seasonal_naive_weekly,3,30,8,2025-01-26 10:30:00,2025-01-26 11:00:00,1,,32.0,,,,DOMINGO,11,True
freeze_20260610_192142,baselines_full_20260718,seasonal_naive_weekly,3,30,8,2025-01-26 12:30:00,2025-01-26 13:00:00,1,27.0,,,,,DOMINGO,13,False
freeze_20260610_192142,baselines_full_20260718,seasonal_naive_weekly,3,30,8,2025-01-27 14:00:00,2025-01-27 14:30:00,1,138.0,96.0,-42.0,42.0,1764.0,LABORAL,14,False
freeze_20260610_192142,baselines_full_20260718,seasonal_naive_weekly,3,30,8,2025-01-28 08:00:00,2025-01-28 08:30:00,1,167.0,246.0,79.0,79.0,6241.0,LABORAL,8,False
freeze_20260610_192142,baselines_full_20260718,seasonal_naive_weekly,3,30,8,2025-01-28 17:30:00,2025-01-28 18:00:00,1,,,,,,LABORAL,18,True
freeze_20260610_192142,baselines_full_20260718,seasonal_naive_weekly,3,30,8,2025-01-29 14:00:00,2025-01-29 14:30:00,1,114.0,119.0,5.0,5.0,25.0,LABORAL,14,False
freeze_20260610_192142,baselines_full_20260718,seasonal_naive_weekly,3,30,8,2025-01-30 09:30:00,2025-01-30 10:00:00,1,81.0,170.0,89.0,89.0,7921.0,LABORAL,10,False
freeze_20260610_192142,baselines_full_20260718,seasonal_naive_weekly,3,30,8,2025-01-30 10:00:00,2025-01-30 10:30:00,1,95.0,94.0,-1.0,1.0,1.0,LABORAL,10,False
freeze_20260610_192142,baselines_full_20260718,seasonal_naive_weekly,3,30,8,2025-02-01 10:30:00,2025-02-01 11:00:00,1,108.0,118.0,10.0,10.0,100.0,SABADO,11,False
freeze_20260610_192142,baselines_full_20260718,seasonal_naive_weekly,3,30,8,2025-02-01 11:30:00,2025-02-01 12:00:00,1,94.0,89.0,-5.0,5.0,25.0,SABADO,12,False
freeze_20260610_192142,baselines_full_20260718,seasonal_naive_weekly,3,30,8,2025-02-01 14:30:00,2025-02-01 15:00:00,1,147.0,100.0,-47.0,47.0,2209.0,SABADO,15,False
freeze_20260610_192142,baselines_full_20260718,seasonal_naive_weekly,3,30,8,2025-02-02 07:00:00,2025-02-02 07:30:00,1,40.0,62.0,22.0,22.0,484.0,DOMINGO,7,False
freeze_20260610_192142,baselines_full_20260718,seasonal_naive_weekly,3,30,8,2025-02-02 11:00:00,2025-02-02 11:30:00,1,15.0,,,,,DOMINGO,11,False
freeze_20260610_192142,baselines_full_20260718,seasonal_naive_weekly,3,30,8,2025-02-02 13:00:00,2025-02-02 13:30:00,1,30.0,,,,,DOMINGO,13,False
freeze_20260610_192142,baselines_full_20260718,seasonal_naive_weekly,3,30,8,2025-02-03 07:30:00,2025-02-03 08:00:00,1,230.0,171.0,-59.0,59.0,3481.0,LABORAL,8,False
freeze_20260610_192142,baselines_full_20260718,seasonal_naive_weekly,3,30,8,2025-02-03 16:30:00,2025-02-03 17:00:00,1,77.0,55.0,-22.0,22.0,484.0,LABORAL,17,False
freeze_20260610_192142,baselines_full_20260718,seasonal_naive_weekly,3,30,8,2025-02-03 17:30:00,2025-02-03 18:00:00,1,36.0,,,,,LABORAL,18,False
freeze_20260610_192142,baselines_full_20260718,seasonal_naive_weekly,3,30,9,2025-02-05 08:00:00,2025-02-05 08:30:00,1,208.0,216.0,8.0,8.0,64.0,LABORAL,8,False
freeze_20260610_192142,baselines_full_20260718,seasonal_naive_weekly,3,30,9,2025-02-07 13:30:00,2025-02-07 14:00:00,1,162.0,174.0,12.0,12.0,144.0,LABORAL,14,False
freeze_20260610_192142,baselines_full_20260718,seasonal_naive_weekly,3,30,9,2025-02-08 08:30:00,2025-02-08 09:00:00,1,188.0,112.0,-76.0,76.0,5776.0,SABADO,9,False
freeze_20260610_192142,baselines_full_20260718,seasonal_naive_weekly,3,30,9,2025-02-09 12:30:00,2025-02-09 13:00:00,1,49.0,34.0,-15.0,15.0,225.0,DOMINGO,13,False
freeze_20260610_192142,baselines_full_20260718,seasonal_naive_weekly,3,30,9,2025-02-10 10:30:00,2025-02-10 11:00:00,1,154.0,147.0,-7.0,7.0,49.0,LABORAL,11,False
freeze_20260610_192142,baselines_full_20260718,seasonal_naive_weekly,3,30,9,2025-02-11 07:30:00,2025-02-11 08:00:00,1,212.0,164.0,-48.0,48.0,2304.0,LABORAL,8,False
freeze_20260610_192142,baselines_full_20260718,seasonal_naive_weekly,3,30,9,2025-02-11 10:30:00,2025-02-11 11:00:00,1,191.0,177.0,-14.0,14.0,196.0,LABORAL,11,False
freeze_20260610_192142,baselines_full_20260718,seasonal_naive_weekly,3,30,9,2025-02-14 04:30:00,2025-02-14 05:00:00,1,303.0,304.0,1.0,1.0,1.0,LABORAL,5,False
freeze_20260610_192142,baselines_full_20260718,seasonal_naive_weekly,3,30,9,2025-02-15 04:30:00,2025-02-15 05:00:00,1,130.0,150.0,20.0,20.0,400.0,SABADO,5,False
freeze_20260610_192142,baselines_full_20260718,seasonal_naive_weekly,3,30,9,2025-02-15 08:00:00,2025-02-15 08:30:00,1,146.0,116.0,-30.0,30.0,900.0,SABADO,8,False
freeze_20260610_192142,baselines_full_20260718,seasonal_naive_weekly,3,30,9,2025-02-16 16:30:00,2025-02-16 17:00:00,1,,,,,,DOMINGO,17,True
freeze_20260610_192142,baselines_full_20260718,seasonal_naive_weekly,3,30,10,2025-02-18 03:30:00,2025-02-18 04:00:00,1,49.0,40.0,-9.0,9.0,81.0,LABORAL,4,False
freeze_20260610_192142,baselines_full_20260718,seasonal_naive_weekly,3,30,10,2025-02-19 10:00:00,2025-02-19 10:30:00,1,113.0,167.0,54.0,54.0,2916.0,LABORAL,10,False
freeze_20260610_192142,baselines_full_20260718,seasonal_naive_weekly,3,30,10,2025-02-20 14:30:00,2025-02-20 15:00:00,1,165.0,101.0,-64.0,64.0,4096.0,LABORAL,15,False
freeze_20260610_192142,baselines_full_20260718,seasonal_naive_weekly,3,30,10,2025-02-22 15:00:00,2025-02-22 15:30:00,1,83.0,48.0,-35.0,35.0,1225.0,SABADO,15,False
freeze_20260610_192142,baselines_full_20260718,seasonal_naive_weekly,3,30,10,2025-02-23 06:00:00,2025-02-23 06:30:00,1,,24.0,,,,DOMINGO,6,True
freeze_20260610_192142,baselines_full_20260718,seasonal_naive_weekly,3,30,10,2025-02-23 08:00:00,2025-02-23 08:30:00,1,37.0,,,,,DOMINGO,8,False
freeze_20260610_192142,baselines_full_20260718,seasonal_naive_weekly,3,30,10,2025-02-25 13:00:00,2025-02-25 13:30:00,1,154.0,186.0,32.0,32.0,1024.0,LABORAL,13,False
freeze_20260610_192142,baselines_full_20260718,seasonal_naive_weekly,3,30,10,2025-02-27 06:30:00,2025-02-27 07:00:00,1,131.0,220.0,89.0,89.0,7921.0,LABORAL,7,False
freeze_20260610_192142,baselines_full_20260718,seasonal_naive_weekly,3,30,10,2025-02-28 15:00:00,2025-02-28 15:30:00,1,184.0,142.0,-42.0,42.0,1764.0,LABORAL,15,False
freeze_20260610_192142,baselines_full_20260718,seasonal_naive_weekly,3,30,10,2025-03-01 07:00:00,2025-03-01 07:30:00,1,153.0,178.0,25.0,25.0,625.0,SABADO,7,False
freeze_20260610_192142,baselines_full_20260718,seasonal_naive_weekly,3,30,10,2025-03-01 13:30:00,2025-03-01 14:00:00,1,71.0,114.0,43.0,43.0,1849.0,SABADO,14,False
freeze_20260610_192142,baselines_full_20260718,seasonal_naive_weekly,3,30,10,2025-03-02 06:30:00,2025-03-02 07:00:00,1,46.0,23.0,-23.0,23.0,529.0,DOMINGO,7,False
freeze_20260610_192142,baselines_full_20260718,seasonal_naive_weekly,3,30,11,2025-03-05 06:00:00,2025-03-05 06:30:00,1,232.0,268.0,36.0,36.0,1296.0,LABORAL,6,False
freeze_20260610_192142,baselines_full_20260718,seasonal_naive_weekly,3,30,11,2025-03-07 03:30:00,2025-03-07 04:00:00,1,61.0,59.0,-2.0,2.0,4.0,LABORAL,4,False
freeze_20260610_192142,baselines_full_20260718,seasonal_naive_weekly,3,30,11,2025-03-08 08:00:00,2025-03-08 08:30:00,1,118.0,112.0,-6.0,6.0,36.0,SABADO,8,False
freeze_20260610_192142,baselines_full_20260718,seasonal_naive_weekly,3,30,11,2025-03-10 11:30:00,2025-03-10 12:00:00,1,131.0,229.0,98.0,98.0,9604.0,LABORAL,12,False
freeze_20260610_192142,baselines_full_20260718,seasonal_naive_weekly,3,30,11,2025-03-11 14:00:00,2025-03-11 14:30:00,1,218.0,256.0,38.0,38.0,1444.0,LABORAL,14,False
freeze_20260610_192142,baselines_full_20260718,seasonal_naive_weekly,3,30,11,2025-03-12 16:00:00,2025-03-12 16:30:00,1,119.0,182.0,63.0,63.0,3969.0,LABORAL,16,False
freeze_20260610_192142,baselines_full_20260718,seasonal_naive_weekly,3,30,11,2025-03-14 13:00:00,2025-03-14 13:30:00,1,189.0,198.0,9.0,9.0,81.0,LABORAL,13,False
freeze_20260610_192142,baselines_full_20260718,seasonal_naive_weekly,3,30,11,2025-03-17 14:00:00,2025-03-17 14:30:00,1,176.0,221.0,45.0,45.0,2025.0,LABORAL,14,False
freeze_20260610_192142,baselines_full_20260718,seasonal_naive_weekly,3,30,12,2025-03-18 09:00:00,2025-03-18 09:30:00,1,91.0,159.0,68.0,68.0,4624.0,LABORAL,9,False
freeze_20260610_192142,baselines_full_20260718,seasonal_naive_weekly,3,30,12,2025-03-21 17:00:00,2025-03-21 17:30:00,1,79.0,47.0,-32.0,32.0,1024.0,LABORAL,17,False
freeze_20260610_192142,baselines_full_20260718,seasonal_naive_weekly,3,30,12,2025-03-23 12:00:00,2025-03-23 12:30:00,1,29.0,57.0,28.0,28.0,784.0,DOMINGO,12,False
freeze_20260610_192142,baselines_full_20260718,seasonal_naive_weekly,3,30,12,2025-03-23 15:30:00,2025-03-23 16:00:00,1,44.0,,,,,DOMINGO,16,False
freeze_20260610_192142,baselines_full_20260718,seasonal_naive_weekly,3,30,12,2025-03-25 16:00:00,2025-03-25 16:30:00,1,134.0,90.0,-44.0,44.0,1936.0,LABORAL,16,False
freeze_20260610_192142,baselines_full_20260718,seasonal_naive_weekly,3,30,12,2025-03-25 17:00:00,2025-03-25 17:30:00,1,36.0,33.0,-3.0,3.0,9.0,LABORAL,17,False
freeze_20260610_192142,baselines_full_20260718,seasonal_naive_weekly,3,30,12,2025-03-26 05:00:00,2025-03-26 05:30:00,1,260.0,471.0,211.0,211.0,44521.0,LABORAL,5,False
freeze_20260610_192142,baselines_full_20260718,seasonal_naive_weekly,3,30,12,2025-03-28 03:30:00,2025-03-28 04:00:00,1,85.0,104.0,19.0,19.0,361.0,LABORAL,4,False
freeze_20260610_192142,baselines_full_20260718,seasonal_naive_weekly,3,30,12,2025-03-28 09:30:00,2025-03-28 10:00:00,1,160.0,144.0,-16.0,16.0,256.0,LABORAL,10,False
freeze_20260610_192142,baselines_full_20260718,seasonal_naive_weekly,3,30,12,2025-03-28 16:00:00,2025-03-28 16:30:00,1,153.0,152.0,-1.0,1.0,1.0,LABORAL,16,False
freeze_20260610_192142,baselines_full_20260718,seasonal_naive_weekly,3,30,12,2025-03-29 14:00:00,2025-03-29 14:30:00,1,82.0,88.0,6.0,6.0,36.0,SABADO,14,False
freeze_20260610_192142,baselines_full_20260718,seasonal_naive_weekly,3,30,12,2025-03-31 03:30:00,2025-03-31 04:00:00,1,54.0,,,,,LABORAL,4,False
freeze_20260610_192142,baselines_full_20260718,seasonal_naive_weekly,3,30,12,2025-03-31 14:00:00,2025-03-31 14:30:00,1,,23.0,,,,LABORAL,14,True
freeze_20260610_192142,baselines_full_20260718,seasonal_naive_weekly,3,30,13,2025-04-01 04:00:00,2025-04-01 04:30:00,1,211.0,283.0,72.0,72.0,5184.0,LABORAL,4,False
freeze_20260610_192142,baselines_full_20260718,seasonal_naive_weekly,3,30,13,2025-04-02 11:00:00,2025-04-02 11:30:00,1,111.0,142.0,31.0,31.0,961.0,LABORAL,11,False
freeze_20260610_192142,baselines_full_20260718,seasonal_naive_weekly,3,30,13,2025-04-04 03:30:00,2025-04-04 04:00:00,1,41.0,85.0,44.0,44.0,1936.0,LABORAL,4,False
freeze_20260610_192142,baselines_full_20260718,seasonal_naive_weekly,3,30,13,2025-04-05 14:30:00,2025-04-05 15:00:00,1,105.0,,,,,SABADO,15,False
freeze_20260610_192142,baselines_full_20260718,seasonal_naive_weekly,3,30,13,2025-04-06 05:30:00,2025-04-06 06:00:00,1,,,,,,DOMINGO,6,True
freeze_20260610_192142,baselines_full_20260718,seasonal_naive_weekly,3,30,13,2025-04-08 04:30:00,2025-04-08 05:00:00,1,248.0,398.0,150.0,150.0,22500.0,LABORAL,5,False
freeze_20260610_192142,baselines_full_20260718,seasonal_naive_weekly,3,30,13,2025-04-08 05:00:00,2025-04-08 05:30:00,1,240.0,266.0,26.0,26.0,676.0,LABORAL,5,False
freeze_20260610_192142,baselines_full_20260718,seasonal_naive_weekly,3,30,13,2025-04-09 04:30:00,2025-04-09 05:00:00,1,305.0,336.0,31.0,31.0,961.0,LABORAL,5,False
freeze_20260610_192142,baselines_full_20260718,seasonal_naive_weekly,3,30,13,2025-04-09 13:00:00,2025-04-09 13:30:00,1,192.0,209.0,17.0,17.0,289.0,LABORAL,13,False
freeze_20260610_192142,baselines_full_20260718,seasonal_naive_weekly,3,30,13,2025-04-10 08:30:00,2025-04-10 09:00:00,1,90.0,180.0,90.0,90.0,8100.0,LABORAL,9,False
freeze_20260610_192142,baselines_full_20260718,seasonal_naive_weekly,3,30,13,2025-04-10 11:00:00,2025-04-10 11:30:00,1,184.0,105.0,-79.0,79.0,6241.0,LABORAL,11,False
freeze_20260610_192142,baselines_full_20260718,seasonal_naive_weekly,3,30,13,2025-04-12 05:00:00,2025-04-12 05:30:00,1,206.0,220.0,14.0,14.0,196.0,SABADO,5,False
freeze_20260610_192142,baselines_full_20260718,seasonal_naive_weekly,3,30,13,2025-04-13 12:30:00,2025-04-13 13:00:00,1,26.0,19.0,-7.0,7.0,49.0,DOMINGO,13,False
freeze_20260610_192142,baselines_full_20260718,seasonal_naive_weekly,3,30,13,2025-04-13 15:30:00,2025-04-13 16:00:00,1,24.0,,,,,DOMINGO,16,False
freeze_20260610_192142,baselines_full_20260718,seasonal_naive_weekly,3,30,14,2025-04-15 14:00:00,2025-04-15 14:30:00,1,132.0,152.0,20.0,20.0,400.0,LABORAL,14,False
freeze_20260610_192142,baselines_full_20260718,seasonal_naive_weekly,3,30,14,2025-04-17 09:00:00,2025-04-17 09:30:00,1,28.0,134.0,106.0,106.0,11236.0,FESTIVO,9,False
freeze_20260610_192142,baselines_full_20260718,seasonal_naive_weekly,3,30,14,2025-04-18 12:00:00,2025-04-18 12:30:00,1,28.0,179.0,151.0,151.0,22801.0,FESTIVO,12,False
freeze_20260610_192142,baselines_full_20260718,seasonal_naive_weekly,3,30,14,2025-04-19 06:30:00,2025-04-19 07:00:00,1,108.0,142.0,34.0,34.0,1156.0,SABADO,7,False
freeze_20260610_192142,baselines_full_20260718,seasonal_naive_weekly,3,30,14,2025-04-19 11:30:00,2025-04-19 12:00:00,1,23.0,44.0,21.0,21.0,441.0,SABADO,12,False
freeze_20260610_192142,baselines_full_20260718,seasonal_naive_weekly,3,30,14,2025-04-20 08:30:00,2025-04-20 09:00:00,1,34.0,64.0,30.0,30.0,900.0,DOMINGO,9,False
freeze_20260610_192142,baselines_full_20260718,seasonal_naive_weekly,3,30,14,2025-04-20 15:30:00,2025-04-20 16:00:00,1,31.0,24.0,-7.0,7.0,49.0,DOMINGO,16,False
freeze_20260610_192142,baselines_full_20260718,seasonal_naive_weekly,3,30,14,2025-04-22 05:00:00,2025-04-22 05:30:00,1,300.0,286.0,-14.0,14.0,196.0,LABORAL,5,False
freeze_20260610_192142,baselines_full_20260718,seasonal_naive_weekly,3,30,14,2025-04-22 06:30:00,2025-04-22 07:00:00,1,176.0,203.0,27.0,27.0,729.0,LABORAL,7,False
freeze_20260610_192142,baselines_full_20260718,seasonal_naive_weekly,3,30,14,2025-04-22 08:00:00,2025-04-22 08:30:00,1,245.0,159.0,-86.0,86.0,7396.0,LABORAL,8,False
freeze_20260610_192142,baselines_full_20260718,seasonal_naive_weekly,3,30,14,2025-04-22 08:30:00,2025-04-22 09:00:00,1,131.0,150.0,19.0,19.0,361.0,LABORAL,9,False
freeze_20260610_192142,baselines_full_20260718,seasonal_naive_weekly,3,30,14,2025-04-23 11:30:00,2025-04-23 12:00:00,1,172.0,170.0,-2.0,2.0,4.0,LABORAL,12,False
freeze_20260610_192142,baselines_full_20260718,seasonal_naive_weekly,3,30,14,2025-04-25 06:00:00,2025-04-25 06:30:00,1,148.0,,,,,LABORAL,6,False
freeze_20260610_192142,baselines_full_20260718,seasonal_naive_weekly,3,30,14,2025-04-25 06:30:00,2025-04-25 07:00:00,1,192.0,44.0,-148.0,148.0,21904.0,LABORAL,7,False
freeze_20260610_192142,baselines_full_20260718,seasonal_naive_weekly,3,30,14,2025-04-26 08:30:00,2025-04-26 09:00:00,1,122.0,46.0,-76.0,76.0,5776.0,SABADO,9,False
freeze_20260610_192142,baselines_full_20260718,seasonal_naive_weekly,3,30,14,2025-04-28 13:30:00,2025-04-28 14:00:00,1,128.0,177.0,49.0,49.0,2401.0,LABORAL,14,False
freeze_20260610_192142,baselines_full_20260718,seasonal_naive_weekly,3,30,15,2025-04-30 04:30:00,2025-04-30 05:00:00,1,257.0,347.0,90.0,90.0,8100.0,LABORAL,5,False
freeze_20260610_192142,baselines_full_20260718,seasonal_naive_weekly,3,30,15,2025-04-30 12:30:00,2025-04-30 13:00:00,1,141.0,129.0,-12.0,12.0,144.0,LABORAL,13,False
freeze_20260610_192142,baselines_full_20260718,seasonal_naive_weekly,3,30,15,2025-04-30 16:30:00,2025-04-30 17:00:00,1,106.0,63.0,-43.0,43.0,1849.0,LABORAL,17,False
freeze_20260610_192142,baselines_full_20260718,seasonal_naive_weekly,3,30,15,2025-05-02 17:00:00,2025-05-02 17:30:00,1,45.0,23.0,-22.0,22.0,484.0,LABORAL,17,False
freeze_20260610_192142,baselines_full_20260718,seasonal_naive_weekly,3,30,15,2025-05-03 04:00:00,2025-05-03 04:30:00,1,139.0,129.0,-10.0,10.0,100.0,SABADO,4,False
freeze_20260610_192142,baselines_full_20260718,seasonal_naive_weekly,3,30,15,2025-05-03 07:30:00,2025-05-03 08:00:00,1,144.0,168.0,24.0,24.0,576.0,SABADO,8,False
freeze_20260610_192142,baselines_full_20260718,seasonal_naive_weekly,3,30,15,2025-05-04 12:30:00,2025-05-04 13:00:00,1,41.0,23.0,-18.0,18.0,324.0,DOMINGO,13,False
freeze_20260610_192142,baselines_full_20260718,seasonal_naive_weekly,3,30,15,2025-05-05 08:30:00,2025-05-05 09:00:00,1,182.0,141.0,-41.0,41.0,1681.0,LABORAL,9,False
freeze_20260610_192142,baselines_full_20260718,seasonal_naive_weekly,3,30,15,2025-05-05 15:30:00,2025-05-05 16:00:00,1,106.0,133.0,27.0,27.0,729.0,LABORAL,16,False
freeze_20260610_192142,baselines_full_20260718,seasonal_naive_weekly,3,30,15,2025-05-06 13:00:00,2025-05-06 13:30:00,1,147.0,133.0,-14.0,14.0,196.0,LABORAL,13,False
freeze_20260610_192142,baselines_full_20260718,seasonal_naive_weekly,3,30,15,2025-05-06 16:30:00,2025-05-06 17:00:00,1,67.0,57.0,-10.0,10.0,100.0,LABORAL,17,False
freeze_20260610_192142,baselines_full_20260718,seasonal_naive_weekly,3,30,15,2025-05-08 08:30:00,2025-05-08 09:00:00,1,144.0,64.0,-80.0,80.0,6400.0,LABORAL,9,False
freeze_20260610_192142,baselines_full_20260718,seasonal_naive_weekly,3,30,15,2025-05-11 07:00:00,2025-05-11 07:30:00,1,36.0,51.0,15.0,15.0,225.0,DOMINGO,7,False
freeze_20260610_192142,baselines_full_20260718,seasonal_naive_weekly,3,30,15,2025-05-12 09:30:00,2025-05-12 10:00:00,1,185.0,159.0,-26.0,26.0,676.0,LABORAL,10,False
freeze_20260610_192142,baselines_full_20260718,seasonal_naive_weekly,3,30,16,2025-05-14 09:00:00,2025-05-14 09:30:00,1,135.0,82.0,-53.0,53.0,2809.0,LABORAL,9,False
freeze_20260610_192142,baselines_full_20260718,seasonal_naive_weekly,3,30,16,2025-05-15 08:00:00,2025-05-15 08:30:00,1,175.0,131.0,-44.0,44.0,1936.0,LABORAL,8,False
freeze_20260610_192142,baselines_full_20260718,seasonal_naive_weekly,3,30,16,2025-05-18 13:30:00,2025-05-18 14:00:00,1,,,,,,DOMINGO,14,True
freeze_20260610_192142,baselines_full_20260718,seasonal_naive_weekly,3,30,16,2025-05-19 11:00:00,2025-05-19 11:30:00,1,105.0,91.0,-14.0,14.0,196.0,LABORAL,11,False
freeze_20260610_192142,baselines_full_20260718,seasonal_naive_weekly,3,30,16,2025-05-20 03:30:00,2025-05-20 04:00:00,1,,60.0,,,,LABORAL,4,True
freeze_20260610_192142,baselines_full_20260718,seasonal_naive_weekly,3,30,16,2025-05-20 06:30:00,2025-05-20 07:00:00,1,164.0,243.0,79.0,79.0,6241.0,LABORAL,7,False
freeze_20260610_192142,baselines_full_20260718,seasonal_naive_weekly,3,30,16,2025-05-20 11:00:00,2025-05-20 11:30:00,1,181.0,206.0,25.0,25.0,625.0,LABORAL,11,False
freeze_20260610_192142,baselines_full_20260718,seasonal_naive_weekly,3,30,16,2025-05-21 05:00:00,2025-05-21 05:30:00,1,366.0,336.0,-30.0,30.0,900.0,LABORAL,5,False
freeze_20260610_192142,baselines_full_20260718,seasonal_naive_weekly,3,30,16,2025-05-21 07:00:00,2025-05-21 07:30:00,1,192.0,264.0,72.0,72.0,5184.0,LABORAL,7,False
freeze_20260610_192142,baselines_full_20260718,seasonal_naive_weekly,3,30,16,2025-05-21 16:00:00,2025-05-21 16:30:00,1,85.0,41.0,-44.0,44.0,1936.0,LABORAL,16,False
freeze_20260610_192142,baselines_full_20260718,seasonal_naive_weekly,3,30,16,2025-05-21 17:30:00,2025-05-21 18:00:00,1,,,,,,LABORAL,18,True
freeze_20260610_192142,baselines_full_20260718,seasonal_naive_weekly,3,30,16,2025-05-22 04:00:00,2025-05-22 04:30:00,1,254.0,180.0,-74.0,74.0,5476.0,LABORAL,4,False
freeze_20260610_192142,baselines_full_20260718,seasonal_naive_weekly,3,30,16,2025-05-22 06:00:00,2025-05-22 06:30:00,1,271.0,201.0,-70.0,70.0,4900.0,LABORAL,6,False
freeze_20260610_192142,baselines_full_20260718,seasonal_naive_weekly,3,30,16,2025-05-22 14:30:00,2025-05-22 15:00:00,1,166.0,242.0,76.0,76.0,5776.0,LABORAL,15,False
freeze_20260610_192142,baselines_full_20260718,seasonal_naive_weekly,3,30,16,2025-05-23 10:30:00,2025-05-23 11:00:00,1,136.0,123.0,-13.0,13.0,169.0,LABORAL,11,False
freeze_20260610_192142,baselines_full_20260718,seasonal_naive_weekly,3,30,16,2025-05-23 17:30:00,2025-05-23 18:00:00,1,,,,,,LABORAL,18,True
freeze_20260610_192142,baselines_full_20260718,seasonal_naive_weekly,3,30,16,2025-05-24 05:30:00,2025-05-24 06:00:00,1,218.0,160.0,-58.0,58.0,3364.0,SABADO,6,False
freeze_20260610_192142,baselines_full_20260718,seasonal_naive_weekly,3,30,17,2025-05-30 09:00:00,2025-05-30 09:30:00,1,112.0,149.0,37.0,37.0,1369.0,LABORAL,9,False
freeze_20260610_192142,baselines_full_20260718,seasonal_naive_weekly,3,30,17,2025-05-30 09:30:00,2025-05-30 10:00:00,1,104.0,132.0,28.0,28.0,784.0,LABORAL,10,False
freeze_20260610_192142,baselines_full_20260718,seasonal_naive_weekly,3,30,17,2025-05-31 04:30:00,2025-05-31 05:00:00,1,152.0,195.0,43.0,43.0,1849.0,SABADO,5,False
freeze_20260610_192142,baselines_full_20260718,seasonal_naive_weekly,3,30,17,2025-05-31 09:30:00,2025-05-31 10:00:00,1,121.0,166.0,45.0,45.0,2025.0,SABADO,10,False
freeze_20260610_192142,baselines_full_20260718,seasonal_naive_weekly,3,30,17,2025-06-03 04:00:00,2025-06-03 04:30:00,1,174.0,211.0,37.0,37.0,1369.0,LABORAL,4,False
freeze_20260610_192142,baselines_full_20260718,seasonal_naive_weekly,3,30,17,2025-06-03 12:30:00,2025-06-03 13:00:00,1,192.0,169.0,-23.0,23.0,529.0,LABORAL,13,False
freeze_20260610_192142,baselines_full_20260718,seasonal_naive_weekly,3,30,17,2025-06-04 17:00:00,2025-06-04 17:30:00,1,29.0,,,,,LABORAL,17,False
freeze_20260610_192142,baselines_full_20260718,seasonal_naive_weekly,3,30,17,2025-06-06 06:00:00,2025-06-06 06:30:00,1,216.0,246.0,30.0,30.0,900.0,LABORAL,6,False
freeze_20260610_192142,baselines_full_20260718,seasonal_naive_weekly,3,30,17,2025-06-08 04:30:00,2025-06-08 05:00:00,1,,19.0,,,,DOMINGO,5,True
freeze_20260610_192142,baselines_full_20260718,seasonal_naive_weekly,3,30,17,2025-06-08 09:30:00,2025-06-08 10:00:00,1,31.0,23.0,-8.0,8.0,64.0,DOMINGO,10,False
freeze_20260610_192142,baselines_full_20260718,seasonal_naive_weekly,3,30,17,2025-06-09 10:00:00,2025-06-09 10:30:00,1,119.0,19.0,-100.0,100.0,10000.0,LABORAL,10,False
freeze_20260610_192142,baselines_full_20260718,seasonal_naive_weekly,3,30,17,2025-06-09 15:30:00,2025-06-09 16:00:00,1,70.0,,,,,LABORAL,16,False
freeze_20260610_192142,baselines_full_20260718,seasonal_naive_weekly,3,30,18,2025-06-10 06:00:00,2025-06-10 06:30:00,1,181.0,306.0,125.0,125.0,15625.0,LABORAL,6,False
freeze_20260610_192142,baselines_full_20260718,seasonal_naive_weekly,3,30,18,2025-06-10 11:00:00,2025-06-10 11:30:00,1,106.0,120.0,14.0,14.0,196.0,LABORAL,11,False
freeze_20260610_192142,baselines_full_20260718,seasonal_naive_weekly,3,30,18,2025-06-10 16:30:00,2025-06-10 17:00:00,1,40.0,98.0,58.0,58.0,3364.0,LABORAL,17,False
freeze_20260610_192142,baselines_full_20260718,seasonal_naive_weekly,3,30,18,2025-06-11 05:00:00,2025-06-11 05:30:00,1,248.0,387.0,139.0,139.0,19321.0,LABORAL,5,False
freeze_20260610_192142,baselines_full_20260718,seasonal_naive_weekly,3,30,18,2025-06-12 13:30:00,2025-06-12 14:00:00,1,125.0,127.0,2.0,2.0,4.0,LABORAL,14,False
freeze_20260610_192142,baselines_full_20260718,seasonal_naive_weekly,3,30,18,2025-06-12 16:30:00,2025-06-12 17:00:00,1,28.0,100.0,72.0,72.0,5184.0,LABORAL,17,False
freeze_20260610_192142,baselines_full_20260718,seasonal_naive_weekly,3,30,18,2025-06-14 05:30:00,2025-06-14 06:00:00,1,192.0,211.0,19.0,19.0,361.0,SABADO,6,False
freeze_20260610_192142,baselines_full_20260718,seasonal_naive_weekly,3,30,18,2025-06-15 08:00:00,2025-06-15 08:30:00,1,38.0,28.0,-10.0,10.0,100.0,DOMINGO,8,False
freeze_20260610_192142,baselines_full_20260718,seasonal_naive_weekly,3,30,18,2025-06-15 11:30:00,2025-06-15 12:00:00,1,43.0,34.0,-9.0,9.0,81.0,DOMINGO,12,False
freeze_20260610_192142,baselines_full_20260718,seasonal_naive_weekly,3,30,18,2025-06-15 16:00:00,2025-06-15 16:30:00,1,52.0,,,,,DOMINGO,16,False
freeze_20260610_192142,baselines_full_20260718,seasonal_naive_weekly,3,30,18,2025-06-16 09:30:00,2025-06-16 10:00:00,1,143.0,182.0,39.0,39.0,1521.0,LABORAL,10,False
freeze_20260610_192142,baselines_full_20260718,seasonal_naive_weekly,3,30,18,2025-06-17 16:00:00,2025-06-17 16:30:00,1,111.0,91.0,-20.0,20.0,400.0,LABORAL,16,False
freeze_20260610_192142,baselines_full_20260718,seasonal_naive_weekly,3,30,18,2025-06-21 16:00:00,2025-06-21 16:30:00,1,,43.0,,,,SABADO,16,True
freeze_20260610_192142,baselines_full_20260718,seasonal_naive_weekly,3,30,18,2025-06-22 09:30:00,2025-06-22 10:00:00,1,21.0,66.0,45.0,45.0,2025.0,DOMINGO,10,False
freeze_20260610_192142,baselines_full_20260718,seasonal_naive_weekly,3,30,18,2025-06-22 15:00:00,2025-06-22 15:30:00,1,,26.0,,,,DOMINGO,15,True
freeze_20260610_192142,baselines_full_20260718,seasonal_naive_weekly,3,30,18,2025-06-23 14:00:00,2025-06-23 14:30:00,1,,116.0,,,,FESTIVO_PUENTE,14,True
freeze_20260610_192142,baselines_full_20260718,seasonal_naive_weekly,3,30,19,2025-06-24 12:30:00,2025-06-24 13:00:00,1,,177.0,,,,LABORAL,13,True
freeze_20260610_192142,baselines_full_20260718,seasonal_naive_weekly,3,30,19,2025-06-24 16:30:00,2025-06-24 17:00:00,1,43.0,38.0,-5.0,5.0,25.0,LABORAL,17,False
freeze_20260610_192142,baselines_full_20260718,seasonal_naive_weekly,3,30,19,2025-06-25 04:00:00,2025-06-25 04:30:00,1,228.0,270.0,42.0,42.0,1764.0,LABORAL,4,False
freeze_20260610_192142,baselines_full_20260718,seasonal_naive_weekly,3,30,19,2025-06-25 13:30:00,2025-06-25 14:00:00,1,91.0,67.0,-24.0,24.0,576.0,LABORAL,14,False
freeze_20260610_192142,baselines_full_20260718,seasonal_naive_weekly,3,30,19,2025-06-26 06:30:00,2025-06-26 07:00:00,1,163.0,226.0,63.0,63.0,3969.0,LABORAL,7,False
freeze_20260610_192142,baselines_full_20260718,seasonal_naive_weekly,3,30,19,2025-06-26 10:00:00,2025-06-26 10:30:00,1,157.0,210.0,53.0,53.0,2809.0,LABORAL,10,False
freeze_20260610_192142,baselines_full_20260718,seasonal_naive_weekly,3,30,19,2025-06-28 13:30:00,2025-06-28 14:00:00,1,59.0,92.0,33.0,33.0,1089.0,SABADO,14,False
freeze_20260610_192142,baselines_full_20260718,seasonal_naive_weekly,3,30,19,2025-06-29 05:00:00,2025-06-29 05:30:00,1,22.0,,,,,DOMINGO,5,False
freeze_20260610_192142,baselines_full_20260718,seasonal_naive_weekly,3,30,19,2025-06-29 16:00:00,2025-06-29 16:30:00,1,,,,,,DOMINGO,16,True
freeze_20260610_192142,baselines_full_20260718,seasonal_naive_weekly,3,30,19,2025-06-30 04:00:00,2025-06-30 04:30:00,1,57.0,,,,,FESTIVO_PUENTE,4,False
freeze_20260610_192142,baselines_full_20260718,seasonal_naive_weekly,3,30,19,2025-07-01 15:00:00,2025-07-01 15:30:00,1,145.0,130.0,-15.0,15.0,225.0,LABORAL,15,False
freeze_20260610_192142,baselines_full_20260718,seasonal_naive_weekly,3,30,19,2025-07-04 13:00:00,2025-07-04 13:30:00,1,162.0,144.0,-18.0,18.0,324.0,LABORAL,13,False
freeze_20260610_192142,baselines_full_20260718,seasonal_naive_weekly,3,30,19,2025-07-04 16:30:00,2025-07-04 17:00:00,1,72.0,110.0,38.0,38.0,1444.0,LABORAL,17,False
freeze_20260610_192142,baselines_full_20260718,seasonal_naive_weekly,3,30,19,2025-07-06 13:00:00,2025-07-06 13:30:00,1,24.0,48.0,24.0,24.0,576.0,DOMINGO,13,False
freeze_20260610_192142,baselines_full_20260718,seasonal_naive_weekly,3,30,20,2025-07-09 07:30:00,2025-07-09 08:00:00,1,175.0,168.0,-7.0,7.0,49.0,LABORAL,8,False
freeze_20260610_192142,baselines_full_20260718,seasonal_naive_weekly,3,30,20,2025-07-10 07:00:00,2025-07-10 07:30:00,1,196.0,150.0,-46.0,46.0,2116.0,LABORAL,7,False
freeze_20260610_192142,baselines_full_20260718,seasonal_naive_weekly,3,30,20,2025-07-13 09:30:00,2025-07-13 10:00:00,1,,38.0,,,,DOMINGO,10,True
freeze_20260610_192142,baselines_full_20260718,seasonal_naive_weekly,3,30,20,2025-07-13 14:00:00,2025-07-13 14:30:00,1,,,,,,DOMINGO,14,True
freeze_20260610_192142,baselines_full_20260718,seasonal_naive_weekly,3,30,20,2025-07-14 09:30:00,2025-07-14 10:00:00,1,109.0,119.0,10.0,10.0,100.0,LABORAL,10,False
freeze_20260610_192142,baselines_full_20260718,seasonal_naive_weekly,3,30,20,2025-07-15 16:30:00,2025-07-15 17:00:00,1,48.0,85.0,37.0,37.0,1369.0,LABORAL,17,False
freeze_20260610_192142,baselines_full_20260718,seasonal_naive_weekly,3,30,20,2025-07-16 04:30:00,2025-07-16 05:00:00,1,330.0,289.0,-41.0,41.0,1681.0,LABORAL,5,False
freeze_20260610_192142,baselines_full_20260718,seasonal_naive_weekly,3,30,20,2025-07-16 15:00:00,2025-07-16 15:30:00,1,158.0,178.0,20.0,20.0,400.0,LABORAL,15,False
freeze_20260610_192142,baselines_full_20260718,seasonal_naive_weekly,3,30,20,2025-07-19 10:00:00,2025-07-19 10:30:00,1,93.0,144.0,51.0,51.0,2601.0,SABADO,10,False
freeze_20260610_192142,baselines_full_20260718,seasonal_naive_weekly,3,30,20,2025-07-19 10:30:00,2025-07-19 11:00:00,1,117.0,65.0,-52.0,52.0,2704.0,SABADO,11,False
freeze_20260610_192142,baselines_full_20260718,seasonal_naive_weekly,3,30,20,2025-07-21 13:30:00,2025-07-21 14:00:00,1,171.0,155.0,-16.0,16.0,256.0,LABORAL,14,False
freeze_20260610_192142,baselines_full_20260718,seasonal_naive_weekly,3,30,21,2025-07-22 15:30:00,2025-07-22 16:00:00,1,65.0,98.0,33.0,33.0,1089.0,LABORAL,16,False
freeze_20260610_192142,baselines_full_20260718,seasonal_naive_weekly,3,30,21,2025-07-24 17:30:00,2025-07-24 18:00:00,1,,,,,,LABORAL,18,True
freeze_20260610_192142,baselines_full_20260718,seasonal_naive_weekly,3,30,21,2025-07-25 13:00:00,2025-07-25 13:30:00,1,144.0,144.0,0.0,0.0,0.0,LABORAL,13,False
freeze_20260610_192142,baselines_full_20260718,seasonal_naive_weekly,3,30,21,2025-07-26 08:30:00,2025-07-26 09:00:00,1,66.0,46.0,-20.0,20.0,400.0,SABADO,9,False
freeze_20260610_192142,baselines_full_20260718,seasonal_naive_weekly,3,30,21,2025-07-28 03:30:00,2025-07-28 04:00:00,1,77.0,44.0,-33.0,33.0,1089.0,LABORAL,4,False
freeze_20260610_192142,baselines_full_20260718,seasonal_naive_weekly,3,30,21,2025-07-28 05:00:00,2025-07-28 05:30:00,1,321.0,303.0,-18.0,18.0,324.0,LABORAL,5,False
freeze_20260610_192142,baselines_full_20260718,seasonal_naive_weekly,3,30,21,2025-07-28 16:00:00,2025-07-28 16:30:00,1,103.0,88.0,-15.0,15.0,225.0,LABORAL,16,False
freeze_20260610_192142,baselines_full_20260718,seasonal_naive_weekly,3,30,21,2025-07-31 11:00:00,2025-07-31 11:30:00,1,103.0,143.0,40.0,40.0,1600.0,LABORAL,11,False
freeze_20260610_192142,baselines_full_20260718,seasonal_naive_weekly,3,30,21,2025-07-31 11:30:00,2025-07-31 12:00:00,1,173.0,161.0,-12.0,12.0,144.0,LABORAL,12,False
freeze_20260610_192142,baselines_full_20260718,seasonal_naive_weekly,3,30,21,2025-08-01 03:30:00,2025-08-01 04:00:00,1,44.0,40.0,-4.0,4.0,16.0,LABORAL,4,False
freeze_20260610_192142,baselines_full_20260718,seasonal_naive_weekly,3,30,21,2025-08-02 07:30:00,2025-08-02 08:00:00,1,101.0,118.0,17.0,17.0,289.0,SABADO,8,False
freeze_20260610_192142,baselines_full_20260718,seasonal_naive_weekly,3,30,21,2025-08-03 05:00:00,2025-08-03 05:30:00,1,,23.0,,,,DOMINGO,5,True
freeze_20260610_192142,baselines_full_20260718,seasonal_naive_weekly,3,30,21,2025-08-03 10:00:00,2025-08-03 10:30:00,1,41.0,31.0,-10.0,10.0,100.0,DOMINGO,10,False
freeze_20260610_192142,baselines_full_20260718,seasonal_naive_weekly,3,30,21,2025-08-04 07:30:00,2025-08-04 08:00:00,1,120.0,165.0,45.0,45.0,2025.0,LABORAL,8,False
freeze_20260610_192142,baselines_full_20260718,seasonal_naive_weekly,3,30,21,2025-08-04 10:30:00,2025-08-04 11:00:00,1,90.0,114.0,24.0,24.0,576.0,LABORAL,11,False
freeze_20260610_192142,baselines_full_20260718,seasonal_naive_weekly,3,30,21,2025-08-04 11:30:00,2025-08-04 12:00:00,1,185.0,153.0,-32.0,32.0,1024.0,LABORAL,12,False
freeze_20260610_192142,baselines_full_20260718,seasonal_naive_weekly,3,30,22,2025-08-05 08:30:00,2025-08-05 09:00:00,1,108.0,59.0,-49.0,49.0,2401.0,LABORAL,9,False
freeze_20260610_192142,baselines_full_20260718,seasonal_naive_weekly,3,30,22,2025-08-06 03:30:00,2025-08-06 04:00:00,1,90.0,43.0,-47.0,47.0,2209.0,LABORAL,4,False
freeze_20260610_192142,baselines_full_20260718,seasonal_naive_weekly,3,30,22,2025-08-12 07:30:00,2025-08-12 08:00:00,1,151.0,250.0,99.0,99.0,9801.0,LABORAL,8,False
freeze_20260610_192142,baselines_full_20260718,seasonal_naive_weekly,3,30,22,2025-08-14 14:00:00,2025-08-14 14:30:00,1,89.0,27.0,-62.0,62.0,3844.0,LABORAL,14,False
freeze_20260610_192142,baselines_full_20260718,seasonal_naive_weekly,3,30,22,2025-08-14 15:30:00,2025-08-14 16:00:00,1,95.0,,,,,LABORAL,16,False
freeze_20260610_192142,baselines_full_20260718,seasonal_naive_weekly,3,30,22,2025-08-16 06:30:00,2025-08-16 07:00:00,1,141.0,134.0,-7.0,7.0,49.0,SABADO,7,False
freeze_20260610_192142,baselines_full_20260718,seasonal_naive_weekly,3,30,22,2025-08-18 06:00:00,2025-08-18 06:30:00,1,,245.0,,,,FESTIVO_PUENTE,6,True
freeze_20260610_192142,baselines_full_20260718,seasonal_naive_weekly,3,30,22,2025-08-18 14:00:00,2025-08-18 14:30:00,1,,171.0,,,,FESTIVO_PUENTE,14,True
freeze_20260610_192142,baselines_full_20260718,seasonal_naive_weekly,3,30,23,2025-08-19 13:00:00,2025-08-19 13:30:00,1,213.0,135.0,-78.0,78.0,6084.0,LABORAL,13,False
freeze_20260610_192142,baselines_full_20260718,seasonal_naive_weekly,3,30,23,2025-08-19 13:30:00,2025-08-19 14:00:00,1,156.0,208.0,52.0,52.0,2704.0,LABORAL,14,False
freeze_20260610_192142,baselines_full_20260718,seasonal_naive_weekly,3,30,23,2025-08-19 14:30:00,2025-08-19 15:00:00,1,124.0,116.0,-8.0,8.0,64.0,LABORAL,15,False
freeze_20260610_192142,baselines_full_20260718,seasonal_naive_weekly,3,30,23,2025-08-20 04:30:00,2025-08-20 05:00:00,1,415.0,225.0,-190.0,190.0,36100.0,LABORAL,5,False
freeze_20260610_192142,baselines_full_20260718,seasonal_naive_weekly,3,30,23,2025-08-20 13:00:00,2025-08-20 13:30:00,1,87.0,132.0,45.0,45.0,2025.0,LABORAL,13,False
freeze_20260610_192142,baselines_full_20260718,seasonal_naive_weekly,3,30,23,2025-08-21 10:00:00,2025-08-21 10:30:00,1,111.0,143.0,32.0,32.0,1024.0,LABORAL,10,False
freeze_20260610_192142,baselines_full_20260718,seasonal_naive_weekly,3,30,23,2025-08-21 16:30:00,2025-08-21 17:00:00,1,,44.0,,,,LABORAL,17,True
freeze_20260610_192142,baselines_full_20260718,seasonal_naive_weekly,3,30,23,2025-08-22 05:00:00,2025-08-22 05:30:00,1,285.0,287.0,2.0,2.0,4.0,LABORAL,5,False
freeze_20260610_192142,baselines_full_20260718,seasonal_naive_weekly,3,30,23,2025-08-23 14:30:00,2025-08-23 15:00:00,1,93.0,80.0,-13.0,13.0,169.0,SABADO,15,False
freeze_20260610_192142,baselines_full_20260718,seasonal_naive_weekly,3,30,23,2025-08-23 17:00:00,2025-08-23 17:30:00,1,,,,,,SABADO,17,True
freeze_20260610_192142,baselines_full_20260718,seasonal_naive_weekly,3,30,23,2025-08-24 09:00:00,2025-08-24 09:30:00,1,31.0,47.0,16.0,16.0,256.0,DOMINGO,9,False
freeze_20260610_192142,baselines_full_20260718,seasonal_naive_weekly,3,30,23,2025-08-24 14:00:00,2025-08-24 14:30:00,1,28.0,21.0,-7.0,7.0,49.0,DOMINGO,14,False
freeze_20260610_192142,baselines_full_20260718,seasonal_naive_weekly,3,30,23,2025-08-25 07:30:00,2025-08-25 08:00:00,1,147.0,44.0,-103.0,103.0,10609.0,LABORAL,8,False
freeze_20260610_192142,baselines_full_20260718,seasonal_naive_weekly,3,30,23,2025-08-25 16:00:00,2025-08-25 16:30:00,1,37.0,,,,,LABORAL,16,False
freeze_20260610_192142,baselines_full_20260718,seasonal_naive_weekly,3,30,23,2025-08-25 17:30:00,2025-08-25 18:00:00,1,,,,,,LABORAL,18,True
freeze_20260610_192142,baselines_full_20260718,seasonal_naive_weekly,3,30,23,2025-08-26 15:00:00,2025-08-26 15:30:00,1,177.0,182.0,5.0,5.0,25.0,LABORAL,15,False
freeze_20260610_192142,baselines_full_20260718,seasonal_naive_weekly,3,30,23,2025-08-27 16:00:00,2025-08-27 16:30:00,1,96.0,67.0,-29.0,29.0,841.0,LABORAL,16,False
freeze_20260610_192142,baselines_full_20260718,seasonal_naive_weekly,3,30,23,2025-08-29 04:00:00,2025-08-29 04:30:00,1,184.0,243.0,59.0,59.0,3481.0,LABORAL,4,False
freeze_20260610_192142,baselines_full_20260718,seasonal_naive_weekly,3,30,23,2025-08-29 12:30:00,2025-08-29 13:00:00,1,138.0,204.0,66.0,66.0,4356.0,LABORAL,13,False
freeze_20260610_192142,baselines_full_20260718,seasonal_naive_weekly,3,30,24,2025-09-02 11:30:00,2025-09-02 12:00:00,1,167.0,202.0,35.0,35.0,1225.0,LABORAL,12,False
freeze_20260610_192142,baselines_full_20260718,seasonal_naive_weekly,3,30,24,2025-09-02 16:00:00,2025-09-02 16:30:00,1,118.0,115.0,-3.0,3.0,9.0,LABORAL,16,False
freeze_20260610_192142,baselines_full_20260718,seasonal_naive_weekly,3,30,24,2025-09-03 16:30:00,2025-09-03 17:00:00,1,68.0,60.0,-8.0,8.0,64.0,LABORAL,17,False
freeze_20260610_192142,baselines_full_20260718,seasonal_naive_weekly,3,30,24,2025-09-04 08:00:00,2025-09-04 08:30:00,1,136.0,120.0,-16.0,16.0,256.0,LABORAL,8,False
freeze_20260610_192142,baselines_full_20260718,seasonal_naive_weekly,3,30,24,2025-09-04 12:30:00,2025-09-04 13:00:00,1,185.0,182.0,-3.0,3.0,9.0,LABORAL,13,False
freeze_20260610_192142,baselines_full_20260718,seasonal_naive_weekly,3,30,24,2025-09-04 15:00:00,2025-09-04 15:30:00,1,183.0,247.0,64.0,64.0,4096.0,LABORAL,15,False
freeze_20260610_192142,baselines_full_20260718,seasonal_naive_weekly,3,30,24,2025-09-04 16:30:00,2025-09-04 17:00:00,1,53.0,36.0,-17.0,17.0,289.0,LABORAL,17,False
freeze_20260610_192142,baselines_full_20260718,seasonal_naive_weekly,3,30,24,2025-09-06 08:00:00,2025-09-06 08:30:00,1,96.0,124.0,28.0,28.0,784.0,SABADO,8,False
freeze_20260610_192142,baselines_full_20260718,seasonal_naive_weekly,3,30,24,2025-09-06 08:30:00,2025-09-06 09:00:00,1,100.0,113.0,13.0,13.0,169.0,SABADO,9,False
freeze_20260610_192142,baselines_full_20260718,seasonal_naive_weekly,3,30,24,2025-09-06 11:00:00,2025-09-06 11:30:00,1,93.0,62.0,-31.0,31.0,961.0,SABADO,11,False
freeze_20260610_192142,baselines_full_20260718,seasonal_naive_weekly,3,30,24,2025-09-10 09:30:00,2025-09-10 10:00:00,1,203.0,143.0,-60.0,60.0,3600.0,LABORAL,10,False
freeze_20260610_192142,baselines_full_20260718,seasonal_naive_weekly,3,30,24,2025-09-11 04:00:00,2025-09-11 04:30:00,1,145.0,179.0,34.0,34.0,1156.0,LABORAL,4,False
freeze_20260610_192142,baselines_full_20260718,seasonal_naive_weekly,3,30,24,2025-09-12 10:30:00,2025-09-12 11:00:00,1,153.0,109.0,-44.0,44.0,1936.0,LABORAL,11,False
freeze_20260610_192142,baselines_full_20260718,seasonal_naive_weekly,3,30,24,2025-09-12 15:00:00,2025-09-12 15:30:00,1,150.0,227.0,77.0,77.0,5929.0,LABORAL,15,False
freeze_20260610_192142,baselines_full_20260718,seasonal_naive_weekly,3,30,24,2025-09-14 09:30:00,2025-09-14 10:00:00,1,21.0,40.0,19.0,19.0,361.0,DOMINGO,10,False
freeze_20260610_192142,baselines_full_20260718,seasonal_naive_weekly,3,30,24,2025-09-14 16:00:00,2025-09-14 16:30:00,1,19.0,,,,,DOMINGO,16,False
freeze_20260610_192142,baselines_full_20260718,seasonal_naive_weekly,3,30,25,2025-09-16 08:30:00,2025-09-16 09:00:00,1,189.0,196.0,7.0,7.0,49.0,LABORAL,9,False
freeze_20260610_192142,baselines_full_20260718,seasonal_naive_weekly,3,30,25,2025-09-17 08:30:00,2025-09-17 09:00:00,1,164.0,134.0,-30.0,30.0,900.0,LABORAL,9,False
freeze_20260610_192142,baselines_full_20260718,seasonal_naive_weekly,3,30,25,2025-09-17 13:30:00,2025-09-17 14:00:00,1,139.0,76.0,-63.0,63.0,3969.0,LABORAL,14,False
freeze_20260610_192142,baselines_full_20260718,seasonal_naive_weekly,3,30,25,2025-09-18 08:30:00,2025-09-18 09:00:00,1,138.0,179.0,41.0,41.0,1681.0,LABORAL,9,False
freeze_20260610_192142,baselines_full_20260718,seasonal_naive_weekly,3,30,25,2025-09-20 03:30:00,2025-09-20 04:00:00,1,36.0,35.0,-1.0,1.0,1.0,SABADO,4,False
freeze_20260610_192142,baselines_full_20260718,seasonal_naive_weekly,3,30,25,2025-09-20 06:00:00,2025-09-20 06:30:00,1,168.0,228.0,60.0,60.0,3600.0,SABADO,6,False
freeze_20260610_192142,baselines_full_20260718,seasonal_naive_weekly,3,30,25,2025-09-23 13:30:00,2025-09-23 14:00:00,1,174.0,162.0,-12.0,12.0,144.0,LABORAL,14,False
freeze_20260610_192142,baselines_full_20260718,seasonal_naive_weekly,3,30,25,2025-09-24 15:00:00,2025-09-24 15:30:00,1,154.0,239.0,85.0,85.0,7225.0,LABORAL,15,False
freeze_20260610_192142,baselines_full_20260718,seasonal_naive_weekly,3,30,25,2025-09-26 12:30:00,2025-09-26 13:00:00,1,75.0,228.0,153.0,153.0,23409.0,LABORAL,13,False
freeze_20260610_192142,baselines_full_20260718,seasonal_naive_weekly,3,30,25,2025-09-27 13:00:00,2025-09-27 13:30:00,1,77.0,61.0,-16.0,16.0,256.0,SABADO,13,False
freeze_20260610_192142,baselines_full_20260718,seasonal_naive_weekly,3,30,25,2025-09-28 04:00:00,2025-09-28 04:30:00,1,,42.0,,,,DOMINGO,4,True
freeze_20260610_192142,baselines_full_20260718,seasonal_naive_weekly,3,30,25,2025-09-28 07:00:00,2025-09-28 07:30:00,1,57.0,39.0,-18.0,18.0,324.0,DOMINGO,7,False
freeze_20260610_192142,baselines_full_20260718,seasonal_naive_weekly,3,30,25,2025-09-29 05:30:00,2025-09-29 06:00:00,1,281.0,357.0,76.0,76.0,5776.0,LABORAL,6,False
freeze_20260610_192142,baselines_full_20260718,seasonal_naive_weekly,3,30,25,2025-09-29 07:30:00,2025-09-29 08:00:00,1,136.0,224.0,88.0,88.0,7744.0,LABORAL,8,False
freeze_20260610_192142,baselines_full_20260718,seasonal_naive_weekly,3,30,25,2025-09-29 09:00:00,2025-09-29 09:30:00,1,177.0,248.0,71.0,71.0,5041.0,LABORAL,9,False
freeze_20260610_192142,baselines_full_20260718,seasonal_naive_weekly,3,30,26,2025-09-30 17:30:00,2025-09-30 18:00:00,1,,,,,,LABORAL,18,True
freeze_20260610_192142,baselines_full_20260718,seasonal_naive_weekly,3,30,26,2025-10-01 03:30:00,2025-10-01 04:00:00,1,51.0,49.0,-2.0,2.0,4.0,LABORAL,4,False
freeze_20260610_192142,baselines_full_20260718,seasonal_naive_weekly,3,30,26,2025-10-02 06:00:00,2025-10-02 06:30:00,1,216.0,258.0,42.0,42.0,1764.0,LABORAL,6,False
freeze_20260610_192142,baselines_full_20260718,seasonal_naive_weekly,3,30,26,2025-10-02 06:30:00,2025-10-02 07:00:00,1,221.0,162.0,-59.0,59.0,3481.0,LABORAL,7,False
freeze_20260610_192142,baselines_full_20260718,seasonal_naive_weekly,3,30,26,2025-10-04 04:00:00,2025-10-04 04:30:00,1,63.0,74.0,11.0,11.0,121.0,SABADO,4,False
freeze_20260610_192142,baselines_full_20260718,seasonal_naive_weekly,3,30,26,2025-10-04 05:30:00,2025-10-04 06:00:00,1,150.0,230.0,80.0,80.0,6400.0,SABADO,6,False
freeze_20260610_192142,baselines_full_20260718,seasonal_naive_weekly,3,30,26,2025-10-04 14:30:00,2025-10-04 15:00:00,1,,69.0,,,,SABADO,15,True
freeze_20260610_192142,baselines_full_20260718,seasonal_naive_weekly,3,30,26,2025-10-05 13:30:00,2025-10-05 14:00:00,1,82.0,25.0,-57.0,57.0,3249.0,DOMINGO,14,False
freeze_20260610_192142,baselines_full_20260718,seasonal_naive_weekly,3,30,26,2025-10-06 07:00:00,2025-10-06 07:30:00,1,227.0,222.0,-5.0,5.0,25.0,LABORAL,7,False
freeze_20260610_192142,baselines_full_20260718,seasonal_naive_weekly,3,30,26,2025-10-07 17:30:00,2025-10-07 18:00:00,1,,,,,,LABORAL,18,True
freeze_20260610_192142,baselines_full_20260718,seasonal_naive_weekly,3,30,26,2025-10-08 08:00:00,2025-10-08 08:30:00,1,171.0,178.0,7.0,7.0,49.0,LABORAL,8,False
freeze_20260610_192142,baselines_full_20260718,seasonal_naive_weekly,3,30,26,2025-10-08 12:30:00,2025-10-08 13:00:00,1,97.0,167.0,70.0,70.0,4900.0,LABORAL,13,False
freeze_20260610_192142,baselines_full_20260718,seasonal_naive_weekly,3,30,26,2025-10-09 12:00:00,2025-10-09 12:30:00,1,105.0,211.0,106.0,106.0,11236.0,LABORAL,12,False
freeze_20260610_192142,baselines_full_20260718,seasonal_naive_weekly,3,30,26,2025-10-10 08:30:00,2025-10-10 09:00:00,1,142.0,192.0,50.0,50.0,2500.0,LABORAL,9,False
freeze_20260610_192142,baselines_full_20260718,seasonal_naive_weekly,3,30,26,2025-10-11 08:30:00,2025-10-11 09:00:00,1,57.0,144.0,87.0,87.0,7569.0,SABADO,9,False
freeze_20260610_192142,baselines_full_20260718,seasonal_naive_weekly,3,30,26,2025-10-11 15:00:00,2025-10-11 15:30:00,1,39.0,71.0,32.0,32.0,1024.0,SABADO,15,False
freeze_20260610_192142,baselines_full_20260718,seasonal_naive_weekly,3,30,26,2025-10-13 11:30:00,2025-10-13 12:00:00,1,31.0,165.0,134.0,134.0,17956.0,FESTIVO_PUENTE,12,False
freeze_20260610_192142,baselines_full_20260718,seasonal_naive_weekly,3,30,26,2025-10-13 13:00:00,2025-10-13 13:30:00,1,23.0,151.0,128.0,128.0,16384.0,FESTIVO_PUENTE,13,False
freeze_20260610_192142,baselines_full_20260718,seasonal_naive_weekly,3,30,27,2025-10-14 15:00:00,2025-10-14 15:30:00,1,230.0,105.0,-125.0,125.0,15625.0,LABORAL,15,False
freeze_20260610_192142,baselines_full_20260718,seasonal_naive_weekly,3,30,27,2025-10-16 07:30:00,2025-10-16 08:00:00,1,177.0,71.0,-106.0,106.0,11236.0,LABORAL,8,False
freeze_20260610_192142,baselines_full_20260718,seasonal_naive_weekly,3,30,27,2025-10-17 03:30:00,2025-10-17 04:00:00,1,71.0,99.0,28.0,28.0,784.0,LABORAL,4,False
freeze_20260610_192142,baselines_full_20260718,seasonal_naive_weekly,3,30,27,2025-10-22 09:30:00,2025-10-22 10:00:00,1,109.0,126.0,17.0,17.0,289.0,LABORAL,10,False
freeze_20260610_192142,baselines_full_20260718,seasonal_naive_weekly,3,30,27,2025-10-24 10:00:00,2025-10-24 10:30:00,1,168.0,98.0,-70.0,70.0,4900.0,LABORAL,10,False
freeze_20260610_192142,baselines_full_20260718,seasonal_naive_weekly,3,30,27,2025-10-26 04:30:00,2025-10-26 05:00:00,1,,23.0,,,,DOMINGO,5,True
freeze_20260610_192142,baselines_full_20260718,seasonal_naive_weekly,3,30,28,2025-10-29 07:00:00,2025-10-29 07:30:00,1,193.0,153.0,-40.0,40.0,1600.0,LABORAL,7,False
freeze_20260610_192142,baselines_full_20260718,seasonal_naive_weekly,3,30,28,2025-10-29 17:00:00,2025-10-29 17:30:00,1,,,,,,LABORAL,17,True
freeze_20260610_192142,baselines_full_20260718,seasonal_naive_weekly,3,30,28,2025-10-30 13:00:00,2025-10-30 13:30:00,1,159.0,125.0,-34.0,34.0,1156.0,LABORAL,13,False
freeze_20260610_192142,baselines_full_20260718,seasonal_naive_weekly,3,30,28,2025-11-01 13:00:00,2025-11-01 13:30:00,1,101.0,45.0,-56.0,56.0,3136.0,SABADO,13,False
freeze_20260610_192142,baselines_full_20260718,seasonal_naive_weekly,3,30,28,2025-11-02 05:30:00,2025-11-02 06:00:00,1,35.0,,,,,DOMINGO,6,False
freeze_20260610_192142,baselines_full_20260718,seasonal_naive_weekly,3,30,28,2025-11-04 04:30:00,2025-11-04 05:00:00,1,322.0,265.0,-57.0,57.0,3249.0,LABORAL,5,False
freeze_20260610_192142,baselines_full_20260718,seasonal_naive_weekly,3,30,28,2025-11-05 09:00:00,2025-11-05 09:30:00,1,141.0,135.0,-6.0,6.0,36.0,LABORAL,9,False
freeze_20260610_192142,baselines_full_20260718,seasonal_naive_weekly,3,30,28,2025-11-06 11:00:00,2025-11-06 11:30:00,1,158.0,226.0,68.0,68.0,4624.0,LABORAL,11,False
freeze_20260610_192142,baselines_full_20260718,seasonal_naive_weekly,3,30,28,2025-11-07 03:30:00,2025-11-07 04:00:00,1,52.0,53.0,1.0,1.0,1.0,LABORAL,4,False
freeze_20260610_192142,baselines_full_20260718,seasonal_naive_weekly,3,30,28,2025-11-07 05:00:00,2025-11-07 05:30:00,1,254.0,227.0,-27.0,27.0,729.0,LABORAL,5,False
freeze_20260610_192142,baselines_full_20260718,seasonal_naive_weekly,3,30,28,2025-11-07 17:00:00,2025-11-07 17:30:00,1,30.0,,,,,LABORAL,17,False
freeze_20260610_192142,baselines_full_20260718,seasonal_naive_weekly,3,30,28,2025-11-08 06:30:00,2025-11-08 07:00:00,1,122.0,145.0,23.0,23.0,529.0,SABADO,7,False
freeze_20260610_192142,baselines_full_20260718,seasonal_naive_weekly,3,30,28,2025-11-08 12:00:00,2025-11-08 12:30:00,1,115.0,97.0,-18.0,18.0,324.0,SABADO,12,False
freeze_20260610_192142,baselines_full_20260718,seasonal_naive_weekly,3,30,28,2025-11-08 15:00:00,2025-11-08 15:30:00,1,83.0,39.0,-44.0,44.0,1936.0,SABADO,15,False
freeze_20260610_192142,baselines_full_20260718,seasonal_naive_weekly,3,30,28,2025-11-09 14:30:00,2025-11-09 15:00:00,1,30.0,48.0,18.0,18.0,324.0,DOMINGO,15,False
freeze_20260610_192142,baselines_full_20260718,seasonal_naive_weekly,3,30,29,2025-11-13 15:30:00,2025-11-13 16:00:00,1,86.0,110.0,24.0,24.0,576.0,LABORAL,16,False
freeze_20260610_192142,baselines_full_20260718,seasonal_naive_weekly,3,30,29,2025-11-14 07:00:00,2025-11-14 07:30:00,1,65.0,177.0,112.0,112.0,12544.0,LABORAL,7,False
freeze_20260610_192142,baselines_full_20260718,seasonal_naive_weekly,3,30,29,2025-11-14 09:30:00,2025-11-14 10:00:00,1,172.0,121.0,-51.0,51.0,2601.0,LABORAL,10,False
freeze_20260610_192142,baselines_full_20260718,seasonal_naive_weekly,3,30,29,2025-11-14 12:30:00,2025-11-14 13:00:00,1,152.0,170.0,18.0,18.0,324.0,LABORAL,13,False
freeze_20260610_192142,baselines_full_20260718,seasonal_naive_weekly,3,30,29,2025-11-17 16:30:00,2025-11-17 17:00:00,1,,,,,,FESTIVO_PUENTE,17,True
freeze_20260610_192142,baselines_full_20260718,seasonal_naive_weekly,3,30,29,2025-11-18 03:30:00,2025-11-18 04:00:00,1,54.0,48.0,-6.0,6.0,36.0,LABORAL,4,False
freeze_20260610_192142,baselines_full_20260718,seasonal_naive_weekly,3,30,29,2025-11-20 10:30:00,2025-11-20 11:00:00,1,105.0,92.0,-13.0,13.0,169.0,LABORAL,11,False
freeze_20260610_192142,baselines_full_20260718,seasonal_naive_weekly,3,30,29,2025-11-21 08:30:00,2025-11-21 09:00:00,1,56.0,112.0,56.0,56.0,3136.0,LABORAL,9,False
freeze_20260610_192142,baselines_full_20260718,seasonal_naive_weekly,3,30,29,2025-11-23 15:00:00,2025-11-23 15:30:00,1,29.0,,,,,DOMINGO,15,False
freeze_20260610_192142,baselines_full_20260718,seasonal_naive_weekly,3,30,29,2025-11-24 06:00:00,2025-11-24 06:30:00,1,190.0,25.0,-165.0,165.0,27225.0,LABORAL,6,False
freeze_20260610_192142,baselines_full_20260718,seasonal_naive_weekly,3,30,29,2025-11-24 15:30:00,2025-11-24 16:00:00,1,114.0,,,,,LABORAL,16,False
freeze_20260610_192142,baselines_full_20260718,seasonal_naive_weekly,3,30,30,2025-11-25 10:00:00,2025-11-25 10:30:00,1,151.0,109.0,-42.0,42.0,1764.0,LABORAL,10,False
freeze_20260610_192142,baselines_full_20260718,seasonal_naive_weekly,3,30,30,2025-11-25 17:30:00,2025-11-25 18:00:00,1,,,,,,LABORAL,18,True
freeze_20260610_192142,baselines_full_20260718,seasonal_naive_weekly,3,30,30,2025-11-26 05:30:00,2025-11-26 06:00:00,1,317.0,255.0,-62.0,62.0,3844.0,LABORAL,6,False
freeze_20260610_192142,baselines_full_20260718,seasonal_naive_weekly,3,30,30,2025-11-26 07:00:00,2025-11-26 07:30:00,1,144.0,181.0,37.0,37.0,1369.0,LABORAL,7,False
freeze_20260610_192142,baselines_full_20260718,seasonal_naive_weekly,3,30,30,2025-11-27 06:00:00,2025-11-27 06:30:00,1,207.0,255.0,48.0,48.0,2304.0,LABORAL,6,False
freeze_20260610_192142,baselines_full_20260718,seasonal_naive_weekly,3,30,30,2025-11-27 08:00:00,2025-11-27 08:30:00,1,179.0,144.0,-35.0,35.0,1225.0,LABORAL,8,False
freeze_20260610_192142,baselines_full_20260718,seasonal_naive_weekly,3,30,30,2025-11-27 10:00:00,2025-11-27 10:30:00,1,95.0,127.0,32.0,32.0,1024.0,LABORAL,10,False
freeze_20260610_192142,baselines_full_20260718,seasonal_naive_weekly,3,30,30,2025-11-27 13:30:00,2025-11-27 14:00:00,1,94.0,128.0,34.0,34.0,1156.0,LABORAL,14,False
freeze_20260610_192142,baselines_full_20260718,seasonal_naive_weekly,3,30,30,2025-11-27 16:00:00,2025-11-27 16:30:00,1,104.0,50.0,-54.0,54.0,2916.0,LABORAL,16,False
freeze_20260610_192142,baselines_full_20260718,seasonal_naive_weekly,3,30,30,2025-11-30 10:30:00,2025-11-30 11:00:00,1,73.0,,,,,DOMINGO,11,False
freeze_20260610_192142,baselines_full_20260718,seasonal_naive_weekly,3,30,30,2025-12-01 03:30:00,2025-12-01 04:00:00,1,62.0,57.0,-5.0,5.0,25.0,LABORAL,4,False
freeze_20260610_192142,baselines_full_20260718,seasonal_naive_weekly,3,30,30,2025-12-01 08:30:00,2025-12-01 09:00:00,1,193.0,141.0,-52.0,52.0,2704.0,LABORAL,9,False
freeze_20260610_192142,baselines_full_20260718,seasonal_naive_weekly,3,30,30,2025-12-02 04:30:00,2025-12-02 05:00:00,1,190.0,354.0,164.0,164.0,26896.0,LABORAL,5,False
freeze_20260610_192142,baselines_full_20260718,seasonal_naive_weekly,3,30,30,2025-12-04 09:30:00,2025-12-04 10:00:00,1,129.0,136.0,7.0,7.0,49.0,LABORAL,10,False
freeze_20260610_192142,baselines_full_20260718,seasonal_naive_weekly,3,30,30,2025-12-05 10:00:00,2025-12-05 10:30:00,1,85.0,119.0,34.0,34.0,1156.0,LABORAL,10,False
freeze_20260610_192142,baselines_full_20260718,seasonal_naive_weekly,3,30,30,2025-12-05 14:00:00,2025-12-05 14:30:00,1,223.0,144.0,-79.0,79.0,6241.0,LABORAL,14,False
freeze_20260610_192142,baselines_full_20260718,seasonal_naive_weekly,3,30,30,2025-12-06 08:00:00,2025-12-06 08:30:00,1,95.0,86.0,-9.0,9.0,81.0,SABADO,8,False
freeze_20260610_192142,baselines_full_20260718,seasonal_naive_weekly,3,30,30,2025-12-07 04:30:00,2025-12-07 05:00:00,1,,,,,,DOMINGO,5,True
freeze_20260610_192142,baselines_full_20260718,seasonal_naive_weekly,3,30,30,2025-12-08 11:00:00,2025-12-08 11:30:00,1,16.0,197.0,181.0,181.0,32761.0,FESTIVO_PUENTE,11,False
freeze_20260610_192142,baselines_full_20260718,seasonal_naive_weekly,3,30,31,2025-12-09 08:00:00,2025-12-09 08:30:00,1,160.0,59.0,-101.0,101.0,10201.0,LABORAL,8,False
freeze_20260610_192142,baselines_full_20260718,seasonal_naive_weekly,3,30,31,2025-12-09 13:00:00,2025-12-09 13:30:00,1,217.0,235.0,18.0,18.0,324.0,LABORAL,13,False
freeze_20260610_192142,baselines_full_20260718,seasonal_naive_weekly,3,30,31,2025-12-10 12:00:00,2025-12-10 12:30:00,1,208.0,139.0,-69.0,69.0,4761.0,LABORAL,12,False
freeze_20260610_192142,baselines_full_20260718,seasonal_naive_weekly,3,30,31,2025-12-12 06:30:00,2025-12-12 07:00:00,1,237.0,252.0,15.0,15.0,225.0,LABORAL,7,False
freeze_20260610_192142,baselines_full_20260718,seasonal_naive_weekly,3,30,31,2025-12-12 10:00:00,2025-12-12 10:30:00,1,172.0,85.0,-87.0,87.0,7569.0,LABORAL,10,False
freeze_20260610_192142,baselines_full_20260718,seasonal_naive_weekly,3,30,31,2025-12-13 14:00:00,2025-12-13 14:30:00,1,36.0,131.0,95.0,95.0,9025.0,SABADO,14,False
freeze_20260610_192142,baselines_full_20260718,seasonal_naive_weekly,3,30,31,2025-12-14 07:00:00,2025-12-14 07:30:00,1,36.0,75.0,39.0,39.0,1521.0,DOMINGO,7,False
freeze_20260610_192142,baselines_full_20260718,seasonal_naive_weekly,3,30,31,2025-12-15 16:30:00,2025-12-15 17:00:00,1,72.0,,,,,LABORAL,17,False
freeze_20260610_192142,baselines_full_20260718,seasonal_naive_weekly,3,30,31,2025-12-15 17:00:00,2025-12-15 17:30:00,1,28.0,,,,,LABORAL,17,False
freeze_20260610_192142,baselines_full_20260718,seasonal_naive_weekly,3,30,31,2025-12-16 17:00:00,2025-12-16 17:30:00,1,,,,,,LABORAL,17,True
freeze_20260610_192142,baselines_full_20260718,seasonal_naive_weekly,3,30,31,2025-12-17 12:30:00,2025-12-17 13:00:00,1,127.0,122.0,-5.0,5.0,25.0,LABORAL,13,False
freeze_20260610_192142,baselines_full_20260718,seasonal_naive_weekly,3,30,31,2025-12-19 17:00:00,2025-12-19 17:30:00,1,26.0,28.0,2.0,2.0,4.0,LABORAL,17,False
freeze_20260610_192142,baselines_full_20260718,seasonal_naive_weekly,3,30,31,2025-12-21 05:30:00,2025-12-21 06:00:00,1,,,,,,DOMINGO,6,True
freeze_20260610_192142,baselines_full_20260718,seasonal_naive_weekly,3,30,32,2025-12-25 12:30:00,2025-12-25 13:00:00,1,24.0,166.0,142.0,142.0,20164.0,FESTIVO,13,False
freeze_20260610_192142,baselines_full_20260718,seasonal_naive_weekly,3,30,32,2025-12-26 04:00:00,2025-12-26 04:30:00,1,144.0,126.0,-18.0,18.0,324.0,LABORAL,4,False
freeze_20260610_192142,baselines_full_20260718,seasonal_naive_weekly,3,30,32,2025-12-26 07:30:00,2025-12-26 08:00:00,1,184.0,169.0,-15.0,15.0,225.0,LABORAL,8,False
freeze_20260610_192142,baselines_full_20260718,seasonal_naive_weekly,3,30,32,2025-12-26 17:00:00,2025-12-26 17:30:00,1,62.0,26.0,-36.0,36.0,1296.0,LABORAL,17,False
freeze_20260610_192142,baselines_full_20260718,seasonal_naive_weekly,3,30,32,2025-12-27 06:30:00,2025-12-27 07:00:00,1,175.0,159.0,-16.0,16.0,256.0,SABADO,7,False
freeze_20260610_192142,baselines_full_20260718,seasonal_naive_weekly,3,30,32,2025-12-27 08:00:00,2025-12-27 08:30:00,1,170.0,119.0,-51.0,51.0,2601.0,SABADO,8,False
freeze_20260610_192142,baselines_full_20260718,seasonal_naive_weekly,3,30,32,2025-12-27 11:00:00,2025-12-27 11:30:00,1,38.0,170.0,132.0,132.0,17424.0,SABADO,11,False
freeze_20260610_192142,baselines_full_20260718,seasonal_naive_weekly,3,30,32,2025-12-28 10:00:00,2025-12-28 10:30:00,1,41.0,51.0,10.0,10.0,100.0,DOMINGO,10,False
freeze_20260610_192142,baselines_full_20260718,seasonal_naive_weekly,3,30,32,2025-12-28 14:30:00,2025-12-28 15:00:00,1,65.0,,,,,DOMINGO,15,False
freeze_20260610_192142,baselines_full_20260718,seasonal_naive_weekly,3,30,32,2025-12-30 12:30:00,2025-12-30 13:00:00,1,156.0,150.0,-6.0,6.0,36.0,LABORAL,13,False
freeze_20260610_192142,baselines_full_20260718,seasonal_naive_weekly,3,30,32,2025-12-31 09:00:00,2025-12-31 09:30:00,1,90.0,98.0,8.0,8.0,64.0,LABORAL,9,False
freeze_20260610_192142,baselines_full_20260718,seasonal_naive_weekly,3,30,32,2026-01-01 07:00:00,2026-01-01 07:30:00,1,,,,,,FESTIVO,7,True
freeze_20260610_192142,baselines_full_20260718,seasonal_naive_weekly,3,30,32,2026-01-03 11:30:00,2026-01-03 12:00:00,1,107.0,79.0,-28.0,28.0,784.0,SABADO,12,False
freeze_20260610_192142,baselines_full_20260718,seasonal_naive_weekly,3,30,33,2026-01-06 17:00:00,2026-01-06 17:30:00,1,,42.0,,,,LABORAL,17,True
freeze_20260610_192142,baselines_full_20260718,seasonal_naive_weekly,3,30,33,2026-01-08 03:30:00,2026-01-08 04:00:00,1,43.0,,,,,LABORAL,4,False
freeze_20260610_192142,baselines_full_20260718,seasonal_naive_weekly,3,30,33,2026-01-09 13:30:00,2026-01-09 14:00:00,1,48.0,100.0,52.0,52.0,2704.0,LABORAL,14,False
freeze_20260610_192142,baselines_full_20260718,seasonal_naive_weekly,3,30,33,2026-01-11 06:00:00,2026-01-11 06:30:00,1,,,,,,DOMINGO,6,True
freeze_20260610_192142,baselines_full_20260718,seasonal_naive_weekly,3,30,33,2026-01-12 05:30:00,2026-01-12 06:00:00,1,,193.0,,,,FESTIVO_PUENTE,6,True
freeze_20260610_192142,baselines_full_20260718,seasonal_naive_weekly,3,30,33,2026-01-12 08:00:00,2026-01-12 08:30:00,1,50.0,173.0,123.0,123.0,15129.0,FESTIVO_PUENTE,8,False
freeze_20260610_192142,baselines_full_20260718,seasonal_naive_weekly,3,30,33,2026-01-12 10:30:00,2026-01-12 11:00:00,1,,82.0,,,,FESTIVO_PUENTE,11,True
freeze_20260610_192142,baselines_full_20260718,seasonal_naive_weekly,3,30,33,2026-01-12 14:30:00,2026-01-12 15:00:00,1,,187.0,,,,FESTIVO_PUENTE,15,True
freeze_20260610_192142,baselines_full_20260718,seasonal_naive_weekly,3,30,33,2026-01-12 15:00:00,2026-01-12 15:30:00,1,,45.0,,,,FESTIVO_PUENTE,15,True
freeze_20260610_192142,baselines_full_20260718,seasonal_naive_weekly,3,30,33,2026-01-14 13:00:00,2026-01-14 13:30:00,1,116.0,75.0,-41.0,41.0,1681.0,LABORAL,13,False
freeze_20260610_192142,baselines_full_20260718,seasonal_naive_weekly,3,30,33,2026-01-15 05:30:00,2026-01-15 06:00:00,1,281.0,282.0,1.0,1.0,1.0,LABORAL,6,False
freeze_20260610_192142,baselines_full_20260718,seasonal_naive_weekly,3,30,33,2026-01-17 07:00:00,2026-01-17 07:30:00,1,92.0,131.0,39.0,39.0,1521.0,SABADO,7,False
freeze_20260610_192142,baselines_full_20260718,seasonal_naive_weekly,3,30,33,2026-01-18 05:30:00,2026-01-18 06:00:00,1,,,,,,DOMINGO,6,True
freeze_20260610_192142,baselines_full_20260718,seasonal_naive_weekly,3,30,33,2026-01-18 10:00:00,2026-01-18 10:30:00,1,,75.0,,,,DOMINGO,10,True
freeze_20260610_192142,baselines_full_20260718,seasonal_naive_weekly,3,30,33,2026-01-19 12:30:00,2026-01-19 13:00:00,1,141.0,16.0,-125.0,125.0,15625.0,LABORAL,13,False
freeze_20260610_192142,baselines_full_20260718,seasonal_naive_weekly,3,30,34,2026-01-22 05:30:00,2026-01-22 06:00:00,1,300.0,281.0,-19.0,19.0,361.0,LABORAL,6,False
freeze_20260610_192142,baselines_full_20260718,seasonal_naive_weekly,3,30,34,2026-01-22 08:30:00,2026-01-22 09:00:00,1,144.0,72.0,-72.0,72.0,5184.0,LABORAL,9,False
freeze_20260610_192142,baselines_full_20260718,seasonal_naive_weekly,3,30,34,2026-01-22 15:30:00,2026-01-22 16:00:00,1,75.0,50.0,-25.0,25.0,625.0,LABORAL,16,False
freeze_20260610_192142,baselines_full_20260718,seasonal_naive_weekly,3,30,34,2026-01-23 14:00:00,2026-01-23 14:30:00,1,114.0,140.0,26.0,26.0,676.0,LABORAL,14,False
freeze_20260610_192142,baselines_full_20260718,seasonal_naive_weekly,3,30,34,2026-01-24 03:30:00,2026-01-24 04:00:00,1,30.0,34.0,4.0,4.0,16.0,SABADO,4,False
freeze_20260610_192142,baselines_full_20260718,seasonal_naive_weekly,3,30,34,2026-01-30 12:00:00,2026-01-30 12:30:00,1,155.0,139.0,-16.0,16.0,256.0,LABORAL,12,False
freeze_20260610_192142,baselines_full_20260718,seasonal_naive_weekly,3,30,34,2026-01-31 06:00:00,2026-01-31 06:30:00,1,198.0,196.0,-2.0,2.0,4.0,SABADO,6,False
freeze_20260610_192142,baselines_full_20260718,seasonal_naive_weekly,3,30,34,2026-02-01 07:30:00,2026-02-01 08:00:00,1,29.0,8.0,-21.0,21.0,441.0,DOMINGO,8,False
freeze_20260610_192142,baselines_full_20260718,seasonal_naive_weekly,3,30,34,2026-02-01 16:00:00,2026-02-01 16:30:00,1,,,,,,DOMINGO,16,True
freeze_20260610_192142,baselines_full_20260718,seasonal_naive_weekly,3,30,35,2026-02-03 06:30:00,2026-02-03 07:00:00,1,275.0,286.0,11.0,11.0,121.0,LABORAL,7,False
freeze_20260610_192142,baselines_full_20260718,seasonal_naive_weekly,3,30,35,2026-02-03 13:30:00,2026-02-03 14:00:00,1,104.0,59.0,-45.0,45.0,2025.0,LABORAL,14,False
freeze_20260610_192142,baselines_full_20260718,seasonal_naive_weekly,3,30,35,2026-02-04 06:30:00,2026-02-04 07:00:00,1,156.0,180.0,24.0,24.0,576.0,LABORAL,7,False
freeze_20260610_192142,baselines_full_20260718,seasonal_naive_weekly,3,30,35,2026-02-04 17:00:00,2026-02-04 17:30:00,1,35.0,,,,,LABORAL,17,False
freeze_20260610_192142,baselines_full_20260718,seasonal_naive_weekly,3,30,35,2026-02-07 16:30:00,2026-02-07 17:00:00,1,,,,,,SABADO,17,True
freeze_20260610_192142,baselines_full_20260718,seasonal_naive_weekly,3,30,35,2026-02-09 06:00:00,2026-02-09 06:30:00,1,238.0,239.0,1.0,1.0,1.0,LABORAL,6,False
freeze_20260610_192142,baselines_full_20260718,seasonal_naive_weekly,3,30,35,2026-02-10 08:00:00,2026-02-10 08:30:00,1,87.0,185.0,98.0,98.0,9604.0,LABORAL,8,False
freeze_20260610_192142,baselines_full_20260718,seasonal_naive_weekly,3,30,35,2026-02-12 15:30:00,2026-02-12 16:00:00,1,57.0,89.0,32.0,32.0,1024.0,LABORAL,16,False
freeze_20260610_192142,baselines_full_20260718,seasonal_naive_weekly,3,30,35,2026-02-13 14:30:00,2026-02-13 15:00:00,1,112.0,160.0,48.0,48.0,2304.0,LABORAL,15,False
freeze_20260610_192142,baselines_full_20260718,seasonal_naive_weekly,3,30,35,2026-02-14 06:00:00,2026-02-14 06:30:00,1,216.0,130.0,-86.0,86.0,7396.0,SABADO,6,False
freeze_20260610_192142,baselines_full_20260718,seasonal_naive_weekly,3,30,35,2026-02-16 03:30:00,2026-02-16 04:00:00,1,50.0,57.0,7.0,7.0,49.0,LABORAL,4,False
freeze_20260610_192142,baselines_full_20260718,seasonal_naive_weekly,3,30,35,2026-02-16 14:30:00,2026-02-16 15:00:00,1,109.0,104.0,-5.0,5.0,25.0,LABORAL,15,False
freeze_20260610_192142,baselines_full_20260718,seasonal_naive_weekly,3,30,36,2026-02-17 12:30:00,2026-02-17 13:00:00,1,107.0,120.0,13.0,13.0,169.0,LABORAL,13,False
freeze_20260610_192142,baselines_full_20260718,seasonal_naive_weekly,3,30,36,2026-02-17 16:30:00,2026-02-17 17:00:00,1,68.0,30.0,-38.0,38.0,1444.0,LABORAL,17,False
freeze_20260610_192142,baselines_full_20260718,seasonal_naive_weekly,3,30,36,2026-02-18 04:30:00,2026-02-18 05:00:00,1,264.0,214.0,-50.0,50.0,2500.0,LABORAL,5,False
freeze_20260610_192142,baselines_full_20260718,seasonal_naive_weekly,3,30,36,2026-02-18 06:00:00,2026-02-18 06:30:00,1,196.0,216.0,20.0,20.0,400.0,LABORAL,6,False
freeze_20260610_192142,baselines_full_20260718,seasonal_naive_weekly,3,30,36,2026-02-18 16:00:00,2026-02-18 16:30:00,1,48.0,69.0,21.0,21.0,441.0,LABORAL,16,False
freeze_20260610_192142,baselines_full_20260718,seasonal_naive_weekly,3,30,36,2026-02-19 05:00:00,2026-02-19 05:30:00,1,207.0,210.0,3.0,3.0,9.0,LABORAL,5,False
freeze_20260610_192142,baselines_full_20260718,seasonal_naive_weekly,3,30,36,2026-02-20 05:00:00,2026-02-20 05:30:00,1,223.0,282.0,59.0,59.0,3481.0,LABORAL,5,False
freeze_20260610_192142,baselines_full_20260718,seasonal_naive_weekly,3,30,36,2026-02-21 14:30:00,2026-02-21 15:00:00,1,58.0,95.0,37.0,37.0,1369.0,SABADO,15,False
freeze_20260610_192142,baselines_full_20260718,seasonal_naive_weekly,3,30,36,2026-02-22 09:00:00,2026-02-22 09:30:00,1,27.0,31.0,4.0,4.0,16.0,DOMINGO,9,False
freeze_20260610_192142,baselines_full_20260718,seasonal_naive_weekly,3,30,36,2026-02-23 10:30:00,2026-02-23 11:00:00,1,104.0,104.0,0.0,0.0,0.0,LABORAL,11,False
freeze_20260610_192142,baselines_full_20260718,seasonal_naive_weekly,3,30,36,2026-02-23 12:00:00,2026-02-23 12:30:00,1,176.0,131.0,-45.0,45.0,2025.0,LABORAL,12,False
freeze_20260610_192142,baselines_full_20260718,seasonal_naive_weekly,3,30,36,2026-02-25 06:00:00,2026-02-25 06:30:00,1,178.0,196.0,18.0,18.0,324.0,LABORAL,6,False
freeze_20260610_192142,baselines_full_20260718,seasonal_naive_weekly,3,30,36,2026-02-25 12:30:00,2026-02-25 13:00:00,1,162.0,141.0,-21.0,21.0,441.0,LABORAL,13,False
freeze_20260610_192142,baselines_full_20260718,seasonal_naive_weekly,3,30,36,2026-02-26 14:00:00,2026-02-26 14:30:00,1,66.0,127.0,61.0,61.0,3721.0,LABORAL,14,False
freeze_20260610_192142,baselines_full_20260718,seasonal_naive_weekly,3,30,36,2026-02-27 05:30:00,2026-02-27 06:00:00,1,238.0,289.0,51.0,51.0,2601.0,LABORAL,6,False
freeze_20260610_192142,baselines_full_20260718,seasonal_naive_weekly,3,30,36,2026-02-27 09:30:00,2026-02-27 10:00:00,1,149.0,130.0,-19.0,19.0,361.0,LABORAL,10,False
freeze_20260610_192142,baselines_full_20260718,seasonal_naive_weekly,3,30,36,2026-02-27 13:00:00,2026-02-27 13:30:00,1,140.0,151.0,11.0,11.0,121.0,LABORAL,13,False
freeze_20260610_192142,baselines_full_20260718,seasonal_naive_weekly,3,30,36,2026-02-27 14:00:00,2026-02-27 14:30:00,1,107.0,,,,,LABORAL,14,False
freeze_20260610_192142,baselines_full_20260718,seasonal_naive_weekly,3,30,36,2026-02-28 03:30:00,2026-02-28 04:00:00,1,33.0,38.0,5.0,5.0,25.0,SABADO,4,False
freeze_20260610_192142,baselines_full_20260718,seasonal_naive_weekly,3,30,36,2026-02-28 04:30:00,2026-02-28 05:00:00,1,123.0,167.0,44.0,44.0,1936.0,SABADO,5,False
freeze_20260610_192142,baselines_full_20260718,seasonal_naive_weekly,3,30,36,2026-03-01 07:30:00,2026-03-01 08:00:00,1,24.0,41.0,17.0,17.0,289.0,DOMINGO,8,False
freeze_20260610_192142,baselines_full_20260718,seasonal_naive_weekly,3,30,36,2026-03-01 09:00:00,2026-03-01 09:30:00,1,33.0,27.0,-6.0,6.0,36.0,DOMINGO,9,False
freeze_20260610_192142,baselines_full_20260718,seasonal_naive_weekly,3,30,36,2026-03-01 11:30:00,2026-03-01 12:00:00,1,52.0,27.0,-25.0,25.0,625.0,DOMINGO,12,False
freeze_20260610_192142,baselines_full_20260718,seasonal_naive_weekly,3,30,36,2026-03-01 16:00:00,2026-03-01 16:30:00,1,21.0,,,,,DOMINGO,16,False
freeze_20260610_192142,baselines_full_20260718,seasonal_naive_weekly,3,30,36,2026-03-02 16:30:00,2026-03-02 17:00:00,1,52.0,35.0,-17.0,17.0,289.0,LABORAL,17,False
freeze_20260610_192142,baselines_full_20260718,seasonal_naive_weekly,3,30,37,2026-03-03 10:00:00,2026-03-03 10:30:00,1,109.0,142.0,33.0,33.0,1089.0,LABORAL,10,False
freeze_20260610_192142,baselines_full_20260718,seasonal_naive_weekly,3,30,37,2026-03-03 13:30:00,2026-03-03 14:00:00,1,120.0,187.0,67.0,67.0,4489.0,LABORAL,14,False
freeze_20260610_192142,baselines_full_20260718,seasonal_naive_weekly,3,30,37,2026-03-04 05:30:00,2026-03-04 06:00:00,1,303.0,274.0,-29.0,29.0,841.0,LABORAL,6,False
freeze_20260610_192142,baselines_full_20260718,seasonal_naive_weekly,3,30,37,2026-03-06 16:00:00,2026-03-06 16:30:00,1,99.0,81.0,-18.0,18.0,324.0,LABORAL,16,False
freeze_20260610_192142,baselines_full_20260718,seasonal_naive_weekly,3,30,37,2026-03-07 09:30:00,2026-03-07 10:00:00,1,86.0,126.0,40.0,40.0,1600.0,SABADO,10,False
freeze_20260610_192142,baselines_full_20260718,seasonal_naive_weekly,3,30,37,2026-03-10 13:30:00,2026-03-10 14:00:00,1,101.0,120.0,19.0,19.0,361.0,LABORAL,14,False
freeze_20260610_192142,baselines_full_20260718,seasonal_naive_weekly,3,30,37,2026-03-10 14:30:00,2026-03-10 15:00:00,1,49.0,143.0,94.0,94.0,8836.0,LABORAL,15,False
freeze_20260610_192142,baselines_full_20260718,seasonal_naive_weekly,3,30,37,2026-03-11 07:30:00,2026-03-11 08:00:00,1,199.0,86.0,-113.0,113.0,12769.0,LABORAL,8,False
freeze_20260610_192142,baselines_full_20260718,seasonal_naive_weekly,3,30,37,2026-03-12 13:30:00,2026-03-12 14:00:00,1,129.0,130.0,1.0,1.0,1.0,LABORAL,14,False
freeze_20260610_192142,baselines_full_20260718,seasonal_naive_weekly,3,30,37,2026-03-13 06:00:00,2026-03-13 06:30:00,1,226.0,215.0,-11.0,11.0,121.0,LABORAL,6,False
freeze_20260610_192142,baselines_full_20260718,seasonal_naive_weekly,3,30,37,2026-03-14 05:30:00,2026-03-14 06:00:00,1,209.0,236.0,27.0,27.0,729.0,SABADO,6,False
freeze_20260610_192142,baselines_full_20260718,seasonal_naive_weekly,3,30,37,2026-03-14 13:00:00,2026-03-14 13:30:00,1,39.0,37.0,-2.0,2.0,4.0,SABADO,13,False
freeze_20260610_192142,baselines_full_20260718,seasonal_naive_weekly,3,30,37,2026-03-15 04:30:00,2026-03-15 05:00:00,1,,,,,,DOMINGO,5,True
freeze_20260610_192142,baselines_full_20260718,seasonal_naive_weekly,3,30,37,2026-03-15 11:30:00,2026-03-15 12:00:00,1,38.0,,,,,DOMINGO,12,False
freeze_20260610_192142,baselines_full_20260718,seasonal_naive_weekly,3,30,38,2026-03-17 17:00:00,2026-03-17 17:30:00,1,,,,,,LABORAL,17,True
freeze_20260610_192142,baselines_full_20260718,seasonal_naive_weekly,3,30,38,2026-03-18 13:00:00,2026-03-18 13:30:00,1,163.0,141.0,-22.0,22.0,484.0,LABORAL,13,False
freeze_20260610_192142,baselines_full_20260718,seasonal_naive_weekly,3,30,38,2026-03-19 07:30:00,2026-03-19 08:00:00,1,95.0,143.0,48.0,48.0,2304.0,LABORAL,8,False
freeze_20260610_192142,baselines_full_20260718,seasonal_naive_weekly,3,30,38,2026-03-21 11:00:00,2026-03-21 11:30:00,1,97.0,,,,,SABADO,11,False
freeze_20260610_192142,baselines_full_20260718,seasonal_naive_weekly,3,30,38,2026-03-21 11:30:00,2026-03-21 12:00:00,1,116.0,109.0,-7.0,7.0,49.0,SABADO,12,False
freeze_20260610_192142,baselines_full_20260718,seasonal_naive_weekly,3,30,38,2026-03-23 04:00:00,2026-03-23 04:30:00,1,,148.0,,,,FESTIVO_PUENTE,4,True
freeze_20260610_192142,baselines_full_20260718,seasonal_naive_weekly,3,30,38,2026-03-25 07:30:00,2026-03-25 08:00:00,1,161.0,127.0,-34.0,34.0,1156.0,LABORAL,8,False
freeze_20260610_192142,baselines_full_20260718,seasonal_naive_weekly,3,30,38,2026-03-25 15:30:00,2026-03-25 16:00:00,1,59.0,115.0,56.0,56.0,3136.0,LABORAL,16,False
freeze_20260610_192142,baselines_full_20260718,seasonal_naive_weekly,3,30,38,2026-03-26 04:30:00,2026-03-26 05:00:00,1,243.0,276.0,33.0,33.0,1089.0,LABORAL,5,False
freeze_20260610_192142,baselines_full_20260718,seasonal_naive_weekly,3,30,38,2026-03-27 12:00:00,2026-03-27 12:30:00,1,140.0,153.0,13.0,13.0,169.0,LABORAL,12,False
freeze_20260610_192142,baselines_full_20260718,seasonal_naive_weekly,3,30,38,2026-03-28 07:00:00,2026-03-28 07:30:00,1,101.0,126.0,25.0,25.0,625.0,SABADO,7,False
freeze_20260610_192142,baselines_full_20260718,seasonal_naive_weekly,3,30,test_final,2026-04-03 04:30:00,2026-04-03 05:00:00,1,,217.0,,,,FESTIVO,5,True
freeze_20260610_192142,baselines_full_20260718,seasonal_naive_weekly,3,30,test_final,2026-04-03 07:30:00,2026-04-03 08:00:00,1,,156.0,,,,FESTIVO,8,True
freeze_20260610_192142,baselines_full_20260718,seasonal_naive_weekly,3,30,test_final,2026-04-03 11:30:00,2026-04-03 12:00:00,1,,126.0,,,,FESTIVO,12,True
freeze_20260610_192142,baselines_full_20260718,seasonal_naive_weekly,3,30,test_final,2026-04-04 07:30:00,2026-04-04 08:00:00,1,107.0,78.0,-29.0,29.0,841.0,SABADO,8,False
freeze_20260610_192142,baselines_full_20260718,seasonal_naive_weekly,3,30,test_final,2026-04-04 09:30:00,2026-04-04 10:00:00,1,31.0,106.0,75.0,75.0,5625.0,SABADO,10,False
freeze_20260610_192142,baselines_full_20260718,seasonal_naive_weekly,3,30,test_final,2026-04-05 07:30:00,2026-04-05 08:00:00,1,33.0,27.0,-6.0,6.0,36.0,DOMINGO,8,False
freeze_20260610_192142,baselines_full_20260718,seasonal_naive_weekly,3,30,test_final,2026-04-05 11:30:00,2026-04-05 12:00:00,1,21.0,30.0,9.0,9.0,81.0,DOMINGO,12,False
freeze_20260610_192142,baselines_full_20260718,seasonal_naive_weekly,3,30,test_final,2026-04-05 13:00:00,2026-04-05 13:30:00,1,,,,,,DOMINGO,13,True
freeze_20260610_192142,baselines_full_20260718,seasonal_naive_weekly,3,30,test_final,2026-04-05 15:30:00,2026-04-05 16:00:00,1,,,,,,DOMINGO,16,True
freeze_20260610_192142,baselines_full_20260718,seasonal_naive_weekly,3,30,test_final,2026-04-05 16:30:00,2026-04-05 17:00:00,1,,,,,,DOMINGO,17,True
freeze_20260610_192142,baselines_full_20260718,seasonal_naive_weekly,3,30,test_final,2026-04-06 16:00:00,2026-04-06 16:30:00,1,119.0,116.0,-3.0,3.0,9.0,LABORAL,16,False
freeze_20260610_192142,baselines_full_20260718,seasonal_naive_weekly,3,30,test_final,2026-04-07 13:30:00,2026-04-07 14:00:00,1,189.0,105.0,-84.0,84.0,7056.0,LABORAL,14,False
freeze_20260610_192142,baselines_full_20260718,seasonal_naive_weekly,3,30,test_final,2026-04-09 16:30:00,2026-04-09 17:00:00,1,41.0,,,,,LABORAL,17,False
freeze_20260610_192142,baselines_full_20260718,seasonal_naive_weekly,3,30,test_final,2026-04-10 17:00:00,2026-04-10 17:30:00,1,,,,,,LABORAL,17,True
freeze_20260610_192142,baselines_full_20260718,seasonal_naive_weekly,3,30,test_final,2026-04-12 11:30:00,2026-04-12 12:00:00,1,28.0,21.0,-7.0,7.0,49.0,DOMINGO,12,False
freeze_20260610_192142,baselines_full_20260718,seasonal_naive_weekly,3,30,test_final,2026-04-12 14:30:00,2026-04-12 15:00:00,1,,17.0,,,,DOMINGO,15,True
freeze_20260610_192142,baselines_full_20260718,seasonal_naive_weekly,3,30,test_final,2026-04-13 11:30:00,2026-04-13 12:00:00,1,126.0,198.0,72.0,72.0,5184.0,LABORAL,12,False
freeze_20260610_192142,baselines_full_20260718,seasonal_naive_weekly,3,30,test_final,2026-04-13 15:30:00,2026-04-13 16:00:00,1,105.0,125.0,20.0,20.0,400.0,LABORAL,16,False
freeze_20260610_192142,baselines_full_20260718,seasonal_naive_weekly,3,30,test_final,2026-04-19 08:00:00,2026-04-19 08:30:00,1,,24.0,,,,DOMINGO,8,True
freeze_20260610_192142,baselines_full_20260718,seasonal_naive_weekly,3,30,test_final,2026-04-19 09:30:00,2026-04-19 10:00:00,1,,38.0,,,,DOMINGO,10,True
freeze_20260610_192142,baselines_full_20260718,seasonal_naive_weekly,3,30,test_final,2026-04-20 11:30:00,2026-04-20 12:00:00,1,147.0,126.0,-21.0,21.0,441.0,LABORAL,12,False
freeze_20260610_192142,baselines_full_20260718,seasonal_naive_weekly,3,30,test_final,2026-04-22 17:30:00,2026-04-22 18:00:00,1,,,,,,LABORAL,18,True
freeze_20260610_192142,baselines_full_20260718,seasonal_naive_weekly,3,30,test_final,2026-04-25 11:30:00,2026-04-25 12:00:00,1,29.0,83.0,54.0,54.0,2916.0,SABADO,12,False
freeze_20260610_192142,baselines_full_20260718,seasonal_naive_weekly,3,30,test_final,2026-04-27 04:30:00,2026-04-27 05:00:00,1,339.0,294.0,-45.0,45.0,2025.0,LABORAL,5,False
freeze_20260610_192142,baselines_full_20260718,seasonal_naive_weekly,3,30,test_final,2026-04-27 05:00:00,2026-04-27 05:30:00,1,244.0,278.0,34.0,34.0,1156.0,LABORAL,5,False
freeze_20260610_192142,baselines_full_20260718,seasonal_naive_weekly,3,30,test_final,2026-04-27 10:00:00,2026-04-27 10:30:00,1,79.0,60.0,-19.0,19.0,361.0,LABORAL,10,False
freeze_20260610_192142,baselines_full_20260718,seasonal_naive_weekly,3,30,test_final,2026-04-28 03:30:00,2026-04-28 04:00:00,1,35.0,49.0,14.0,14.0,196.0,LABORAL,4,False
freeze_20260610_192142,baselines_full_20260718,seasonal_naive_weekly,3,30,test_final,2026-04-28 11:00:00,2026-04-28 11:30:00,1,137.0,135.0,-2.0,2.0,4.0,LABORAL,11,False
freeze_20260610_192142,baselines_full_20260718,seasonal_naive_weekly,3,30,test_final,2026-04-28 17:30:00,2026-04-28 18:00:00,1,,20.0,,,,LABORAL,18,True
freeze_20260610_192142,baselines_full_20260718,seasonal_naive_weekly,3,30,test_final,2026-04-29 15:30:00,2026-04-29 16:00:00,1,96.0,124.0,28.0,28.0,784.0,LABORAL,16,False
freeze_20260610_192142,baselines_full_20260718,seasonal_naive_weekly,3,30,test_final,2026-04-29 16:00:00,2026-04-29 16:30:00,1,70.0,55.0,-15.0,15.0,225.0,LABORAL,16,False
freeze_20260610_192142,baselines_full_20260718,seasonal_naive_weekly,3,30,test_final,2026-04-30 04:00:00,2026-04-30 04:30:00,1,124.0,119.0,-5.0,5.0,25.0,LABORAL,4,False
freeze_20260610_192142,baselines_full_20260718,seasonal_naive_weekly,3,30,test_final,2026-04-30 07:00:00,2026-04-30 07:30:00,1,145.0,169.0,24.0,24.0,576.0,LABORAL,7,False
freeze_20260610_192142,baselines_full_20260718,seasonal_naive_weekly,3,30,test_final,2026-04-30 09:30:00,2026-04-30 10:00:00,1,146.0,93.0,-53.0,53.0,2809.0,LABORAL,10,False
freeze_20260610_192142,baselines_full_20260718,seasonal_naive_weekly,3,30,test_final,2026-04-30 14:00:00,2026-04-30 14:30:00,1,136.0,,,,,LABORAL,14,False
freeze_20260610_192142,baselines_full_20260718,seasonal_naive_weekly,3,30,test_final,2026-04-30 16:00:00,2026-04-30 16:30:00,1,31.0,,,,,LABORAL,16,False
freeze_20260610_192142,baselines_full_20260718,seasonal_naive_weekly,3,30,test_final,2026-05-03 05:30:00,2026-05-03 06:00:00,1,,,,,,DOMINGO,6,True
freeze_20260610_192142,baselines_full_20260718,seasonal_naive_weekly,3,30,test_final,2026-05-06 09:30:00,2026-05-06 10:00:00,1,50.0,88.0,38.0,38.0,1444.0,LABORAL,10,False
freeze_20260610_192142,baselines_full_20260718,seasonal_naive_weekly,3,30,test_final,2026-05-07 03:30:00,2026-05-07 04:00:00,1,46.0,45.0,-1.0,1.0,1.0,LABORAL,4,False
freeze_20260610_192142,baselines_full_20260718,seasonal_naive_weekly,3,30,test_final,2026-05-07 05:00:00,2026-05-07 05:30:00,1,297.0,268.0,-29.0,29.0,841.0,LABORAL,5,False
freeze_20260610_192142,baselines_full_20260718,seasonal_naive_weekly,3,30,test_final,2026-05-07 12:30:00,2026-05-07 13:00:00,1,188.0,204.0,16.0,16.0,256.0,LABORAL,13,False
freeze_20260610_192142,baselines_full_20260718,seasonal_naive_weekly,3,30,test_final,2026-05-09 12:30:00,2026-05-09 13:00:00,1,71.0,53.0,-18.0,18.0,324.0,SABADO,13,False
freeze_20260610_192142,baselines_full_20260718,seasonal_naive_weekly,3,30,test_final,2026-05-09 14:00:00,2026-05-09 14:30:00,1,65.0,79.0,14.0,14.0,196.0,SABADO,14,False
freeze_20260610_192142,baselines_full_20260718,seasonal_naive_weekly,3,30,test_final,2026-05-10 07:30:00,2026-05-10 08:00:00,1,44.0,32.0,-12.0,12.0,144.0,DOMINGO,8,False
freeze_20260610_192142,baselines_full_20260718,seasonal_naive_weekly,3,30,test_final,2026-05-10 16:30:00,2026-05-10 17:00:00,1,,,,,,DOMINGO,17,True
freeze_20260610_192142,baselines_full_20260718,seasonal_naive_weekly,3,30,test_final,2026-05-11 04:30:00,2026-05-11 05:00:00,1,251.0,271.0,20.0,20.0,400.0,LABORAL,5,False
freeze_20260610_192142,baselines_full_20260718,seasonal_naive_weekly,3,30,test_final,2026-05-13 08:30:00,2026-05-13 09:00:00,1,41.0,87.0,46.0,46.0,2116.0,LABORAL,9,False
freeze_20260610_192142,baselines_full_20260718,seasonal_naive_weekly,3,30,test_final,2026-05-13 12:30:00,2026-05-13 13:00:00,1,146.0,143.0,-3.0,3.0,9.0,LABORAL,13,False
freeze_20260610_192142,baselines_full_20260718,seasonal_naive_weekly,3,30,test_final,2026-05-14 08:30:00,2026-05-14 09:00:00,1,156.0,196.0,40.0,40.0,1600.0,LABORAL,9,False
freeze_20260610_192142,baselines_full_20260718,seasonal_naive_weekly,3,30,test_final,2026-05-14 10:00:00,2026-05-14 10:30:00,1,99.0,62.0,-37.0,37.0,1369.0,LABORAL,10,False
freeze_20260610_192142,baselines_full_20260718,seasonal_naive_weekly,3,30,test_final,2026-05-14 16:30:00,2026-05-14 17:00:00,1,85.0,,,,,LABORAL,17,False
freeze_20260610_192142,baselines_full_20260718,seasonal_naive_weekly,3,30,test_final,2026-05-15 05:30:00,2026-05-15 06:00:00,1,278.0,345.0,67.0,67.0,4489.0,LABORAL,6,False
freeze_20260610_192142,baselines_full_20260718,seasonal_naive_weekly,3,30,test_final,2026-05-17 06:00:00,2026-05-17 06:30:00,1,,,,,,DOMINGO,6,True
freeze_20260610_192142,baselines_full_20260718,seasonal_naive_weekly,3,30,test_final,2026-05-17 11:30:00,2026-05-17 12:00:00,1,,,,,,DOMINGO,12,True
freeze_20260610_192142,baselines_full_20260718,seasonal_naive_weekly,3,30,test_final,2026-05-18 11:00:00,2026-05-18 11:30:00,1,19.0,204.0,185.0,185.0,34225.0,FESTIVO_PUENTE,11,False
freeze_20260610_192142,baselines_full_20260718,seasonal_naive_weekly,3,30,test_final,2026-05-19 07:30:00,2026-05-19 08:00:00,1,167.0,158.0,-9.0,9.0,81.0,LABORAL,8,False
freeze_20260610_192142,baselines_full_20260718,seasonal_naive_weekly,3,30,test_final,2026-05-19 08:00:00,2026-05-19 08:30:00,1,129.0,232.0,103.0,103.0,10609.0,LABORAL,8,False
freeze_20260610_192142,baselines_full_20260718,seasonal_naive_weekly,3,30,test_final,2026-05-20 07:30:00,2026-05-20 08:00:00,1,158.0,171.0,13.0,13.0,169.0,LABORAL,8,False
freeze_20260610_192142,baselines_full_20260718,seasonal_naive_weekly,3,30,test_final,2026-05-21 13:30:00,2026-05-21 14:00:00,1,,94.0,,,,LABORAL,14,True
freeze_20260610_192142,baselines_full_20260718,seasonal_naive_weekly,3,30,test_final,2026-05-22 11:30:00,2026-05-22 12:00:00,1,116.0,168.0,52.0,52.0,2704.0,LABORAL,12,False
freeze_20260610_192142,baselines_full_20260718,seasonal_naive_weekly,3,30,test_final,2026-05-23 12:30:00,2026-05-23 13:00:00,1,50.0,,,,,SABADO,13,False
freeze_20260610_192142,baselines_full_20260718,seasonal_naive_weekly,3,30,test_final,2026-05-24 11:30:00,2026-05-24 12:00:00,1,32.0,,,,,DOMINGO,12,False
freeze_20260610_192142,baselines_full_20260718,seasonal_naive_weekly,3,30,test_final,2026-05-27 09:00:00,2026-05-27 09:30:00,1,48.0,80.0,32.0,32.0,1024.0,LABORAL,9,False
freeze_20260610_192142,baselines_full_20260718,seasonal_naive_weekly,3,30,test_final,2026-05-27 16:00:00,2026-05-27 16:30:00,1,54.0,41.0,-13.0,13.0,169.0,LABORAL,16,False
freeze_20260610_192142,baselines_full_20260718,seasonal_naive_weekly,3,30,test_final,2026-05-28 07:00:00,2026-05-28 07:30:00,1,60.0,,,,,LABORAL,7,False
freeze_20260610_192142,baselines_full_20260718,seasonal_naive_weekly,3,30,test_final,2026-05-28 16:30:00,2026-05-28 17:00:00,1,36.0,,,,,LABORAL,17,False
freeze_20260610_192142,baselines_full_20260718,seasonal_naive_weekly,3,30,test_final,2026-05-29 07:00:00,2026-05-29 07:30:00,1,173.0,163.0,-10.0,10.0,100.0,LABORAL,7,False
freeze_20260610_192142,baselines_full_20260718,seasonal_naive_weekly,3,30,test_final,2026-05-31 04:00:00,2026-05-31 04:30:00,1,,,,,,DOMINGO,4,True
freeze_20260610_192142,baselines_full_20260718,seasonal_naive_weekly,3,30,test_final,2026-06-02 04:00:00,2026-06-02 04:30:00,1,167.0,166.0,-1.0,1.0,1.0,LABORAL,4,False
freeze_20260610_192142,baselines_full_20260718,seasonal_naive_weekly,3,30,test_final,2026-06-02 12:30:00,2026-06-02 13:00:00,1,105.0,64.0,-41.0,41.0,1681.0,LABORAL,13,False
freeze_20260610_192142,baselines_full_20260718,seasonal_naive_weekly,3,30,test_final,2026-06-06 03:30:00,2026-06-06 04:00:00,1,53.0,,,,,SABADO,4,False
freeze_20260610_192142,baselines_full_20260718,seasonal_naive_weekly,3,30,test_final,2026-06-07 06:30:00,2026-06-07 07:00:00,1,23.0,29.0,6.0,6.0,36.0,DOMINGO,7,False
freeze_20260610_192142,baselines_full_20260718,seasonal_naive_weekly,3,30,test_final,2026-06-10 06:00:00,2026-06-10 06:30:00,1,180.0,215.0,35.0,35.0,1225.0,LABORAL,6,False
